#
#model:
#
#<?xml version="1.0" encoding="UTF-8" standalone="no"?><input id="posterior" spec="beast.base.inference.CompoundDistribution">
#    <distribution id="prior" spec="beast.base.inference.CompoundDistribution">
#        <distribution id="birthDeath" spec="ssr.speciation.SRangesBirthDeathSkylineModel">
#            <parameter id="RealParameter" lower="0.0" name="intervalTimes" spec="beast.base.inference.parameter.RealParameter" upper="0.0">0.0</parameter>
#            <parameter id="origin" lower="0.0" name="origin" spec="beast.base.inference.parameter.RealParameter">427.538085850315</parameter>
#            <removalProbability id="Function$Constant" spec="beast.base.core.Function$Constant" value="0.0"/>
#            <parameter id="rho" lower="0.0" name="rho" spec="beast.base.inference.parameter.RealParameter">0.972266155271791</parameter>
#            <parameter id="samplingProportion" lower="0.0" name="samplingProportion" spec="beast.base.inference.parameter.RealParameter">0.742517947265878</parameter>
#            <parameter id="netDiversification" lower="0.0" name="netDiversification" spec="beast.base.inference.parameter.RealParameter">0.855412227939814</parameter>
#            <parameter id="turnOver" lower="0.0" name="turnOver" spec="beast.base.inference.parameter.RealParameter" upper="1.0">0.207254890212789</parameter>
#            <tree id="tree" nodetype="sr.evolution.tree.SRNode" spec="sr.evolution.tree.SRTree">
#                <stratigraphicRange id="r0" spec="sr.evolution.sranges.StratigraphicRange">
#                    <firstOccurrence id="t18_first" spec="beast.base.evolution.alignment.Taxon"/>
#                    <lastOccurrence idref="t18_first"/>
#                </stratigraphicRange>
#                <stratigraphicRange id="r1" spec="sr.evolution.sranges.StratigraphicRange">
#                    <firstOccurrence id="t6_first" spec="beast.base.evolution.alignment.Taxon"/>
#                    <lastOccurrence idref="t6_first"/>
#                </stratigraphicRange>
#                <stratigraphicRange id="r2" spec="sr.evolution.sranges.StratigraphicRange">
#                    <firstOccurrence id="t22_first" spec="beast.base.evolution.alignment.Taxon"/>
#                    <lastOccurrence idref="t22_first"/>
#                </stratigraphicRange>
#                <stratigraphicRange id="r3" spec="sr.evolution.sranges.StratigraphicRange">
#                    <firstOccurrence id="t15_first" spec="beast.base.evolution.alignment.Taxon"/>
#                    <lastOccurrence idref="t15_first"/>
#                </stratigraphicRange>
#                <stratigraphicRange id="r4" spec="sr.evolution.sranges.StratigraphicRange">
#                    <firstOccurrence id="t21_first" spec="beast.base.evolution.alignment.Taxon"/>
#                    <lastOccurrence idref="t21_first"/>
#                </stratigraphicRange>
#                <stratigraphicRange id="r5" spec="sr.evolution.sranges.StratigraphicRange">
#                    <firstOccurrence id="t13_first" spec="beast.base.evolution.alignment.Taxon"/>
#                    <lastOccurrence idref="t13_first"/>
#                </stratigraphicRange>
#                <stratigraphicRange id="r6" spec="sr.evolution.sranges.StratigraphicRange">
#                    <firstOccurrence id="t14_first" spec="beast.base.evolution.alignment.Taxon"/>
#                    <lastOccurrence idref="t14_first"/>
#                </stratigraphicRange>
#                <stratigraphicRange id="r7" spec="sr.evolution.sranges.StratigraphicRange">
#                    <firstOccurrence id="t7_first" spec="beast.base.evolution.alignment.Taxon"/>
#                    <lastOccurrence idref="t7_first"/>
#                </stratigraphicRange>
#                <stratigraphicRange id="r8" spec="sr.evolution.sranges.StratigraphicRange">
#                    <firstOccurrence id="t8_first" spec="beast.base.evolution.alignment.Taxon"/>
#                    <lastOccurrence idref="t8_first"/>
#                </stratigraphicRange>
#                <stratigraphicRange id="r9" spec="sr.evolution.sranges.StratigraphicRange">
#                    <firstOccurrence id="t2_first" spec="beast.base.evolution.alignment.Taxon"/>
#                    <lastOccurrence idref="t2_first"/>
#                </stratigraphicRange>
#                <stratigraphicRange id="r10" spec="sr.evolution.sranges.StratigraphicRange">
#                    <firstOccurrence id="t19_first" spec="beast.base.evolution.alignment.Taxon"/>
#                    <lastOccurrence idref="t19_first"/>
#                </stratigraphicRange>
#                <stratigraphicRange id="r11" spec="sr.evolution.sranges.StratigraphicRange">
#                    <firstOccurrence id="t3_first" spec="beast.base.evolution.alignment.Taxon"/>
#                    <lastOccurrence idref="t3_first"/>
#                </stratigraphicRange>
#                <stratigraphicRange id="r12" spec="sr.evolution.sranges.StratigraphicRange">
#                    <firstOccurrence id="t10_first" spec="beast.base.evolution.alignment.Taxon"/>
#                    <lastOccurrence idref="t10_first"/>
#                </stratigraphicRange>
#                <stratigraphicRange id="r13" spec="sr.evolution.sranges.StratigraphicRange">
#                    <firstOccurrence id="t20_first" spec="beast.base.evolution.alignment.Taxon"/>
#                    <lastOccurrence idref="t20_first"/>
#                </stratigraphicRange>
#                <stratigraphicRange id="r14" spec="sr.evolution.sranges.StratigraphicRange">
#                    <firstOccurrence id="t17_first" spec="beast.base.evolution.alignment.Taxon"/>
#                    <lastOccurrence idref="t17_first"/>
#                </stratigraphicRange>
#                <stratigraphicRange id="r15" spec="sr.evolution.sranges.StratigraphicRange">
#                    <firstOccurrence id="t12_first" spec="beast.base.evolution.alignment.Taxon"/>
#                    <lastOccurrence idref="t12_first"/>
#                </stratigraphicRange>
#                <stratigraphicRange id="r16" spec="sr.evolution.sranges.StratigraphicRange">
#                    <firstOccurrence id="t1_first" spec="beast.base.evolution.alignment.Taxon"/>
#                    <lastOccurrence idref="t1_first"/>
#                </stratigraphicRange>
#                <stratigraphicRange id="r17" spec="sr.evolution.sranges.StratigraphicRange">
#                    <firstOccurrence id="t4_first" spec="beast.base.evolution.alignment.Taxon"/>
#                    <lastOccurrence idref="t4_first"/>
#                </stratigraphicRange>
#                <trait id="dateTrait.t:tree" spec="beast.base.evolution.tree.TraitSet" traitname="date-backward">
#                    t18_first=0, t6_first=0, t22_first=0, t15_first=0, t21_first=0, t13_first=0, t14_first=0, t7_first=0, t8_first=0, t2_first=0, t19_first=0, t3_first=1.23190027669611, t10_first=0, t20_first=0, t17_first=0, t12_first=0, t1_first=0, t4_first=1.69316713967937
#                                    <taxa id="taxonSet" spec="beast.base.evolution.alignment.TaxonSet">
#                        <taxon idref="t18_first"/>
#                        <taxon idref="t6_first"/>
#                        <taxon idref="t22_first"/>
#                        <taxon idref="t15_first"/>
#                        <taxon idref="t21_first"/>
#                        <taxon idref="t13_first"/>
#                        <taxon idref="t14_first"/>
#                        <taxon idref="t7_first"/>
#                        <taxon idref="t8_first"/>
#                        <taxon idref="t2_first"/>
#                        <taxon idref="t19_first"/>
#                        <taxon idref="t3_first"/>
#                        <taxon idref="t10_first"/>
#                        <taxon idref="t20_first"/>
#                        <taxon idref="t17_first"/>
#                        <taxon idref="t12_first"/>
#                        <taxon idref="t1_first"/>
#                        <taxon idref="t4_first"/>
#                    </taxa>
#                </trait>
#                <taxonset idref="taxonSet"/>
#            </tree>
#        </distribution>
#        <prior id="originPrior" name="distribution" x="@origin">
#            <Uniform id="Uniform.origin" lower="1.0" name="distr" upper="1000.0"/>
#        </prior>
#        <prior id="netDiversificationPrior" name="distribution" x="@netDiversification">
#            <Uniform id="Uniform.div" lower="0.7" name="distr" upper="0.9"/>
#        </prior>
#        <prior id="turnoverPrior" name="distribution" x="@turnOver">
#            <Uniform id="Uniform.turnover" lower="0.2" name="distr" upper="0.8"/>
#        </prior>
#        <prior id="samplingProportionPrior" name="distribution" x="@samplingProportion">
#            <Uniform id="Uniform.samplingProportion" lower="0.2" name="distr" upper="0.8"/>
#        </prior>
#        <prior id="rhoPrior" name="distribution" x="@rho">
#            <Uniform id="Uniform.rho" lower="0.7" name="distr"/>
#        </prior>
#    </distribution>
#</input>
#
Sample	TreeHeight	origin	netDiversification	turnOver	samplingProportion	rho	posterior
0	5.320815154172237	427.538085850315	0.866050452180737	0.7979114954687636	0.2757603247984481	0.972266155271791	-2050.4018431343443
5000	3.890870085210938	45.73529045895534	0.7000703111674993	0.20888957614390072	0.2556586240317795	0.7348476397792273	-74.57765925718223
10000	3.1952044416221668	5.444987863371743	0.8597319251004634	0.2502608333622415	0.21014024150130792	0.8473878246716331	-27.725666400745872
15000	4.1237403164029365	4.842317655655144	0.8402141166803693	0.41241554552905246	0.21743184048063738	0.7903430325080671	-32.492442044936816
20000	4.179210526222404	5.890743776846213	0.7452159186003919	0.2321213096105573	0.35149541480856106	0.7079054886435316	-39.64087982287081
25000	2.163469379628192	2.2690648944732157	0.8867942121091354	0.2098749380115511	0.5210949716065769	0.7794251687577559	-27.982741273522297
30000	2.4461277161856283	2.5345832172807365	0.8453196831359954	0.21563354021650274	0.4333896838674355	0.9578846280923481	-30.4406249855852
35000	1.8156221899239071	1.9851320509461803	0.8454808798201561	0.5235328874392726	0.24765326398306892	0.8181865877301591	-15.955721836180103
40000	3.0785749742733297	3.909856781427178	0.8462764615489753	0.37163346012225834	0.2595889589731263	0.7010959252300739	-34.592732534700275
45000	2.5026753764470686	2.807125179867735	0.8095455525739109	0.27330584018374443	0.34041495846409175	0.8713829280852446	-31.202583505501032
50000	2.4817302744960337	3.1215046436876728	0.7740885807664724	0.34778651391174376	0.3197400486891714	0.7930990959737619	-29.732716118684703
55000	2.025469732520147	2.4209293560919387	0.753116742225397	0.2761034340984677	0.2371742876097315	0.8631049887535185	-28.347109100286314
60000	1.9607252422817085	5.291773372907554	0.8105386489176126	0.25937917528419957	0.39007163591936667	0.7414665157591652	-30.393901677526134
65000	2.014299557002169	2.765361928273664	0.7408506492275521	0.2511011442121598	0.30743121330097695	0.8865883311161833	-24.085215545119656
70000	2.8225210161287855	2.8489290835350625	0.711275635501864	0.35925540787043136	0.20269253548499813	0.7416523356272475	-31.272140204768277
75000	2.1136872425850424	2.498356266298709	0.8730449248938871	0.20438905084370404	0.3701117713759395	0.713516003465795	-31.8880833425523
80000	2.1445769692922996	3.3723027149504086	0.855830129563487	0.3178889325782005	0.2526621814343867	0.7668995906815157	-30.13431779645601
85000	1.69316713967937	2.4687479493232645	0.8084381268233943	0.3470266370224842	0.23170786192090148	0.8986427173920817	-26.49969299382581
90000	2.5325496473586515	3.6769135469899608	0.8592509753042763	0.5209397162516642	0.23810088318629824	0.9652207639012551	-28.608359843060374
95000	4.057832750259311	5.362140510794148	0.8279492437929133	0.2381588282991703	0.2589252550067561	0.7392036892098119	-38.10693543035339
100000	3.603573756821505	4.44891477293122	0.7981130250035358	0.24608018800093637	0.2752749929760726	0.7580959831644712	-36.076538014925646
105000	3.2711125894191824	3.7477462201871394	0.7656245689286979	0.2966458101152481	0.2761829875801492	0.8991939649783586	-34.88778885199745
110000	3.3239331557273726	4.917186717600003	0.7272322640974683	0.3447788834964114	0.2339032306007994	0.8511933032694131	-33.0105506027528
115000	2.642272592469756	5.520215646615845	0.7879132088935358	0.4097584965114392	0.24701550052751062	0.7112508235119993	-28.388386367389376
120000	2.063126832547408	2.1419939008180204	0.8115276003626799	0.4123762915197586	0.3541532016258841	0.9053078682712673	-23.815476607628728
125000	2.343102019046333	2.446329291109007	0.8670512612650616	0.33045604682737856	0.23650953511331396	0.7004030606336742	-32.80299979986178
130000	1.7667149613046624	2.035596297337593	0.828788847702486	0.5628770570082172	0.22964383305141528	0.8560303365175661	-19.775958646318188
135000	2.4809117598282335	4.068546680396177	0.8438988113789289	0.24083900005225806	0.32006942763367213	0.7884591000406319	-27.893806291555496
140000	2.342909124095748	3.1312776720020414	0.7870861656497515	0.41380209416539987	0.2458816465143849	0.8399701415131705	-30.68223126360687
145000	2.2934470411892702	2.837020726967624	0.7336571395210555	0.37237437006391566	0.39024522046841104	0.958740764368763	-27.514730675954546
150000	4.086398165847754	5.114895022213664	0.7483337032113452	0.2365772131030284	0.26611403990308924	0.7921887237762509	-35.30559179555847
155000	2.0203026437005267	2.1337472473706653	0.8457894352615652	0.4980709086620369	0.2924153544171998	0.802110823290033	-26.272804539471245
160000	2.0176583740293443	3.0124350071202066	0.8108207466620103	0.4085114056198443	0.2501223072813321	0.8538103250277451	-25.56626812521517
165000	3.1351867988880695	5.7954175393712095	0.8677033152748733	0.24067015916783438	0.2997548981456359	0.8240199474479369	-42.30883699141178
170000	2.526838374662843	2.6861128580987854	0.8968586467189583	0.3671288029669644	0.2637573777052789	0.9332426674070478	-25.922009878565586
175000	2.0257900730393605	4.232529137540515	0.8462406531829134	0.40559190326713157	0.351937051958399	0.7472139259359768	-30.914123785545286
180000	3.707269692267901	4.255453257207932	0.8861433580033399	0.2845683496700812	0.40280549309928476	0.907658714297289	-28.70342406580843
185000	2.1080647425765213	2.5571930646037115	0.7846526327456547	0.25325789371022356	0.34021214761486834	0.8358266750418611	-28.535179697767976
190000	2.316114707744434	5.1565540024703225	0.7126198472396731	0.3546157131411599	0.22176883572321504	0.9068335405109841	-30.593666625369313
195000	2.4979881918183606	2.7071241078092774	0.7760572962054016	0.38768548051070767	0.2181285150634838	0.7494947400871466	-28.70271492672079
200000	4.0958084766000935	4.595839190033852	0.8445550704970091	0.333032754252081	0.42739903394561923	0.8569479184638749	-33.991655484195306
205000	2.29961474689651	3.9763965246829036	0.7975573098460923	0.219110538165326	0.3128124068040044	0.7215041743746662	-30.633840328986
210000	2.955761750795949	4.40146824652015	0.72709548363996	0.39164820338280765	0.33082317807078526	0.8284626248438224	-32.33308607746227
215000	2.129911443971253	2.1552509868179595	0.7203918341112765	0.3913880364163373	0.2036695069401661	0.8356565984535642	-23.954929364545837
220000	3.6346955924197224	6.248787648229203	0.7322432542199298	0.24501585202705795	0.20526287533596788	0.8512872893726021	-38.70614071167008
225000	3.0908714179126515	6.558361359657771	0.8495011374193281	0.27808943391579016	0.36276265212629655	0.9341342473396672	-34.40109610509093
230000	1.9823658213630162	2.443727508834679	0.7247225416843299	0.4403497330326932	0.303179554492244	0.9372296509748786	-20.401163268001255
235000	4.178414542026712	6.213270404217755	0.7010620378298339	0.3264793736944334	0.27213959242955366	0.9035855726362213	-33.7942815838395
240000	3.147464019207111	3.6863485258672344	0.7682344373928022	0.4157602746872204	0.38586413550571425	0.9655421878175288	-28.13528673754533
245000	2.5958531298799774	3.612753583600133	0.7798026711089604	0.28249808992318765	0.2952529893948925	0.9508818531968166	-26.884884550227028
250000	3.396843326116764	3.6536379917829107	0.719229485681407	0.3515931123554999	0.43414560056945495	0.8416705608291373	-34.58965317508132
255000	2.7486742494854695	3.004930291099865	0.8288647266431213	0.30903613070429187	0.32021377295235587	0.8317147020823271	-30.210560911083185
260000	2.3624314847459824	4.800390762760134	0.836460946830288	0.3836809014125111	0.2149094048481981	0.9260463503243661	-31.41322144023141
265000	1.69316713967937	3.4613201160949574	0.8666233261355735	0.40420369669758405	0.26463739350696563	0.7910408524111172	-25.353202945662463
270000	2.2682941069601585	3.44402704364313	0.8223925990570073	0.5607044390965181	0.20493013984256397	0.76486758453854	-28.320722631184797
275000	1.7154712702538362	3.24302906899251	0.8458416149153534	0.5153308856193987	0.33173570658541535	0.9863500083831119	-13.853121988214944
280000	4.37506349669152	5.192693688849021	0.717065127870496	0.2610617100990893	0.33727460163024875	0.9047281249854329	-40.56876286791436
285000	1.8201049294340408	2.899555499572562	0.7058998480191299	0.2968041481202156	0.4316796299107711	0.9244131009886033	-25.917439702665675
290000	3.0927546153814354	3.535519815770941	0.8515595174608931	0.3216202375093898	0.22919570111807447	0.8336207450393691	-30.655030328896128
295000	2.634838181091312	3.0538766012921106	0.796015928266016	0.4554711499863776	0.22260788458818115	0.7463318133410267	-28.284220372243478
300000	3.710046614999941	4.752475345384952	0.7644796461953416	0.29359981244291133	0.36272690401788643	0.8633419514466911	-48.294423367546415
305000	2.0480392425057485	2.1691899138786495	0.8934557394581784	0.4622728577986718	0.2221731730379471	0.9334855923210266	-26.9377778666677
310000	2.3933373920545713	2.6502671040476473	0.8735230372545478	0.37046287291619256	0.31226980845644337	0.9191312225778933	-28.03610556099498
315000	2.325505417843624	3.7304935596942497	0.8126382445381595	0.38140227733377413	0.25460149415837846	0.7451926845973145	-33.07452440356207
320000	2.052039878397977	2.616947969719664	0.8556700170814426	0.3970103071458417	0.22084916933277532	0.8612371244627696	-19.541321342310525
325000	2.5489833558357873	3.3170736435934107	0.8486248688593718	0.45325819177242493	0.34903924596038294	0.8529513785488156	-26.652784663320034
330000	2.121891851279829	2.876141255335891	0.8915302739713082	0.2792932307339167	0.23430694373476457	0.7473522174177856	-25.630744232625513
335000	1.7665373215392852	1.9538232400579205	0.7285956391278168	0.6770378882214724	0.2130713971506008	0.8796867308647311	-16.795929488631366
340000	2.022532692467519	2.1212475223150986	0.8695448606486665	0.376117030354782	0.29362671719597583	0.8093665565031619	-28.597288585371647
345000	1.969677163642346	2.3396668828482596	0.8173032119624482	0.46139817457105187	0.21291907984899128	0.9022763138016018	-26.549454281246213
350000	2.8111990215223854	3.8599295185742633	0.7215659009382661	0.3653903459337359	0.27682093089091026	0.8199670877572867	-30.741269469823106
355000	2.092768400312562	2.7783573132434656	0.7499501183737846	0.5191466061262946	0.31117949523450417	0.961419828364031	-27.685989831607195
360000	2.0083104980227175	6.7795424312470205	0.724763250083074	0.22226605342860595	0.3796886095175772	0.8028736747113057	-32.29590133457464
365000	2.8613453636691837	3.9273037037707796	0.8121619210776404	0.23129980876426656	0.24847209266548273	0.7470878858962158	-29.04201041049002
370000	3.0169390672500658	4.173011528493521	0.8003507881130849	0.37918516369488553	0.23797706396016693	0.7497487903353955	-33.59461676505851
375000	3.3732309107027474	3.7207001109149274	0.8991159521047709	0.36201363920233304	0.22620355813354653	0.8557515644343535	-29.820877052959112
380000	1.700012572060861	2.0178064026681075	0.7446114563344753	0.645527796408595	0.20190932731476663	0.8585864798652886	-17.240125404511637
385000	2.330483960597213	2.371844425276522	0.8412052054973264	0.2963322291513486	0.31919109514125393	0.8867589335053436	-27.83511752044566
390000	3.4852355083123343	3.6990591448208767	0.7696941477403959	0.2259593576201162	0.2216587954372901	0.7612776335523108	-35.49743796113664
395000	3.2801996397000046	4.806129979496346	0.7466912895070509	0.2392258766799874	0.27979595314417166	0.9005058816106423	-33.678768841760416
400000	3.414996212456449	4.327372511628944	0.7010818701799991	0.4260391281911303	0.2711507347092205	0.9488461216897147	-25.92231763277683
405000	1.69316713967937	2.0514518265282975	0.7579711104397289	0.3292697100516172	0.39354526424702485	0.95057116266554	-23.796802125564987
410000	3.164835797766809	5.490494174100398	0.8889242651848221	0.30148692687833567	0.33683515861536556	0.9048819824982357	-29.080414764517815
415000	2.319351832728348	2.9504357982912603	0.8169053120954712	0.23307626827182032	0.4463246152362845	0.7869167573028346	-27.59786047640824
420000	2.867534283722854	5.430346910624143	0.734364707505725	0.3909069428702801	0.29941824624711866	0.8063600449510225	-30.42234017158238
425000	1.865679927222997	2.69637748373986	0.7201955571128944	0.3856280856665503	0.29763749184661975	0.920924577312063	-25.54522304628964
430000	2.2191039049944425	2.3887496944032307	0.717309393797173	0.48513520126690973	0.27284924577279923	0.8067800977475624	-25.286785295728965
435000	2.8773036727615176	3.198725055563724	0.7936509044736181	0.24118574540532628	0.39922758111911405	0.7221322324413958	-34.08896396090954
440000	2.138105372466626	3.771250318842762	0.7284131966347764	0.28541409917799304	0.2687434786510505	0.9843892636754143	-27.41897422325903
445000	3.265390906948472	4.541388542687106	0.7506567936916332	0.2653174678382772	0.28612483222016866	0.7573598822470247	-34.20553723634577
450000	1.8939946903712137	2.601294836902495	0.7527230095880956	0.32276521763706	0.3980079548545982	0.9808454510852097	-27.08027634335769
455000	1.9931782807599103	3.209810963093308	0.8019412841191089	0.29765584879478735	0.215607050134078	0.9778819639292917	-19.357408943227018
460000	2.2984791605948662	4.084779932328787	0.8951878854841243	0.37059980245271706	0.2793883200103032	0.9389322702196135	-23.55541320827649
465000	1.9414800384376718	3.7302446041727757	0.7910552512938782	0.49142604109741805	0.28298774139409516	0.7821033432559011	-29.006367772238892
470000	1.7593614886942002	1.9880766349387764	0.7427908139004156	0.6274361725608365	0.24429420548791547	0.9142802960954283	-22.418091609051128
475000	2.3617945414049415	4.269340894961478	0.773932724176205	0.33266960658187955	0.24113430731055788	0.8000761440287673	-36.63926715421185
480000	2.0387196914624814	2.3094466427277327	0.7715473971026602	0.43850903672162894	0.22764763471169425	0.9241346414212324	-27.35495909648955
485000	1.8542157121666378	1.952619385196991	0.7662274981748955	0.3911681001899906	0.26369122035253784	0.742443602760222	-24.015339510757627
490000	2.299697344283941	3.5539103765429534	0.8391837533962363	0.444119261962598	0.21358889988534926	0.9379166303387086	-26.812616107513893
495000	2.603238212831676	3.4187515203596215	0.8157885602682212	0.24539186811463926	0.2356214459217897	0.8563937738340696	-28.944853426145638
500000	4.158237109546889	4.375503914880074	0.8860905356967628	0.4464998046035252	0.2007504549214771	0.8486112500993659	-33.01236647351869
505000	4.1452771672265	5.263949012318703	0.7623230485679322	0.3132623439099686	0.2043485523219016	0.7765024347539319	-38.18362272418123
510000	2.5589356110010684	3.217060192420938	0.7103021445971873	0.27837669066245185	0.40449605043237374	0.8946005907098141	-29.278889770513057
515000	3.054181016924418	6.330682156790557	0.7344156161368108	0.3924066452619145	0.24527603457286937	0.794425725977406	-32.16195963141719
520000	2.7880123796591088	6.001711483362464	0.7619108496769543	0.37201248682193466	0.22192724460643498	0.7965697114700894	-36.0073066581298
525000	5.153991232531255	6.435085517400608	0.739490130552096	0.21727688028145858	0.4176858494893357	0.901375712224372	-42.65619952994136
530000	2.6511257042633822	3.6590668401989745	0.8125647998746077	0.4033537000160031	0.25474891437349256	0.7281134819227548	-29.19720978114265
535000	2.9704189991047145	4.169832272411264	0.8287397359257029	0.22288183020069616	0.39207940026960314	0.9482559349174107	-32.024572386329744
540000	2.730019058420867	3.1858495896787784	0.7644780658395169	0.39823553404973067	0.2171909077133517	0.9227446964846245	-28.147687772219882
545000	2.6054264645657184	4.215859772571394	0.8146776677329769	0.2653438086392757	0.4078418165836816	0.9518347251907169	-31.526415909523784
550000	2.0514433031207053	2.078447456906743	0.8062496515514012	0.3821939282047617	0.2646813352374254	0.8165412708797699	-25.397287910587902
555000	1.9113269871605332	2.4822058468878185	0.7012579363026511	0.2162109633384185	0.4755901606585775	0.7853176726428075	-26.286594025466428
560000	2.0022765377842755	3.056277094371605	0.8815211519906043	0.38694059877717085	0.27982090087954264	0.8912810077158473	-20.66348456540556
565000	3.0304277236054746	3.602523368554592	0.8333596475179703	0.2554791532059733	0.35238650492981544	0.8839884532868085	-34.91372542910855
570000	1.780146537062965	2.155064760700453	0.8157537489036365	0.4670085766490837	0.28272146315582086	0.865384767098406	-25.242457035305137
575000	2.0865511471634046	2.4592446158902788	0.8141060671812304	0.47970788977744094	0.22545802764893483	0.8643194112138908	-23.869170325658207
580000	1.69316713967937	1.8997064561926595	0.7723142468352231	0.5457220401401665	0.25531913485998176	0.7910294882279733	-19.449066979806116
585000	2.3409913010433177	3.191849650631294	0.8871426804219833	0.33725986054311047	0.25480536497264805	0.9689596146188229	-28.432295741702955
590000	2.38944392825605	2.741091528843768	0.8558217096909853	0.3515273040508948	0.21234096202773758	0.7494987735017162	-27.723305783855366
595000	2.408425379480561	2.722074136804958	0.8432769384190768	0.2043362854875916	0.48168833532559563	0.8608039858925663	-30.428723296368045
600000	2.7703800821176077	5.4308135026583955	0.8116208672141194	0.260138662197415	0.20307479827901842	0.828396892112666	-35.454906724151144
605000	1.69316713967937	2.2404855571222697	0.8856102052281823	0.5341306527569761	0.2987078061143436	0.8363308462191476	-18.890085449376414
610000	1.9999518061077686	2.428009545169871	0.8691973609648607	0.2654909240818219	0.42539519041064094	0.8079267726905596	-28.73703935745159
615000	2.9124681911362513	3.0022237548758937	0.8534539051153531	0.30109990073617393	0.3141118093649123	0.8315978371646617	-31.247381052647228
620000	1.801262723236615	2.084838607025143	0.7888513041195646	0.561639726825962	0.25450748743721957	0.9620509909545392	-21.87986769496371
625000	1.69316713967937	1.7431206116626654	0.7370528433282082	0.5827949235022492	0.24735786495231324	0.7530781350325395	-20.785286393798796
630000	1.8327054700850656	2.319258580401124	0.751381689811984	0.3079804927225818	0.2130925222958175	0.9528383914269257	-28.031785753382934
635000	3.263012962566475	3.598861940503276	0.8855832795939879	0.3953870778136445	0.23113877254064014	0.9045980127376096	-30.188133520008456
640000	3.116879639008367	3.3526342260617477	0.7845606093688325	0.49300146075321943	0.20911578851526427	0.9619736957572962	-27.989508595499164
645000	2.4463473773281095	2.907412854694985	0.8361850057256287	0.3226308520182444	0.2116261187966321	0.8641912724611761	-26.123917960038277
650000	3.0205269480958066	4.445430773718112	0.7891822370722088	0.3043417036261091	0.28291883731796275	0.9290828932184134	-30.29164448478586
655000	2.6179666548808678	4.916001416934543	0.7612635450064815	0.2205747992390974	0.5701363791009151	0.8215578294859462	-33.99840766871275
660000	2.8910834518185577	3.008814134314911	0.8418949741866328	0.4171891032085246	0.21817061266532145	0.8345241810803802	-30.331846987027415
665000	2.799673555524699	2.8479998678295924	0.7008814586563288	0.40003074722126253	0.2491361962606308	0.8239948861711116	-29.721187513903775
670000	2.2362141290271986	2.4275923683745804	0.8915838119036363	0.3136753747379963	0.2695288770678157	0.8639146503142214	-30.256165986225348
675000	2.570385416175455	3.500941706360392	0.7239930598049463	0.4970957444323998	0.24550893240785757	0.7778429279013381	-28.095500658499073
680000	2.773167558318801	3.9294315979120054	0.838235415446777	0.35193804737152207	0.22942083400444296	0.9297240305678481	-35.025508765452685
685000	3.386727187699542	3.5690801703658126	0.7341904328767919	0.21051501883258758	0.3739876039572943	0.761175245370394	-31.49514445721764
690000	3.2748705567956558	3.883722239338164	0.7793426918075288	0.2870052226651182	0.3300968356387907	0.8838686612799008	-29.719460583663686
695000	2.376651974635349	3.8257508279925965	0.8006314635599106	0.30102104933121215	0.288871930259023	0.7573588134641301	-29.853653970350543
700000	2.559572057451623	4.531479032227837	0.7330763535452969	0.4004277649483362	0.2881668635522295	0.9438819543508162	-28.255421344726177
705000	2.742669263531989	3.202591754091497	0.7047398448251437	0.30085391678401896	0.30367006971572996	0.8729447212309286	-35.094336280146216
710000	2.849995889564329	3.6877954072511834	0.820065375919553	0.3924418310087924	0.4154098780954729	0.8734934806436648	-26.500505081375366
715000	2.1956682781845633	3.3135949940077523	0.8937524401135555	0.3509243564730082	0.2852869879636131	0.9265611830971154	-27.77875786940875
720000	2.3714421148264746	3.2421796220298793	0.8565949796197178	0.41060869012897544	0.2702765140492569	0.8059204157120804	-28.835568986141777
725000	2.4139802968328143	2.791609453124241	0.7665331213789878	0.30493076589161827	0.4138323212967986	0.7993759136783353	-28.239808838169875
730000	4.148249649901256	4.80531894230616	0.793953603784691	0.2638360897730509	0.20107568366956094	0.8891347972231992	-34.382535093634395
735000	3.6415940885014577	4.1364819005677935	0.7847050942487054	0.24126088390702796	0.25070387743743916	0.7818113546756124	-36.22347931457418
740000	1.7088006985137985	3.4282495726916817	0.8974589070316767	0.3082402234666243	0.27747983152947436	0.9855652889336864	-26.630087011196597
745000	1.9952897210276601	2.015554636162343	0.8831980568319211	0.3865338749692008	0.34405946493623235	0.9964512428415342	-18.152208214880076
750000	2.064099832814318	2.7435361746153806	0.7944980750025168	0.5926064720029711	0.2492435154917217	0.8307441884224812	-28.263311882388475
755000	3.97972220336259	4.048670634515424	0.8294503806047269	0.2728477372878786	0.21029258400903245	0.7138765772223554	-36.00599296471053
760000	4.044885682797706	4.445640178952976	0.8426612689968751	0.36816300925691425	0.2690952201197701	0.768172099232216	-40.05940846436117
765000	2.3440335079246326	3.601966121032473	0.7404763403741373	0.21608699928967035	0.22625792256441127	0.7914682136460582	-29.85483534029425
770000	1.69316713967937	1.9797916189464968	0.7738756390558226	0.7112651509563159	0.25622642714012994	0.9876751960491803	-8.946036085820083
775000	1.7476420586332728	1.7838767140803922	0.885608142479082	0.3761453523500188	0.3249635474449754	0.996758570163673	-22.254772917887433
780000	2.8432394257590508	2.9863573244637855	0.8336212887768887	0.3042356982970678	0.22355029615884314	0.9365044119889394	-28.21837797822096
785000	3.02139610500708	4.9149962079539655	0.879972284499979	0.42027287303794003	0.25636469820972263	0.7751191924908809	-30.284123210445614
790000	3.991897245909195	4.185875220753987	0.8842645948853916	0.23892332071725067	0.2813880559095189	0.7865408578392868	-33.85759133511917
795000	3.542787524526153	4.311170221057422	0.7036731029352249	0.2619732733813304	0.20492507841089092	0.9293408411568422	-37.57971833689472
800000	2.747082253285394	5.303666624317988	0.724483242287728	0.42327496446132384	0.23172839192985206	0.8168462301933994	-28.49805201563218
805000	2.6544948486779183	4.171720564364656	0.829416465798432	0.3133414218774118	0.295875771741799	0.8083301843407207	-25.458879759079586
810000	1.69316713967937	2.5478575262595315	0.8644434378616197	0.46953403482571315	0.25875382814086917	0.9927668026517208	-23.54874292905999
815000	1.7369217632843967	1.859180135269378	0.8163276750429747	0.5479261552485872	0.2532501148314307	0.9688433833778252	-18.51921651617232
820000	4.847047745810249	5.837143444404911	0.7137101277843924	0.2674410809382375	0.22029163697145213	0.7084611580070325	-40.18872413099693
825000	4.2132100717238	5.080473535833001	0.8189040833997485	0.4001583421208201	0.322432726487011	0.8406751099151224	-35.54539344436296
830000	3.363175980690172	4.139496494094694	0.740156534980389	0.2104305510977754	0.3171887613001617	0.7830735568021615	-33.7551070842303
835000	2.5841041991234928	3.364645101167244	0.8301779812699409	0.28566228175764263	0.263119295964634	0.9212004709739284	-30.275361851816825
840000	2.6657821951637968	2.902026541138842	0.7709639761340207	0.3035943083440032	0.2298941559878373	0.799333117252669	-35.76510979453167
845000	5.114422154069412	7.317043585380815	0.7803109379786939	0.26848745429747334	0.2221381314862794	0.9802550865170352	-38.2302146990886
850000	1.8765439228211518	3.6352049896829914	0.7753311275113864	0.5034600599837177	0.24247634377542374	0.894900106507134	-20.715212641447867
855000	5.661169219833168	5.733830762980348	0.7182792677393105	0.27291982134996434	0.21914398216742598	0.7088182197493789	-36.10454065436475
860000	1.880562257403992	2.052452283956246	0.8439749429415385	0.3496942081057866	0.22417644882595142	0.7644177131438263	-25.81124668922896
865000	2.759270257281063	2.891653077728953	0.736997296238893	0.27292020923430693	0.20545296232329602	0.8982951986773632	-33.86187446620103
870000	1.8212625296888425	2.147532366916411	0.7733427735305556	0.5471617438122587	0.24934113178575482	0.9675613153226867	-22.644421323961645
875000	3.058955672802795	6.523300396332557	0.787950549852374	0.23211569159518755	0.3145558670773716	0.7964978979025484	-39.019270640411285
880000	2.7616915342324875	2.875375060689872	0.7048336823053968	0.3265755655919727	0.28140920284203697	0.9228666057633154	-29.535394696922996
885000	2.0827922601605025	2.112817186956555	0.820818266990083	0.40507061153141993	0.23250203758721105	0.8481784608618201	-27.413443272268434
890000	1.8252495758530707	2.9178390358627344	0.8505400723551688	0.6978178239937249	0.20862628384527393	0.716302748447847	-18.31198437985931
895000	2.6736392637375	3.167416555320023	0.7260565903754633	0.5845553369779156	0.2241245840057762	0.7012835176038793	-40.67499615235442
900000	2.784508323361934	3.0402261981896532	0.7033764132608694	0.35876170424983145	0.30309342289324687	0.7280602230573981	-33.849270577367236
905000	2.052356974068826	2.12735800721341	0.7133754716942524	0.5539219174099418	0.2132877756357001	0.8273037095147474	-22.77501599519994
910000	3.2405615371469514	4.0561668648150055	0.735206446477042	0.2082097369187015	0.4124326887067928	0.7922019255639426	-36.873478264057304
915000	2.3014464303931206	2.571232454952268	0.8364816872823607	0.3183916501769015	0.4762095082147295	0.7787526279079722	-28.222586815307206
920000	2.793788167115352	3.4954985152949773	0.8527461201632446	0.3876020504637425	0.21299684116193604	0.8207974527052033	-30.215060612009623
925000	2.6906924561838603	3.3965743081146815	0.7815944432682039	0.40698089686113065	0.4298768737004483	0.9391718311872496	-25.423484156934634
930000	2.5835554285266102	3.0486726085557585	0.7456755860760422	0.24092820637448295	0.31138455814771365	0.8600165388622679	-30.60222697790039
935000	3.439362720304723	5.399142232262258	0.774356553087511	0.366373713238989	0.23086564196057974	0.7284662865100013	-38.61047815361839
940000	4.061034252071698	4.114714790792011	0.8423123081651437	0.22997148868496933	0.24332298956260312	0.7614521950566833	-34.7410034275412
945000	2.1908927788645483	2.647393871207756	0.8044117480880235	0.5641455487965751	0.22721434586642641	0.8444313369989399	-31.29747458779815
950000	3.3527173465865268	3.6052399441667218	0.8392439333515072	0.26147705669982996	0.3125568496685893	0.7006992228551776	-30.541673730581113
955000	2.4453238150870504	3.181004182592338	0.804580403718796	0.5929204535046849	0.2275076449391902	0.7231511204379983	-22.345779662680684
960000	2.3471426309090564	3.736964950327703	0.8657594377133491	0.39980668116491175	0.3041422464144589	0.9947827037839909	-29.562585560684315
965000	2.2013102141037324	2.7535342879862803	0.8416855101609693	0.37160621431859303	0.31694908440498903	0.8586506670697972	-23.1024885727723
970000	3.5672152098065006	4.054119991674794	0.7362720975323517	0.27316671034832546	0.2352779412401032	0.8893281613487637	-33.626300454442564
975000	2.2734745371928446	2.518792589624787	0.7941566268744775	0.5247637820403748	0.2410332605745291	0.9744501098433596	-23.68808010631222
980000	2.6084418411057104	2.7581853163853216	0.8250100544049799	0.35185885491682883	0.20656484641102935	0.83911444746332	-24.42565710000966
985000	3.089362811499879	3.2252809320155165	0.7419049710770418	0.2534321481865129	0.2018841237773939	0.7723989134944967	-34.20735638212397
990000	1.69316713967937	2.2108867717041703	0.798283557146025	0.40355800726318103	0.2810541962988241	0.8976763785925305	-21.942200745968755
995000	1.9996177246380717	2.0102807690091855	0.8270771365539662	0.2835600471249983	0.416654639763625	0.7993462853858272	-30.61594514845922
1000000	3.1713289756828407	3.303442096517701	0.8554156621444476	0.40858657988954294	0.22057984580647755	0.7812402097617008	-25.991217018876885
1005000	3.176322738923032	5.202706907757273	0.7557983592364462	0.29789302910682774	0.2580211861085764	0.7318877596428398	-35.863101815466706
1010000	5.246741360671026	6.760640524675901	0.7168838077272524	0.43307912362367806	0.2811093728325128	0.7846335010134382	-45.79588893722315
1015000	5.24008841166567	5.936003418071874	0.7765054938266699	0.2072681103147147	0.2092782463909035	0.8058525732458253	-39.07431583822565
1020000	3.6445056156554605	4.1126296593477205	0.7551844689521363	0.3850592282371365	0.2042852018871326	0.7998885597595485	-30.77849725764828
1025000	3.6223815249618956	4.865797750362118	0.7511592403236041	0.24025113879615315	0.28878903833589215	0.9226704125431974	-34.593641786162834
1030000	3.486353271399462	4.728990201725827	0.744868440105527	0.22866119084869793	0.239653654237065	0.7823448412339286	-35.18476610446949
1035000	2.703187854789184	2.9380280839675876	0.8436652675729237	0.2643753299651227	0.2090987515767872	0.9008485879375212	-30.372054056173734
1040000	4.304730824608618	4.559911052675218	0.7792349212588341	0.30037006931775256	0.2301589899523074	0.8575764085003089	-38.45727050803422
1045000	2.9364336556007142	3.5740972914799207	0.8407488584973632	0.3042755905170795	0.40698873316414774	0.8319088195899305	-30.06770657607838
1050000	3.5615017248470724	5.230052686422276	0.7170342686812583	0.23194855677891554	0.4134828078553666	0.9883834389992838	-37.380667750772034
1055000	1.826253006275025	2.285474294798125	0.7610551033719296	0.3275915286208316	0.2819925105566502	0.9200232370663995	-24.689181224013527
1060000	2.061844163624602	2.8532135298100587	0.8823865077196718	0.2660896443783411	0.27276262746327284	0.7576120244960184	-31.127524827377563
1065000	2.7102985329688623	4.2604784279332755	0.7814189714460652	0.41317303698346286	0.23489428417650354	0.8841493272944206	-29.000073969052455
1070000	3.004635989228013	3.0822465283985805	0.7717631281135233	0.667848173423158	0.22913651988595052	0.7034480326037243	-34.63095724738834
1075000	2.9123678151739516	3.048036365998891	0.8343667687422772	0.4384909173410755	0.26337815112777574	0.7003592809735383	-30.355803442846327
1080000	3.355479303620743	6.241927583178067	0.7212638997033137	0.24573312707787445	0.302866781530759	0.764410899160762	-38.96413682608102
1085000	2.2202049175167335	2.8476573455373675	0.8594119673349626	0.30212666207418765	0.20335452285793354	0.9927259984077782	-26.669942094527105
1090000	2.7086941391281263	4.092881165700218	0.7100072115612389	0.40263412962796225	0.36221139954291304	0.9445407225238087	-35.356100911279135
1095000	2.130469163739018	2.2625033710340965	0.8311131484631124	0.23625277690983187	0.4028597112709141	0.8351218618992453	-28.932153219407635
1100000	2.703101218223092	4.608579178617638	0.7336338844371944	0.5481208797617079	0.2190389188273662	0.7745115532745019	-30.039892652954748
1105000	2.7939397085093045	3.799310332197552	0.7921862616813297	0.3376136279125833	0.2164329576178027	0.8459653178739398	-27.45324783691141
1110000	2.3607367486778394	2.7416725295409683	0.8694012237553146	0.21283634105114171	0.250715419285486	0.9227815405514361	-29.769489941496868
1115000	2.601909719709443	3.049376135074554	0.780809544390446	0.3409096282430603	0.37148110695827646	0.885078517342643	-25.855233622977572
1120000	2.0776346915378743	2.2776999290787954	0.8461028631276707	0.21773607732480657	0.6487771890375408	0.7400779987287472	-34.64392185818591
1125000	2.7000650170114087	4.15779294758427	0.8625633943398365	0.21448352400026968	0.2446776278942556	0.8097897609412443	-30.605508733723372
1130000	1.9974009576643297	4.7745621109216945	0.848264315088836	0.3485465143717629	0.28435409707931214	0.8279087557021328	-28.74064706162861
1135000	3.2886978417900563	4.761080519962838	0.8746194013482852	0.4656321640851307	0.3084515044637587	0.9253456323052435	-34.25219574758969
1140000	2.3894206360996164	3.99397873348377	0.7595647540762955	0.3194357136430202	0.22095368608417465	0.8729616169050883	-25.589263580568037
1145000	3.3110175598735405	4.904854204254638	0.7718034184857278	0.25714233248815555	0.23804610770617907	0.8874050563320925	-28.254161111067734
1150000	2.038747515028736	2.940245985290588	0.7481909594088401	0.3906053484671338	0.2028432178761318	0.9007657968515073	-26.27698476618393
1155000	2.706513470366713	2.905775258471861	0.7143379301075218	0.22689505547527156	0.4004927751463908	0.9001647641035488	-30.33186443589236
1160000	3.2911284896278223	5.296907230493983	0.7228774434934141	0.4163458707734855	0.2521747888392227	0.7846204699471118	-28.203704699721197
1165000	2.455543766713816	2.60566308154308	0.8005106940660348	0.2796942012713861	0.22329293972845554	0.7108463883077943	-28.64039774355395
1170000	1.7190873831910973	2.0678399569435486	0.8336676202258447	0.6389807900597743	0.2196222207867325	0.9938451450786288	-25.58112745373947
1175000	1.9586098210573377	2.0669043635761226	0.7941375700835872	0.5130626485886474	0.20055583988025585	0.9713486010141305	-20.68819390802586
1180000	5.8882251224600095	7.226066114644383	0.7607694658181271	0.2978546553910818	0.21542811427537173	0.7986007269556786	-44.70247888997242
1185000	2.602546564366545	3.539987904948403	0.7568014540344933	0.4871484988424446	0.24115045050435868	0.8946667939425597	-35.460321114311746
1190000	1.7533913949050781	2.1597046178067574	0.8117666711442277	0.6271151799740329	0.28966916160294637	0.9528054311138777	-20.66754590821258
1195000	2.6086870077812407	2.954750523823025	0.7274295462196266	0.20580314568449712	0.28149172596759975	0.7267544770235203	-31.003194148373083
1200000	1.69316713967937	2.3372583912350864	0.8057064099787943	0.3394964620287811	0.2413900477161922	0.7852172171518765	-23.050655924547858
1205000	2.1652313013644773	2.7449659227720287	0.7537062700964982	0.45085633476275466	0.2499029270063968	0.8983675088039773	-25.081751457565872
1210000	2.9478720872944173	3.7829998031517156	0.802115685709111	0.2567774754020543	0.3883914056359483	0.7677687536891389	-27.968041205448404
1215000	3.6674243556011064	4.027341980523379	0.7347847346884018	0.24409895496960793	0.39095673392171687	0.7849580737083406	-33.830063357303196
1220000	2.851009286010598	3.266713170971008	0.7401192815313041	0.3394203707761226	0.3061113654470543	0.9920413747488117	-29.14890552659013
1225000	3.1570271594935715	3.1706201152422473	0.7113655030402687	0.46278926294514217	0.20414821935730346	0.8035166719626823	-34.609074776892285
1230000	2.5846709678415904	2.649111865999299	0.7791618133090964	0.2687564230027387	0.23450525007186973	0.8314911037699984	-27.64036989690842
1235000	3.14776922403093	4.3065245650920305	0.733946926302148	0.27021735661795526	0.39613213496015726	0.9664093536335118	-43.07756969940917
1240000	3.4196107547953623	3.5467711282542203	0.8245761328311983	0.4425540447209232	0.24980035189807034	0.7050827894230591	-29.29612820765276
1245000	2.2114002227216014	2.869680653214844	0.8794227263543143	0.2252670989028656	0.24826725692911625	0.9074414320404268	-27.023140032170886
1250000	5.724209481152037	7.5807504909087555	0.7056469281571117	0.3814390133025931	0.239474669067023	0.9584269784275313	-37.72129117736179
1255000	1.7617467821024637	2.6814716202293045	0.8199139387991435	0.3124897960980366	0.23441398941649533	0.897228373839942	-26.2983199449377
1260000	3.1249842648794672	4.067365789894224	0.856070110788373	0.347928662077496	0.3838867950940476	0.7630371117854472	-33.827874581683
1265000	2.506363992418976	4.492008848652299	0.7609988589809684	0.20704695212161792	0.25816545106114647	0.996597248562288	-31.271157872851937
1270000	2.653303572160281	4.25053337364102	0.7780943084586556	0.5395850641742137	0.27876480872696185	0.8932454240445118	-23.90179942666733
1275000	2.2773901457502315	2.824132446242782	0.872266025658777	0.33550241154321747	0.23288229506291702	0.960160427772124	-27.304222050526267
1280000	2.751589450387294	3.264677787668441	0.7983871060096562	0.2869649366771593	0.4687811742512045	0.843088448912165	-30.729400774821432
1285000	2.5009081499215444	2.8858940117731393	0.7841625538638055	0.2759360914953865	0.23497158373023103	0.7108999575518441	-30.848202977832067
1290000	3.1332618842585838	3.190446785483075	0.753668736128962	0.2338155062461012	0.4023745088024087	0.9409167029139276	-28.35003676312422
1295000	2.640052100546109	2.8179779524761046	0.7350621013749731	0.25825746491806584	0.32537635396162445	0.7386686149484691	-29.206511223496623
1300000	2.0772140062469915	2.515619403969485	0.7691992064791705	0.22093766951703653	0.2055952490540761	0.7817249669663362	-31.929129988331326
1305000	2.2763012215423717	2.39550571596503	0.766603448999292	0.31386242394829544	0.31621796389264567	0.8579791303775913	-32.45245540278801
1310000	2.3964343225193345	2.5380624987098495	0.7097460821300007	0.23695608470439786	0.43496649721550107	0.7298593073521398	-30.623816884717225
1315000	5.496620441162224	5.917025405523989	0.7019853927526208	0.26271002325244086	0.25819783538611624	0.754858868423196	-46.59331188053994
1320000	3.5742860329935695	5.337161597496681	0.7297269166072196	0.3317466507730737	0.22140680615280992	0.9924631859066857	-35.90021194961366
1325000	3.1952031869996476	5.375874243367399	0.8728568332043586	0.20856685644261147	0.26114904063067357	0.8601192633180944	-38.887722187079405
1330000	2.390986526626728	2.928293175327122	0.7490487499103171	0.5110814033852313	0.20696438059830302	0.9958094186794425	-23.396363074770527
1335000	2.300895870509445	2.5938618244267175	0.7182464422517084	0.3555491617986609	0.25448696946853566	0.809774198489237	-26.94143553755549
1340000	2.999098393047456	5.609680971729858	0.749202899577396	0.22630031022074934	0.4046900524431975	0.7918407270287249	-37.40945765460484
1345000	2.273814633405953	2.651474954574489	0.8361116165841597	0.20523766045563122	0.28603098189502385	0.8367351550927231	-28.140474528806863
1350000	3.483367868165842	3.6456012670471383	0.8031698217998169	0.2352058898005949	0.30438990069328964	0.8448785225731946	-30.880877557699556
1355000	4.089013454294271	6.702382440762887	0.7619372367739721	0.3141730107849494	0.213309106203724	0.8970828591633729	-38.025647410443035
1360000	2.6945147834452055	3.5142802346115447	0.788688805801064	0.3556858811788701	0.22148545632621053	0.87049403481474	-28.060764682756997
1365000	2.9836876388977105	3.587313075172361	0.845555669734032	0.2931839104046002	0.26524856154834564	0.9072653369282392	-28.294772699666925
1370000	1.7967628870061976	1.9647873916218452	0.7123156207510882	0.40644475644005545	0.22664425770476182	0.8075815746407969	-21.03678019412274
1375000	1.9959469536786973	2.485302945657571	0.7488330462696529	0.34464996684419974	0.34800783040427113	0.9671857908268509	-24.18974212298509
1380000	1.798227667081806	3.5304116743538057	0.8402147784969074	0.5177177197085638	0.2319979677931297	0.9433250185568385	-17.27082301002308
1385000	2.053509763153505	2.3021516460124007	0.8866666323620375	0.28912388740178946	0.5190734837531491	0.8042258434247695	-28.374421677937736
1390000	1.947590456041008	3.0168811451925865	0.7083133934051884	0.37592720679674285	0.4410034506590041	0.9492520162838168	-30.974087498039246
1395000	2.793609646283125	4.207790903614864	0.7796099996817086	0.3639933869222514	0.284275900519202	0.7337719344898076	-30.12776014063033
1400000	2.723592892599404	3.8022902270133323	0.8046212927590943	0.26911157107393263	0.21232143816284288	0.9456691781658592	-35.203176765121405
1405000	2.069436255408407	2.4452171339978936	0.7809314274384952	0.518861363943624	0.20293909793511672	0.8847008891218988	-28.740690314298714
1410000	2.5876471586211043	3.0528585056211113	0.7244031899266119	0.37414311311963677	0.2315068521422433	0.7344677923078816	-33.0720080769273
1415000	3.1515207330216954	3.2663526382737733	0.7288130872279424	0.2879628341782899	0.34813861194934603	0.8813532372935208	-35.10837499889773
1420000	2.8803932845735343	3.218446486619317	0.8760383734518291	0.3394613444972535	0.26096202448794886	0.8713833575660443	-30.287109180943094
1425000	2.960654735086824	2.965842397083476	0.7413654302744093	0.35055366200810717	0.2047659908075821	0.936492268088724	-31.379259992885842
1430000	2.9815175587283798	3.109386242114563	0.8873779351271189	0.3467789875614945	0.22547675600071657	0.7027118250896117	-29.504191241228977
1435000	2.6015471583220138	2.9412667595965285	0.7548445543720976	0.4498903671722167	0.20800519048163918	0.8387313136729817	-26.08494897758474
1440000	2.365134493233453	2.455125965611299	0.8118548567569426	0.30829248509143553	0.29420397025150846	0.8899590146443397	-29.062478156145804
1445000	2.226810729801775	4.198718069309402	0.7974191611990058	0.2285820823628364	0.26450769306437244	0.9656208157307324	-28.47120643804332
1450000	3.5852565289899383	4.213712438194564	0.7821629024320043	0.35510824597343665	0.21762566009735632	0.7278786616570475	-31.877618802770748
1455000	4.046071260639115	5.166184715507442	0.705618410807163	0.2270635575468826	0.336693404528261	0.7552659435692538	-36.83076688957567
1460000	3.651644521185036	4.685449222975092	0.7966531314557462	0.40748289281984074	0.2068257967356683	0.9513259580549316	-37.16417061828664
1465000	1.7334631168378367	2.10754436191693	0.7214319165760342	0.2710897024741548	0.21021970276830407	0.972648303800458	-24.189864288840646
1470000	3.6182296628754456	5.810228282937386	0.73679043357901	0.2171223862102337	0.2629940758511916	0.868540362368368	-34.03956493849284
1475000	2.7760546148399055	2.87346119330393	0.8093577061398767	0.48180074863222905	0.21655931496068748	0.9386028439543577	-25.238436934176622
1480000	2.404950736827749	3.8224921382540398	0.7268057414622477	0.48423610921742993	0.22875008302434263	0.9766725522163758	-28.007027261644307
1485000	2.5370940426201085	4.42359808125683	0.7605449108567557	0.399745972962958	0.4357841569365306	0.9177035307922091	-35.56313775838955
1490000	3.6474165376418974	5.151394043461104	0.855000574684194	0.2169477436286118	0.45176079553254495	0.9742486301638611	-34.524141200275935
1495000	2.4194409857966175	2.6269182064565655	0.7455010431795757	0.20928999586361832	0.5355834709981218	0.8176146334553565	-34.24858257420484
1500000	3.0528291364632962	3.709057874735015	0.8945073245883967	0.45337622417330375	0.21031250781385016	0.7351172127462948	-27.96607020298751
1505000	3.651229011802836	4.3664542956657835	0.7225208430701072	0.35704593024978865	0.26567343953206374	0.9779145307948498	-32.46015132642815
1510000	2.3953581944106856	3.5398987069698644	0.704385322095748	0.5105307972657208	0.3410961395508876	0.8960403632500475	-27.32640752252247
1515000	2.2243565688775058	3.2439954632069834	0.7644660401623002	0.4487913239426317	0.27350040131559133	0.8706250650419605	-20.09172762109603
1520000	2.0847979019645937	2.365100485355131	0.8668697380491686	0.2800705020683912	0.31610456009911053	0.8270335618753005	-27.02552826861279
1525000	2.2867796558928837	6.50938696455097	0.8447881757925296	0.32831477972960327	0.28360103100387074	0.7155477176776116	-30.575247620776796
1530000	3.0617963692418515	3.1000094953673596	0.8687623383182693	0.3396530701821623	0.3230214308008812	0.941153146636233	-27.607068530980957
1535000	3.4516146286178806	4.2734068875117295	0.7049847045655026	0.32377107183105847	0.27821890383936193	0.8237333488811989	-41.22572683023268
1540000	4.708551838152494	4.869329768569252	0.7480897834438278	0.29516827753551145	0.2256785839885196	0.8943047165512185	-35.92986556871675
1545000	3.7803371188487933	5.638603856035859	0.8928118436549785	0.2304353476337805	0.23571702493921556	0.7022222314393782	-39.01272992465489
1550000	2.4315610362194517	4.082364887377627	0.7020068985506566	0.2314729356005705	0.28547185562530614	0.8233661222026752	-31.204326710348347
1555000	2.733002108751874	3.332238773163155	0.7423818534475537	0.42503711665259747	0.20047494060963492	0.8392168947394422	-27.54898935604474
1560000	6.223546933252653	7.284993458046269	0.7235709825226878	0.27524950633082335	0.221592974520434	0.7521167873359664	-37.60175838229082
1565000	2.957009665116445	3.5606324519402084	0.7142412700048614	0.45018564087950935	0.22984442104275765	0.7236023906451491	-28.397844633339925
1570000	1.69316713967937	2.9677392551927255	0.7695242432600413	0.5416695151951605	0.2060014040189892	0.740221629439634	-29.20797299556948
1575000	2.6203775266964007	2.977558196705011	0.807278335026925	0.42867986430578375	0.30638088732954644	0.9126324143675023	-26.63663275642358
1580000	3.1040503538218234	6.920054257839564	0.7790968120823213	0.22341963201725817	0.4368071430802963	0.8127021221909553	-31.590622041576644
1585000	3.2263852922303022	4.146438984100343	0.7941850721377522	0.25786452787415526	0.23495408951767222	0.7638862114136348	-29.240180576214573
1590000	2.6566613510551123	3.039719348181468	0.8860518070700829	0.2937194203667016	0.2170654531157192	0.7985170703525051	-31.45336312928586
1595000	3.2540720494585913	3.7493565420206565	0.8517546731871835	0.37843160755408495	0.24817836108462718	0.771623537897049	-30.07578547632812
1600000	2.0060188917621558	3.566793652652862	0.8338269167129866	0.4389615971252614	0.29701342500903866	0.9944538412610588	-20.329953610440306
1605000	3.112668227878879	3.5909188563561485	0.8811874421772619	0.2322173756826072	0.35763278290876593	0.7534266761699857	-31.49356477544159
1610000	5.417603318854603	5.824379391449259	0.8107310530547395	0.20145426256566082	0.3556409891351614	0.9024160919578437	-41.75471610054201
1615000	2.478887307007149	4.276873575047402	0.8817650206381913	0.2920705435953038	0.24658921796751418	0.9396029916059495	-31.0706693642544
1620000	2.494724463291603	4.600678858726961	0.8484002583275099	0.24674288556691984	0.3052270303025024	0.7839866100193946	-29.20018315522581
1625000	3.0564840716322834	3.253039711627076	0.842204856721326	0.276565414742815	0.3102710463870889	0.7713381713368561	-30.684363908445892
1630000	3.204876667243329	3.2462454229456323	0.8818550477048224	0.469099319947744	0.2201915968222409	0.7886347197941711	-30.799960080213417
1635000	2.6500185678724564	2.937188905411174	0.70734002124211	0.33493097070313865	0.34456537823485345	0.7019566747617751	-27.655469903514632
1640000	2.77725789300127	3.86084884919479	0.7271679273126428	0.48761579235140495	0.23778304509379386	0.991443381501305	-24.4128602893273
1645000	3.9091921830045866	4.155540802668096	0.7348205664584138	0.3892720567914632	0.20083397611804096	0.804596350590243	-35.140540940334006
1650000	3.3964238398202733	4.344538799661453	0.8069616068138876	0.42617852532436806	0.21584593667439986	0.7266927685190299	-34.308135831772596
1655000	1.7536376107789358	1.7913921375287238	0.8113905690552337	0.42495639301721616	0.2769680335331274	0.7633187456758278	-18.93818505967146
1660000	4.543280053157109	4.946838386515837	0.7830350672958349	0.23732662101872226	0.30628850049999057	0.897752146558434	-36.75056749006738
1665000	4.441351530029665	4.558929793858251	0.7289789683884054	0.287306505584726	0.20341132659851935	0.9974826110359278	-34.71311753608576
1670000	1.8778811502190933	2.3903570786021087	0.8901066802929336	0.43643479067770197	0.286078940156844	0.9162361561702955	-19.604562126858745
1675000	3.327944731484049	7.064409177010823	0.8455342753114724	0.2455808144179376	0.261463725257511	0.9260835234519846	-41.45697572278539
1680000	2.354977077251851	2.3849667683841544	0.8204998548808354	0.23465736615002275	0.30809119001476115	0.7591303149897599	-28.77525296174689
1685000	1.9033702562085357	1.9258151807623505	0.873531271565482	0.3886485525018165	0.3020299154032399	0.9848246218629693	-23.955161888551157
1690000	1.6977922627115596	3.5056091962809375	0.8436814560522068	0.4365517884523531	0.2174474852575444	0.9422319392335377	-23.588798667895063
1695000	2.2807250543084376	7.57114949020223	0.7013484470320716	0.3044072113138241	0.30929110355021344	0.8179690299909178	-33.46867338113415
1700000	2.207726455660396	2.3246298085628583	0.8434505051054333	0.2958684681776376	0.4403817463518081	0.7696361005818796	-31.39985220918767
1705000	2.979821162467781	3.290094050504347	0.7442085173887404	0.4094560175487935	0.20776932072782373	0.9618820446492854	-30.973143179270593
1710000	2.661306977452784	2.96243809551531	0.773228510664507	0.3428519578964822	0.2102218855019625	0.7504358950342378	-32.77045042849814
1715000	2.602674947741399	2.93634722259921	0.8384287198304482	0.3388795889155648	0.2504750203771672	0.8997173378271145	-27.680389261032456
1720000	2.6534591385959194	2.69076805213806	0.7796400749247738	0.23389104073401218	0.33535319131010394	0.7212244002925509	-28.593766681243384
1725000	2.072388016896241	2.095105045457669	0.7666918367577836	0.3996646170953747	0.2299039539183233	0.7194066628815887	-25.832046235718558
1730000	2.831474780412969	3.5872349794674796	0.8481452285631296	0.20443510428443415	0.34316818873609717	0.7548009189281293	-31.07938223635692
1735000	3.3567468450061533	5.7366118176616885	0.8128067675231212	0.31588018789021255	0.2254112938855977	0.7540942735864341	-34.211269255313205
1740000	3.152159901947999	3.7310915181882045	0.7990393198022894	0.3442043118400649	0.2292387689019852	0.8077584569011343	-39.83798967170307
1745000	2.641299919106038	2.888698709341684	0.8691761703182882	0.43504496248558955	0.22952055354011974	0.9967573716940752	-23.335936883719498
1750000	3.889087597420146	4.089289965076348	0.7351237056026477	0.25947574762244674	0.201180640423804	0.7337695747158652	-41.214942650317035
1755000	2.2050543045834465	3.274730429341358	0.8907607235329659	0.4215567707967869	0.20127780307995885	0.9822178011270469	-27.12476563461997
1760000	2.1463727681428675	3.3447043043573617	0.7375692548809443	0.45690315430877476	0.24821393759523525	0.995022215432507	-22.518224341168775
1765000	2.155591594273731	3.5076388467038955	0.7300027058846968	0.20896659196592884	0.238798908739819	0.948510556618484	-28.223753505803746
1770000	2.2922683890222393	2.545004958067478	0.8646761893912901	0.24360182021475268	0.22950424662968574	0.7806926641185612	-28.338088764042194
1775000	2.9206755936153073	4.014287953285747	0.7393382861961891	0.323202800741255	0.24970798655513687	0.8441327687997628	-36.31403283837833
1780000	2.709308826513005	2.8157731281245306	0.7769615234464045	0.5325336825569263	0.21494768467900155	0.8174755859087048	-22.780499967426213
1785000	2.917427613983317	2.961932320072107	0.8608379579448392	0.41214521689387257	0.21288300065881083	0.7481720877805866	-27.910396468212667
1790000	2.2153872182937717	2.3094193518272164	0.793707998092079	0.21674420553666143	0.21712276802417022	0.7299549970984571	-30.506279561238816
1795000	2.358126469457034	3.7414610019401096	0.8661560926031743	0.279246484335151	0.4103553723640224	0.9722769786762981	-25.71878659869362
1800000	1.7700667518977646	2.622029565462644	0.8794980193618875	0.3939684532440267	0.3156929527008222	0.8446389083885982	-21.296661584101905
1805000	3.297060665068174	3.6708856888867656	0.808942289847479	0.3919824894027534	0.3030501682157996	0.9792658413081627	-34.2216744444907
1810000	2.620122376376512	2.903471148889155	0.8448897781684596	0.4169223065758739	0.2620125972333736	0.8221100214305657	-31.06318171293409
1815000	3.7816782216795204	4.220392717227726	0.8786777955247855	0.27590583377265143	0.29922356380211285	0.8071231884940779	-36.75936461219583
1820000	2.84524691902942	2.933476890268368	0.8121417575530825	0.233833406561549	0.3589477370085062	0.9135962771877175	-28.468265334701275
1825000	2.7466130778982025	3.4537199055103325	0.8830640303149913	0.3668073366067252	0.2417152543612155	0.8743987748911455	-22.654649836122783
1830000	2.4912059427888216	2.557447894535898	0.7664157994327707	0.41291132340444464	0.23426634227439144	0.8667313254430349	-24.211357354842352
1835000	2.0011986955850767	2.1328721338837586	0.7072080024997821	0.5221271571432202	0.2629923673637632	0.8536126854678076	-26.376397216449778
1840000	2.2803121221766607	3.15137454280409	0.856739076787717	0.40286912091082633	0.21152366612704734	0.789974873554485	-24.61046064785761
1845000	3.67642229140212	6.984702453285068	0.7204871970268619	0.24145547881076435	0.2182962947181253	0.7175860961618544	-39.36329486323471
1850000	3.2462781214548366	4.190531699600543	0.8112771910737354	0.5034929589135941	0.22031216917806942	0.8534100219978182	-34.54608637887137
1855000	2.144455388718719	3.1772435571777673	0.7952433186744535	0.4133229284758532	0.23027479783698557	0.9206140391072775	-26.344123929334046
1860000	1.722093550887942	1.8894219867601363	0.7216024815787208	0.49336664058502483	0.25669786166142583	0.9947519619699037	-23.386550313897455
1865000	2.037140794952475	2.7598438269577894	0.8974613426901935	0.290776985396722	0.24856918134481873	0.9383137446093645	-22.787551463096854
1870000	1.7951349784829724	1.8165098938275508	0.7132149260191541	0.37666489994270785	0.4048836420494677	0.8262996852839771	-23.290323624830616
1875000	2.271751511416483	3.190931127702583	0.86039263282918	0.2721417570724013	0.40213757635298414	0.8038979437341387	-31.71528680507525
1880000	2.0466394944953645	2.4880331750210187	0.832302340134092	0.3221097654396439	0.21347107076255484	0.8586116241802786	-27.233557238978854
1885000	2.010479518034673	2.756610072619844	0.8025091950371066	0.20693803829221058	0.43269850144554245	0.7480768411606709	-27.945306241020734
1890000	2.04449510738655	2.2040313566146055	0.8042284135986939	0.2669050622990768	0.3267696670071428	0.7485896273767839	-27.343970504265833
1895000	3.8266686646368155	4.861898576026501	0.7423542593796851	0.39903094142445933	0.30235406795293146	0.7456983581703827	-33.119141883142746
1900000	2.298864408979101	2.4847027047088415	0.7106867323133109	0.364268975802009	0.3711905172058194	0.7005648339251579	-29.216348512440593
1905000	3.5635531510343306	4.416280062481909	0.7593303211922149	0.35089350469103014	0.3359484221282392	0.7514190660560542	-31.404851952377705
1910000	2.228265911728427	2.9809570795859077	0.8568917061997888	0.3030869977637111	0.3711808757145053	0.9620010403940701	-31.191905399309107
1915000	1.8642931867348804	2.4462390283243947	0.7758492732273838	0.27754428721655805	0.3751580292191542	0.9533232163666344	-27.149665798133082
1920000	4.431875564885285	4.448479583767107	0.7885869306882799	0.25955715769109305	0.21126250251296522	0.8751136568363626	-31.577435624946723
1925000	2.2658050556846225	2.31738199685274	0.8805201589423239	0.24174045363685345	0.23621504345965397	0.9220704043668475	-27.022200010457038
1930000	2.9209656016692453	4.25305990600895	0.7494962779252041	0.4325581306706129	0.2355068339537403	0.9823039627947875	-30.910357842855696
1935000	2.5337553560289394	3.415962308590092	0.7764122763750279	0.34052161600004194	0.23540358602207753	0.7130309418245069	-30.698764101855776
1940000	2.5849480409062937	2.7316506557977602	0.7440403284207611	0.2601429781424638	0.4186101912442977	0.7315085148703088	-24.050381084598236
1945000	2.252552350095595	2.970809865006593	0.7425654588785914	0.4181917329751313	0.3017361342705899	0.9931978023291906	-26.449028935364307
1950000	2.3030254653712423	2.892412671962884	0.8461533673948614	0.23317892874587529	0.35785131230807793	0.8699238825767385	-31.50578452243068
1955000	2.5712942707311384	7.019731745551239	0.8539634535148211	0.24097323886067645	0.32678670023546996	0.8640622809774386	-36.2111808672607
1960000	2.5652289602133305	2.643529316116047	0.8930448335872413	0.2223810454369921	0.39855851576635415	0.8832424823237943	-29.15438295078454
1965000	2.806012770856054	3.030784991344081	0.8696088640287537	0.3439795755994944	0.40782235382635434	0.734180706321195	-31.30658768046264
1970000	1.9972166694978069	2.421248784341661	0.7628549007815817	0.2628426369723436	0.46061824526959866	0.9946815552747824	-26.647770343734624
1975000	1.69316713967937	3.2798289125693514	0.7812193840701004	0.3109722560252856	0.3411234444620373	0.8155467697982938	-21.688789305316213
1980000	3.3916677774333412	4.00908778220171	0.8305491870690436	0.21924701879225328	0.33558987020104136	0.9307694160040008	-36.18726950339732
1985000	2.7088506540123123	3.1041019764172466	0.7144902531925883	0.4732907787850193	0.23617428487017736	0.9696108032234815	-30.99154169879443
1990000	1.69316713967937	2.4521309362460864	0.8293446071145353	0.4548367895843766	0.24060286213995175	0.8902305261412967	-20.449955920649288
1995000	2.028126302098225	2.977493960057365	0.7390684552870034	0.47250163762515385	0.2173988352028741	0.9686552303779674	-20.707581458612097
2000000	2.255369027243812	2.6688114390335107	0.8391271587749971	0.3664047850568321	0.28914436750752837	0.8419263337568126	-26.80970724745858
2005000	3.995103672816107	4.167531592598925	0.7581601002204748	0.22203452735924964	0.40712619978458997	0.9912763476510903	-36.76342707258964
2010000	3.070064720886188	3.1579299255701403	0.7837041553455074	0.20028905288459678	0.26878440297302	0.8192718212620471	-35.99974275654044
2015000	2.839204602091496	2.968111175918728	0.812032961728153	0.505401391018665	0.23504155423155712	0.9474403728980597	-26.519280872982414
2020000	2.4145011715532174	2.4385489347479443	0.737092406858227	0.20628721613815793	0.484354906361133	0.9476514237837347	-26.597724137667594
2025000	2.564558150738849	4.579840839069764	0.7513807642579516	0.4158721616112334	0.28387665221088587	0.9535076797979994	-26.422495200305057
2030000	2.561992111684298	3.336516297272257	0.7972833952650173	0.3531161867886247	0.5359772268846883	0.8888537433310161	-30.906393423267545
2035000	3.0901020069424243	5.161302261040514	0.7700036757141461	0.33474888604410763	0.3133901686218595	0.8787951506545536	-36.54094900446062
2040000	2.1504103714009313	2.6421416819504953	0.8144321758991643	0.43411700225279004	0.39574885157423134	0.9115095081216024	-24.961107119290944
2045000	2.9691840261382816	3.3911812994548685	0.8763109451381628	0.20552152318093272	0.2947642304819971	0.7523816168126418	-34.616818168551795
2050000	3.470930509639014	3.9004012604399447	0.7020775749509671	0.4749224426320068	0.21716568313032872	0.8472268961742708	-31.329997643198688
2055000	1.9478189430810549	3.525514188811215	0.7880615535407184	0.3052362636551208	0.34716156038653256	0.9372003657503218	-29.524243942350008
2060000	1.8545612878940887	2.403662290433959	0.7025044561343027	0.43605793262402565	0.325540121427549	0.745328875436067	-25.329949390752596
2065000	2.231737498090943	2.315457902031319	0.7237251694570189	0.3267562129685568	0.304560957798255	0.9697920200904617	-24.88674522577717
2070000	2.462949005082396	3.942433662019956	0.7023743088785518	0.44844863610195185	0.2847749845066358	0.8845684386765507	-29.80725559157849
2075000	3.252881983022504	5.329856505412656	0.7474639213631309	0.4089552912965589	0.20393031550491417	0.7692625297136515	-34.19739726652905
2080000	3.1072844705612015	3.321643224493341	0.7718020516156242	0.2718032388351644	0.24614330094619968	0.8491823888749291	-28.281387732354016
2085000	1.9196184734932185	2.366451372480018	0.7242972092396878	0.5052499098926313	0.37596046133142025	0.9115985015513138	-21.90862455138873
2090000	3.0623988161644133	3.6896949651176287	0.8127140369601601	0.2424789524418367	0.260025771321595	0.8580144783924706	-36.66333363504977
2095000	1.907600468730459	3.216687022123828	0.8371952417862808	0.3205522879136298	0.2793087708209605	0.7313581104628064	-25.000508377879473
2100000	3.8094389670008466	4.0040586858328036	0.8640587847740845	0.24298249222315543	0.24148428682372783	0.8313313784615692	-35.87263617796925
2105000	1.8522900204417794	3.4695311486451432	0.8005566766523516	0.24407850008071735	0.29970630737247395	0.7703448661471184	-25.475746193727243
2110000	2.932236798811495	5.715670754958916	0.7386374790109554	0.34521520019491214	0.2036921039689542	0.7648391967006846	-32.35501236608376
2115000	3.6346168511091324	3.776758396593961	0.7215035904348731	0.22576812350989006	0.21342828223540755	0.8648832817307471	-36.51232488023576
2120000	2.306137896209136	2.9522721288769525	0.8890284095835508	0.24183159464966486	0.45759865988328696	0.9984695905338293	-22.994370788666888
2125000	2.2727324768402384	3.069250115042143	0.723448977955103	0.3333235512742669	0.37488843150556694	0.9806518325330236	-26.651835286988618
2130000	2.0765269847797487	4.157984455826133	0.8631197945909572	0.24417269456460414	0.25271019848722953	0.865343628874578	-25.48223196927351
2135000	3.1425119043097736	3.3309887002787577	0.7222700086144508	0.2658745526311723	0.3662216802596613	0.9396242657413645	-36.24639576095971
2140000	1.69316713967937	3.283013835256061	0.7840535336437179	0.42582662090347306	0.2374094418847813	0.8739851513065386	-25.430028009262966
2145000	2.5714905526147236	3.263949092363614	0.8051062041300749	0.29482357461388453	0.2875203999534011	0.8617207140061753	-34.60306922859761
2150000	2.635138116494752	7.24348617405966	0.8381656358286302	0.35807378745806384	0.2134826389099662	0.895489295329834	-29.420677664442476
2155000	2.559656790304283	3.1756435424531855	0.8440800900943893	0.3182724016181313	0.24930151407513015	0.8773512048241187	-29.022097945728536
2160000	1.69316713967937	1.858838698116877	0.7175659924503311	0.4382970749783867	0.2002628708707879	0.9353577606520079	-20.054167188761852
2165000	2.04675489187997	2.0634672361468605	0.7551207581416418	0.5952034682434266	0.24691609840196413	0.7365409926118156	-23.990288492328563
2170000	3.209536313234753	3.946026880381324	0.8722638841640857	0.2346929350610169	0.3170832278293431	0.7346014377117802	-30.919866901312545
2175000	3.19170053870538	3.2954523400922264	0.8134380721904253	0.41005771664662843	0.2020501653511044	0.9264569909947707	-31.040949529699894
2180000	2.1135211067475583	3.357410197420587	0.7951188504068746	0.28827179431523303	0.25239676973503694	0.9623910739295962	-26.57350760798569
2185000	2.037782139485944	3.731955653287724	0.7985767468323249	0.45929333034012737	0.2597287644069918	0.7347360948920385	-28.62222977332605
2190000	1.8639652597457252	3.1865842099026707	0.8216989127393487	0.3690316598486514	0.4489442367454099	0.9288672022991574	-31.547122843335032
2195000	3.0236364424306803	3.686381608532994	0.7815534314993243	0.3977591252313589	0.28678442754336897	0.9097903485285654	-32.04644390361162
2200000	2.448689360095061	2.6959503873023056	0.7692148577998686	0.33814062211643214	0.21735189448947717	0.7922335170920052	-28.42963205113684
2205000	2.834796550897828	3.3695271439782752	0.8077051813865724	0.2586377358858363	0.37692914259228133	0.8811484277798965	-34.70973034921933
2210000	2.4576262991641458	2.8019388866242187	0.715923898892391	0.29726435948715074	0.3175152202637106	0.8399134422877649	-29.18326644040417
2215000	2.313988246759861	3.7373737712615887	0.70156070106847	0.39558803349766647	0.20990960519961477	0.8580552724940639	-30.308975606905474
2220000	2.7680991714225547	4.37994918012508	0.8779115419260667	0.2738785114734382	0.2994076136623361	0.981942769874336	-35.76202511832811
2225000	2.7772653698998844	3.156472850174078	0.8521511941908201	0.27922998028566365	0.300243612774352	0.9948533773286544	-29.28993753298955
2230000	3.2894062435676386	5.453191425109969	0.8526580832859697	0.3243556031983438	0.23989192825652247	0.7470713701192321	-33.41267676340418
2235000	2.2196673065879313	2.966368993309663	0.8238834077258282	0.221736580618482	0.21218779601830734	0.9503489475520135	-32.17550597805577
2240000	3.512952420058823	4.658406907004377	0.7456459908362447	0.30813787211050914	0.24831640452021927	0.9766210649310264	-27.236579281720505
2245000	3.113897650303692	5.384341312059237	0.7494139614811569	0.39961971359246007	0.28067493410824057	0.8692905642408797	-34.75194545786059
2250000	3.4484131522080563	4.816657384728339	0.7128691939671947	0.39059339237970336	0.43717347568910886	0.8060619470698615	-35.716780481980365
2255000	3.902251856833371	4.231224674120424	0.7382441460178851	0.3115184183934988	0.29956585283914106	0.8331309311493029	-38.691938739693654
2260000	1.9050126058679362	3.0482954281987396	0.867671170760959	0.5264210045724543	0.22183635076633557	0.9065416911130578	-23.705276842543068
2265000	2.550764284327905	2.776767199632623	0.7751412093422045	0.42365286890918186	0.25862041606426006	0.8936249786182718	-23.30037406253883
2270000	3.60824510822545	5.702621223751665	0.7235523663795906	0.27661465694826026	0.2865636249472584	0.8729031150695262	-34.92928756540099
2275000	1.9232635007266277	2.300193177622433	0.7828537615642723	0.3779082718751471	0.489093904955318	0.98956201621086	-22.427542693754173
2280000	1.69316713967937	2.1007950373866184	0.702092652037176	0.39180114463835664	0.2364116898450831	0.9042843497142937	-23.523597516159263
2285000	3.4756092705342905	3.7996486560038316	0.7382839180179857	0.2778080421181117	0.5442055197501311	0.8500396523082251	-34.66128914888783
2290000	2.2179445724528595	2.3532540654503262	0.8162539168443305	0.20677177802795607	0.33843544558633365	0.9782454381991578	-28.240426436328367
2295000	3.7131315839709274	3.8281136262845523	0.8900742165134232	0.26520543416997105	0.30237782054031564	0.8533522985365141	-37.6204136915503
2300000	2.748346618919233	2.8332301701835725	0.7851910157936776	0.45532338748291795	0.30139907384180453	0.845056485483749	-22.764053621013726
2305000	2.380651504816518	2.5768859594455957	0.8896810056091277	0.43743744381918337	0.3270926511074953	0.979432128471786	-28.93912865379058
2310000	2.1922100127774766	3.0276562620013743	0.7893911585545541	0.3222513781501996	0.26165379842124914	0.8967978307365937	-29.886513861748334
2315000	2.1717868126220163	2.247559010100241	0.8305250184648888	0.4269923170485196	0.3357866390862934	0.7459580692209236	-28.136910449019943
2320000	1.963611017743495	2.1747254289336437	0.8682338523653476	0.4379599362310346	0.40071040603940333	0.9453795308972335	-16.479428114747723
2325000	1.6970414954380373	2.1776744823079786	0.8234990952907992	0.3058348914308344	0.33067176625403477	0.81120598128479	-22.614297466615216
2330000	2.334340270642995	5.867265348991331	0.8183208825666404	0.25370027298474157	0.20046354861678573	0.9092732302363548	-33.89848773290285
2335000	2.887611609575788	3.122549048532626	0.8316675126960837	0.38479852631192896	0.2765419220260258	0.8956302008203134	-29.901464118214804
2340000	3.3981641452701212	3.4247207024073854	0.7805733565543302	0.20269277190455154	0.2862373657549349	0.7744359028642694	-35.90970939167493
2345000	2.556611066584962	3.0423517488795007	0.7772669604394302	0.3892232655526372	0.2159502733568281	0.9769461414592325	-27.8358648734946
2350000	3.045519006312381	5.0038346090494334	0.7945314202772829	0.3645984838350825	0.2517777242401363	0.7642951181209156	-33.274038020319786
2355000	2.4135942881353047	2.7460213313551747	0.7466693083247685	0.5550699775951562	0.32394845932793803	0.9655751241253169	-18.943965584906277
2360000	3.2203164962747977	3.368065269616492	0.7542428036729328	0.20426995097173903	0.3053641357766268	0.7154322396713612	-35.28732451861748
2365000	1.69316713967937	1.8614346720822845	0.8060168683409314	0.30944083025059693	0.4159759348536742	0.7207770551894058	-24.461423257688434
2370000	2.01106740304759	2.1219165672104294	0.86836348709352	0.3623968122864001	0.28566107053235046	0.755437351779671	-27.154665417905584
2375000	4.018412424016342	4.731953015184528	0.7000841029771006	0.2507310790576946	0.28123750535320957	0.767813027531744	-37.41107016408574
2380000	3.7305507262978725	4.148148073399259	0.7187785033768304	0.23054159596401563	0.250876018016323	0.9967479939722134	-36.80765236784064
2385000	2.5970350786267176	3.530737579091891	0.7548849885061769	0.2763081978342092	0.23057260985651135	0.8294835841014329	-31.461504753520828
2390000	3.4194914904635834	5.723305958270859	0.840989674674447	0.34038505996513435	0.2103272782992728	0.8032071354809645	-28.886919730281672
2395000	2.7301982341045306	4.34365418050294	0.8412794518650717	0.22634971473675655	0.4435055677574262	0.9667554720883309	-32.07772809498451
2400000	2.842112967780622	2.953811264092469	0.7956111245113288	0.46969568997840716	0.25169330399341927	0.9535262303532714	-28.488222070192176
2405000	2.1486833717485228	2.8848305024895042	0.8227636199686437	0.25453537586188557	0.2353160861153556	0.7043926331920665	-32.43665331484996
2410000	2.672164056132017	3.1790465214458674	0.8173211266133593	0.4409003807727235	0.23527101749190338	0.9520869241749625	-25.257401131447427
2415000	2.6988637768988655	3.604058236491845	0.7652079234316271	0.24435910367151717	0.2570927657351784	0.7503236909543968	-37.52905923728114
2420000	1.8863172974477838	2.0602294145176994	0.8524376234384698	0.5167548179296423	0.20629612110937012	0.985403087732064	-23.783510595911153
2425000	3.406022049684233	3.739621813604278	0.834987223383724	0.3304835262504499	0.28124897714912206	0.7268954995649889	-35.68919807695648
2430000	2.835110152646358	3.0265387234305807	0.8132228578885179	0.4769838631249638	0.21163718360652922	0.9208428161482023	-23.36524135642241
2435000	2.092772188759524	2.4089052038957166	0.7302623015987054	0.4685754571048068	0.2357600278058746	0.8267109358775518	-30.492737509698987
2440000	3.8562774188832845	11.804539129205313	0.8393201937042415	0.38981336004677986	0.22648340641952203	0.7790708473575136	-48.971654309567604
2445000	2.0904458984213723	3.844249629066804	0.7036863052603116	0.4478775592188581	0.22502916712971413	0.8895679971530398	-24.932231894067076
2450000	2.337987298882043	3.1172243075617807	0.7372139407226703	0.3493935357062796	0.33482986796450326	0.7088121720196642	-31.466818032347838
2455000	2.481429174729304	5.161416309629179	0.700066861321772	0.20518736943046265	0.3926610654914463	0.7428249755347506	-32.52478492174643
2460000	2.698745403514665	3.5303279299078514	0.7090274763298803	0.22928702597519587	0.2988887027652735	0.724490357046534	-29.805299714879773
2465000	2.1869891378494732	3.7312077164356525	0.7737683396548335	0.4557627979292495	0.25114642324209513	0.9752598893072894	-29.6538106028331
2470000	1.9814211269881492	2.7063482915646015	0.7085042117354056	0.6129176411877306	0.2639891162767637	0.8918578303074256	-28.357983094179627
2475000	3.2477269104060045	3.8902221688485805	0.8845993704142308	0.30625739834723803	0.2558620530978402	0.7461418016200436	-31.780387730940305
2480000	4.281108979869356	4.3392730313987595	0.8596043627232877	0.26488622423588043	0.33220584457651586	0.7012975845912129	-36.82650059306036
2485000	1.8087214839143613	3.257381826725177	0.7039175176095145	0.42703103329806985	0.27457933282725505	0.8490232726209694	-25.19478382753928
2490000	3.4489828290943736	3.6190256911479772	0.8120841875508452	0.3193417061858187	0.3932447166718703	0.8120069732983071	-33.86685981009082
2495000	2.762672068541536	3.6071954757400455	0.8122349438270536	0.4283776771141501	0.22517752501079677	0.9771304796915349	-33.218676854531815
2500000	4.700935551916853	5.239914765287985	0.7943212979154922	0.22637779602467245	0.32417349208770935	0.8357013569844932	-38.0322928590196
2505000	2.5526953306489624	2.790769920455495	0.7977206672474617	0.2746217519699271	0.3073515579278876	0.9441445571437246	-29.240968441387192
2510000	2.9202536457651553	4.147041503134336	0.8992410107045529	0.43573328403223044	0.21890786158368594	0.8385402781565628	-25.94356760406515
2515000	2.529369855311829	3.500495961579945	0.7720733374417154	0.269751268332388	0.20704079051665977	0.8092580532338136	-32.15010134096883
2520000	2.4563988773030316	3.0996470147053508	0.8698243045520787	0.3876355196575486	0.2066509304069164	0.8770887512826206	-26.742287005559625
2525000	2.1796385375413103	3.102537851755691	0.7530713170761739	0.2537842434546441	0.429182873550235	0.8751051106304117	-33.25289270239877
2530000	3.8772349432272515	6.091276845449799	0.7051060306061596	0.3899289622781731	0.2509893742068128	0.7659719532203023	-32.666251033074275
2535000	3.271470975909472	5.7513899472527745	0.841154633327008	0.23548957773176332	0.2995001996783976	0.7738404776611881	-35.7418199080822
2540000	3.7999361853033955	3.824188546400335	0.8068431283001715	0.2635447776460245	0.2781193965741802	0.7090000825085925	-36.00367403013681
2545000	4.6367413859578335	6.435736391599331	0.7032099429767057	0.29189146298440327	0.250768999657501	0.7328112247691067	-40.105631212277714
2550000	2.63351747956976	2.878685468988529	0.7059098266741004	0.33469973135717745	0.24459393571452787	0.8482167799052225	-35.74752396923156
2555000	1.69316713967937	2.5726754484429377	0.7680229118739206	0.6472005867028043	0.23996703714040185	0.9678621487802073	-17.047285910924394
2560000	1.9761566438264633	3.048753095606582	0.8334540103201202	0.49029708416968126	0.24244827368707159	0.8449223424095278	-27.036262924393903
2565000	2.7689869311848447	3.1819679062813337	0.7638803517091162	0.3985630402133128	0.39792417664511515	0.9027992131264913	-29.16654510303159
2570000	2.6099405046240163	2.6556453830319477	0.7169324855588569	0.4364621151274879	0.34737506792600104	0.7839956681836967	-31.40732484393388
2575000	2.7598992678337155	3.17583236756697	0.8117143856379001	0.23755510261623133	0.2133766238066617	0.7243742617943542	-28.154244027163937
2580000	2.407107559956595	2.942911672960829	0.7898121467181531	0.266928991163726	0.2906029442324072	0.8256269556969884	-27.6836201626171
2585000	2.197420464053002	3.947238991885661	0.8562744362674144	0.20834213977868962	0.2245402299581705	0.7064701908038539	-29.25769451234243
2590000	2.0811802513598767	3.223278809670067	0.8605080597215111	0.28465159567261444	0.2239083215078323	0.705062426575416	-31.625163444841874
2595000	1.7752679414298536	1.7762402673929978	0.8626951470151958	0.43994122147091447	0.37173202401074656	0.7184849499729339	-22.8606683944866
2600000	3.3881035932936143	4.626872475968265	0.8292480623897215	0.2785924844677495	0.3834038956036459	0.9863445655975515	-36.992628132510866
2605000	2.55954885118737	2.7172799681991124	0.7831339298601548	0.3206482079155246	0.2389262130825711	0.9570364227489105	-33.336647667760204
2610000	2.065416499978884	2.704146430960796	0.864648795757916	0.4332114101056813	0.23078500816164174	0.8837975565784071	-23.108457979672348
2615000	3.0320176529716365	4.014886656366228	0.731286392426726	0.3715708864985086	0.29603606265743876	0.8464820729705215	-26.66033187867384
2620000	3.972782292322162	5.00246189164626	0.8974761305261295	0.222497478383304	0.2739798979730955	0.7952784123769691	-36.26668345508955
2625000	2.568232728264911	3.5059132138083444	0.7369798995868475	0.47610754897942137	0.2780662273331032	0.8589088081533623	-26.871956013312477
2630000	1.9881297900270387	4.350903515311903	0.845380602856136	0.44411364931472047	0.20614899883146237	0.7677930120701816	-27.13510187588153
2635000	3.3149729643989767	4.164133993979253	0.7304464289769202	0.22438648098428918	0.2201994429928336	0.9414716306419466	-37.072572709820484
2640000	2.9785826531163706	4.177526923592027	0.8383882561681808	0.3638698924932544	0.2168020908056371	0.8089221418272475	-33.60557491894127
2645000	2.8086727693049056	4.318755559253765	0.7044101294693624	0.30013347136187546	0.32021732617743415	0.7749101965987264	-31.377420737869514
2650000	4.8405893748692135	5.388605486942032	0.8615302540593178	0.2655016387250526	0.33574203647927636	0.9144886824208822	-36.465629745771366
2655000	3.5620556255187603	4.262564052394417	0.7220203348538489	0.20465485528784694	0.5281981194578804	0.9832306174100292	-37.284222362904465
2660000	2.7247541451336343	2.8360214141915003	0.7760815126338448	0.38363036394572214	0.20798639951501263	0.8974417292526521	-31.5465859932263
2665000	2.647723026417136	6.3107509484746735	0.7850576189343837	0.2669687380073079	0.26194022240798676	0.7340282094933358	-34.24524774379706
2670000	1.8013676124656748	2.8449247285630688	0.8607345092353565	0.37627010569565783	0.24968887557506547	0.8355465864955246	-21.32504143090387
2675000	1.808592138355029	2.1259360067393183	0.8818646328125568	0.455245947392685	0.21810709517748855	0.8850649942384451	-25.76821728028327
2680000	2.5307248326968814	3.6422641417438393	0.7133416487023061	0.2950110518879032	0.28978084304225116	0.797084067418529	-29.130937409049405
2685000	1.7722025824476735	3.7735431884604784	0.7661167401169114	0.23743371645184447	0.5412266809658496	0.7085194938138916	-24.2546982128783
2690000	3.5134058679479945	6.051188053791144	0.7129513920888524	0.2957496384763929	0.4614307655421014	0.9104977911673664	-33.07688559266314
2695000	2.242479391272405	7.341579812884492	0.89177003257706	0.34910317288891257	0.20584262751668772	0.8567439903590047	-29.837769442368412
2700000	2.4966961504873804	4.561824692677726	0.7474653330786788	0.2293511494131091	0.46737903147595233	0.7622108197481396	-33.311599325076834
2705000	2.636325116881157	4.565920413741546	0.7015841188633215	0.34352331833121985	0.3281908706049652	0.7341297795582208	-31.52693668579512
2710000	1.7678355591655048	2.591427545622688	0.8021345462264121	0.32587692918589334	0.23129758066595116	0.9502143462565602	-23.779972673621586
2715000	2.4494608203044783	4.504542974118091	0.7286197012921498	0.41037740751032314	0.20588157949003455	0.7971378929262095	-28.855512633617
2720000	3.516884897991924	3.827333042305994	0.7227225410355418	0.2889328968645338	0.30925179510227524	0.9619471266188773	-32.035221518535984
2725000	2.5950323352321845	3.1681127130997018	0.7971380652916011	0.29594735834877883	0.2233052343405812	0.8479990440981402	-31.462382247782493
2730000	2.0096503294639048	2.61115725780657	0.8629853787685661	0.2832307182740517	0.2037505557697182	0.8073423887321834	-26.347919555732883
2735000	2.7776270889982664	2.8538517505178325	0.7643394317593369	0.2798520795872551	0.3753898564836422	0.7203785240363966	-30.630558177073535
2740000	2.628402834326132	5.493445412257536	0.7401679424982439	0.281200984414104	0.28187226974752355	0.9356655845618981	-30.396851197153875
2745000	1.768554675805372	4.414998789775388	0.866722203695077	0.42008104193433904	0.22516613309211977	0.9183529505069121	-26.933366663819754
2750000	2.3813202063837857	3.3268282258902806	0.8299835476292617	0.44853924095171893	0.309866190644842	0.8638233168302745	-27.356603258115353
2755000	2.209367379854332	2.3032585788982187	0.8189664225556312	0.33744428075474464	0.48298220419056803	0.8405431976299724	-27.366589520763803
2760000	2.499212062087284	3.263810355945865	0.8589787647485055	0.3240061276572131	0.29088318096118043	0.8644036502778942	-30.17981971509726
2765000	1.8603181383135534	2.9011102156072517	0.8880556484773043	0.2748883007079433	0.540577834274978	0.8074814317138327	-25.239757394303464
2770000	1.6940875609718198	1.89557605301697	0.7766739896766987	0.5185235385785621	0.2496719788609786	0.7155667095111401	-20.59770078348765
2775000	2.8178000843686037	4.7587002743980245	0.8545371984732387	0.3518957096628646	0.3672747253171086	0.7998333913815732	-37.942586864741244
2780000	2.1034061185613147	2.7531088194773226	0.7959490921005576	0.5621727091450126	0.2906096899348828	0.7640803970361087	-22.689555816661596
2785000	2.2795196798127164	2.3460059117402845	0.8176968837987115	0.4357616831046766	0.20112217246862013	0.9122677689340705	-26.990912357748332
2790000	2.967138586964735	3.0147465631753474	0.8818499436172291	0.2507417470132215	0.2910060254181597	0.7175671276711802	-29.575027987659038
2795000	2.4976096215203913	2.9356848314426833	0.8991300104221799	0.3248730958737754	0.33530906676579836	0.853745406271204	-25.734351728278785
2800000	2.259540005563917	4.346108787651268	0.8158392546461932	0.3854215914854895	0.4272462363689609	0.9262508910873936	-29.162993375755836
2805000	2.4575073389605278	4.077216018638408	0.8337092561963156	0.38759876073316835	0.2157576472199173	0.8001010654828763	-28.114957009521607
2810000	2.5068444370193332	2.7994565529988544	0.7391215667151327	0.49647648928644134	0.20899586510744775	0.7841354471419717	-36.48281678216569
2815000	2.6541739134486364	3.4336715493365877	0.7074675250927501	0.4773801701270156	0.28276368077954567	0.8608839519468917	-28.159752408598926
2820000	3.6601972603308144	3.8049119581224167	0.8073189086428665	0.348686513915304	0.21993587814825086	0.8798354539086611	-31.027752658760996
2825000	2.4915504634820596	3.673153293886418	0.7797844581031133	0.35275122914754337	0.28454065861571615	0.7967541783423957	-31.996542275904346
2830000	2.936690567911335	2.9831005366026364	0.7615358137303911	0.2803348590473476	0.27707619974482234	0.7143633984884498	-31.552440954878342
2835000	2.4163745014154947	3.182851229571997	0.8650369826793332	0.34941255966727275	0.3552900859385626	0.9436070744202412	-25.886257752832336
2840000	3.013617768271315	3.197099082855062	0.7534783479022099	0.3589079861182621	0.27653220927650607	0.7974753457319838	-29.068425439811445
2845000	3.6170466000797874	3.8050010588118104	0.7599301558448375	0.49761977871324686	0.2251868737295844	0.8177868878430234	-28.14696130699915
2850000	2.8924453647967967	5.734043828405192	0.8220358586691322	0.37482195778647814	0.2248218946424215	0.9472808528418023	-34.435311173051495
2855000	3.8154216670874814	5.548104170364349	0.8226102296103764	0.3214165979019889	0.2459329217600037	0.9847400325108016	-36.59841407917902
2860000	3.3275336704365572	3.6162068084882732	0.7281150122389412	0.26796172944093705	0.22590048956770567	0.8656984066717548	-40.82996278043458
2865000	3.7980555432037026	3.890768215031184	0.7111217257988933	0.3260762351178063	0.3314493988699281	0.8456699042969924	-38.09544452306763
2870000	3.092652574524809	5.476073645095954	0.8104605756806158	0.3182680434753654	0.3219518330697468	0.7015693266083122	-37.91722526049377
2875000	3.125089214339557	4.02269245854604	0.7405581329979419	0.40985902596491486	0.23124151713810615	0.9807142869046211	-26.234470761889238
2880000	2.168588315178827	3.4046136093450916	0.8553197346003379	0.34262822466827353	0.2991663268562668	0.7917070216190341	-29.790689263718072
2885000	2.245373797160609	3.566716539387773	0.760666516362714	0.47497927455317934	0.20569013677991763	0.7019787654767174	-25.96567649254432
2890000	2.7569122907438866	3.7795887838359747	0.7229903871193086	0.3280876535288253	0.20051851953065758	0.7784843354825017	-35.165625375792786
2895000	2.1367341362102477	2.2843608907300004	0.841520142399937	0.2953169391994904	0.22891677583137093	0.8804465231757093	-26.95733671102858
2900000	2.8835130347658198	4.41005387661945	0.7184654796082055	0.20570558254143104	0.3100727544035744	0.7541970818953038	-34.748918435638636
2905000	2.4337198165834018	2.528832871052488	0.7877631921413062	0.22908708978130465	0.370901821852863	0.9354575664016608	-24.586816306479687
2910000	2.013121853572989	2.4275797398354126	0.8949519696781675	0.3408974746200351	0.21367998468885055	0.8966975125607773	-21.363161401899458
2915000	1.8971439230957516	2.127830662250334	0.7899012184791792	0.40677505666265296	0.3079983749610775	0.9174726182413728	-25.387372044976207
2920000	1.9214152822419037	2.283796681038226	0.7645684759578367	0.4435734555269373	0.3291203715107653	0.8799218387499869	-30.815401212529395
2925000	2.646767185030056	3.1115622445553686	0.8336476062507406	0.6067000543743895	0.223340933990831	0.8171444407066991	-25.14477844728721
2930000	1.69316713967937	3.2376541635787106	0.7971749895167579	0.3488135255736232	0.3200695191715968	0.909322556210998	-23.166999254901718
2935000	3.018803674306971	4.503412915144983	0.7734070545769428	0.23585989778105285	0.3823909983206028	0.9633272137075904	-34.434011315378584
2940000	1.7000532619151412	1.8791056337175072	0.869486310662124	0.2266137816951696	0.2179196503113416	0.7718412355774573	-24.337552346327886
2945000	2.7715416494688534	3.354578846820459	0.7393895606112378	0.256801855048155	0.2972353547297652	0.9931912116407652	-32.33798043623033
2950000	2.9929963908025883	5.408491735482973	0.7766281906625335	0.401371059980887	0.2726848123121736	0.9691336572211862	-32.258204472433256
2955000	2.4235984536577755	4.0283758890003805	0.7321906594018112	0.47918489423907334	0.27456269810276246	0.8453228295422832	-21.94201325064393
2960000	2.807647862435	2.9037131939530902	0.8962216979377551	0.2175916046261999	0.44901500506966624	0.8044557160757454	-33.69501282549813
2965000	2.491371518165188	4.8360551684839574	0.791929904783553	0.258751065093105	0.30275847262282085	0.9316340049451229	-30.318195015907566
2970000	4.471992343972481	4.886083243892702	0.7463532860273542	0.2569399817431434	0.2734088147114405	0.8116184074163605	-38.68736481632839
2975000	2.830012150413804	3.6642889348327023	0.7260402291824347	0.38791700492505693	0.2863696492397165	0.9787657917148646	-28.34987362775652
2980000	2.7893569105516787	3.444345826012239	0.8389390941152476	0.21084476757235857	0.2983818153566742	0.8774737818095988	-31.738242070476687
2985000	3.011342904913989	3.876213544020895	0.7225009738828831	0.2632062691636442	0.24334868032930884	0.7730703476209363	-34.52725157939405
2990000	3.2496394852963273	3.3338991933801516	0.7162017103459614	0.5335834873753355	0.2921476361075501	0.9913206110166095	-26.34310232046128
2995000	2.685831984609477	3.051438095134518	0.849023057737844	0.22195433797868375	0.4664009423724438	0.7312530727778822	-30.80410061749633
3000000	1.803054933143314	2.1469030146578154	0.884825559344151	0.37728036265847475	0.30772184771493744	0.7713447346266025	-28.488536459719423
3005000	2.3490501992334125	4.112477177795854	0.8380151598763766	0.21414311653449225	0.2504489647086402	0.9932610033842525	-29.739457129941595
3010000	1.9881403048511104	3.0712338454604162	0.8296961025402592	0.21030146767608715	0.23844046903052674	0.8930205504220916	-26.095084894144225
3015000	2.0388660933149194	2.5934950538133963	0.791331318182227	0.3677055382862831	0.3660222985957673	0.9312758663362668	-24.08058293793069
3020000	1.69316713967937	3.2534281205556432	0.859384408699699	0.24043585402987436	0.32001302835529727	0.735306557670449	-25.665007425229113
3025000	2.3388319405162816	4.635920859434303	0.8916354474216899	0.4542385897171883	0.29270795858105	0.8727940982242496	-26.761539987893954
3030000	5.614947035965799	6.415091246496632	0.7100878578633107	0.27056742903281367	0.2448513063323823	0.7860881984355733	-37.32532161531623
3035000	3.8205332990225207	4.731582836154395	0.8638011827308298	0.20189476490321434	0.2572796546910133	0.8133687717921506	-41.17349738725983
3040000	2.664296993404024	2.6895078584141916	0.8524027100046242	0.4223948622752721	0.22602024204458396	0.7498476020794504	-27.254373612634662
3045000	3.176635185619332	4.160566521934977	0.8542479815071681	0.2034160714368767	0.20533495553159173	0.870222832211712	-36.77653143143287
3050000	2.9802732341160674	3.388041476742156	0.8324786563664061	0.5433521876216626	0.20931210502503947	0.9469556910069894	-28.81112462745492
3055000	3.491587912365413	3.9865295663083837	0.7916799224524306	0.4254128423799368	0.20117292686266597	0.8399046535819898	-33.68070307197664
3060000	2.406166585495269	5.480341415740246	0.811012175722831	0.31112900979308883	0.39713668528085444	0.7823388550228938	-29.69253219793698
3065000	1.901195347932641	2.2064325829694877	0.8184174057917969	0.32313186908674235	0.3380263989962092	0.9317177633071657	-22.241532157741613
3070000	2.940636755642821	5.194343849264832	0.7654746309830015	0.4973979409794195	0.23114846375563164	0.9507818619466158	-30.688236052661157
3075000	3.474102204350457	3.5549340926252513	0.7751871999513793	0.32319555052619847	0.4236366769877593	0.9341954283787837	-31.739774434298027
3080000	2.8043023719417226	5.872002150084975	0.7687366459265454	0.3184589945037027	0.2461895256845212	0.7203182443099825	-36.6176767399856
3085000	1.69316713967937	2.5164018594311375	0.7484136005990002	0.6722210932126157	0.20327156103954297	0.7684317339403779	-22.204278441578648
3090000	2.314314806269442	3.2460984471680296	0.8250339304819924	0.4155626782359297	0.23080342160760217	0.8957916771573188	-29.297966314366388
3095000	2.934425940174833	3.5965953701342954	0.7745628597866858	0.2132215290723299	0.2857253288944259	0.8905950063788624	-35.41056967511982
3100000	2.012758912535693	3.210179786647085	0.8426981904397799	0.21636250885289884	0.23745653100979372	0.7474177804170898	-29.703526743676395
3105000	1.9786524267342651	4.166322195055403	0.8374068280573815	0.3121411197281354	0.36888183097686417	0.9845156948061712	-28.41393030898568
3110000	2.1681796590189077	3.4177159253269394	0.7699180860564058	0.32415255350689676	0.2102157113480327	0.9331868140394218	-30.440585821789302
3115000	2.5335906122885277	2.5420122690063582	0.8385594571280051	0.4077277411361019	0.32696582888283543	0.9608877918955829	-31.651824873272837
3120000	2.279273938868984	3.1728607245627987	0.8329958406169379	0.3831117234191778	0.26842079887896797	0.796469932266081	-25.912350125744076
3125000	2.0203617875400988	3.538683820707822	0.8314638381116154	0.22874752272218227	0.3872237255515194	0.8564191279421323	-30.99991478639047
3130000	2.6825297701938142	3.2334587137686297	0.8459904268831032	0.2039019684132086	0.3549444564093967	0.8900858732962911	-29.513946511745555
3135000	2.865936398712523	3.494066179917023	0.8600767908913117	0.3546281716264728	0.3142491289804824	0.9757733178303587	-30.509345081840703
3140000	3.6161677169132136	4.572783466041745	0.8478548211551526	0.31059312811169154	0.41350412070905557	0.92928716115593	-36.96183675453983
3145000	2.6054838560915576	2.998111677269959	0.7005307387659998	0.45287592865340637	0.21746490422691933	0.7541397371725154	-29.272386813318857
3150000	3.2201128858255195	3.4351602911583616	0.8766875640942474	0.35708408976323613	0.2743029651693705	0.9414816191448745	-32.00382533216941
3155000	2.263947440565592	2.844474172240883	0.7026444840831284	0.2422349585481265	0.42335590415031765	0.8574312069839579	-29.132629194312624
3160000	3.0120803349193976	5.987287744338936	0.7920211618569011	0.22417225254966602	0.3424506336566089	0.7210578754106142	-34.51967717098503
3165000	3.247442886945969	5.124970084956358	0.7575388942690147	0.2721554904169783	0.466857734363161	0.8426093671299758	-31.462391873025133
3170000	1.7646140410941724	1.9944539146107518	0.8444348662104053	0.22776142109577538	0.26088887892611595	0.9461398885730427	-29.53471728258923
3175000	2.3486825305523533	2.7897287341432877	0.7328128652660223	0.3655341361144513	0.2583812904745117	0.8295353844189969	-27.532200701867175
3180000	2.0522026222692245	2.204157222671884	0.8732294869362973	0.33299292602231123	0.35095748001326454	0.8017119067519708	-27.675319094312616
3185000	4.077947890917365	4.884390840690099	0.813516131689298	0.3748852623233923	0.25084165568857053	0.8586784918497269	-33.42313165661771
3190000	2.643879799236286	2.689002674653204	0.7138915274637667	0.49386715722993135	0.24879723773080042	0.8669026882735704	-23.09870185199958
3195000	1.8053450439793277	1.8660385081025488	0.8933318622010947	0.23296388970467527	0.42518235200248466	0.8832446532422196	-23.04282047402678
3200000	3.1552212834716737	4.430628346032339	0.7621344367833203	0.28653493559033133	0.2967291280713188	0.7763051612107246	-35.82718888473577
3205000	1.7386481710904207	2.0756983044268664	0.7183279916376663	0.3939664723226769	0.24469312516810676	0.7477678414447455	-21.659233347078516
3210000	2.6114483645663267	4.026950488337744	0.8768054898213593	0.39825724978932503	0.20494073273249788	0.823826867045171	-29.029082438482536
3215000	3.259145553271389	5.84669369991925	0.8798968752527094	0.23297939787545127	0.21861423562555815	0.8500002067608146	-35.89552833560082
3220000	2.136003028659291	2.3332691984235296	0.7700652703907059	0.3333349953983134	0.416612835411046	0.8009766803060241	-28.426524833877114
3225000	2.188381523246613	2.2488482984506626	0.8590607949652889	0.3704459360171485	0.3410603547554135	0.8119589958838759	-20.519942466323307
3230000	3.337197281105459	4.024679254375468	0.7799354506612337	0.41870135788625107	0.221748644498254	0.7876994389227167	-33.21859303969281
3235000	3.2425118484161506	3.7389224788365785	0.7577671458930941	0.2111936491230215	0.31054913300549497	0.7337242896196408	-31.933654911162286
3240000	2.2151327178894165	2.28528565402762	0.7995795709453132	0.3386590405672508	0.40690235056938767	0.7084762006191	-30.335474455234884
3245000	3.8228460162486435	4.65452083018517	0.7075728737641481	0.24075918793634243	0.45344990899650006	0.8861865000349028	-37.37822849394574
3250000	2.250764406976584	3.6986064933811407	0.891611058170684	0.30839082749675345	0.28091813823473094	0.9122842078008292	-25.09889225576474
3255000	2.5280340834031145	2.7422686682347814	0.8031548622063952	0.45633698140189827	0.31558187697446316	0.8490049241232593	-34.84153230806618
3260000	3.55871175409227	4.94546508985163	0.8794446043971496	0.21199275254136762	0.4765933176466388	0.8377453032725786	-41.21716401317859
3265000	2.3255220236584364	3.7922407928868243	0.7178943355604609	0.39556179116994894	0.2647558381563592	0.8973079878971183	-30.542664741402294
3270000	2.286917685870998	2.8869234356987796	0.8033307512051807	0.34199219972191275	0.2566964528113955	0.8368245641274619	-26.784871191030888
3275000	2.235458826031744	3.390328674228024	0.7178129514623288	0.3826654075128446	0.23440882742665414	0.9687922383890213	-24.47815086353311
3280000	3.1217293114564377	3.7478244583653444	0.8399348591113991	0.3754776403715381	0.2725743148529197	0.9063656170460221	-32.553489310737845
3285000	2.748133317730211	4.200940553968234	0.7218762648495066	0.2074849892998683	0.21963897291619888	0.9439715798613152	-32.63889560219019
3290000	3.228072457007606	3.720867418131169	0.8662671269606869	0.36076980589085683	0.3061059110025242	0.8236050890565434	-30.13363446610628
3295000	2.520549974024701	3.9538340547175723	0.731046178534728	0.20159037563305182	0.22477049243879585	0.8170269968742353	-34.61654427707557
3300000	3.1433645889838306	3.4397328870321444	0.804691616902144	0.35945228237129945	0.284884511035288	0.7928023011099976	-32.43814598632269
3305000	2.109026565643199	2.6523815474099783	0.7455361433376709	0.5687389104088997	0.3007673815912737	0.7331625822486115	-23.434054098644683
3310000	2.8148199885000533	3.6977773987541838	0.7202031979981043	0.4282201866374725	0.2268734155439739	0.7165340281682742	-30.027843474103435
3315000	4.005399723874962	5.49979860708671	0.7406303375236242	0.3015914575447763	0.3171091952099461	0.9083872493226798	-32.90201371295837
3320000	2.2353168554208445	2.7073757771704727	0.8232653730699919	0.3621377037110209	0.2708662548205468	0.7531055666417028	-26.95550121325109
3325000	1.7169679958935402	2.300568263528902	0.855747292646774	0.6062878554327801	0.208430739610506	0.9002473248698795	-16.350373148934597
3330000	2.3724774663202313	2.8729142939394707	0.8502366394466845	0.2519150214572625	0.24487129129477786	0.7310968360804557	-32.13928903564672
3335000	3.500999265042606	4.30505426352117	0.7971376869875877	0.37961334945509817	0.23568031684514318	0.7298486826167937	-41.35519047483871
3340000	2.4239823156113416	3.075643318291409	0.7408643413338442	0.5892910392378323	0.2661650351740639	0.8895529025543965	-26.36430329660489
3345000	1.69316713967937	1.8121670209848684	0.7338221853904789	0.3582059427222494	0.23785976709489173	0.9714776615452804	-19.933969982145083
3350000	2.4972266594496864	3.17596984060307	0.8418096370933305	0.2406253677792971	0.38518009733982445	0.7243272627549064	-28.03811665066298
3355000	2.2780714481548414	2.4523664051807827	0.7623767848591972	0.33135649369550224	0.41327157845061674	0.8460336793515838	-28.810341644943282
3360000	1.8695134567199945	2.266008877422778	0.7965850311550817	0.24241463167383936	0.3247605857248253	0.8923294073331849	-23.504758920723607
3365000	2.131868716908528	3.377339017015031	0.8489229010495862	0.3788640805079766	0.25885126157449134	0.81068425070189	-23.022972791932062
3370000	2.176030615853608	2.8179213119280098	0.8807569561545273	0.4090624366406204	0.2480272253485408	0.9019095228893568	-25.188436965872356
3375000	4.315236595412451	4.890793264574373	0.7256593483296017	0.24515882864144928	0.3244449009623652	0.7674264896098101	-38.93759085692598
3380000	2.8486883974926234	3.5139445054594964	0.7680446260351118	0.23682320502669665	0.36340828363072164	0.7156837535242987	-32.23610013279411
3385000	2.171444570902338	5.561555981274651	0.8231352376894181	0.37270136187703795	0.39426426857672514	0.751986476548218	-24.457235729742738
3390000	2.413199206040767	2.5362703979095373	0.8677541767902537	0.42241439896357524	0.2996071416388922	0.756530562761239	-33.53859719245053
3395000	2.080309389409744	4.207071023167592	0.7475378061095265	0.5392773221102501	0.2525954389560008	0.7335860956144835	-26.252291499694525
3400000	5.232572768818077	5.806372825595942	0.7233893221689438	0.2859414224543591	0.20520091997923087	0.7962360853213909	-37.424803333973024
3405000	2.9668449417629	3.8421155269330085	0.8715154493814466	0.4100676843392505	0.236448339217321	0.7557605092084684	-30.837361370783263
3410000	2.0907126835430945	2.282957923176614	0.8788750506823914	0.29564958269494573	0.27679336394309045	0.7145815564357407	-26.42229921828659
3415000	3.483828063928936	3.7774291739996264	0.738915611890976	0.509216392918709	0.23626773558132808	0.854875449197004	-39.3331370764176
3420000	3.56935169987674	3.5983206209165512	0.8005939028040704	0.3998049351001977	0.27713298177715057	0.8265469442283766	-34.168113164899815
3425000	3.888230402758345	4.858370826460329	0.8243394809343167	0.20131343128863063	0.2543430028448831	0.8832987566138241	-34.26985925825132
3430000	3.7817893555380286	11.026483015727083	0.7411729344540369	0.2345879518884758	0.3865170182658822	0.7393430034163362	-42.8081564866796
3435000	2.4574007113200693	2.9392565260278003	0.7246909792782956	0.5183432003171272	0.2304117995934667	0.9717656451040595	-27.6519338189909
3440000	4.313252193264801	5.328938477940906	0.7671248042379974	0.33364334308446725	0.27687847190000736	0.8742339876751416	-41.01863569621038
3445000	2.424484627821408	2.9264835737046435	0.7513481983493432	0.5373612417535203	0.219101371228792	0.8234108625845459	-26.982189819873756
3450000	2.859979468927846	3.4889906808769893	0.707601765771849	0.3520929867988321	0.25453985413784386	0.9955769827144816	-29.82058115903773
3455000	1.9752624436545465	2.7421806462594445	0.8315529397328595	0.39510859575049445	0.2627738653053059	0.8823738431670725	-22.5769705572861
3460000	2.184075855474697	3.8908249341055514	0.8489036243043118	0.22465816498870259	0.6255134711575996	0.9063081505394095	-34.62097947171926
3465000	2.052428811690841	2.287323194162192	0.875926589129431	0.42744129972043826	0.3465256448610363	0.7435220746422546	-23.63485542277537
3470000	3.3510765489888303	5.332112800430719	0.7193415589413993	0.23513904085846668	0.2125790524829642	0.8107120483745867	-36.828799294440664
3475000	2.9582320419456334	3.0645978921359176	0.820219523687069	0.23272249126418565	0.3748450568075384	0.8077441493693822	-31.003871030858775
3480000	2.008509151616107	2.5447804446856317	0.8185392568655999	0.32261302717969215	0.26037316634485763	0.7611184980745924	-27.532537252032036
3485000	2.1636389751635132	2.2977858417676176	0.7523397628937507	0.32377398943897934	0.3034552274913532	0.7699377810029193	-31.043766467159372
3490000	1.69316713967937	1.8436542385543193	0.8869880207315921	0.6317973508868491	0.31903470512353044	0.750407105508864	-19.06846263923276
3495000	2.323324303645699	2.3602570862710697	0.8032954708452764	0.459264093134908	0.24654024878684938	0.8159451225153438	-24.105776501275706
3500000	3.638018438789837	4.566414012397956	0.7275287405082193	0.20208877940417977	0.25502422963655186	0.7045487515445042	-38.780590494141244
3505000	3.3400795082340706	4.0794562347602135	0.8730063211595684	0.3098319558649006	0.4267521274395706	0.918442661459849	-34.34247799006616
3510000	2.128339344022649	3.3356885296665424	0.7429794138391995	0.47013870598424723	0.24295623733774485	0.9875205745678942	-22.729211177418854
3515000	4.7390302808222895	5.628740172872174	0.7367754160475848	0.4465724892216223	0.25969289676406404	0.7363129774136218	-44.03231222723353
3520000	2.669124820515308	3.85274361885597	0.8804545872836383	0.36550747174549286	0.29905710337651265	0.9876841934298589	-27.804211075926965
3525000	2.515387736280784	3.4450622444065244	0.8589945397166651	0.3200958950441222	0.24647448237058803	0.7554139891728763	-31.214459437812607
3530000	1.69316713967937	1.9720692386647072	0.7383931900460861	0.2536273569168524	0.3241394378821002	0.9637965839117139	-23.11227340424156
3535000	3.804446475361818	4.673733707283852	0.7208702864366663	0.46071663484277536	0.35335451808084517	0.9176394554390186	-33.972714274077966
3540000	3.2699541894991735	3.6182743531017185	0.7340503092405918	0.23453243092266346	0.4190292399002171	0.9822177234990853	-36.80555041529987
3545000	3.769292878634454	3.8746181731166867	0.7031718005640843	0.2953908789999186	0.20169375603446335	0.7736112410174361	-37.3771339352763
3550000	2.503498692915565	3.1014566876815057	0.8727126451815581	0.3445277967359869	0.24346274685306132	0.8504007903538202	-27.206668217992227
3555000	2.2925056539584885	2.9726723779296855	0.8566272083885575	0.25141668799644795	0.27369596436812105	0.9241317420706934	-26.259936321206652
3560000	4.104811103472326	5.523215188746852	0.8341200044722926	0.2227999951208032	0.38309171271372694	0.8578226653082278	-38.86896773502125
3565000	2.3335214581579056	2.3396877909493594	0.860097714060555	0.23724976243778756	0.2999465109424679	0.9160218513805297	-30.478368997567575
3570000	2.550400252289834	3.12373998241927	0.8404872556831424	0.2281869893406552	0.20535088253782133	0.7864076396423809	-31.37619553666663
3575000	2.018116647333183	2.9506302552803207	0.7892051967407803	0.5094655822816183	0.20590933810339046	0.9381948607642817	-18.339407411332523
3580000	3.8537162598696946	4.340166974752892	0.767599195398283	0.27112131746114226	0.26246621845763957	0.86080890602564	-30.691046866332183
3585000	1.7833859911350838	2.163152441082821	0.8732229753343396	0.5541555478782116	0.3739450895791762	0.7217620486048567	-17.2190130837307
3590000	2.495827945582223	5.585909397822798	0.8534801477610804	0.21673502019258706	0.36310753538413304	0.7485872592610873	-32.56418165649555
3595000	2.7553596974472763	3.1489560470737517	0.735463645082117	0.2765326953957764	0.4524603289530183	0.9697355011321481	-39.257717898955704
3600000	2.980719005333517	3.0282453456821132	0.7698176443903401	0.43881358615902705	0.28112168908093094	0.9546805372020232	-29.01964090939642
3605000	2.322659505972543	5.178365609094371	0.804603311574916	0.24820731792651182	0.2897945733922771	0.824320874047216	-33.39398461235212
3610000	3.2807513765967204	5.4827273636695155	0.7388569648561694	0.39061775489089623	0.210393731080588	0.9812432895252249	-34.60825812329845
3615000	1.9672142668604884	2.040891471777811	0.759168612665862	0.5020254581705413	0.420340783708966	0.952715081617945	-29.24388869899853
3620000	1.9706641355624155	2.8196459215837306	0.7610760489547475	0.32254394046076923	0.2018481008430684	0.8622575587171313	-28.615812390222974
3625000	2.3679417646589624	2.3782931598851977	0.7168506697859861	0.24544453715137352	0.2921003437328765	0.8355840054912239	-31.009112301624917
3630000	2.7124765763229357	2.8053176519877847	0.7316029091616123	0.4017984095476558	0.2696812664415878	0.9820216706248128	-22.199639494565357
3635000	2.1245380774731153	2.6065651036761905	0.7529702266508559	0.6083723807132453	0.20385519905572996	0.8066302803475988	-29.668636673726997
3640000	1.870176853163562	2.8942119822310537	0.8875261515840596	0.41026086006634355	0.35910900455822425	0.8327633935126127	-22.87217158946808
3645000	2.019444303767493	2.636591540578586	0.7704816300549935	0.35931941310802956	0.21434556726189713	0.71060099927569	-25.602233875597083
3650000	1.8646581355983853	1.9272244559295253	0.8043455180242322	0.41437988589181685	0.23216217206963202	0.8076225689664686	-29.229618670112604
3655000	3.1935930507709567	6.56133212117137	0.8598140983672397	0.21580182281266425	0.32828073257275464	0.7155328434308318	-39.721309430214184
3660000	1.9077468166754505	2.7988974911262305	0.8795970469172995	0.3399896025828661	0.2819572852651297	0.7175878323201459	-24.589433054950124
3665000	2.3875773188913594	3.2588086461178722	0.7967822426113602	0.3452882033678966	0.24073702182875711	0.8684118235314798	-32.23530261781327
3670000	1.8930085165157007	4.281214001439905	0.7310966636767372	0.3846402617126245	0.2466477444745579	0.7659512819030757	-26.90329138440364
3675000	3.030791672144822	3.837926003420635	0.7366463633813144	0.4277452489236234	0.36256606445872014	0.9941744904363801	-30.415332358833044
3680000	2.8450951288153288	5.662405125265364	0.7641094040072214	0.3573799769425865	0.28029949754334693	0.9560978351191672	-34.13656257725724
3685000	2.9662982065347987	6.314924843973866	0.742988527368491	0.24156249472510496	0.2521973495623855	0.85486023344536	-31.857968867965
3690000	2.0661724156648043	2.4486118513613024	0.8353000565514762	0.5175426872223537	0.2596882543227913	0.9886951476915751	-18.2338468556777
3695000	2.5676224650553414	2.868701604612782	0.8121739098363178	0.3596027349212339	0.2674341485291778	0.8020859253970657	-31.98664962895287
3700000	2.1008055081334915	2.565952588409229	0.7501795747884692	0.27999335210215465	0.21745353380033042	0.8692852593168706	-25.1317504063663
3705000	2.331010841486459	3.12964889099921	0.7772338774930462	0.33170502592907875	0.20879540853002432	0.9391524595300091	-25.812792919763492
3710000	2.020936467747907	2.9849750198797773	0.734643781801604	0.5029740861519382	0.21761817464705935	0.8542678325844876	-19.34969932124707
3715000	1.8245291683867553	3.438217219943583	0.8283942400595293	0.3002617441805759	0.2556532827392758	0.8077678111444577	-26.58906212847573
3720000	2.944593304639942	3.2192940527559393	0.7395643052772563	0.4649238911099345	0.25355086236043084	0.9796446497427018	-28.235147289759777
3725000	3.047646717450387	3.1986722471210274	0.889886296937445	0.27916446041480775	0.36533389673303307	0.7426475210015752	-30.162148326534044
3730000	1.9613881870896126	4.439705959238734	0.7900594358106169	0.42393646940542434	0.23802590548904032	0.8046408855407396	-26.472040534658806
3735000	2.989001099494899	5.401154867197406	0.8314375924175417	0.21093472770230148	0.2862961062898462	0.8532748481471386	-32.66229262427785
3740000	2.45907176622142	2.9695432775699997	0.8817175000275606	0.3591430130064224	0.2109621616285492	0.8286352270933025	-28.290376144003698
3745000	1.7617806257237043	2.3054044506044096	0.7637413687717569	0.5684683056106288	0.255143130961333	0.838669213965856	-14.438801270295611
3750000	1.69316713967937	1.8715858088100854	0.8107295983389015	0.6875275965788022	0.22500326144048946	0.8507405856866305	-9.308049319902768
3755000	2.6662497573200064	4.967056576539762	0.7098568418825608	0.5008180509468898	0.20400843023489412	0.7022972093348653	-30.06038290468895
3760000	3.421416381372695	5.005349169610334	0.7188632334852726	0.2917269767969104	0.20623698545084912	0.7203731356608085	-34.64370823136876
3765000	5.03139110979783	5.305619865615195	0.7649914755592444	0.21784713456093652	0.337815290133585	0.8168535092492338	-38.700669963016175
3770000	2.2596415612525718	2.2772948375596656	0.8686501272002014	0.5999487492596854	0.21765452140419397	0.8771965933225423	-16.518385149453138
3775000	3.157711691658325	3.191839450847259	0.7823217401082475	0.22789079591517158	0.23595452354147847	0.7787998831832716	-35.312924465258405
3780000	4.150873493308791	4.292173847387195	0.7562462555084046	0.2130596854782188	0.3740111522860649	0.7912035209082242	-32.70666094071496
3785000	3.305081905040829	5.4082541920319125	0.7693467300507868	0.3447694508592988	0.2906982317826935	0.791568701413949	-38.37783922211642
3790000	2.407315518176655	2.5927462470007128	0.8778028986582207	0.3470170285958572	0.3450784888976553	0.7957124658110764	-28.21716494633628
3795000	1.7373770767101444	2.2118403931207467	0.7942148437329766	0.5580745944753164	0.2519921988605525	0.770630508071727	-18.698116207222093
3800000	2.2689094404415364	2.691635567169952	0.823497351274578	0.476273507655688	0.20950266774013676	0.8987223624320482	-21.95501456586936
3805000	3.3742841297632955	5.859721788425461	0.7727157591554077	0.35004865053344303	0.26827937976393595	0.9614999127229363	-33.56224597219877
3810000	3.7043082609868887	3.938559030517951	0.8434777393722654	0.26882279936228765	0.2689166512604012	0.7102525616018724	-30.81929729759709
3815000	1.8895682441805148	2.698955669548623	0.820511239399518	0.270287379690617	0.2333849019399464	0.9545924213072863	-21.265981152394403
3820000	2.9717945017137786	3.099510979201653	0.8700106654356367	0.3883267382183879	0.2628089317321917	0.9707741144802552	-32.39098115081047
3825000	1.8116511940612154	2.0667805498448475	0.7607628410464582	0.552219749638806	0.26368647173864973	0.7647474167145262	-20.074465384310685
3830000	1.8268225731097065	2.197882133041212	0.8510711779497663	0.46546764708635124	0.21678000211813087	0.9930412752988077	-20.211588078178938
3835000	2.360345764988631	2.3655756401648222	0.7372129725109815	0.2734432020444521	0.42082715981563407	0.8106764039306359	-29.28217082342262
3840000	2.0679681972273127	2.9596953491281384	0.8291522587692152	0.288228204297314	0.21184505963038966	0.8852598998994462	-27.592804255022926
3845000	1.931996729842241	3.1774524117863234	0.7755246526986499	0.4727674421225984	0.21881351126109988	0.7334469119384285	-26.883157511268106
3850000	3.2274525840924655	3.5075522052304273	0.8057741185290289	0.3808346842756852	0.23708737382649842	0.81266857986233	-26.358325648405575
3855000	3.2130816579713146	7.557409666039774	0.8233280753792712	0.22929471921145247	0.2701086309345992	0.7679428100142935	-36.049546647886366
3860000	1.993555765526561	2.0321395321876774	0.8751290165986241	0.47689234588210255	0.2559786809309045	0.7891288022820614	-19.703700624322654
3865000	2.6848419028652697	3.7055512093100162	0.8423353380258122	0.3979359272584746	0.4062870842419333	0.9716778748728425	-25.04133498213812
3870000	2.6215255341632338	3.1969142704964244	0.7491098372575511	0.2994126959127233	0.3113471358320946	0.8385494622759633	-30.765762718344323
3875000	3.3638159274844543	3.938092285898321	0.8361607629289192	0.3039667345374989	0.31314369462116615	0.7586551285117135	-40.320522446914346
3880000	3.1280757383677456	5.068288088595341	0.7015500767850013	0.3871015244095553	0.20943393772367375	0.9189789685618022	-34.462977936436644
3885000	2.2755038050245187	2.7996358123569625	0.7862338867554236	0.3300328119708089	0.3814258011930861	0.9360673921662253	-25.897366435800464
3890000	1.8664149501996543	1.9310472405041814	0.7559557797467165	0.42614220661982394	0.2107152966173199	0.9161575979818356	-26.417962551733588
3895000	1.9272651003160775	2.050929120682053	0.770745384193967	0.47957770848062786	0.20729509013840874	0.8477000373577946	-21.75535998888837
3900000	3.180192545212756	4.605430575855898	0.7820886869904389	0.33931284653083443	0.3055221637292523	0.9546084286705487	-33.970306965760365
3905000	6.809421572938018	7.602763289282561	0.8843659088408411	0.3872891029862186	0.2363190030691177	0.7555289816561713	-42.78293816275232
3910000	2.0661193354560323	2.58636116757359	0.8452175245260222	0.44747298438702043	0.2933461590728151	0.9057240299259499	-19.26270165102599
3915000	1.69316713967937	1.8614242235089762	0.8899582728483691	0.5844263051513613	0.29969243171626864	0.9683162165419578	-16.872309192542186
3920000	2.4473785753642407	2.487588144607086	0.8390754150015964	0.2974488213160852	0.33945880665052414	0.9507067669913476	-27.863331958222673
3925000	1.69316713967937	1.9177671058899268	0.7311232573878587	0.6113416679445733	0.2651176406846033	0.9172066769547749	-19.24845645257699
3930000	2.776884456784141	2.962605005326051	0.7921498165541231	0.2275193286773347	0.31537223312293805	0.759079664087014	-29.61071447957067
3935000	1.713127891726864	1.7440912751309525	0.7992463100581654	0.4236951376076143	0.32850411173249394	0.997661657003634	-22.811445192389954
3940000	2.4633424286609724	4.854988596844103	0.7007439160801495	0.4253155429179489	0.26129119103688514	0.7892073888680535	-25.335708162069952
3945000	2.5416754671359008	2.5512060774686764	0.847358971351465	0.4450447223057114	0.34192892692120014	0.8285212477173004	-28.42433889456243
3950000	3.4895611479773248	3.615172914322853	0.8915913682589333	0.24700801147134782	0.22971941326631465	0.8038199445512848	-36.955590867427055
3955000	2.6723016470701686	3.1012807048665447	0.8070011171159123	0.497794864534679	0.32869797535577494	0.9761781889610562	-22.87207470592419
3960000	1.69316713967937	1.7114205754079492	0.8995091057595275	0.4276646773811267	0.38549986935346914	0.8226269175293464	-24.19923159832036
3965000	3.6216782731140675	3.896137249194687	0.7577253561335939	0.4317859932417105	0.29539585871357926	0.7968492471422681	-39.32366394226315
3970000	1.9875971153747882	2.5120193930081527	0.8445452289164888	0.4592304721436069	0.21331178111299498	0.7037876283564252	-26.181517920690496
3975000	2.32199950320551	2.4064716706520843	0.8550099356559041	0.3243350203445331	0.21030998372436416	0.927981967755438	-25.049451038588156
3980000	3.2658643942774095	3.5237016752486103	0.791873980621966	0.2641913111944139	0.2914412656044088	0.9113803954135221	-37.1492994479443
3985000	2.358758901499993	2.7935510489834767	0.8153890064070075	0.2682944422709279	0.45663748443453533	0.8300199633806591	-27.81687897972215
3990000	3.2849706768497318	4.2920708493363495	0.7453618993784007	0.43086119105702747	0.21585471068565074	0.8556429007823346	-30.970023172234896
3995000	2.100671744031735	3.0692481136179297	0.8254868606088065	0.40328385040370984	0.2149273722991986	0.953689031527896	-22.9676527092544
4000000	2.0894997582316663	3.5265314894333386	0.749188612768741	0.2510903272746822	0.4819633020739065	0.9982012126441066	-25.880904233869995
4005000	2.5436097769143045	2.6812063896858045	0.7049908161227083	0.5245937037727906	0.2170063942052334	0.7551089296757515	-27.44844625407148
4010000	3.163998833303131	4.0663382772806065	0.8289063146798731	0.2502243112302406	0.4514202277150358	0.7195190054612474	-29.573281634082154
4015000	4.0648262714121834	4.123141637085479	0.7720714508996736	0.32802976661051225	0.20691770522729122	0.9417255278187299	-39.62872686006745
4020000	2.6021089178056087	4.153797798392092	0.7743024652669589	0.27671350868786937	0.25124837585996085	0.7317929982398199	-33.49887255887472
4025000	2.3036168094392684	3.283756331648938	0.7943312440042952	0.4711635388109744	0.32211097748493306	0.7371163144374431	-28.360689099812394
4030000	2.2806532814738745	3.52584010788962	0.7627781178111039	0.3131929330415272	0.31515233125642	0.8120083600302654	-31.69235275528326
4035000	2.416570080478631	3.06727963885858	0.7279313704547901	0.4310559914532604	0.2790562924601114	0.8618727783008858	-25.783829648634484
4040000	2.0425264019950773	2.9771031717847953	0.8872109402543429	0.3101157255964361	0.2875202372020443	0.8534406511701108	-25.455046175875175
4045000	1.9332059090705247	3.818332493338527	0.8449559093499318	0.31516251813368296	0.2534768734166298	0.8907013447338589	-25.340983288820762
4050000	2.1064318859072477	2.4119800904982385	0.7447005563501391	0.5486585457046177	0.4382258934192459	0.932956030163932	-23.633304513890632
4055000	2.9252189864107896	6.111261281985428	0.8303261248811072	0.23460569090900957	0.33518982705606437	0.8550308558677188	-36.511110634252184
4060000	2.7104991752718988	2.864632564789973	0.7623417589477699	0.2976894249519195	0.34380976655390455	0.7016773911586488	-32.63292050641212
4065000	1.8982996099546974	3.3406139186465893	0.710864254841225	0.37210187498955843	0.2484540002468246	0.9832016169498303	-23.735878851840337
4070000	3.259390379298721	5.579252395689445	0.8248843287716282	0.2027666785995423	0.4282301245367178	0.941326113384988	-38.93903757787399
4075000	2.8579745245100057	3.0759489916865834	0.7301601113978595	0.21501613546461862	0.4626714605154928	0.9057233461238011	-36.075392766979256
4080000	3.76721565859128	6.001134977780462	0.800479711584129	0.230522236874472	0.3171701112423238	0.7788144270531654	-36.25365248963746
4085000	3.3470854487299544	7.2972650931631335	0.7677487450300566	0.23527604434840835	0.5166153501705546	0.7897428238923777	-34.292681520116226
4090000	2.1996365142457552	3.830203228883935	0.7762501965913151	0.218620785130525	0.3302892825483622	0.7327534577145025	-30.262329476542384
4095000	1.923308601095483	2.3259059695778523	0.8377660184002673	0.2623862971921174	0.35186877174998815	0.9164621359529344	-27.780855969956246
4100000	2.356650361316456	2.3881398081357914	0.7556336734421298	0.20595907761781157	0.33050953849654496	0.8286470547032946	-33.69429903972177
4105000	3.1915494153745754	3.494188254316738	0.857558763548131	0.29985309915773856	0.30791614171185444	0.8441576767471999	-33.18580416321445
4110000	1.9847835108037684	2.1617054893283654	0.7295729192362083	0.4463338812385593	0.2227980946972202	0.8955361981343233	-23.410812144413264
4115000	2.7427538093661186	2.8173435196160317	0.8076125328534214	0.22594479775957602	0.2026298449497389	0.7517357575834213	-31.85139253195497
4120000	2.7687391611793384	3.6450379258715713	0.7558054999181201	0.426426488468532	0.21674050891830546	0.909122564642772	-32.100392727371094
4125000	3.3152714566623307	4.249986171816682	0.7436289124418075	0.23734020969548103	0.49596379338642305	0.8007382288399162	-37.69140023322089
4130000	2.486957130330168	2.6004636026789933	0.811237174006259	0.2845582423374912	0.22090154804620835	0.7569697650063856	-30.060327400042993
4135000	2.1125912422020336	6.950938497578803	0.8940173133435265	0.3386567387694902	0.21896272319247137	0.9173991423550375	-28.264219438590676
4140000	1.7761817052554092	2.9215873953256306	0.7405825396744242	0.5229801057834225	0.2039392493123244	0.9503734019162348	-30.346961978039456
4145000	2.022381840188288	2.197022134042449	0.7917110380577997	0.3125282325964882	0.36337436630065717	0.8065693122758484	-31.610836960799546
4150000	2.8656459018768023	3.8159044168008727	0.8393683666327459	0.2873814599863499	0.2842254460106446	0.8591012777775594	-32.53429228873808
4155000	2.465249700476296	2.6626954634541122	0.7680940591481894	0.30152290371442203	0.4548544094982226	0.9466580510560759	-25.939343581966988
4160000	2.746306483906837	3.373845473092209	0.8638754917868028	0.3499086352312543	0.3745249236604126	0.7311844742831659	-35.08564412913107
4165000	3.5615767385863824	3.680779934835603	0.723046293980857	0.3385365079720114	0.3983285983594093	0.8198414326195158	-42.37458785201943
4170000	3.9761180517815387	4.21147392161473	0.7800526004732118	0.5621065737242209	0.24187134816798259	0.8513557211200491	-29.074818908032785
4175000	2.8933051834019805	3.4531974573405813	0.8080161613616552	0.34478928431123873	0.30494792242106633	0.8231736385922293	-32.274050954642085
4180000	2.181052017926889	2.1963926494563077	0.7412707319747946	0.4473121084082783	0.20257380995727178	0.7491871888178723	-24.091366790797494
4185000	2.0574172607462837	2.0598547237924705	0.8950516345760025	0.22558303286488732	0.354659807120706	0.7802894202365396	-23.13665889141227
4190000	2.4488151007108234	2.8147695221025364	0.8331282279551177	0.3150733643737495	0.3438630783818054	0.8698497975050203	-32.9115531712423
4195000	2.07083878445536	2.626768232650681	0.8188706414891752	0.4085449307652859	0.4120364620761072	0.7496653358531391	-30.84928998282811
4200000	2.1792762000634704	2.189366255731083	0.7558490977435551	0.24353656691342596	0.4136397694476569	0.9135629974809549	-26.911019350562057
4205000	2.6182966129130505	3.423558886572355	0.794393189295228	0.2682102457965501	0.2095866058482292	0.9011783103826994	-35.67174895196915
4210000	2.1282156055339447	2.2456590606393325	0.8425553675191285	0.3603391566252898	0.2774528104212934	0.7365123426940701	-27.291277992588558
4215000	1.9122416830090365	2.92598015787485	0.8617720769536756	0.6426155498293171	0.2783659849863219	0.7445860820891709	-19.379213166331315
4220000	3.237391052129537	3.5434606190334677	0.7726857363973997	0.2787953155701928	0.3413626798675826	0.7655901468582136	-28.394726539465747
4225000	2.3779690278305683	2.9407256668363924	0.7283398145450605	0.2271995115821288	0.2714847073224187	0.7401156193544863	-29.19291920226593
4230000	3.0824954929835005	3.244465540949164	0.802307400539923	0.299002709831273	0.2267666274954965	0.8952046072013115	-32.07798716083063
4235000	3.6388124721309083	4.979344990908549	0.7279061918562606	0.20178524221088576	0.20190907820882892	0.7823607898470952	-36.969017375735824
4240000	2.7026782682016695	5.462572656491001	0.8890823988465986	0.24130029677515222	0.22655152701688241	0.7677645505773116	-31.757793429544023
4245000	2.6664211049192743	4.244271600684445	0.8539121631208274	0.3804928967482921	0.24904293290761845	0.9669092521002226	-24.9877785933596
4250000	2.8523951899451205	3.275967433929167	0.7228185012216821	0.2958584883469445	0.4098515866407051	0.9060178335110938	-31.51016585375801
4255000	3.0883398203547356	3.3894827641094882	0.7184022270435286	0.2730217014268618	0.26236171845896106	0.7412263913259914	-29.8806923020948
4260000	3.2098688404127222	3.3305255630726918	0.8250871221369992	0.2568843286014634	0.5038038799452478	0.8012787703230129	-41.03948138347393
4265000	2.011562741600093	2.5229571784630824	0.7023506668408741	0.34123138621338844	0.497078438631581	0.79806127385126	-28.914728307579626
4270000	4.4782107326044684	5.504749953937848	0.856480990112218	0.26575570575864965	0.301153798682772	0.8024405193934213	-40.31541654870231
4275000	2.054389370923874	2.2537767967409006	0.7767447574871388	0.23901510180661872	0.5040640541787301	0.7207511341776236	-28.047253452390045
4280000	3.385449666570895	4.310818344115075	0.8910929811723265	0.2158354626657885	0.2922010518678701	0.7158531973517076	-39.96559919964778
4285000	3.1563286111152284	3.7703303476831893	0.7501147143113002	0.3944405876670527	0.22403887842581643	0.8604606140789768	-29.319047624522828
4290000	1.7138898275676846	3.6632359773712824	0.8750812575429786	0.33566051868399704	0.25099515574309544	0.8356668519414587	-25.51698654024473
4295000	2.6773118787592955	3.404995665747812	0.8886999161747022	0.28778580724413555	0.29793666725178547	0.8082368536702734	-27.123824131747355
4300000	1.69316713967937	2.8461146790018974	0.8312856919408007	0.5644594940073813	0.22123774853826392	0.745111388633227	-24.722989249529498
4305000	2.1944673888616943	3.802273641586866	0.8289607746297999	0.25128915960208664	0.29361809673303824	0.9121827386305463	-25.360423084350973
4310000	4.008656702850059	4.3449886173015635	0.7079742039434666	0.29486951212840223	0.2551225063833324	0.9594170478944205	-36.07329819210644
4315000	1.9395008145609103	2.034423279315188	0.8037584007656097	0.31030144437832546	0.31087836014710235	0.7774566071729588	-24.71949212578915
4320000	3.89439744931278	4.1178740525077515	0.791853174065105	0.5305376063756941	0.21425055193623044	0.8595513499670937	-26.872281929834116
4325000	2.504611291372897	2.854552414142616	0.796767236589668	0.3241995703423271	0.22907067620728166	0.7148836600677098	-31.278007638017606
4330000	3.28618950314228	3.313621276802245	0.7113044206713783	0.32991082177889314	0.2929397890240134	0.9210461528821553	-32.32355322586877
4335000	3.477217965828843	4.081917664705128	0.7024295748904759	0.2846578251471113	0.22327229216045585	0.7495025067560144	-37.91104670810937
4340000	2.0198214924398026	4.0651366188379745	0.7952607140093556	0.21750783191329334	0.25233005573655043	0.9067244541960305	-28.673178869270476
4345000	2.4682519523606543	3.629513667341059	0.8349115191294172	0.3510197181698453	0.20516875291113446	0.9987183356315296	-29.20660897900301
4350000	2.234238025664632	2.6917412478421205	0.8130632842817678	0.38729814379639754	0.2104647275228207	0.88990430500027	-24.096482558123242
4355000	3.688905660565744	5.5269989775942845	0.7908258211816294	0.21996168049019768	0.27057017300865666	0.8214724764694592	-35.954785443502374
4360000	2.0579197255988904	2.891461203849942	0.7587102945361551	0.4168202747475048	0.2840424653025313	0.9234603442881606	-25.155035841436266
4365000	3.138821832139149	3.817706669947578	0.7555703630651863	0.35288863446944047	0.21699273080746784	0.8881355025277424	-34.25569701554437
4370000	1.741555053381369	1.8725580820320418	0.8272496414540574	0.3141677572311703	0.33053913744387536	0.935532323352239	-21.15125419966954
4375000	2.9000883871526844	3.6807700449638903	0.8879175910883239	0.21904399237244665	0.3117763358876395	0.9138706477030809	-31.994360548790198
4380000	1.9593390883882507	4.156612365007915	0.7474874741971539	0.4086509974341711	0.27215397675823944	0.9244203938491079	-26.487152926136215
4385000	2.3641250842488986	2.5467941921792945	0.7464585426201725	0.3127731536436979	0.20773209005248977	0.8232583699249838	-26.76097206802258
4390000	2.0047003007353936	3.215206631628641	0.8968017419159271	0.4911148544111123	0.2087326648132889	0.811469495545408	-30.536619279288534
4395000	2.4174366940628746	2.702441516032117	0.8757922351476797	0.5728716836141088	0.21781463709158633	0.8233308735235508	-26.156019417312134
4400000	2.747260742824299	4.445420995894472	0.7515928498485449	0.228439293736842	0.27211996725011056	0.8954279236397044	-32.69367875675305
4405000	1.8443792327756954	2.322990120326481	0.8917220521770666	0.26176436625634086	0.3274959171697491	0.9221732544505302	-21.69010535447652
4410000	2.787178178246652	3.953901730211261	0.8251749705758896	0.34682907413791964	0.2044330520574809	0.7558904142158787	-27.958217365222126
4415000	2.692631017379867	4.779317287173739	0.8566696706478197	0.2949247734141009	0.2047123052208351	0.9809286980384002	-33.65957508225206
4420000	1.741322991893021	2.79920604949661	0.7539558716375424	0.5975074896929402	0.29196402744605043	0.9914514567417917	-21.43663046488724
4425000	2.569332373729303	5.1102703937522165	0.7902863286490974	0.36835147487413133	0.3498350828122348	0.8298604693249761	-32.323241600744375
4430000	3.119039787777491	3.48936519765759	0.8475366974110528	0.2983140869128968	0.3358400136013722	0.8878993739446883	-32.12722598437402
4435000	1.9477819114289758	2.1487584680860308	0.8196776722623308	0.47220518689266777	0.22309605913481784	0.9024799089362316	-21.06989453532643
4440000	2.6106272402432835	2.842718221839881	0.7703944961568164	0.47634175229725767	0.23074150624612227	0.858046815068054	-25.730430020951456
4445000	3.7828143349107206	3.889953332715548	0.8256298612363442	0.27267179206183656	0.26331965867202983	0.8917123632248588	-38.06436447976195
4450000	2.1499243685460394	2.578670564998938	0.8331263955633946	0.4400048495007218	0.23012451909395065	0.8269332644188383	-25.894042795772737
4455000	1.9878926406649085	3.7307858958595768	0.7916726157511507	0.4299784957102109	0.22578399316529763	0.8955729608023508	-23.530158272134738
4460000	3.6016776758304307	3.720991766331428	0.7366937529461713	0.20647297806107678	0.30343063938817083	0.848546923786214	-35.70155038962456
4465000	1.9676729714973777	4.011693262754734	0.7245731439616664	0.3647358572878741	0.24366375587950842	0.8237327942115882	-29.353839625949288
4470000	2.1330872640797165	3.585631713719715	0.8273200477032878	0.2288408541478946	0.36544998662355943	0.8510726333275023	-28.33003221797934
4475000	3.382021511279948	6.924289533308551	0.740080371795755	0.37094947104749476	0.2328386752632762	0.8934812408543843	-38.913890165443114
4480000	2.9616835706217217	3.5344312957313817	0.8122704667880841	0.2952292588537248	0.2628578814934265	0.8308056145893291	-33.897007835174065
4485000	1.8014178779020942	1.8107333228202473	0.765002794535495	0.21508667549678334	0.32560728144611933	0.837059728109371	-28.0881149602788
4490000	2.6831666866140225	3.865181453218263	0.8066602917597331	0.2940637241992054	0.3365866191161924	0.826647195116659	-28.29905388454642
4495000	1.69316713967937	2.485739213108726	0.7760144036772364	0.46243647376091823	0.4004984606127132	0.8645476242274299	-22.466524906645642
4500000	2.7062025842701205	3.1685196364917796	0.7348290359031815	0.32369424551430886	0.36214134769364603	0.9296404081373689	-30.519576811671232
4505000	2.8301778850239763	2.8857585824481626	0.7528483590841697	0.26982714959902593	0.40641926979224113	0.7429123327694587	-32.18353182202867
4510000	1.8319451554029342	2.0953670219018696	0.7411715948328143	0.32892465909144053	0.20356432476360187	0.7153284702138633	-25.69114511862943
4515000	2.4816188825847503	2.8068285845997685	0.7110284001357751	0.33913671126895517	0.3207683088270049	0.9951388353534959	-30.197546210158123
4520000	2.930290110002957	3.6324911380163827	0.7098001253178728	0.37251457128729776	0.26198082956817587	0.8800052392162327	-31.380236837154392
4525000	2.2689868101467345	4.55029607962608	0.798795803975626	0.2503727791985896	0.452198213504669	0.7514531481763318	-33.88699236006809
4530000	2.440141257572723	4.236970002773325	0.7330807802577398	0.33145434018334957	0.20426283707148787	0.9737983390777395	-27.868836114652822
4535000	2.884217327908545	3.276863129999308	0.7483662143205444	0.3708532228402972	0.3202636392516122	0.8153807967727598	-26.747538583067303
4540000	2.8775503083425966	3.030352537888482	0.844975806909578	0.3273594456656145	0.29449745247584475	0.7571600936690774	-31.371401036156428
4545000	2.6263945964970032	2.7186553625192063	0.7726607606714001	0.25350607996134616	0.4666470609524552	0.7791167180015671	-26.662801909806824
4550000	1.796569322399274	2.154558537792273	0.845710093731312	0.3629126002302003	0.30750170853494296	0.9529501678246215	-25.093840437180816
4555000	2.526407570748672	3.1185798753755876	0.7543978258094128	0.22335781628993445	0.30304482095161084	0.8839536317528456	-27.889134732521093
4560000	3.2858322356593113	4.402498592149288	0.8171718730807648	0.28413850631144016	0.20726593864724954	0.9432370544950698	-29.393476153383613
4565000	2.4796950673808547	3.7365111730046885	0.8521640802654039	0.27664244577028313	0.3156661337493446	0.9483159668181533	-24.033487553444264
4570000	1.9865528163290394	3.842651033207558	0.890256602436218	0.36700654078698264	0.41233424013773445	0.7563484956099282	-23.15099142678131
4575000	4.954557283099438	6.793989720448937	0.8849833019000891	0.3940864461788786	0.22981623193669556	0.7734704091002264	-38.08090860445705
4580000	2.5236583951629528	2.975626383827225	0.7432052933561397	0.4383725253761198	0.2800351051112872	0.8990544290634869	-23.10736604342078
4585000	2.2870506625919242	3.4522026595637407	0.7888032138632102	0.37534622373599685	0.4733698705051037	0.8978849627785688	-29.08720077246964
4590000	3.016114733572042	5.413381084057888	0.7947154193345826	0.22200995484253594	0.3557086803847984	0.8142047053762631	-35.222951021906624
4595000	2.459701271947675	4.192554518054915	0.7817285905754002	0.256913828613303	0.4144936371521928	0.8365923980888357	-30.386724308859296
4600000	1.856511677149442	5.947798811326514	0.7588772911399343	0.26236443750689575	0.2386374994886391	0.8190053527447265	-27.46399506367058
4605000	4.023537918773964	4.215641618125181	0.7116487267975465	0.25628279379724594	0.22862903204258375	0.8902288899852745	-41.12278860780816
4610000	2.00967989809041	2.934734005570845	0.8514722899128401	0.4399178270081103	0.2292481607861649	0.7043757422170802	-27.36194450127071
4615000	3.1452884167680395	3.690512236622352	0.7646152978144356	0.2326067120372652	0.31908062905530465	0.7503731711270271	-29.34169711157524
4620000	3.303699760319794	4.1810281696498395	0.7445032462471405	0.24686633050494808	0.32331266419959515	0.7144123141031186	-36.83236368822363
4625000	5.638974554016795	5.948061913631751	0.8308006299311712	0.2099577162345023	0.2358484855284141	0.8169428758922589	-39.33262262678537
4630000	2.2996720384244194	2.803354681729037	0.8143481013384228	0.30274403126567917	0.2841460944418246	0.7705313643312053	-32.76252456459771
4635000	2.3352846538759984	2.515492916117675	0.8583287709115626	0.39124508438129124	0.22455977432514587	0.9130595525529315	-21.518024687626752
4640000	2.407128247857748	2.776471338718149	0.8972242365608262	0.20007718289556106	0.3553697716330555	0.7642891490194225	-28.4573484636015
4645000	3.3819530955533477	3.4288350108822327	0.735215946081109	0.20303971868762027	0.393641574441904	0.9997116794473104	-28.425737446936086
4650000	2.4552452952306005	3.310252679641626	0.7307446415352112	0.46816524116659697	0.27999722440953007	0.9933836404535276	-30.021444665726584
4655000	2.06988472980532	2.5922776416487077	0.7641165759833136	0.36003782769534964	0.3047486174775135	0.9801752978024741	-21.340224900151398
4660000	2.3629226135940353	2.904261627545192	0.8824176964105881	0.35983988538899386	0.2240994049072833	0.9689438134190146	-25.668210947799526
4665000	2.199004371683728	2.9389751437102776	0.781206382125561	0.2891350854366338	0.4269587484191684	0.8854755678193321	-33.21422765289705
4670000	3.2837808536198136	4.126658990238134	0.741496376919338	0.3973706516971986	0.21655687424251158	0.7042390313455186	-31.185988511604734
4675000	2.870852596611592	3.985139957380635	0.8559626271707208	0.3413210547056142	0.37162672242158756	0.8366659144992411	-26.078549522957044
4680000	2.74746181746481	2.9450340196069007	0.8919887391267276	0.2367668052636853	0.2849217812947871	0.8427326449143113	-32.814885719807336
4685000	2.30858879377348	2.344558402977031	0.7844488423542617	0.3424447694575872	0.3617118816770714	0.8799261758821815	-23.965132474000555
4690000	1.8926815044839458	2.142748757373808	0.8122004500336887	0.577058008319135	0.2545347458933948	0.9521023442503264	-17.780647854306753
4695000	1.969103316573047	2.3776014854393415	0.7914581654876519	0.34093103452572604	0.4198609395041944	0.9556447734079343	-27.872224106500408
4700000	3.1824668928070645	6.460462040070568	0.8050039759841403	0.36123552293321737	0.25613187089722905	0.7489312982521314	-32.50202926235034
4705000	2.624557828416138	3.321691562369098	0.7999184985893499	0.32961719283457763	0.2781411633306315	0.92486360650326	-35.60645120484501
4710000	2.2564998771791	2.2944572250930397	0.7299361550651882	0.23954743839369388	0.38986214105029177	0.756440173824848	-30.000375772083224
4715000	1.7794117724154217	3.175219023235301	0.7792354310097015	0.5195956416609218	0.22307431374154715	0.9824434630282427	-22.09739196198987
4720000	1.7204568978291666	1.9051647030543122	0.8241623105906408	0.49950629368643784	0.33805948682379805	0.9912098365362522	-17.78041700869941
4725000	1.7434598355512743	2.3217991715870157	0.8102429192201002	0.5853075007602306	0.3507880119248716	0.9325489148508685	-15.40535569234492
4730000	1.8445009706604727	2.2393221925080433	0.8610349833862805	0.46248407763611166	0.27409443838741937	0.9569898558590001	-20.342469614567882
4735000	2.071797219261567	2.333206601541923	0.8138523409079755	0.5799516126015138	0.2501198335580592	0.9496533486989577	-20.8296556618838
4740000	1.69316713967937	1.7908550132348817	0.7402666813090487	0.25046061744685	0.3139889805817597	0.977104247084453	-21.013947520083914
4745000	2.2118549327034773	2.4675653670180395	0.8140510693607721	0.27020777946079333	0.20564784691380622	0.8806104563101809	-27.97451350705384
4750000	1.8947978670839012	2.6304020648987274	0.8059048807065966	0.2975391101324799	0.30426926644970054	0.7885731077718642	-24.72729426688296
4755000	1.8653873444343783	2.2628925656712306	0.8556436471591266	0.5136924630845388	0.37677870330198726	0.9228087740061734	-18.01908572528513
4760000	2.509605766298679	2.8222252985729672	0.7034754427559118	0.4794196003798935	0.25258077187653144	0.921561937898668	-23.53851516690805
4765000	1.69316713967937	1.875295810017627	0.7417604343402225	0.44313760696278787	0.327017730268624	0.8243901413371043	-24.910422095796438
4770000	3.7189462686066412	4.5449871791452425	0.7981639332409154	0.23654678473708565	0.20800351778365073	0.7911920413267659	-34.37412091383899
4775000	3.1911670410763056	3.6383368322948684	0.8406656791580561	0.21251881329997743	0.4174016216623589	0.8920670091866338	-30.195866428907422
4780000	2.031534338961024	2.3980102515256148	0.8604307024761609	0.4313316514426748	0.3234360823011301	0.9172520605333127	-24.595392510752106
4785000	2.823828911918061	3.570247293806083	0.8191097628001752	0.3219230222249362	0.2569473691221213	0.9301251400224622	-32.572812536697576
4790000	1.9338043714823765	2.3052370425596336	0.8837384532418946	0.4734094839995084	0.20465237734754438	0.8104195725910325	-24.687639122815032
4795000	1.835102238026769	1.854433855923533	0.867521806783228	0.4806528971103877	0.4446608417532785	0.8092704819835657	-22.550735571457793
4800000	1.8043055083292754	2.2232034975974533	0.8422791871588026	0.34136528203755273	0.3119087174420666	0.9320750871758451	-24.538966217609616
4805000	1.9933693688188443	2.00861845468758	0.8477466700463597	0.3062629210860349	0.3628503654032311	0.9555502463776925	-22.833208387609695
4810000	2.3348788666299134	3.081399558146855	0.8454739463854515	0.2422301248273552	0.2157586610139696	0.9210356240443651	-27.03231718626478
4815000	1.7883500219465882	3.3183919957371746	0.7268319729203299	0.3452069667086331	0.231590012737614	0.9298536788817836	-25.462304689280412
4820000	2.9744907069287447	3.006460601519507	0.7620912468995478	0.3374682903399307	0.20659242326543006	0.9246686568111273	-29.220615421556094
4825000	2.9265723474308922	3.817164902102786	0.8984703971799707	0.24645300730035083	0.3881834747668493	0.9947158240332516	-26.508781780879826
4830000	4.615881621548884	6.298773254069564	0.8227248924799851	0.2442119940962062	0.22430043898692942	0.7706959801318182	-41.55826162166431
4835000	1.907011895567024	2.1180857331198126	0.7637706139528991	0.28863836882694033	0.25859583037821876	0.7408805540553618	-26.202802098782634
4840000	2.9675731665115928	3.416992655116698	0.863564891192479	0.2920004514226845	0.23026243193535167	0.7939456548761278	-34.94812971463788
4845000	2.414009512674092	2.456285578184129	0.8258314649933287	0.23982248567706116	0.24909438984922347	0.7084526828211712	-26.81707087007269
4850000	2.7677361556868685	3.0055864042721665	0.7978334051255512	0.3980030378869864	0.3770818470736901	0.8259192302067335	-33.524299646263984
4855000	4.063602941744274	5.957512736283152	0.8860370788037999	0.20206222726768136	0.22299367928981897	0.7309846994581031	-38.907115496206465
4860000	1.9471073887955612	2.8720664893215226	0.8013327404956021	0.41802941879047845	0.2136789608028388	0.9771304244626717	-25.546981993784147
4865000	1.8118579854903238	2.882120405197408	0.8711329161961928	0.5570675827937952	0.20667131918581033	0.8837255193945449	-21.33085240711892
4870000	2.596181878845278	3.9912507845521468	0.7028278794060903	0.3472704878755514	0.24495969199006204	0.7486735210578678	-33.71221831335184
4875000	2.163098811609115	3.052955281443738	0.8815607824265197	0.3268732959413724	0.25593525377816534	0.7896954425037942	-28.035455662685234
4880000	3.4761918385288215	4.269568995495587	0.7339376846686639	0.4009866044853298	0.2595796568552266	0.8651913445842075	-36.2919561092127
4885000	3.4271620140109906	5.855141365103505	0.7982703792793622	0.2166651566036254	0.25344764568952277	0.7138722624842708	-41.54956618017227
4890000	3.7520349835171425	4.175428916563771	0.7990276634826355	0.3088510031065937	0.3896475872190145	0.81270021253305	-36.12543688581943
4895000	2.123234755874519	2.3397712466637453	0.8532148038741281	0.43048424687176834	0.23211476438403536	0.8012518626752377	-29.373800446728072
4900000	2.0696157385082175	2.3921955308519474	0.7394788922756448	0.44422803525623367	0.2578370851790599	0.8894833580820131	-15.938769088245781
4905000	2.9938590274540777	4.01839514289486	0.7883581874513155	0.36284893807294805	0.2524560846114112	0.9663496092218156	-31.616287542190733
4910000	2.2389531324457272	2.5822054819378932	0.7155490108445666	0.32847433684663413	0.33279378154690564	0.9089546211257545	-28.952538054293466
4915000	2.797451076066135	3.172504519866417	0.8504339999943208	0.2934956960024396	0.26015068386398676	0.8170938521053376	-31.861765433456775
4920000	3.5919357823851326	6.5968672962759545	0.8159085908455836	0.26962920980331423	0.2617701257891882	0.9416931821687802	-34.572151651491005
4925000	2.900010885554143	3.738700054237918	0.8956329329819471	0.22368558826507196	0.24246759414995417	0.9672492328619173	-30.145458813924563
4930000	3.4586116788589765	3.746565888931239	0.7325661396041523	0.3386101876894004	0.24159063504596948	0.7589089684657494	-30.890078083446923
4935000	3.1299016433807276	5.170347493815364	0.7802656714814259	0.42727924778023646	0.22546683687020533	0.7876089973756676	-37.31318752706328
4940000	2.528633977092589	2.876109464066808	0.8879931716182166	0.21249044499368835	0.2664235465939721	0.709501926296388	-28.132309057893874
4945000	2.346122363259221	2.5296212689490254	0.8793493959328567	0.33624281665612693	0.21352185130453646	0.9381696135353195	-26.158220772791964
4950000	1.822810332164318	2.0767719584959523	0.7508985794876901	0.5381522794246366	0.2503296346203939	0.8502615271873261	-16.241716424205702
4955000	3.0953366657521517	4.646144332582448	0.8239319578396417	0.2721511501720747	0.2776502910917555	0.8889873805833213	-33.63429586648969
4960000	2.7540177983421015	4.116888589423595	0.8717924701036481	0.293875945936752	0.4279026213972775	0.8537951585049507	-36.15429419756558
4965000	2.328451106566387	4.48331978103081	0.7720546624943501	0.3814813189504006	0.23077854557773625	0.7690034925699506	-28.86316940855973
4970000	3.6056240412112603	3.9415996657654966	0.8609695281208565	0.2601154485355467	0.25191222928110035	0.8361684021203436	-27.61598559115378
4975000	4.343542087975541	4.661076786150495	0.7434391531610866	0.3770204827682118	0.30000561858221936	0.946274238812531	-35.15623116879129
4980000	1.7580147975929075	1.7912803655542786	0.7842106597588295	0.49773217825928556	0.2422058595636236	0.9742569814406451	-21.213013803482156
4985000	3.3760380771856293	4.760832869461956	0.7744323036746698	0.32340217566880897	0.20692694714745855	0.9031836823754499	-31.96436730860207
4990000	2.8202546950517746	3.8292892173535154	0.8002213383805954	0.21408259880905528	0.4035150663905907	0.9285494192954915	-32.538145564265314
4995000	3.319833940165353	4.448619098018232	0.7449023341363498	0.3364950610768876	0.30049937465765	0.7320235955539321	-34.210513671180195
5000000	2.9448837978485467	3.1211222910699075	0.8659673542097691	0.4044698539327074	0.21353101454757548	0.9934742213202401	-23.228919238467057
5005000	2.682876757615508	3.364391948449084	0.8241898637084643	0.22376985864511498	0.27965582760421265	0.997113893498483	-31.169089110650205
5010000	2.247933683174419	2.3147033352799253	0.8217096993142254	0.3094884642072334	0.23369432671169024	0.8021694744172573	-27.71825517376348
5015000	3.46560518112999	3.6421226031551392	0.8994339229441972	0.5197153603927877	0.3248298195143609	0.9381985544307117	-31.207684623337066
5020000	2.350745311830115	3.396514593925879	0.8857040972368836	0.45126852235777654	0.25078349141325823	0.8951180059431848	-24.157188074719524
5025000	3.364943669311199	5.815510759468749	0.747026890420977	0.35880697040423903	0.20407893647523842	0.7079862910077439	-35.19156959233313
5030000	3.8957152294993627	5.22993811355311	0.7546661125568999	0.2613597543074488	0.22678822682829536	0.7737914895339046	-41.45460342814833
5035000	2.737606559058368	2.8211828121796843	0.725705700895029	0.29318218572838795	0.3947613074078886	0.8050880785519069	-30.252333437660162
5040000	2.6622208504195504	4.781899129036176	0.7319981015909129	0.2505512170045884	0.41711822611686855	0.8867733174337904	-34.4064265641748
5045000	2.379384824494461	4.708662790181119	0.8402901905759507	0.4795291709131061	0.2300074512988626	0.9663045697080732	-26.91628442184844
5050000	2.13650418402908	3.3980180791953596	0.8250404871117752	0.43756389273323	0.20257781297159502	0.7294909083509818	-23.02041183587045
5055000	3.6714965615169874	4.239193191546549	0.8119079159845211	0.37481632794498226	0.2659061679025995	0.9460553996727706	-29.639299721985093
5060000	1.92805245213448	3.895758982911597	0.7080484119944921	0.2727815928450395	0.41767220191180066	0.9482936473446154	-25.898911084685935
5065000	4.6065962490654435	6.341768805132015	0.827490914758475	0.2310872524569513	0.2134120553768263	0.8481501467896643	-39.696758627970944
5070000	1.8598026582812142	1.9218859141079978	0.8164346219842059	0.42479496763809327	0.2722278986336803	0.8144334946285472	-25.94361195822249
5075000	3.981344385374444	4.672027027078049	0.735663271929893	0.3598447223908803	0.27325822953660367	0.7612278299797691	-35.739703010692274
5080000	2.0408069102280364	2.20543234078445	0.8948966743803551	0.47048816164099383	0.3574910794368187	0.8725310241019703	-22.37888691092741
5085000	2.6412003302086116	2.8768240426757945	0.7995872714024712	0.4393756484559542	0.32245342205994776	0.9722030096048895	-25.016482119993743
5090000	3.3121331818405446	4.487539643234904	0.7276852932149044	0.28151227443607013	0.3113748973918217	0.8632794848831872	-29.50790767357734
5095000	1.69316713967937	5.096291417198922	0.7913899247140767	0.31697894376673275	0.4560932371265445	0.9023387400253533	-25.60007873106502
5100000	2.4333657108442113	2.7274865599935496	0.8747693975499412	0.27301094241291457	0.2913583893133512	0.8635222695738295	-23.61585268903937
5105000	3.76031045313604	6.019727757058626	0.7045551857533048	0.42295152902278177	0.26792700742837744	0.7516923912186577	-37.10163005224827
5110000	3.1842985611529033	4.598529509913493	0.7456067226226737	0.22505013984453337	0.3810258952159098	0.8513412251900563	-37.16092395985815
5115000	2.131856979469927	4.720001439123568	0.842990027861098	0.20220044221471645	0.3653723900814328	0.7801045013119415	-33.44727100253686
5120000	1.7031001229541631	4.1345124732694485	0.8046783802312116	0.3305665506400172	0.2076957560908315	0.7007070888628572	-27.74189429046045
5125000	2.1208722300423903	2.2821383126360852	0.8393729344988936	0.5548743929772714	0.27667692955186685	0.9968921449579223	-25.115978692958134
5130000	3.4237064010009055	4.235954707321604	0.7013863913282564	0.29644833894855044	0.40065016103369694	0.7707361674200934	-33.94234891268408
5135000	1.9416046587727094	3.249872264880608	0.8288064151202219	0.23281903300985446	0.4472046647452884	0.7637155840828906	-26.50446927390901
5140000	3.232207551167013	4.198284344131331	0.7475213995266465	0.5009973983483648	0.27783961593694567	0.701333654767933	-28.729617424061
5145000	2.7579336391677236	4.516590883332965	0.7545692696316852	0.4915432578343832	0.21046463831203385	0.7020975359995641	-29.071385202178707
5150000	1.9421776438571094	2.6350898438406323	0.7011571490456696	0.4082129118638756	0.4707340120622867	0.7679322989130157	-25.90963696432815
5155000	2.601432752358387	4.660743809343054	0.7255465597543742	0.4257015688372743	0.2745771217871308	0.8945635293276055	-31.08623454322956
5160000	2.7658745308226376	4.143722659623715	0.7735268819513258	0.20081308376173237	0.42456889855395896	0.8472002878176671	-36.12545231188459
5165000	1.69316713967937	3.0988050408121035	0.7698086141100049	0.502189726583675	0.2269164477909571	0.8776512925399972	-23.250616322092064
5170000	2.3113384213561075	2.5409987847836746	0.7987548980796434	0.2954721765112021	0.3076582148394875	0.8754555883726997	-31.90066764575507
5175000	2.731325074949031	7.827499618179559	0.720849106478823	0.27575686408744055	0.3201032414972885	0.8284788530658336	-35.98797669252461
5180000	2.293829992075216	3.5572498398703196	0.7745365957513431	0.3062748326354628	0.3720406826592179	0.9607193274396495	-27.775611352310413
5185000	2.617680614729486	4.0998327154380885	0.7313759242694542	0.2854266479436839	0.26760940134432226	0.8124924498177742	-34.22512900697353
5190000	3.3539855322634855	3.6128214578620725	0.790355070741394	0.39962342887218427	0.20139243208811913	0.810632644278433	-37.64838392696714
5195000	2.7426480057131535	2.885970480867816	0.8272624154544594	0.2962864145767766	0.5702390533207428	0.8687866575670328	-31.513581714543427
5200000	4.162859554446132	7.621438445992765	0.7417196565023926	0.21156579903609882	0.24792603102492608	0.9718660340227012	-36.59116987584091
5205000	2.6661273581446308	5.512329895423351	0.8033176374620594	0.2619164407277492	0.3669218141078678	0.9266969446842527	-31.85323449337048
5210000	2.0296882898806086	2.1203031495274525	0.8253095024739417	0.5251554475056353	0.2266958676439717	0.9102043294671457	-24.504211262238062
5215000	3.117507996559838	3.814550659741107	0.7456471964636358	0.5109573674365943	0.2574679576891581	0.9612153710276862	-34.984865736891706
5220000	1.9550598354306021	6.479301412477354	0.8918629365489489	0.28172722294572766	0.26971134387766316	0.7915581603248019	-30.3918927768166
5225000	3.464721500178175	5.22853830667352	0.8498870375669483	0.2186021273456468	0.29267769777692876	0.7997464987272664	-34.25332018252789
5230000	2.528963299257199	2.693454949609933	0.8297828069126224	0.5889327000934074	0.3135485787284111	0.9258093110940662	-32.91259979818395
5235000	3.5097131903586964	3.560752532173847	0.826937807041476	0.257622560202323	0.31266219227004766	0.7695423773771494	-37.85549548574887
5240000	1.7748685193445455	3.340297078912991	0.8301931110216021	0.25277033193714943	0.3427742229969919	0.9481881604390102	-27.97011712395382
5245000	1.69316713967937	2.9593864162462418	0.8530765758468098	0.5768945458267344	0.2640734417329366	0.8489642768516182	-15.924358069268557
5250000	3.006699911656417	3.9242682620085927	0.752889882629463	0.37880100784973897	0.2562763445483322	0.8140343549587115	-29.77595399089749
5255000	1.833251077459139	2.684223618355175	0.8305396908121456	0.4734119823230836	0.2502819519996564	0.8338132431321419	-22.251690040181636
5260000	2.9828816446512985	6.315124563426681	0.8145639369729311	0.39444438092030004	0.23930387925321686	0.8727842679924102	-34.185379085485025
5265000	2.996809927875913	3.2069268782056253	0.7760865050873109	0.2675896592166277	0.3141197305364465	0.7714361327420641	-33.41672575739021
5270000	3.560456451274724	4.216038563414042	0.7165653705358709	0.22016322024284757	0.2052395885465743	0.8479116713380308	-36.378729565623274
5275000	4.042350593124708	4.451087727384931	0.7342261098503444	0.23373607014820927	0.24000574878172548	0.8633796595867792	-39.945386206899414
5280000	1.69316713967937	1.9899201303420426	0.8807783402904678	0.6538103058431329	0.2243867601484904	0.8977539660542615	-18.007622498166167
5285000	2.2439294286295066	2.7894727695255805	0.8059447888967735	0.3813785489822397	0.24197445249266084	0.8374100366800485	-27.825586724557557
5290000	3.9183757755252064	6.372338565431659	0.7817110257045927	0.20350872355653685	0.2660831430604603	0.9320879265253835	-37.53128079376254
5295000	2.285819902229219	4.167665285229926	0.7333806812977413	0.3832514419130589	0.3936820378436163	0.8210169393134022	-31.19831529898888
5300000	2.804106331587408	3.229660488508076	0.7424078071205868	0.38608898524518614	0.3126730476541088	0.8056299450779396	-33.891336523148155
5305000	2.383302098546974	4.508423889078171	0.8493677579838295	0.38699090124971564	0.2074554954526323	0.885117619317338	-32.74404578102588
5310000	3.051935904169843	3.861066735100157	0.7467181999326803	0.3980945040054755	0.2725467881363461	0.7313571768664165	-32.00826262592252
5315000	1.7347893001249866	2.0399161752327224	0.7818967113442518	0.5306403170520653	0.2259313602106465	0.772187124384888	-19.92639617917987
5320000	4.367871774117089	4.4445412687335795	0.8146055002937025	0.38089813806735734	0.21146025882159378	0.9860777043333854	-36.784815437270694
5325000	2.473265667587032	2.6035884473524513	0.869065619678892	0.380396543411509	0.3380762013101637	0.8611365802218478	-23.308654803103767
5330000	1.914656722745531	2.3818086231197038	0.8756168188234308	0.34226303397914143	0.2434489604083811	0.9901609799104589	-23.04399505391372
5335000	1.81469932967051	1.8400636866796682	0.7709195737819035	0.5153243853137337	0.3755135231995464	0.8709758186528266	-23.29165803961461
5340000	2.420884747933545	3.2919036423469543	0.8748953377304944	0.25962290794895027	0.3262654800752918	0.8424951309695791	-27.001150904854487
5345000	2.2890028262861764	3.2098968573833817	0.7218500032176485	0.3968520334310791	0.2546184667907257	0.9064879683477223	-26.72974552717214
5350000	2.8880461856007558	3.474134629231474	0.7014798710020592	0.35276124086370475	0.46953479151404515	0.9849494987813731	-34.19060594278502
5355000	2.580099248027396	3.012810358389288	0.8519544140489578	0.27995502500596753	0.24511326936874106	0.7617481429065164	-33.768424573415196
5360000	2.7047663780682107	3.2893245662294133	0.8819197182714442	0.41180571378124126	0.23156037424377882	0.9200510055349213	-26.52299852798707
5365000	2.6061135789543712	3.3614689549775907	0.7089653891323174	0.3671453147556798	0.24103502104165794	0.8765529585212514	-27.796436029974405
5370000	2.5384297049730207	3.223317659763522	0.8571130587293951	0.4018493001755504	0.26670616343759923	0.8110960773892468	-22.249239355174538
5375000	1.8285177131759591	2.015696370215106	0.771691861062214	0.35877362690718173	0.37052663044438267	0.8341717839020325	-23.105922548197206
5380000	2.186108717468201	3.34643547278027	0.7551905808691034	0.40090334168289055	0.2621201159386458	0.7483519911870747	-26.51590626280831
5385000	1.9702267585965907	3.0753668350574763	0.7185184060474848	0.5076880009440873	0.22572659381886984	0.8846579981021045	-19.611147305504577
5390000	2.2164083509995374	2.9157557872560327	0.797768160448024	0.2833511959751657	0.5791220623044077	0.832011533014542	-22.349667726069224
5395000	2.0047150943425467	2.07766639710626	0.8952175152687345	0.23522784788739942	0.32727377332903557	0.7125241886165683	-28.5956310697382
5400000	2.2745701658449526	2.595883464963278	0.7561725886508893	0.5672901865890169	0.2299231569095581	0.9778333055901206	-23.139819226318462
5405000	4.241630512093476	8.860640745341973	0.7533667089574045	0.23722386789788835	0.21252467515683116	0.8155549240414258	-45.2141324939902
5410000	2.058947821532105	2.470153034507502	0.8455083597352349	0.3203469018612123	0.4583074444462835	0.816129620421091	-20.91666055349985
5415000	3.62137823650335	4.678770450694102	0.8695839788356887	0.21312743296158715	0.2756889558249714	0.8816962687206092	-30.590157827893446
5420000	2.6131340352506047	2.742127001470486	0.7265266999911811	0.2658576657711827	0.31979404686084983	0.8296866160585037	-32.84968308052428
5425000	2.7840619028678244	4.103120127615605	0.7957433168858177	0.3638545798115383	0.2696507190893128	0.8160257869474169	-33.89663423675101
5430000	2.2453088624611284	3.768495374896731	0.7621754944742157	0.2741181129956758	0.383133098818046	0.7143813909538043	-30.742189111498025
5435000	1.7649662271817688	3.8924052835313456	0.7821021301485437	0.412163704749659	0.3354072898877241	0.9841720706502276	-26.16796582297045
5440000	2.3055834291079687	2.809997159725306	0.7520788689306735	0.254806034442959	0.25048014136005436	0.789164082561849	-31.07750120810819
5445000	3.6270917802987013	4.4966020567343294	0.7046411479236991	0.296729653094636	0.34828484104961027	0.7672701543747562	-38.00680821259796
5450000	4.6142141333687405	6.375977106333334	0.7086055490658527	0.26865517688332224	0.25097841043345975	0.7923233190401242	-35.960528775183064
5455000	2.106545006408833	2.696624391807237	0.7995443419242682	0.3045431943885042	0.3398551392547171	0.8184293026279543	-26.771491988619868
5460000	2.3664636810714748	2.7634107868385587	0.8774885411223879	0.5081888722580362	0.3025080725627366	0.7682872450638105	-27.46611044111771
5465000	1.9236447977184834	2.970072035802958	0.7060840852241719	0.5791495771136295	0.2408830203999072	0.8779188287269799	-20.56130380384691
5470000	3.009861320484807	3.080603770775398	0.7130317481808338	0.431328238663174	0.24826029446110193	0.8996751399766042	-35.48493779757576
5475000	2.0517533174122113	3.948527564237148	0.7704614285183742	0.4846360638047326	0.2545925493687266	0.8813596455818321	-28.186521284867208
5480000	2.4666603096788724	2.7829864021543567	0.7481361050629051	0.23886474685750192	0.2808875482545179	0.834688865166187	-30.113604329932897
5485000	2.401871710806053	3.2633963298759503	0.7847245503298864	0.40898928637978277	0.25359067439326377	0.8636732272189414	-21.89015472245696
5490000	2.122764024061498	2.3528155269093243	0.7321181618036604	0.5427495816064245	0.23025528687998295	0.7103027024408446	-22.19730166922303
5495000	3.36866938040938	3.3726449751413696	0.7645484531189248	0.23779588441722613	0.38174542553077173	0.917642623656642	-31.560503641970577
5500000	4.150212606829452	5.506035757940673	0.7164815822995657	0.2043117089043149	0.3656787595483972	0.7844473031952682	-40.38290236471841
5505000	2.9189787578247177	3.0919481829467386	0.8040748877935947	0.2419153036650045	0.32380695045584224	0.8767026072807598	-43.03117801681823
5510000	1.83110534399762	2.9514502868230164	0.8447282005992034	0.3583374497638543	0.3451296729076784	0.82834875443802	-25.723973621566806
5515000	1.9994230342959791	2.4929074906845496	0.8675133932483599	0.32183719491522234	0.4954924035796078	0.8955199457755867	-25.096848907506345
5520000	3.90871658447384	4.212108609094638	0.8178310770876231	0.2299011937976407	0.2160023338707353	0.8888915544294539	-36.50289303684981
5525000	3.0371256322324127	3.1794182627726744	0.8648361676931793	0.32577548438110404	0.2131958417905653	0.802314255030585	-30.98552422879048
5530000	1.937307131790587	3.333647963558177	0.8427167364141868	0.5298590192844285	0.23753532531662253	0.7514833816743998	-29.634469512346268
5535000	2.143717980532597	3.6458917433764526	0.8262310963705324	0.45731097656298575	0.23382949070753564	0.9785391843961507	-25.75738380113481
5540000	2.08719680885311	2.7353702568163305	0.7553811980810196	0.23075185548293314	0.23043116161575294	0.8353381357120946	-31.062466256320413
5545000	2.1913016828544025	2.28385603797155	0.8833000030704237	0.40999965993364484	0.30124543183527197	0.8191790179908026	-21.39557798557947
5550000	3.5278362227438653	3.604486305466501	0.8111586407192212	0.23480952833880644	0.3619238844010318	0.9668922469673127	-34.8110120823223
5555000	2.307491220267624	2.5827082244428694	0.710651605537388	0.4398084450228931	0.3130963158209416	0.8039599265029826	-26.3309732344627
5560000	2.9194895141119446	2.956460822977795	0.8273316136732682	0.2877604678734843	0.3075124511262587	0.9405369488263634	-34.24176618777041
5565000	3.5004251429373574	4.809155834362765	0.7953659755263649	0.2935823813862428	0.30428000957934154	0.8345521258119635	-33.12111829118386
5570000	2.1103882198949484	2.241817692171821	0.7216146217959789	0.4476234050304958	0.29916159574167617	0.9105233590836144	-23.368190052570473
5575000	2.0523375812174645	3.1394687880094745	0.8899622510655181	0.4699308699985315	0.20847598525858071	0.7649169121315247	-24.665411070808577
5580000	2.6926550077082174	5.26103981738371	0.7022410835351673	0.2918511706691072	0.24643433492119338	0.9013361082856548	-36.27475460531472
5585000	1.8024114702500422	1.8730304499222183	0.8129781486233268	0.5931161373170079	0.24666065442780113	0.8692446434482631	-18.3565408476673
5590000	2.093077766679018	2.1038949490582186	0.7582699873311906	0.46646026776546806	0.25329569052553247	0.7452137384029103	-22.33352442007428
5595000	1.721699594737873	2.5616703717492926	0.8915028835874691	0.3998368598641887	0.44368663591564406	0.9466104628258162	-27.550136462593855
5600000	2.3024710351565423	2.973918398748597	0.7409412974784819	0.5651337069028136	0.3008125439354327	0.8068173833851627	-24.139270242449072
5605000	3.046609065538882	3.5291777800248227	0.8068222522105079	0.2926417395902649	0.24366837096370358	0.8422985695821716	-27.972937062217483
5610000	1.7421656024177654	3.0511726230483656	0.7629818983164637	0.40791551818560423	0.23480655980182147	0.9124303335334772	-25.070407162910744
5615000	2.3855128076651932	3.084572852306431	0.8423924911297437	0.2587685175511758	0.41562340606287573	0.9187338091766257	-27.53441586673916
5620000	3.3461688848894644	3.5796893512573242	0.7378513100226978	0.2641258250469316	0.20590734475078623	0.7981972403491694	-37.608293671014124
5625000	2.768587600537431	3.5324313283312776	0.8367335033691881	0.2702045714867044	0.23490666147756323	0.8676909556343071	-29.575936127324017
5630000	2.4481298717089337	3.2404727719255937	0.7543730916785469	0.22690352629120566	0.2463029766083524	0.877356201129685	-32.07274297436415
5635000	2.5826927662211343	3.356334881140975	0.7580228436795181	0.3619448295665226	0.3417811421695713	0.809537309451379	-32.448151212359186
5640000	1.8293678711949868	2.153428747320821	0.78674074855893	0.49534696759038005	0.2949188690898821	0.7744195431496386	-23.67694546310024
5645000	2.795394670241329	5.60303334068451	0.7793132915053802	0.2955170538564398	0.26998840275549674	0.7384901583606355	-32.411207700041835
5650000	3.497937914445959	3.963128851025691	0.7083899103574852	0.22456636469565694	0.27341798401884465	0.7590431739863109	-34.99407941448854
5655000	2.003229004421606	10.846600479374942	0.8787540297124868	0.2529429278617744	0.3129089438766502	0.9882864238980963	-37.417977813280594
5660000	2.311518450503166	3.9244610803237108	0.8337636919755003	0.37134551564001106	0.224095018882595	0.9953759395247538	-24.478419386901667
5665000	3.6134673180237153	3.8779599420475783	0.7394789369519376	0.2872386400742468	0.3318623671880103	0.7086069570629083	-41.36455226391879
5670000	3.2513508334186274	3.6497819480107276	0.8375508294602432	0.322054329888006	0.4084290396835225	0.7574328452213367	-35.59724550749901
5675000	2.5177189010368606	6.0781032618452615	0.7713641264105878	0.24010013551814346	0.24832244942393927	0.7764217391695664	-34.01913639690736
5680000	2.2087653896054658	4.455734588172238	0.8138592771272901	0.2895921234492134	0.2855821512197924	0.8732533149640409	-30.45142665360242
5685000	1.759558710618846	2.0446044683933753	0.7362002518480538	0.3874273410103335	0.2547509479656552	0.9690437832948002	-22.99782664035823
5690000	2.179548497258008	2.2093569208953387	0.8711142072166982	0.39731174585985657	0.24020998368280114	0.9823110827092214	-25.891368812572377
5695000	2.9618107581393054	6.4687754737252545	0.7269803641216998	0.23218498472372245	0.21360780853930536	0.8086389926981513	-33.07576098209841
5700000	5.250785642399448	5.790444445566548	0.866540388121958	0.28166620865686354	0.29689266428034206	0.7301411959680458	-37.51532766434386
5705000	3.8067604367316292	4.380349206094818	0.7644032584558688	0.38473014553612545	0.2072111223838445	0.8509997853765704	-35.15221462470756
5710000	2.4640839927308402	2.800481713846546	0.7924769978111864	0.36626659899243047	0.3129325130888933	0.9570405124614361	-26.132251779809966
5715000	3.024549735756266	3.145230418883195	0.7656242032638793	0.3576165248613941	0.25213412180462386	0.7450100350937029	-32.4564855289583
5720000	2.286913902590854	2.5339581715311454	0.8843292198819116	0.38016720989014247	0.4865506180380319	0.9988122048231642	-23.987993547041736
5725000	2.2321655254403185	4.734723477623959	0.7225755966902169	0.44477503821404524	0.22989879541327132	0.9868421622512759	-32.69550101018089
5730000	4.584207457573513	4.925813153464142	0.7550727924545524	0.3384204055689584	0.22616011718313772	0.7266852489390566	-33.4511942494636
5735000	2.612466316059884	4.914094685914934	0.7175444287915195	0.2834303115329746	0.25749884055182604	0.7603674419231112	-32.97213060004372
5740000	2.474080129953964	4.385899227445663	0.8083164315349359	0.2591169998029609	0.37642044952965453	0.7268094483630779	-32.20559938752016
5745000	4.551139071123437	4.8694476210645	0.7245812214124424	0.29537807621170087	0.2360019487828032	0.7417358767986784	-38.57579383452193
5750000	3.0628902553090653	3.42414929393322	0.8249302670878809	0.42559090150566936	0.22463040548191898	0.7273897972851817	-34.65112021813196
5755000	1.9979528110092983	2.060629094041169	0.8469715211289226	0.3872846210995628	0.2092584738007312	0.9040991405072275	-21.08303586785558
5760000	3.042484288679405	3.2258219218277655	0.8876841646214486	0.3645128405056659	0.3659197789714734	0.841623489461688	-25.64793975355389
5765000	1.9288193314571538	3.5489891117371486	0.8598861606287367	0.438012143397349	0.20168684327482234	0.7891741485706614	-22.48435316547199
5770000	3.7395135969987523	5.713755882694037	0.8294148756595708	0.4289833949254225	0.27264148583023246	0.8912437278975378	-29.26907106176888
5775000	2.541525898842324	3.2814097804623867	0.870286028580689	0.20223553954793114	0.21471218726441	0.7269571385484628	-29.49590545266135
5780000	1.819873330827235	6.002028029248656	0.7387496568873836	0.4821425788181466	0.21883581181592213	0.9286560831799185	-31.445833790045576
5785000	2.2805062166099845	2.911273154360047	0.7235858185572295	0.22338608457972584	0.4291726938346746	0.9789753579393808	-23.293409758643914
5790000	1.7692942040806825	2.178563924092866	0.8319596379930297	0.39704410386871697	0.2851811378659678	0.8212236924656576	-23.556027260392902
5795000	2.3809813603672563	2.5310683259132145	0.7641019541304075	0.2878658069405282	0.34653657186661135	0.9750737468619365	-29.060103585888708
5800000	3.286217759550846	3.3739052957054043	0.7897760824534868	0.22379232834496562	0.3795271085193721	0.8077024739078948	-27.85438482872446
5805000	2.1764898650924915	2.6236831613543035	0.7857855885180864	0.3553178709034461	0.33709865367806	0.7592900666609551	-31.3190096523755
5810000	2.120043907806594	3.0607289306461802	0.8507944825821596	0.36877660245410737	0.40557298336944386	0.9894167779537764	-17.35956066129551
5815000	2.672584392697515	3.1183655736134397	0.852445907645201	0.29771964324475053	0.4293329094677731	0.8574832968523405	-32.60270750783381
5820000	1.979670612599104	2.8570944327436845	0.8991887090523116	0.24598308868923913	0.20401261703741552	0.8998974746706231	-25.412996355545253
5825000	2.618450303849504	3.661564209477124	0.703871341885879	0.4906890104304723	0.23575396159368397	0.9412321598082077	-32.99348076164064
5830000	3.6924832422476794	3.7915300041472957	0.7056947752478508	0.22087083874622612	0.3073941874964119	0.8357177477992669	-31.347178216270088
5835000	2.813602863011663	2.991880669595023	0.7675723156893349	0.34623357643933117	0.22774338661247998	0.8664652474162504	-28.928255389293067
5840000	3.5843810141393533	4.240329110020726	0.7128074636185107	0.3001342502176482	0.23937722034502548	0.7258908348421841	-35.92056536218676
5845000	2.192668949836998	3.5755222262889426	0.76564228456412	0.2002030979292096	0.3611344589080419	0.8673503069976797	-32.94182559162647
5850000	2.6683351677281792	3.094402373281412	0.7258862359612265	0.4683723192862496	0.3572116545654843	0.9009048799953513	-28.234661284195578
5855000	2.747372625164269	4.579392354318888	0.7206055883201061	0.39058254971343065	0.3653402694823912	0.8452017956390785	-34.39811443113113
5860000	4.201493476108559	5.666031440426265	0.7916443863587866	0.27275228780702226	0.2654557449488338	0.8627136642377637	-36.53893697795223
5865000	2.029118921596822	2.3659721714624946	0.7500470853547846	0.4962283351753796	0.22409416077681837	0.86755171535462	-23.96450121015254
5870000	2.5118058224742543	3.345852708590627	0.8450636103849236	0.24756680742948878	0.32641650618765466	0.765880432566183	-31.307636379714936
5875000	2.885027179993361	3.7043966015152425	0.8611340034200852	0.2039042738860093	0.2658380153312548	0.8164057722362728	-35.66854228596797
5880000	1.8371912708118299	1.9214179568901728	0.7867519621455544	0.2715990522225524	0.43885664903408744	0.8578862321806435	-26.500410554366876
5885000	1.8357955845882525	2.6543044200597246	0.8143539953611695	0.3338374126605691	0.2540927078488564	0.9550884585216446	-27.750111915477724
5890000	2.4450051676179845	2.601351636663546	0.7814552682064008	0.3411112150101017	0.517583299326208	0.8676542131675399	-25.480799419641688
5895000	1.69316713967937	1.8999510088212328	0.7078551687935677	0.47633953468726226	0.3366340609169113	0.9998850339627445	-20.618792027934493
5900000	2.3804978267437122	2.9502663108281806	0.8335044358604071	0.31433941800724574	0.32310319701298024	0.9451991180464983	-25.406489421954507
5905000	1.69316713967937	1.7480015584244224	0.8158263626899747	0.5118130732195684	0.2357274107544612	0.9244792294429736	-19.41607871022187
5910000	2.4890492496376577	2.9033573521601888	0.8449013725792048	0.3658781763196212	0.256514090237366	0.9743588675604272	-24.476544786661822
5915000	6.395440332261956	7.218345872333064	0.7414707114498698	0.27811266674831564	0.20436362150562318	0.7907874859586842	-41.44059020699445
5920000	3.0276282310802602	3.328771802170966	0.7191226864024707	0.20647049401879328	0.4240671520718349	0.7858817156771652	-32.95482265647395
5925000	1.7745274627318641	1.8820053730009736	0.8515936938371155	0.2753851419645174	0.28443662316350377	0.8944339249135151	-22.542289908625932
5930000	3.187666463368629	3.589770117168607	0.8511403846229253	0.2546373208789492	0.22919872976155153	0.9639735756365126	-28.03340023100629
5935000	2.273381386544174	3.9273107866106143	0.7602144285532404	0.5494079089904224	0.38307211537053387	0.7102858797169628	-36.50648691740368
5940000	2.4414120074505017	3.5005156259658077	0.7507955217854732	0.2845074437845447	0.28451333529870654	0.7017809299818932	-28.135191163598357
5945000	3.280183607004041	4.225516108680946	0.7193977064530394	0.39023680786752524	0.24242000737333322	0.8148035186740799	-34.78494617546028
5950000	2.2834735778131736	3.6036517894790907	0.7730875322967052	0.2870827759132919	0.4247105102881363	0.9692074155160016	-29.29914077612398
5955000	3.284058635492303	4.596317855536083	0.7419281142645109	0.3305350557224228	0.2642604949392682	0.8541206043507116	-31.072790452216864
5960000	2.688051713980686	3.537360057481197	0.8903146838739884	0.2187504930144874	0.20839818900296583	0.7515697756759967	-32.28869515598711
5965000	1.8600459653110684	2.2291725904877464	0.7893513352581596	0.4025615791851552	0.34134524812806155	0.9566735306185922	-22.095026095234452
5970000	2.0422306460791826	2.7916513153095206	0.8603672511472323	0.3493119907203416	0.2222202030628138	0.834297175372921	-24.599640776837212
5975000	2.478543799302296	2.6201191015174374	0.74039504774761	0.3946669821100705	0.2656126920660031	0.7507490562472933	-24.350211931240025
5980000	3.5762009233113727	4.661598900755073	0.708604115372828	0.4116441285937019	0.22717916121096574	0.8203318585405072	-32.55312080734955
5985000	2.8676977468470914	3.1755347809624848	0.7043150538575385	0.439825939440286	0.28519058786000256	0.8308491435218764	-30.662798549156395
5990000	2.7049306394410815	3.281360938471208	0.827724667168991	0.5364765420727909	0.2668450838481553	0.9398987482234715	-24.49432885379018
5995000	3.5149110337501375	3.556025510468426	0.7796271035240094	0.257291531028043	0.534519045828102	0.8291293285526062	-32.482412293388464
6000000	2.476233781388378	3.3441413009271708	0.8510845333211866	0.26421790655210087	0.22045276667278316	0.7497542997115952	-28.20429685576452
6005000	2.850469526261608	3.781584689224069	0.8309250698267346	0.2796618415306143	0.2132499262553291	0.8234676093213882	-29.186572718044157
6010000	1.69316713967937	2.3612220862510727	0.7281913720083186	0.5101580564953779	0.28787791077260033	0.7868470691071289	-28.084667436128598
6015000	1.7193482914505949	2.352779542295317	0.8935761988236111	0.5047772059852604	0.28046324999580907	0.86792461565372	-17.124133180448407
6020000	3.2441521709139574	3.5681027117645105	0.8206795631887923	0.2669052107275536	0.3703845031529298	0.7334048195620604	-36.017715595615435
6025000	3.4382682864358256	3.6421339934634505	0.8317600234582249	0.29347682295137273	0.22875447573543295	0.8933552007704149	-32.87645301333517
6030000	2.3546674298273946	2.7483976156313337	0.8878370919764806	0.3561031573978743	0.22294321866099417	0.7260173975951809	-23.78708114665089
6035000	4.464450400360932	6.35490928402107	0.7748201317363376	0.25791868363089726	0.21505989775823064	0.9061123501255278	-48.34764080950457
6040000	2.1587857419137553	3.065745682488506	0.8906543563956119	0.5255951145810985	0.2060504937585586	0.8339486130938331	-23.45807244088667
6045000	2.6848557984395276	3.419283951492843	0.7458529127540214	0.44766343195995867	0.21587710335134214	0.7744064558123199	-27.57733855145203
6050000	2.9393655024636933	3.342467959356439	0.8620457099082399	0.43475034838877363	0.2089147872181622	0.921401925213715	-25.086157838811555
6055000	2.0857897332219992	4.196929418830374	0.8340730208276181	0.2162812793162113	0.31427562539170373	0.8969159382189946	-29.657514650314173
6060000	3.447949271458842	5.2496991902659955	0.805603681290425	0.22439039019976428	0.23649970653656413	0.7233078709061408	-31.35215663409012
6065000	2.3875328375251916	4.268822218920374	0.8945834062741569	0.26095355327663566	0.5249535698235764	0.9848389688150567	-27.48866343609848
6070000	2.203132620555833	2.5855845308393115	0.7213588595651412	0.42167008881741264	0.37773973728610705	0.972818231121996	-26.22648331843272
6075000	2.7511751739105113	2.8498640779607918	0.7608796253678056	0.20910817571018617	0.4022284462323659	0.7988762574363407	-29.834323229771584
6080000	3.611525654628	3.9553831104967365	0.8416169698235836	0.24850547015096766	0.5325356834246338	0.86134748918932	-35.706223538970036
6085000	2.146334485011478	4.006302378976626	0.8313638037159061	0.34509197595722046	0.3173700497460393	0.8116535809884019	-25.244417704557637
6090000	2.1474202223566605	7.316728041098312	0.7767721877273533	0.31535914842229873	0.2060639505777505	0.9034086553307578	-35.557172711851365
6095000	2.61380299180413	2.72855861783453	0.8640825709874774	0.2127113909423176	0.31860224027263156	0.7809419488956844	-28.81753365130817
6100000	2.8402672248609333	3.226571714035622	0.7016422810411794	0.34821067525907107	0.2055984980959731	0.8217666749984158	-32.61321502223707
6105000	2.5894584495190895	3.680350505731969	0.7560058792057703	0.225026697192034	0.3970472302779155	0.846412779465887	-31.439910419021786
6110000	2.0483584655207325	3.312386005039554	0.8177680435206341	0.21989776508761458	0.46906217150971236	0.9850663987563729	-24.896052820002218
6115000	1.9012494838270546	2.207924082136556	0.7785667672771168	0.5936941080118912	0.25824470235291486	0.7814025928602145	-18.73706467492342
6120000	2.083266585065191	2.378707361724652	0.789844122565736	0.3176547612559822	0.30839159659481946	0.7549857865405303	-24.0992208320093
6125000	1.9685448748958436	3.0160930982999448	0.8730321601954826	0.21941391611737066	0.3034063929220838	0.8322743425284413	-25.087937527801415
6130000	1.994211148263647	2.368716602915861	0.7755507986727751	0.3657941487329374	0.30900010277040807	0.8803730184400903	-26.432591388751252
6135000	3.040392891951123	3.205334400195639	0.842951184718617	0.32816293672940067	0.28368084062063215	0.7802745824193712	-28.9203240394223
6140000	2.2124734529908148	3.106842198423339	0.7334756659856422	0.3810837297642742	0.2042351342535283	0.9999384971646645	-28.58205085532546
6145000	2.287987394624893	2.7785493708013944	0.8935638585375737	0.2601829798044874	0.28729540072489257	0.7305709390593417	-24.540438932341505
6150000	4.106614123862037	4.737443409972655	0.7518478365377819	0.28020473437145754	0.40512516505487334	0.711043844877417	-34.78861904420746
6155000	2.5662652660559497	2.819221707004891	0.7996342355613117	0.29956510039805556	0.329909840995995	0.9589837154050609	-29.461300152575856
6160000	1.912863110910845	5.430394484460913	0.8996367319582299	0.2955791148849592	0.3573971051429952	0.7264267929297401	-28.83835125909768
6165000	3.147206386589154	4.2516011733617525	0.8168733113695757	0.4222329592143279	0.24947115020532654	0.9401700571140281	-28.735977469163306
6170000	2.2301507418570585	5.361253870701738	0.7488438167983186	0.3811040609786524	0.2574660858430714	0.7851270876851157	-31.215163796639686
6175000	1.8050897259516183	1.9952340964517281	0.7626602869706849	0.4392211848350239	0.2733878510431913	0.915625736824518	-22.669008869393423
6180000	2.5702295165572426	3.1565377592982453	0.8609943939526132	0.6006369781451248	0.2710544874563556	0.9295478280455642	-25.471653953332655
6185000	2.3194578717085426	2.9294666962399956	0.7825477032604303	0.2876872256903163	0.35546911335421266	0.9384685264293251	-26.97134017923212
6190000	2.455679843171336	2.9608219050118194	0.782013244770825	0.32208321801215867	0.20045438921856465	0.9937953873106067	-25.001709487563282
6195000	2.1509457952069457	2.6111382079608365	0.8791718983029726	0.3707484165995725	0.20083861102257974	0.9710476921376954	-21.875227025581722
6200000	3.393803507009095	3.686847470649901	0.7266092319580416	0.2716664444355717	0.32225493550303	0.7266784074509884	-30.996234775109542
6205000	2.8295384658967353	3.5316022059030656	0.7964604280753529	0.20074615701564352	0.22980362219572392	0.7836879781873504	-31.97312638552321
6210000	2.6696964811524384	3.1061658528758636	0.7047147233417516	0.31421686299904217	0.3104062205504224	0.863706836416896	-32.9101156427474
6215000	2.669780230151905	4.05906670734514	0.885035332535577	0.4189669449298248	0.25921368269329825	0.8075345554931098	-28.099473100835493
6220000	1.730875878853591	1.7738019011214894	0.7616020063932514	0.4323321639393097	0.43718748394853596	0.9603341059107017	-23.86533476922821
6225000	2.1711173893404383	2.739717430525708	0.71386309292663	0.5009540298610733	0.2330066933875049	0.712660427568182	-26.80717953740093
6230000	2.7440564385398596	2.7997728798021466	0.7324714427841054	0.3896427207867674	0.26222854970903575	0.82568811493665	-32.72382101220779
6235000	2.45368009393313	2.7918190272576062	0.7879624403112446	0.4676075105985713	0.21418688504660138	0.8319834713581977	-31.104046014404233
6240000	2.6614791660146713	3.827741456193233	0.8085853661805098	0.532749335780622	0.2062293737960469	0.8149082991353305	-31.687209624698767
6245000	3.0439197808630145	3.156280282874919	0.7927080696380546	0.30635763284571504	0.25753323963883484	0.8098333330024508	-29.272023439809534
6250000	2.290860547498097	2.541755459280667	0.7858132282623466	0.21636403939670595	0.26301288809752066	0.7808615635256854	-25.55820953792163
6255000	3.05422101277928	3.1054722887577735	0.7306904060018992	0.4353420311631186	0.26882889656360615	0.9316374207543258	-28.75644037449622
6260000	3.6963567701436872	4.989222213864583	0.8115560433601579	0.2803798457830431	0.3480135467780262	0.7288414404442728	-34.27112432274793
6265000	3.4373410127168973	6.509057527036553	0.8367620089693916	0.2583865081554203	0.2683364087446072	0.7456564140621811	-40.537076207422515
6270000	4.639301714225249	5.194651076255308	0.7311554906054044	0.2734333418596374	0.35314301823482563	0.754970228303839	-43.47550323756923
6275000	3.604336904307239	3.9009135649573565	0.7806285555375214	0.2043988996321477	0.3397742480135714	0.732798721053744	-35.59332021792631
6280000	1.6937377278962549	2.840143512347755	0.7617868885810332	0.3722798710300998	0.20787058881776777	0.9091319234205868	-24.33429738812974
6285000	1.9304424268582616	2.150067287633903	0.8491549979604227	0.4638843791771465	0.2022770664502721	0.9332487009713057	-17.75124501029431
6290000	1.8111169145324566	3.109320318716111	0.72538286396007	0.35453889938984084	0.24166389505593985	0.8411880968330823	-26.73257440490932
6295000	1.9617573981180008	3.9694450744975955	0.8215985414125885	0.4254848254078907	0.3831517706253711	0.9063937004126837	-25.315253400397463
6300000	1.7218188851950058	2.757389668457287	0.7444561622908453	0.3216811891480312	0.3652623802338345	0.7411941001085721	-24.45228224792284
6305000	2.5810381181289515	3.3196821732064006	0.8601613452162131	0.5470535607174181	0.2335345630979955	0.9437325169804914	-20.920678288982643
6310000	2.09788434139331	2.276506733955507	0.8672231131178062	0.4472780015453931	0.20361304869044694	0.8576022824900276	-24.377630726276845
6315000	1.9221605940201398	2.334720363946133	0.8040498196669364	0.43501767724148793	0.259703134270018	0.7166957784081932	-25.624771931155003
6320000	1.9110216991817868	2.06721834531709	0.8974961740101145	0.5407980671327868	0.2698290055361067	0.7838321908230323	-17.72356615085706
6325000	1.983533100084863	2.705779342149478	0.8745807855653752	0.39638861950999943	0.21028924048449749	0.9718282199211747	-28.218028361454937
6330000	2.018225261522627	3.137876040112495	0.7432457707768981	0.46300452270924003	0.21456645644864317	0.942870806011722	-25.278993670955
6335000	2.4402318831735905	3.536723324548241	0.7801678604002129	0.2996204443335036	0.5243274276951816	0.8333827241273115	-29.094384481022633
6340000	5.0027865462776875	6.7292772856397	0.7258067829295678	0.3157111840236816	0.2324977780835006	0.7131472722637517	-42.30983179971853
6345000	2.0140098891167373	2.334637351857278	0.7053042777754674	0.6191539316413531	0.23102553243496965	0.7907883014307049	-22.218139951557244
6350000	2.4304710167690597	4.3750864645508685	0.7343516235409405	0.4607703791177322	0.20621518540446843	0.7273323252737623	-31.832247181606917
6355000	1.8044364337550607	2.0465487311332224	0.7496249715878154	0.526813534865731	0.2499255714501835	0.9802952748737047	-23.871052545497736
6360000	2.3343787762260684	2.3738928397023407	0.8936220288428061	0.3482787735368955	0.2764357883484739	0.9807311531862831	-23.400265949615257
6365000	3.6004989549063104	4.488440090598214	0.763108180279936	0.28862414875690756	0.30848254346537124	0.9962115197039053	-35.44343781296849
6370000	2.6025444060085055	2.9760558700987496	0.8066176632402559	0.3944201867819607	0.27704543895920314	0.7571414825459147	-25.15349579185714
6375000	2.950173680478868	4.571593560380083	0.7350977188848237	0.24342696496206362	0.35996780041757737	0.708534303797664	-34.320618270337334
6380000	1.9513572246928395	3.759680796070364	0.7977703480440518	0.2003332753015496	0.3389059886341221	0.9294449295833612	-35.13670045161669
6385000	2.0837122681246982	3.044073945292979	0.743666088227575	0.33802958140112305	0.3410634758718496	0.7426160988238664	-27.62486829926308
6390000	2.157511706672114	3.279872038798103	0.863486106330503	0.21847819997896784	0.33492836309269686	0.7763360391654076	-23.569831988939246
6395000	2.723219615854281	3.2349469716173465	0.8099537234193703	0.3771232476700404	0.22169591652396936	0.9664476832522286	-27.384831999273814
6400000	2.2551630469974904	3.2591331595330177	0.747957496122803	0.27929305723314574	0.26069890771763304	0.8127249318554144	-31.058151378134745
6405000	1.962821906792719	3.806235972451615	0.7685602991466288	0.38383686067426415	0.22523510998767024	0.8087794659367611	-27.75336839272423
6410000	1.9026848954821063	2.2793159926068056	0.8362186243986321	0.3556277304397868	0.34255879886602164	0.9697514248159863	-24.59489256392775
6415000	3.8992634297442548	5.388440344007845	0.8880058116424451	0.22724232493013236	0.21725557260684258	0.7492018840293806	-36.81058012180323
6420000	2.6365782402758886	2.74395156997053	0.8959619767294773	0.3172858359404005	0.22222516528136194	0.8082393794622251	-27.095876334429864
6425000	2.061696995436274	4.130135718852846	0.7262989958026453	0.32985397207939005	0.2655464806740519	0.9394732770415264	-29.08473450960729
6430000	1.8584356232675003	3.62994753233759	0.8716105682640052	0.21971471272442153	0.25892041241568536	0.7874198657314491	-27.85552866351894
6435000	1.69316713967937	2.2070341536627605	0.8940640421266964	0.3738171839370707	0.25221381453169056	0.8355244575162223	-25.063498996271363
6440000	3.852866538140171	3.89576580637037	0.74289411088863	0.20561414009178153	0.367612816528125	0.7086659160581604	-30.06399829850548
6445000	2.5473452333736466	7.326387087076157	0.7173009167493934	0.35995675202663757	0.2610334282558138	0.8974829580809571	-35.75358383504014
6450000	2.963221085169889	3.342301301979829	0.7112163286528939	0.3536868119946517	0.23953536454846103	0.7600701647732767	-28.456135178653387
6455000	2.065953436737301	3.1599332820758894	0.800985302801299	0.4152253829061837	0.20282786796877952	0.9874908308503982	-26.811376783474806
6460000	3.0096219693523563	3.744626991660508	0.7388111577984376	0.40197706570251684	0.28211085436157113	0.9042494990316934	-32.65375594955625
6465000	2.3436608232902842	2.583919424705795	0.8204293721254146	0.21342235673933335	0.3450930735313906	0.7470965687622634	-28.2470116679979
6470000	1.9902061701210332	3.05542021306911	0.8819767845224912	0.2706275890716957	0.33264397144448815	0.904235132185562	-26.99324432298221
6475000	2.0594522336292074	2.5869508406556787	0.8316853761441011	0.45070297624901773	0.25385828456621223	0.80581293660488	-23.057635067744048
6480000	2.3614754390739314	2.9534039621155124	0.8833377719094242	0.38980447455439304	0.22686518364855707	0.8179492257589962	-26.38981908391502
6485000	2.014748474857577	2.017199748309268	0.8488288564974563	0.3934033720111188	0.23031353482972813	0.8421228765113797	-16.94636472324138
6490000	2.051758122354394	6.306524554916558	0.8083887731401905	0.23303421000730387	0.41419769612948454	0.7870898742423188	-34.06165403786915
6495000	3.130786515479487	4.07244168404708	0.8702723745088652	0.4444565611703735	0.21503899233750248	0.8606574698841506	-33.64929644180572
6500000	2.4052274445367607	3.0186651561628994	0.7386925157554864	0.34341707841556085	0.23427454281424018	0.9000888540129789	-28.526760215343078
6505000	3.28696256914939	4.073247831556832	0.7289901691764993	0.28708018898702464	0.31955192183194	0.7641424516290978	-31.167379374573514
6510000	2.19106832933445	2.2670305397644266	0.8146664261348149	0.5368346224155861	0.23137223211682545	0.8535088540144402	-23.91032411452331
6515000	1.769634225877884	2.5514615464286696	0.8758984071042449	0.36003072811030573	0.4507245220015101	0.8290260379730048	-19.862099051498408
6520000	3.131831538298738	3.473284550593624	0.7230571403963868	0.4177305235470762	0.22035173166793395	0.7553579780854973	-34.314399871551565
6525000	2.3248943093110728	2.563984589874268	0.8345300035040233	0.31123174864609926	0.27455645088924274	0.7333864444437184	-30.43008606408191
6530000	3.906719805781445	4.170837824598641	0.7096851391962364	0.2331069920855962	0.23516653845574093	0.7096227747264121	-39.93693246181648
6535000	3.8665854100782857	4.923638047004819	0.713266807931806	0.20647312111681357	0.266162795175174	0.888404385791808	-38.43675976925019
6540000	2.283536128358016	3.0459211303060347	0.891252905778452	0.245793605155827	0.3265278350710202	0.8118087402802243	-29.05164919645951
6545000	3.2822045574655228	3.452898448257091	0.753902750123624	0.22262039125549699	0.48087640601899584	0.7611556060838311	-32.37417680003631
6550000	1.8628880035515452	2.6915908954696315	0.864845690407331	0.42335320907799545	0.2845050952708646	0.9953076453063985	-21.438311848851633
6555000	1.9156967521389443	2.8501558620078216	0.8631233633160644	0.4255293947094479	0.37331364552495466	0.9551229965041478	-32.15902207980233
6560000	1.7771175137924333	3.7260862522313247	0.7310715247666146	0.24925016595073607	0.3031599264264722	0.9439181689316206	-29.61449241384589
6565000	2.7162462176834254	3.0473633423065514	0.807814108365502	0.39231286766509704	0.23660412980723897	0.7116286827196143	-32.641494550631016
6570000	2.0189598401650075	2.2086292525581	0.819789959600291	0.2651480406707119	0.2684976214076501	0.8838701520958019	-30.449520104533523
6575000	1.873390237908282	2.058091211523381	0.8654564238438313	0.37798112302296705	0.3074242259999251	0.9642363515269903	-23.930473847186434
6580000	3.897813317440236	4.5834096238711295	0.8202686095592944	0.230327265727691	0.2570064068401215	0.8195385242375198	-34.07503531735355
6585000	1.7025453418655274	2.175509232877555	0.8500572808112211	0.4024163558580503	0.2242760377140816	0.7702098241054836	-21.375956698300044
6590000	1.69316713967937	2.4097046762884142	0.8743893107240357	0.4973620506611198	0.27141072951263717	0.7317581526478464	-21.276814462735135
6595000	2.7814179775210177	3.6322886944152137	0.8720578137065194	0.417906724840798	0.24903743150574456	0.9287029200435656	-27.668744164873544
6600000	2.166033536698091	2.305997319018472	0.8727061394369772	0.6465363489845659	0.21204818195881983	0.7032724277986119	-19.499027815169395
6605000	1.7755740890142704	2.112825211162142	0.7650157444998675	0.3020072819783967	0.4316079846586274	0.8923506547033936	-22.589155947683494
6610000	4.077927498352768	4.212198057941729	0.8371081085136111	0.21730887293038548	0.3317543796792833	0.8947205166044409	-40.564582894418564
6615000	3.362000109650312	4.595838269781211	0.722368642113568	0.21769789226488642	0.2887793018638923	0.8725332114049844	-33.31931756748257
6620000	2.323543614908466	9.441562597123518	0.7617018864409392	0.38432169617951983	0.2144522851840023	0.7894261890222132	-36.83885572477401
6625000	2.690622028459718	3.097033637629236	0.773186884521312	0.44094094372101456	0.31550770168609504	0.8247062022021101	-25.5158698582311
6630000	2.2963510904465796	2.4795171542397334	0.7578057488748733	0.43465657146122	0.24714490263281513	0.9592790708357022	-26.10678652740558
6635000	2.539776924754609	2.579513966056836	0.8861481228057885	0.27739982662866186	0.2962878899695034	0.9885686487987437	-26.867302142215564
6640000	2.838140949155926	3.1343332596117883	0.8365037808136077	0.31368831935397334	0.31394655646692016	0.8734758126746438	-25.799748113572367
6645000	2.499574320545849	3.278127888616438	0.8701854663359274	0.29424803434435964	0.29333532573813764	0.716395800147297	-33.58283782037465
6650000	2.129504598649443	2.4139546653185673	0.8613075043356359	0.2240163052106147	0.22683062294195425	0.7211679667314973	-29.68260218789896
6655000	2.2056868514674934	2.6218294083254183	0.7937826404875327	0.2374992689604913	0.36683421025028595	0.9269747005511395	-33.55485801369515
6660000	2.4105747791410552	2.7824167814864107	0.715124023816841	0.21831416367498485	0.3048634839388764	0.9067269688840115	-32.14358701354599
6665000	2.2648172841765897	2.54238176338199	0.7888148639169986	0.35770799207738035	0.39270579877362305	0.7847049415412699	-24.335597108625908
6670000	2.0569515277254014	2.1659812715485836	0.8505254606138172	0.38784752922029225	0.31408557706664236	0.9284745280369288	-18.530411974852182
6675000	2.723638994007398	3.8091795186512623	0.8464687569392283	0.21177884257182417	0.4220197698957786	0.7352443806827865	-29.726382008886485
6680000	1.69316713967937	3.383222491211144	0.7047423111204785	0.5195448831914858	0.3248819682707698	0.7966997166286655	-24.429822032466404
6685000	2.1921974785300056	2.2411446662578216	0.8655330037476672	0.5319617596983631	0.23819640612572773	0.9339153190897862	-27.033703479731454
6690000	2.0246174410088207	2.7382738550037393	0.8058602309496246	0.4158498853364328	0.23581434075412444	0.8845002258614538	-25.699863270379634
6695000	4.054316129549151	4.1456746249068654	0.7848079771034328	0.3914539943305092	0.2187408020579782	0.763084369710354	-40.2689728919906
6700000	2.3218870014546074	3.287876183738857	0.7963390539539128	0.2108147898156148	0.22688697381191028	0.8090145252985083	-32.40283013551254
6705000	2.6353114361062557	4.593697602609253	0.7701896897351445	0.44758610045167285	0.20665466654991796	0.7445264556262448	-31.936088377078597
6710000	2.7455629579799363	3.5735278318948813	0.7795735361304147	0.41680510420679	0.23473320475249856	0.7286342870117167	-28.24725052247889
6715000	2.862275742482316	2.8651080044648625	0.814307719327504	0.28800460620980356	0.3960141978439281	0.8003328676294063	-31.304015481219245
6720000	2.424034984185409	5.0009548709223255	0.8368444573136733	0.4068725242260454	0.20659716770267136	0.8569336983568259	-30.709506560214354
6725000	2.6326620921024815	2.766545842301143	0.7435374527799996	0.32107934982371017	0.3884956806681841	0.8661903454888221	-32.83660354710749
6730000	1.806370892660998	3.0610365737299854	0.8954742141514659	0.4691471433825632	0.2068949992721374	0.8096901508840937	-26.950885686644774
6735000	2.596307020856089	6.299784962925199	0.7527546934429938	0.33110553643868246	0.2080100519842067	0.7836400514452635	-31.656253645739227
6740000	1.958304643499759	3.646979367125231	0.8854479095712788	0.2195517999136596	0.36543764041489596	0.8197005796165823	-27.461008209221585
6745000	4.324134428409332	7.395066582141029	0.8193180680172021	0.20883526778206177	0.4067162402123941	0.7743788400734171	-37.87196056684506
6750000	2.299171415227704	3.08514190932212	0.8173653160845772	0.4136447422154926	0.20323696922644438	0.7742157928720645	-25.503198881434663
6755000	2.295797533307911	3.373450382861942	0.781130175735233	0.4407723273284715	0.20024071610849337	0.8782928721199835	-24.406400158603162
6760000	2.428579551201859	4.02856360393082	0.735845806839559	0.23388874139237195	0.3968769767063972	0.8694860029760122	-28.42038146032225
6765000	2.494729916405648	2.648607056008758	0.8702502990186252	0.22010854271726418	0.20898842068254725	0.854532550705825	-29.128062382911832
6770000	2.4052625344989353	3.6078957200188926	0.7998179009183431	0.48516580590108455	0.2071703253890784	0.7719736655985336	-23.70705376123205
6775000	5.785943061050021	6.08350272318597	0.7243107666371497	0.2554807446893875	0.2724122221861547	0.8931460841914473	-43.95521133751222
6780000	2.430636224721297	4.039092037591375	0.8363095345774177	0.2421020595305042	0.24007913356197205	0.9150063778977806	-26.925256694303847
6785000	2.6002126975105817	2.8438467913576604	0.7506097500947347	0.2249104568098452	0.2861798735445327	0.7007716713669975	-37.42091509608393
6790000	1.8485248546509905	3.0326491285188943	0.8551114372135428	0.20043539098038787	0.29733676770562867	0.9868159055150887	-29.622579632241536
6795000	2.1326270841295285	4.080852001012066	0.7272470221915428	0.3677019854458343	0.2727470956999186	0.7760157315649351	-32.65942301159984
6800000	2.8098495914908717	3.2404229793095896	0.8399129043003178	0.21346091058235311	0.39928993790486206	0.7374793993292176	-29.119064193053806
6805000	4.518967894377881	4.913826379407923	0.720175072928751	0.24644995532282918	0.2782395853670381	0.8901450771314953	-42.282466645196045
6810000	1.9494560302612425	2.018359146286901	0.8288993624562796	0.4020530785067901	0.375725983510919	0.7029447979437066	-27.706457072948933
6815000	2.050447229906088	2.0858326203430173	0.8172356127831597	0.6912713137938555	0.20945290425516822	0.7031491206076932	-16.736278598542814
6820000	2.2244846964321328	3.8382058555333844	0.8361899662083337	0.22558320877624743	0.5352667691507691	0.8873862301288131	-27.20775771396787
6825000	3.213599533668391	3.6886349855076044	0.8140635183206899	0.318781645363586	0.33622126119010515	0.9542426959748121	-26.879544836098585
6830000	2.0576379683425614	3.413831484555758	0.799388758417431	0.48323321437145766	0.2737280141117315	0.7992289643961304	-24.260873515218638
6835000	2.2213991625946523	2.981480569179654	0.7823554111298342	0.4951971520101098	0.21357735705334316	0.9689489987033794	-20.062728392362313
6840000	2.322506543991238	2.8729156513080008	0.7987284125532904	0.300094951234357	0.31323183467252036	0.7360738725471748	-26.95517841570485
6845000	2.252231487296045	2.943626998862463	0.8996750144866611	0.4023761116594021	0.2103772409060649	0.9976016258493181	-22.002789051817743
6850000	4.025904692728591	6.076700338504213	0.7208455881061723	0.26111779337050633	0.4586514068659204	0.9963901860244301	-32.45042854945769
6855000	4.258371694644627	5.452692948257118	0.7355576122304882	0.3039005383959584	0.23105418423887059	0.8717534430573103	-36.27107117654907
6860000	2.2726712648092997	2.8092464570368345	0.7459445866509918	0.2970631944220357	0.5286733855203012	0.9430419808456024	-29.68626668191882
6865000	2.8002033120186987	3.0931737036614537	0.7589736964518838	0.2829276283480265	0.2161843694625	0.7760071227555508	-31.026988065989208
6870000	3.44740591527516	4.838728812438334	0.7439365631098174	0.25884414299734093	0.20273231939831884	0.8634775501173498	-32.102160396560336
6875000	2.6687328234072694	3.8920679229350896	0.7117012576502072	0.4257417893355068	0.20926686650414025	0.8358076514100693	-32.17931634622786
6880000	3.2662757620247187	5.149587914507389	0.7701159835204039	0.22515924781245503	0.39743894053007506	0.9724714808643807	-33.002825596921234
6885000	3.849026009195749	3.931655136403487	0.7509163312318339	0.28262804338689745	0.25226106105353646	0.8968535709675729	-31.103003840329542
6890000	1.953785868686758	2.060482249859516	0.7566128882684422	0.49087973012517666	0.24014450818680125	0.9990732905358539	-24.194157484671624
6895000	2.904071065498277	2.998250055925952	0.8451227745374281	0.3064956213977672	0.3007281301802726	0.9195363529529581	-27.95672339839879
6900000	2.3426576960490935	2.7609077613946247	0.7376940032060697	0.2858846351270024	0.2428532371929	0.9384210610449877	-30.001130251297653
6905000	3.116447379689047	3.576121712635679	0.8799623473635532	0.21627095909433228	0.2293599930387461	0.7996284165508132	-27.861160045453367
6910000	2.291899226745442	4.390737619892593	0.856847245573313	0.21777940303700535	0.4161899684912478	0.7214026567147477	-30.584556932480364
6915000	2.3209730380843667	3.2260273877950922	0.7167145839773887	0.6020519473470419	0.23069314438476782	0.8647879258675121	-27.049110773390897
6920000	3.037134191637892	3.7206349759923585	0.8324281985649861	0.42855283658611615	0.2079089136627781	0.9028104121752519	-31.107106789486373
6925000	2.375451405430242	2.7180187375519367	0.7775557827466816	0.2043405201939718	0.23811470232088444	0.7273363992204029	-29.580130950188302
6930000	2.689887303193289	3.421887799009741	0.8581531832495269	0.29663019500430393	0.2622161167072864	0.819484526994372	-33.063441424431645
6935000	2.5345724490391257	2.836749799493631	0.806967234979959	0.5047230865409541	0.20510972283295414	0.8409972027939179	-24.08494296998525
6940000	4.656876323438844	4.870352614823145	0.7857794604309825	0.34609195075810517	0.2543589772544816	0.9889062817479061	-35.58228135073555
6945000	2.7049500417987202	5.189465179008349	0.7620603701577833	0.43672099036820605	0.22622788058459234	0.8892751404750212	-29.781452218183965
6950000	3.780617378339029	4.138081527582421	0.7021575763054289	0.33622169674299957	0.286202881614807	0.7553639467182406	-35.12892281464432
6955000	4.48627636521678	5.691835206875696	0.7536138546648864	0.2466567279525269	0.24605646414474958	0.8970961787541818	-32.653566223451676
6960000	3.820099273600646	5.239622212705672	0.7263855735220097	0.3099365471049505	0.20708588752235207	0.9956556114637934	-36.90531277307464
6965000	3.868648135773771	3.9980433647307643	0.7070424722146814	0.37627982351790357	0.20764962389120623	0.8321342776424864	-28.81126447431078
6970000	2.3883827697065083	4.503376661370234	0.7064485297410271	0.30987827697504233	0.339086247790583	0.8878283158283542	-31.937013187666388
6975000	1.8785928805099512	2.070409947846896	0.8419566017585187	0.5438416595190053	0.23868828693082042	0.8848510727960252	-17.12504559216321
6980000	3.291756521549173	3.91468405308562	0.8160244831544666	0.34393627873795113	0.3025915251945917	0.7966326744411848	-27.17166197250901
6985000	3.0298912443992276	3.1341229253325946	0.7323466553053244	0.33258269597994194	0.31789571111338266	0.8857906539160049	-30.845938121240387
6990000	1.8615269526030378	2.953861730358813	0.727587266302575	0.6040079773133955	0.2356222233382049	0.9923315798215498	-23.945237381268207
6995000	2.924120937240588	3.317917516357501	0.7043226451549857	0.3327922258201698	0.3602411037450903	0.9727236578676118	-28.315710529251493
7000000	2.291529650233905	2.8452930429795575	0.7237152140343385	0.3663849733918726	0.27359618772114885	0.7413450640653969	-25.592041188427924
7005000	2.1261916324971124	2.4274708275371863	0.8187008609880156	0.5386325514742238	0.21285666904343414	0.9890766828894302	-16.978264664092027
7010000	2.2504330110452053	2.791832773809407	0.8549278373868457	0.22467525012502151	0.3994012766969196	0.7290334079037758	-23.715567354424525
7015000	2.8895358117617764	3.229278064657073	0.8848739908989172	0.3200697179374031	0.40374895355108614	0.9954312530128739	-29.94620980352377
7020000	1.69316713967937	2.6113596957872445	0.7864434101332023	0.6290142329918317	0.24035878866114954	0.8363899549045054	-11.067490557514269
7025000	1.9661910826373061	1.9895230553208612	0.751858180551978	0.45128564380714614	0.268668731021672	0.8096454378056565	-23.559359070702552
7030000	4.2498487798124245	6.278288834816342	0.7316906784733551	0.205080221253905	0.2280399793994025	0.7344891836134679	-37.058366486396096
7035000	3.160220691508411	3.4216459355173106	0.8894064406633558	0.2161715290485634	0.3328595361113836	0.7360915790590079	-33.04943493944188
7040000	1.8311488156133675	2.1494733498319674	0.7747172640314736	0.5628878280530432	0.25663555954212053	0.9125062000532336	-17.190522445495837
7045000	1.9759033560724977	1.999630929470083	0.7426747039183841	0.2788058796677112	0.39970217698440846	0.7246828811841299	-29.520393626342656
7050000	2.390861226328861	3.201442980016947	0.7920209339906165	0.31078385461709446	0.313400680280335	0.832950316331943	-30.10764008834728
7055000	2.4559040131483254	3.5625728145821096	0.7696245187222417	0.48477058344862445	0.24986233708382533	0.880456365948235	-27.38182458989449
7060000	2.0179517323414875	2.520739562865396	0.7325564149098676	0.21994486525825627	0.4311674015897766	0.9224935032552146	-24.80063252435349
7065000	2.6880928295054334	5.228317483593906	0.8418863200510757	0.3014889079713968	0.2127285843681407	0.9873316725793804	-31.24945016310268
7070000	3.260131482719292	5.989262488338413	0.7951084378705233	0.21935422835318846	0.34217282610307515	0.7310522113695894	-35.1960853676246
7075000	1.69316713967937	3.1638914928763815	0.824324439172783	0.6180634484998482	0.24439342004239822	0.7840620397242692	-25.2922968734201
7080000	2.2437281563502607	3.338829267010601	0.7462268767491735	0.24300035959054905	0.27636665753112344	0.9344434661073061	-30.392666800161916
7085000	1.920360508610443	2.4024570360154343	0.7219347459511454	0.3016744284555355	0.22517197188768426	0.9020261285433375	-25.716275008134918
7090000	2.6549894933062013	6.2840759644754325	0.8324720285863596	0.27572166307999657	0.2963641568570886	0.8555094062068781	-33.56754471134684
7095000	2.467957020513151	3.151861026685434	0.7836468139083193	0.332494530526089	0.2549395901895302	0.7674178688304405	-29.020498349973213
7100000	1.8787643365134699	3.211111549200032	0.7971455605522819	0.3547505406783614	0.32833301798665104	0.8582345460110633	-24.123983252078666
7105000	2.1166518164283086	2.3361885293681772	0.874066655887685	0.5502641213954621	0.2396725839244143	0.8286513031616617	-22.945706200569486
7110000	2.955057658054173	3.875364316924885	0.8490922571841256	0.2223329438711812	0.22818255564413414	0.8210489846964468	-37.66962709313884
7115000	2.3242051451640044	2.6260766357263066	0.8224995798783097	0.415867339283355	0.2893630521282783	0.8376378984954095	-26.612213115188045
7120000	1.8983125258907507	5.811683307099819	0.7408585894991325	0.4471365650426881	0.2642816706716874	0.9460857475831864	-23.0452494053892
7125000	1.9033136761237233	1.989224327928576	0.8390704257188271	0.3413996334429222	0.3270123893115552	0.9076713076668422	-18.127789353577207
7130000	2.7352420522519116	2.7528444713106475	0.7282970639932825	0.32632135322646283	0.20987952311493807	0.7500125460119376	-30.671029318121786
7135000	2.320078749830766	2.3272319724643595	0.8337790316423326	0.33506585161957614	0.43568316514604444	0.9690907146295606	-26.842075728269013
7140000	1.7868366171352843	1.854965423183468	0.8653209596737462	0.4399148051752306	0.34400180621142945	0.7813486381554912	-21.62911681757339
7145000	2.434864149593209	3.58479537447077	0.8454724152599672	0.4372195740698917	0.272520374589392	0.9757700559738438	-21.037928503496918
7150000	2.1271432826778525	2.4400313467255907	0.7037810451856399	0.37265691147302443	0.3444874603205613	0.737940420983634	-27.80552753310036
7155000	2.592009392414963	3.3118667327021787	0.7907257791808784	0.20561296474836946	0.22256647854709027	0.8571051167681447	-29.55086323145535
7160000	1.7034261246794482	1.8713446740123312	0.8508121164726985	0.5075219461145599	0.2954065367240764	0.8861254671226124	-21.78286209040006
7165000	2.3928145478245564	2.6006244228303204	0.735419214591454	0.3289143555113647	0.20277244820154575	0.7134585747142321	-31.59347864206864
7170000	3.5028333652932897	3.5970798883922273	0.7505709005382624	0.27426967395442947	0.43065947228574136	0.8878332919565143	-33.72604056163056
7175000	2.0030292156313196	3.4767475682582685	0.7506415372169137	0.36373720342644444	0.249352728222818	0.7459871535528573	-27.774669076304875
7180000	1.6952952115459947	2.0006108439802195	0.8117788698300382	0.38113310066853484	0.22254684170856814	0.9203709695755664	-22.794848588723934
7185000	1.69316713967937	1.718965273946114	0.8566335784550333	0.36066948820467365	0.3606329201045551	0.7691530234605246	-22.170808332800558
7190000	3.5922797433313005	3.61572988104857	0.8341305895340687	0.4177571879192781	0.29512461322278505	0.9982360991880619	-20.42954796080309
7195000	3.3817200488498442	3.799724515737018	0.801657435728962	0.2121725278757636	0.39063558852604013	0.8103694276678901	-34.84878929849968
7200000	2.7862905330551313	3.6661426523311684	0.717908107933384	0.3227017707932836	0.3084047028603723	0.7660079191965464	-33.088577499218594
7205000	2.5604606532248466	2.7996470730478142	0.7448162058780697	0.3459478032270225	0.25515210473021177	0.9078908132458685	-27.02649596220902
7210000	4.554806696505746	4.64823896428096	0.7176764706893118	0.32477645311659703	0.4531024434445184	0.8842288750346073	-33.56132394256208
7215000	2.184133658164235	2.8106582190122724	0.8566543802299621	0.3678801019865479	0.2498938116806796	0.9727568903700545	-27.906174763706396
7220000	2.3099515571018667	3.660759701705221	0.7946807769952728	0.33384986516229215	0.2598233768638804	0.7836729463527602	-32.769019424841034
7225000	2.2606554826557947	2.47080347830283	0.8162787424351303	0.4349626479876183	0.2013176322055762	0.7256309851104759	-29.628752293235625
7230000	4.800220950946458	7.16795980526781	0.8179468940647466	0.2627837517113318	0.2148624623244696	0.9468811190710632	-38.69471223192844
7235000	3.9779421956320857	4.875663806059616	0.7609040935828898	0.32505764692388905	0.33679957370697244	0.9158097365477067	-37.14889854939861
7240000	4.550728988904354	9.312047326656756	0.8163118793633966	0.2117400807172497	0.24596404962596585	0.8594581378455829	-46.757251192937595
7245000	2.3638319310281557	3.2205622596076453	0.746031120679566	0.3367322872092258	0.2182723344293398	0.7312602313273593	-30.764959697673614
7250000	2.2991886565743305	3.304377398361057	0.8225289016868059	0.3221742657229986	0.3388451805202337	0.9791618154728652	-27.581732022752192
7255000	2.5678202238661134	4.080869571282152	0.8662663766914221	0.2532098143139062	0.2410503496679663	0.7288553793363133	-31.0035483482998
7260000	2.4564271928481194	3.166679900130756	0.8237626579622179	0.28542524765449706	0.2514930536023697	0.9089476828642149	-30.179043685868223
7265000	1.9716482508912574	2.7340821015168633	0.8828548385796395	0.5737331489141596	0.2002778236996433	0.9428544145401363	-17.735613675519144
7270000	3.23227095340647	3.819265366933198	0.7400181233768865	0.25741470607180783	0.245722616943413	0.9763136940449002	-31.122909650087585
7275000	2.5430562742350684	6.779373630702965	0.8298720681966911	0.29866761363379796	0.313036432005615	0.7871414186409383	-37.74617225389487
7280000	3.4261842829922813	4.200256915362462	0.87111018565348	0.2906742563751242	0.3300933222402366	0.8421243240711997	-29.64471530932283
7285000	3.0023785983952753	3.4710281741036018	0.7024785157206443	0.33055467449049974	0.2729738605210508	0.9905149356932708	-23.0029412677596
7290000	1.75448673090476	3.230581230176119	0.8812811802800348	0.5180875032655217	0.2578362832882478	0.8086296284594998	-22.977750039219757
7295000	2.2840946911766475	2.730265743015619	0.8891340187971718	0.28649774345459506	0.29507109791163005	0.8329327629431686	-30.43395235086555
7300000	3.1148838512997505	3.2001398063264745	0.8139817989477287	0.2716035255388017	0.3166934983474923	0.9776447031290151	-34.31837732517813
7305000	2.4150969985571527	2.7038203992963252	0.7667377038887054	0.3452527638909493	0.3816624495413585	0.9712214418114953	-28.363079751331153
7310000	3.532874195847469	4.151297022011235	0.7663204586000246	0.47388965376112047	0.25166926368730036	0.9395737962350403	-28.652771624483076
7315000	3.8557513272427815	5.386937857320864	0.7424668677676199	0.3354143494809218	0.263298766389228	0.895193728792423	-30.684674689088684
7320000	3.5638750172578075	4.145446045891718	0.8713592965996246	0.33768592916996054	0.22117253830607392	0.7166430061761824	-32.46102881490569
7325000	2.6538122885079716	2.93983198555467	0.7321299402198677	0.24576610716082053	0.38379177048215746	0.9897393852116974	-31.65369383567954
7330000	2.133939180450881	2.412784893073818	0.8666438378696284	0.546930267383708	0.25060118801363657	0.8081865804231583	-27.271389602362202
7335000	2.9397623151184105	5.12942317664384	0.7555129773221346	0.38838011269038303	0.24058550023971978	0.8716052939504094	-32.414293778218635
7340000	2.620497208130814	3.987417605160209	0.7352632309416482	0.25846210601692465	0.25272993853218545	0.7471970710961637	-34.09826311764797
7345000	1.7041581559652765	2.84180701438012	0.8879291240195868	0.49670599068423665	0.21449587034244313	0.7670084479385446	-25.4491316391863
7350000	2.8866628838744135	3.2202053132432646	0.7390897823891095	0.41153454184863925	0.24029920614456493	0.8847482567453728	-33.47210795334752
7355000	1.9236591431781995	2.5261496713664457	0.715021159577188	0.28991182089652445	0.41782106746247505	0.9381126536957342	-27.902542208915033
7360000	2.9855968968771807	3.400089714842217	0.709704074495026	0.3780772621664828	0.25765945337510693	0.9799452915328991	-30.01776625617054
7365000	4.276893827173854	4.786685726532781	0.790532340054199	0.4148361920354369	0.2176205977542201	0.9924438831255228	-32.709633418602046
7370000	1.9704702641114418	2.1527715868330173	0.8024735759108718	0.6627290563471531	0.20875823599852095	0.9195759522906938	-11.145977111752927
7375000	2.8411998461883545	2.947910069119052	0.7292074549298296	0.2632943942914426	0.20087532555909907	0.9375604915620609	-31.597438626120635
7380000	2.441744061379835	2.7179639930141644	0.895617078654392	0.4470922249020104	0.22379229123177327	0.7945538710357634	-30.44675002622579
7385000	1.811016738700507	2.196126747410161	0.7246770646183212	0.31133819265452567	0.4933721029018241	0.9519801303702314	-30.49618414358694
7390000	3.550608487986365	4.67999459044184	0.7391295214765147	0.2085324437249535	0.3143203566490798	0.7297672689124346	-37.924078799433595
7395000	4.390277002384744	5.845129268058516	0.7152858079461762	0.30540978816104064	0.200316146054149	0.7927712743523255	-43.148156794971605
7400000	2.4667101466774994	3.8695134791089707	0.8996845306680865	0.37810655906540636	0.21955278388958646	0.77972352484911	-29.93071227785873
7405000	1.7419760047991348	3.3580635899859614	0.72630192158203	0.5366967665661063	0.2615921758059464	0.9025354361216853	-25.323400396386546
7410000	2.081732449455883	2.4092616493767496	0.759826665550539	0.49730441851670304	0.2249445662127697	0.9129896461212558	-20.35443669115148
7415000	3.7032672758591665	5.392140152567984	0.7363868322319809	0.22345965001074833	0.2984965725823582	0.8668303949912002	-33.95645201164067
7420000	2.4051437762064127	2.545867783982859	0.7667134446384458	0.30835886459344686	0.24485560239151305	0.7753728689297371	-25.166788171118508
7425000	2.300165066263623	3.2345627696456067	0.7740852601105267	0.454739340841915	0.41277779671845394	0.832186563333417	-28.306922246313572
7430000	2.8845095067710043	4.282992853915405	0.7459291565593648	0.2595311623746623	0.3422875399800788	0.9895767490173619	-33.03367358459936
7435000	2.102512873386468	3.5349042574486873	0.700053125777825	0.35147097082083695	0.3061492036027395	0.7763691337201059	-26.70858195868633
7440000	2.3401573386106085	2.742485780276233	0.7425389667304075	0.40709551867057914	0.3580582267111169	0.8065260362041168	-27.810164546328625
7445000	3.741710270069358	4.655461110412895	0.7935618316781557	0.2783418227623644	0.21720971365640143	0.9894177343195364	-35.4557728186767
7450000	4.164195079840005	4.7338229417624245	0.7138526244184461	0.4940508845134733	0.2475981040971546	0.9409525402142996	-37.90190748512607
7455000	2.8111001480433933	3.1991416846987124	0.794597130383371	0.2004819751273512	0.38713099848428156	0.7456245574971723	-32.69708276445945
7460000	2.586791293833756	2.63530998535981	0.7006390074920111	0.37721695011914963	0.2887726544538081	0.7228532044299549	-34.05659642318703
7465000	2.0561988365123423	2.558422004181709	0.7951644324459516	0.5433517542684296	0.27804333846959495	0.9448207539301905	-24.015694832885384
7470000	2.414343672684179	6.132255796256955	0.771070235129249	0.3114941272435085	0.230690400724947	0.7684584583810343	-33.69930347011937
7475000	2.3274085505490065	3.967631301155293	0.7977873627077465	0.24828945198285648	0.5070367129141825	0.936727437370993	-30.968039922683637
7480000	2.93255916629839	4.174398285810606	0.7348246296197167	0.30695912737282754	0.32052910193272593	0.7527160485735689	-33.254361867081684
7485000	2.2760695445143453	2.9100698895173855	0.7088282197230024	0.44995397263333525	0.2610363361928059	0.9494185069751755	-24.167668942663585
7490000	3.175198039588562	4.700175825650821	0.8523403723430194	0.21664204212165933	0.24714544704851565	0.9687302539225064	-42.72863356316283
7495000	2.6729264732201257	3.5873832872871323	0.8116533923613147	0.25729176283023875	0.24383487374588173	0.9565340310784092	-24.217996983425003
7500000	4.466800021097577	6.403898546285367	0.7473964618082165	0.26082085438366137	0.20744549235592413	0.9789146980146891	-37.326099380367715
7505000	2.2765899312651636	2.7348561209253117	0.8797522121712679	0.22058661539215768	0.4031030016539282	0.8970163050878812	-31.061016940651214
7510000	3.9548542302917222	5.66985379352554	0.867889092926286	0.21993641113881823	0.4274955068898037	0.767941185807373	-40.16870932978364
7515000	2.3094238376481626	2.757886675712934	0.7799544715778255	0.20641558690090736	0.3129552335715331	0.7306213687546335	-29.26228523582345
7520000	3.4409083073340625	4.315585357127684	0.8102431136521733	0.24562611317628877	0.33290455532461766	0.933339017906205	-33.39172283206249
7525000	2.278030657562327	4.063359609569291	0.8165205711358077	0.4494545261561914	0.22643415407428905	0.986303654728977	-26.252769003366648
7530000	2.9800325893280806	3.332305384118335	0.8328726081284084	0.3515645512780615	0.2215380220760752	0.7251217777078255	-31.090171723086847
7535000	2.8158407937555197	3.006335770871407	0.8301279547261107	0.25786220856617803	0.2240552751519942	0.8105743583308176	-32.15070387282273
7540000	2.3471180420461053	2.622272925136786	0.8018482026111298	0.22752186962099127	0.5283001857465863	0.7166292151351693	-25.782856702297607
7545000	2.8895259476080954	3.258266322870234	0.7952872072666543	0.30361763785115925	0.3727385907211649	0.7517726572201412	-27.857141395793633
7550000	3.323291731614262	3.96289167374919	0.7866508162432799	0.202223447949778	0.3590020784665357	0.9751280992971272	-34.14722574574937
7555000	2.6501217800505597	4.814408650476139	0.8408143141559397	0.2664254245890951	0.284970919046428	0.7291200523100205	-33.320332759756866
7560000	2.242046851922341	2.3389424832005568	0.7639169656077422	0.2988549146118596	0.2422762905060373	0.8172542033704748	-26.671437060893727
7565000	1.9829120974605985	2.6733722135725255	0.7124124793244359	0.48092495885188097	0.24225851179612876	0.789800963204844	-26.137450131210677
7570000	1.9060134246839298	2.1523844510196835	0.7705689976435833	0.22473438252609504	0.530848007500406	0.8849424569959445	-27.92056112831951
7575000	2.0028898683738863	2.380101511431037	0.7809727137293594	0.6677520762381125	0.22265171621573893	0.9086734334263595	-18.67613607042184
7580000	3.761754206517872	4.365292858670445	0.7769294268860127	0.3749183542880086	0.24386218384608782	0.7199014162301219	-38.11411995178219
7585000	3.113769520929657	3.3887804062142406	0.7448691068458564	0.22211531100587653	0.32642748488579	0.8120825243061137	-33.04873087828792
7590000	4.033204999406678	4.65818379778747	0.7552787190131327	0.24657082081944168	0.2826462854805509	0.7062394644721355	-38.53001654131802
7595000	2.4632091694744638	3.0650392183585864	0.8400124258685752	0.29644764206140983	0.313176295760831	0.8409160216053589	-33.0536057429102
7600000	3.8575492366019124	4.476079940585366	0.8756895077710827	0.23722872780270668	0.2796062067319512	0.8190398688646614	-35.832393223146845
7605000	2.783391161580756	3.308012048194644	0.7319685192589338	0.20530946264751548	0.42794752986075574	0.9183070387307946	-31.61443387865615
7610000	2.10555901162967	2.507177299907725	0.8766775506396242	0.27795185833890856	0.2225833909893694	0.993436526185469	-30.804907035407027
7615000	1.69316713967937	2.3395368507951777	0.7453065057286112	0.4113324455584706	0.3018012500705715	0.8334383865753869	-20.698683386613165
7620000	4.162998475881991	5.639858119906321	0.7681121185954223	0.2169374777062884	0.3025695924089371	0.9486362290021324	-38.80701414470375
7625000	2.231372286766666	5.370758308857186	0.87522113707303	0.43701812704888937	0.23234584308328693	0.8139409144454341	-32.07553541685953
7630000	2.206713580233688	2.970280814392303	0.8550392937309141	0.5229457652101261	0.24195146996133388	0.7493943214666525	-20.833364195876754
7635000	2.228837922286501	3.84124500218033	0.7042658183653245	0.2770653318431317	0.5210735677586124	0.8612931449482448	-29.849822779842484
7640000	3.1949736341683854	3.289237964740967	0.8578928496072579	0.45990943457758504	0.20431254941723118	0.9611917081741687	-36.73705997333383
7645000	2.253590193310033	2.887485534897295	0.7298100135396083	0.3160442423912886	0.22029159651533292	0.7646561138832461	-27.585938932440662
7650000	2.5096100820000324	3.980063428884408	0.8394360909994882	0.438701128108311	0.38578272069023667	0.9023003810900625	-22.020644795606685
7655000	2.7728956158200253	3.330854388208018	0.8635669587488671	0.2408013437295834	0.23734745678358937	0.7154635765166787	-38.793356622664334
7660000	3.2134208717149	3.2340448013692247	0.8612234520334399	0.3830394346313451	0.23973707385789722	0.7097961887842765	-27.886882575238726
7665000	3.052985495458221	3.107303507348057	0.8813999454568505	0.24803708208935873	0.28343186113995883	0.8809670442099654	-26.771831069828046
7670000	1.6974197759745446	1.795544530091151	0.8338123066976082	0.35744383004200087	0.28142654435783704	0.8786715288973624	-17.002347928925737
7675000	2.6239322569041255	3.5765329317657857	0.8751812895466882	0.4436757179964718	0.2702846166252804	0.9517327912689518	-24.113443331302857
7680000	2.3992194265560123	2.453071997627727	0.8327402424997578	0.44476059911984583	0.21192115842210452	0.85765431426456	-21.741149269626103
7685000	2.7729552687554415	3.898588514621091	0.806913431398139	0.3225570154227824	0.2654306565038587	0.9824849546407178	-29.61967487123194
7690000	2.497623903322797	2.735962736882421	0.7005236576661497	0.3670320254122585	0.30070224232786447	0.7818803425834235	-29.317625127136072
7695000	2.5790695126793945	3.525772553924841	0.7407135452323603	0.2280558282498577	0.20013577451255132	0.9666650617053898	-32.22168272935521
7700000	2.469557133452236	4.163555111513191	0.8063055011879664	0.6130093497168765	0.2066209675292706	0.7408178775351266	-29.202220445832065
7705000	1.8799774322577854	3.233009659029264	0.8482273610563978	0.32661683553755066	0.3959878551274988	0.9793280790221671	-27.756781540598137
7710000	3.8564226486901156	4.1990083493421055	0.7828182939896652	0.23958504289979038	0.24067506253469162	0.700829649398998	-32.07186476480759
7715000	2.3560183493893057	2.376017400256489	0.8135616925836403	0.4340386353909812	0.2509244326282271	0.8849167225451976	-23.775273773944114
7720000	3.0277861694425963	3.829462541968285	0.8082172998175374	0.3432905258895271	0.23050642656928394	0.7458621728841222	-30.914947772648816
7725000	2.1943002297680767	2.318146310873733	0.772414413958963	0.3852033039929249	0.3457972282521535	0.9940929035799376	-31.405586078865362
7730000	2.585970394003877	2.809344913657672	0.8097929566191483	0.2260341505011656	0.3155694775023705	0.7181653135444866	-30.30387662890831
7735000	1.8395983417213801	2.1159794599265105	0.8456045174939644	0.4785881999878838	0.2586695512644833	0.8113762164883037	-25.940027865049245
7740000	2.0234301147946745	3.8877740961043026	0.8001522104783619	0.23061341353803308	0.3414716007567306	0.7336637285828735	-26.533967416440277
7745000	5.29175672772631	7.896869280163434	0.7489078052017694	0.2051128401102418	0.4723029460904833	0.9589573770494049	-55.42975989076983
7750000	3.4182648897313133	4.733498051058137	0.7798664409422869	0.32768544264685423	0.33851743972169795	0.9685544898378153	-34.17249702137685
7755000	3.046729673900663	3.428448405950974	0.7011812725474323	0.48216007267502414	0.30116708376193774	0.7639228220911912	-27.790319212735064
7760000	1.8354757526077237	3.3336438978731318	0.8254406133758629	0.5870725947242	0.21350938653690382	0.7798942437374748	-22.861081190104432
7765000	4.302647540175244	6.494069760329292	0.7056229545771255	0.23151507945328545	0.3255226331325134	0.7906348603191179	-39.68568505113566
7770000	3.7942593610035353	4.105018372110333	0.787271628365695	0.4248502646847104	0.205392042672897	0.9592969981048003	-34.75950108396054
7775000	1.8857561620131689	2.601281509109212	0.8982625666281756	0.4484197944091191	0.2280972291664565	0.7712201468105284	-21.553079077009095
7780000	2.7993082843273553	3.0123797024009957	0.7890491262018803	0.35903810219522575	0.23266653923370043	0.9873796626287655	-30.508323591798227
7785000	3.0683727173710396	8.49296202009613	0.7441774645417017	0.3007985612059868	0.25505312326493074	0.7755739108095412	-41.62838901059349
7790000	3.303524628079579	3.7098491149119033	0.7273848090243888	0.21407784593880325	0.35844956245943255	0.7114485196787584	-39.072373284865634
7795000	2.208990650094722	2.230145407061055	0.7682568289626257	0.23453555457035205	0.40564100032594347	0.74948450830555	-26.9808342143256
7800000	3.0441615856007243	4.330765549577145	0.8557727835506028	0.2514389727165429	0.3365550551553962	0.7272215043042711	-31.462678711578903
7805000	3.6997106055269064	4.1461325628989805	0.7228344061712199	0.359982122142702	0.3079652243671777	0.8647253947049226	-35.039371897475675
7810000	4.219611040705161	7.383215824969109	0.7236276194449518	0.2122137321402452	0.5092556532140492	0.9207539165868367	-42.51780262292311
7815000	3.042124496893074	4.315188729774275	0.860757293491741	0.23323057094995225	0.32426962141296634	0.7693050270697375	-28.928725524865026
7820000	2.575416850079393	2.771249641714237	0.7248112260891887	0.641057657741665	0.22473640832288858	0.9712515853408156	-21.652267664292726
7825000	2.752130112814716	3.8613187603959753	0.7859673181300432	0.30071836300177646	0.25510046435643297	0.9031890505573293	-29.01857668936903
7830000	2.223872312957222	4.301632542183177	0.7233182027675901	0.40988353355020624	0.2913527286672822	0.9542771643446596	-26.500388053224725
7835000	2.4634898284106503	2.5781289571325274	0.8348750794896259	0.4013148809138406	0.21176985121482414	0.7924151700453954	-23.501166129238364
7840000	3.779868703821532	4.5490689801723825	0.8263567513926117	0.3597334456146727	0.2041270626411334	0.8398887991304713	-35.15981788584485
7845000	2.113405389540146	2.6368224085604846	0.7419156991855327	0.7211985981228417	0.2097388112437551	0.8782450519691163	-13.954738100119997
7850000	2.4473188133670463	2.8328515811242543	0.7758144559224074	0.502525927104625	0.2745417732527703	0.8751616338591314	-29.637698475530183
7855000	1.9734469488803987	3.4752536296732566	0.7492255363449473	0.44273232678511515	0.36101767243015964	0.8943550136504808	-23.05115982158865
7860000	3.2448259921706315	3.3073958567523145	0.8078377601718489	0.4115718945904211	0.22021714612026366	0.7574316507785699	-28.498156381708274
7865000	3.5953375345505134	4.165005691344876	0.720833202449628	0.29125898818476437	0.2608732129464607	0.9214461981105729	-33.86488157262243
7870000	3.5390806007260807	5.604742898123114	0.7849838707524848	0.3343482475047432	0.3103397829924842	0.7442159957647175	-34.70939934904763
7875000	2.1899584986206895	3.5913376024457677	0.7883366797402853	0.24680713809349403	0.2068515789866928	0.7485401031341935	-32.10401599297698
7880000	3.411362437411254	3.455839143353079	0.7942889696117409	0.4482275257627237	0.20154100525793223	0.8562962692718765	-38.50898720538814
7885000	4.0083302123758155	4.110665347996393	0.7426565885401415	0.2853720685480648	0.21887619521092372	0.8157928290132149	-39.5293662092625
7890000	2.9586705576728587	3.5165958715959325	0.7644408162360999	0.48479433863455956	0.25644665747613404	0.9865081888474937	-30.191191012396324
7895000	2.8001763223826144	3.384997773868576	0.7229722370856029	0.4153421361059501	0.25457794305581954	0.9220749547343525	-33.062011523531886
7900000	3.3399443295216353	4.44741184313996	0.850735287034952	0.21680840445564473	0.3694124527346185	0.8643588167060583	-34.86983753797634
7905000	2.131445182398225	4.855834862841172	0.8073948487210353	0.3050933843303575	0.2877185980530242	0.7949317585312771	-25.521575279572794
7910000	3.1930302110556057	6.000617643698662	0.8111363267168415	0.35030362499211753	0.20269280191221062	0.8130884392656162	-37.801729010480734
7915000	3.648243704131279	3.8342860077672687	0.7109193697358386	0.28726083009264936	0.3713245883675893	0.8877429650619557	-37.07124190911825
7920000	2.743353480234218	3.2237014987924724	0.7276448084124476	0.32952692530255684	0.258897909755061	0.7326249565283055	-37.21687617775567
7925000	2.109141166009722	4.1273860640529945	0.8103453815249226	0.2556126635983966	0.24427683011387602	0.7953093557559503	-33.79299494493756
7930000	2.5729478330537296	2.7577765573436666	0.8064862961194648	0.3173633280973117	0.20158247893355485	0.8660587233721849	-27.58796122376224
7935000	2.5383927060907228	2.605683129792428	0.7453635918098463	0.5091893226580346	0.20618656859869366	0.9569410454641901	-33.52755518244373
7940000	3.53245853807548	5.056801030928569	0.7476803838014869	0.27877753788776755	0.22983202995523896	0.8221593451837012	-38.04075524921488
7945000	1.91139753059809	2.791111500507011	0.7037368549970668	0.2383761426816962	0.308900586678831	0.8998666182438809	-28.90240012511877
7950000	3.562379179662672	3.594384571708748	0.7321133027940494	0.23287084491159443	0.32167972440016473	0.7383673543919637	-37.286230039916596
7955000	3.1525680912178973	3.527500464539246	0.7531893353848164	0.3892795294252654	0.2398447975437594	0.8868484767248244	-28.710432783328624
7960000	2.425691619385039	2.6765704969877713	0.8670543879044617	0.22623921632255603	0.32850373622795775	0.7198206908288488	-30.12848372057843
7965000	2.4735017633482705	2.477454287489619	0.7082610537876881	0.3976929041677708	0.21064749584145254	0.8585813912974166	-26.81711301948555
7970000	2.0680714845177213	2.4654319059644143	0.8446160214628617	0.6529860374642561	0.21170259116292658	0.7372162074123799	-21.458499245719604
7975000	2.9212865428527275	3.54395580726188	0.808915784684446	0.25225438147972834	0.4231179999043023	0.8711145451394056	-28.45791504716257
7980000	2.5652971879748554	3.214995344045036	0.8083997390558753	0.4272251085019363	0.30377847297950983	0.7139021637664965	-26.4839198951848
7985000	2.503688947301958	5.156355239605846	0.8682689440222192	0.359907892992719	0.25927182787024317	0.8789184259436087	-33.3743492926222
7990000	2.8941939313853404	3.233137720482967	0.7236065502598338	0.3214543167604952	0.38793241452551797	0.9407784614119773	-38.381371271805016
7995000	2.6117977646594825	2.823718205813583	0.7297292587173595	0.30900865156298885	0.22914205302824467	0.9210081880952805	-29.30196255833155
8000000	1.7693235564062892	1.871010129801733	0.8210701079136775	0.2869292008890662	0.4814610837068143	0.9018949487676301	-21.36091536586818
8005000	1.7669837446102277	3.021983134057338	0.8451909215713972	0.3286626003339235	0.4010243384276197	0.7086737505877929	-25.87167021443726
8010000	1.8497726489737623	2.295000530913548	0.8142226250487175	0.3679811579422635	0.31764867365843535	0.9021555209552802	-26.69334865617123
8015000	2.5152342832211287	2.547588448417267	0.7754264062959679	0.33807882196748407	0.2197204785690061	0.7326663239036549	-28.51805510458252
8020000	3.41556613294256	5.078622319232995	0.8610196406083602	0.28692418934801306	0.28301243975275414	0.7702720584260829	-34.22745550840495
8025000	1.964461095352616	3.711761900196458	0.7707568306444256	0.276076529720283	0.41107615425500016	0.8255109423791314	-26.05068130345803
8030000	3.080006996806169	3.337965331411461	0.7031760727666791	0.2135428308026645	0.27691031741166333	0.769912387686639	-36.15253170517763
8035000	2.5958595852049386	3.5251265870895527	0.736332761650894	0.48108577419290127	0.20942256936771148	0.9773704339514825	-35.41161750026638
8040000	2.5988124396390817	2.6751233092256808	0.8685068208285021	0.3972059936539269	0.2124916558539243	0.8211652649837811	-39.336013080385726
8045000	1.8917439369153035	2.1215653356492057	0.7580568941327177	0.6001037140577813	0.20135138446967304	0.8636510957648709	-12.515178182836006
8050000	1.69316713967937	1.8047558875043668	0.8604055168358682	0.642412358846764	0.3465317620410779	0.8520915233516922	-16.77360148951215
8055000	2.739321069901451	3.621835520128715	0.7732426184621655	0.24344601960533718	0.2754386141107018	0.7861370267817702	-33.583068934369656
8060000	2.054194779063393	6.503278800479656	0.8411516537631396	0.34154575241599744	0.22774382412229394	0.8225955309734472	-30.54371131183687
8065000	1.8495245278684451	2.5006813670158508	0.7023463445734198	0.4857446011247334	0.23410643640597986	0.9485261245621197	-21.10108752144758
8070000	2.3583594269863886	4.28774198159688	0.8170171914254912	0.28009453495096504	0.21961728771550373	0.8508726037621391	-34.41896524047183
8075000	3.3348167197428267	4.425459413567776	0.825071829442123	0.45634584160502967	0.20556579390672697	0.9189827119727201	-32.31359878637048
8080000	2.2062681619925932	2.3442160776580296	0.8923509714390571	0.4595249230246495	0.22647776226133304	0.9198170006529035	-19.78350427234787
8085000	2.37842465004689	2.6291968712260734	0.7466675981299057	0.4060755542305229	0.47149528672252966	0.9370189535666595	-26.83867333451945
8090000	2.1560058468173464	3.256247831970064	0.788706249895855	0.2812809863884849	0.3245854659622964	0.9311542583954563	-25.22566660058761
8095000	1.7273686689080396	2.725971898623095	0.8731180442995309	0.55388384063307	0.3173057761145631	0.7474330910195074	-17.524508072109104
8100000	2.4977485745195898	3.1162342204278795	0.8326094476596487	0.42998481992952914	0.22078053874391826	0.7040251029230438	-31.908312096429306
8105000	2.1903387180407448	2.3177475950396293	0.855778248315862	0.4354736217908264	0.20549511483752853	0.9723651031034334	-22.59043565491789
8110000	2.443316043533305	3.5434767146512645	0.7828993544826783	0.29554689332943707	0.2201520932029261	0.7101835090140558	-34.12171098407407
8115000	1.9928680433878794	4.277897516274903	0.8350540826921523	0.3266843706357336	0.4597115742217905	0.7759226326945381	-31.85952009171995
8120000	3.4594544604772137	3.861743836817189	0.819509704618775	0.27862235722133477	0.30729004472927335	0.7033500982913679	-35.673409950386116
8125000	3.2800332644442824	3.2968269274484534	0.7224522435681233	0.23061553694732495	0.3962819521070875	0.7082725251159455	-32.15065763288503
8130000	1.9084551221762747	3.0489456474806977	0.7368535995644042	0.3859480122646838	0.35645177310215365	0.9370912245607452	-20.252025503171303
8135000	1.69316713967937	1.7420497881890826	0.8225914946689903	0.6104498647337664	0.3047975057672624	0.733713566634011	-12.865796977749739
8140000	2.8916902464272574	3.5523893593516687	0.7884624821520528	0.3045180891108814	0.282292998407131	0.8880621259989332	-33.315084150729646
8145000	2.0344650133626447	2.4721680922107714	0.8961876908417488	0.3032666851762596	0.23865892272741732	0.829505363689938	-26.272790220180756
8150000	1.7463810211449748	1.8189746188035545	0.8160424496416827	0.4912130801358691	0.2383061180503601	0.8678111415349982	-20.558145667453
8155000	2.796905957174641	2.902865684017971	0.8843856787775513	0.4249817345021456	0.22466818778087297	0.8537880580371793	-28.826016703038835
8160000	3.22275882678797	4.47991372298587	0.7137272317257465	0.21857010575037417	0.3331352318231543	0.8863847746130403	-31.63767339978473
8165000	2.363900788617894	2.754681522670408	0.7087185151384479	0.6375490863483434	0.20302542010045957	0.793482190076262	-30.375355539920147
8170000	5.1307051488671505	7.638746466195811	0.7250201240079384	0.2590227762367314	0.4200347843390718	0.8031648280287376	-40.93719120909469
8175000	2.966092498722811	3.6257598304953103	0.7916420919329802	0.30265681091986774	0.20643654219831797	0.9659552432781923	-29.916172258326192
8180000	1.8052420885759373	2.311493399512276	0.8616219591316726	0.3591535537964825	0.26441850459009525	0.7129993563559919	-25.258930786151577
8185000	4.207791464917683	5.76010610360492	0.8208637787695181	0.28873319105230444	0.3089958786650472	0.7151055729981012	-36.189084627588635
8190000	1.69316713967937	1.7432250955945752	0.7799764530459001	0.6503767897159485	0.20115285549406434	0.8464120135444367	-17.28497569772601
8195000	1.8805233848958203	6.390412651918684	0.8175419177018048	0.3299865571317044	0.2313031067565451	0.9112937287295476	-32.40614327799341
8200000	2.3095666906027983	2.402798058548381	0.8867441391726729	0.2505379652833723	0.30308761754605595	0.8723781685207821	-27.08563671886684
8205000	3.168098565603755	3.288006358889501	0.7164147174236227	0.2776093684775856	0.35734257426292726	0.791730676954775	-35.68051096309968
8210000	1.9293737779096563	2.4514523599454883	0.7883468158689878	0.31732021801477506	0.38377616220747496	0.7981604694108	-27.032842713693196
8215000	2.760306675643807	4.024853431154145	0.7580948338222749	0.2513387711654281	0.2683325577336736	0.8198168052512448	-32.84448689543348
8220000	3.193679521227047	3.2486024124325508	0.7374113952925327	0.3836780563119947	0.3644575537801165	0.726537574501592	-29.726014353527535
8225000	2.2568450424228494	2.9858283110409722	0.7407656890374724	0.31423296100994036	0.25050283640591225	0.7035907105525616	-26.11273418257875
8230000	2.5737752506721776	2.886797869221362	0.7434040984905931	0.5050409392802497	0.24735838609557181	0.9615452930394899	-25.103704647803553
8235000	1.69316713967937	4.329749538590087	0.7855646443561347	0.33470099702184364	0.3402763870170451	0.715724430964482	-24.709530141856014
8240000	2.3085946029667532	5.347067558837377	0.7007976360509075	0.44222783133624904	0.21719532949069484	0.891319083417393	-31.52243869405548
8245000	5.457576237937739	6.027819411064381	0.8114498745518601	0.20201090182773024	0.25716432072680584	0.9129004956730978	-39.338315184837256
8250000	1.7454036377659243	2.104093132723634	0.7154148477910705	0.5077758580266261	0.25801673683818566	0.7667744583099614	-25.00713969296992
8255000	2.334089420764947	4.703640810432477	0.7185049548605597	0.23935644349214358	0.33427913749059773	0.8139485070087457	-36.225454089896715
8260000	1.69316713967937	2.3826489492324203	0.8113529088531323	0.5870637034613008	0.2504246901568419	0.9898575459765877	-15.385232944241451
8265000	2.7211240874953444	4.417160864251936	0.8731255386662193	0.24767041349700034	0.2879446038799248	0.9812561868652433	-32.82849415190967
8270000	2.717954459907227	7.061187623924508	0.7282787915146448	0.3829427574585041	0.21880985979681053	0.9051020588719112	-29.18296369556621
8275000	2.618330707900936	4.586263358292088	0.7350515895619206	0.2387705522628666	0.21223775235594186	0.7535317904189148	-35.66596425549102
8280000	1.8158108108366329	2.633569616858159	0.8607573250944036	0.3896250563364843	0.21244557825214702	0.9316161892197987	-21.63451977234237
8285000	2.642421425975855	3.4124842795439503	0.79767379304134	0.261582055971597	0.3118742643323931	0.8020488431947034	-30.31820352428493
8290000	1.994621885993554	2.5445046070111905	0.8588098989958932	0.28132135862260854	0.2784430970305949	0.8192963183145611	-27.027042196854428
8295000	4.078998519024061	4.240384490876956	0.8257285255734841	0.38361851272086733	0.22723663888404455	0.7330816672666071	-32.57552340704628
8300000	2.689267772960036	2.776269639928287	0.8348838608576635	0.33414465804930404	0.25343877634256007	0.9559361273413847	-33.19600092277258
8305000	3.0317183542480017	3.6648692299311554	0.7191902531289676	0.256573831839894	0.32617334398612957	0.8251910020811235	-36.52552330086282
8310000	2.3380597237920964	3.957197723002423	0.7442270019656759	0.39860723078728866	0.21873809232275931	0.9907587889125669	-28.15307301355909
8315000	3.8886289591205934	3.89102145489189	0.8484189059739076	0.43780891600605387	0.2955631304999773	0.7497053212765192	-32.81158723248916
8320000	2.20012340756711	4.481170753244555	0.8743406127805065	0.30638471380482174	0.2581972252640645	0.7499750207819332	-30.347007864439927
8325000	1.9869723729422326	2.7892893848374545	0.8638114416292435	0.2234773984739019	0.24660210639502353	0.9361430157272779	-26.89405749207938
8330000	3.0289421666177163	4.053775620924294	0.7442227227269832	0.4176045906531841	0.3044551616176847	0.9296143358620871	-32.851500366997705
8335000	2.69502686677113	3.28702605570153	0.8322471324455237	0.25583074672421613	0.21887832595545306	0.915155191222233	-29.461496507426194
8340000	2.3019512646649285	2.3572177565726604	0.8135209732423274	0.3111855879231287	0.24765097144649106	0.9559867139646979	-31.96282716275723
8345000	2.9301267140071126	3.705807753808488	0.765401776568262	0.3395259764398513	0.21847524448637937	0.9797959530572129	-33.02213156212042
8350000	3.1833343247300303	3.777401166806304	0.726354841306161	0.28387300494368606	0.2504286800473362	0.8513253395339978	-31.717751146469276
8355000	1.8940962023554555	2.8574008591778353	0.8672418460723369	0.39940889497139637	0.3546429621116577	0.9020173991321605	-25.42811687457558
8360000	2.0377980825722855	2.292442949563671	0.8561839351232474	0.2828819876072537	0.20689567652479984	0.7016334531031063	-26.411684735664274
8365000	4.299440976415906	4.408806007131431	0.829427161495562	0.27541662964481234	0.39124340766469085	0.8278897612239946	-39.96219702860828
8370000	3.462523728824894	3.685836043874409	0.8512920331285482	0.250247386099596	0.2415873345449293	0.8154923423130234	-31.40926625864372
8375000	2.0839200049206847	2.1047873635221626	0.8461360583580586	0.27747521527158076	0.3251028472336163	0.8095473403787569	-29.724286862896147
8380000	2.4480913700180023	4.11445897931437	0.754928589632006	0.33928253757749866	0.2253587692808385	0.7763067154477409	-28.671025112806003
8385000	2.262304112985021	2.7347133345689763	0.7807395505271626	0.34163643025409646	0.237798255179357	0.9206777798725727	-26.332084628039922
8390000	5.1154082578720645	5.68741353026122	0.7136706158338824	0.5128603766708929	0.2278443532882825	0.9214362432555132	-45.28331445720109
8395000	2.8566458089276536	5.335586754708974	0.7387322210886801	0.2334245126128947	0.4117050826898654	0.7016589802388788	-30.27096657048161
8400000	1.9883694344675362	2.98324376349166	0.7424061536687595	0.4323927918747974	0.22781516823528467	0.7614010493970941	-30.324585645522244
8405000	2.2505288369332592	2.4084651447753957	0.797372642636725	0.22343556106249787	0.5367751578185064	0.9617629343593449	-32.13934585473459
8410000	1.9585505047705953	2.928910472200561	0.8133960871765935	0.3009202617431495	0.33946549073627735	0.7173597492085829	-26.790791646922184
8415000	2.26774627114118	2.650058332460322	0.7893457834031565	0.4411355845328095	0.2554826122650233	0.969609919244445	-22.294522619237892
8420000	1.706655535160299	1.9292230982181977	0.7119055448484234	0.41029620829465535	0.2102293740537527	0.958610572631348	-21.235422967277728
8425000	2.205621632712276	2.86089761055256	0.8004151176908129	0.36583867582249663	0.274791000321785	0.9496000012609029	-25.72164771148754
8430000	2.2384455178898377	3.0776877611670876	0.8490723861886381	0.4371929555614117	0.26936675160229023	0.9390872822179858	-23.412253493576124
8435000	2.2340483808676503	3.866661243588251	0.813827024705035	0.3025617135271603	0.3061824369243883	0.792013881389396	-31.877966691520157
8440000	1.727631903558029	1.9095162815696682	0.8192011630264897	0.5732733837759075	0.20432628767664657	0.8960602990665051	-19.013310329591135
8445000	2.495138073614055	3.94840677831078	0.7783485060258422	0.4840110658512145	0.26133453117556393	0.993521906900185	-26.34351342831831
8450000	2.4392860736731605	3.1445198930977685	0.7679511931803622	0.2858207586122463	0.26628830287530264	0.9774754303486881	-25.966703248678975
8455000	2.502461812104448	3.5868768877963544	0.8438687290947879	0.32109147400361626	0.22443034740941986	0.7412795360914141	-28.34751091503998
8460000	2.3260863009364536	3.1889133648590753	0.8893273952863484	0.23817186458826947	0.20164508045531745	0.7183825390522826	-27.529711933155234
8465000	2.1660145873024153	2.5494341547650885	0.7505060269363094	0.5473364967786541	0.21000674965935012	0.9571411697592455	-22.32243381025306
8470000	2.5756608031962416	3.0500708750939625	0.8922306525038022	0.31840240442418505	0.3362504186297766	0.952122035568815	-24.935106907468388
8475000	2.1090221355219323	2.160820660512452	0.7181226785159684	0.3667466084458478	0.3823207534496586	0.9401215695476283	-31.191318977745695
8480000	3.117412797669705	3.230819217633616	0.7138704407150258	0.4207707447487298	0.22003356003499608	0.9398138807809061	-32.26017195929969
8485000	4.531367510456046	5.78562822417706	0.7697809986817471	0.20137576444678298	0.4538665540351498	0.815326674918122	-44.62062836484119
8490000	4.287806725530629	4.344826967172944	0.7641706588516975	0.2599085913954838	0.25751736894375304	0.8301899132327546	-38.660756561235935
8495000	2.461426389624884	3.075653610500229	0.7809681735685615	0.24528895272625387	0.45887225792844155	0.9858203428436718	-31.428587415742776
8500000	1.992042174409245	3.2329412540477414	0.8193860926524476	0.24465901058285805	0.2440533233272841	0.7283433561788376	-26.324240135214048
8505000	2.509843665211199	3.380079397502828	0.8691281860909557	0.24001685678420043	0.3603631436746291	0.869778958109828	-33.69176120510263
8510000	1.9943313809891179	5.547923099649783	0.8171151253657479	0.41319445590449033	0.2302270957567922	0.7880572048074398	-29.461861833826564
8515000	3.816697926190486	5.438280724646325	0.8345334982159395	0.23069527519724742	0.20499393572567645	0.7963174202903262	-38.99433015604589
8520000	2.282375959558493	3.943290153568352	0.8057429096205794	0.3216836848301534	0.21302335527143387	0.7148648855303071	-31.827824193110217
8525000	2.44963938304157	3.2841455753189166	0.8293151987985181	0.3587282104591013	0.2809708984305583	0.8938684470261995	-30.475153153215754
8530000	3.5704004524893875	4.75153082960917	0.7590839472683585	0.3877051534439248	0.23199486426084814	0.9646015201338085	-32.786617119292075
8535000	2.076281835713594	3.707271368949368	0.7867865695964833	0.30340488898502627	0.3545770588964131	0.8052844337358507	-26.951279705392665
8540000	2.0973647805318363	2.09958985520107	0.8814368758674196	0.5126944093904298	0.22393353862534573	0.8447471161448948	-26.753754844041758
8545000	2.2589033291997294	2.8939686429406697	0.7453945585809776	0.3525402066277181	0.34714403724750964	0.9015028286462177	-34.674812571503836
8550000	4.346619628544077	4.969459594313827	0.8845306740383806	0.3178957371468198	0.24254805890728215	0.856141688247635	-28.62215674311089
8555000	3.1682946463500334	4.212051529495162	0.8198690811113364	0.32343779813195656	0.32725967684747453	0.7166112321808067	-39.238622831233606
8560000	2.727935009451414	3.8176240962763277	0.8073797599309466	0.4078066528180527	0.25592815700945304	0.8363407896042113	-30.364962768159014
8565000	2.7774573454595286	3.811561449727234	0.7261596677276052	0.3492214937719604	0.3391244451102109	0.7592510460243175	-32.19090077308834
8570000	2.113066628540596	4.148812526843224	0.8872714869432522	0.2197141913011995	0.21031495471797948	0.7338775128272517	-31.337790956885726
8575000	2.3548590127903717	4.340285424701632	0.8819822259295942	0.28984849594208006	0.3744607286626765	0.7202114324375619	-36.089688696883
8580000	2.1417862776589973	3.7119111419985287	0.7398381972922153	0.508944938859831	0.20089908848419646	0.8277522090424735	-33.255630580479654
8585000	5.081912342348604	7.535769484993903	0.7803157343945772	0.2948942468365059	0.2596778409412077	0.7915943726202335	-47.53452362774375
8590000	2.303461170645916	2.950616593045029	0.7661186396204115	0.21805814111955474	0.5343669771218338	0.7037450564242184	-26.93599297408341
8595000	3.374314225820739	4.361344264347629	0.8455235413016027	0.2610635516662688	0.2883219365702102	0.8030098223223675	-40.44416412882361
8600000	1.7373304509435774	2.8673450174178936	0.8395320029688812	0.32887996479279746	0.47802926191086365	0.7080779748631181	-25.47526505681367
8605000	1.7799267402019368	1.8092977243538044	0.8141382756121682	0.48167327006595934	0.2084003609201836	0.9489144366889775	-16.117342732667506
8610000	1.7608703317195484	2.2789359017348656	0.7484399652916117	0.5020280776386817	0.3390756800311813	0.9320891509100185	-19.56160854214278
8615000	2.1506551333446895	2.4055641798463228	0.8463762955108287	0.3824225611794819	0.38211444696987673	0.9810538885174077	-24.27171203444184
8620000	1.9442937076782814	2.12471592012964	0.8284494150705717	0.6465907925466113	0.23506488584668955	0.8556136893368621	-25.32719088165167
8625000	2.7382350503280657	3.3916433396790384	0.8127143350088016	0.35218585027958293	0.23890754627827857	0.9351412998174533	-28.91286240647241
8630000	3.6127806852686892	3.654698385382524	0.8911737327586755	0.3419317589425223	0.3020378379412849	0.8108769723372421	-38.622662091710566
8635000	3.0098871976074695	3.0465409481363017	0.737072817722716	0.2276740607767897	0.470469575404971	0.7275184645779688	-30.439857980602564
8640000	2.179039384073766	3.759167105380066	0.7911086246949411	0.5616953937893914	0.23019675997007252	0.8564388647326725	-26.27175868616477
8645000	3.1712235318601216	4.631481518505774	0.8924896801383194	0.26653297952561267	0.3473482281742823	0.7835728937837293	-30.594819800950997
8650000	2.6691635109448675	3.4940238633849563	0.7725979082841845	0.394116586849514	0.20584127418227124	0.9139275765611967	-30.06238984310005
8655000	2.1285096830681605	2.7929390763032664	0.8415253815284509	0.5939624822628613	0.2287007259879416	0.8175157794632463	-22.72621391001018
8660000	2.646240806035681	3.008763857484398	0.7142696528530995	0.23953376788884168	0.22131046799912515	0.8391809570931764	-35.79414724121334
8665000	1.8164849610364546	1.9426762356785108	0.7366185345047223	0.4899874543215957	0.2743836138422919	0.823459029734488	-19.35741955358504
8670000	3.0319110256138364	5.554818032260416	0.7755886278515436	0.25363853506090533	0.31283992855326115	0.8941698116341485	-36.09444936336318
8675000	2.193831337792722	3.607623492256591	0.7907577803380603	0.2854283800945894	0.2596397201730878	0.7379035026276773	-22.640929853228467
8680000	2.629951849174059	2.8354137408824385	0.7849799486937217	0.242383359089726	0.32463299503757836	0.8178180043923315	-30.41057711738996
8685000	1.9488399401038878	2.757978091905361	0.8402800780494631	0.5833656164653797	0.21117001599200116	0.7615163954231695	-27.087371737970592
8690000	2.785982612431247	3.186794416540709	0.7497548173198352	0.6395230522225979	0.3269205462258959	0.7371923259608375	-24.671354134544632
8695000	2.6117048333197395	2.6739465377310854	0.7607189192021377	0.3247336445167759	0.3371248989329892	0.7996994040495992	-34.101321748699306
8700000	2.690027559553337	4.448967028170937	0.760699922783184	0.5281792279674348	0.22560247314376505	0.8334690804597549	-23.907090126362387
8705000	2.6352050344361726	2.6997395733938765	0.8224612065523956	0.4289775436477383	0.23108914310274123	0.9426859965196619	-20.152052997267273
8710000	2.7458288812816694	3.062384724433073	0.8695016533908411	0.24623378322188286	0.34918073072136957	0.959849021213307	-26.15803354439749
8715000	2.3774442825900137	2.654015689601664	0.703234321599632	0.22870303826178356	0.4137332711043459	0.8614788579132107	-33.2513982629956
8720000	2.084401459470074	4.362731302965315	0.8296126335447152	0.2910060614617341	0.42256321612800424	0.9889672743727628	-27.538071024556427
8725000	2.4332995555621544	4.186996839809333	0.7844687097468303	0.27196879480096875	0.2858929140614003	0.9984366110505452	-34.26190385669303
8730000	1.775572517963067	2.2863411667796663	0.7547680943917984	0.48507549615857315	0.20745193827378364	0.8730941708886846	-20.31887045816458
8735000	2.521502618204713	3.075401379407052	0.814318351266406	0.4524950289542156	0.36530826334623107	0.8590254551471267	-28.388786364391773
8740000	3.416287558617371	4.076953777604062	0.8406162217867975	0.43890801156805725	0.25787773134871483	0.8489268437063767	-27.441134474007967
8745000	2.001986003342373	2.820524597165411	0.8404471078817709	0.40220669752327837	0.3933175518733608	0.9102673412922992	-24.18670652839512
8750000	3.272018688099527	4.12461267633588	0.7181722624381606	0.33521332782053787	0.3653359670945221	0.9556213361953516	-33.41801503951253
8755000	3.1169807090758264	3.422105962894717	0.7408711244379763	0.20232959498939782	0.3641551792951965	0.8661959698263048	-36.26825713195226
8760000	3.6824056197914374	7.207179172558012	0.7692203568248922	0.25333246646344715	0.381473401435376	0.9841775654313932	-43.663761953596016
8765000	2.244327851496018	2.929608118985925	0.7342656258374872	0.4157366397075072	0.29734533883667547	0.9088341595278445	-31.11377948817529
8770000	2.5009935501938205	2.9055516918180215	0.8249625096038521	0.3259439383574035	0.20029165891165018	0.8343406645697176	-22.642695224996267
8775000	2.307355629348738	2.671096660814943	0.7794357262670708	0.3944953917080606	0.5250064662303631	0.8531633802114397	-27.336429206697993
8780000	1.808866863448029	2.8014529303893982	0.7351424105517673	0.49299671216034474	0.26305490002770887	0.9735638180560237	-27.500793742538868
8785000	1.8440719892831225	1.9015318517045192	0.7194163044034353	0.27604078862359926	0.3081101871909329	0.7543446680849109	-28.22038698260266
8790000	3.684624200439589	5.595303025044855	0.7320597045842837	0.25318741728051614	0.2151263229115705	0.8645077379008125	-35.478893571703736
8795000	2.6433557354747985	3.2757866444752843	0.7848127977368192	0.26142043629731937	0.29945148936369487	0.9290536384080086	-27.406033514811845
8800000	2.0858567679400046	3.4294782848898273	0.8160347528903875	0.3112348715858903	0.3348950823416024	0.7544940533176739	-30.758795762712072
8805000	1.7734169901203036	3.161990028275923	0.7770351481574299	0.28538372392375994	0.37081604435091814	0.8862702261632726	-22.69222112087992
8810000	2.611294084205091	3.495838858336507	0.7261745868610897	0.2619987365166564	0.2487580294559972	0.8164588035408711	-29.697123040568638
8815000	3.0952840600762084	3.6837624947094865	0.8445739205590782	0.3744667363145094	0.37741679430399994	0.9582429805036263	-31.36645670019781
8820000	1.7267425932428975	3.2814569466984174	0.7904178690933162	0.45318353607801787	0.22469319161974494	0.7379176629985134	-22.26798156422047
8825000	2.191209776376824	3.1746113822111006	0.8784489107105566	0.329517503786936	0.39702082074600603	0.844044842809668	-32.406602774655354
8830000	2.7604669756756506	2.9906565485996293	0.8419183282033416	0.21157810005937033	0.2364662164645341	0.7809687520072836	-30.058950456955777
8835000	2.120644708086415	3.6689551116233905	0.7719570531472534	0.4610366314186333	0.21063458017461917	0.9774943924592258	-31.83280161615685
8840000	2.6971428128515584	3.274831817863441	0.8503555707463192	0.355335415742784	0.2652511824801135	0.7004127767201079	-31.212005706112876
8845000	2.7750714287236424	3.4857338161927185	0.7652974230086284	0.41957405978631324	0.2574315472516239	0.8004710703456487	-27.21161941423029
8850000	3.6602255033628888	4.118253267845053	0.7807272629625953	0.2749447240971253	0.3661684315673995	0.8751208111330301	-34.63056199187984
8855000	2.427772021851993	2.7351675017196087	0.7833774562458617	0.43316929628156847	0.20088714950739742	0.7153569120727326	-31.669786807673333
8860000	3.174713003226583	3.183587924009125	0.8387058851638622	0.3702740502701752	0.20386792585493296	0.7343849255825365	-29.661323668261286
8865000	1.891311416425976	2.058691575461317	0.8330024406717794	0.5152228895732784	0.2240218493972111	0.9799823514705612	-18.631226925701895
8870000	2.389347587609564	2.5727419147754245	0.8098337370117696	0.2351488539756556	0.2893468411638897	0.7776617048402583	-30.207146641894788
8875000	3.361555058567357	5.511517143048443	0.8542145533434526	0.3066983694922597	0.25171438128741225	0.9431515454118619	-36.263114306223564
8880000	2.02843000374285	2.0639783019195255	0.7003592647656186	0.2281400477254599	0.36387785726501004	0.8451811762938967	-29.422705115587224
8885000	2.668034487616983	6.246019094682013	0.8249881995760586	0.26731852908680576	0.37216711247060147	0.7109379981447885	-34.01855217249109
8890000	3.8704747079050463	3.9221447563437533	0.7223078209300647	0.32718678617727787	0.2896693596083224	0.9072870109358641	-35.73268807812594
8895000	2.3675103558051207	2.892741688929124	0.7156128902147342	0.4463847363561196	0.20856868742520138	0.7904462748466365	-30.780460006460462
8900000	3.1393105031144537	5.283196662325745	0.8799011230463807	0.5567942816648832	0.23900512310021937	0.8481728574136628	-32.002380261073235
8905000	2.898332717143424	3.668685671969055	0.8735372564192463	0.2675238112555138	0.2542015009469897	0.8081208652624824	-35.05653347062549
8910000	1.7836287270675213	2.281326774822311	0.8020999838691117	0.29065171407966117	0.4185242543846419	0.9893267549304452	-23.368347460094224
8915000	2.1552190866455163	4.347551236940541	0.7866732563976369	0.5708432526096032	0.21953459845271667	0.9652084055659973	-26.82580371595427
8920000	3.20880828303976	3.2734690359384677	0.7572859225074737	0.23793265593636534	0.4075971948616883	0.7674458823305361	-32.96062710613293
8925000	2.246315793489773	2.4739614848776443	0.7249483580874283	0.4738354529168309	0.3297017236093317	0.8651168207456628	-20.886501170990147
8930000	2.7741479472778856	3.1004801860234505	0.8652886230884885	0.27723256047141986	0.20447078791800632	0.8597404470811492	-29.34405781357213
8935000	4.217371435063028	4.291763747765283	0.7452267679389404	0.3466836425493882	0.2716689715706038	0.7499742595250222	-38.13768077273347
8940000	2.9542927930784293	2.9765891641655458	0.7786173471227527	0.291604063036855	0.22634705943582745	0.9900543903823774	-31.596671361665216
8945000	2.6643914823741546	3.5494042134212114	0.7932957677299005	0.26867139189923617	0.26019782543003145	0.8558980690818673	-25.72803306118632
8950000	2.059539760676855	2.7241762295411136	0.8330211882906381	0.5421074400362672	0.2046700833574613	0.9387299515613272	-27.528273659060474
8955000	2.422255848741209	2.902660322487444	0.7107353912727428	0.39777296124830286	0.4660093258562149	0.9151341951102917	-29.640033619137892
8960000	2.2621477951839486	2.351325902405511	0.8424362717991243	0.28822274942738646	0.509980709393976	0.9490224834492144	-28.232358290825264
8965000	3.360646001998056	4.412790734746026	0.7052776422354363	0.3170455955371945	0.4401081044461364	0.8482177720171435	-36.03519171102822
8970000	2.3517918918969096	4.275491368970349	0.786817341970721	0.5745495073832134	0.22159848885457298	0.9203064204916985	-23.81508519143646
8975000	3.2501344716094303	5.70068729824238	0.751169395275422	0.2756330070378475	0.3029520725919967	0.9561862716588779	-33.45742807307476
8980000	3.3772620797375996	4.009171367248557	0.7410538947384179	0.3913041235531438	0.3608197034852354	0.7159894067882443	-32.95428783746061
8985000	2.171673021209087	2.478676434512552	0.8361916232003791	0.4579266378640512	0.2627552261974049	0.972384313455251	-28.865081516845482
8990000	4.739240739065842	5.19594387242423	0.709502628499184	0.4431691337767058	0.29146339299818785	0.7161114123920045	-37.18663896548794
8995000	2.61838299291936	2.9190747583904595	0.8934141144066087	0.49750695880351326	0.20718336732399883	0.8863019078280614	-26.83624570111189
9000000	3.1936840715282435	3.4090850514775215	0.8205145479910161	0.41630478277434074	0.2563557371842663	0.8598792071712404	-31.601531434004073
9005000	2.2808430626818157	2.300778160712516	0.7738201161531867	0.30573843514998017	0.2527773348099819	0.8284082079014207	-25.42943838830121
9010000	2.9245038624798707	4.5105628737196515	0.7384050510587562	0.2657949878277945	0.26022877628781954	0.8134861365080233	-36.27346113088919
9015000	2.8838969334438613	3.0974448670388077	0.8416706023476745	0.38539937346545056	0.2002033516846697	0.9104611786910127	-32.49815231567525
9020000	2.800889665798521	5.1595116873969165	0.7437426422016775	0.2644801062540068	0.33417752625993347	0.7899199908779985	-33.74069902450244
9025000	3.775764759800704	4.4212616609755795	0.8367041935103747	0.48657139860335213	0.20157260633850305	0.8559462797694798	-39.098363270791204
9030000	2.332079732443341	2.7301114483520137	0.7585940823421295	0.5131401814870877	0.25596934822194894	0.9237375147069167	-27.76150273736577
9035000	3.0096675120106147	3.4772619443161656	0.8346020568311638	0.21505375922758085	0.24357990458355264	0.8126187555417426	-32.24451150017618
9040000	2.369972748180803	2.8978276751556287	0.7237185200186524	0.28591115430955794	0.442494866956811	0.8995577966542528	-32.513807355168716
9045000	3.100477704508031	3.466688917446935	0.8743544158295353	0.34338582336513573	0.2626207540778736	0.7857467052173577	-33.781119206000355
9050000	2.7190858785216534	3.623448244454455	0.7068599838330604	0.33934197554071294	0.3166364238919837	0.9151473151695082	-30.502285364021095
9055000	1.8671101025178398	4.637410027297911	0.7186698372424453	0.23139780749144498	0.29829368956229646	0.8966589372795267	-29.011546345646796
9060000	2.6709977383391195	2.8017620255770104	0.8713286955445929	0.30055318075666126	0.32792989962870844	0.7957999673705719	-26.64682708565459
9065000	2.4586248559178867	3.0972715208480337	0.7203995740757674	0.24662207503980793	0.38023013143259227	0.9140535276675166	-34.033130415743294
9070000	2.206315083826167	2.7758368926236496	0.8533480478445477	0.2835438938302084	0.28437817978775803	0.9688217916402889	-23.242142313986417
9075000	3.8786086565293916	5.342089017414978	0.839447553084322	0.35030420285045344	0.3167425963316955	0.7285463200449545	-36.640461525806586
9080000	2.6143398767036925	3.1885886948655457	0.7702092477289324	0.40084182576109545	0.23679872365246787	0.7203640525730525	-28.394510692756565
9085000	1.9204658926896394	2.3886090716225015	0.8522854694949316	0.2636090078526754	0.20004717853505416	0.7738396090758612	-26.903410420886782
9090000	3.711271905792054	4.130206106939822	0.7239046680268157	0.24726748575499394	0.2276150273280861	0.8285662840402171	-40.703676786618196
9095000	2.2435794526639894	2.5516112849865125	0.824566420213384	0.27099313499878397	0.2710070358827215	0.7312370043804254	-28.692521769031753
9100000	2.3378832886638388	4.79441388059108	0.8452083965899914	0.23126849380820444	0.3897940516632559	0.7053056479772327	-28.28042845963179
9105000	2.2623955039450583	3.170208656398813	0.7680964088161851	0.44299373259324537	0.29871033807447367	0.9994786415336371	-24.253073509547548
9110000	4.216937219136073	6.478870105001177	0.7517715848782512	0.24924637065792474	0.22095275145229504	0.8542022260653813	-34.11733984869638
9115000	2.043114016520123	2.475244992908265	0.7331448453721301	0.31066231451675236	0.2670742978422613	0.9923256219457938	-26.663603954127975
9120000	3.082373153352392	3.1641445388161866	0.7020735363938962	0.5803034334409205	0.23692374957454856	0.8112549160623913	-26.18357923859343
9125000	2.677898345452585	4.1606596567868745	0.7213952297919639	0.24758751531347495	0.36215001050935836	0.9344636078886318	-29.39527768535982
9130000	3.3849937215495616	4.0346478018518575	0.8171882961403987	0.45895254998254315	0.23125169497733356	0.7158741112902595	-32.60019511134718
9135000	3.567379255541054	6.058566478991053	0.7490861090537319	0.22835766212166558	0.24920448309027954	0.944501620271323	-37.76845985157669
9140000	3.1001318607697526	3.1542551687851113	0.8330114577305004	0.25257366344328935	0.35908175893590816	0.9464858833280865	-30.934885565048866
9145000	3.332838313547264	7.86904657722085	0.8090552739064792	0.2950145951557133	0.3628865924853623	0.8545425467328582	-33.60417870462383
9150000	3.0652917329093907	3.3446028610214076	0.7399738310345181	0.249335825471242	0.39950276295179055	0.9121471005635633	-40.49461483277177
9155000	2.5632116857481932	3.3745937379681368	0.7759283823351815	0.48280332653770264	0.3461893765165528	0.8842868602648613	-27.617291156564008
9160000	2.261397057604343	2.970116178152431	0.7482375119558778	0.3985872136471906	0.35695651301673426	0.8431995151826348	-30.365949677838582
9165000	2.4576535657008867	4.194387527482965	0.8947289040281258	0.212068965678221	0.4424232160692712	0.9584196502042245	-27.909962348192742
9170000	1.7427770418878592	1.764829214775207	0.7414443970384151	0.7482171785220001	0.21371043761173514	0.8852367870084955	-13.117687892567108
9175000	1.854024461521842	3.080820171964799	0.8150300503765586	0.2557812326063344	0.27973182353361636	0.7758293284925171	-25.614313696021558
9180000	2.199273501463164	2.468475045187928	0.8117708078043838	0.40053589015503815	0.2339427814481973	0.9856388022813277	-23.2583281195082
9185000	2.192233613125878	2.265943845785717	0.7719005890382341	0.24621168442741803	0.5283841500364813	0.8680565855118939	-29.404566962555382
9190000	2.7803586574358397	3.5686788284457163	0.8076145996497865	0.3339445904498808	0.20406218672468643	0.7564720501325063	-28.466425759284657
9195000	3.373670468484045	4.440402985448322	0.895661094748633	0.2772034099159411	0.24815416059022458	0.8620109072458703	-33.58605026441141
9200000	2.675534350343511	3.216449270816166	0.8372803445723926	0.22655351571561003	0.32647848289402215	0.800154323011068	-32.151515986663924
9205000	2.2053242956616907	4.461816199434698	0.833935548087632	0.38552323556284745	0.23575641404725353	0.995954150855847	-28.1416787917958
9210000	2.64750914136214	3.394634107920528	0.8475007246941059	0.20912931914457034	0.44257222356393794	0.9087301000746292	-33.12312603122169
9215000	2.0817280537566814	6.82649074543964	0.8203230529670644	0.39109543234796895	0.2050154667585062	0.9351499475153483	-27.811367384324527
9220000	2.471857155814952	6.092829879782816	0.7210574840191658	0.3230519777487009	0.3658261531789534	0.9656311589630422	-38.47847484692384
9225000	2.145582640537148	2.2288389007077556	0.7361693881489794	0.47723060281092855	0.2640928043035066	0.7553524211309516	-23.525261200286163
9230000	2.678339587350404	3.394717736473672	0.7955846941023954	0.300371299462813	0.4717041637594698	0.8021966303874183	-33.384431375096185
9235000	1.962341516586765	3.0857128015992266	0.8891423253451823	0.23507173726413869	0.26253745809632534	0.8131335322675912	-26.620244073503876
9240000	2.306912147440265	3.0171501604415245	0.8899889841020836	0.2700684051469558	0.2547382700109588	0.9484376801832217	-29.17055132623653
9245000	1.959010768513198	2.7916168769492624	0.8569824835630148	0.3637814225378628	0.307511004376137	0.9446976733052931	-26.145221607648924
9250000	2.0484228348607054	2.5915147807426435	0.8410363409571369	0.5398076757095068	0.26374172053201733	0.9156262384055517	-26.73381195908783
9255000	2.4516327972739367	2.8444949782207356	0.8485737175300063	0.34008515501326253	0.2354786349680993	0.9980743786306905	-26.49060433785163
9260000	3.4328447151173185	3.7506062398101996	0.8600270414642228	0.24279120445196348	0.26395587193015013	0.7037494804925074	-30.621146565580514
9265000	4.975098505813716	5.828176115645458	0.8070913222325051	0.22436618465400385	0.33572873768424816	0.7265469859001764	-39.895356929519735
9270000	3.457029366256359	4.191777658195279	0.8343591389290517	0.335766460995106	0.32966436464376325	0.745971992335789	-35.13891643148724
9275000	3.17243040703513	3.936113959193904	0.7397503927379324	0.2528716386063023	0.20990209522767606	0.9649621593461395	-36.95953233938739
9280000	2.31106162747959	2.677974835124474	0.7621786864912117	0.21978742004835453	0.20593285298558367	0.7489617038583054	-27.713699260630836
9285000	4.104809702066475	4.1175787390276835	0.8577984189077021	0.3540283039699861	0.2664767960658634	0.864550855567316	-37.65477165831818
9290000	2.3478047232400785	3.3650218817880537	0.8660571722587334	0.30634614114937697	0.28820099495955137	0.886344090330403	-26.979217258684844
9295000	2.390486685990077	5.0479210548640925	0.7561472373270329	0.3143057866119721	0.25977172588494396	0.7109072889597517	-32.81808374064309
9300000	2.2245500491087635	3.612831909153522	0.8040702280409854	0.22665703368038315	0.4673710483713571	0.7041716321416365	-24.85117024857725
9305000	2.058461349845234	3.5068312414662763	0.8832382162846513	0.21624193030075814	0.3829739689807015	0.9156343190712979	-29.160072166580566
9310000	3.469843334229626	4.25017748838945	0.8656622161746191	0.25327495016678286	0.30238562973882327	0.8788566884413911	-29.92683720959606
9315000	3.030619584952338	3.1035747331588834	0.7973090001524461	0.32316842157913017	0.23133679957106093	0.9077077118522563	-31.784391204335698
9320000	2.4932682957476238	2.6410995403803	0.7190845974190869	0.28227344032102275	0.3389669121914162	0.853961678800517	-30.497193855397864
9325000	2.449463526446231	3.249068820729604	0.7361166803871981	0.2420907591509139	0.27749238607659016	0.79598949879998	-27.01908481806983
9330000	1.69316713967937	2.1362698674761145	0.8429855716233903	0.22045121381041907	0.24752318271360804	0.7487961865822348	-27.11690722328164
9335000	1.69316713967937	2.168012871676715	0.8858278116249549	0.486800544136656	0.26862179827134774	0.7770667395351287	-26.788647217325323
9340000	1.69316713967937	2.0089409129448135	0.8623012374994958	0.31768421767687427	0.3356765710445348	0.8816140200133872	-24.320640389297903
9345000	2.6579086753698933	2.674138763431163	0.8671633135845088	0.23705170601222655	0.3011057773710928	0.7915341017581213	-31.986994191484612
9350000	2.8650425105180206	3.0128197541577313	0.7766720465110923	0.22002467876311424	0.21529147387549633	0.7246279821066242	-33.13197939044873
9355000	2.422714213257287	2.5879258370534823	0.7595211448309729	0.2618407482406912	0.3598494978511677	0.9104163536084005	-25.801471565819984
9360000	3.6634153795587676	5.368350594082391	0.7070483121293997	0.3595837890326126	0.2319505312599892	0.903194492878321	-32.085155760166955
9365000	3.6938718885614867	4.052464617539355	0.846448512279937	0.21829049030315384	0.2662295327442333	0.720169556514663	-46.57392146315891
9370000	2.013047890015854	2.9293498840357084	0.7846174360899095	0.27650920050365174	0.38957198601906623	0.7770827960951147	-27.300718385358337
9375000	1.8742111107704917	2.4291767925335637	0.8229039944766163	0.3586231822869562	0.23729115740057638	0.875347568799476	-25.428895315908914
9380000	2.9055539494644647	2.974321310912235	0.7056034831187897	0.5041939548322962	0.21616887711211702	0.8401909113462124	-33.252721730992235
9385000	1.69316713967937	2.5428972558178526	0.8594539436148404	0.6369607550943825	0.29641358857903216	0.9881663337421059	-18.12877743774495
9390000	2.3039448421357296	3.819590307716768	0.8627312094259035	0.24092170683281425	0.5419117285017218	0.9092556643786015	-28.84907687693352
9395000	3.7913700186523682	4.110551770528887	0.7607484558689307	0.21250663060820466	0.3123070175694922	0.8711823253646516	-31.399357305650064
9400000	2.2792851519666786	3.6695894212420335	0.7500325696121131	0.334209517901781	0.29259164980720864	0.7007448440928009	-32.257086796808466
9405000	3.1620807402240207	5.007786142540881	0.8567556667421896	0.22432185898715282	0.3097215095118265	0.8828854959398003	-37.78827597604997
9410000	3.1814240057755288	4.507059500466312	0.7894996545755512	0.20677953898919268	0.3530878169512859	0.8247127657192079	-33.47550424738103
9415000	2.3619596004499193	3.652192859754739	0.7134596646170221	0.252098044986802	0.4966556617019871	0.7863404575490216	-33.56434694223727
9420000	2.914978011177565	3.1819474086286346	0.788364617559586	0.4469670868242088	0.24911027843552153	0.9924627863274856	-29.48683293597028
9425000	1.8842228188942	2.9857406919415497	0.7765982724571073	0.3304989904819667	0.4210837479389144	0.9770357858284417	-29.728163428142057
9430000	4.051130562145943	4.778598077432514	0.7707898006290074	0.27678616150046875	0.3540855282788315	0.9856018702844688	-34.277146572063806
9435000	2.5718622257993897	3.406249529450984	0.7563455953114556	0.2819141926736978	0.2086826424756048	0.9604243881143509	-34.59320155867351
9440000	2.596054336875044	3.4733768282058	0.7128015349106581	0.3141203211695751	0.21677521391277885	0.9718794133774692	-32.313259018485944
9445000	4.231088413908161	5.214800627399472	0.8366599774333895	0.24729738887238967	0.23538763200229482	0.8775202369401374	-39.08961745325582
9450000	2.693115592037147	4.854218690251445	0.7007686595328216	0.24834852976890065	0.36716259949545843	0.9035621937827262	-32.25598176339866
9455000	2.5869738253195105	2.7913009404100677	0.8443645101610878	0.38355810270831825	0.2237034414469003	0.991379880807982	-28.14092451242659
9460000	2.1816854560785495	4.041737465444993	0.7472712700374959	0.28181842686335723	0.3599621089619898	0.9757008403346584	-32.95787550371903
9465000	2.102023410285577	5.908316465266915	0.7303152618327177	0.34626264375784715	0.4024100439723623	0.7652806607886875	-30.513419330512217
9470000	2.7470277429638394	2.990529958379141	0.8879825113091794	0.25229065507096354	0.24039819755886446	0.7887332027460959	-27.891002190693037
9475000	1.737744045171629	3.1383237624008586	0.8733035881010867	0.21000367830634437	0.2687112922388672	0.9816728345328377	-27.05470185811409
9480000	1.7221358076167321	1.8015888580898587	0.7584778542892301	0.5887378480452242	0.27507496214388355	0.9813995989741736	-25.883692372165356
9485000	3.450612256303087	5.185646990756566	0.8141228036376281	0.21056168822868676	0.3849955371759797	0.9373589472042622	-35.0285659443558
9490000	2.1888627971270798	2.7702262023040958	0.7805556743762134	0.3092445809439767	0.359163581165634	0.7039644490232912	-32.23205178487235
9495000	2.4731133095307354	2.8323163647917284	0.7800716106450344	0.4053623348142527	0.21783536555551591	0.8125368925919256	-28.93359191253651
9500000	3.628530176034822	4.71337035008867	0.8245138497130403	0.3011960612916343	0.2876798724867636	0.7154176676386974	-33.68030518207109
9505000	2.6824780334351086	3.5941221136483095	0.7781232271902366	0.46838217721023734	0.21149269665516604	0.8649377430515122	-23.80211193297796
9510000	2.761946456802767	4.32436400175359	0.8995227178482442	0.38571030400013034	0.20810256814840053	0.8160177376245794	-31.603953665399175
9515000	3.559599292909792	3.581401969378513	0.7429023862662552	0.4211629265428408	0.27388143794462605	0.766382558212096	-37.49817901450605
9520000	2.811476848435275	4.930383772633483	0.7218773541889855	0.2519768810874932	0.3144656598124782	0.835911416707247	-37.343588090200484
9525000	1.9696916858947198	2.0893479447228667	0.732566814354905	0.48946257479639477	0.30613269203355387	0.8930930645869566	-22.21077140143041
9530000	2.074173014503726	2.7882283080871333	0.800888860806657	0.3742050254235355	0.28158095820595697	0.9151847744116882	-23.72868852599086
9535000	1.69316713967937	3.598181801342476	0.7668029070384595	0.4747668039614229	0.3588729513032519	0.8352380853519284	-24.10413838907992
9540000	2.1130856507238276	2.8773587360009576	0.7233976082253611	0.2540144150641746	0.21510468324582305	0.8379695889784804	-28.66366244145934
9545000	2.411623434059489	3.0283554889967528	0.8063082976331761	0.4689505115387271	0.2194001998884039	0.9819214520180496	-24.66265475159377
9550000	2.6482860180972376	2.8106080019911492	0.8986706857230872	0.38164904865179755	0.2179371240178252	0.719092416837665	-34.42556325244739
9555000	2.4565610031962763	3.8766097602467533	0.7441925366778668	0.2689822740559914	0.45670093876301554	0.8258304703254593	-29.976362281909495
9560000	2.500113453160923	2.5778027202742373	0.7374598497242568	0.36780678152962754	0.2593782924383688	0.8979801539429884	-25.073265485200416
9565000	1.9235947336247865	2.2752984264851435	0.8367865308032251	0.3893910397678603	0.31549468627893107	0.816065676245983	-19.767386638645238
9570000	2.897200830067106	3.771504839638489	0.7223246797722624	0.32332337481021756	0.38893554327817825	0.8686359391846437	-32.88086125702175
9575000	4.112209437202466	4.588207758513097	0.7864727906128457	0.2428999539300339	0.2017778037996423	0.8529246649590965	-34.58026321116783
9580000	2.0506907816286084	2.421931586969708	0.848282862344376	0.2674767346682917	0.30963664281050174	0.7658250178095473	-27.60060702537202
9585000	1.69316713967937	1.7115112399879109	0.7298527411915038	0.4180780889850782	0.3736817814857294	0.9162195546180413	-23.76157627752507
9590000	2.302218094090492	2.4117322097663347	0.8442608459007586	0.5938933807766572	0.21960705928879584	0.9661168478935811	-15.660681205860346
9595000	2.3020903519784257	3.5791901313465253	0.8688458161747608	0.2410573958687452	0.21054702212393214	0.7185212787631445	-29.024085690178357
9600000	2.4562327051331243	2.4995136455171147	0.7258951059198611	0.475115290812685	0.2060032684656483	0.8950130076219225	-31.02329430991336
9605000	3.751404262682665	4.032169817361393	0.7998677595889728	0.30957965797572423	0.24069721585850157	0.9425401669286996	-35.97188299375525
9610000	3.947439971293406	4.665050993814868	0.7318195078663002	0.4064696902024575	0.25125042846471796	0.7460794049441357	-42.802825618474024
9615000	3.872642512022857	4.707258567026194	0.8066573046812712	0.24901500777564625	0.23642115668843516	0.9904154538109626	-34.95658934793915
9620000	2.8080983532009083	2.8709686653716737	0.8238730561552878	0.3413164161616436	0.2338854261865964	0.8072270057635067	-29.58421857316667
9625000	2.8152523567552783	3.793933183139343	0.8155356670049221	0.43165632096812556	0.20748790791785704	0.7909003487136297	-27.90610297015743
9630000	1.7064539886436807	2.2533928731622	0.7969066515031393	0.5029293068894594	0.2726681297865237	0.7551007233043566	-16.905486521648385
9635000	3.8716972557684843	5.807822929493072	0.7837039416654146	0.2709696678334215	0.25034924652132534	0.8871171534697997	-33.079287928541014
9640000	2.364739119720336	5.66018437183284	0.7390092121440263	0.400944549497847	0.3390958995275221	0.8251361084686204	-33.60583876547749
9645000	3.0825461239806033	3.4683510709165657	0.819765487150974	0.22902402268790664	0.2280163665121545	0.81558004555947	-30.73216731647506
9650000	3.094463470251381	3.8289566946219917	0.8244782319146032	0.21773931634986637	0.45436919922212776	0.7507128047183944	-30.879576234931385
9655000	2.542031639914949	5.623468847135771	0.8147670999055537	0.4684916038071432	0.20422480746595117	0.8416987374759239	-31.006705618684165
9660000	2.0849197796696632	2.549944225312555	0.8175364881989262	0.3577845460120772	0.41375320977096414	0.8561362574230795	-24.7837830223574
9665000	3.6058845200355534	4.192918745456498	0.7007224839563592	0.35599351349508007	0.277142299502197	0.7235876997780963	-39.038813484055794
9670000	2.2048961764839077	3.770013702470868	0.8058440972971141	0.29170833035722465	0.26629466389800543	0.8823201250795732	-26.896794429866215
9675000	2.4804117382387756	3.7678726288438567	0.8307750250519621	0.4038634476797368	0.2221178832944906	0.9423197782827777	-26.677549905408572
9680000	2.071584529865799	3.229985113283416	0.7791391124799618	0.4124008543421627	0.2787840861531649	0.8898608777477425	-25.49200978749009
9685000	4.287163568601829	10.598135938835833	0.7593608323103526	0.2719616886627964	0.22343357981223144	0.8545847577194197	-43.86157432263639
9690000	2.186603819603038	2.4145675715271153	0.7531448348783646	0.2574894644998792	0.33267966895509743	0.8036648576650123	-28.354830500729893
9695000	2.812143813388799	3.561066681240394	0.7491804102156139	0.42954394645563015	0.21899968464060257	0.9236744773889382	-30.89998109155559
9700000	2.623457770050666	2.924865087834717	0.8821739465688415	0.28909163596428905	0.2737232379862907	0.9286610607868273	-23.849947484285735
9705000	1.959209685626077	2.1594630661918472	0.8529657427141659	0.47687663946689246	0.3444405186028858	0.8382138878365432	-23.925481601926368
9710000	3.1137205157673526	3.1463320736573555	0.8653642440509046	0.32075903356277086	0.20675524332347497	0.8179172587084279	-31.87661091232375
9715000	2.443779932262717	4.577339412319603	0.8968393694574271	0.31257219563013783	0.21202653055030415	0.7042222754645162	-33.39959287056632
9720000	4.4734736781546705	4.486190326202194	0.7235550957735909	0.27076033959530627	0.2291839689657701	0.8953579533312175	-33.994179062939075
9725000	2.7588045787139537	3.0820579135919557	0.7156734375962444	0.5201919672960478	0.23708305305648353	0.7657310044465034	-24.575117028224447
9730000	2.330743329057976	3.4022210376393605	0.7200625863635309	0.4395783890778943	0.24443854493950373	0.791903964838749	-29.363267849773255
9735000	2.9113402201323817	4.118117723590242	0.8324832606787792	0.2188758043211076	0.24500046883007484	0.7383773662042061	-37.32601780054671
9740000	3.928974367442787	4.184547568069022	0.7626662171781254	0.21184821643129562	0.536793760643425	0.9984373353342876	-37.63093748964804
9745000	3.24144574868285	4.45146979900439	0.7225959298926292	0.3081397579993634	0.3176841369059323	0.7436957900841898	-35.29460563462032
9750000	2.7338197290876662	3.3850509927949406	0.7301978117409327	0.5118172394726573	0.2829601826502636	0.9608743671622654	-24.96685861371972
9755000	3.634850557942041	6.534421933222933	0.806612565347757	0.283760082837738	0.2399009864226858	0.9035428606875153	-44.50234429857268
9760000	3.0221571586689935	8.419319342741074	0.7290785195202631	0.29623678919550206	0.21354596361713712	0.812704137249841	-34.79459583770149
9765000	2.3751923118917992	4.394868393238076	0.8159295838336315	0.34686818063907493	0.4177693424427443	0.8466046360564967	-28.156389136160925
9770000	4.108056312579646	4.185850299745747	0.7325926974464122	0.2773140468522887	0.2734899779876121	0.9732934961992625	-34.765541535782454
9775000	5.5597296952203035	6.736715740584357	0.8018026369051817	0.28734324912321857	0.2764820434367079	0.9385547717038171	-41.80067570851406
9780000	3.11442458630231	3.7540244095545816	0.7086904060349898	0.272889651414755	0.37498327094105244	0.8305646102495551	-32.17531726209964
9785000	2.157642242556972	2.1648745620441963	0.893732840037113	0.4052300979055359	0.2087016479829309	0.8808825942055614	-22.689749633969882
9790000	3.3024467742380192	5.036338985382478	0.7836872045412226	0.32730257426969833	0.26366486955688967	0.8014498156920267	-30.225488074426316
9795000	2.563925153796095	2.69555299502944	0.7538822920964197	0.25795668098411867	0.32719405085424713	0.8023166693811047	-31.27680677596137
9800000	3.2335441522432466	4.552118260314205	0.7264636271828259	0.26023024776180304	0.2694435584641143	0.7868167472812092	-32.85049418919437
9805000	2.1083016881344903	2.154459541686612	0.7902295792900261	0.6113799919086504	0.2951669913187718	0.902412970197133	-17.094177072190764
9810000	3.2272849510890183	4.285936429898294	0.7316222597641078	0.4479074325631153	0.3210849353784599	0.9186942481996915	-30.937691880407336
9815000	5.8742860586829835	6.427085432406126	0.7016537831487462	0.22067373963738535	0.20622777780934945	0.8483107167498274	-38.19356989218646
9820000	2.2784037532942873	2.4616102469020515	0.74266539787492	0.4396005946164486	0.2621962183241831	0.9766055081906895	-27.45204778073812
9825000	3.1234218276712222	5.472767380693735	0.82908273872893	0.20403973259045816	0.2626480303137445	0.7380022133925211	-34.07957306733345
9830000	2.048672614689252	2.2313057601489064	0.8330201644330892	0.2040522227561658	0.4321766267338526	0.7462010843680338	-25.36827222375015
9835000	2.7383482101316345	2.871112606742048	0.8379427622905076	0.40908380649165266	0.29196681728054147	0.7529750486759903	-27.353068940481194
9840000	2.4820535353391433	2.516874818060993	0.7137361642344668	0.503202492897194	0.2623628120397354	0.9975704059077365	-29.395243136525696
9845000	1.750392126486028	3.169720926123968	0.8351633988280728	0.3346053603535339	0.2685159321283924	0.8135026281077362	-23.580217031226645
9850000	3.778335946583221	4.284136608303841	0.8562799693832985	0.2051210148381521	0.2334247048034634	0.7856754000733286	-31.4644865067691
9855000	3.0893748635814315	3.793965407429623	0.7971817893342819	0.2069097705914457	0.6276602310116985	0.8621140893988867	-35.474300111699854
9860000	2.310139270797421	3.770767432591715	0.7060512294993019	0.391987908527004	0.2878550496474529	0.9013733159115771	-27.364381216526727
9865000	3.29588279419422	3.8028654499243597	0.7600990792439817	0.31523213579850967	0.2762160869065856	0.7948986718450122	-31.47296418012821
9870000	3.7027739303009897	3.8490618870771156	0.8378321019694853	0.38026554946619145	0.3483977033896466	0.74887012184205	-41.199265082050744
9875000	3.948869008872369	4.2146443206140525	0.804302543002241	0.26449074113919563	0.2634406229076058	0.7080633740685807	-34.622304663275706
9880000	2.7950507620225418	5.494218093033226	0.8006952906987563	0.24984245837559815	0.2893085083742649	0.7459206299994496	-36.37220310646245
9885000	1.69316713967937	1.7117947581680493	0.7547666788920921	0.5640305043593614	0.2294961157233187	0.8734227278663776	-19.833072664631
9890000	2.05449177944668	2.0841421061749412	0.8761051157295766	0.21978427602127534	0.34638697703658144	0.8564579370400437	-25.09162837470672
9895000	2.3157941006854945	3.7904144410880214	0.7894653321211512	0.36539676798291104	0.2645159877726041	0.8790746918717662	-28.54182648813936
9900000	2.952814623549853	3.392597467623895	0.7900786938834862	0.3007060020693707	0.2311377656489173	0.8216175788380785	-33.3953501249336
9905000	1.69316713967937	2.1017636786320804	0.8797578711357872	0.6539001976507737	0.2847022468105919	0.8927188746189604	-13.952922036127575
9910000	3.444174008064824	6.338923272499884	0.7533527894456061	0.23719278236064184	0.2976000275089338	0.8512343183413257	-36.633134550880506
9915000	2.178126001934052	2.375907057669658	0.8701173801402777	0.2840808824271817	0.26499730143098554	0.9924934718913228	-22.503783367784695
9920000	2.367827527038114	2.492302092890473	0.8830521406033772	0.4757066535330862	0.2868012152489151	0.949046821987491	-24.12742862066396
9925000	3.0973971709285064	3.509275118342807	0.8338173080643035	0.2875024887587027	0.3214156312075589	0.9339586700870622	-32.1891000929338
9930000	3.088267190177152	5.7222514106036115	0.805779290875763	0.20037830243269839	0.42664707680304315	0.8962699585595597	-34.53713718081203
9935000	1.9643842067838964	2.065773613599394	0.8061451101669285	0.5170746314511337	0.21333938895571866	0.7651831959806685	-22.5584240493214
9940000	3.69363467172851	4.657839518527811	0.8126919035519277	0.21056268772955256	0.4217827392432299	0.9335815089436844	-40.098778701623935
9945000	2.332071000647042	2.6887869758078096	0.8402609799979428	0.20534780998616523	0.26202247535384143	0.8846399666752377	-29.227672828821735
9950000	2.5040783439305856	3.6154880732456256	0.8899922784447998	0.22899272859644748	0.2920402150325692	0.7699573118013323	-29.508698115752477
9955000	2.03228934579369	2.396877029602143	0.7105800250523602	0.3522601820862712	0.3671347249270398	0.8420527873769754	-33.56237077401004
9960000	2.8762388727934574	2.904919325041113	0.7480168214584185	0.2294438714363857	0.2945637077101483	0.7297267749045602	-33.28683516332425
9965000	3.106892858257837	3.243329750521193	0.7732354784280548	0.3691470138335748	0.3280696709821238	0.8953945575827276	-29.602171948892373
9970000	1.7348115674378346	2.4608263502382934	0.8915393373740326	0.36099472660817855	0.24086536851560378	0.7707689459822605	-20.693958984784064
9975000	1.7981581033216754	3.202619471824007	0.837632701853423	0.33026595728988617	0.3099812671228102	0.9337012091443264	-28.66923645804906
9980000	1.69316713967937	2.3339747174269174	0.8165496800698099	0.20794149063843761	0.39305565065194	0.7191092760152791	-25.732498704922847
9985000	2.912969477512444	6.028114871522177	0.8472401860804828	0.33694597667822435	0.28269965204230785	0.9674568045760633	-32.07076786851476
9990000	1.69316713967937	3.442741043714508	0.8805629067145478	0.35228996642864124	0.22191391737220445	0.9294647589012051	-22.151691970882894
9995000	1.69316713967937	2.0870306217288976	0.7886260905910779	0.476919339602844	0.2515535078652115	0.8704887573658336	-21.620840968857586
10000000	2.701783107565376	4.613415114836584	0.7115450241374984	0.24564291122100673	0.355807461651241	0.8499549932482858	-35.387350817305744
