#
#model:
#
#<?xml version="1.0" encoding="UTF-8" standalone="no"?><input id="posterior" spec="beast.base.inference.CompoundDistribution">
#    <distribution id="prior" spec="beast.base.inference.CompoundDistribution">
#        <distribution id="birthDeath" spec="ssr.speciation.SRangesBirthDeathSkylineModel">
#            <parameter id="RealParameter" lower="0.0" name="intervalTimes" spec="beast.base.inference.parameter.RealParameter" upper="0.0">0.0</parameter>
#            <parameter id="origin" lower="0.0" name="origin" spec="beast.base.inference.parameter.RealParameter">16.674744907178</parameter>
#            <removalProbability id="Function$Constant" spec="beast.base.core.Function$Constant" value="0.0"/>
#            <parameter id="rho" lower="0.0" name="rho" spec="beast.base.inference.parameter.RealParameter">0.982209865306504</parameter>
#            <parameter id="samplingProportion" lower="0.0" name="samplingProportion" spec="beast.base.inference.parameter.RealParameter">0.569406684488058</parameter>
#            <parameter id="netDiversification" lower="0.0" name="netDiversification" spec="beast.base.inference.parameter.RealParameter">0.874238430010155</parameter>
#            <parameter id="turnOver" lower="0.0" name="turnOver" spec="beast.base.inference.parameter.RealParameter" upper="1.0">0.307925240788609</parameter>
#            <tree id="tree" nodetype="sr.evolution.tree.SRNode" spec="sr.evolution.tree.SRTree">
#                <stratigraphicRange id="r0" spec="sr.evolution.sranges.StratigraphicRange">
#                    <firstOccurrence id="t24_first" spec="beast.base.evolution.alignment.Taxon"/>
#                    <lastOccurrence idref="t24_first"/>
#                </stratigraphicRange>
#                <stratigraphicRange id="r1" spec="sr.evolution.sranges.StratigraphicRange">
#                    <firstOccurrence id="t26_first" spec="beast.base.evolution.alignment.Taxon"/>
#                    <lastOccurrence idref="t26_first"/>
#                </stratigraphicRange>
#                <stratigraphicRange id="r2" spec="sr.evolution.sranges.StratigraphicRange">
#                    <firstOccurrence id="t121_first" spec="beast.base.evolution.alignment.Taxon"/>
#                    <lastOccurrence idref="t121_first"/>
#                </stratigraphicRange>
#                <stratigraphicRange id="r3" spec="sr.evolution.sranges.StratigraphicRange">
#                    <firstOccurrence id="t147_first" spec="beast.base.evolution.alignment.Taxon"/>
#                    <lastOccurrence idref="t147_first"/>
#                </stratigraphicRange>
#                <stratigraphicRange id="r4" spec="sr.evolution.sranges.StratigraphicRange">
#                    <firstOccurrence id="t73_first" spec="beast.base.evolution.alignment.Taxon"/>
#                    <lastOccurrence idref="t73_first"/>
#                </stratigraphicRange>
#                <stratigraphicRange id="r5" spec="sr.evolution.sranges.StratigraphicRange">
#                    <firstOccurrence id="t198_first" spec="beast.base.evolution.alignment.Taxon"/>
#                    <lastOccurrence idref="t198_first"/>
#                </stratigraphicRange>
#                <stratigraphicRange id="r6" spec="sr.evolution.sranges.StratigraphicRange">
#                    <firstOccurrence id="t161_first" spec="beast.base.evolution.alignment.Taxon"/>
#                    <lastOccurrence idref="t161_first"/>
#                </stratigraphicRange>
#                <stratigraphicRange id="r7" spec="sr.evolution.sranges.StratigraphicRange">
#                    <firstOccurrence id="t67_first" spec="beast.base.evolution.alignment.Taxon"/>
#                    <lastOccurrence idref="t67_first"/>
#                </stratigraphicRange>
#                <stratigraphicRange id="r8" spec="sr.evolution.sranges.StratigraphicRange">
#                    <firstOccurrence id="t53_first" spec="beast.base.evolution.alignment.Taxon"/>
#                    <lastOccurrence idref="t53_first"/>
#                </stratigraphicRange>
#                <stratigraphicRange id="r9" spec="sr.evolution.sranges.StratigraphicRange">
#                    <firstOccurrence id="t247_first" spec="beast.base.evolution.alignment.Taxon"/>
#                    <lastOccurrence idref="t247_first"/>
#                </stratigraphicRange>
#                <stratigraphicRange id="r10" spec="sr.evolution.sranges.StratigraphicRange">
#                    <firstOccurrence id="t16_first" spec="beast.base.evolution.alignment.Taxon"/>
#                    <lastOccurrence idref="t16_first"/>
#                </stratigraphicRange>
#                <stratigraphicRange id="r11" spec="sr.evolution.sranges.StratigraphicRange">
#                    <firstOccurrence id="t229_first" spec="beast.base.evolution.alignment.Taxon"/>
#                    <lastOccurrence idref="t229_first"/>
#                </stratigraphicRange>
#                <stratigraphicRange id="r12" spec="sr.evolution.sranges.StratigraphicRange">
#                    <firstOccurrence id="t133_first" spec="beast.base.evolution.alignment.Taxon"/>
#                    <lastOccurrence idref="t133_first"/>
#                </stratigraphicRange>
#                <stratigraphicRange id="r13" spec="sr.evolution.sranges.StratigraphicRange">
#                    <firstOccurrence id="t75_first" spec="beast.base.evolution.alignment.Taxon"/>
#                    <lastOccurrence idref="t75_first"/>
#                </stratigraphicRange>
#                <stratigraphicRange id="r14" spec="sr.evolution.sranges.StratigraphicRange">
#                    <firstOccurrence id="t65_first" spec="beast.base.evolution.alignment.Taxon"/>
#                    <lastOccurrence idref="t65_first"/>
#                </stratigraphicRange>
#                <stratigraphicRange id="r15" spec="sr.evolution.sranges.StratigraphicRange">
#                    <firstOccurrence id="t202_first" spec="beast.base.evolution.alignment.Taxon"/>
#                    <lastOccurrence idref="t202_first"/>
#                </stratigraphicRange>
#                <stratigraphicRange id="r16" spec="sr.evolution.sranges.StratigraphicRange">
#                    <firstOccurrence id="t80_first" spec="beast.base.evolution.alignment.Taxon"/>
#                    <lastOccurrence idref="t80_first"/>
#                </stratigraphicRange>
#                <stratigraphicRange id="r17" spec="sr.evolution.sranges.StratigraphicRange">
#                    <firstOccurrence id="t138_first" spec="beast.base.evolution.alignment.Taxon"/>
#                    <lastOccurrence idref="t138_first"/>
#                </stratigraphicRange>
#                <stratigraphicRange id="r18" spec="sr.evolution.sranges.StratigraphicRange">
#                    <firstOccurrence id="t11_first" spec="beast.base.evolution.alignment.Taxon"/>
#                    <lastOccurrence idref="t11_first"/>
#                </stratigraphicRange>
#                <stratigraphicRange id="r19" spec="sr.evolution.sranges.StratigraphicRange">
#                    <firstOccurrence id="t35_first" spec="beast.base.evolution.alignment.Taxon"/>
#                    <lastOccurrence idref="t35_first"/>
#                </stratigraphicRange>
#                <stratigraphicRange id="r20" spec="sr.evolution.sranges.StratigraphicRange">
#                    <firstOccurrence id="t237_first" spec="beast.base.evolution.alignment.Taxon"/>
#                    <lastOccurrence idref="t237_first"/>
#                </stratigraphicRange>
#                <stratigraphicRange id="r21" spec="sr.evolution.sranges.StratigraphicRange">
#                    <firstOccurrence id="t4_first" spec="beast.base.evolution.alignment.Taxon"/>
#                    <lastOccurrence idref="t4_first"/>
#                </stratigraphicRange>
#                <stratigraphicRange id="r22" spec="sr.evolution.sranges.StratigraphicRange">
#                    <firstOccurrence id="t181_first" spec="beast.base.evolution.alignment.Taxon"/>
#                    <lastOccurrence idref="t181_first"/>
#                </stratigraphicRange>
#                <stratigraphicRange id="r23" spec="sr.evolution.sranges.StratigraphicRange">
#                    <firstOccurrence id="t54_first" spec="beast.base.evolution.alignment.Taxon"/>
#                    <lastOccurrence idref="t54_first"/>
#                </stratigraphicRange>
#                <stratigraphicRange id="r24" spec="sr.evolution.sranges.StratigraphicRange">
#                    <firstOccurrence id="t124_first" spec="beast.base.evolution.alignment.Taxon"/>
#                    <lastOccurrence idref="t124_first"/>
#                </stratigraphicRange>
#                <stratigraphicRange id="r25" spec="sr.evolution.sranges.StratigraphicRange">
#                    <firstOccurrence id="t235_first" spec="beast.base.evolution.alignment.Taxon"/>
#                    <lastOccurrence idref="t235_first"/>
#                </stratigraphicRange>
#                <stratigraphicRange id="r26" spec="sr.evolution.sranges.StratigraphicRange">
#                    <firstOccurrence id="t14_first" spec="beast.base.evolution.alignment.Taxon"/>
#                    <lastOccurrence idref="t14_first"/>
#                </stratigraphicRange>
#                <stratigraphicRange id="r27" spec="sr.evolution.sranges.StratigraphicRange">
#                    <firstOccurrence id="t96_first" spec="beast.base.evolution.alignment.Taxon"/>
#                    <lastOccurrence idref="t96_first"/>
#                </stratigraphicRange>
#                <stratigraphicRange id="r28" spec="sr.evolution.sranges.StratigraphicRange">
#                    <firstOccurrence id="t97_first" spec="beast.base.evolution.alignment.Taxon"/>
#                    <lastOccurrence idref="t97_first"/>
#                </stratigraphicRange>
#                <stratigraphicRange id="r29" spec="sr.evolution.sranges.StratigraphicRange">
#                    <firstOccurrence id="t92_first" spec="beast.base.evolution.alignment.Taxon"/>
#                    <lastOccurrence idref="t92_first"/>
#                </stratigraphicRange>
#                <stratigraphicRange id="r30" spec="sr.evolution.sranges.StratigraphicRange">
#                    <firstOccurrence id="t186_first" spec="beast.base.evolution.alignment.Taxon"/>
#                    <lastOccurrence idref="t186_first"/>
#                </stratigraphicRange>
#                <stratigraphicRange id="r31" spec="sr.evolution.sranges.StratigraphicRange">
#                    <firstOccurrence id="t137_first" spec="beast.base.evolution.alignment.Taxon"/>
#                    <lastOccurrence idref="t137_first"/>
#                </stratigraphicRange>
#                <stratigraphicRange id="r32" spec="sr.evolution.sranges.StratigraphicRange">
#                    <firstOccurrence id="t256_first" spec="beast.base.evolution.alignment.Taxon"/>
#                    <lastOccurrence idref="t256_first"/>
#                </stratigraphicRange>
#                <stratigraphicRange id="r33" spec="sr.evolution.sranges.StratigraphicRange">
#                    <firstOccurrence id="t33_first" spec="beast.base.evolution.alignment.Taxon"/>
#                    <lastOccurrence idref="t33_first"/>
#                </stratigraphicRange>
#                <stratigraphicRange id="r34" spec="sr.evolution.sranges.StratigraphicRange">
#                    <firstOccurrence id="t232_first" spec="beast.base.evolution.alignment.Taxon"/>
#                    <lastOccurrence idref="t232_first"/>
#                </stratigraphicRange>
#                <stratigraphicRange id="r35" spec="sr.evolution.sranges.StratigraphicRange">
#                    <firstOccurrence id="t162_first" spec="beast.base.evolution.alignment.Taxon"/>
#                    <lastOccurrence idref="t162_first"/>
#                </stratigraphicRange>
#                <stratigraphicRange id="r36" spec="sr.evolution.sranges.StratigraphicRange">
#                    <firstOccurrence id="t61_first" spec="beast.base.evolution.alignment.Taxon"/>
#                    <lastOccurrence idref="t61_first"/>
#                </stratigraphicRange>
#                <stratigraphicRange id="r37" spec="sr.evolution.sranges.StratigraphicRange">
#                    <firstOccurrence id="t164_first" spec="beast.base.evolution.alignment.Taxon"/>
#                    <lastOccurrence idref="t164_first"/>
#                </stratigraphicRange>
#                <stratigraphicRange id="r38" spec="sr.evolution.sranges.StratigraphicRange">
#                    <firstOccurrence id="t52_first" spec="beast.base.evolution.alignment.Taxon"/>
#                    <lastOccurrence idref="t52_first"/>
#                </stratigraphicRange>
#                <stratigraphicRange id="r39" spec="sr.evolution.sranges.StratigraphicRange">
#                    <firstOccurrence id="t149_first" spec="beast.base.evolution.alignment.Taxon"/>
#                    <lastOccurrence idref="t149_first"/>
#                </stratigraphicRange>
#                <stratigraphicRange id="r40" spec="sr.evolution.sranges.StratigraphicRange">
#                    <firstOccurrence id="t32_first" spec="beast.base.evolution.alignment.Taxon"/>
#                    <lastOccurrence idref="t32_first"/>
#                </stratigraphicRange>
#                <stratigraphicRange id="r41" spec="sr.evolution.sranges.StratigraphicRange">
#                    <firstOccurrence id="t176_first" spec="beast.base.evolution.alignment.Taxon"/>
#                    <lastOccurrence idref="t176_first"/>
#                </stratigraphicRange>
#                <stratigraphicRange id="r42" spec="sr.evolution.sranges.StratigraphicRange">
#                    <firstOccurrence id="t102_first" spec="beast.base.evolution.alignment.Taxon"/>
#                    <lastOccurrence idref="t102_first"/>
#                </stratigraphicRange>
#                <stratigraphicRange id="r43" spec="sr.evolution.sranges.StratigraphicRange">
#                    <firstOccurrence id="t173_first" spec="beast.base.evolution.alignment.Taxon"/>
#                    <lastOccurrence idref="t173_first"/>
#                </stratigraphicRange>
#                <stratigraphicRange id="r44" spec="sr.evolution.sranges.StratigraphicRange">
#                    <firstOccurrence id="t38_first" spec="beast.base.evolution.alignment.Taxon"/>
#                    <lastOccurrence idref="t38_first"/>
#                </stratigraphicRange>
#                <stratigraphicRange id="r45" spec="sr.evolution.sranges.StratigraphicRange">
#                    <firstOccurrence id="t105_first" spec="beast.base.evolution.alignment.Taxon"/>
#                    <lastOccurrence idref="t105_first"/>
#                </stratigraphicRange>
#                <stratigraphicRange id="r46" spec="sr.evolution.sranges.StratigraphicRange">
#                    <firstOccurrence id="t123_first" spec="beast.base.evolution.alignment.Taxon"/>
#                    <lastOccurrence idref="t123_first"/>
#                </stratigraphicRange>
#                <stratigraphicRange id="r47" spec="sr.evolution.sranges.StratigraphicRange">
#                    <firstOccurrence id="t50_first" spec="beast.base.evolution.alignment.Taxon"/>
#                    <lastOccurrence idref="t50_first"/>
#                </stratigraphicRange>
#                <stratigraphicRange id="r48" spec="sr.evolution.sranges.StratigraphicRange">
#                    <firstOccurrence id="t227_first" spec="beast.base.evolution.alignment.Taxon"/>
#                    <lastOccurrence idref="t227_first"/>
#                </stratigraphicRange>
#                <stratigraphicRange id="r49" spec="sr.evolution.sranges.StratigraphicRange">
#                    <firstOccurrence id="t85_first" spec="beast.base.evolution.alignment.Taxon"/>
#                    <lastOccurrence idref="t85_first"/>
#                </stratigraphicRange>
#                <stratigraphicRange id="r50" spec="sr.evolution.sranges.StratigraphicRange">
#                    <firstOccurrence id="t190_first" spec="beast.base.evolution.alignment.Taxon"/>
#                    <lastOccurrence idref="t190_first"/>
#                </stratigraphicRange>
#                <stratigraphicRange id="r51" spec="sr.evolution.sranges.StratigraphicRange">
#                    <firstOccurrence id="t167_first" spec="beast.base.evolution.alignment.Taxon"/>
#                    <lastOccurrence idref="t167_first"/>
#                </stratigraphicRange>
#                <stratigraphicRange id="r52" spec="sr.evolution.sranges.StratigraphicRange">
#                    <firstOccurrence id="t115_first" spec="beast.base.evolution.alignment.Taxon"/>
#                    <lastOccurrence idref="t115_first"/>
#                </stratigraphicRange>
#                <stratigraphicRange id="r53" spec="sr.evolution.sranges.StratigraphicRange">
#                    <firstOccurrence id="t29_first" spec="beast.base.evolution.alignment.Taxon"/>
#                    <lastOccurrence idref="t29_first"/>
#                </stratigraphicRange>
#                <stratigraphicRange id="r54" spec="sr.evolution.sranges.StratigraphicRange">
#                    <firstOccurrence id="t30_first" spec="beast.base.evolution.alignment.Taxon"/>
#                    <lastOccurrence idref="t30_first"/>
#                </stratigraphicRange>
#                <stratigraphicRange id="r55" spec="sr.evolution.sranges.StratigraphicRange">
#                    <firstOccurrence id="t37_first" spec="beast.base.evolution.alignment.Taxon"/>
#                    <lastOccurrence idref="t37_first"/>
#                </stratigraphicRange>
#                <stratigraphicRange id="r56" spec="sr.evolution.sranges.StratigraphicRange">
#                    <firstOccurrence id="t39_first" spec="beast.base.evolution.alignment.Taxon"/>
#                    <lastOccurrence idref="t39_first"/>
#                </stratigraphicRange>
#                <stratigraphicRange id="r57" spec="sr.evolution.sranges.StratigraphicRange">
#                    <firstOccurrence id="t107_first" spec="beast.base.evolution.alignment.Taxon"/>
#                    <lastOccurrence idref="t107_first"/>
#                </stratigraphicRange>
#                <stratigraphicRange id="r58" spec="sr.evolution.sranges.StratigraphicRange">
#                    <firstOccurrence id="t200_first" spec="beast.base.evolution.alignment.Taxon"/>
#                    <lastOccurrence idref="t200_first"/>
#                </stratigraphicRange>
#                <stratigraphicRange id="r59" spec="sr.evolution.sranges.StratigraphicRange">
#                    <firstOccurrence id="t20_first" spec="beast.base.evolution.alignment.Taxon"/>
#                    <lastOccurrence idref="t20_first"/>
#                </stratigraphicRange>
#                <stratigraphicRange id="r60" spec="sr.evolution.sranges.StratigraphicRange">
#                    <firstOccurrence id="t219_first" spec="beast.base.evolution.alignment.Taxon"/>
#                    <lastOccurrence idref="t219_first"/>
#                </stratigraphicRange>
#                <stratigraphicRange id="r61" spec="sr.evolution.sranges.StratigraphicRange">
#                    <firstOccurrence id="t58_first" spec="beast.base.evolution.alignment.Taxon"/>
#                    <lastOccurrence idref="t58_first"/>
#                </stratigraphicRange>
#                <stratigraphicRange id="r62" spec="sr.evolution.sranges.StratigraphicRange">
#                    <firstOccurrence id="t134_first" spec="beast.base.evolution.alignment.Taxon"/>
#                    <lastOccurrence idref="t134_first"/>
#                </stratigraphicRange>
#                <stratigraphicRange id="r63" spec="sr.evolution.sranges.StratigraphicRange">
#                    <firstOccurrence id="t69_first" spec="beast.base.evolution.alignment.Taxon"/>
#                    <lastOccurrence idref="t69_first"/>
#                </stratigraphicRange>
#                <stratigraphicRange id="r64" spec="sr.evolution.sranges.StratigraphicRange">
#                    <firstOccurrence id="t129_first" spec="beast.base.evolution.alignment.Taxon"/>
#                    <lastOccurrence idref="t129_first"/>
#                </stratigraphicRange>
#                <stratigraphicRange id="r65" spec="sr.evolution.sranges.StratigraphicRange">
#                    <firstOccurrence id="t195_first" spec="beast.base.evolution.alignment.Taxon"/>
#                    <lastOccurrence idref="t195_first"/>
#                </stratigraphicRange>
#                <stratigraphicRange id="r66" spec="sr.evolution.sranges.StratigraphicRange">
#                    <firstOccurrence id="t260_first" spec="beast.base.evolution.alignment.Taxon"/>
#                    <lastOccurrence idref="t260_first"/>
#                </stratigraphicRange>
#                <stratigraphicRange id="r67" spec="sr.evolution.sranges.StratigraphicRange">
#                    <firstOccurrence id="t192_first" spec="beast.base.evolution.alignment.Taxon"/>
#                    <lastOccurrence idref="t192_first"/>
#                </stratigraphicRange>
#                <stratigraphicRange id="r68" spec="sr.evolution.sranges.StratigraphicRange">
#                    <firstOccurrence id="t8_first" spec="beast.base.evolution.alignment.Taxon"/>
#                    <lastOccurrence idref="t8_first"/>
#                </stratigraphicRange>
#                <stratigraphicRange id="r69" spec="sr.evolution.sranges.StratigraphicRange">
#                    <firstOccurrence id="t156_first" spec="beast.base.evolution.alignment.Taxon"/>
#                    <lastOccurrence idref="t156_first"/>
#                </stratigraphicRange>
#                <stratigraphicRange id="r70" spec="sr.evolution.sranges.StratigraphicRange">
#                    <firstOccurrence id="t205_first" spec="beast.base.evolution.alignment.Taxon"/>
#                    <lastOccurrence idref="t205_first"/>
#                </stratigraphicRange>
#                <stratigraphicRange id="r71" spec="sr.evolution.sranges.StratigraphicRange">
#                    <firstOccurrence id="t221_first" spec="beast.base.evolution.alignment.Taxon"/>
#                    <lastOccurrence idref="t221_first"/>
#                </stratigraphicRange>
#                <stratigraphicRange id="r72" spec="sr.evolution.sranges.StratigraphicRange">
#                    <firstOccurrence id="t204_first" spec="beast.base.evolution.alignment.Taxon"/>
#                    <lastOccurrence idref="t204_first"/>
#                </stratigraphicRange>
#                <stratigraphicRange id="r73" spec="sr.evolution.sranges.StratigraphicRange">
#                    <firstOccurrence id="t87_first" spec="beast.base.evolution.alignment.Taxon"/>
#                    <lastOccurrence idref="t87_first"/>
#                </stratigraphicRange>
#                <stratigraphicRange id="r74" spec="sr.evolution.sranges.StratigraphicRange">
#                    <firstOccurrence id="t140_first" spec="beast.base.evolution.alignment.Taxon"/>
#                    <lastOccurrence idref="t140_first"/>
#                </stratigraphicRange>
#                <stratigraphicRange id="r75" spec="sr.evolution.sranges.StratigraphicRange">
#                    <firstOccurrence id="t81_first" spec="beast.base.evolution.alignment.Taxon"/>
#                    <lastOccurrence idref="t81_first"/>
#                </stratigraphicRange>
#                <stratigraphicRange id="r76" spec="sr.evolution.sranges.StratigraphicRange">
#                    <firstOccurrence id="t89_first" spec="beast.base.evolution.alignment.Taxon"/>
#                    <lastOccurrence idref="t89_first"/>
#                </stratigraphicRange>
#                <stratigraphicRange id="r77" spec="sr.evolution.sranges.StratigraphicRange">
#                    <firstOccurrence id="t114_first" spec="beast.base.evolution.alignment.Taxon"/>
#                    <lastOccurrence idref="t114_first"/>
#                </stratigraphicRange>
#                <stratigraphicRange id="r78" spec="sr.evolution.sranges.StratigraphicRange">
#                    <firstOccurrence id="t184_first" spec="beast.base.evolution.alignment.Taxon"/>
#                    <lastOccurrence idref="t184_first"/>
#                </stratigraphicRange>
#                <stratigraphicRange id="r79" spec="sr.evolution.sranges.StratigraphicRange">
#                    <firstOccurrence id="t246_first" spec="beast.base.evolution.alignment.Taxon"/>
#                    <lastOccurrence idref="t246_first"/>
#                </stratigraphicRange>
#                <stratigraphicRange id="r80" spec="sr.evolution.sranges.StratigraphicRange">
#                    <firstOccurrence id="t93_first" spec="beast.base.evolution.alignment.Taxon"/>
#                    <lastOccurrence idref="t93_first"/>
#                </stratigraphicRange>
#                <stratigraphicRange id="r81" spec="sr.evolution.sranges.StratigraphicRange">
#                    <firstOccurrence id="t68_first" spec="beast.base.evolution.alignment.Taxon"/>
#                    <lastOccurrence idref="t68_first"/>
#                </stratigraphicRange>
#                <stratigraphicRange id="r82" spec="sr.evolution.sranges.StratigraphicRange">
#                    <firstOccurrence id="t142_first" spec="beast.base.evolution.alignment.Taxon"/>
#                    <lastOccurrence idref="t142_first"/>
#                </stratigraphicRange>
#                <stratigraphicRange id="r83" spec="sr.evolution.sranges.StratigraphicRange">
#                    <firstOccurrence id="t163_first" spec="beast.base.evolution.alignment.Taxon"/>
#                    <lastOccurrence idref="t163_first"/>
#                </stratigraphicRange>
#                <stratigraphicRange id="r84" spec="sr.evolution.sranges.StratigraphicRange">
#                    <firstOccurrence id="t94_first" spec="beast.base.evolution.alignment.Taxon"/>
#                    <lastOccurrence idref="t94_first"/>
#                </stratigraphicRange>
#                <stratigraphicRange id="r85" spec="sr.evolution.sranges.StratigraphicRange">
#                    <firstOccurrence id="t152_first" spec="beast.base.evolution.alignment.Taxon"/>
#                    <lastOccurrence idref="t152_first"/>
#                </stratigraphicRange>
#                <stratigraphicRange id="r86" spec="sr.evolution.sranges.StratigraphicRange">
#                    <firstOccurrence id="t22_first" spec="beast.base.evolution.alignment.Taxon"/>
#                    <lastOccurrence idref="t22_first"/>
#                </stratigraphicRange>
#                <stratigraphicRange id="r87" spec="sr.evolution.sranges.StratigraphicRange">
#                    <firstOccurrence id="t108_first" spec="beast.base.evolution.alignment.Taxon"/>
#                    <lastOccurrence idref="t108_first"/>
#                </stratigraphicRange>
#                <stratigraphicRange id="r88" spec="sr.evolution.sranges.StratigraphicRange">
#                    <firstOccurrence id="t189_first" spec="beast.base.evolution.alignment.Taxon"/>
#                    <lastOccurrence idref="t189_first"/>
#                </stratigraphicRange>
#                <stratigraphicRange id="r89" spec="sr.evolution.sranges.StratigraphicRange">
#                    <firstOccurrence id="t153_first" spec="beast.base.evolution.alignment.Taxon"/>
#                    <lastOccurrence idref="t153_first"/>
#                </stratigraphicRange>
#                <stratigraphicRange id="r90" spec="sr.evolution.sranges.StratigraphicRange">
#                    <firstOccurrence id="t34_first" spec="beast.base.evolution.alignment.Taxon"/>
#                    <lastOccurrence idref="t34_first"/>
#                </stratigraphicRange>
#                <stratigraphicRange id="r91" spec="sr.evolution.sranges.StratigraphicRange">
#                    <firstOccurrence id="t166_first" spec="beast.base.evolution.alignment.Taxon"/>
#                    <lastOccurrence idref="t166_first"/>
#                </stratigraphicRange>
#                <stratigraphicRange id="r92" spec="sr.evolution.sranges.StratigraphicRange">
#                    <firstOccurrence id="t132_first" spec="beast.base.evolution.alignment.Taxon"/>
#                    <lastOccurrence idref="t132_first"/>
#                </stratigraphicRange>
#                <stratigraphicRange id="r93" spec="sr.evolution.sranges.StratigraphicRange">
#                    <firstOccurrence id="t214_first" spec="beast.base.evolution.alignment.Taxon"/>
#                    <lastOccurrence idref="t214_first"/>
#                </stratigraphicRange>
#                <stratigraphicRange id="r94" spec="sr.evolution.sranges.StratigraphicRange">
#                    <firstOccurrence id="t244_first" spec="beast.base.evolution.alignment.Taxon"/>
#                    <lastOccurrence idref="t244_first"/>
#                </stratigraphicRange>
#                <stratigraphicRange id="r95" spec="sr.evolution.sranges.StratigraphicRange">
#                    <firstOccurrence id="t2_first" spec="beast.base.evolution.alignment.Taxon"/>
#                    <lastOccurrence idref="t2_first"/>
#                </stratigraphicRange>
#                <stratigraphicRange id="r96" spec="sr.evolution.sranges.StratigraphicRange">
#                    <firstOccurrence id="t175_first" spec="beast.base.evolution.alignment.Taxon"/>
#                    <lastOccurrence idref="t175_first"/>
#                </stratigraphicRange>
#                <stratigraphicRange id="r97" spec="sr.evolution.sranges.StratigraphicRange">
#                    <firstOccurrence id="t90_first" spec="beast.base.evolution.alignment.Taxon"/>
#                    <lastOccurrence idref="t90_first"/>
#                </stratigraphicRange>
#                <stratigraphicRange id="r98" spec="sr.evolution.sranges.StratigraphicRange">
#                    <firstOccurrence id="t118_first" spec="beast.base.evolution.alignment.Taxon"/>
#                    <lastOccurrence idref="t118_first"/>
#                </stratigraphicRange>
#                <stratigraphicRange id="r99" spec="sr.evolution.sranges.StratigraphicRange">
#                    <firstOccurrence id="t233_first" spec="beast.base.evolution.alignment.Taxon"/>
#                    <lastOccurrence idref="t233_first"/>
#                </stratigraphicRange>
#                <stratigraphicRange id="r100" spec="sr.evolution.sranges.StratigraphicRange">
#                    <firstOccurrence id="t25_first" spec="beast.base.evolution.alignment.Taxon"/>
#                    <lastOccurrence idref="t25_first"/>
#                </stratigraphicRange>
#                <stratigraphicRange id="r101" spec="sr.evolution.sranges.StratigraphicRange">
#                    <firstOccurrence id="t155_first" spec="beast.base.evolution.alignment.Taxon"/>
#                    <lastOccurrence idref="t155_first"/>
#                </stratigraphicRange>
#                <stratigraphicRange id="r102" spec="sr.evolution.sranges.StratigraphicRange">
#                    <firstOccurrence id="t128_first" spec="beast.base.evolution.alignment.Taxon"/>
#                    <lastOccurrence idref="t128_first"/>
#                </stratigraphicRange>
#                <stratigraphicRange id="r103" spec="sr.evolution.sranges.StratigraphicRange">
#                    <firstOccurrence id="t116_first" spec="beast.base.evolution.alignment.Taxon"/>
#                    <lastOccurrence idref="t116_first"/>
#                </stratigraphicRange>
#                <stratigraphicRange id="r104" spec="sr.evolution.sranges.StratigraphicRange">
#                    <firstOccurrence id="t168_first" spec="beast.base.evolution.alignment.Taxon"/>
#                    <lastOccurrence idref="t168_first"/>
#                </stratigraphicRange>
#                <stratigraphicRange id="r105" spec="sr.evolution.sranges.StratigraphicRange">
#                    <firstOccurrence id="t220_first" spec="beast.base.evolution.alignment.Taxon"/>
#                    <lastOccurrence idref="t220_first"/>
#                </stratigraphicRange>
#                <stratigraphicRange id="r106" spec="sr.evolution.sranges.StratigraphicRange">
#                    <firstOccurrence id="t170_first" spec="beast.base.evolution.alignment.Taxon"/>
#                    <lastOccurrence idref="t170_first"/>
#                </stratigraphicRange>
#                <stratigraphicRange id="r107" spec="sr.evolution.sranges.StratigraphicRange">
#                    <firstOccurrence id="t76_first" spec="beast.base.evolution.alignment.Taxon"/>
#                    <lastOccurrence idref="t76_first"/>
#                </stratigraphicRange>
#                <stratigraphicRange id="r108" spec="sr.evolution.sranges.StratigraphicRange">
#                    <firstOccurrence id="t111_first" spec="beast.base.evolution.alignment.Taxon"/>
#                    <lastOccurrence idref="t111_first"/>
#                </stratigraphicRange>
#                <stratigraphicRange id="r109" spec="sr.evolution.sranges.StratigraphicRange">
#                    <firstOccurrence id="t88_first" spec="beast.base.evolution.alignment.Taxon"/>
#                    <lastOccurrence idref="t88_first"/>
#                </stratigraphicRange>
#                <stratigraphicRange id="r110" spec="sr.evolution.sranges.StratigraphicRange">
#                    <firstOccurrence id="t55_first" spec="beast.base.evolution.alignment.Taxon"/>
#                    <lastOccurrence idref="t55_first"/>
#                </stratigraphicRange>
#                <stratigraphicRange id="r111" spec="sr.evolution.sranges.StratigraphicRange">
#                    <firstOccurrence id="t174_first" spec="beast.base.evolution.alignment.Taxon"/>
#                    <lastOccurrence idref="t174_first"/>
#                </stratigraphicRange>
#                <stratigraphicRange id="r112" spec="sr.evolution.sranges.StratigraphicRange">
#                    <firstOccurrence id="t110_first" spec="beast.base.evolution.alignment.Taxon"/>
#                    <lastOccurrence idref="t110_first"/>
#                </stratigraphicRange>
#                <stratigraphicRange id="r113" spec="sr.evolution.sranges.StratigraphicRange">
#                    <firstOccurrence id="t245_first" spec="beast.base.evolution.alignment.Taxon"/>
#                    <lastOccurrence idref="t245_first"/>
#                </stratigraphicRange>
#                <stratigraphicRange id="r114" spec="sr.evolution.sranges.StratigraphicRange">
#                    <firstOccurrence id="t136_first" spec="beast.base.evolution.alignment.Taxon"/>
#                    <lastOccurrence idref="t136_first"/>
#                </stratigraphicRange>
#                <stratigraphicRange id="r115" spec="sr.evolution.sranges.StratigraphicRange">
#                    <firstOccurrence id="t15_first" spec="beast.base.evolution.alignment.Taxon"/>
#                    <lastOccurrence idref="t15_first"/>
#                </stratigraphicRange>
#                <stratigraphicRange id="r116" spec="sr.evolution.sranges.StratigraphicRange">
#                    <firstOccurrence id="t126_first" spec="beast.base.evolution.alignment.Taxon"/>
#                    <lastOccurrence idref="t126_first"/>
#                </stratigraphicRange>
#                <stratigraphicRange id="r117" spec="sr.evolution.sranges.StratigraphicRange">
#                    <firstOccurrence id="t266_first" spec="beast.base.evolution.alignment.Taxon"/>
#                    <lastOccurrence idref="t266_first"/>
#                </stratigraphicRange>
#                <stratigraphicRange id="r118" spec="sr.evolution.sranges.StratigraphicRange">
#                    <firstOccurrence id="t130_first" spec="beast.base.evolution.alignment.Taxon"/>
#                    <lastOccurrence idref="t130_first"/>
#                </stratigraphicRange>
#                <stratigraphicRange id="r119" spec="sr.evolution.sranges.StratigraphicRange">
#                    <firstOccurrence id="t199_first" spec="beast.base.evolution.alignment.Taxon"/>
#                    <lastOccurrence idref="t199_first"/>
#                </stratigraphicRange>
#                <stratigraphicRange id="r120" spec="sr.evolution.sranges.StratigraphicRange">
#                    <firstOccurrence id="t154_first" spec="beast.base.evolution.alignment.Taxon"/>
#                    <lastOccurrence idref="t154_first"/>
#                </stratigraphicRange>
#                <stratigraphicRange id="r121" spec="sr.evolution.sranges.StratigraphicRange">
#                    <firstOccurrence id="t239_first" spec="beast.base.evolution.alignment.Taxon"/>
#                    <lastOccurrence idref="t239_first"/>
#                </stratigraphicRange>
#                <stratigraphicRange id="r122" spec="sr.evolution.sranges.StratigraphicRange">
#                    <firstOccurrence id="t225_first" spec="beast.base.evolution.alignment.Taxon"/>
#                    <lastOccurrence idref="t225_first"/>
#                </stratigraphicRange>
#                <stratigraphicRange id="r123" spec="sr.evolution.sranges.StratigraphicRange">
#                    <firstOccurrence id="t59_first" spec="beast.base.evolution.alignment.Taxon"/>
#                    <lastOccurrence idref="t59_first"/>
#                </stratigraphicRange>
#                <stratigraphicRange id="r124" spec="sr.evolution.sranges.StratigraphicRange">
#                    <firstOccurrence id="t104_first" spec="beast.base.evolution.alignment.Taxon"/>
#                    <lastOccurrence idref="t104_first"/>
#                </stratigraphicRange>
#                <stratigraphicRange id="r125" spec="sr.evolution.sranges.StratigraphicRange">
#                    <firstOccurrence id="t21_first" spec="beast.base.evolution.alignment.Taxon"/>
#                    <lastOccurrence idref="t21_first"/>
#                </stratigraphicRange>
#                <stratigraphicRange id="r126" spec="sr.evolution.sranges.StratigraphicRange">
#                    <firstOccurrence id="t255_first" spec="beast.base.evolution.alignment.Taxon"/>
#                    <lastOccurrence idref="t255_first"/>
#                </stratigraphicRange>
#                <stratigraphicRange id="r127" spec="sr.evolution.sranges.StratigraphicRange">
#                    <firstOccurrence id="t98_first" spec="beast.base.evolution.alignment.Taxon"/>
#                    <lastOccurrence idref="t98_first"/>
#                </stratigraphicRange>
#                <stratigraphicRange id="r128" spec="sr.evolution.sranges.StratigraphicRange">
#                    <firstOccurrence id="t207_first" spec="beast.base.evolution.alignment.Taxon"/>
#                    <lastOccurrence idref="t207_first"/>
#                </stratigraphicRange>
#                <stratigraphicRange id="r129" spec="sr.evolution.sranges.StratigraphicRange">
#                    <firstOccurrence id="t209_first" spec="beast.base.evolution.alignment.Taxon"/>
#                    <lastOccurrence idref="t209_first"/>
#                </stratigraphicRange>
#                <stratigraphicRange id="r130" spec="sr.evolution.sranges.StratigraphicRange">
#                    <firstOccurrence id="t141_first" spec="beast.base.evolution.alignment.Taxon"/>
#                    <lastOccurrence idref="t141_first"/>
#                </stratigraphicRange>
#                <stratigraphicRange id="r131" spec="sr.evolution.sranges.StratigraphicRange">
#                    <firstOccurrence id="t228_first" spec="beast.base.evolution.alignment.Taxon"/>
#                    <lastOccurrence idref="t228_first"/>
#                </stratigraphicRange>
#                <stratigraphicRange id="r132" spec="sr.evolution.sranges.StratigraphicRange">
#                    <firstOccurrence id="t23_first" spec="beast.base.evolution.alignment.Taxon"/>
#                    <lastOccurrence idref="t23_first"/>
#                </stratigraphicRange>
#                <stratigraphicRange id="r133" spec="sr.evolution.sranges.StratigraphicRange">
#                    <firstOccurrence id="t194_first" spec="beast.base.evolution.alignment.Taxon"/>
#                    <lastOccurrence idref="t194_first"/>
#                </stratigraphicRange>
#                <stratigraphicRange id="r134" spec="sr.evolution.sranges.StratigraphicRange">
#                    <firstOccurrence id="t182_first" spec="beast.base.evolution.alignment.Taxon"/>
#                    <lastOccurrence idref="t182_first"/>
#                </stratigraphicRange>
#                <stratigraphicRange id="r135" spec="sr.evolution.sranges.StratigraphicRange">
#                    <firstOccurrence id="t139_first" spec="beast.base.evolution.alignment.Taxon"/>
#                    <lastOccurrence idref="t139_first"/>
#                </stratigraphicRange>
#                <stratigraphicRange id="r136" spec="sr.evolution.sranges.StratigraphicRange">
#                    <firstOccurrence id="t169_first" spec="beast.base.evolution.alignment.Taxon"/>
#                    <lastOccurrence idref="t169_first"/>
#                </stratigraphicRange>
#                <stratigraphicRange id="r137" spec="sr.evolution.sranges.StratigraphicRange">
#                    <firstOccurrence id="t148_first" spec="beast.base.evolution.alignment.Taxon"/>
#                    <lastOccurrence idref="t148_first"/>
#                </stratigraphicRange>
#                <stratigraphicRange id="r138" spec="sr.evolution.sranges.StratigraphicRange">
#                    <firstOccurrence id="t224_first" spec="beast.base.evolution.alignment.Taxon"/>
#                    <lastOccurrence idref="t224_first"/>
#                </stratigraphicRange>
#                <stratigraphicRange id="r139" spec="sr.evolution.sranges.StratigraphicRange">
#                    <firstOccurrence id="t201_first" spec="beast.base.evolution.alignment.Taxon"/>
#                    <lastOccurrence idref="t201_first"/>
#                </stratigraphicRange>
#                <stratigraphicRange id="r140" spec="sr.evolution.sranges.StratigraphicRange">
#                    <firstOccurrence id="t46_first" spec="beast.base.evolution.alignment.Taxon"/>
#                    <lastOccurrence idref="t46_first"/>
#                </stratigraphicRange>
#                <stratigraphicRange id="r141" spec="sr.evolution.sranges.StratigraphicRange">
#                    <firstOccurrence id="t231_first" spec="beast.base.evolution.alignment.Taxon"/>
#                    <lastOccurrence idref="t231_first"/>
#                </stratigraphicRange>
#                <stratigraphicRange id="r142" spec="sr.evolution.sranges.StratigraphicRange">
#                    <firstOccurrence id="t125_first" spec="beast.base.evolution.alignment.Taxon"/>
#                    <lastOccurrence idref="t125_first"/>
#                </stratigraphicRange>
#                <stratigraphicRange id="r143" spec="sr.evolution.sranges.StratigraphicRange">
#                    <firstOccurrence id="t208_first" spec="beast.base.evolution.alignment.Taxon"/>
#                    <lastOccurrence idref="t208_first"/>
#                </stratigraphicRange>
#                <stratigraphicRange id="r144" spec="sr.evolution.sranges.StratigraphicRange">
#                    <firstOccurrence id="t191_first" spec="beast.base.evolution.alignment.Taxon"/>
#                    <lastOccurrence idref="t191_first"/>
#                </stratigraphicRange>
#                <stratigraphicRange id="r145" spec="sr.evolution.sranges.StratigraphicRange">
#                    <firstOccurrence id="t56_first" spec="beast.base.evolution.alignment.Taxon"/>
#                    <lastOccurrence idref="t56_first"/>
#                </stratigraphicRange>
#                <stratigraphicRange id="r146" spec="sr.evolution.sranges.StratigraphicRange">
#                    <firstOccurrence id="t187_first" spec="beast.base.evolution.alignment.Taxon"/>
#                    <lastOccurrence idref="t187_first"/>
#                </stratigraphicRange>
#                <stratigraphicRange id="r147" spec="sr.evolution.sranges.StratigraphicRange">
#                    <firstOccurrence id="t254_first" spec="beast.base.evolution.alignment.Taxon"/>
#                    <lastOccurrence idref="t254_first"/>
#                </stratigraphicRange>
#                <stratigraphicRange id="r148" spec="sr.evolution.sranges.StratigraphicRange">
#                    <firstOccurrence id="t84_first" spec="beast.base.evolution.alignment.Taxon"/>
#                    <lastOccurrence idref="t84_first"/>
#                </stratigraphicRange>
#                <stratigraphicRange id="r149" spec="sr.evolution.sranges.StratigraphicRange">
#                    <firstOccurrence id="t106_first" spec="beast.base.evolution.alignment.Taxon"/>
#                    <lastOccurrence idref="t106_first"/>
#                </stratigraphicRange>
#                <stratigraphicRange id="r150" spec="sr.evolution.sranges.StratigraphicRange">
#                    <firstOccurrence id="t86_first" spec="beast.base.evolution.alignment.Taxon"/>
#                    <lastOccurrence idref="t86_first"/>
#                </stratigraphicRange>
#                <stratigraphicRange id="r151" spec="sr.evolution.sranges.StratigraphicRange">
#                    <firstOccurrence id="t241_first" spec="beast.base.evolution.alignment.Taxon"/>
#                    <lastOccurrence idref="t241_first"/>
#                </stratigraphicRange>
#                <stratigraphicRange id="r152" spec="sr.evolution.sranges.StratigraphicRange">
#                    <firstOccurrence id="t203_first" spec="beast.base.evolution.alignment.Taxon"/>
#                    <lastOccurrence idref="t203_first"/>
#                </stratigraphicRange>
#                <stratigraphicRange id="r153" spec="sr.evolution.sranges.StratigraphicRange">
#                    <firstOccurrence id="t19_first" spec="beast.base.evolution.alignment.Taxon"/>
#                    <lastOccurrence idref="t19_first"/>
#                </stratigraphicRange>
#                <stratigraphicRange id="r154" spec="sr.evolution.sranges.StratigraphicRange">
#                    <firstOccurrence id="t263_first" spec="beast.base.evolution.alignment.Taxon"/>
#                    <lastOccurrence idref="t263_first"/>
#                </stratigraphicRange>
#                <stratigraphicRange id="r155" spec="sr.evolution.sranges.StratigraphicRange">
#                    <firstOccurrence id="t217_first" spec="beast.base.evolution.alignment.Taxon"/>
#                    <lastOccurrence idref="t217_first"/>
#                </stratigraphicRange>
#                <stratigraphicRange id="r156" spec="sr.evolution.sranges.StratigraphicRange">
#                    <firstOccurrence id="t185_first" spec="beast.base.evolution.alignment.Taxon"/>
#                    <lastOccurrence idref="t185_first"/>
#                </stratigraphicRange>
#                <stratigraphicRange id="r157" spec="sr.evolution.sranges.StratigraphicRange">
#                    <firstOccurrence id="t259_first" spec="beast.base.evolution.alignment.Taxon"/>
#                    <lastOccurrence idref="t259_first"/>
#                </stratigraphicRange>
#                <stratigraphicRange id="r158" spec="sr.evolution.sranges.StratigraphicRange">
#                    <firstOccurrence id="t47_first" spec="beast.base.evolution.alignment.Taxon"/>
#                    <lastOccurrence idref="t47_first"/>
#                </stratigraphicRange>
#                <stratigraphicRange id="r159" spec="sr.evolution.sranges.StratigraphicRange">
#                    <firstOccurrence id="t57_first" spec="beast.base.evolution.alignment.Taxon"/>
#                    <lastOccurrence idref="t57_first"/>
#                </stratigraphicRange>
#                <stratigraphicRange id="r160" spec="sr.evolution.sranges.StratigraphicRange">
#                    <firstOccurrence id="t7_first" spec="beast.base.evolution.alignment.Taxon"/>
#                    <lastOccurrence idref="t7_first"/>
#                </stratigraphicRange>
#                <stratigraphicRange id="r161" spec="sr.evolution.sranges.StratigraphicRange">
#                    <firstOccurrence id="t112_first" spec="beast.base.evolution.alignment.Taxon"/>
#                    <lastOccurrence idref="t112_first"/>
#                </stratigraphicRange>
#                <stratigraphicRange id="r162" spec="sr.evolution.sranges.StratigraphicRange">
#                    <firstOccurrence id="t49_first" spec="beast.base.evolution.alignment.Taxon"/>
#                    <lastOccurrence idref="t49_first"/>
#                </stratigraphicRange>
#                <stratigraphicRange id="r163" spec="sr.evolution.sranges.StratigraphicRange">
#                    <firstOccurrence id="t51_first" spec="beast.base.evolution.alignment.Taxon"/>
#                    <lastOccurrence idref="t51_first"/>
#                </stratigraphicRange>
#                <stratigraphicRange id="r164" spec="sr.evolution.sranges.StratigraphicRange">
#                    <firstOccurrence id="t177_first" spec="beast.base.evolution.alignment.Taxon"/>
#                    <lastOccurrence idref="t177_first"/>
#                </stratigraphicRange>
#                <stratigraphicRange id="r165" spec="sr.evolution.sranges.StratigraphicRange">
#                    <firstOccurrence id="t211_first" spec="beast.base.evolution.alignment.Taxon"/>
#                    <lastOccurrence idref="t211_first"/>
#                </stratigraphicRange>
#                <stratigraphicRange id="r166" spec="sr.evolution.sranges.StratigraphicRange">
#                    <firstOccurrence id="t179_first" spec="beast.base.evolution.alignment.Taxon"/>
#                    <lastOccurrence idref="t179_first"/>
#                </stratigraphicRange>
#                <stratigraphicRange id="r167" spec="sr.evolution.sranges.StratigraphicRange">
#                    <firstOccurrence id="t79_first" spec="beast.base.evolution.alignment.Taxon"/>
#                    <lastOccurrence idref="t79_first"/>
#                </stratigraphicRange>
#                <stratigraphicRange id="r168" spec="sr.evolution.sranges.StratigraphicRange">
#                    <firstOccurrence id="t62_first" spec="beast.base.evolution.alignment.Taxon"/>
#                    <lastOccurrence idref="t62_first"/>
#                </stratigraphicRange>
#                <stratigraphicRange id="r169" spec="sr.evolution.sranges.StratigraphicRange">
#                    <firstOccurrence id="t183_first" spec="beast.base.evolution.alignment.Taxon"/>
#                    <lastOccurrence idref="t183_first"/>
#                </stratigraphicRange>
#                <stratigraphicRange id="r170" spec="sr.evolution.sranges.StratigraphicRange">
#                    <firstOccurrence id="t238_first" spec="beast.base.evolution.alignment.Taxon"/>
#                    <lastOccurrence idref="t238_first"/>
#                </stratigraphicRange>
#                <stratigraphicRange id="r171" spec="sr.evolution.sranges.StratigraphicRange">
#                    <firstOccurrence id="t48_first" spec="beast.base.evolution.alignment.Taxon"/>
#                    <lastOccurrence idref="t48_first"/>
#                </stratigraphicRange>
#                <stratigraphicRange id="r172" spec="sr.evolution.sranges.StratigraphicRange">
#                    <firstOccurrence id="t63_first" spec="beast.base.evolution.alignment.Taxon"/>
#                    <lastOccurrence idref="t63_first"/>
#                </stratigraphicRange>
#                <stratigraphicRange id="r173" spec="sr.evolution.sranges.StratigraphicRange">
#                    <firstOccurrence id="t10_first" spec="beast.base.evolution.alignment.Taxon"/>
#                    <lastOccurrence idref="t10_first"/>
#                </stratigraphicRange>
#                <stratigraphicRange id="r174" spec="sr.evolution.sranges.StratigraphicRange">
#                    <firstOccurrence id="t60_first" spec="beast.base.evolution.alignment.Taxon"/>
#                    <lastOccurrence idref="t60_first"/>
#                </stratigraphicRange>
#                <stratigraphicRange id="r175" spec="sr.evolution.sranges.StratigraphicRange">
#                    <firstOccurrence id="t213_first" spec="beast.base.evolution.alignment.Taxon"/>
#                    <lastOccurrence idref="t213_first"/>
#                </stratigraphicRange>
#                <stratigraphicRange id="r176" spec="sr.evolution.sranges.StratigraphicRange">
#                    <firstOccurrence id="t78_first" spec="beast.base.evolution.alignment.Taxon"/>
#                    <lastOccurrence idref="t78_first"/>
#                </stratigraphicRange>
#                <stratigraphicRange id="r177" spec="sr.evolution.sranges.StratigraphicRange">
#                    <firstOccurrence id="t218_first" spec="beast.base.evolution.alignment.Taxon"/>
#                    <lastOccurrence idref="t218_first"/>
#                </stratigraphicRange>
#                <stratigraphicRange id="r178" spec="sr.evolution.sranges.StratigraphicRange">
#                    <firstOccurrence id="t210_first" spec="beast.base.evolution.alignment.Taxon"/>
#                    <lastOccurrence idref="t210_first"/>
#                </stratigraphicRange>
#                <stratigraphicRange id="r179" spec="sr.evolution.sranges.StratigraphicRange">
#                    <firstOccurrence id="t197_first" spec="beast.base.evolution.alignment.Taxon"/>
#                    <lastOccurrence idref="t197_first"/>
#                </stratigraphicRange>
#                <stratigraphicRange id="r180" spec="sr.evolution.sranges.StratigraphicRange">
#                    <firstOccurrence id="t17_first" spec="beast.base.evolution.alignment.Taxon"/>
#                    <lastOccurrence idref="t17_first"/>
#                </stratigraphicRange>
#                <stratigraphicRange id="r181" spec="sr.evolution.sranges.StratigraphicRange">
#                    <firstOccurrence id="t171_first" spec="beast.base.evolution.alignment.Taxon"/>
#                    <lastOccurrence idref="t171_first"/>
#                </stratigraphicRange>
#                <stratigraphicRange id="r182" spec="sr.evolution.sranges.StratigraphicRange">
#                    <firstOccurrence id="t120_first" spec="beast.base.evolution.alignment.Taxon"/>
#                    <lastOccurrence idref="t120_first"/>
#                </stratigraphicRange>
#                <stratigraphicRange id="r183" spec="sr.evolution.sranges.StratigraphicRange">
#                    <firstOccurrence id="t103_first" spec="beast.base.evolution.alignment.Taxon"/>
#                    <lastOccurrence idref="t103_first"/>
#                </stratigraphicRange>
#                <stratigraphicRange id="r184" spec="sr.evolution.sranges.StratigraphicRange">
#                    <firstOccurrence id="t64_first" spec="beast.base.evolution.alignment.Taxon"/>
#                    <lastOccurrence idref="t64_first"/>
#                </stratigraphicRange>
#                <stratigraphicRange id="r185" spec="sr.evolution.sranges.StratigraphicRange">
#                    <firstOccurrence id="t122_first" spec="beast.base.evolution.alignment.Taxon"/>
#                    <lastOccurrence idref="t122_first"/>
#                </stratigraphicRange>
#                <stratigraphicRange id="r186" spec="sr.evolution.sranges.StratigraphicRange">
#                    <firstOccurrence id="t82_first" spec="beast.base.evolution.alignment.Taxon"/>
#                    <lastOccurrence idref="t82_first"/>
#                </stratigraphicRange>
#                <stratigraphicRange id="r187" spec="sr.evolution.sranges.StratigraphicRange">
#                    <firstOccurrence id="t172_first" spec="beast.base.evolution.alignment.Taxon"/>
#                    <lastOccurrence idref="t172_first"/>
#                </stratigraphicRange>
#                <stratigraphicRange id="r188" spec="sr.evolution.sranges.StratigraphicRange">
#                    <firstOccurrence id="t44_first" spec="beast.base.evolution.alignment.Taxon"/>
#                    <lastOccurrence idref="t44_first"/>
#                </stratigraphicRange>
#                <stratigraphicRange id="r189" spec="sr.evolution.sranges.StratigraphicRange">
#                    <firstOccurrence id="t91_first" spec="beast.base.evolution.alignment.Taxon"/>
#                    <lastOccurrence idref="t91_first"/>
#                </stratigraphicRange>
#                <stratigraphicRange id="r190" spec="sr.evolution.sranges.StratigraphicRange">
#                    <firstOccurrence id="t158_first" spec="beast.base.evolution.alignment.Taxon"/>
#                    <lastOccurrence idref="t158_first"/>
#                </stratigraphicRange>
#                <stratigraphicRange id="r191" spec="sr.evolution.sranges.StratigraphicRange">
#                    <firstOccurrence id="t72_first" spec="beast.base.evolution.alignment.Taxon"/>
#                    <lastOccurrence idref="t72_first"/>
#                </stratigraphicRange>
#                <stratigraphicRange id="r192" spec="sr.evolution.sranges.StratigraphicRange">
#                    <firstOccurrence id="t222_first" spec="beast.base.evolution.alignment.Taxon"/>
#                    <lastOccurrence idref="t222_first"/>
#                </stratigraphicRange>
#                <stratigraphicRange id="r193" spec="sr.evolution.sranges.StratigraphicRange">
#                    <firstOccurrence id="t18_first" spec="beast.base.evolution.alignment.Taxon"/>
#                    <lastOccurrence idref="t18_first"/>
#                </stratigraphicRange>
#                <stratigraphicRange id="r194" spec="sr.evolution.sranges.StratigraphicRange">
#                    <firstOccurrence id="t165_first" spec="beast.base.evolution.alignment.Taxon"/>
#                    <lastOccurrence idref="t165_first"/>
#                </stratigraphicRange>
#                <stratigraphicRange id="r195" spec="sr.evolution.sranges.StratigraphicRange">
#                    <firstOccurrence id="t5_first" spec="beast.base.evolution.alignment.Taxon"/>
#                    <lastOccurrence idref="t5_first"/>
#                </stratigraphicRange>
#                <stratigraphicRange id="r196" spec="sr.evolution.sranges.StratigraphicRange">
#                    <firstOccurrence id="t257_first" spec="beast.base.evolution.alignment.Taxon"/>
#                    <lastOccurrence idref="t257_first"/>
#                </stratigraphicRange>
#                <stratigraphicRange id="r197" spec="sr.evolution.sranges.StratigraphicRange">
#                    <firstOccurrence id="t230_first" spec="beast.base.evolution.alignment.Taxon"/>
#                    <lastOccurrence idref="t230_first"/>
#                </stratigraphicRange>
#                <stratigraphicRange id="r198" spec="sr.evolution.sranges.StratigraphicRange">
#                    <firstOccurrence id="t264_first" spec="beast.base.evolution.alignment.Taxon"/>
#                    <lastOccurrence idref="t264_first"/>
#                </stratigraphicRange>
#                <stratigraphicRange id="r199" spec="sr.evolution.sranges.StratigraphicRange">
#                    <firstOccurrence id="t36_first" spec="beast.base.evolution.alignment.Taxon"/>
#                    <lastOccurrence idref="t36_first"/>
#                </stratigraphicRange>
#                <stratigraphicRange id="r200" spec="sr.evolution.sranges.StratigraphicRange">
#                    <firstOccurrence id="t146_first" spec="beast.base.evolution.alignment.Taxon"/>
#                    <lastOccurrence idref="t146_first"/>
#                </stratigraphicRange>
#                <stratigraphicRange id="r201" spec="sr.evolution.sranges.StratigraphicRange">
#                    <firstOccurrence id="t109_first" spec="beast.base.evolution.alignment.Taxon"/>
#                    <lastOccurrence idref="t109_first"/>
#                </stratigraphicRange>
#                <stratigraphicRange id="r202" spec="sr.evolution.sranges.StratigraphicRange">
#                    <firstOccurrence id="t119_first" spec="beast.base.evolution.alignment.Taxon"/>
#                    <lastOccurrence idref="t119_first"/>
#                </stratigraphicRange>
#                <stratigraphicRange id="r203" spec="sr.evolution.sranges.StratigraphicRange">
#                    <firstOccurrence id="t40_first" spec="beast.base.evolution.alignment.Taxon"/>
#                    <lastOccurrence idref="t40_first"/>
#                </stratigraphicRange>
#                <stratigraphicRange id="r204" spec="sr.evolution.sranges.StratigraphicRange">
#                    <firstOccurrence id="t258_first" spec="beast.base.evolution.alignment.Taxon"/>
#                    <lastOccurrence idref="t258_first"/>
#                </stratigraphicRange>
#                <stratigraphicRange id="r205" spec="sr.evolution.sranges.StratigraphicRange">
#                    <firstOccurrence id="t249_first" spec="beast.base.evolution.alignment.Taxon"/>
#                    <lastOccurrence idref="t249_first"/>
#                </stratigraphicRange>
#                <stratigraphicRange id="r206" spec="sr.evolution.sranges.StratigraphicRange">
#                    <firstOccurrence id="t223_first" spec="beast.base.evolution.alignment.Taxon"/>
#                    <lastOccurrence idref="t223_first"/>
#                </stratigraphicRange>
#                <stratigraphicRange id="r207" spec="sr.evolution.sranges.StratigraphicRange">
#                    <firstOccurrence id="t234_first" spec="beast.base.evolution.alignment.Taxon"/>
#                    <lastOccurrence idref="t234_first"/>
#                </stratigraphicRange>
#                <stratigraphicRange id="r208" spec="sr.evolution.sranges.StratigraphicRange">
#                    <firstOccurrence id="t135_first" spec="beast.base.evolution.alignment.Taxon"/>
#                    <lastOccurrence idref="t135_first"/>
#                </stratigraphicRange>
#                <stratigraphicRange id="r209" spec="sr.evolution.sranges.StratigraphicRange">
#                    <firstOccurrence id="t242_first" spec="beast.base.evolution.alignment.Taxon"/>
#                    <lastOccurrence idref="t242_first"/>
#                </stratigraphicRange>
#                <trait id="dateTrait.t:tree" spec="beast.base.evolution.tree.TraitSet" traitname="date-backward">
#                    t24_first=3.53935061875695, t26_first=2.59570719226653, t121_first=1.97002285395579, t147_first=1.32772103014641, t73_first=0.650915982587891, t198_first=0.813943208954916, t161_first=2.20769097768669, t67_first=2.30162042914949, t53_first=2.21297583450428, t247_first=1.79870472713097, t16_first=2.77007378102153, t229_first=0.900875651235014, t133_first=1.8880892885316, t75_first=1.6816626676062, t65_first=0.864516480774855, t202_first=0.826353270988621, t80_first=0.991192283310091, t138_first=0, t11_first=0, t35_first=0, t237_first=0, t4_first=0, t181_first=0, t54_first=0, t124_first=0, t235_first=0, t14_first=0.662207376414384, t96_first=0.034704850511161, t97_first=0, t92_first=1.098600828863, t186_first=1.11250537508158, t137_first=1.36515766087292, t256_first=1.76398555898058, t33_first=1.55949360297192, t232_first=0.42876427233737, t162_first=0, t61_first=0.314952427869637, t164_first=0.062786571545026, t52_first=0.548022848839028, t149_first=0, t32_first=0, t176_first=0, t102_first=0, t173_first=0, t38_first=0.776572788252783, t105_first=0, t123_first=0.01080417153361, t50_first=0, t227_first=0, t85_first=0, t190_first=0, t167_first=0.407849506682845, t115_first=0, t29_first=0, t30_first=0.295272561683455, t37_first=0.671774388736377, t39_first=1.30459623164986, t107_first=1.4297835736532, t200_first=1.69577498468503, t20_first=0.738701103653192, t219_first=0, t58_first=0.299732580369468, t134_first=0.608363507581045, t69_first=0.33671915335255, t129_first=0, t195_first=0.352963329025846, t260_first=0, t192_first=0, t8_first=0, t156_first=0.229700016588412, t205_first=0.336332285567962, t221_first=0, t204_first=0, t87_first=0.547400649554292, t140_first=0, t81_first=0.281441690327781, t89_first=0.128469700954499, t114_first=0.253150595086529, t184_first=1.14621668592603, t246_first=1.57411370880088, t93_first=0.394516605883506, t68_first=0, t142_first=1.55154868026276, t163_first=0.582022098903396, t94_first=1.15135010705639, t152_first=0.265091751996944, t22_first=0, t108_first=0, t189_first=0, t153_first=0.296157336170484, t34_first=0.431151210148839, t166_first=0, t132_first=0, t214_first=0, t244_first=0, t2_first=0.407827718072766, t175_first=0.542092412426427, t90_first=0.081437248100513, t118_first=0.490658555634531, t233_first=1.05781854865847, t25_first=0.885828124746255, t155_first=2.18335666712165, t128_first=2.77749977600094, t116_first=1.94975149220609, t168_first=0.923487180287738, t220_first=1.39765835100688, t170_first=1.2146823174398, t76_first=1.30591506588024, t111_first=1.04005963642763, t88_first=0.882957958564651, t55_first=0.546427718861358, t174_first=0.713885817300282, t110_first=0, t245_first=0.764164295867891, t136_first=0.923930101517478, t15_first=0.765027200204983, t126_first=0.646338940731569, t266_first=0.785625274646681, t130_first=0.502868645229696, t199_first=0.97946381293867, t154_first=0, t239_first=0.274889830062201, t225_first=0, t59_first=0, t104_first=0, t21_first=0, t255_first=0.208375778303624, t98_first=0.557853976986025, t207_first=0.421352366230282, t209_first=0, t141_first=0.78356375624019, t228_first=0.370790821178864, t23_first=0.435323642900977, t194_first=0.554780910628804, t182_first=1.43426336594507, t139_first=1.79955378998781, t169_first=0.171454941886965, t148_first=0.03896451900076, t224_first=0.127282455104307, t201_first=0, t46_first=0.523779039578869, t231_first=1.05616357600569, t125_first=1.29200465844355, t208_first=1.13206790964786, t191_first=0.184909153097157, t56_first=0.122946619427305, t187_first=0, t254_first=0, t84_first=0.190276875922607, t106_first=0.408897898309316, t86_first=0.488989872601694, t241_first=0, t203_first=0.010098163452243, t19_first=0, t263_first=1.53022331059845, t217_first=1.22354343994325, t185_first=0, t259_first=0, t47_first=0.070371048317387, t57_first=0, t7_first=0, t112_first=0, t49_first=0.440617477439914, t51_first=0, t177_first=0, t211_first=0, t179_first=0, t79_first=0, t62_first=0.370886403389055, t183_first=0.666793913654021, t238_first=0.182823064897631, t48_first=0.256014083469834, t63_first=2.02114183352556, t10_first=2.49717192842478, t60_first=2.59015547354065, t213_first=2.4356254437451, t78_first=3.09175130043729, t218_first=0.622730057052007, t210_first=1.5477125826609, t197_first=1.64894076027501, t17_first=1.8277930021697, t171_first=2.00982566949294, t120_first=1.41322105791833, t103_first=0.16035899918755, t64_first=0, t122_first=0, t82_first=1.28102107767893, t172_first=1.56837886539621, t44_first=1.77390149202789, t91_first=1.46834934083296, t158_first=0.879935919944763, t72_first=3.35850369754067, t222_first=3.26098835558871, t18_first=0, t165_first=0, t5_first=0, t257_first=0, t230_first=0.312121448126223, t264_first=0.432036156509826, t36_first=0.634043098952545, t146_first=1.34118774941532, t109_first=0, t119_first=0.076640710600072, t40_first=0.467028391204858, t258_first=1.49395137061953, t249_first=2.95467116498233, t223_first=3.16239296745943, t234_first=3.22106681104467, t135_first=3.75928148942525, t242_first=3.53325147887154
#                                    <taxa id="taxonSet" spec="beast.base.evolution.alignment.TaxonSet">
#                        <taxon idref="t24_first"/>
#                        <taxon idref="t26_first"/>
#                        <taxon idref="t121_first"/>
#                        <taxon idref="t147_first"/>
#                        <taxon idref="t73_first"/>
#                        <taxon idref="t198_first"/>
#                        <taxon idref="t161_first"/>
#                        <taxon idref="t67_first"/>
#                        <taxon idref="t53_first"/>
#                        <taxon idref="t247_first"/>
#                        <taxon idref="t16_first"/>
#                        <taxon idref="t229_first"/>
#                        <taxon idref="t133_first"/>
#                        <taxon idref="t75_first"/>
#                        <taxon idref="t65_first"/>
#                        <taxon idref="t202_first"/>
#                        <taxon idref="t80_first"/>
#                        <taxon idref="t138_first"/>
#                        <taxon idref="t11_first"/>
#                        <taxon idref="t35_first"/>
#                        <taxon idref="t237_first"/>
#                        <taxon idref="t4_first"/>
#                        <taxon idref="t181_first"/>
#                        <taxon idref="t54_first"/>
#                        <taxon idref="t124_first"/>
#                        <taxon idref="t235_first"/>
#                        <taxon idref="t14_first"/>
#                        <taxon idref="t96_first"/>
#                        <taxon idref="t97_first"/>
#                        <taxon idref="t92_first"/>
#                        <taxon idref="t186_first"/>
#                        <taxon idref="t137_first"/>
#                        <taxon idref="t256_first"/>
#                        <taxon idref="t33_first"/>
#                        <taxon idref="t232_first"/>
#                        <taxon idref="t162_first"/>
#                        <taxon idref="t61_first"/>
#                        <taxon idref="t164_first"/>
#                        <taxon idref="t52_first"/>
#                        <taxon idref="t149_first"/>
#                        <taxon idref="t32_first"/>
#                        <taxon idref="t176_first"/>
#                        <taxon idref="t102_first"/>
#                        <taxon idref="t173_first"/>
#                        <taxon idref="t38_first"/>
#                        <taxon idref="t105_first"/>
#                        <taxon idref="t123_first"/>
#                        <taxon idref="t50_first"/>
#                        <taxon idref="t227_first"/>
#                        <taxon idref="t85_first"/>
#                        <taxon idref="t190_first"/>
#                        <taxon idref="t167_first"/>
#                        <taxon idref="t115_first"/>
#                        <taxon idref="t29_first"/>
#                        <taxon idref="t30_first"/>
#                        <taxon idref="t37_first"/>
#                        <taxon idref="t39_first"/>
#                        <taxon idref="t107_first"/>
#                        <taxon idref="t200_first"/>
#                        <taxon idref="t20_first"/>
#                        <taxon idref="t219_first"/>
#                        <taxon idref="t58_first"/>
#                        <taxon idref="t134_first"/>
#                        <taxon idref="t69_first"/>
#                        <taxon idref="t129_first"/>
#                        <taxon idref="t195_first"/>
#                        <taxon idref="t260_first"/>
#                        <taxon idref="t192_first"/>
#                        <taxon idref="t8_first"/>
#                        <taxon idref="t156_first"/>
#                        <taxon idref="t205_first"/>
#                        <taxon idref="t221_first"/>
#                        <taxon idref="t204_first"/>
#                        <taxon idref="t87_first"/>
#                        <taxon idref="t140_first"/>
#                        <taxon idref="t81_first"/>
#                        <taxon idref="t89_first"/>
#                        <taxon idref="t114_first"/>
#                        <taxon idref="t184_first"/>
#                        <taxon idref="t246_first"/>
#                        <taxon idref="t93_first"/>
#                        <taxon idref="t68_first"/>
#                        <taxon idref="t142_first"/>
#                        <taxon idref="t163_first"/>
#                        <taxon idref="t94_first"/>
#                        <taxon idref="t152_first"/>
#                        <taxon idref="t22_first"/>
#                        <taxon idref="t108_first"/>
#                        <taxon idref="t189_first"/>
#                        <taxon idref="t153_first"/>
#                        <taxon idref="t34_first"/>
#                        <taxon idref="t166_first"/>
#                        <taxon idref="t132_first"/>
#                        <taxon idref="t214_first"/>
#                        <taxon idref="t244_first"/>
#                        <taxon idref="t2_first"/>
#                        <taxon idref="t175_first"/>
#                        <taxon idref="t90_first"/>
#                        <taxon idref="t118_first"/>
#                        <taxon idref="t233_first"/>
#                        <taxon idref="t25_first"/>
#                        <taxon idref="t155_first"/>
#                        <taxon idref="t128_first"/>
#                        <taxon idref="t116_first"/>
#                        <taxon idref="t168_first"/>
#                        <taxon idref="t220_first"/>
#                        <taxon idref="t170_first"/>
#                        <taxon idref="t76_first"/>
#                        <taxon idref="t111_first"/>
#                        <taxon idref="t88_first"/>
#                        <taxon idref="t55_first"/>
#                        <taxon idref="t174_first"/>
#                        <taxon idref="t110_first"/>
#                        <taxon idref="t245_first"/>
#                        <taxon idref="t136_first"/>
#                        <taxon idref="t15_first"/>
#                        <taxon idref="t126_first"/>
#                        <taxon idref="t266_first"/>
#                        <taxon idref="t130_first"/>
#                        <taxon idref="t199_first"/>
#                        <taxon idref="t154_first"/>
#                        <taxon idref="t239_first"/>
#                        <taxon idref="t225_first"/>
#                        <taxon idref="t59_first"/>
#                        <taxon idref="t104_first"/>
#                        <taxon idref="t21_first"/>
#                        <taxon idref="t255_first"/>
#                        <taxon idref="t98_first"/>
#                        <taxon idref="t207_first"/>
#                        <taxon idref="t209_first"/>
#                        <taxon idref="t141_first"/>
#                        <taxon idref="t228_first"/>
#                        <taxon idref="t23_first"/>
#                        <taxon idref="t194_first"/>
#                        <taxon idref="t182_first"/>
#                        <taxon idref="t139_first"/>
#                        <taxon idref="t169_first"/>
#                        <taxon idref="t148_first"/>
#                        <taxon idref="t224_first"/>
#                        <taxon idref="t201_first"/>
#                        <taxon idref="t46_first"/>
#                        <taxon idref="t231_first"/>
#                        <taxon idref="t125_first"/>
#                        <taxon idref="t208_first"/>
#                        <taxon idref="t191_first"/>
#                        <taxon idref="t56_first"/>
#                        <taxon idref="t187_first"/>
#                        <taxon idref="t254_first"/>
#                        <taxon idref="t84_first"/>
#                        <taxon idref="t106_first"/>
#                        <taxon idref="t86_first"/>
#                        <taxon idref="t241_first"/>
#                        <taxon idref="t203_first"/>
#                        <taxon idref="t19_first"/>
#                        <taxon idref="t263_first"/>
#                        <taxon idref="t217_first"/>
#                        <taxon idref="t185_first"/>
#                        <taxon idref="t259_first"/>
#                        <taxon idref="t47_first"/>
#                        <taxon idref="t57_first"/>
#                        <taxon idref="t7_first"/>
#                        <taxon idref="t112_first"/>
#                        <taxon idref="t49_first"/>
#                        <taxon idref="t51_first"/>
#                        <taxon idref="t177_first"/>
#                        <taxon idref="t211_first"/>
#                        <taxon idref="t179_first"/>
#                        <taxon idref="t79_first"/>
#                        <taxon idref="t62_first"/>
#                        <taxon idref="t183_first"/>
#                        <taxon idref="t238_first"/>
#                        <taxon idref="t48_first"/>
#                        <taxon idref="t63_first"/>
#                        <taxon idref="t10_first"/>
#                        <taxon idref="t60_first"/>
#                        <taxon idref="t213_first"/>
#                        <taxon idref="t78_first"/>
#                        <taxon idref="t218_first"/>
#                        <taxon idref="t210_first"/>
#                        <taxon idref="t197_first"/>
#                        <taxon idref="t17_first"/>
#                        <taxon idref="t171_first"/>
#                        <taxon idref="t120_first"/>
#                        <taxon idref="t103_first"/>
#                        <taxon idref="t64_first"/>
#                        <taxon idref="t122_first"/>
#                        <taxon idref="t82_first"/>
#                        <taxon idref="t172_first"/>
#                        <taxon idref="t44_first"/>
#                        <taxon idref="t91_first"/>
#                        <taxon idref="t158_first"/>
#                        <taxon idref="t72_first"/>
#                        <taxon idref="t222_first"/>
#                        <taxon idref="t18_first"/>
#                        <taxon idref="t165_first"/>
#                        <taxon idref="t5_first"/>
#                        <taxon idref="t257_first"/>
#                        <taxon idref="t230_first"/>
#                        <taxon idref="t264_first"/>
#                        <taxon idref="t36_first"/>
#                        <taxon idref="t146_first"/>
#                        <taxon idref="t109_first"/>
#                        <taxon idref="t119_first"/>
#                        <taxon idref="t40_first"/>
#                        <taxon idref="t258_first"/>
#                        <taxon idref="t249_first"/>
#                        <taxon idref="t223_first"/>
#                        <taxon idref="t234_first"/>
#                        <taxon idref="t135_first"/>
#                        <taxon idref="t242_first"/>
#                    </taxa>
#                </trait>
#                <taxonset idref="taxonSet"/>
#            </tree>
#        </distribution>
#        <prior id="originPrior" name="distribution" x="@origin">
#            <Uniform id="Uniform.origin" lower="1.0" name="distr" upper="1000.0"/>
#        </prior>
#        <prior id="netDiversificationPrior" name="distribution" x="@netDiversification">
#            <Uniform id="Uniform.div" lower="0.7" name="distr" upper="0.9"/>
#        </prior>
#        <prior id="turnoverPrior" name="distribution" x="@turnOver">
#            <Uniform id="Uniform.turnover" lower="0.2" name="distr" upper="0.8"/>
#        </prior>
#        <prior id="samplingProportionPrior" name="distribution" x="@samplingProportion">
#            <Uniform id="Uniform.samplingProportion" lower="0.2" name="distr" upper="0.8"/>
#        </prior>
#        <prior id="rhoPrior" name="distribution" x="@rho">
#            <Uniform id="Uniform.rho" lower="0.7" name="distr"/>
#        </prior>
#    </distribution>
#</input>
#
Sample	TreeHeight	origin	netDiversification	turnOver	samplingProportion	rho	posterior
0	6.763845545913819	16.674744907178	0.8855939646912181	0.5889468240486868	0.29497970536483653	0.982209865306504	-224.14480855293448
5000	3.874947948150449	4.521315043552577	0.8958724231523005	0.7988980803573065	0.22766937312348084	0.7179758336530788	-144.05159546720964
10000	3.75928148942525	4.009056537576346	0.8844902143563982	0.7989184597597768	0.21669856554110764	0.751966194856505	-201.3409141347296
15000	3.7828767419430287	3.838386980666858	0.8785542005538595	0.7960248748474118	0.21215474306344181	0.700411536792343	-210.6419229085822
20000	4.2489855339552935	4.385896242905151	0.8831994245918764	0.7992466348462764	0.2095235712801434	0.7049585219684555	-224.30362888031377
25000	4.575297752607497	4.706976123357414	0.8407150205054357	0.7794628456644095	0.2088404330004335	0.7004626123958118	-263.0290672516939
30000	4.010854681343577	4.018207407725177	0.8304478354303477	0.796523902762316	0.20284553957732995	0.7188645762425344	-263.44752216703813
35000	3.9850506998535424	4.607888797527247	0.7522463158381921	0.7802680253017584	0.20079720424444703	0.7057736594114444	-303.1603166631892
40000	4.045003899190122	4.251732316630192	0.819518283667288	0.7715173887694127	0.20630445866412753	0.7277564077142537	-306.66375229689015
45000	3.826791503955126	3.9355012818094184	0.8871385160715979	0.797947376529868	0.20048411617023995	0.7137744997312127	-247.2336185052152
50000	4.137035117019006	4.159031967077843	0.7884637824946884	0.7956746363536108	0.2102806385641717	0.7763231391800678	-248.67763128749942
55000	4.332147968798635	4.343034271515812	0.8442409173872408	0.7805460166589144	0.2003675575162428	0.7136911751646818	-279.6241245670717
60000	4.202790312977326	4.241610236665834	0.878421960106003	0.7855525924016954	0.23039227576436885	0.7193318837327743	-266.1764396923617
65000	4.063914561928488	4.41618672274277	0.8992541426690566	0.7926964475723082	0.2039365151161872	0.7092821644326074	-241.59751965234915
70000	3.918688521689505	4.5196815479336685	0.8486341182044526	0.7955931050184466	0.2215141202571471	0.7471867242811265	-249.46790110526848
75000	4.290153280242723	4.504739226644293	0.7491998271778882	0.7977214849405346	0.20212312046253833	0.7079727040148132	-272.0379652521622
80000	3.791137403588109	3.8601252802458457	0.8909693823981677	0.7854961977723661	0.2006371381277374	0.7110275559946847	-234.98807451553697
85000	3.790714247740544	3.9080014467726563	0.8669334983606198	0.7971670076669262	0.21559882927474047	0.7271810332643031	-255.30487170905104
90000	3.75928148942525	4.0629743431889995	0.8790883550053482	0.7923388470273934	0.20839943704241465	0.7368252329925669	-253.60519207762025
95000	3.840099175387879	3.879769480882325	0.8238471572782272	0.7995791824662135	0.2000118976548585	0.7218292219581436	-278.15719295872685
100000	3.75928148942525	3.924884529667929	0.8587672229282289	0.7953594386789549	0.22217215668111726	0.739442626232338	-233.5105567172396
105000	3.9526107171523943	4.024613681807103	0.8523750317619964	0.7950850875978018	0.20169385248326055	0.7153821162360875	-261.2088119829012
110000	3.992156048149486	4.043859504826141	0.831492597669931	0.794540676850118	0.22285874635417652	0.7295226291910789	-283.5342581357414
115000	4.1344941276831415	4.2132996505920675	0.8666549599439298	0.7820344505537099	0.20250289575951486	0.7020234878845284	-294.56574342253555
120000	3.75928148942525	3.828169878689052	0.8328842084540005	0.795040710253068	0.21183027177100222	0.7137876598578496	-226.7580067820163
125000	3.9235288531283463	4.14176454609771	0.8690490015442136	0.796711462198986	0.21198237517557209	0.7418853604320558	-265.37348172146187
130000	4.167555430397565	4.748155654789278	0.8330977032216956	0.7924090780239473	0.205062526176783	0.701859314113231	-274.27125365252255
135000	4.290137482770052	4.401118757772971	0.8528101503250838	0.7963603249051524	0.2096912054385503	0.7066456016339836	-257.8572090310824
140000	3.8464832323607436	3.868416982263649	0.8962591444006592	0.7995592546404646	0.20178524105399168	0.7152989633141565	-205.37176608694784
145000	3.9978025179198253	4.190239342657604	0.8930370994849569	0.7978432246316807	0.20986600328003843	0.7139591254489477	-220.98732731199004
150000	4.192193717249515	4.236193818098799	0.8852311971047879	0.7924294544032919	0.200838251986681	0.736940814506152	-253.4220941532862
155000	4.248781254990361	4.540554485854088	0.880873878773073	0.799917006958273	0.2019692295685479	0.7081501882954586	-245.74715298505927
160000	4.049132965393101	4.189244565748777	0.8568284476724819	0.7928284501352889	0.2088312292671591	0.7184979605110761	-255.58709462945
165000	3.90241874684032	4.42169722081468	0.8562282330214961	0.7911562763190985	0.20250918909459445	0.7185553088672763	-235.96722488573627
170000	4.222723790589872	5.359189587543225	0.8006153365449133	0.7915215041985172	0.20190017030683843	0.7477568410976042	-289.7714633260227
175000	3.958257317546028	4.044217347136081	0.7721666408206911	0.7965395051850082	0.21598149519575832	0.7708442576498108	-237.05339204050208
180000	3.772967629588976	3.865163008480447	0.845999399594836	0.7910655635204578	0.2218865393648661	0.7009101920139129	-235.67089825408613
185000	3.772967629588976	3.7833557362079775	0.88538310206314	0.7899642553441816	0.21868693071087836	0.7304857856930558	-214.82092556558942
190000	4.118779074539759	4.337192213671256	0.8962339228068043	0.7957536224873845	0.2122437124157412	0.7097398599285346	-230.83084079579524
195000	4.075807789276898	4.0958137924639235	0.8611888939324529	0.7976533169947226	0.2006393310649361	0.7127557043946142	-272.2581799067715
200000	4.344091190369463	4.539713150426651	0.8912147397964327	0.7963508022219686	0.21766911824990368	0.7043050553091561	-249.8194661045696
205000	3.9843942557128305	4.544240321930647	0.8481751078635918	0.787452909797931	0.23076423336811377	0.7321701229888206	-268.7260521096935
210000	3.8778603183684157	4.725616976441854	0.8358348583746703	0.7943656525538557	0.22230211734971203	0.7122773838941417	-262.2722522551737
215000	3.8127349312892025	3.879918364999457	0.8629534446740984	0.7971496569077214	0.2152075675959526	0.7424027608769064	-213.82817110217124
220000	4.134024164385072	4.283187199636576	0.8844030300418363	0.7846175705813635	0.2053359112613114	0.7072406481203285	-243.31541089105238
225000	3.806254667990582	4.095508912834939	0.8782554741755874	0.7909814777547675	0.2001694464030749	0.7658475920295043	-207.55927489012902
230000	3.7995823530955355	3.805817554159508	0.897346834248249	0.7935849871383528	0.23768671205247358	0.7149406471568074	-190.09158710816658
235000	3.75928148942525	4.0174341751400355	0.8983151655973564	0.7965187902848643	0.21110479174207092	0.7001273724786972	-236.3443450312113
240000	4.116856777082346	4.121605521286506	0.8519799378566063	0.7976914506765268	0.2011623461238109	0.7004374879883607	-247.09989269215436
245000	3.9454280684496967	3.9489772377362677	0.8600236804415766	0.7934842872701962	0.2010749794236261	0.7032942095983201	-267.583999799175
250000	3.9538325628766704	4.5400138969396995	0.8678682822049426	0.7903875588904907	0.20374201714543663	0.7051312448137421	-269.64848664682734
255000	4.409936213794585	4.653563192484546	0.8515977927759516	0.7787070928769718	0.2190820951873364	0.7010805064259038	-272.3395204123134
260000	4.078221665114942	4.0810881742466245	0.8528655222714242	0.7852780568130934	0.20273982785780761	0.7240300893145057	-314.8623821902823
265000	4.122907566105122	4.484739232548038	0.8698362024653536	0.7869535895684991	0.20648327062682623	0.7149850498651468	-278.07070389645406
270000	4.079057138213401	4.624324531284045	0.8449264715717589	0.789164248035993	0.21959495804473267	0.7542477690418516	-270.65121813796804
275000	4.230431473419004	4.275731179153153	0.8752898586318307	0.7843428066091626	0.20133691770505932	0.7188343893772111	-280.1851746200064
280000	3.75928148942525	3.8371802399558956	0.8268495562142045	0.7798445252546466	0.20607039501407814	0.7196673514033007	-257.5787051204422
285000	3.86970590470085	4.4440659860647935	0.8937669379239329	0.7961003315805993	0.2208402992302138	0.7327590115670272	-201.38067024606667
290000	4.06448998106821	4.196777789751166	0.8870040930422272	0.7993135567737675	0.2247343068587714	0.702315930322854	-208.7385070762331
295000	3.957938925065159	4.086270305518845	0.8858226409489686	0.7962903020196114	0.21046037370828075	0.7042368052010425	-206.56898138382718
300000	3.938701777923907	4.261483037338372	0.8602913870404654	0.7632586768773562	0.21120845515394598	0.764911846762379	-285.30337519571896
305000	4.0910263578751325	4.456347805623099	0.8734460526897991	0.7982810210346443	0.20225457843922945	0.7144816387056802	-255.16106863448152
310000	4.026362410614695	4.070361727650263	0.8513514179856171	0.7947030952316899	0.20062304740674403	0.7088986160618644	-245.81842034757122
315000	4.0712114781806354	4.750205370195545	0.8334384308753097	0.7902703800757716	0.20763425003344851	0.7032884908193958	-265.7621800796389
320000	3.9809132011826414	5.102373605125055	0.8671508291473286	0.7999497565358497	0.20028201416886016	0.7671850866727475	-275.4733511454561
325000	3.938462972658802	4.00836315207584	0.8852972796969906	0.7908730807552791	0.2030427245120197	0.7209584813054554	-243.0813822912316
330000	3.8368703364608407	3.854571587268931	0.8734413682678422	0.7953938204361607	0.20227840361065963	0.7414741132768176	-259.9355850492909
335000	4.644886658868063	5.381114874776943	0.8986556324433189	0.79188876980548	0.20886218269716916	0.713484294611584	-235.8973521982625
340000	3.9478189123169396	4.139909866210383	0.8883455350685173	0.7992835331696386	0.20104185744194875	0.7708809068076522	-232.2628517587629
345000	3.75928148942525	3.908097390325693	0.8582872007317753	0.7985916271910927	0.22093211568271587	0.7076340364800144	-269.3820276669053
350000	3.75928148942525	3.8258117879568627	0.8375959227884187	0.7912692551801437	0.21632663197265997	0.7152760918560851	-275.7476701519022
355000	3.7723262236900634	3.8970944553177262	0.8943328690227356	0.7856825295705079	0.2088082073035702	0.7157201496230262	-251.55968544476232
360000	3.8406814901299846	3.930085773045521	0.8716943723825087	0.7923684101942299	0.21838960627991372	0.7140495371509074	-236.65852292275997
365000	3.7939464942281336	3.8891581386652856	0.8941458420667497	0.7991451227867244	0.2055508162180894	0.7053967941079111	-203.23956019814833
370000	3.8714540585907673	4.160652876390376	0.8475973576342275	0.796944066390832	0.20505332238942586	0.7014438918208374	-256.3721664287787
375000	3.9650850727229825	4.728824426901033	0.8843800497640649	0.7982088515761495	0.21499154871528567	0.7221041646926207	-244.14686348359209
380000	4.450329052239978	5.029760708442039	0.8633986809011488	0.7918877394240685	0.2087284247705122	0.7022815330780052	-273.494833846649
385000	4.497913592835741	4.737963950770804	0.8705259049608091	0.7818017639678967	0.21215780274262833	0.7119269745956647	-263.7863302353276
390000	3.8621670880261534	3.875652003115735	0.8340498277149634	0.7994099736601719	0.20952372638969474	0.7397429278522696	-274.11093691988583
395000	4.009840637221481	4.39579864724163	0.8746778251075318	0.7992029329115771	0.20246257143193533	0.7017016157359607	-244.52337388192203
400000	4.009558204883935	4.119446297127806	0.8349041056831759	0.7986336356824982	0.20007273216253876	0.7391826054692503	-252.39402652747873
405000	3.9153787442821035	4.5180267208718226	0.8910214271410958	0.7834564411519175	0.20239819940962514	0.7187709444608862	-234.74104950405092
410000	4.009808609846341	4.286570303006786	0.8501957563371026	0.7991455353615038	0.202996042148209	0.7108220691141798	-259.4404539350681
415000	3.978337901953272	4.014074823488837	0.8636560556818739	0.7973124500600322	0.20429317192639163	0.7565590594175567	-255.6690967404134
420000	3.8714383573490085	4.051950867527736	0.7651922655277962	0.7953841092302006	0.22516177677233828	0.7167823854038443	-259.40013887577356
425000	3.9559705794095494	4.781660306749736	0.8844119868237572	0.7712586753459384	0.20121655323196214	0.709831121354686	-305.3750043893258
430000	3.8423693798917826	4.488267197259248	0.8953363719218839	0.7743047510070317	0.20054847195368225	0.7458146378795444	-291.35007895317307
435000	4.040610243950169	4.215973552288713	0.8540227297640746	0.7989292526409447	0.20282302405279584	0.7273765843450415	-266.51673832669377
440000	4.000278188049819	4.1798373776755975	0.8725698869580863	0.7991615784648787	0.21293881563827644	0.7768298414829744	-256.30367679506867
445000	3.75928148942525	3.853311494434226	0.8231367756337117	0.7948838466295146	0.2082740501151729	0.701366382110877	-256.48145292083166
450000	3.8612690081361123	3.942121895550795	0.8953247448122276	0.7965688280130809	0.213175912320567	0.7268852462401985	-261.2337259362374
455000	3.8297671062443017	4.039649924831667	0.8726614591133709	0.7997309973266411	0.20241041729919224	0.7000624999524605	-238.2245755441079
460000	4.095523756921687	4.363208292459298	0.8931703253764158	0.7949666055469077	0.2094465260284093	0.7108686033896082	-261.9694478661279
465000	3.852341579028959	3.9523675249340298	0.8558613170092904	0.7862549314340236	0.22004439571087267	0.7161036886068887	-255.2403663563474
470000	4.089652648294922	4.433901069972457	0.8416794161327465	0.7980127189951075	0.206605495236539	0.8148050201953493	-220.69746864696646
475000	4.083536379059283	4.106547865314332	0.83503403363016	0.7962987288072267	0.20353640451538607	0.7285791631470888	-266.9351425758256
480000	3.8118826889563255	4.230499986230359	0.8827481674734977	0.7936009916846768	0.2042412293876207	0.7384224694546984	-242.84447269529727
485000	3.8948369063996933	4.23099124815583	0.8244826898679533	0.7929295414458165	0.2056041023608241	0.703037834644755	-259.5128289858399
490000	4.38485720369107	4.666724706358128	0.8614069853443426	0.7995126289889639	0.20968675473869608	0.7425744474936763	-235.18779341611963
495000	4.268436342734137	4.3053251638682	0.8978573264163343	0.7968504853112071	0.20402041230543766	0.717893689596974	-226.118889742661
500000	3.8344123862893698	3.9500156726978832	0.8987096882903516	0.7930824145898004	0.2050664740331916	0.7087731699046809	-247.78019830576963
505000	3.844394224461704	3.9338213640944812	0.8891354078538294	0.7949869832899468	0.2018433293587998	0.7088247576797189	-232.68983460305935
510000	3.75928148942525	3.8688183535450253	0.810611834194666	0.7999197723783151	0.22002118858668726	0.7163379361284531	-271.20981598973
515000	3.772283120414473	3.867843804890922	0.8264239897482736	0.7953222904480516	0.20402875464561038	0.701084184200771	-256.47857187235
520000	3.8214938451734213	4.684267668810948	0.8973438086501948	0.797813440217933	0.20214482548446244	0.7617811203674313	-246.49699247402802
525000	3.8695207482795593	4.242975918484512	0.8753741109240444	0.7966532395712138	0.20115708757402323	0.7074367671051977	-221.29943843837012
530000	3.75928148942525	3.8117258568029593	0.8505691650865792	0.7859414588360593	0.23247122937084988	0.7293131228804807	-259.5552795693578
535000	3.75928148942525	3.9791849770427508	0.8104130220817248	0.7969924030395272	0.20476747147006527	0.7050899471311052	-279.51943817051796
540000	3.842033051306985	4.268721234100918	0.8885166486558617	0.7929996903191838	0.21382457591417664	0.7097051066776925	-260.3436895519103
545000	3.7962465824804674	3.800817758045007	0.866603426176429	0.7990185257986269	0.21568861788552063	0.7004249615575452	-214.66838532965284
550000	3.9451133395813818	3.965525830875536	0.8606643096203054	0.7959932003310839	0.2067029586244564	0.7149761985881307	-232.74683295724813
555000	4.048490358979153	4.086153634386319	0.897198348253574	0.7968104482333949	0.2049582807730757	0.7287079493479441	-258.32249484573225
560000	4.085489980796039	4.2863271546808175	0.7950085940732035	0.7991411427126321	0.2091670998328789	0.7142029557880158	-293.3629920318867
565000	4.220539975104778	4.239260217478513	0.8422818524650257	0.7994827248801648	0.2030209176375456	0.7971552925137704	-232.04687123838804
570000	3.75928148942525	3.830579698600836	0.8767595339525406	0.7980238028644402	0.21311611760570787	0.7006452237975679	-227.32901115481573
575000	4.101324866466159	4.144298340462537	0.880548651093682	0.7997558902016624	0.20344829354086197	0.7936575325281311	-227.64408642450118
580000	3.834517241918089	4.193627732593727	0.8929133415785241	0.7994822403024049	0.21228081838362342	0.706848606807512	-218.51923658301718
585000	3.8434740467343347	4.852531502505061	0.8459935248254095	0.7947536843149283	0.22833925301868194	0.705263536189849	-237.10030632560202
590000	3.803155162118737	4.067387816532195	0.8989843450270136	0.7883485115875255	0.20668287120910778	0.7184237896575765	-247.12469557686833
595000	3.763229528143618	3.94568282252779	0.8840697908748156	0.7808111134190986	0.2157676158980329	0.7006151757812692	-241.56331892372123
600000	3.7673873399939826	4.340563112517328	0.8943608941075722	0.7856961499691557	0.20531823694237775	0.7136680459951391	-248.03080370021254
605000	3.770646848599905	3.796902420158995	0.8889315701285194	0.7948824619792235	0.2005158866126431	0.7170816277801894	-276.909553486413
610000	4.015356386945647	4.3967379653722505	0.7952009832613451	0.7887634163292261	0.2138026947531473	0.7125182728868038	-275.61955920932814
615000	4.016821076607588	4.608889399804944	0.860744506279301	0.7809352420420382	0.20887595681230162	0.7052048334284661	-266.6188931460796
620000	4.435583856993439	4.472805063682586	0.8197422820690241	0.7973926264466812	0.20230610518294334	0.7029381609071437	-255.73626122794178
625000	3.75928148942525	4.154726001182275	0.8345728328566384	0.7991102737033203	0.20816358472250446	0.7043438493935112	-268.3591509828165
630000	3.819350022461057	3.826446164131977	0.8935889735294229	0.7880448869563942	0.20405982375463932	0.7151056225872264	-262.067378879237
635000	3.8488446214011627	4.142150835452481	0.8564336827230625	0.7952392095091648	0.20472159143691052	0.7146732149940511	-243.24302748520026
640000	3.894568813958695	4.16200509346344	0.8958820099144249	0.7898073563119159	0.20560285392448188	0.7034826269810173	-232.6359338222819
645000	4.135071656088417	4.263511900242917	0.8896442995573993	0.7958680546811046	0.201849941043171	0.7060758257964478	-246.7014243299233
650000	3.962415467558475	4.042579618097522	0.8461845471314547	0.7970637963543791	0.204038334648464	0.7110425932104191	-263.6791287491258
655000	4.199458238749274	4.33087330287378	0.8709624620968345	0.7869672889009204	0.20583829593862024	0.7181702600549247	-253.92707581176717
660000	3.8811471016988492	4.095955631265398	0.8776046242558496	0.7974946102337801	0.20796857362651178	0.7015374225122802	-248.48329885698195
665000	4.210228440074497	4.592636698761698	0.8899664166248001	0.7949776321298346	0.20601162983742666	0.7121472517133554	-258.2327573002826
670000	4.107608595700598	4.459300591542043	0.8940858138242281	0.7952296239822071	0.20383907646557492	0.7167035835767226	-234.4044202465171
675000	3.9763060204873217	4.019288249421125	0.8854110671674406	0.789255395783708	0.22037764521119615	0.7018226362674232	-212.40825848278658
680000	3.9045095750777876	3.9784751765273554	0.8558161326227325	0.7910207663166107	0.24014361003867393	0.7030378463946523	-219.22397367284373
685000	3.7828043806605844	3.918095262901496	0.8802172895585796	0.799226120772427	0.2095066688075867	0.7829503578090352	-228.13727052841276
690000	3.8903141222404782	4.046689253254836	0.8963541859849321	0.7866983576068577	0.20543206007494974	0.7205006028397671	-239.4595809813404
695000	3.7945814059395353	4.01332896725327	0.883906999871401	0.7999007382524351	0.21424934111653465	0.7808663251740925	-235.46716600424443
700000	3.8943817995161707	4.230086141727323	0.8746699968806148	0.7924960383955133	0.21029828490875205	0.7048116408543804	-220.00266200275783
705000	3.8335215632930386	3.854269326169211	0.8387441595177789	0.7946261903679595	0.20670499138798626	0.7446573845926469	-268.0427010326968
710000	3.9029374598818176	4.406974535415147	0.819402309612071	0.7780548014769435	0.20161372376487344	0.7136880334353956	-264.5338531830149
715000	3.8301022425075013	4.025252014800934	0.8964033544232939	0.7970087624935339	0.20870549964973925	0.7128153870109055	-242.4593568960592
720000	3.851709002457221	4.373038663712662	0.8760656104352226	0.7957816582600573	0.20076718895733367	0.7348557805724366	-229.65783639392512
725000	4.20462376552428	4.3437835203412565	0.8489790465705701	0.798943758666001	0.20081609887174134	0.8140375178619792	-235.49494779653645
730000	3.9579805388300056	4.401855713289596	0.8836400814156103	0.7985925540376713	0.21425821152037605	0.702281455911045	-207.20205209825943
735000	4.009199283769953	4.784150735180863	0.8995014289306023	0.7970046053376312	0.2074719953186236	0.7119607158603299	-226.198607374444
740000	4.304048310163154	4.384308241553275	0.8976596912411128	0.7992752669292094	0.2075559688624066	0.7087339763660293	-206.68989952040528
745000	3.867285500815182	3.9890393190484077	0.8839005355923377	0.7977315915097909	0.20082938755288046	0.7159342815871297	-208.6028870253965
750000	4.090028690291981	4.151095325876696	0.8890574903086004	0.7949664492086049	0.20421346367378168	0.7117979507835653	-205.26724901903134
755000	4.187577636506359	4.422349077817797	0.8849650765002186	0.7972238995941847	0.20487660290925874	0.7096448375014142	-200.59225911260825
760000	3.75928148942525	4.041404717329876	0.8881824069328085	0.7981019963692022	0.22168434718344784	0.7377955320769227	-209.30261974690953
765000	4.000909841804955	4.404311017864441	0.8202182703451267	0.7973135650364989	0.2002749186033859	0.7115902937559921	-240.94778445118482
770000	4.291097328306549	4.304702707194218	0.8613246254025488	0.7875299817136704	0.20799735592149143	0.7580081200540706	-243.3180965404149
775000	3.882735908751648	4.0287441373050825	0.8179651726394166	0.7980795864983978	0.2078758957578494	0.7266286599733146	-269.5348453627659
780000	3.8578099956156486	3.9379571654043577	0.8541720015390931	0.7823102309091022	0.2102205476079399	0.7027642317068655	-240.776254655123
785000	3.8934861629833355	4.312956795395528	0.8834988684547039	0.7928222401189668	0.2016846585053781	0.743622081117102	-262.65040700889654
790000	4.001438447968643	4.345436123998977	0.8496270134804064	0.7936271001203175	0.2011620759303295	0.7428604313410682	-260.1531045885332
795000	4.122353810099582	4.217085672307573	0.8537474717880982	0.7958399352967527	0.22596631456149796	0.7034190592048251	-251.47256730942425
800000	3.7967013477726814	3.8900996609431546	0.8731741993835748	0.793243613230753	0.2077215325023021	0.7236756569990638	-268.86712665111816
805000	3.764415062613481	3.8202786437657394	0.8123421022720909	0.7925446479169536	0.20756569571870415	0.7093492836765953	-288.5469277595321
810000	4.157409982998104	4.883929019345613	0.8910995936471351	0.7964719149862448	0.21303419045675856	0.7067733795266206	-265.7801511225132
815000	3.985757240137304	4.285232774183633	0.8936527386142372	0.7887266552408352	0.20994626111767667	0.7024018583215792	-230.85253671539567
820000	4.16588034230008	4.477308836964259	0.8670992150593075	0.7997329274650561	0.20340942399896192	0.7085708326386702	-266.74962633465407
825000	3.760432992734007	3.8619646547724287	0.8600337022020268	0.7824295436982641	0.20017911513645797	0.7305718121753957	-276.0425066107369
830000	4.120694029613973	4.219779992245588	0.7679844542636772	0.7990300220713773	0.21269411144330178	0.7080342164639318	-288.96927389479674
835000	4.378963483406611	4.611407214422583	0.8232127333635586	0.7975361154377806	0.20043306390690077	0.7161214453879493	-310.1004138393908
840000	3.9077522269743676	4.262333021699702	0.8998494988316572	0.7969238850371939	0.20002215409717702	0.7689358623268193	-258.6341190104029
845000	3.858233491509753	3.931519467488205	0.8366093197819439	0.7984176583276885	0.20101765096319346	0.7070573147629249	-264.4517693276075
850000	3.8273835681486714	4.220563322178197	0.8587576345011322	0.7723858266040727	0.22429478836079692	0.7009307593363443	-267.23059031688547
855000	4.256472960157573	4.80952770939574	0.8641897123916589	0.7848702147496184	0.20656563484706394	0.7040989894408497	-274.770226434937
860000	4.074038131448108	4.7897599697756155	0.8595843634183761	0.7929831515309361	0.20270664599587127	0.7000548257671019	-254.8655543694083
865000	4.054543467625072	4.1009742035190735	0.8986772429684903	0.7895363396395362	0.20051313921590025	0.7313652922934933	-226.807751780152
870000	4.624310869908819	4.699156695702343	0.8787245136516236	0.7983934841367417	0.2039953082364201	0.7095479220932871	-236.85375883225078
875000	3.8862065984904923	4.377946377310023	0.8797968266177248	0.7999565052884585	0.2174100528195115	0.8033615055689636	-246.76132610887808
880000	3.7763513549411165	4.181366206304561	0.8507567665303203	0.7842357667328075	0.20945823623550208	0.7134550578452524	-238.2293438719109
885000	3.9214279020040075	4.068453688150521	0.8870886384617266	0.7996654027862429	0.21824880527015694	0.7127495189773826	-225.34166406678466
890000	3.894655038871613	4.333883861810634	0.8381091427844286	0.7944213216681988	0.2017120389209192	0.7651201042093267	-250.18337813952115
895000	4.157227175364016	5.619135905063368	0.882780482157043	0.7891199410961773	0.21122600614598322	0.7339163285942294	-281.79806830990026
900000	3.8702066939934068	3.924599422329275	0.8858435680548916	0.7926463933553205	0.20706317480544437	0.7051954229875674	-278.22224123039354
905000	4.242774466789046	5.431342441242379	0.8954850434458872	0.782329914437388	0.20088899166118032	0.7099874202504642	-267.8820361923464
910000	4.082305199033074	4.522266175870347	0.838808483324929	0.794676228599614	0.20612305526858984	0.712247868342313	-262.11945060175185
915000	3.842851019126263	5.4326945791288965	0.8739081937755436	0.7929857936645158	0.20884945515776135	0.7001640864727668	-273.00540983819803
920000	4.032163728107801	4.233738660009432	0.8194147117718228	0.7945413475401211	0.21258264318520848	0.7858532189369649	-233.14247822357237
925000	4.290327426548268	4.549372624255178	0.8246763946083631	0.7957497874519796	0.2063737744015349	0.719408557526158	-237.02927677606542
930000	4.422891858757088	4.681387603060155	0.8907760031361048	0.7846305439187656	0.21527265613688418	0.7001482853366369	-236.39028770127237
935000	4.067224978931325	4.100827972011776	0.8511078799769426	0.7948781562469486	0.20890055919797942	0.7123393109546114	-272.0051580156325
940000	4.127722884026825	4.241295731587324	0.8969779326874996	0.7927977120372587	0.20264234658716415	0.7669368143839055	-232.50444115740166
945000	3.75928148942525	4.2262167417768195	0.8052966632913302	0.7939497011951807	0.2068034454219493	0.7106065713537817	-237.86271171488931
950000	4.089547527245365	4.374746921943028	0.874549082555454	0.7886764789755683	0.22346088839383996	0.7025786087947874	-239.5647418991623
955000	3.7614591008627754	4.110488849400966	0.8821915118425534	0.7930660302049576	0.2019593175110321	0.7312763467294597	-217.79889085220745
960000	3.75928148942525	3.8518330433281243	0.8874931559382039	0.7992944586043038	0.21152594236034936	0.7653548646970852	-239.94885171774465
965000	3.919568751097025	4.102185381929862	0.8769406263093199	0.7972294885181543	0.20116921856852524	0.7013180598257173	-257.13282394092727
970000	3.7856799979580895	4.217002128715583	0.8691745328923708	0.796472708179859	0.21973039575764694	0.7022349946660771	-211.7753178758561
975000	3.7955668524655923	3.8010633630340775	0.8355648160224878	0.7978048947006503	0.20746866886659268	0.723642077572901	-275.0238523743836
980000	4.243822514252954	4.271644748733551	0.7966261318946751	0.7964583737572138	0.20174608953600676	0.7011585855453569	-273.4040235439189
985000	3.9403230490910914	4.2015714911155175	0.8675996114258853	0.7980713075566976	0.21450571550439354	0.7122182032521608	-268.622979256454
990000	4.785212739160675	5.348824081351199	0.8234139557060423	0.7875436322879983	0.20769042808717433	0.7138147747678053	-282.0322226776475
995000	4.282924407306343	4.515336810205544	0.8937157424031033	0.78368717901152	0.20744089429315474	0.8224074835284799	-280.8840382979378
1000000	4.27407524228042	4.7770122118661895	0.892660296810626	0.7967593937972792	0.20185160773270244	0.7086187299031639	-276.0983647023583
1005000	3.8669655160328458	4.1170504867964794	0.781610765475261	0.7945565503667381	0.2006526858338002	0.7377209042845134	-291.24677699869693
1010000	3.8183338865495293	3.9209537719517087	0.8226124562557086	0.7957578936497632	0.2091579236724572	0.7128692195310993	-240.99928519828833
1015000	3.9152177857952735	4.069381882601438	0.8900600065119026	0.7796164455657036	0.20930479367032234	0.7087031849270385	-262.9444683217835
1020000	4.071063217129584	4.159304393830732	0.8626445847213969	0.776891873887928	0.20813753676907254	0.7503940018466433	-292.1986807355204
1025000	4.560958789062524	4.805190981330086	0.8234424896589378	0.7840717722636965	0.21403578661224276	0.700888126029522	-301.78987316227864
1030000	4.146961097301879	4.1690563635413325	0.8628079119938278	0.7749684157565004	0.20856174348033416	0.7125856488592733	-285.90327952844893
1035000	3.84211243575245	3.8665472543631947	0.7762576631093961	0.783412949330041	0.21911202656087492	0.7071885469662335	-272.82988978544455
1040000	3.836513532815052	3.8906092769426084	0.8856183189627479	0.7945031369819816	0.22324295477095984	0.7034857500425399	-239.8600791597864
1045000	3.8335018500761473	3.9776665884641527	0.8951417808722177	0.7932234112174744	0.20492751825775318	0.9039041996610497	-247.74542004968808
1050000	3.8552494296823143	3.9228424817474647	0.8696166496961135	0.7988451328462531	0.2073206919626872	0.706772576522594	-234.8332644711585
1055000	3.8399089605107664	4.027637797565409	0.8966139205986523	0.7903475664444034	0.20576251818987984	0.7035288183968068	-249.5970156860574
1060000	4.212204926228242	4.549101217003348	0.8832330802520016	0.7958156289020786	0.21718910629244043	0.7209951179221401	-212.22733649073172
1065000	4.169182583108409	4.306639323560758	0.8795194377703658	0.7877295306565459	0.2004163546172228	0.7154788429630454	-236.9550059058187
1070000	4.227511709623127	4.238806000654409	0.8775864016884083	0.7902428909139857	0.21601117728586644	0.7227183416994083	-245.7986769116094
1075000	3.8213269033429467	3.9160718107816117	0.8742910962886612	0.7969204725875885	0.2058437596900374	0.7141676124736603	-214.6012673705508
1080000	3.9020582338545022	4.110964581432569	0.8675398560816464	0.7884548441449554	0.209362258805399	0.7427341997408807	-230.74540518742876
1085000	3.819663069018294	3.8252967823435706	0.8230163610582123	0.7986304556344545	0.20207799179487365	0.7061081277638844	-252.26588651577856
1090000	4.038871431649412	4.262808735779712	0.8022868105545433	0.7971134379580654	0.20403676568594856	0.7065007450520971	-259.768090256478
1095000	4.633052787114367	4.683989675712044	0.8142457633384602	0.7786174251850487	0.20433310434487542	0.7019538359555585	-330.76825481344054
1100000	3.9302961098727565	4.231630032875706	0.8829280268711253	0.7825988647658804	0.2013083061946741	0.7498139118690427	-280.99416867204513
1105000	4.352553868069193	4.3732090916013	0.8331097368308746	0.7857825869160592	0.20418958296059014	0.7816712411982354	-286.82776650183513
1110000	4.080804263029445	4.104263348756149	0.8745026768070178	0.793188895143603	0.20268234815932956	0.7381049728662448	-312.25127679834117
1115000	4.232817059040524	4.60840237003718	0.881731478896231	0.7715070030625569	0.204389405281599	0.71006680653948	-290.27207022203726
1120000	3.9862929208617626	4.131305992733443	0.8869459364288719	0.7917722226451429	0.2028846588555687	0.7743519766800531	-255.36925759249448
1125000	4.0373400899700895	4.716537730057848	0.8364050855256782	0.7996350374224428	0.20614879775440975	0.7065376022608817	-252.12877319003186
1130000	4.025969978676907	4.251968544534428	0.8958802464497861	0.7982643472319604	0.20101598902692414	0.7700596738195913	-216.46930914524393
1135000	4.345176915364281	5.218240217543557	0.8898136480446857	0.7973519697199087	0.2016806081080826	0.7782590547276422	-249.81494270800357
1140000	3.8862774003343827	4.117689355848736	0.8928485680901391	0.7960408625213753	0.20307084817152998	0.7042279567003683	-249.11168253170663
1145000	3.8911547169492042	3.920650585036062	0.8485926280423012	0.7967232254195223	0.20151828293896448	0.7060611148349523	-232.7893561421902
1150000	3.950573548042182	4.247351015694308	0.87768894481159	0.7886422547291937	0.20168731345882435	0.7084747783948956	-236.8506824467885
1155000	3.9547169153773614	4.176109488598069	0.8018430799244325	0.7999840998609051	0.2123300076865339	0.7309150859349313	-241.76041646186985
1160000	4.401826880650165	5.200717515372336	0.8797278287040221	0.7711035804519935	0.2153849360817502	0.7025113344363532	-289.7580732725342
1165000	3.7963774602339684	3.8758421407098784	0.8893443431547051	0.7900064368213807	0.2032188960091453	0.703787934948372	-264.007475348127
1170000	4.137558247730269	4.199607873974048	0.8959013591042821	0.7974567994810392	0.2044938489833381	0.7112590334771188	-257.8643087106513
1175000	4.337998402401107	5.02908389627055	0.8047914807449652	0.7989921233561992	0.20242559186835066	0.7147852045972444	-255.28312875676278
1180000	3.952942315071549	4.084902310853031	0.8887542614749684	0.7939055836783131	0.20699642618577024	0.7030097478809448	-267.4410152444071
1185000	4.040030160660515	4.0838747418561905	0.8323351239401549	0.7838338679893392	0.20182146471683068	0.7186568760510808	-280.0062590410355
1190000	3.85360840000109	4.197902148520288	0.8976902824499181	0.794483904540147	0.20823969788557728	0.7064938529026182	-254.89842399652917
1195000	3.9264270619789747	3.9781324969032323	0.8810756732648993	0.7985912097016122	0.20392787039972232	0.7130531461364585	-217.64905688071408
1200000	3.8331191477358204	3.891846934547998	0.8353269606811582	0.7945600669476948	0.20094277427553286	0.7147254245814267	-258.44652924647227
1205000	3.7961607312025327	4.022720087872542	0.8919592285014568	0.7910859668968759	0.20807240986435108	0.7178735767404897	-233.06662483271182
1210000	3.8827452030510026	4.055856304941272	0.8913229909123886	0.7912406010664428	0.20311292962566965	0.7068114599808375	-242.5497920374687
1215000	3.8667116696744257	3.9269230414517997	0.8513441897075309	0.7870728811745336	0.21027433032327195	0.7865475158769419	-270.23436943129377
1220000	3.845110710177213	4.605658696535296	0.898924519020886	0.7990668641966543	0.21846907618568367	0.7093568527094174	-239.3445518539761
1225000	3.944193702254953	3.9908137975451456	0.8971097582626403	0.787984487446208	0.20027148535077047	0.7196230920172513	-240.3810407948461
1230000	3.8472640800159685	3.94068124453167	0.8838654547812584	0.796388971467207	0.2034121416768129	0.7224608780190265	-237.49411196973026
1235000	3.8632086501082354	4.70393070181707	0.8776547446156768	0.7869430621085525	0.20716917418843964	0.7395893478287453	-244.554637878293
1240000	4.213686207440982	4.227493197434435	0.8967358882851955	0.7689083191596152	0.21308362153233693	0.7001706751749219	-288.169110485984
1245000	4.19252463660356	4.24409282221926	0.8692457720049008	0.7788703234420598	0.20819143901928835	0.7033947367155856	-259.958858913579
1250000	3.971216340843035	4.109757735750307	0.8007563054247948	0.7981748092268466	0.2011163328734387	0.7015506041056926	-275.1404761866267
1255000	3.8686512135337097	4.068155519335186	0.7363313714740326	0.7949443204663151	0.21485316500582458	0.7228485836181976	-264.68082594477477
1260000	4.089230227036452	5.009281486054949	0.8065303539543344	0.7995071250402707	0.20895720378999455	0.7234853182603282	-266.597134269042
1265000	4.371185227189185	4.474207648693384	0.879950249228909	0.7957701068000252	0.20937131207396117	0.7029931747814806	-243.84612633318343
1270000	3.9519705369859426	4.163683685208427	0.887292939704967	0.793504529933104	0.21014086777163313	0.7325986443154706	-245.9487103389293
1275000	3.7963193104472484	3.966536391189589	0.8762103240743218	0.7985111599889573	0.20256089987105547	0.7229266881189461	-237.93476308760037
1280000	3.9185692580478437	4.908083709188624	0.8807022153210605	0.7938220895311323	0.233277309619467	0.7000827355170067	-240.68265777492707
1285000	3.7702562980259624	3.7926956339273583	0.8720395366638984	0.7943556792363519	0.21934499599766522	0.7096970356007389	-250.76219128056962
1290000	3.75928148942525	3.8498384154173886	0.7960880861311416	0.7955089327572376	0.20039802716333177	0.8105055357517852	-286.33490748446786
1295000	4.224134867768765	4.764117734648202	0.8096039149490835	0.7946240276386831	0.21013464643815766	0.7036960668238286	-306.07916731521146
1300000	3.9240013171314985	4.036809717322611	0.8632001554757931	0.779908645728451	0.22293900292015636	0.710866241618228	-255.30545138748647
1305000	4.5648001581276905	4.701889272829832	0.8555451732399613	0.7867898354509596	0.20087088394384248	0.7178440674911295	-277.14156103507503
1310000	4.019991916506485	4.250794239850234	0.8806044037594463	0.7740085684752597	0.20203789211502649	0.7265281657312076	-315.12425628858966
1315000	4.228331532881189	4.514204759255612	0.7550191183737838	0.7831831220876866	0.20165284395264954	0.7029375140762767	-325.267178539729
1320000	4.060687083521967	4.520300291535844	0.8230885532730212	0.7840284293813866	0.21361596006795353	0.736414051804638	-264.9502468374396
1325000	4.126345989776254	4.162761389921523	0.8965466590764412	0.7878710189081743	0.20033583002640618	0.7201858907242285	-260.03637395352206
1330000	3.8684226323962205	3.888258488058849	0.8447377430291584	0.7838069857899939	0.2233940037657928	0.7480599606997368	-246.00129338118902
1335000	3.8081258139465497	4.39735732045236	0.8515239739981966	0.7981524427352075	0.20054411201269237	0.7129308895677561	-230.5287333036527
1340000	4.0984638019884105	4.112998872473514	0.8706581884579805	0.7941893713562879	0.20546613352576457	0.7520003980558906	-221.16686908979005
1345000	3.9307836976982915	4.311107288484906	0.8970311414475564	0.7905597817537978	0.2197847341366496	0.7147548932382892	-231.38217118684028
1350000	3.8923982795472902	3.8993426844747385	0.888372964662155	0.7930675350185811	0.20116258381647342	0.7016035093465333	-225.3520000601133
1355000	4.1994101330998745	4.575740151797885	0.8790252142705024	0.7813295609583097	0.21188744452624556	0.7408551585244146	-259.0672290776181
1360000	3.8687219337942853	4.2202187181634185	0.8788016554743756	0.7881819095524322	0.20282248739330982	0.7036080883213937	-260.3985334969823
1365000	4.351379694287297	4.510491353656629	0.8264824553508217	0.7899039759006697	0.2049968924706969	0.7101497176079292	-271.7125236920704
1370000	3.9410611799133313	4.029062379151498	0.8627427516597098	0.7973739663125957	0.20971681407800835	0.7066786748190884	-238.92116574001355
1375000	4.09576711039548	4.200728553105795	0.884745185667305	0.7863940642973128	0.20484528547018532	0.7216301084982932	-263.99407893213976
1380000	4.096633385461976	4.217538810034517	0.8522454474112806	0.7991434254401233	0.2039480372530998	0.7313844896926188	-275.1007856679082
1385000	4.1099527640175415	4.813600838851984	0.8432510547528836	0.7909882412224553	0.21144891945647945	0.7519557632220847	-237.0084001910145
1390000	4.00230805460535	4.09932771486767	0.8694121303669248	0.796616236541711	0.20394914812933856	0.7412191420383194	-210.37374424886778
1395000	3.9647189629847848	4.183206976814176	0.8598074246937009	0.7990421478843739	0.22460290879301545	0.7050898108333983	-227.0521230770076
1400000	3.893022108673135	4.4250723375472045	0.8911833809609223	0.7963903175248407	0.20193318561854942	0.719166483253826	-220.43105881332042
1405000	3.8396933950507264	4.0850089633426485	0.8973297989860471	0.7952375275192155	0.21087325032545073	0.7008097236892439	-195.57798572145845
1410000	4.284665521501596	4.38352651323408	0.8963419455373549	0.7988960275486949	0.2040397613144989	0.7223087479482562	-234.3269129515887
1415000	3.9317605061882746	4.036512029594425	0.8549932672981457	0.7985774463356031	0.20526100699572972	0.7089034098345592	-224.42209878906894
1420000	4.515837723295453	4.673993042253428	0.8988325529247101	0.7924604907825112	0.20071691321767335	0.7124407088797199	-260.491911015298
1425000	3.856695178127031	4.521862830934887	0.8926172176083569	0.7930185941762465	0.21020030844486043	0.7180394763793035	-249.81579126565592
1430000	4.413643267419713	5.463498202734431	0.8892399484372329	0.7933377453109656	0.20752359914827598	0.7347421646144134	-273.42273983497523
1435000	4.041393851024856	4.17520408847191	0.8037846218253074	0.7984462445818377	0.2000628715804096	0.7266034688905995	-258.69804093660673
1440000	4.244891230648123	4.934352571044289	0.8107767500458679	0.7884941459659388	0.20492234997825898	0.709550445621553	-282.4055545163069
1445000	4.494065380140698	5.628998276854969	0.867661707227274	0.7962529146503353	0.20636444374547933	0.7328302602228148	-267.03705510313137
1450000	3.862108057257367	4.4949609746419235	0.7585140849207294	0.7982048319048298	0.21689605628150294	0.7032885119701079	-258.71472080382415
1455000	3.8757532701763857	3.928191358710682	0.8181139168119349	0.7939621271279097	0.20872389627891358	0.7822650724668369	-269.69604268264214
1460000	4.042688310076219	4.368383575614407	0.8483346497583402	0.7925162660832928	0.23989810409503937	0.7067033756836831	-243.56572891864536
1465000	4.260597103266319	4.288285708553621	0.8953120349611213	0.7971892388937782	0.20253522100414917	0.7081789516331091	-232.06715012058228
1470000	3.797501303545055	4.160578658436922	0.8884458445491229	0.7890506526430472	0.21272080730024545	0.7303054840494105	-247.69175211400164
1475000	4.309814666994341	4.56281912354246	0.893573293875998	0.7913818913749248	0.203059591640602	0.7083541404694077	-229.05650111223025
1480000	3.993347843610448	4.859654670352292	0.8981907212741383	0.786778397698029	0.20569308007473533	0.7165563493668657	-245.14672056735202
1485000	3.8944450463897677	4.1797648763585835	0.8765422990879345	0.7837045374916484	0.21641105649089257	0.703328604732419	-279.42178245777393
1490000	3.9070485990660773	3.9678311574931624	0.875453601731275	0.788616411503573	0.22807623633241003	0.7265850487356167	-240.94153648314696
1495000	3.9278709415316087	4.013445401863022	0.8442629254088877	0.7818108840390254	0.2013036818170153	0.7227262808557818	-288.7060172602843
1500000	3.9934345576250716	4.164559487542337	0.8998000303318083	0.7962179122963017	0.20782577524172255	0.7125081729381088	-243.38290633202033
1505000	3.915633088268753	4.032359822915231	0.8907597353839384	0.7998124131395253	0.21208951301802012	0.7093855621089189	-242.95699406175933
1510000	4.020997059782889	4.062453144143924	0.8767004542183041	0.7962815611927218	0.217398327085013	0.730680705799953	-228.45308685857867
1515000	3.94625119871708	4.072242699767682	0.8822567140635034	0.7996016734565548	0.2056331842087591	0.7090166989908614	-197.3571648846126
1520000	4.045947795828807	4.663937131234145	0.8314390586988265	0.7986232429315312	0.2056229600962589	0.7047527373249187	-228.67493523903374
1525000	3.7893063028481277	4.00334598511748	0.8856075153878796	0.7922375166322345	0.21637761593138552	0.7044986984682141	-265.0294392371121
1530000	3.9245900515433156	4.348938677199167	0.8842455953171513	0.7984511170555456	0.20491010480309485	0.7106532257313688	-238.90517573036365
1535000	4.012618830612118	4.049251509123664	0.8679933154390995	0.7862108814560621	0.20394789620240047	0.7142387452665909	-251.17693791052102
1540000	4.4285198947576685	4.807879981881845	0.8760872406469956	0.7977715822931962	0.20008997572122295	0.7265125646357549	-242.10705291474943
1545000	4.337178621025452	4.671949340474015	0.8785147533591166	0.7834007476247951	0.20049993274505692	0.7057739793885368	-260.0625125288316
1550000	3.9267081181627157	4.560508594670044	0.79007280252525	0.796872527086834	0.20128246910534334	0.7271898471042559	-266.0992334624954
1555000	3.8591547634881342	3.859279419133434	0.8938113768060397	0.7968725687781595	0.2160240312973327	0.7029070152954533	-223.79100899628156
1560000	3.8932594219419907	3.9029250765694687	0.8775053432152067	0.7962925489841948	0.20949256584142872	0.7199970785862562	-218.6170516915273
1565000	3.838987711384863	3.8831634225295435	0.891709616066787	0.7964734033665193	0.20740305106931234	0.7051174340109133	-215.096483540288
1570000	3.75928148942525	3.949528284871179	0.8978766569847781	0.7977113964195204	0.202848885646368	0.7966924308159304	-240.45757336294233
1575000	4.147154021037874	4.148387476610441	0.8759862219565602	0.7895297634006773	0.20463540534195732	0.7157248357361695	-265.2510605161137
1580000	3.804251516574936	4.60066945218081	0.876273646141018	0.7965057313536218	0.22157209050026233	0.7010018945823564	-245.33663348011927
1585000	3.75928148942525	4.0560621547437155	0.8266041543922938	0.7988416115773911	0.20337653488010818	0.722206417648284	-260.28441191855046
1590000	4.009150896703677	4.03556737024558	0.8416772228751183	0.7968416025163624	0.2073484572423258	0.7152666365190128	-260.8994883745549
1595000	3.957806513127692	4.129111604086307	0.847803368845483	0.7972278079611463	0.22021623927940825	0.7575423723654124	-269.9623198050707
1600000	3.9252885455640407	4.25658011185914	0.8877015559568201	0.7638759281564332	0.22701751463750564	0.7005806851582762	-254.6369835049382
1605000	3.9955143420887715	4.075984480839866	0.7747928313881385	0.7923898174263189	0.20530729808734893	0.7020179299885457	-270.12656130418037
1610000	3.834995384246852	4.41263633678776	0.8281838851078368	0.7823992111070233	0.201557415174859	0.7207439498614135	-264.43084927878505
1615000	3.850300815346244	4.106693579884954	0.8149920252510855	0.7990110238716831	0.20879823170668643	0.7515953691936172	-249.266617135285
1620000	4.083881563012836	4.111765415549577	0.8590818302524043	0.7932021615490097	0.2012212466867975	0.7044985101769303	-270.37177486071636
1625000	3.7802507981024687	3.8486830197475204	0.8984787237445722	0.7811936927745117	0.20966332638043716	0.7068893532177537	-273.0763752268814
1630000	4.021578317649819	4.2251472987489915	0.8718016840353346	0.7810061287525885	0.20623079630834434	0.7700110102636067	-240.1303837139712
1635000	4.319796269289958	4.531749096752489	0.8808159442384561	0.7831484783316874	0.20136267884554712	0.7037002015189969	-243.1544668252544
1640000	4.004202001499032	4.390467091127342	0.7882019234056752	0.7933000961184593	0.20816669835022156	0.7057058063409999	-286.113880589038
1645000	4.159280457874743	4.2149339842643645	0.8206313747804317	0.7852765148192791	0.21133162231477676	0.7123516141407685	-272.28290786163586
1650000	4.4769692750804735	4.564959974334223	0.8703109583329677	0.7937655310176881	0.20044904928091167	0.7203300965323481	-233.45450266702377
1655000	3.7756638771699302	3.7954696402661847	0.8840912856151568	0.7834056866203309	0.2019777951976351	0.7759745534044655	-263.29353102569775
1660000	4.553301600509184	4.959040903506838	0.8205524985350392	0.7765633382256109	0.23558969507939478	0.7207147836193457	-281.3942378153152
1665000	3.79922594045064	4.414449963928971	0.8984620031692596	0.7999746578268542	0.22148645884934953	0.7501434269940711	-205.76461446020622
1670000	3.858231707866256	4.461829930322286	0.8372787928995477	0.7957548844084147	0.2206617525497488	0.7132032403081816	-287.5178365173786
1675000	4.401981723166725	4.605459474124369	0.7510296899241476	0.7926662915904924	0.22135574624901683	0.7125372559882414	-298.46555125073957
1680000	4.323992743008373	4.903667840001404	0.8976505402664742	0.7980294845529475	0.2003079242300279	0.7481943896822238	-289.1839360160661
1685000	3.75928148942525	3.7623424348086245	0.8622487271358916	0.7954495646058786	0.20518656301716076	0.7106938808551995	-251.5294658667827
1690000	3.820171359090165	3.940201328387554	0.8978366213824578	0.7955485939495913	0.20590561112310315	0.7259350414767374	-235.42793208560008
1695000	4.0090815444065555	4.6460458338735835	0.8736926860287677	0.7865909497498295	0.21675422037037068	0.7086022553337813	-260.83548643097
1700000	4.039964889847038	4.183102270789465	0.7568057348726603	0.7737169283368727	0.20578409991935476	0.7061191870845624	-348.4295608366169
1705000	4.315925146682293	4.730351679708226	0.857858599532747	0.7667487255115676	0.20818176124223986	0.7055409659337503	-320.5858557341238
1710000	3.8063271165964037	4.044535551497981	0.8570499082535558	0.7837507062513475	0.21410029228369726	0.7000478374746729	-283.5464616919982
1715000	4.010294303820411	4.7288896165689875	0.8799846810022003	0.7953677661704859	0.2034190703133431	0.7073824678763053	-235.64351811621475
1720000	3.75928148942525	3.774612685596171	0.8846602509865344	0.7976739373637082	0.20225604237018324	0.7292686291709097	-220.03378205189824
1725000	3.7595875366543168	3.8467845496111934	0.8682226330525112	0.7944975114496586	0.20461275297351256	0.7676948871126228	-226.11581052379225
1730000	3.811475047082501	4.060245001700838	0.8901386015058393	0.7977710553123727	0.20879659256869418	0.7022162218141192	-233.71868900141382
1735000	3.9187229446504235	3.929223917684393	0.8958573871733758	0.7979223827355917	0.21694939625425155	0.7069378395706531	-236.71054534766793
1740000	4.2138264559624945	4.439397002186375	0.8483201456983397	0.7926829073759393	0.21745185591799146	0.7152070846862804	-273.77269457594565
1745000	3.7739990262587546	4.776706494322862	0.8435988900445998	0.7988535341994014	0.21849259434172533	0.7131303946933214	-264.4160968931905
1750000	3.931100852408788	3.940486920666564	0.8840581076818589	0.7772113764830667	0.22375119542447303	0.7037161161066182	-239.17363026610215
1755000	4.0460302380503546	4.093788625930449	0.8953691533049084	0.7957189251767074	0.21198398683533062	0.7013813449089935	-228.26783850464096
1760000	4.122826930830354	4.157332537927819	0.8967392401366444	0.793403202861097	0.22424811566174413	0.7030775526543174	-232.9319262355603
1765000	3.860193809861737	3.885877387655306	0.8500063122695947	0.7976027128668076	0.20722993371420714	0.7257285223537517	-234.1212224098375
1770000	3.827627574579154	4.327482384552428	0.8119668820239546	0.7980266103120572	0.2059338019819085	0.710319270775962	-237.97245460403678
1775000	3.7618932688217166	3.9224427784420395	0.8780586526546283	0.7904123992100349	0.20091186744494666	0.7015695076746103	-245.2134060173838
1780000	3.8137482566194634	3.8869370132853684	0.8969735677293799	0.7788676752794755	0.21532982741732756	0.7018997780236931	-243.0895156293256
1785000	3.807261205185189	3.905273386249683	0.8505101688874778	0.7959622628820162	0.2027999076781467	0.7015750461630548	-251.10896579612793
1790000	4.154203206309381	4.310939185678652	0.8249047403451304	0.7887427839924972	0.2088305348489589	0.7035013954724532	-261.2722292162995
1795000	4.392912571887241	4.525673178016455	0.8573141605939189	0.7959138858047397	0.21110239867555294	0.7355827006186333	-267.45414235178663
1800000	4.172100013297737	4.178718720335045	0.897094508361434	0.758525047160694	0.2304618298265535	0.721584013992886	-275.19097675618843
1805000	4.267988708502894	4.454911643117716	0.8595914315835875	0.7904557351246106	0.20372482806936834	0.7266548465354818	-274.8467291678571
1810000	3.9402908182303924	4.0654576173797325	0.8954766095380412	0.7582824306772138	0.22904119501397568	0.7052852527183063	-285.3781012341364
1815000	4.024278482603516	4.1680263123897365	0.8616517661960404	0.7986762511312728	0.20451921716277432	0.7310041851535402	-240.74253902583365
1820000	4.223613470911022	4.372285998969669	0.8430232446540933	0.7991477274805766	0.20375309651980789	0.7079952878329606	-245.3950831183884
1825000	3.8017014480105265	4.689468480766765	0.8671870601060234	0.7951360175421278	0.200306144482019	0.7100777255195418	-278.57195969351693
1830000	3.924727295225572	4.176404126024909	0.8952530422679045	0.7778539040072798	0.20437715151268715	0.7032080923007192	-254.30698398324142
1835000	4.220120147875947	4.264305172197815	0.8864559035891436	0.7925712402649435	0.20240228472479546	0.7659642603919681	-234.27978907661696
1840000	4.312539741657999	5.645315389756492	0.8964675889496733	0.796013493434134	0.21435813107593818	0.7115476716086243	-218.98366669731743
1845000	3.990676947800627	4.10333368757651	0.8952006498928182	0.7994188255312952	0.20018770813715614	0.7106037650823434	-237.64876157911135
1850000	4.026269548170762	4.095873737777713	0.8389935144267938	0.7939858427636253	0.2021192004282528	0.7095033222527357	-252.43164772199447
1855000	4.05473919755651	4.058311219475385	0.860605467291248	0.7972513134528888	0.20440200950537055	0.7255318834543102	-247.14314292315996
1860000	4.3711187408547945	4.754502854002177	0.8120309715766729	0.7995525960583937	0.21048082714121763	0.7232731811281511	-223.45090856160402
1865000	4.504346187040794	4.75800899056599	0.8487816666538422	0.795222941034125	0.213131351551364	0.7293446001032746	-267.55104631019816
1870000	4.349382188769535	4.845061233489355	0.895474057331422	0.7986612766724163	0.20181167432480876	0.7502313021665568	-267.07280731362295
1875000	4.225841038500776	4.303821794869816	0.8511214985143825	0.7826427372430864	0.20375790897793825	0.7181741886579678	-270.2100206587621
1880000	3.8273739188447973	4.169859257052801	0.8974766495851849	0.7998619526603105	0.21529132054800648	0.7167186975918475	-219.59025175223823
1885000	3.927454193139835	3.9466645651336965	0.8523934809938084	0.7994040307625662	0.22774181131425492	0.7352954243550996	-207.8034797660297
1890000	3.9956382095538774	4.13076016223113	0.8971391601964747	0.7999859302374519	0.20582259271802092	0.7158270926427793	-227.20352489877175
1895000	3.9372789844775262	4.116731878578511	0.8498258446195922	0.7853565554012619	0.20056452114010426	0.7043488892501985	-263.2405054851149
1900000	4.199462559728968	4.206044142989053	0.8908738186621783	0.7874084984140655	0.20878227930130763	0.7114800916485522	-256.30143102869766
1905000	4.09322862096615	4.451487370721951	0.8764079647585119	0.7885603034784275	0.20725591516811825	0.7080107709434091	-260.33927157593246
1910000	3.9453472872860407	4.04546468497678	0.8412965085891125	0.7864450867135765	0.20033847601502155	0.7043775428808942	-252.14256800474735
1915000	4.920154137786263	5.332646807121753	0.8769562387757113	0.7971007756050195	0.21304044559612492	0.7072100833856492	-247.20629762722112
1920000	3.97900100576604	3.9880011801398325	0.8793176366851971	0.7928742956600492	0.2020518263385344	0.7046327878113258	-233.40309965116964
1925000	3.9224456986349097	4.135235934400612	0.898418751474066	0.7932409779131028	0.20061639885303928	0.7382201849775508	-232.13852546977702
1930000	3.857717317119114	3.9715642819745156	0.8652181806389918	0.7873313851782334	0.20976493470416524	0.7095566382896689	-246.4140312013892
1935000	4.0038461800475424	4.108117761764075	0.8925544549243529	0.7902115561068774	0.2013870104568374	0.7307235292587896	-244.59568537319794
1940000	4.165543730008093	4.307576675056551	0.860526588977101	0.795813067641711	0.2050130629099935	0.7310924126492019	-244.81592182875005
1945000	3.796290887953433	3.8371168386003873	0.8483484377186407	0.7931191546576243	0.21578951120558318	0.7719887460990129	-234.1833707562379
1950000	3.9971338336404965	4.209162469752043	0.8594443429535046	0.7999064660051559	0.20876396214839507	0.7062128416223379	-269.9220862293205
1955000	4.365309351330858	4.392222916045799	0.8592008230942072	0.7985424964748471	0.2113661807582493	0.7043740705780374	-278.8606165793568
1960000	3.8904308199537736	4.076673301321147	0.7853205048054814	0.7967752708610528	0.21193759718098967	0.7079400323209986	-238.72899724458338
1965000	3.9317587412807553	4.191077615028156	0.8782453503164183	0.7937116805192068	0.20403745189500833	0.719124805480623	-225.37972551939933
1970000	3.910515455842202	4.922225614447542	0.8839197390225312	0.7910521825719768	0.21044564288952172	0.7021435330640686	-239.14868548838686
1975000	3.99508954949093	4.44471576307097	0.8955089774798338	0.7984361028720988	0.20760767758926021	0.7180105501008588	-217.2436242996545
1980000	4.425355880688346	4.440556460573248	0.8345587325045932	0.7993022218505602	0.20531184164543323	0.7090564199931095	-239.5385767671338
1985000	3.9427292098863798	4.013136568392829	0.8394333792731201	0.7956554831099828	0.2189879387666316	0.7278301797874622	-248.74193655901306
1990000	4.128017242490249	4.4644193390138245	0.8567678229190827	0.7950066271045987	0.20324336592153153	0.7029493912585764	-254.22687869798511
1995000	4.2732826639120685	4.29912965252942	0.8804600069122267	0.7972486529523244	0.20153459380722602	0.7181375125189167	-252.88169881217215
2000000	4.035109642760599	4.529249645310188	0.8662427573917137	0.7870196052222186	0.20815954272332615	0.7251264640315352	-285.3421462950658
2005000	4.243157693719155	4.400473828147199	0.8638067556237811	0.788972627677175	0.2152742902767868	0.7127951639238402	-259.9230376706848
2010000	4.470823852944197	4.564543066071774	0.8606882447986489	0.7840234493617494	0.2046761511047699	0.7025486723441381	-265.65781063265626
2015000	3.9602322057305512	4.068065893390743	0.8227207430025211	0.7951516451295004	0.20418242716237564	0.733856225679539	-279.29134302534845
2020000	4.103197913647319	4.319547825883998	0.884974600868204	0.7966033252441148	0.20633561173413661	0.7039480765288681	-295.4296578828862
2025000	4.897884702245052	5.429596731480075	0.8492384790514647	0.7853638730385081	0.2014728055585862	0.7009221811636888	-278.6387439594121
2030000	4.0234199979054805	4.106104755998222	0.8383492632873435	0.7855810221990747	0.2028094248136587	0.7039986924618007	-273.30949200494564
2035000	4.38059990129848	4.854014043894596	0.8826736426042253	0.799992077960895	0.20074255464605373	0.7698751249077841	-266.50802822201956
2040000	4.269485631394668	4.334764749347295	0.8518671433565531	0.7961791117761738	0.2028089700768012	0.7246305953325194	-235.69219831205544
2045000	4.13516960299127	4.392429921160664	0.8667466081910713	0.7659284421569111	0.21269293641066453	0.7137790162460385	-273.7856008484246
2050000	4.28772684994062	4.322089931656249	0.7417247737626518	0.7929116763366671	0.20465034212052535	0.7076693491853712	-282.5226550794399
2055000	3.979661970041175	4.269976693700246	0.8778126616153831	0.7919254038908012	0.20729422775133063	0.7090286155291243	-259.53367843523154
2060000	4.063634093773717	4.117778569352868	0.8822314046363924	0.785601138436786	0.20006025146023504	0.7371090263476024	-269.95680147049114
2065000	4.436051723844058	4.694804861927165	0.8630396738172892	0.7972080317528798	0.20800807054194537	0.7562769672403578	-251.16002325787116
2070000	4.08935870875044	4.566120844387053	0.8452972294946277	0.7940610651012481	0.20064292175152845	0.7076244790161965	-261.78764766020896
2075000	4.233946704393195	4.3322661905180135	0.826253326870313	0.7927181881806049	0.2089718454448512	0.7206734160702825	-250.22055721512245
2080000	3.8980887410150826	3.9331641596999907	0.895557972753919	0.7862249470257655	0.22604924651290473	0.7218789154076004	-266.5734032913594
2085000	3.75928148942525	4.787635981367342	0.8822708040878808	0.7894326873186965	0.22523709256504057	0.705103674467632	-231.89010200117096
2090000	3.8345770287491017	4.008145559742556	0.8332218972898024	0.7955866115293915	0.2000159053507009	0.70665811019793	-260.2931162602555
2095000	3.8067982147025208	3.966953664246179	0.890987947408155	0.7969869633969419	0.21675504145594524	0.7378178647370743	-235.7403883002354
2100000	3.7737041603944035	4.378816155357087	0.8915026921868987	0.7950148175274465	0.21308185072667138	0.7224802177227388	-215.45709595232958
2105000	4.071402067574809	4.3449920227968155	0.8128777210742947	0.7953375006182605	0.21164617806760505	0.7166479578380468	-264.5183651568945
2110000	3.83421234460241	4.029824932053743	0.8698918811024793	0.7847940458527596	0.21488822151556403	0.70354991656455	-252.96486989720876
2115000	4.262306438043495	4.320921823987523	0.8613054898094143	0.7993682803600478	0.20501778939674517	0.721206053904052	-220.0524559088206
2120000	4.3388515051520296	5.259845124167396	0.8951044332908974	0.7949869943120706	0.21552812906701393	0.7244147151220395	-227.3369260255338
2125000	3.777100272242902	3.8574363679732344	0.8945041710961704	0.792632297655521	0.20499313852608342	0.7041730201307829	-233.4112028917597
2130000	3.8417525112243163	4.298786251268638	0.8884454583470714	0.7987619613861348	0.20355988202602887	0.7801369371224806	-210.82371024841117
2135000	3.9071994182154253	4.662563092049149	0.8436169540897026	0.797997671384498	0.20176030290454608	0.7199204165996506	-249.42701014480213
2140000	3.859189961003962	4.216653294461005	0.8703895239033443	0.7954387777798055	0.200292723723204	0.7042349019350184	-275.20944268847404
2145000	3.887640423204025	4.04516738299699	0.8833113849819112	0.779934088143015	0.210264545948286	0.7237736847225981	-247.32897352794333
2150000	4.110653719163274	5.685232131339537	0.8763507516741849	0.7878883040966912	0.20996391571050077	0.7011721246759984	-263.27183690116294
2155000	4.127777050350443	4.156616226475424	0.8671591412607318	0.7954467976495432	0.2016709487950854	0.7088237190320633	-256.70705306575053
2160000	3.7762009892077906	3.8800714662762643	0.8293445575876315	0.7993637975806975	0.20177673752831665	0.7363742153378444	-214.51779861898717
2165000	3.964522868618281	4.647994991202071	0.899601447097788	0.7959437765065899	0.20814985864274504	0.7700239847822418	-250.31010556523
2170000	4.0577172326465885	4.207957031967991	0.86133005819077	0.784688275455501	0.20296099308853655	0.7500798180077766	-275.76726748070314
2175000	4.140545576941227	4.198724325435171	0.8434280040327696	0.7963281378611281	0.2050097899277081	0.7080465164940615	-247.06822521522082
2180000	4.363299741958898	4.5360068193732	0.8345859302533423	0.7976616809124838	0.203686330695651	0.7256903841985669	-257.9563928920633
2185000	4.11816446009664	4.3952037492831995	0.874724118398759	0.7963766004527291	0.20127560227337074	0.7155753505062968	-240.66136013171592
2190000	3.8144324927296513	4.255327155101464	0.8921167855386067	0.7907828951571992	0.20464809108138146	0.7211083711266228	-233.3322083065973
2195000	3.9530349927119657	4.344406375352666	0.8834937275472078	0.7985836346169962	0.20994053107069816	0.7153269551043855	-211.6940944705125
2200000	3.9779641970810173	4.4973982119005615	0.886000434954452	0.7974013703592622	0.2035089545152701	0.7196624126259691	-248.74320591173395
2205000	4.0913450630745265	4.153236277123413	0.8874894740277331	0.7876333841972888	0.2181127395004585	0.7845391887083455	-290.195437071369
2210000	3.791875732619214	4.006178965954831	0.8803477875268317	0.7992976238787755	0.20116943369440432	0.7139247986510193	-239.00631825619044
2215000	3.7902954848038903	3.9249664253641114	0.8258769199640095	0.7967940856358322	0.21331540439664753	0.704085778355739	-244.9544263525524
2220000	4.148631226246222	4.212990918916905	0.8322314893440103	0.7977602006767731	0.2035313929400307	0.7730364855177334	-259.3683460895519
2225000	4.214537546354283	4.870367603612993	0.8748805144022145	0.788946797931103	0.20782221555713637	0.7049199060396103	-230.36052863307637
2230000	4.14772489117499	4.3001940415902755	0.8239214388771601	0.7945649935853663	0.20768359851978274	0.7001952977668917	-267.3697849634274
2235000	4.0733584988432625	4.412107727278657	0.8345437742335031	0.7941852629499129	0.20356420256410576	0.7169933128126516	-273.85325793310767
2240000	3.9141107394182955	4.673216903061818	0.8917900883148573	0.7852105928903664	0.20872717517362596	0.7113029280095564	-286.0871883578012
2245000	4.095022895201402	4.732380412212311	0.8681052635004995	0.7821717645606396	0.20021419914114555	0.7182373350339009	-276.4665124888187
2250000	3.897953235205555	4.333466888001562	0.8840131909808416	0.7929729374291878	0.20174387955936973	0.7570114199751676	-235.01105716637568
2255000	3.9312692837329704	4.1933118810734396	0.8686429037850394	0.789286819481893	0.20140428375561023	0.7180875329681694	-255.64717405134013
2260000	4.485676609598989	4.709029475062237	0.8830857558752602	0.7973672232669079	0.20001596907322042	0.717024875634667	-230.89327441049454
2265000	3.7739249442239196	3.8558301592916364	0.8882821053110141	0.7956343637672774	0.20428191371331814	0.7137848591895001	-250.1304379331753
2270000	3.9263622136552434	3.9886707574837215	0.7977453158375936	0.79329526562645	0.20139102216678303	0.7048023742272203	-274.4236195863077
2275000	4.553239195467912	5.031208145605432	0.8127216767193993	0.7990405798596366	0.21820556845976308	0.7224533659890129	-275.70002727462094
2280000	3.8533548910765343	4.317697414034101	0.867935585346571	0.7996805945821197	0.21552043301054943	0.7341898152809223	-267.0277244905498
2285000	4.1536761447873385	4.392177191884099	0.8939943178036401	0.7892450107954524	0.2030020039050941	0.7299023973160848	-253.92414706098754
2290000	3.858412350879775	4.3455561802589955	0.8609315017041043	0.7978600062316636	0.2003855392770079	0.7048887552442061	-231.5535478553062
2295000	3.869874724345111	4.0742077126613365	0.8482617063992179	0.7936557247876491	0.20721624882517808	0.7205988326629501	-223.71559762090618
2300000	3.75928148942525	4.097867869445104	0.8725671980164116	0.7954416409656171	0.21069880545568556	0.7298823110501245	-236.28007655224496
2305000	4.094809841274728	4.564411500119082	0.7547867835758543	0.7934371519677582	0.21069490373228228	0.7313676710100233	-294.0029304374085
2310000	4.164575792283665	4.460294190805359	0.848675087096994	0.777782441845965	0.22226836816409942	0.7183676422955987	-284.1107279039335
2315000	4.083946965182875	4.095807477397538	0.8323263243692532	0.7803172036220379	0.2000399515154548	0.7061272818366144	-292.44343147374815
2320000	4.3316200404437	4.740768115379426	0.8676285651725691	0.7814681740107964	0.20539639873752238	0.7056868811435447	-299.50705877483466
2325000	4.350917403116311	4.501155701437982	0.8469149902350681	0.7884974225226132	0.20039536964702162	0.7163883621665253	-284.49652984171564
2330000	3.9768196088849552	4.205644978997116	0.7659640045535222	0.7883966341651854	0.20013562726707787	0.7157017572018486	-262.656915566458
2335000	3.9141500693101787	4.085085406854022	0.8472073157782649	0.7929087570249949	0.20052107639134606	0.7038079128340052	-238.8521622711005
2340000	4.081441069380592	4.269150085751356	0.8660853391995752	0.7968116741123049	0.20504831849498406	0.715612737513865	-270.870013657852
2345000	3.8134102108612677	4.106845740458358	0.8720171370442573	0.7976201461438838	0.20399728672570502	0.763467323919198	-246.2116096664657
2350000	3.890737092047359	4.10704049625121	0.8599442942370941	0.7831309501541104	0.20562641350925018	0.7151500938603718	-262.65969656767805
2355000	4.487584859376342	4.900587686271831	0.8938147283956753	0.7907412085565908	0.20389426217176046	0.7373237991231532	-263.3484484611487
2360000	4.109065284046305	4.326252919112375	0.8017034666105365	0.7962595412418956	0.2100798221540637	0.7020862963093386	-269.9209760708577
2365000	3.977364988601529	4.227578715348309	0.8651802205450172	0.7888465528390753	0.20250194608664793	0.7228477021033385	-243.84480362335978
2370000	4.2532546683139	4.458896958166345	0.8951846352174504	0.7872638971756276	0.2015531533119797	0.7014767276736702	-241.49904321337135
2375000	4.092973731968469	4.124456528793921	0.8827525197202606	0.7754195651109363	0.20095252261267824	0.7340211608068477	-266.9522886940445
2380000	3.8933788581103044	3.956229521221718	0.8924863985995721	0.7996797977037144	0.2180961798872213	0.8442713863536018	-199.94442768199542
2385000	3.817243667289223	3.8766871501886913	0.8892152539038447	0.7912625390147389	0.20802879210327369	0.7148653652592661	-213.43685277253115
2390000	3.75928148942525	4.340268816302645	0.8980487671192502	0.7859412466395077	0.2092673439496294	0.7801391916923859	-224.39802174171956
2395000	4.53320693363646	4.567489505070096	0.8333466638706635	0.787881705853763	0.2147134875743621	0.7232168634746446	-249.55936828434938
2400000	4.476055817848898	4.532215899421573	0.7804293592736289	0.7999275636957172	0.20150807791110042	0.7688144553265023	-266.8037233814508
2405000	4.180193149055001	4.234672450600084	0.8760875562007414	0.7962761379342207	0.21100012535819362	0.7295331442197877	-217.17967274040814
2410000	3.8524561016280665	3.930308947051683	0.8141748477830327	0.7952710043223911	0.20183137293333783	0.7217078260260026	-279.49836523334614
2415000	3.8308352969870683	4.955949210340745	0.873761185645404	0.7994276127217097	0.20585599160481352	0.7119358625252258	-248.9677311067737
2420000	3.83268188347301	3.973896499343773	0.885840538868151	0.7942965641632984	0.20963278103255822	0.7070037838614317	-235.05386859199066
2425000	4.024542150063841	4.294400610433119	0.8517595845498127	0.7993665511139324	0.20820852037684184	0.7077422526572374	-257.10649065315044
2430000	3.8860102116801065	3.914139672693418	0.8791745879121805	0.7888095952291003	0.20191149916661671	0.7151701092518923	-240.96407056421648
2435000	3.896777259395383	4.690775796263169	0.8914184700626087	0.7634684055472846	0.20161923231021228	0.7115517877337477	-300.5800416082612
2440000	3.888355666654363	4.427481038681287	0.7731902456726192	0.7870345538846435	0.21110932144584169	0.7037181695248729	-307.9021420297918
2445000	3.768181047736162	3.893730630148472	0.8571636660581189	0.7900423734955929	0.20091834650125903	0.708130894337452	-285.54993669989364
2450000	3.8568892374964983	4.265631752172103	0.8289186982391529	0.7952629403147948	0.22290231946870154	0.7016555766565061	-250.83952343690174
2455000	4.062427527754434	4.165084670413035	0.8565280491083713	0.7929333729051611	0.2221560335247662	0.7151472092270174	-241.74875026241298
2460000	4.163606993689818	4.218627744842622	0.8656736374957179	0.798327037592702	0.200046196414282	0.7177291855361487	-267.39802959973093
2465000	4.126467993409363	4.879050123151543	0.8145161296361975	0.7991428599065592	0.21526979187323395	0.7091508213165049	-286.3381107229051
2470000	4.238876408494867	4.942666091874622	0.850310601534488	0.7932117632113297	0.20098600740984793	0.7000360730160201	-255.83765960111174
2475000	4.222931651223564	4.627988557428696	0.8747279956771499	0.7903081994672874	0.20178939619716127	0.7025497077364321	-249.91175140680505
2480000	3.829636183694842	3.8911090847358416	0.8766442438795444	0.7988705542102357	0.20932214236265717	0.707485351093775	-212.09057778672496
2485000	3.8403144400416704	4.30952295789148	0.8975515739311171	0.7986870153299671	0.20701013040696953	0.7130871762972081	-214.19836805743057
2490000	3.9127689624720396	4.150900237060311	0.8577782787401764	0.7991102836748443	0.22612273148233925	0.7019015550471042	-205.77507292093597
2495000	3.958818498616444	4.553688915870515	0.8542041771907983	0.7978041627343965	0.2064056564861991	0.7055717030387828	-227.80280991497887
2500000	4.514961417592304	4.716988285088974	0.8439779891896717	0.7882808952366114	0.2249032228620741	0.7308516200085465	-240.0187428411127
2505000	3.989283500604855	4.76689682857421	0.7919002840901651	0.7995171919916086	0.2004087758843274	0.7123877420727374	-255.2644326610768
2510000	3.954777653028805	5.323508102037071	0.8697339026655153	0.7773351509065174	0.20900777855441569	0.7380931461651649	-314.81548837788324
2515000	4.131009056607126	4.517419020977469	0.8013262963241088	0.7979002400832469	0.2133171710213614	0.7368873323601235	-239.76076871784318
2520000	4.041637397812112	4.354657028396203	0.8788883042361569	0.7958936077941993	0.2045609212849089	0.7063568468370769	-193.7153466738264
2525000	4.233796150893471	4.368763098679294	0.8923587346331959	0.7977468402750697	0.20762202526892778	0.7274810762446821	-224.92753188397782
2530000	3.9399666563708817	4.411742418170624	0.8885519346676732	0.7949547529707865	0.20048413780655114	0.7160754830936453	-281.6094756227399
2535000	3.9141683002123404	4.310329964497819	0.8919813374568095	0.7787779013011721	0.20538680843775475	0.703907040458017	-251.9842899000862
2540000	3.833079380282578	3.9460970639855097	0.8742615303560813	0.7957654829867068	0.2168940774994716	0.734433762593107	-275.0340531160603
2545000	4.024386837080017	4.373117307996152	0.8862170936107613	0.7870541007277417	0.20733392568495712	0.7390266930053624	-242.53783211541736
2550000	3.8670503112347645	3.975200344745676	0.8692785584217518	0.7994735058080082	0.209454134915754	0.7073067090508313	-257.62991594068353
2555000	3.954667169121216	3.994292881974598	0.8864886176899903	0.7940999356130405	0.2043528980458137	0.7059351145532335	-226.43990235045723
2560000	4.131433971653608	6.874983320879313	0.7993933059598811	0.7973724773559846	0.21408368230558755	0.7103299814411578	-286.96240125827654
2565000	4.124412608644138	4.641078951643657	0.8172542539994505	0.7836834031901468	0.20186510408757347	0.7052554472935297	-268.01982829278353
2570000	3.8063051068264717	3.8865299197486354	0.7427464043624706	0.7951237419900598	0.21967725652047054	0.7127723794960714	-291.01777044219375
2575000	3.7988473025753504	4.548818390240583	0.8827160630750597	0.7996082650990343	0.20218574941306006	0.7217734316937495	-253.06199090458585
2580000	3.7702700675905203	4.5593535513423475	0.8856401566210023	0.7943370130101455	0.22540687655575203	0.7115372631033365	-245.62400232632672
2585000	4.068600827744003	4.130279032332904	0.8836770486937001	0.797182748687648	0.20268889228849127	0.7404108460349472	-245.26872452363824
2590000	3.994190303901729	4.326225265398793	0.8725139492953087	0.7984069440260835	0.20244550793610408	0.7283390359545746	-213.50539412255316
2595000	3.906810858168592	3.92056939370658	0.8202533195171271	0.7977029252393699	0.2195263570319703	0.7317920398567517	-243.42034832992096
2600000	3.9986449921800484	4.122499707271416	0.8435062038936796	0.794034709704411	0.20115216360727436	0.7277432950904745	-267.96219615169895
2605000	3.965551201155863	4.113365026781023	0.8770073472183795	0.7888807995814185	0.20001803953735997	0.7160012181096901	-276.99836733637255
2610000	4.136633709851871	4.304260910918304	0.8473246880023156	0.796183539226087	0.20444456165763247	0.7074340025767046	-240.57579591309687
2615000	4.24480776005126	4.384050694591311	0.8534864889972493	0.7944806438935443	0.20094853426347184	0.7323705848335643	-233.71903380715224
2620000	4.315401926415691	4.325564739239185	0.8837077628190514	0.7939128215797565	0.20504739700831423	0.7007434718819109	-229.6443349917743
2625000	3.8585563773088003	3.9878386157247485	0.8990616603216216	0.7960309124620331	0.2217650082549686	0.7495875332244317	-205.58329601426033
2630000	3.972879874279437	4.067408483584783	0.8976226197643947	0.7991601331588206	0.21718685051848835	0.7069042289822817	-203.7464199994945
2635000	3.8309898504371103	4.608630004323988	0.8776653382012742	0.7967694867550951	0.20588049473174436	0.7117452469428276	-242.387337357434
2640000	3.8108216643006254	4.208298090142536	0.8399543537806777	0.7968757996591351	0.2018837312286078	0.7156030667929824	-245.17232201114507
2645000	3.9208711055320205	4.062561648515282	0.8768150476920135	0.7966879951922046	0.20597592672840698	0.7082674296957178	-222.53135403311873
2650000	3.773076405849204	3.8591913986116255	0.8817797918570346	0.7999175928706453	0.2006997934546438	0.7170602899451245	-236.4241035130625
2655000	4.095740165418301	4.220866105601507	0.8681361580230534	0.7894283650861225	0.2056643705036033	0.7090174647825281	-277.19202406480997
2660000	4.048079239814856	4.6973823507363015	0.8900824537779515	0.7890643027323059	0.2074624255566647	0.7012292386072653	-238.70915177448222
2665000	3.8342561000199615	3.8940404960262955	0.8974951958086359	0.7910177066988557	0.2083253010121962	0.7003726334048368	-232.53647649702847
2670000	3.9664226680929473	4.044236244747847	0.8984487914407135	0.7958732116382164	0.20131600613817285	0.7085615593489523	-238.67908613535022
2675000	4.02114864633547	4.114035021549881	0.8910596440003996	0.7929992964528242	0.20764561647448782	0.7299556153773288	-253.09770943307637
2680000	3.886430491577243	3.981400897050546	0.7708953503974412	0.7947696798716726	0.20596393762867288	0.7043267945967687	-293.71162353965997
2685000	3.798400994420254	3.9150104521826203	0.8906439861082239	0.7962671659035182	0.20002001722835763	0.7109192532314568	-243.81389569805165
2690000	3.815179783332811	3.818658158386549	0.8628331057335519	0.7751203430538425	0.20783483796493013	0.702774149065873	-277.60015738536543
2695000	4.146030983869907	5.322602835651945	0.7421927395514605	0.7937325547418765	0.2076990622709519	0.7000865856003604	-278.39866823139147
2700000	4.449685952968889	4.452209936368333	0.7483857246998724	0.798975090720796	0.20334669954285264	0.7076693659888028	-280.0275855127917
2705000	4.011867674541255	4.167724301921572	0.8846061756897601	0.7900956695725554	0.20056738445248204	0.7160682876152337	-260.08589878387414
2710000	3.8446744439321168	3.9101243173835467	0.7865937273378363	0.7919928627523608	0.2008656379100311	0.7036383676609808	-266.20622839778656
2715000	3.8701598805365616	4.760186318079294	0.8551729819913729	0.7897044620369914	0.20041267953742997	0.7075333556584553	-274.5457793404546
2720000	3.931887304138075	4.075922596526459	0.8394933714734353	0.798654312060703	0.20779036423380992	0.7141935026603784	-250.15368666245126
2725000	3.75928148942525	4.242849756878772	0.8621740636177985	0.7974648828681938	0.20101038089677872	0.8021191655120574	-245.4104067793347
2730000	3.8246062872913154	3.9856484756555757	0.8965101890636983	0.7993207143690293	0.2103932658831426	0.7390127057162454	-226.85876309183166
2735000	3.992964089163791	4.225908426694746	0.8760067392202041	0.7975337489364009	0.20050664527731976	0.760429336794839	-234.84426086870678
2740000	4.312144373267243	4.325781937504919	0.8856488952808446	0.7883276090807253	0.2139494494059591	0.7220810078858584	-226.49880198590944
2745000	3.868062864183397	3.9350296662852347	0.8923650312726371	0.7952368127393502	0.20061903143034818	0.7296419126173812	-235.9774305262667
2750000	3.8005745349368354	4.006243527656061	0.8871125672377009	0.7916512746725887	0.2037601735475332	0.7252471001120682	-251.43939453600143
2755000	3.966791122609239	4.194876363669974	0.8986692173275962	0.7986668120865171	0.2088318652878701	0.7307307876987303	-230.21414375639665
2760000	3.881284513875926	3.9144969977717596	0.8764970304701605	0.7863386714162696	0.20948387279049638	0.7065497971406899	-232.07402988838376
2765000	3.9466655254576906	4.264791441720888	0.8971643536073329	0.7980650773111037	0.2048619552881068	0.7514583054505539	-231.25930018990712
2770000	3.9204157729388647	4.126508818911781	0.8399577832393139	0.7972691948501531	0.2069779497415334	0.7090149018889359	-238.9918096351495
2775000	4.184775035706699	4.4991853825813495	0.8752422407560699	0.7860678251027333	0.20591169115286914	0.7191768292586119	-257.3381433648741
2780000	4.193029036379116	4.626314607068601	0.8542443498297908	0.7983765641941173	0.20340770847811926	0.7280308478024405	-204.28849837068992
2785000	4.6675511399898255	4.98062532311058	0.8887123535771918	0.790653747840941	0.2058550538587258	0.7127270135752569	-218.94026948322394
2790000	4.068810630834375	4.32566452773681	0.8864410002572597	0.7804339308829241	0.209678543730845	0.7733745783837864	-271.58594041239536
2795000	4.001718144549894	4.203564411486601	0.862618232607544	0.7963739516288145	0.21031903419816078	0.7117185336812196	-245.64556427651038
2800000	4.11598901175094	4.135581953011975	0.8764440237144451	0.7884129774895173	0.20689403539956167	0.7398710597771471	-259.34761803580784
2805000	3.9574676222538074	4.383866580018133	0.8747840868239767	0.7865381636498386	0.20108673131505125	0.7105860211986645	-239.88501267215122
2810000	3.9801653096276786	4.25223346682508	0.8844810081969052	0.7979773795459537	0.20152273387827654	0.7182328422977827	-264.5829527264904
2815000	3.7831741106771517	3.9859304642318394	0.7554074774528241	0.7885492173933509	0.20633373501623462	0.7158363964953498	-317.121675325465
2820000	4.369565504951293	4.40928765000315	0.861310157170382	0.7784064896488055	0.20121551723378525	0.7023498376443473	-300.10279878196866
2825000	3.856694253384552	4.305647652624155	0.7929127751211642	0.7925738462404193	0.20606492091170986	0.7094564598358858	-261.0516012655919
2830000	3.7995014878323556	4.242878841411874	0.8462276661999664	0.7941348886927894	0.2033474713545661	0.7272839617703746	-263.1093015649181
2835000	4.068395950048952	4.631202633229438	0.8626102009527981	0.7912361904247857	0.20343390235793526	0.7171778272525885	-264.8146236738142
2840000	4.369627149291904	4.3869955303533175	0.8502210856071917	0.7851316717873853	0.2132272289467746	0.7155970560464873	-276.3953919947762
2845000	3.934926098402775	4.356180181437714	0.8945621768141488	0.7862885563863209	0.20550850859707645	0.7665561851656639	-219.67230738407713
2850000	3.75928148942525	4.129555534123066	0.848924801522703	0.7998828912014061	0.22638718642209257	0.7125236935552353	-240.06060377458147
2855000	4.013844202634743	4.02784675280339	0.8767701133362893	0.7995742649642388	0.20195773827239236	0.7134931334894589	-212.9446461954918
2860000	3.75928148942525	3.787957886361759	0.8856383639638729	0.7993558700793968	0.20968542525343847	0.7035802009964431	-230.8725009034961
2865000	3.975230641892375	4.144655077677348	0.8797005429853915	0.7939199457526519	0.21897153175068315	0.7044497522583886	-232.09102516202398
2870000	4.389773296521018	4.530422565651157	0.8904763158978002	0.7899379512695002	0.20627835018828405	0.7118177818368948	-244.38285058390417
2875000	3.7889977531546473	3.8411942106545167	0.8400018908270558	0.7987815943381592	0.20940783315253006	0.7039197769844483	-241.68117741164264
2880000	3.8543042310150764	4.119907318591675	0.8989808115311214	0.7744297270295906	0.20764872521582303	0.7063420201083076	-278.58294892455893
2885000	4.074476613039359	4.286535102155629	0.8316766689954697	0.7978692077166143	0.2016340167945444	0.7130535427591396	-262.7231335641426
2890000	4.210024172143409	4.297337080500148	0.8849349673499088	0.796436762767386	0.21159952595505752	0.7077251580441073	-262.65852962331
2895000	3.828802152891486	4.3548055742364795	0.7523364740627512	0.7968908565682551	0.21948325751026515	0.7158451933081879	-275.0139039292382
2900000	4.536695538865481	4.914065432182478	0.7528993802363162	0.7969792310439269	0.20599363213197955	0.7046901557378299	-300.494327384085
2905000	4.14806982577889	4.355800424992028	0.8400575818577853	0.7840513403473828	0.21155052134985516	0.7046001231807515	-266.062778140572
2910000	4.223099115264214	4.31633129927312	0.883892185040848	0.7922634122630721	0.20014125034216926	0.7431717376337273	-229.95339928754865
2915000	4.185616634311921	4.190457538597774	0.8843943785428311	0.7990683723738088	0.20188084136751402	0.7344238236665811	-235.32517138447008
2920000	3.912600767800048	3.986154652900932	0.8898780471745986	0.7970611248766892	0.20139479140635533	0.7108749443586407	-235.2804076426455
2925000	4.113991519941424	4.380057474139494	0.852972773554423	0.7961306389599095	0.20188814145198947	0.7679709238254099	-268.6752142255354
2930000	4.120194393939003	4.126866698933956	0.8655061644419507	0.7999946514175561	0.20243506703668054	0.7029471020985714	-254.01010909523671
2935000	3.769337638900996	5.065550389958485	0.8541381923412312	0.7980939590556765	0.20363604389796783	0.7100696264667749	-232.15513453251398
2940000	4.109444428450724	4.200712196493327	0.843796156323502	0.7982655459968688	0.22038725251139807	0.706194113478258	-255.10108921554757
2945000	3.948450126353392	3.984896003856367	0.8741730139935234	0.7928796573222059	0.20425104404138622	0.7071901310738179	-257.0893288716451
2950000	3.976625516985636	4.02957229725457	0.8629618592843193	0.798622581562463	0.20434613100617166	0.7099480611410512	-255.23972332065512
2955000	3.8716865257465427	4.801627596418376	0.8166620235828669	0.7996090543530447	0.20347297967819597	0.7224732831830998	-262.2604299679501
2960000	4.216636366127363	4.529772214330583	0.8033332869712514	0.7979969324797208	0.20047318654111662	0.73741729245204	-266.35125482770184
2965000	4.137531461416901	4.297963472842607	0.8643298052060613	0.7948109734614099	0.20129794535264442	0.7176788765988894	-297.191718224189
2970000	3.914803513494788	4.2965069659989945	0.8789193627312804	0.791019036559598	0.20858059370030466	0.7143425340171317	-256.2505320927474
2975000	3.800189034263507	4.851064128625023	0.8414973299736774	0.7973563884880313	0.2266403440483052	0.7320419882739096	-230.15209246097072
2980000	4.19576663320025	5.487549634641816	0.8969138504602908	0.7895382461672191	0.21353769286971147	0.7178798465227663	-215.60164482164657
2985000	3.9977007426977145	3.9979674731219954	0.8997387901601451	0.7799008692092513	0.20270855002651092	0.7045632066008481	-244.38762172796052
2990000	3.800142347764079	4.061261768681173	0.8425586157518031	0.7884144859662545	0.2078188860446859	0.7054540198926985	-250.12003702399366
2995000	4.012142374362275	4.381297507377258	0.8672582514313111	0.788536351374257	0.20744143489259473	0.7040861442301651	-246.03024532533598
3000000	4.057562400481919	4.336236276124527	0.8069001772362999	0.7969994207720605	0.20099673419729214	0.7160199687176515	-275.7950815433757
3005000	4.40177039288373	5.509593940158703	0.8348458072915367	0.778114439209694	0.21015903977562134	0.7438052688021476	-268.68193679713073
3010000	4.019131914918614	4.163926719332286	0.8998025852212698	0.7949774331207616	0.2064322417335029	0.7262672685005342	-226.86179096548273
3015000	3.874596978463577	3.9644788009556122	0.8869841708388537	0.7972432660485197	0.20065214770739528	0.7251671751295535	-204.43390669565923
3020000	3.8638474437348305	4.045288868506075	0.869488249829202	0.7997568455125752	0.207408461211008	0.7068955614546525	-235.87222278408697
3025000	4.216937808546476	4.388463326431103	0.8552435502832817	0.7986043836619073	0.20577711904475726	0.7160626119572522	-248.04553853841304
3030000	4.168654428536113	4.426397596692974	0.8236231690785092	0.7851032184536092	0.21957316755664366	0.7070552724263796	-260.37489308376433
3035000	4.079065424973393	4.28678092736786	0.8335888162114027	0.7769201762492177	0.20627658792576828	0.7002741899602851	-266.4540922782403
3040000	3.868524747346916	3.9567791889210935	0.8373117893681749	0.7895107799493015	0.2109217306843782	0.714089833876123	-277.2382899113478
3045000	3.8022981468499975	4.012623305528141	0.8192202877189079	0.7919238302456059	0.20581089204812827	0.7046677058091178	-256.99921838068303
3050000	3.982882757761604	4.352495793669785	0.8935881909599499	0.7992124569338298	0.2017815863838919	0.73318349364469	-218.04328609919668
3055000	3.8553911890166725	3.865814466233651	0.8919942140156528	0.7962665042906717	0.2233932977253325	0.7163237235975705	-211.71703989264827
3060000	3.8929022698555245	3.900564608102043	0.8953031653126591	0.7987963536752798	0.2102072584208755	0.7524518873117801	-248.72534792075467
3065000	3.8056190942692356	4.085540700445894	0.8599032801787911	0.7996543575759063	0.20037847786687768	0.7012801101581728	-244.9553703035164
3070000	3.9398642235739754	4.323655095594536	0.8963725501016006	0.7981827185278444	0.20472805444628953	0.7176563753373422	-233.6414868177754
3075000	3.865113579692192	4.046093407054988	0.873558601010345	0.792142141401591	0.25015636495006166	0.7293377414638993	-235.76134904958346
3080000	3.837702131808533	3.954806436684452	0.8957875614091214	0.7935340052214362	0.2044077280242071	0.7130225615773007	-235.03985475989225
3085000	3.75928148942525	4.673823316334554	0.888023004835257	0.7976231853023518	0.21176225670503562	0.704673729246782	-243.58913644163565
3090000	3.9501907561804748	4.50448085091453	0.8446382184247235	0.7994610042827724	0.2043944251734157	0.7187896339858072	-267.8279874419183
3095000	4.010420363463227	4.487545942663138	0.7972882792664645	0.794080121680248	0.23753219179876278	0.7009556483700357	-268.7760485511965
3100000	3.75928148942525	4.214054551533981	0.894465749804163	0.7962637474164671	0.20301256536510187	0.7281832015587324	-244.81899494167723
3105000	3.75928148942525	4.001491629759479	0.8995363893013337	0.7912691759844013	0.20238948439548024	0.7552864705973427	-247.4919547092964
3110000	3.8326004536961586	3.872286938679748	0.8484447367290602	0.7899452885396032	0.20941533858294248	0.7001563815476408	-258.1704436202316
3115000	3.77882332758536	4.165857524982504	0.894141118051196	0.7848615658259126	0.20004563511485168	0.7472369191139615	-241.23960350532167
3120000	3.80070631268318	3.9555229227545943	0.8864560481353161	0.7978835530893661	0.2003809736645283	0.7120241817221981	-226.9973361488722
3125000	3.946297619324579	4.605665381587025	0.8737186612807247	0.7815287748493733	0.20472009799752794	0.702780027238705	-277.88056325554646
3130000	4.129966872259761	4.224971041161131	0.8341713149655836	0.7959243288489608	0.20979242963251388	0.700826276373689	-236.64462808489162
3135000	4.106011805426773	4.192872660460202	0.8431091076944345	0.7931256272615697	0.21409021165049713	0.7188248579812011	-269.87565667695924
3140000	3.974344551737421	4.16903855401764	0.8320377098228092	0.7764844981248687	0.21818068099959084	0.7386636070947985	-282.9401777832519
3145000	4.267628932589425	4.274988609471176	0.8082388500778197	0.7855139968615671	0.21566199046372037	0.7175037832953056	-313.61036171558993
3150000	4.167936424241547	4.350937065243811	0.8118043768192563	0.7997727860427017	0.20317394869790587	0.7185885730985939	-247.26167063844662
3155000	3.8677166785242942	3.97345869343865	0.8972601137326384	0.788483887723545	0.21609536797286835	0.7027387305185483	-256.59334457666245
3160000	4.024328980271893	4.3025258076219055	0.8741964881964169	0.7923695587793939	0.20115415761815023	0.706610680096075	-293.8464189407871
3165000	4.1051618361613205	5.017455519146297	0.8781025167988068	0.797041655142243	0.205044268998831	0.7629082521906085	-248.9261962181494
3170000	4.070640380615616	4.112462554081453	0.8792556916109144	0.7827421161532937	0.21619568722122395	0.7089011366028499	-239.7506972444805
3175000	4.128920207952445	4.168252361810951	0.7856393620494083	0.7913504640270561	0.20231023017379832	0.701770350185301	-297.25721501075094
3180000	4.038088513807939	4.617517861231584	0.8785248675163883	0.7838655982920872	0.21330928097870852	0.7087421644016653	-286.89407036110396
3185000	4.165921185769489	4.396376156891745	0.8066331771096686	0.78513907606593	0.20923624929784737	0.7061838408272203	-263.72748767261737
3190000	3.8500435350778948	3.9144821042128357	0.8664522751554176	0.7616315877248936	0.23795430340239396	0.7057441294825049	-276.3872747307538
3195000	4.070077677864537	4.0738752358542	0.886472543909994	0.7842267351217622	0.20221234579837472	0.7496412206793074	-280.9313404488957
3200000	3.844957429133484	4.046733779807914	0.8436533100271536	0.7712883563266295	0.204984733995507	0.72825288586249	-271.3178902107268
3205000	3.9934681935000023	4.318428608947083	0.8972634920884243	0.7927903838515554	0.20517918385583125	0.7008812330031483	-224.77910233427878
3210000	3.837701053200584	3.9459006332897713	0.8828507721515455	0.7887692982718904	0.21236838308281453	0.7538773893644403	-239.57424703368423
3215000	3.88395743513437	4.248909165871879	0.8879572474612466	0.7898162749704181	0.2003361119011831	0.7054160113163238	-220.19536891085468
3220000	3.9879876001450634	4.046582220159535	0.8848332388334714	0.7941936268110863	0.20943810865114504	0.7091953690390155	-254.4407760060045
3225000	4.140438770909538	4.654093484376428	0.8790579099172645	0.7942667704041405	0.200180534735659	0.710050822308045	-250.0280036525112
3230000	3.940257371811048	4.042493835546546	0.8367256625438959	0.7988656798748559	0.2060867307195615	0.7020234086355164	-256.6139846248218
3235000	3.9429011317289557	4.572808537625759	0.8549245310063985	0.782762355593784	0.20073231604577363	0.7004113157480577	-289.48738888041873
3240000	4.114733431610478	4.123329418359043	0.8426381577348292	0.7978048909186537	0.20284388901321598	0.7004223360530669	-236.73972504943853
3245000	4.446591614717648	4.715181360717239	0.8772384231593108	0.7954069790515126	0.2004676445390343	0.7084372850237677	-232.51714901205733
3250000	4.084748030850975	4.101966471436385	0.8907403104256433	0.7999009073430646	0.20706226078575252	0.7289358034699837	-241.321014542051
3255000	4.165629370040132	4.233819125983472	0.8829379961792327	0.7863640976714575	0.20545258147598927	0.7109167596360935	-261.1270484390724
3260000	4.1160915714937305	4.334536621536943	0.8767449221197139	0.7885630781732791	0.2035861047076906	0.7162877827467854	-252.63152281206345
3265000	4.025666610150232	4.057425936904705	0.8812775781577045	0.7886376581635212	0.20635921555104533	0.715907893834018	-256.9061756764638
3270000	3.9965794778848145	4.367389222447109	0.8251047174898911	0.7971569193455029	0.20888071472837855	0.7356105158685827	-241.48434890287547
3275000	3.9478534437251236	3.971722768787022	0.8467265607203525	0.7990199393419714	0.20518110556270852	0.7916846991811902	-241.55902353091557
3280000	4.1793054899213145	4.496870314330627	0.7872064228152329	0.7901729912011545	0.20171197361160895	0.7362799223474147	-264.03226110497997
3285000	4.041432526747052	4.383967864167133	0.8862441749134573	0.7944215761976953	0.20419604311694015	0.7244052758879488	-227.62324724197452
3290000	3.79524871967579	4.478882458170897	0.8888348250183068	0.7984669942030677	0.2034045728449195	0.7432807993928219	-242.47553862679433
3295000	4.136184997789735	4.165085598681968	0.8935735526838603	0.790664676673648	0.21687422601260034	0.7117640727553464	-255.7626249950244
3300000	4.05521346799507	4.2017817312513195	0.8817947848946608	0.7963379771494793	0.20035500094867859	0.7238013246761601	-226.93001677436465
3305000	4.183869887502296	4.4793041030284675	0.8749847004824769	0.7999874050179049	0.2149076600310952	0.738578305251055	-234.17862527808356
3310000	4.490147419601731	4.8834221703692124	0.8669777494686967	0.7923629199246901	0.2024214955038305	0.7194305349095883	-245.4213313253675
3315000	3.9226687881002116	4.155147511068693	0.8916296412331637	0.7905593500800069	0.20675824392927797	0.7236572783143406	-271.97861385504257
3320000	3.9188781643370114	4.227356329268533	0.8918734849072946	0.7825938375170035	0.20103447794436544	0.7166189487628363	-275.8042057232106
3325000	4.059830274431969	4.376140659761179	0.8060161125860833	0.7785668241392666	0.2069225239174433	0.7144790099262426	-299.14410813811253
3330000	3.8028236289201756	4.746196174171137	0.8414877879965929	0.7918075742453998	0.20485247961927905	0.7097597820509662	-260.6352029142916
3335000	3.785237144756813	4.39297584165121	0.8641717825891708	0.7928360298097652	0.2061622950667579	0.7975632679536557	-208.51441854233718
3340000	3.892797701705237	4.010289991480043	0.8278687008252484	0.7842119592296957	0.2059046634143344	0.7194261379138726	-288.0958647399983
3345000	3.75928148942525	3.9198896825433365	0.8035617388387161	0.797923123349322	0.2057540608344079	0.7478221671177656	-277.4972606249055
3350000	4.219852648764333	4.660215022269891	0.8939417956139979	0.799586171039261	0.2053264827316966	0.7265273748916068	-270.65908001044716
3355000	3.9384033965104246	4.535041777108594	0.8978629266884547	0.7779291596351536	0.2050622868759748	0.7105865514761461	-266.80166037464073
3360000	4.014086056337194	4.079235014278875	0.8111042618341362	0.7980037194725108	0.2173134974335968	0.7351116537618942	-250.59355709600786
3365000	3.7801140600556735	4.3880657708723145	0.894288208399404	0.7982106663778843	0.20436063061644022	0.7449638635124428	-245.28520125265004
3370000	4.11189694441771	4.26979442802664	0.8698186365506261	0.79230315831891	0.20278485111941566	0.7094460590644316	-244.90789795808604
3375000	3.778094693412959	3.878646707946016	0.8668021347741858	0.7999852668549804	0.20309173474197859	0.7295251673826153	-265.11408930798973
3380000	3.8599527127261952	4.055303002691877	0.8762507649227578	0.7950180396154154	0.20188681301045633	0.7511613323145339	-265.5333778743042
3385000	3.7746697316375095	4.301102053093556	0.8900462466854983	0.7994733618471158	0.2070722329760739	0.7158403441078932	-208.9471647130456
3390000	3.836513442797323	4.398781342867909	0.8630770086869537	0.7910731158809293	0.20809056470011839	0.7230203180663312	-260.33884489233236
3395000	3.9437740108255834	4.383338484262943	0.7970653011370458	0.7865833589223773	0.211319175933724	0.7059522140908395	-276.97700164781025
3400000	4.0052340113753875	4.2199778607187	0.8013135828015497	0.7968305664950365	0.20702244613321405	0.712223184754863	-289.4393171693496
3405000	3.8285293492045023	3.8288162413040814	0.8856324378323814	0.768184520946434	0.2002564557805961	0.7081538221579103	-282.45516947892236
3410000	3.861743213270547	4.117390568117831	0.8330336541916274	0.7966109927195071	0.20021669293542524	0.7170642249603874	-262.14469240920397
3415000	3.9499413453977636	3.956020460117114	0.8452427849193592	0.7898344410561822	0.22633027699600775	0.7386404153174064	-254.26967980389105
3420000	4.032513460803142	4.213119752894431	0.862392675660339	0.7971248797560381	0.20394951886204932	0.7074365467320377	-259.9621051530673
3425000	3.944036620038278	3.9974025346864197	0.8489860007236234	0.7919297712922208	0.2012436182986185	0.7312134943665666	-281.5186972756344
3430000	3.75928148942525	4.004700785025473	0.8415943767746767	0.7824234644049342	0.2076705614158312	0.7088964729959313	-250.43320081778765
3435000	4.137115718203547	4.606733353983427	0.8457887921268991	0.7764441777354633	0.22010299619557427	0.7283558619276407	-259.47563911134444
3440000	4.012863219958806	4.696111046661838	0.8120181768573582	0.7930768884624539	0.20214782618748897	0.7007395388706126	-272.6217115247005
3445000	4.155242768684537	4.769657781817615	0.8810768622216416	0.7954015776500166	0.2000931348981965	0.7290381471785646	-243.2044274139194
3450000	3.9901047300955366	4.079737934373528	0.8827066857490765	0.7811318800039504	0.21054261949104053	0.7046903335039639	-244.30081225681596
3455000	4.212152386890125	4.225832975645817	0.875274685324665	0.7881874991813792	0.21502728278733832	0.7148133076911015	-238.94630391864735
3460000	3.9067735446362204	4.54293207297368	0.8661190498927486	0.7927323894553162	0.20985324745203268	0.7049539381926323	-231.41877381760744
3465000	4.255597405311288	4.3040792897046645	0.8813692393614551	0.790513121401933	0.20161752546024078	0.7184847756892677	-261.0948430879296
3470000	3.9077879624588583	3.9589118677067483	0.8476134504143731	0.7829027350748946	0.22381135410413472	0.7841761153173172	-265.613613414781
3475000	3.8735682703203462	4.380844270019676	0.8786684200192635	0.7983927376448244	0.20012983152259572	0.7245741080294174	-261.87515821688766
3480000	4.374884942676051	4.801359133242402	0.8509916180179886	0.7946309214455822	0.20083703501010328	0.7148541588257608	-267.9672661864564
3485000	3.8875252940764233	3.987592942754288	0.874380342656839	0.7976344137699384	0.20792522475380124	0.7130228289920093	-285.128013482247
3490000	3.9259158538907966	4.3872005743632485	0.8047109278164378	0.7997902288785762	0.2024843227640788	0.7213618637571029	-283.2336340263282
3495000	3.9460842330333983	4.281510395806051	0.7502421148145529	0.7940138100833819	0.20090673067783404	0.7558631590655625	-267.5951334442118
3500000	3.9587514507480703	4.001625694612169	0.8380274836756758	0.7976823105728812	0.20226388310429078	0.7039632403286301	-266.1656636108507
3505000	3.838614278665379	4.5110709968735945	0.899654825508713	0.7991829446212066	0.2087508359023836	0.7366101774925795	-252.20932990347342
3510000	3.855511489903103	4.033376696685233	0.8941999484608765	0.7988603028469241	0.20470387788415514	0.7421559347032438	-235.95444252656722
3515000	4.083446647505139	4.292100465263552	0.874352367816552	0.795511673480464	0.2031243271797051	0.70885189286934	-238.3019780353975
3520000	3.7784207000631578	4.446055460964411	0.8625526107804115	0.7925576892561877	0.20575718246259286	0.70404443245671	-238.86982004303502
3525000	3.7826661480618613	3.9460747508896765	0.865844614936051	0.7841304626102001	0.21705225063803288	0.7024417291969606	-230.7255276326029
3530000	4.236920018706865	4.410870609274249	0.896178070082911	0.7928110546388666	0.20074155960381507	0.7144393946374025	-250.73427034642768
3535000	3.854272334744485	3.9376797717104806	0.8130832900388231	0.7986787041096214	0.2007583399366295	0.7177463336568176	-244.28606334812736
3540000	3.8252095381152484	3.9197625809570456	0.8979036365645882	0.7972001054645435	0.20366679617344696	0.7048990994398124	-223.71079962294198
3545000	3.9831138836629383	4.115972175954604	0.8626243003473115	0.7844162341721281	0.20778929228515738	0.750812974224701	-272.3476180428083
3550000	3.9605519872956907	4.231293111580025	0.8078122820394207	0.7965388698229786	0.20592953220249066	0.7261312732749028	-295.51880557652555
3555000	4.16195121769754	4.23184822396285	0.8899425430105024	0.7933435709607742	0.20039731581242975	0.7245376665479867	-247.13339999170762
3560000	4.234123121191864	4.321464038438648	0.8667701452770227	0.7910873869297604	0.2077372299851987	0.7520522706785793	-219.18205451447065
3565000	3.7894723798063996	4.4200178528431895	0.8907956277049395	0.7952718383881219	0.20631663111996618	0.7225248763228697	-223.1193246324515
3570000	3.8415461850293946	4.128785839210662	0.8526385224822396	0.7963533458836111	0.2000638244410396	0.7140124968016136	-248.8024481908464
3575000	4.198349046721715	4.3808771405750635	0.8944781298652482	0.7801026667632386	0.21137452661855088	0.7043057926258012	-243.52231504001878
3580000	3.8529411009097743	3.865087022771311	0.8357937606536678	0.7889883131201829	0.2031523593942867	0.7457313879457729	-271.5058689898936
3585000	4.048128557518404	4.062189864473998	0.8993655563795857	0.7923339706501052	0.2004410273168719	0.713704446618854	-249.29608453231856
3590000	4.077641980874182	4.099513503273986	0.8377893423916482	0.7908808740067932	0.21264570516432127	0.7081538778158688	-256.9731435623993
3595000	3.75928148942525	3.932509720858969	0.8259385462434652	0.7995764960006205	0.2007614481094978	0.7554133360579515	-262.9001267887439
3600000	3.913008480188763	4.3008938623586	0.8687609379394862	0.7921873750107895	0.20330509246652118	0.7054606174931104	-275.4503353455995
3605000	3.861732301306488	4.140951359170883	0.7608422940647285	0.7976929362772984	0.20116243886819965	0.7802033900984325	-280.5884899846601
3610000	4.033259842816191	4.091457173160648	0.7900866643940606	0.795765722946908	0.23014582399743141	0.7722938051863534	-269.36489861784537
3615000	4.0190465217165	4.4791582205261715	0.7388110380418158	0.7917923485299703	0.20752139008263928	0.7034514477422896	-324.36125317837207
3620000	4.002253356646896	4.13143529857035	0.7838441985832981	0.7878818900961969	0.20138035854797032	0.705378584811914	-319.420770792164
3625000	3.9140189476184517	4.034842635721122	0.8920278085424539	0.7816600585563552	0.2035795630497498	0.7107633244395686	-277.6884179622336
3630000	3.9140189476184517	4.193702944621295	0.7618797774279157	0.7982097756195026	0.20235003617150987	0.7023990071159979	-260.58693209897126
3635000	3.791532113207155	3.861112209967793	0.8746410596150261	0.790625451729667	0.20361194925218934	0.714784848261373	-254.1400947691584
3640000	3.9385377533803236	4.006557887128259	0.8662626157024457	0.7979529050362485	0.2008078144812254	0.7093954556276568	-272.17856096248676
3645000	4.003928497234111	4.012021431638092	0.8925608393750163	0.7971204164382889	0.20587128689893122	0.7868379641616032	-240.63693016845988
3650000	3.8008704146297942	3.8272318017692557	0.8881507462497744	0.7966504409819022	0.2093171721822856	0.7122323981731882	-242.28946141533908
3655000	3.75928148942525	4.04627943122472	0.8920730516736491	0.7941436414439507	0.20669026247558925	0.7067372609476275	-258.1168536706463
3660000	4.01714700609697	4.01808479019773	0.8688451519829377	0.7972650394215136	0.20673604288474307	0.7029876172972669	-262.64311555905516
3665000	3.820656595130965	4.189270924151984	0.8929814959042668	0.7914271343871176	0.20593362500197657	0.7196552441191234	-243.8723859488438
3670000	3.9151878564697493	4.149586007028458	0.8976296606981827	0.7946882026918332	0.20996995233293575	0.8620161825730113	-222.84521139819088
3675000	4.055524609285877	4.110125756009921	0.8680830374764036	0.7948184115408239	0.21175773994209887	0.7033044622841834	-202.09545767076995
3680000	3.85066474903145	4.326874361060247	0.8840108422178137	0.7885213324095968	0.20866286566343273	0.7417245839430997	-238.26533390117322
3685000	4.340171962890633	4.8571853995157035	0.8700978010633097	0.7898123696005643	0.21426044936955693	0.704621177918452	-198.02290371029497
3690000	4.139617037791534	4.205460499080473	0.8925677720075555	0.7976213155362459	0.20172833468729268	0.7412604637424264	-213.96581883861992
3695000	4.465963220049114	4.540220225692066	0.8916301609092142	0.7826380025001412	0.2167283399561366	0.7010096047364341	-234.75638594283885
3700000	3.95279918563645	3.9656011661522106	0.8766297084586597	0.7809978504742722	0.2024313206059057	0.7168365257722711	-247.05136891799538
3705000	4.058317857805855	4.081192774314916	0.8625639025093627	0.7981231680142405	0.21379023854033646	0.7034587571859021	-246.32258468392226
3710000	4.1273318583614484	4.4221455245184735	0.8553799346842706	0.7863987421645345	0.22664722422035616	0.7133804933906485	-261.8473604193152
3715000	3.922193223905744	4.121048466058021	0.8621249192380861	0.7896986054825578	0.20806962830994954	0.7056154947575091	-247.3798208149802
3720000	4.7322568827310745	4.886638009367766	0.8474055066762293	0.7912522459299521	0.20055838003768142	0.7128865659748067	-300.60209290733854
3725000	4.236693144461245	4.333211331565364	0.85717384544021	0.7887319406135447	0.2118626941955791	0.7221795202206994	-253.82399824649082
3730000	3.7819232117900943	3.941649798511323	0.7924269111280982	0.7998999910550267	0.20870835313564962	0.8557918379203747	-277.1302582423662
3735000	4.100180410153603	5.047824427026107	0.8802250228128932	0.7973893817936188	0.2011515046192251	0.7484570390379855	-285.6025046490876
3740000	4.081661916310883	4.299209849094287	0.873082631875369	0.7985295566101559	0.20066652918111344	0.7283011635171656	-273.1112968113423
3745000	3.8170087407149293	4.331251899269657	0.8805076582316803	0.7985267510212928	0.2027395681258332	0.7187087435455326	-246.5196337273173
3750000	3.995454580454414	4.0722418590397815	0.8897467490929649	0.7998915014421853	0.20423045316882024	0.7106059376340845	-238.68213029321262
3755000	4.219305997820284	5.538197410410887	0.8946540577979857	0.7990604991812003	0.201571200234445	0.7433698141294657	-248.66764047829872
3760000	3.9129984262738655	4.5451903331123065	0.8792465848841963	0.7904110742482362	0.20577174757578476	0.7093294270851863	-228.72138509098417
3765000	4.153642059876986	4.243647244474551	0.8907990108019558	0.7882858487679033	0.20131802661576664	0.8421108981279526	-233.54090911034774
3770000	3.75928148942525	4.648392003201338	0.873776793351311	0.7959703602808861	0.2052958478809915	0.7108306157667751	-240.86423132776096
3775000	3.8396191077542228	3.9063179883157413	0.8866207437424295	0.7854129794109723	0.20561337487751796	0.7063878131366036	-252.87646630320666
3780000	3.9465976236782265	4.5211337001229905	0.8483407068759506	0.7971807949423291	0.2016790301415986	0.7160607383501268	-211.99758542035858
3785000	3.7696218877302177	4.27500721512403	0.8840307068068185	0.7977849339982478	0.2293214851998889	0.731142695553743	-205.273416488527
3790000	3.832576012091398	4.174399483091309	0.8460548605326725	0.7955093526577229	0.2105930925427482	0.7047715776312053	-201.83488814619164
3795000	3.759286595991396	3.827237578733128	0.8889089895773872	0.7975178380511051	0.22115889989224244	0.7290184846879847	-192.84243937125154
3800000	3.8151975063861885	3.844577427123711	0.8749500091626402	0.7998674006157592	0.21154783385762993	0.7057925242836486	-211.59374599223148
3805000	3.95784163293939	4.005891348783859	0.8752583241811195	0.7938176371434538	0.20239924122762804	0.7731311235623304	-241.49685417466597
3810000	3.779349600079049	3.9016148902099825	0.8822847903235495	0.7965408686384574	0.20031000275614913	0.7200265638069692	-231.7893572096383
3815000	3.8323048074984634	4.380677625894878	0.861148455681845	0.7988001975713028	0.2008164311637888	0.709527789761222	-258.7029483161735
3820000	3.911724459848312	3.9202073906734753	0.8969384184296538	0.7968124365205606	0.2179310468941494	0.7019609876223522	-222.95166710450522
3825000	4.043244019173712	4.329739479153589	0.817839245144287	0.796644522023898	0.2186967136973603	0.7025997411483642	-255.5334796333753
3830000	4.26496954746209	4.793426916638281	0.8617850885536943	0.7914808999194091	0.20065401010758058	0.7082891534733123	-261.02837420805037
3835000	4.268818611812797	4.296992396554785	0.8138642902686894	0.7858325077975284	0.2190930238762404	0.7025490795554751	-303.98213494882657
3840000	4.1672443820262535	4.375222059695612	0.8111712476078647	0.7943326248516309	0.21724289710625327	0.7232369497849053	-270.0925524904982
3845000	4.1596891630143285	4.354699302494025	0.8538591201687785	0.790004736220364	0.20835049733862623	0.708046348094892	-274.6285980366332
3850000	3.817858811040048	4.051125871413179	0.8689810596056378	0.79959271604702	0.20387827723608842	0.7033540674871601	-249.73204704875607
3855000	4.4999172092825495	4.672264414888029	0.8672985407011266	0.7928300119312424	0.21112731253157188	0.7297086999818889	-245.3075815472538
3860000	4.0052231758147165	4.144020515667506	0.8093485873125286	0.7900714827701603	0.2053491324552977	0.7423859162976013	-262.09146738017967
3865000	4.0178879641157295	4.0527919368633425	0.8072682359824861	0.7962859692589499	0.20104291009878403	0.7008007477800461	-267.0857626793255
3870000	3.955550473407077	4.914269840338131	0.8946505978944176	0.7748889480666167	0.21033666871266027	0.7002054693652967	-276.25537854364563
3875000	4.183175868736735	4.465163254440139	0.8740696439961705	0.7945195840015384	0.20406790036805797	0.7381417939911492	-235.5273592837888
3880000	3.8964762569278313	4.217759529115862	0.8510853617058907	0.7983310046295715	0.20494092016583715	0.7096729516140338	-253.35440384244936
3885000	3.949404650980054	4.258791472538337	0.8786353917397122	0.7993150107591905	0.20470625315188223	0.7114269766377037	-295.16261213066673
3890000	4.097520181274869	4.13125113998284	0.8843710539245196	0.7981458599787465	0.2105899983186422	0.7042559773729979	-236.88763523089816
3895000	4.066975098385994	4.383553715367969	0.8598987962729195	0.7949250109141828	0.2080315749320756	0.7240705679467777	-263.6730057022126
3900000	4.10558379394138	4.125908388405154	0.8887732375183239	0.7926990368156468	0.2026340668142669	0.732496716160743	-231.4273853032322
3905000	3.9875028075501273	4.722913796327228	0.8960981898411731	0.7986549396378759	0.20255298331963434	0.7120860941407416	-228.53300290301567
3910000	3.75928148942525	3.9354983824521814	0.8980741301010842	0.7998701811464879	0.2062251539941039	0.720502702932753	-236.3759857229311
3915000	3.911531122492564	3.9720709908087377	0.7747356518581888	0.7983814841669441	0.20588420971084878	0.7262576888815108	-262.9679897717536
3920000	3.9368305363792517	3.952866405967043	0.8101581295108712	0.7850130270654248	0.2025363578453658	0.7054292899026	-263.6199221554521
3925000	4.237895304859466	4.2387672438183275	0.8869657349753358	0.7870066786131902	0.2013196472388625	0.7224596733170899	-262.7675537251821
3930000	3.9285711561603427	4.0790400894439065	0.876261708812787	0.7906995785465358	0.20963606729013665	0.7150827734823488	-284.73000088552794
3935000	4.228683611428832	4.486669526420397	0.8758715883521433	0.7987788779790039	0.2024299772891232	0.7215230178474044	-254.41848764502168
3940000	4.192627366427268	4.560068835402172	0.8703869564151191	0.7850649476480246	0.20272448596465467	0.7047614314946951	-236.896498100256
3945000	3.985768598656436	4.012402707682329	0.8630809719742457	0.7856605920121518	0.23128617050973638	0.702312134743177	-258.19314255964406
3950000	3.8769834627071478	4.052423350965142	0.8556659251596963	0.7887844097132223	0.200620333374125	0.7024258593093982	-255.4152108184337
3955000	3.856314474325467	3.976041798057703	0.8630703678901755	0.7940057358247031	0.21631756252464368	0.7069211158591944	-223.25838412279657
3960000	3.768590401000762	3.9410661511131218	0.8984617267658231	0.7987930087440902	0.2244088656086642	0.7010562774874828	-213.13069625194012
3965000	3.75928148942525	3.7739218327366477	0.8782996665441304	0.7999216634606302	0.20825612255417308	0.7494944678359556	-193.55500425921812
3970000	3.75928148942525	3.7734106672359333	0.8917522972268886	0.7995759301942235	0.2146458246719819	0.7319208918934555	-226.60675436851392
3975000	3.8154496620253058	3.8388099653021595	0.8901452455938935	0.7940505605839155	0.20257009202200868	0.7267318161519163	-217.95401358234542
3980000	3.813777127792194	4.16024032255565	0.8724835042059589	0.7996751374779208	0.20303917513279363	0.7206705917686047	-226.39474349297592
3985000	4.048627639280518	4.335879750541932	0.8708732224627902	0.7922234597144846	0.20114313216421723	0.7043612296787565	-250.8975336047468
3990000	4.010580816514786	4.04150371720153	0.8561154094370613	0.7957883287929511	0.20875982874176177	0.7137063849277221	-255.9738919119785
3995000	3.9952803388077354	5.166694275963925	0.8499932755821578	0.7980114583924001	0.20233338004455084	0.7024213970040663	-255.86243629256762
4000000	4.286353494078385	4.607822922184298	0.779557613752878	0.7737402159125731	0.20821972133732028	0.7007179485481917	-297.0130610368011
4005000	4.05349263813769	4.198742119797579	0.8601698084866011	0.7956945133812082	0.20270179545946712	0.7118840380837177	-281.7104004676632
4010000	3.867031996265538	3.8685053458876646	0.7906874730631532	0.7971934071165987	0.23747073779931926	0.7041095040043381	-265.88701421079946
4015000	3.8819212667438303	3.9142053105718895	0.8157232682158833	0.7999621303512224	0.22759191765346773	0.7113988114892256	-239.40707781661402
4020000	3.75928148942525	4.02189815497916	0.8664618321065517	0.7859879061065417	0.20594350738185763	0.7067152388320705	-284.89282980816887
4025000	4.104181575488479	4.246233193555701	0.8961163342839628	0.7917019955862105	0.20200965216836517	0.7345102109553808	-250.13560324440755
4030000	4.073959051390108	4.555301508734603	0.8706998648892713	0.7991283601550038	0.20476656490899386	0.7003130577665161	-217.2831234201807
4035000	3.929804045465732	4.1177803149021575	0.8932574602601523	0.7849007331585247	0.20804306997582628	0.8128910968803819	-242.56726960034018
4040000	4.265366044039513	4.377638367330334	0.8790384285040795	0.7979952222217128	0.20318617825970092	0.7403280196904288	-250.7992583451859
4045000	3.820805046183442	4.198566128037903	0.8808178334254454	0.7955978317137659	0.22917735657829807	0.7139863247398792	-242.63416379182692
4050000	3.8143354182416687	4.739927539280766	0.8419476698947552	0.7930843002052802	0.20303434211498833	0.7073334694614766	-246.8410763170458
4055000	4.080939362736683	4.164965563826713	0.886804850412022	0.7949628892778261	0.2003639147817722	0.7290629902312048	-247.3418852696277
4060000	3.7752130988609993	3.8278654080392975	0.8856738994648296	0.7969752479124841	0.21608867069572213	0.7365940881185085	-228.30794684276478
4065000	3.808662813975769	3.849729883771446	0.8989002310820335	0.7842188199587231	0.21169991583653358	0.7116771774390409	-267.6577311736625
4070000	4.191292907358245	4.442646996017074	0.8292185097114128	0.7798282837721761	0.20788764375440974	0.7025723133979571	-273.523313279842
4075000	3.844698218360375	4.0139636192570505	0.8813856713337965	0.7928115854961836	0.21529690154711575	0.7338739636237529	-234.52473511570392
4080000	4.179076295905941	4.585962170958239	0.8310076593207016	0.7920071600525403	0.22025949296661873	0.7134001956641712	-256.75311203045385
4085000	3.832121070197118	3.847945080425108	0.8625499809589917	0.7913275121058521	0.201775018582016	0.7046520831127843	-265.82594767039996
4090000	3.898014858074615	4.091256973808868	0.8838571200320168	0.7952212065445398	0.2099011495479932	0.7049156427441751	-250.8681928676871
4095000	3.7919159350034404	4.338351346505276	0.8810136705253124	0.7997829342091972	0.20034653437687755	0.7582684754754473	-231.30247277114523
4100000	4.054639751250714	4.712574626940541	0.8807941162269542	0.7896944414182362	0.20624109215789443	0.7073639162042898	-249.3397582573263
4105000	4.31786645756646	4.484372617637655	0.8990357276703749	0.7963376532876184	0.2030628415514909	0.7320519122652066	-237.2832975149885
4110000	3.979322565239209	4.004374530060065	0.889927202304768	0.7859546899061506	0.20149686778468326	0.7081373211890422	-255.42155471764755
4115000	3.9044509029611354	3.9608366233756453	0.8818341711618695	0.7865926370815796	0.2061253912006506	0.7026659407446697	-287.0120709343439
4120000	4.174022310885432	4.24418362694905	0.8268103233259205	0.7874899004017575	0.20295302928481906	0.721875019395193	-299.7698370990274
4125000	4.202086464804579	4.226339939395439	0.7771217354593678	0.7916155982415419	0.20085466573374897	0.7267225571408193	-282.85411267941356
4130000	3.9881524520618825	4.179740196725392	0.7750072123743206	0.7974025788918305	0.22156120754055036	0.7267222774645833	-315.15240134301706
4135000	3.8864533657367755	3.924290830041229	0.785327880506315	0.7989723089571928	0.20482265122186252	0.7462674070514499	-289.31241759489745
4140000	3.9843572774488947	4.784129530188221	0.704998290739519	0.7887379207991062	0.20507198399754661	0.7068850840439221	-288.71543090184093
4145000	3.8464705662874565	3.923084675044299	0.8715709612490997	0.7949690149442092	0.2032928962944062	0.7093067175403066	-250.39286219091142
4150000	4.128374919497405	4.216037127395152	0.8423357214522188	0.7995357594075143	0.20777259204051923	0.7258047968830827	-245.4209811316981
4155000	4.126961447871903	4.376265408188457	0.8767627535483915	0.7978470329856683	0.20639077338284229	0.7040506994090576	-251.3023606553506
4160000	3.8268542431830856	3.904347380598322	0.8907716246651356	0.7988855663163215	0.2227028942496963	0.8293020305927934	-243.5710611436463
4165000	3.8831341348459305	3.9236196805814623	0.8906859431760121	0.7842447683927684	0.20900461478447532	0.7205644316840576	-259.07441678544086
4170000	3.9907819911698015	4.449073258398998	0.857769593264021	0.7991627572607394	0.20505521523244527	0.7082321370529912	-226.8839286760087
4175000	3.8686978678499377	4.382362563576038	0.8858160157291394	0.7928843656665884	0.20255974682729144	0.7023127708028227	-242.04937277623173
4180000	4.621171228169261	4.814263474416659	0.8798139467986638	0.7954803010339737	0.20806753555105145	0.7492621082932296	-227.42893359201665
4185000	4.1833300488878375	4.4544687763479205	0.8670072234295586	0.7757611898369002	0.2006540495075537	0.7199102893522951	-281.3715326291284
4190000	3.79896000132634	4.116323166570656	0.7653892326743107	0.7917796092897991	0.21307587732015076	0.7119003272687393	-301.0418124930143
4195000	3.9694057197972716	4.121991884695791	0.8833032443958576	0.7768844142286163	0.20016852270260377	0.7213159121634432	-259.4829016711025
4200000	3.896693638922611	3.9462949310485693	0.8855946877445579	0.7997306091752029	0.20881783633250392	0.7124125956543368	-233.98751897766851
4205000	3.8785478427681688	4.269110484283337	0.8949973034650669	0.7923318634116728	0.2229460563836732	0.7166244571253483	-214.67516951101024
4210000	4.214483858281157	4.234594815896998	0.8500027118901273	0.7866410485515777	0.21959157287536277	0.7184318981557759	-248.49821356529557
4215000	3.8552376365508625	3.867020762430882	0.8356426239542387	0.7989972125199066	0.20106947636169675	0.7020825730819613	-232.59001394764536
4220000	3.8552681726320954	3.9681520953037386	0.8793818319643213	0.7954197366400197	0.20144233274167045	0.7084919277993387	-242.14948368857281
4225000	3.8884522384593434	4.118434032890569	0.88164683631497	0.7971053112740327	0.20104259736943628	0.7173816538944757	-276.054043616896
4230000	3.7618956975694493	4.094022542086432	0.8943980410870994	0.7939818572684745	0.21678245633019835	0.7278583936023186	-224.41202818514105
4235000	3.822717797905713	3.9342028608130715	0.7885186477307758	0.7911870863913647	0.20524833140494264	0.7208516445158829	-250.1718741764697
4240000	3.932668370233403	4.071248109568902	0.814636577385365	0.7978302994199326	0.20226035570948858	0.7167623703800333	-231.44186822950456
4245000	3.9208149261019596	4.078741658157133	0.8680443852381825	0.7952399385812527	0.2009209381584079	0.7236263488635507	-284.7221313459643
4250000	4.261886070586225	4.454850464174268	0.868886916630203	0.7951214814039277	0.20231614323536712	0.715352035635213	-258.30301015409634
4255000	4.153297669621294	4.181585404851672	0.8607729991756792	0.7805973142086279	0.21252259064923557	0.7010313611124437	-277.9368957168659
4260000	4.428961423384299	5.292187140006505	0.8479401457340537	0.7964600079077719	0.20061498576755787	0.718034484874517	-274.4907419506601
4265000	4.17921128223409	4.55036796115525	0.7983366872263646	0.7734103671760385	0.20835015939456256	0.7123611607252951	-287.74380145840007
4270000	4.080711848304625	4.159757449850061	0.8419679109932429	0.7933795052094824	0.2089320279961653	0.7077507678362233	-280.7868615501623
4275000	3.9147149601446403	5.564010768557159	0.8963472792888754	0.7975909603219776	0.2119221891859157	0.7022310002994423	-215.35744706051156
4280000	3.9231688897024304	4.2442190597302085	0.8579533235532808	0.7998624569924343	0.20059348852021033	0.7250483308096393	-223.2739160545332
4285000	3.7823372471841874	3.8226439072619454	0.8979949521366001	0.7953830420900031	0.20566240065487443	0.7366912502688615	-247.93097243178744
4290000	3.7726063242785415	3.81796911352972	0.8471707921989305	0.7987521747555466	0.20300329155443186	0.7218607569955406	-267.8810970587984
4295000	3.909402311705923	4.0364585609062384	0.8731449661206918	0.7941122648781932	0.2329002510045601	0.7738612646722622	-226.85938291107945
4300000	3.936010793243168	3.990832327259111	0.8513354991088641	0.7917344350048913	0.21434859717062782	0.7241524059507295	-252.824829696657
4305000	4.332565288099943	4.805540293199472	0.8242520127790934	0.7771085288821221	0.20346572579159708	0.7197172543924764	-293.00207372619553
4310000	4.248822806594549	4.823430591798772	0.8741783848988629	0.7930007103784932	0.20143639972124375	0.7166594351462736	-276.98379624893556
4315000	3.893923780997168	5.458515783721936	0.7822943954588826	0.7965176389741025	0.2092116470219503	0.7247416213335923	-271.4333001852372
4320000	3.912809350635665	4.104314134557839	0.8960869292914849	0.782613196920632	0.21536923853893625	0.709641026582912	-276.77493680631295
4325000	4.146142742831947	4.50175912801493	0.8786516501046909	0.7982226286345236	0.2003366512042066	0.7096918635173668	-271.0596091060655
4330000	4.104657113229032	4.167158371981025	0.8881630467399066	0.7879574414124068	0.2076620135276658	0.7010803041364843	-258.48685587916395
4335000	3.8401751241926085	4.207937839730838	0.8810177443183971	0.7955917131482161	0.20546943126095762	0.7054505591292373	-239.05664110114165
4340000	3.75928148942525	3.784502536002543	0.8805994427822473	0.7874799295228351	0.21564008528067768	0.7170833071019829	-224.70236769567438
4345000	3.9500820014399234	3.9610582836928234	0.8859551290956608	0.7819446139957937	0.21531808855288082	0.7042570381382298	-248.91082319577825
4350000	3.8615424395930673	3.8929385162228027	0.83218612217746	0.7996099557476187	0.20787629362305635	0.7013958006451527	-236.12787303304344
4355000	3.75928148942525	3.916835598790963	0.8778810580248364	0.7969087548140692	0.20068283574722032	0.7095674813329941	-240.60879596601552
4360000	3.7671235417946076	3.9401786533409155	0.8989162433405112	0.7984953662052846	0.20079777433058807	0.7450707311261283	-217.89116210184235
4365000	3.8469881065730367	4.689196547378454	0.8968121333548555	0.7978719942596786	0.20422685257267403	0.7214829487495188	-198.08190304793115
4370000	4.036927091183702	4.2799188683436835	0.8840522141750637	0.7915332070511015	0.22057674830295002	0.7417803188191543	-233.84353198083903
4375000	3.7623769721371603	3.7989321891488923	0.891981070357615	0.7976878328861973	0.21204253845709903	0.7377067006199162	-195.37467299057528
4380000	3.75928148942525	3.961451963232034	0.8967719572256431	0.7999010004679206	0.20053881440887059	0.7055832019958626	-227.09580480951578
4385000	4.714685388714945	4.93177619019197	0.8980456933382451	0.7713240851334431	0.21016274855849745	0.7218737989049	-292.8454247787629
4390000	4.1141322846051125	4.189867716386295	0.891489176601717	0.793272851444502	0.20415868176237498	0.7154544511163486	-257.6540524941774
4395000	3.8451003037024165	4.3204959724557614	0.892758555774586	0.7895263525231672	0.20485166106443073	0.7129277229763529	-245.29313619494513
4400000	4.2410695126835165	4.874252249634654	0.8670329122227174	0.7999542107485313	0.2131743056151457	0.7043266950882774	-240.54751766937136
4405000	3.959308560674204	4.222278669988911	0.8889288728626497	0.7957041453940269	0.21204390046295102	0.7061650166495755	-248.38317277721936
4410000	4.013394526283206	4.372643477774118	0.8650477428428043	0.7923397574505991	0.20036510902218982	0.7144376134412849	-248.25849002200786
4415000	4.144307069636954	4.526203955726399	0.8854663692475978	0.7984541620937609	0.2198347698589082	0.7208474141029646	-243.38626109938136
4420000	4.34847749999414	4.399400584801848	0.8199505315102725	0.7893642156735612	0.21733127706564984	0.7199495633348857	-251.41825517602896
4425000	4.415003066670354	4.529660545848423	0.8479531267385088	0.7952951804307246	0.2001135193015929	0.7112243797355492	-257.19970690898066
4430000	4.108155136497102	5.802364959794274	0.8224927917203387	0.7963185284386856	0.20936508493673134	0.7057234654453038	-265.30193393277244
4435000	4.2236414864513225	4.3897232721441215	0.8888467441042914	0.7986930922286823	0.21695654747158444	0.7149192533658917	-211.07099358701535
4440000	3.763583044334695	4.426080661937888	0.886712849009454	0.7985762530853368	0.20303422329605633	0.7550622440700118	-236.43086692450214
4445000	4.210078536446966	4.675590260117463	0.888999950790807	0.7914019781184618	0.20020375128883847	0.7055108182179423	-248.82726609480946
4450000	4.230095906331411	4.241774584309807	0.8732970429847607	0.7915225481184073	0.21025299001157038	0.7072969577135948	-213.0313568052925
4455000	3.75928148942525	4.294773526780131	0.833835553338054	0.7992926718437053	0.2138448677080069	0.776007302775402	-226.55951566472288
4460000	3.885459896290089	4.0353908805986825	0.8669421056794216	0.7962271591327874	0.20725583145669346	0.7107252063101509	-249.27011640376523
4465000	3.79020031704293	3.8867631666609426	0.8303559941882646	0.7993061836656747	0.2179473950997103	0.7173303301897259	-227.02174722230401
4470000	4.109591998369832	4.3478573358323915	0.8777536810786348	0.7950942906899462	0.20252209595071466	0.7269924891268887	-247.61765735972907
4475000	3.900284700507453	4.136873084326718	0.8979534134067289	0.7984167522674541	0.21344621152490562	0.7023059829544905	-234.7921725174609
4480000	3.837781071262452	4.392878354683406	0.8751245663180965	0.7988483548114133	0.22128895103550641	0.7280081670829637	-251.38486844201282
4485000	3.82757503480084	3.9002321061705825	0.8661801352419753	0.7972395170902468	0.208558470330568	0.7099086856538568	-235.24545951853227
4490000	4.025260604973759	4.474105031420544	0.8982269834537933	0.7846737703326753	0.22264026906376674	0.7102725614442007	-216.9122550463599
4495000	4.012135659024001	4.54333334685464	0.8902639461838326	0.7990089698417923	0.20316989702300015	0.7126207885216088	-227.7975180637071
4500000	3.891628316394977	4.37109433260423	0.8906728642337036	0.7981204027983255	0.20450912110746083	0.7172711869022131	-195.31040964057985
4505000	3.872705440564868	3.950921050890129	0.8813624167767412	0.7963578687335295	0.20352110299559598	0.759892502444041	-210.87224663509414
4510000	3.791298371617399	3.9382728117780044	0.8544899328313811	0.7982077429637108	0.20509295506431358	0.7076154731764626	-265.40564567152165
4515000	4.010803979919006	4.026029385465525	0.8724839631546575	0.791276686327678	0.20923190669806785	0.700879934433603	-246.45377104396653
4520000	4.035747298337617	4.140086480299069	0.8852131760761484	0.7992116089516238	0.20920612184700607	0.7152431602302085	-204.16372005625706
4525000	3.75928148942525	4.52526999113059	0.8286855137324733	0.7996444335878822	0.20208641569390717	0.7232000336866724	-247.12399232340275
4530000	3.852190417552467	4.245667081348776	0.8498840678096097	0.7889593118610079	0.20898153572511521	0.7099531033191372	-257.3330845467338
4535000	4.071638500562322	4.078333844801777	0.8970069334445039	0.7957158323021714	0.20112272830587208	0.7150793937149191	-256.11005077554796
4540000	4.0224813004620845	4.1102150099361605	0.8934413075932252	0.7940701130242495	0.2114817466635942	0.7443956166273513	-226.12946403656258
4545000	3.75928148942525	3.8342351488263646	0.8929124957733335	0.7941556907573444	0.2031671196616864	0.7024913430677036	-260.6221497245668
4550000	3.75928148942525	3.886440954724807	0.8215364764584355	0.7812105063217055	0.21792762326185317	0.7136534984197099	-265.8477838267949
4555000	4.561154766650175	4.6214146825937785	0.8910554814261452	0.7718711154079051	0.21614689652204844	0.7020678975793	-290.98715748907523
4560000	4.367207256425508	4.449998308062872	0.8254681770153166	0.7929280101385282	0.20443606475449705	0.7025816182061329	-279.4912596228565
4565000	4.061919567601585	4.263632181212308	0.8827433189514183	0.7919708412261095	0.2020096153255884	0.7029297194872168	-260.61510063097836
4570000	3.9062284740713085	4.982561074972203	0.7610872405716136	0.7980449125474279	0.23457440410532318	0.7021784078601458	-257.44765258403646
4575000	4.098377797904794	4.394612831734202	0.8919651731813647	0.7984359461715215	0.20858350946754728	0.7545503773875496	-223.98125042593313
4580000	4.24342641670802	4.375720002603972	0.8912839502316616	0.7796638053363998	0.2015458521770298	0.7268987508196667	-265.55779707978945
4585000	3.9072328442255633	4.287221849010684	0.8856155161373757	0.797855527007957	0.20698038059502533	0.7149847469423861	-215.5645564634784
4590000	3.79951252747652	3.8515718513446524	0.8575663057970111	0.7854660809751137	0.22096356532770461	0.7167953685040895	-260.69352141368404
4595000	3.8275390156383495	4.582348189864584	0.8901942920884409	0.7996471695988255	0.2011377632084126	0.7026213305666971	-217.49913702087215
4600000	3.8781306659853954	4.19265201944027	0.8683162307035268	0.7982816801349656	0.20253023181844035	0.7063962701589223	-251.28594767752588
4605000	4.107424169619415	4.514019487767823	0.8686081087070381	0.7800171668606335	0.20322691283457525	0.7150463100315578	-281.7790798775573
4610000	4.439852347647123	4.973044303379281	0.8612848540443206	0.7969161314544927	0.20277136583076738	0.7003244544059496	-236.96052377633927
4615000	3.837652223436756	4.3991989869941825	0.8726865119048712	0.7905080941881745	0.2013993532388379	0.7036288848613232	-257.82368435469823
4620000	3.9747326525123365	4.08529328879539	0.8835620137639735	0.7799970414295542	0.2045410518040393	0.7071180117870626	-268.1573687353695
4625000	3.779708824817311	4.323863742555482	0.8758506770009942	0.7915948876431265	0.20337279927403312	0.707830199599297	-251.95296078529105
4630000	3.8995723114174488	4.306602164680624	0.8707965650816648	0.7898587322713142	0.2145902748102241	0.7150197242948554	-244.13388183157414
4635000	4.038012597012858	4.188010299704014	0.8955597036540788	0.7998068404082378	0.2009398895707398	0.7332183957049663	-268.1003559840166
4640000	3.8086398673441413	3.8636524457242234	0.7989161115508197	0.7994926304343365	0.2004113226000871	0.7095015190836561	-277.3045450690602
4645000	4.007197871228826	4.5107729203468185	0.8381493295547917	0.7958003958376011	0.2029049262420624	0.7010162101376701	-246.87967399406332
4650000	3.7908518195799807	3.8445464838163854	0.8639822264463274	0.7988403178021778	0.20389635582572024	0.7680632597738016	-219.90806880921045
4655000	4.025871744491836	4.342371680935834	0.816215770188798	0.7908528933189486	0.2122333722919469	0.7192478699785188	-258.8005097943908
4660000	4.030660027723323	4.0554520172395065	0.8945794803584981	0.7981776559763599	0.20240786110614836	0.7268643347312259	-233.64480803284113
4665000	4.069891188124626	4.07445795210509	0.8626111503084553	0.7966828223268051	0.20215451866470108	0.708783882277634	-231.6343541998689
4670000	4.0087462806505165	4.018805462529554	0.8945027222135237	0.7977287497976213	0.20202829406389944	0.7389230699942702	-228.34826356529737
4675000	3.8438574009971154	3.9480502006974487	0.8813018104346075	0.7939644120554107	0.20691400475558894	0.7338050160331024	-248.98416009286137
4680000	4.185445078186094	4.949858443008167	0.8650153799986907	0.7917802128835061	0.2067210945137246	0.7070252947571065	-264.0430961642979
4685000	3.8012626896786434	3.8201571637671194	0.8670499380979515	0.7839633445955194	0.22075473359640993	0.7178118316941101	-255.46064201189063
4690000	3.75928148942525	3.8271224088896494	0.8817217183919535	0.7885995140953814	0.20952786808145352	0.7090216746354671	-260.45555875665895
4695000	3.75928148942525	4.373192083340148	0.8954293698968059	0.7991607996375846	0.20033944895798847	0.7133528458750131	-229.72873577302465
4700000	3.9370031341691276	3.940205172864428	0.7802478337619613	0.7968927199400966	0.21258284916023212	0.7349254320074369	-269.7145601509634
4705000	3.844407768795882	3.9825654063442344	0.8188119126416058	0.7868458865588323	0.21688296268937068	0.7002181383661659	-244.337597325719
4710000	3.84649960645906	3.9084563614400083	0.8498100049647206	0.7967142058561909	0.202540080275496	0.7024845181665411	-227.2690289360825
4715000	3.8043472250665418	3.992980214341892	0.8547731497983314	0.7928650948334376	0.20076976740693758	0.7004630089418544	-258.9602777578837
4720000	4.070037800425763	4.22163268930427	0.84612147310179	0.795459043327187	0.20140351054855202	0.7291862560816607	-269.1520598447271
4725000	4.039098876617443	4.302427425894027	0.719631182051649	0.7862336252551814	0.20325123526143055	0.7385729319527281	-308.8335922736248
4730000	4.275819411128381	4.855695734784305	0.8955808285468972	0.77922401773401	0.20480982108951432	0.7025620740894293	-273.88128884993694
4735000	3.8730602634877047	4.099090378905536	0.822603933118376	0.7984881187194994	0.2011398824760907	0.7078746855110613	-261.1358212441771
4740000	3.9117315647761073	4.04418257977664	0.8645328301717697	0.795305794307182	0.2036069995502105	0.7286241003752074	-251.4390008456388
4745000	3.8444035451615166	4.509970119726391	0.8379101430008539	0.7930350503333194	0.20586325193835736	0.7233974739727778	-253.48594185719207
4750000	3.8907254930431376	4.498205563842852	0.8630212072217143	0.7954016036695893	0.20171135460778258	0.7230137647738722	-266.00496245274763
4755000	3.80966882212318	4.03285207730544	0.8075607373428371	0.7965413968860966	0.2006862352145714	0.7481475994050775	-273.9323139269344
4760000	3.9824329054990666	4.0387796866704475	0.8767481755072074	0.7856170201300393	0.21249481888810337	0.7044339933075696	-263.41347925890426
4765000	4.091258779782766	4.281310710373172	0.8907885701207382	0.7889311970359788	0.20391836090620571	0.705476574601675	-261.3714134891765
4770000	4.099634242835609	4.119005389221294	0.8992221689434232	0.7983378795881899	0.20452745605017145	0.7026633887041508	-272.8732997294701
4775000	4.418050447576836	4.798230396837913	0.8871867269486109	0.7902179215998334	0.206909819147904	0.7044405472279158	-222.33478287420553
4780000	3.8933040926512192	3.9118483055494098	0.891886737441002	0.7935165182189642	0.21416940411149796	0.7205465761879345	-219.81941762557645
4785000	3.807257231270512	3.8985961817528145	0.8835740225213357	0.7930573827102002	0.20487932389351649	0.7141794626639071	-217.33785069377484
4790000	3.780873972637147	3.9624144311544596	0.8534248573687316	0.7906298497884037	0.21593635459328328	0.7716376610054139	-238.5691765059274
4795000	3.862763769176224	3.9297487376776092	0.8321931092030643	0.7996969429654052	0.20021159503439726	0.7019787722208352	-278.90958672906913
4800000	4.151616366382902	4.301190178511446	0.8000185942412306	0.7899332784869516	0.20347199297182644	0.7029345042971779	-268.810118736898
4805000	3.77841616838215	4.1234069330148655	0.8060925404821194	0.7866382184757166	0.21584401766537453	0.724463509712554	-260.883513861793
4810000	3.868435442743966	4.479414506405476	0.8564211788871795	0.7964186104556171	0.20380111548615767	0.7093720333752582	-237.04351722651458
4815000	3.75928148942525	4.761814536435056	0.8624981181258301	0.7904148951806023	0.2006078364883207	0.7141451257875964	-266.8284604544789
4820000	4.162479747297671	4.248094938763331	0.8478169651105805	0.7857931208875559	0.20263276386658363	0.7093959589204913	-260.41967412147864
4825000	4.128991509426258	4.251891120932829	0.8854327246638837	0.7887330427035699	0.20651475106134237	0.7197836911423454	-244.87542021686306
4830000	4.0981129885012795	4.131260372591934	0.867804520493055	0.7836703852632294	0.2152649764171893	0.7215617267500553	-257.35238236196074
4835000	3.878443957899712	4.062757515891985	0.8785429854680433	0.7988540920489196	0.21209302101552518	0.7123891442673984	-239.4941699724043
4840000	3.988001569169354	4.683546480232656	0.8979729775405336	0.7974492089152452	0.21795459679689505	0.7006393096207328	-234.10365729674368
4845000	4.356117771769576	4.450697905063424	0.8682211575865899	0.7943983765645575	0.2039494229619893	0.7802973529974141	-251.56673211890552
4850000	4.1140579059479006	4.17308560579285	0.8684293964709039	0.7969347043507143	0.21956590960906425	0.7270805825052684	-229.4395436671323
4855000	4.2604802296275315	4.680343229530833	0.8877857590100373	0.7992691388470798	0.20097850292815025	0.7145998309924436	-250.77525660183872
4860000	3.916263838910064	4.186597304512013	0.8880005025480237	0.7854445636140333	0.20013162189740166	0.7251149473484588	-236.2056600437751
4865000	4.018241321701574	4.324702141684123	0.7420769695453927	0.7958744250800542	0.21642906933372105	0.7088101771299659	-281.83097217179113
4870000	4.11190214231256	4.227207268322026	0.8941668678820579	0.7982414963496519	0.20203267778581196	0.706234858833022	-250.21878279830617
4875000	4.16072523170964	4.265316237870079	0.8164796383393462	0.7864123107636447	0.21046896364565051	0.7069581790058579	-267.9216596314691
4880000	3.8907732309090317	4.351240502318664	0.8793907360950474	0.799385546627021	0.21193372378500888	0.7059101779516321	-245.48559784139664
4885000	3.7910682448247908	3.8191318367826472	0.8342338462522304	0.7886696823092153	0.2105981324332457	0.7170365851561535	-259.58425793138525
4890000	3.79102644417295	4.479262784438168	0.8062143763826858	0.7970363090188077	0.20915861928101437	0.7127991748218074	-227.73241273178385
4895000	3.75928148942525	4.095699425354605	0.8888070912094318	0.780555936249983	0.20321694008616428	0.7012586869828176	-289.36784589767814
4900000	3.781886124516945	3.841067799095115	0.8147658099016089	0.7993190658896883	0.20119875803796883	0.7310925816693198	-250.48891124100655
4905000	3.75928148942525	3.8347253547236297	0.8727974624083132	0.793919448664209	0.2176887653693381	0.7424705577177655	-229.11621882640796
4910000	3.818789143826312	3.9264863608547937	0.8506187015143067	0.7830824814609445	0.2085499627192408	0.7017669815178507	-251.47867338227863
4915000	4.137007887731233	4.392878251672298	0.8587271792731349	0.7627931402044085	0.2183856186689709	0.7037566835855502	-253.64617470854398
4920000	4.450804129244846	4.787583177431265	0.8118511173050244	0.7958866596477058	0.20204758989365573	0.7064306513085585	-258.13795827239653
4925000	3.957613622119281	4.3423587569345985	0.8332182250247916	0.795050028637558	0.21765317892346614	0.7574885558235261	-263.14684835579675
4930000	4.287883162712328	4.534280313835558	0.879126586972297	0.7897263943672092	0.21659147584252675	0.7108504271803366	-280.3565680014256
4935000	4.118768118307924	4.332814976986621	0.8778367907670978	0.7929355890632737	0.21368829573325995	0.7014558070486346	-259.0439142940203
4940000	3.8856043230566093	4.1770858841954634	0.82780561745717	0.7996038855708252	0.21321613212127144	0.7206833817948297	-257.9820085356318
4945000	4.00660764403452	4.05480584792208	0.8625425479217822	0.7955533155918499	0.206855176402268	0.7004157261267728	-241.50336254977213
4950000	3.75928148942525	3.7893069090754326	0.892822674021772	0.799709803684681	0.20057799145979122	0.7852541419905976	-229.85367276865162
4955000	3.801786101853937	3.887620495587099	0.8661122000547014	0.7935399971978101	0.22120432303003	0.7195163628810288	-227.70929170901985
4960000	3.75928148942525	3.7910111090775103	0.8150094208566808	0.7987143898056106	0.20990928928431957	0.7196933202426645	-235.6506423058129
4965000	3.75928148942525	4.288488996090638	0.8981234649353125	0.79471842317361	0.20258881183141145	0.7271441275870603	-255.81530061881824
4970000	3.942682394404674	4.012010881891767	0.8838201116018575	0.797130108854236	0.21117664840684525	0.7141839927877768	-227.69284868641304
4975000	4.03680558676938	4.314152181358462	0.8649558900258544	0.7962173575296608	0.20587640806284166	0.7069372528064272	-234.1364888197186
4980000	4.095821494718661	4.303796166627254	0.8807532428017848	0.7989636186274344	0.21310146346669306	0.7217811491039222	-218.39268272310846
4985000	4.324582101381877	4.348552480503793	0.8062744981293898	0.7924676690942639	0.21608472140909415	0.7138376993173381	-245.13281286354433
4990000	4.291449029057293	4.48672681305463	0.7857205136876353	0.795009709491468	0.20447733766407003	0.7203685790888892	-277.78708827234635
4995000	4.098700885458166	4.227257378252589	0.8750405490803831	0.7884980439492986	0.21236733499776275	0.7724692892717907	-234.39655851352097
5000000	3.862723165531127	3.908301103338771	0.8864787273629996	0.7977070512914567	0.21853285174260992	0.7418719897135105	-212.28532590954097
5005000	4.169261406984644	4.471227968107056	0.8894502913920584	0.7996872736168661	0.20025984632305052	0.713231422503108	-247.16107663908818
5010000	4.3344617892327095	4.625066180050662	0.8687455265520097	0.7986396302764079	0.21300377314919072	0.7040765950017626	-227.92195000072002
5015000	4.043508974738376	4.654241605362982	0.877102727810253	0.798996574980689	0.20157693985813338	0.7566265298881147	-235.71177898827835
5020000	3.7966036839394612	4.02556624420625	0.8513959706640433	0.7967939368576522	0.20057101819171338	0.7042965855048422	-256.0236787937324
5025000	3.9408481609579313	4.028745108468358	0.8896503456831693	0.7970852606161049	0.25441012057940754	0.701003168559391	-217.90958512891615
5030000	3.81710192430657	4.102774289621676	0.8889583878349743	0.7995055340192776	0.2011778937286189	0.7358572041966048	-253.35112866139866
5035000	3.7649628517742597	3.897650067581878	0.8870692231234062	0.7980393822186146	0.20658685402174146	0.7200880242024326	-227.73054508186814
5040000	3.9714967632022518	4.074807390753539	0.8824764279732673	0.795646435564948	0.21525162885591906	0.7594948439443002	-237.81910176173247
5045000	3.824886190154838	4.1304291458056115	0.8924198980346687	0.7917946920481741	0.20406748413823778	0.7249597557570977	-236.2900807128306
5050000	3.75928148942525	3.7810114959058008	0.8837558572749766	0.7925554493624746	0.20893776372686665	0.7466285819915989	-235.96001129834727
5055000	3.8141336133460886	3.835202954359458	0.8345425527795598	0.7925449966551735	0.20578873457261088	0.7251751358373785	-248.6894741542716
5060000	4.082973157759309	4.526358750606573	0.8966692459755314	0.7902739838610053	0.20456595086229407	0.7007410377033734	-220.42052846673087
5065000	3.8259124352911646	4.684308375365451	0.8881147935266549	0.7890041215659129	0.20232370232800762	0.7094094643364679	-199.8029700193287
5070000	3.801574284830262	3.8112066023742477	0.8799523841067188	0.7971623150513113	0.20511154424200237	0.7333397846131258	-219.403975605514
5075000	3.75928148942525	3.9570609303428963	0.8759459847331685	0.7924879149771943	0.20529648753683766	0.7053135413720467	-234.97513668268928
5080000	3.8929907942442896	3.8959688506289116	0.8950765697436699	0.797333722622618	0.2180009945319826	0.7036254785896526	-247.7060156381069
5085000	3.9661587854444087	4.9057403155097905	0.8765945955633176	0.7672267398114924	0.20726549797806035	0.7028172053978374	-282.9455974273384
5090000	3.7888255680788427	3.867860634191535	0.8659458834367031	0.7972430596968775	0.20038834040412484	0.7065183738556398	-269.602174690167
5095000	4.100878699331329	4.136849181587013	0.839894118653245	0.7979919968902792	0.20128034179075563	0.7174734246167318	-254.65411988477933
5100000	3.930962899392717	4.058473545592335	0.7836912539163826	0.782589594922525	0.2135984085434976	0.7110897150672646	-294.62290519482525
5105000	3.9303765175783902	4.039706671849619	0.7935266507297621	0.7948501572913751	0.20024093593805692	0.7133344738515316	-277.38592707192424
5110000	4.019202637193537	4.036341694567922	0.8943172848063198	0.7979727387362843	0.20189820778020595	0.7132386738966594	-246.13517770513803
5115000	3.898898867498548	4.246981061820648	0.8952800222260551	0.7965455512153277	0.21136858164244718	0.770427912195899	-241.3284776183157
5120000	4.179999155716743	4.317886040643649	0.8995852892951599	0.7967719755201514	0.20386693746668036	0.7623414679337865	-263.21056801059535
5125000	4.096039419318319	5.133566108123023	0.8157248096802863	0.7975524132403874	0.20397377566455857	0.7469546623228175	-276.1361954235454
5130000	3.991774730017995	4.3295225989427655	0.8438610856355468	0.7806135850321722	0.20257418369704935	0.7184494483558271	-309.34077032099145
5135000	4.0284554502057865	4.512191620215713	0.8628393443534468	0.7988765177201143	0.21420639865386729	0.7275703582585006	-254.40436445134583
5140000	4.095310907041358	4.362291487981707	0.8304508543135811	0.788285552388085	0.21122160085316527	0.7112453382682264	-271.20773762330356
5145000	3.9093499109469265	4.546191905496482	0.8853851556872567	0.7798755967501771	0.20824350483863016	0.7069485969476936	-297.527506653892
5150000	3.790723983664269	3.9262641774710043	0.8091898259931914	0.783818120568261	0.20591076919844825	0.7087107576154086	-300.91281882022315
5155000	3.7935578963261802	4.350816691107871	0.8026727954404337	0.7855053289291458	0.20289445456045965	0.7022930496337038	-281.18394645844484
5160000	4.529619776825271	4.790916852969874	0.7663051947074473	0.7941168086755235	0.2075853022601865	0.7041516886277894	-290.27991451295344
5165000	4.302639628866513	4.444572712573704	0.884552030242039	0.7984052356767694	0.20495701513706216	0.7213534418084693	-240.617534318262
5170000	3.75928148942525	3.95221807749173	0.8500316762239378	0.7916482841590738	0.23634010732160313	0.7205223360645279	-255.02225809386704
5175000	4.109011902549465	4.121052525493288	0.8307924284576287	0.7952907808721819	0.2088120257108564	0.7372570277651314	-276.35930468510105
5180000	4.049468145642133	4.8186992847996635	0.8820346357678305	0.7869888456449781	0.20761818326973186	0.7118361195981708	-267.9857023601658
5185000	3.75928148942525	3.991905464474726	0.8873202639156527	0.7958903318151503	0.22120908280482135	0.7139531482517925	-240.43422485502953
5190000	3.877898398524154	3.9513008163824797	0.8540885847574945	0.7948942418751285	0.2165368593159795	0.7191429959695678	-196.49004966413753
5195000	4.049859504796629	4.084692437129966	0.8763827516802086	0.7962693038474479	0.2156976666043099	0.7193010470464719	-211.07522108320364
5200000	3.7601667092730295	4.054951139729604	0.8587161243135547	0.7989993222364535	0.20193567134985038	0.7079028400699953	-231.2977054016012
5205000	4.048598200224858	4.110311165502355	0.8944243945097345	0.7985128310098635	0.20043644568703922	0.7387151698631915	-214.91274737063534
5210000	3.9368281680182746	4.078231821417268	0.8396746013118639	0.7962458473530138	0.200347211772647	0.7624950185876949	-232.62671032360493
5215000	3.832869348181539	4.159250462393612	0.8697809917985105	0.7973010583389023	0.21118085882423654	0.7090926739018916	-247.7466793323213
5220000	3.8463617284711864	4.055475209448328	0.8893640634013054	0.7974712800590914	0.2057489670248895	0.7372911893554894	-222.11790662952066
5225000	3.75928148942525	4.326875855413816	0.8895553651114917	0.7903927031896923	0.20170942563139083	0.7014623569912568	-252.8981376698585
5230000	3.956754160084163	4.051970719417898	0.7833464187370385	0.794450877007527	0.2245333231030476	0.7458885770748133	-298.5940931537808
5235000	3.75928148942525	4.014146200799448	0.8750383981295272	0.7986400334811073	0.23334085007664	0.7386786710521712	-252.24000701196866
5240000	3.75928148942525	4.234995446906064	0.8752851251921097	0.7980749475761538	0.2003534199134729	0.710905394642784	-231.5463109709699
5245000	4.046694164128498	4.101587105372826	0.8833983152752104	0.7965408671722293	0.20800748846796238	0.7024364108888149	-250.4785627451133
5250000	3.808249901865751	3.913337031260462	0.836676161130127	0.796567061491667	0.2019406648667445	0.7097233199206034	-243.96035190624187
5255000	3.8779197172737057	4.094022937682791	0.8499837488563808	0.7737756420123993	0.20818807652699917	0.725109624019215	-305.4322659986689
5260000	3.9986409916465844	4.221104662273983	0.8478895834363849	0.7878200858242472	0.20072797169836679	0.7212376694926896	-273.1328973511657
5265000	4.1800912039614015	4.2067559640783125	0.874562291640673	0.7805480912286288	0.20063814516799677	0.7366614782032344	-290.3920304010784
5270000	4.3449163676110505	4.752218680385891	0.7876682595965155	0.782554599788334	0.20024481754939036	0.7048229527186162	-307.2535097307217
5275000	4.031916048280593	4.087180027975141	0.7613498750636374	0.759062839106233	0.20068733279860693	0.7067185780798396	-343.91339506376244
5280000	4.087302024443475	4.303040323564129	0.7920823279026307	0.7921888296825985	0.2006827496493801	0.7226428635626284	-282.54841255901255
5285000	3.770172145287776	3.8072655877116204	0.8470451030299165	0.7882892935333954	0.2006782259617029	0.7153862243785482	-275.27640973668423
5290000	3.9856747675064272	4.027137215005664	0.8180855492946969	0.7987151832226929	0.20272548682083552	0.702134039411917	-266.77779643502174
5295000	3.7691372521786755	3.904474178528039	0.8815283450117867	0.7909729444022249	0.21150287365473566	0.701793502661815	-274.24464015569714
5300000	3.9390174674963823	4.709104151608353	0.8680017883187072	0.7975065885111461	0.2014605392595817	0.7071209167436524	-247.39867639194804
5305000	3.9805774473165614	4.226374766909328	0.8853346099786977	0.7864000569932091	0.20409379715249493	0.7197651665799331	-214.1939903239922
5310000	3.867189413050726	4.220286464558776	0.8680882550163639	0.7934357620834139	0.21691638042726888	0.7119904967264737	-199.1177714403966
5315000	3.8427197093457908	3.8661623406667305	0.8833777540766927	0.7856191348665156	0.20178429875052104	0.7116850691903162	-249.74431999954598
5320000	3.7613183157937677	4.089974964898342	0.8737097239346548	0.7928051852378677	0.20375132827228015	0.7372144102099857	-243.8415359079131
5325000	3.850340643759429	3.8967427168871263	0.8764053237591759	0.7959158866644386	0.20183473872292093	0.7605705408571086	-247.02410691260954
5330000	3.9065741657465525	4.020312588700802	0.8727113400381945	0.79355105443891	0.2231865109543208	0.7441272569781135	-266.2513997506874
5335000	3.945777295061122	4.0521813132504665	0.8439742881969776	0.7943622968972334	0.20197080803995382	0.702753441289167	-269.1033356402169
5340000	4.23466546286665	4.5571530689441575	0.8901050105756771	0.7966126888872714	0.20498990331601108	0.7104795851322346	-263.2513059517163
5345000	3.886816474516678	4.005114466921751	0.8596113792371216	0.7995188315507693	0.21193917573355878	0.7300129990032739	-260.27976270878565
5350000	4.303486156892562	5.582740581895162	0.7956871607580608	0.7901010267746611	0.21659057809053237	0.7259214104302629	-280.8137465395184
5355000	3.914254585336355	4.382993515834947	0.8757584955930746	0.7919825710798554	0.20288876844096326	0.7015748483011388	-271.1846382456971
5360000	4.274048658643401	4.677662234772387	0.8817866479005494	0.7741685729865471	0.2149968667986129	0.7020954610279662	-280.5123724742607
5365000	3.981503178084965	4.1320840144499105	0.8859361995457522	0.7906502056288781	0.20351038809651434	0.7028194946497991	-274.60247605684907
5370000	4.075788784231397	4.113183815722449	0.8539832612753391	0.7917934607274857	0.21914939848239556	0.7105648019598412	-249.23108282998683
5375000	3.8064757244308596	3.851505472309574	0.8052758650409965	0.7988019697320612	0.215259515221815	0.7108374120709805	-276.6699005332144
5380000	4.094371144264674	4.555225818184564	0.8412679692841749	0.7986280893529727	0.20674971173139453	0.7602382830471351	-285.7437627381574
5385000	3.96184699857516	4.519523092967599	0.8363079140390749	0.7947394015175746	0.20949586855258912	0.7208504354278106	-286.3235044223591
5390000	3.952101386574045	5.096656663685441	0.7778517765103724	0.792841124281766	0.20365910174820917	0.7095374392860836	-279.53857191512725
5395000	4.347839263621024	4.486222038680055	0.8799066337316483	0.7901778378730082	0.21357319450114212	0.7446564307365338	-256.8355502953328
5400000	3.920919276389192	4.000743551687243	0.8281517152344461	0.7985084340722804	0.20865914082488923	0.7009605751566876	-242.53184176598793
5405000	3.948845308261359	4.3009644828667515	0.8747873544367712	0.7921704893957927	0.20034196141393776	0.7466112675096747	-270.2798964485235
5410000	4.053402422103226	4.99612316213733	0.8848946445294998	0.7886697035396906	0.20198878512001733	0.70128210122046	-262.57146642200445
5415000	3.912365815674352	4.584026729260264	0.8917962195448118	0.7926723416065924	0.20663245374413716	0.7225887555353905	-240.29250469066582
5420000	3.75928148942525	3.820777526555529	0.8248364221426898	0.7918456399246827	0.2002143431203425	0.7399278541146453	-263.5544562179238
5425000	4.172854700817442	4.2061778680659305	0.8252560610880665	0.7962251641387302	0.2046942155999753	0.7276911545802582	-275.04333046647923
5430000	3.987558169584751	4.0396719662708955	0.8372115973244563	0.7898971577032916	0.21941370222724393	0.7046326322331093	-264.86033073746705
5435000	3.8808325546141513	3.967840649015287	0.7962654373609895	0.7904553987465378	0.20357470317620854	0.7144610784059745	-292.2759854907563
5440000	4.068322068003554	4.27299414554402	0.8466171229779569	0.7907902328264297	0.20706038149282174	0.7637336245692836	-279.7541317109955
5445000	3.876410593438957	4.6665522491047735	0.8940158921025616	0.7997815970885682	0.21096070287586227	0.7020437627858875	-217.1921334723034
5450000	4.169562057431811	4.45075473930403	0.8579754022770102	0.79542721860816	0.20839954280708642	0.7198994029025766	-282.7959457199496
5455000	4.159740601086959	4.341793865146469	0.8698859879065562	0.7950471889623612	0.2017853545967313	0.7260880984882814	-263.3895602963361
5460000	3.9464603443132833	4.3303331084072605	0.897359259852214	0.7945499587584622	0.20037567327733244	0.7027357524171056	-246.1740193299986
5465000	4.011784198340522	4.344860888389954	0.8576740684763067	0.7889077803204958	0.20139813311533103	0.71306906155808	-272.1396193013701
5470000	4.041718738959076	4.046529427125194	0.8920939349392347	0.7795358922432054	0.20174088558308245	0.7153166724420984	-268.3205761876894
5475000	3.770786467232127	3.8689120010289604	0.8854359165802513	0.7963598195340841	0.2013912548082703	0.7462568598439818	-223.28189887444518
5480000	3.8660015296128947	4.147014433817498	0.8684719476444779	0.7977284376559622	0.2021294074782683	0.7257002116125615	-236.1981850507371
5485000	4.007933205544323	4.479442470538667	0.8957987148385198	0.7798702290299236	0.20546633923130608	0.7131897845437842	-264.9621019223
5490000	4.012615822347551	4.10506141405238	0.8885448494678513	0.7949637046428149	0.20169419226863913	0.7082837118281747	-289.524197594731
5495000	3.85184224832205	4.460137755572256	0.8385928237796432	0.7862631629540527	0.2024371941464584	0.709078970370065	-280.5560656926056
5500000	3.75928148942525	3.7947970739155337	0.8841012087203662	0.7945197828547053	0.20270904083161329	0.704712689122158	-279.9669394245621
5505000	3.835182317029676	4.267508960811567	0.8591820579521643	0.7974628831528612	0.2013422240196193	0.7040148851196817	-257.7072140772416
5510000	4.054335516395529	4.079876113787507	0.8664356286608238	0.7981054513974971	0.20208918761593267	0.723934734586688	-256.49079128224486
5515000	3.9934163257049935	4.043091000669362	0.8448024557173213	0.7983442931689981	0.20423301521704673	0.7043443379653683	-262.77959144751
5520000	4.096606527621858	4.244788214686002	0.8982225784926274	0.7901402877227811	0.20717735759082714	0.7035407289202641	-265.0406036664344
5525000	4.294110638077563	4.618537716804813	0.8652284351779705	0.799038348392555	0.20062770581879258	0.7093529012481318	-239.63350898602465
5530000	3.9684816860457968	3.9975621331289126	0.8787835197963922	0.7941694721779399	0.20122196996818048	0.7044750124910754	-196.17908289493488
5535000	4.055255126585336	4.079519853388784	0.8818874241572755	0.7996167857824478	0.21262641330783696	0.709621829345197	-239.58119388562187
5540000	3.8620168589962187	3.9901487117914964	0.8985961289559197	0.7976244545600188	0.200736764583002	0.7081381952051162	-211.20676049505758
5545000	3.79908497101086	4.368891903921811	0.8700581906901952	0.7989763863633268	0.20525946180314664	0.7214843107682639	-204.378525772864
5550000	4.016906901359512	4.4594073347689935	0.8955757289013899	0.7979713774979549	0.2047284405453762	0.7327424705611278	-241.05998471639194
5555000	3.9585494333634554	4.034018239002663	0.8476760417012591	0.7991032222502815	0.20184340087223215	0.7145721054736635	-217.38821113816329
5560000	3.965566122065663	4.020337792985412	0.875904723218332	0.7990776148190405	0.2036697312079813	0.7040012060607276	-235.93226210278092
5565000	3.883908015951505	3.945478077440041	0.7960925347383334	0.7991137965954758	0.2013125138051266	0.7031595733524272	-280.06480715924386
5570000	3.844964879602819	4.075841745662694	0.8666973077590034	0.7906133684181613	0.2056054388622114	0.7097844056520304	-284.3919482537255
5575000	3.7997636494107847	4.393824034383926	0.8745251099251684	0.793570897681022	0.2072341666772683	0.7000827327878899	-236.42086869916207
5580000	3.9767201751663914	4.537579905777742	0.8739706045400035	0.7991615772863153	0.22775210891376851	0.7033243297217473	-231.49784853682348
5585000	4.004995139219957	4.092033659170261	0.8693887563161102	0.7880550918452446	0.2081411297984671	0.7125363863679157	-256.5717209798996
5590000	4.052707640000259	4.094493086425921	0.8660390721548755	0.7893523117927645	0.21027918410460492	0.7047878215806301	-259.0608285067899
5595000	4.475160248933172	4.5475210652967455	0.8715727404373077	0.7898577899300959	0.21172248142134362	0.7142609556995629	-279.9596767513656
5600000	3.788037876059425	3.8270307104299808	0.8991362612344815	0.7930100021706241	0.20088508301499883	0.7032884917140169	-248.51377341644653
5605000	3.8425443348727955	4.593982498922478	0.8161229204859727	0.7959519926352252	0.21104552587002953	0.7111363801105303	-287.51453833449835
5610000	3.8519249302341843	4.347644700270214	0.8952608375419745	0.7944298225075648	0.2273638425528743	0.715720221236484	-222.42401833543533
5615000	3.8836241549937847	4.000697958531875	0.8451942026247654	0.784092817024262	0.2035431266878142	0.7290178224740095	-225.79371971807703
5620000	4.0026972538402035	4.091950068594043	0.7586342833156772	0.7923637608530044	0.22141038078163214	0.7061655031441462	-275.3600908067611
5625000	4.1278840544209885	4.3767723219924335	0.8837087805135669	0.7730723853534082	0.23475017140925783	0.7064932358651888	-261.95426146760354
5630000	4.194854794476845	4.218718760667778	0.8128067002241036	0.799662297416487	0.2293656685325096	0.72447194301527	-254.82213168790236
5635000	4.019548564903774	4.426054526303105	0.8699557554248717	0.7875282181301526	0.20991526401217653	0.7058886474443011	-271.9913863978826
5640000	4.1420276703325625	4.865216446377856	0.8820940962566338	0.78846484171397	0.20149585424171398	0.7203491870590989	-253.43016878760528
5645000	3.801577897683622	4.213044718881949	0.8790182816588691	0.7856303246195744	0.20811768378018308	0.707593154171503	-218.7010657859461
5650000	3.9410214879395373	4.708102859402802	0.8822109985134305	0.7997564860930706	0.20340246707262682	0.702361953240469	-237.94206518781945
5655000	3.865357343628385	4.0170993536179305	0.8808723825221154	0.7951288403889288	0.2147171509121382	0.7615572532472199	-218.32968948545724
5660000	4.062553370930949	4.271272070356516	0.866413714424431	0.7999642913427135	0.20085303637165544	0.7242849788404255	-241.73585365383676
5665000	3.765070469757814	3.795988374346371	0.8476434781564203	0.7967499688973295	0.23504839258745786	0.758696200797607	-215.8309228896211
5670000	3.8505804888023185	4.098189374546729	0.8600417872487998	0.7922155800770004	0.21503155574517488	0.7247545345882059	-232.9686140756351
5675000	3.9836012207330915	3.993547020820609	0.8756354624001729	0.796287941291387	0.20893135706565336	0.7099215962318915	-221.78992588650422
5680000	3.9856032687908347	4.106820387064276	0.8564501967723986	0.7996485184153357	0.20470112035570753	0.7454240544378532	-259.8382393312577
5685000	3.8718754685816124	5.198204416446294	0.8186847133295735	0.7988344177444996	0.2032726269154064	0.7378504121097111	-291.6870413018334
5690000	3.75928148942525	4.1244658894178645	0.8952487092998824	0.7895377808104428	0.2174811107014631	0.7216087021853522	-232.7029917241783
5695000	3.8443145295247767	3.9907657322495638	0.8398756102727991	0.7919898207931424	0.23295188763172525	0.7015172653203295	-214.45569620174948
5700000	3.9339019275812417	4.060963115589167	0.880072934761837	0.7971862546367389	0.21499714887431257	0.7058958661313312	-222.55430829867242
5705000	3.75928148942525	3.820627194030713	0.8662807887508063	0.7912314521142495	0.2377726439627263	0.7036325607586073	-239.74714834123824
5710000	3.75928148942525	3.8633443944269352	0.8782852759412982	0.7993480809448825	0.2018006638063268	0.7051114409154708	-228.92956113805064
5715000	3.75928148942525	3.93894116631088	0.8817533097337805	0.7998913554011244	0.22294041418913974	0.7102216856845551	-230.4256410791915
5720000	3.75928148942525	4.006058926263281	0.8883816404542236	0.7996176962187086	0.2164254350258804	0.7505348553043498	-218.5302960678068
5725000	3.75928148942525	3.8930749996242233	0.8317987829481152	0.7961826141808405	0.22525663511190736	0.7484774607576157	-239.65673031869875
5730000	3.8204116809022874	4.1857653103650225	0.8894852846230329	0.7963767153495227	0.20278065638513237	0.7087892327216122	-232.29034429157466
5735000	3.7668646381542654	3.897728849994345	0.8882449469453889	0.7962615822846155	0.21762026636979434	0.7090242864757511	-212.60579779324442
5740000	4.021688021309646	4.230856115594406	0.8210811434098267	0.7995679719236176	0.21021078550782205	0.7051975136548952	-249.66732235990526
5745000	3.9248046615884187	4.067730785725256	0.8088953636366604	0.7955727785012524	0.20449237140493326	0.7062086098889877	-278.4104203821534
5750000	3.8152347162746234	3.887766862559214	0.8960744197916337	0.7959642050202572	0.2001713892667508	0.749790422539936	-235.80555467338402
5755000	4.026947431781269	4.089557114603331	0.8575927761859055	0.7920315877172066	0.20435292939269709	0.7111123449151585	-247.72215492424664
5760000	3.884249991010662	3.8903432607970303	0.816544474833403	0.7981187660667078	0.21620302453339313	0.7043844404594597	-245.9845535014267
5765000	3.911746319079625	3.9728546268956886	0.8462673474705493	0.7989666424223447	0.20095045504797	0.7092843067013336	-261.6733595685369
5770000	3.9350208070116794	4.228583913085297	0.824615382232057	0.7957020869328044	0.21184126029670722	0.7004742964547215	-269.7303197136466
5775000	3.8540931548883863	3.8578885690057456	0.897183346428964	0.796669423810303	0.20371600569704545	0.7084844053109473	-241.55637853307826
5780000	3.857612101136562	4.310264815775383	0.8818579513703608	0.7903525913315352	0.2023317765946859	0.7159747861203316	-236.99950750451455
5785000	3.7874431711947687	3.893537364053669	0.8653435604343883	0.7947833010803754	0.21701455130081249	0.704411870816827	-238.29580043217942
5790000	4.6064269021750155	4.677799348218695	0.8995107625383874	0.795953431972485	0.21593287903534458	0.7571369937979859	-226.6938947330778
5795000	3.9189806614651483	4.163375467587836	0.8845754949536054	0.7908113910109025	0.21266764894256326	0.7135183535668573	-232.57078147337953
5800000	4.0035341471778505	4.037586145466624	0.8908065228101459	0.7997243281374032	0.22174004964536984	0.7194733828610467	-212.6716028739022
5805000	4.193123669830206	4.266146647284944	0.8807793332197752	0.7766987931839997	0.20425207489209748	0.7205542023216334	-261.6100060351517
5810000	3.8461355253978593	3.903265985719817	0.8780690747619394	0.792790193066014	0.2205789746080726	0.7037446780687944	-226.14691719083945
5815000	4.1044299044887	4.129743651039884	0.8910488007337145	0.7999083606869862	0.20059037147288708	0.7445258347476125	-236.94575131324646
5820000	3.8462200602685175	4.18477963923348	0.8979275811531976	0.7926831475256148	0.20665027170595549	0.7182771310096709	-256.0933598110793
5825000	3.9562566293162442	3.9623160561898616	0.8128601458548739	0.7955562484128879	0.20575462728477595	0.709746365466897	-244.2502423823098
5830000	3.912025625368685	3.943296761226521	0.8960368509133122	0.7811679412343009	0.2115324999249907	0.7213579667946323	-237.9704112299319
5835000	3.9569766202790326	4.029905061109495	0.8400396262114466	0.7999021602481043	0.20660523120709215	0.7057399375550841	-229.72154520558254
5840000	4.184412696991947	4.261628281487711	0.8704115079329052	0.7951949131221294	0.21191717306130703	0.7156678633865382	-273.4635235217136
5845000	3.9126918772024397	3.9405453384693945	0.8910413950427735	0.7986879931131617	0.20447517981064112	0.7102714451445259	-253.23355290644986
5850000	3.802288528833569	3.8632784505460616	0.8629191202119173	0.796596568608387	0.20195574374887293	0.7016803556824278	-270.5413404248141
5855000	3.925015009604624	4.282871216458555	0.8762578072813405	0.7868309508334	0.20340410190701524	0.7041170203093097	-258.8100354952979
5860000	3.927274610720152	4.291188194991259	0.7748305261437333	0.7982416512761739	0.20301532177546364	0.7168588451845304	-252.77333554372717
5865000	4.412619385587694	4.6402718990999	0.828541709753076	0.7944710152678145	0.2057240781688773	0.7073103910873688	-264.5535955263326
5870000	4.548069958692296	4.993342081738633	0.8835146046355767	0.7905584993676127	0.20481108459763117	0.7189116692602739	-275.7395544359259
5875000	4.027300712373593	4.2683636005292485	0.8742819355616026	0.7916206771743609	0.20259674942168718	0.7050038718089139	-263.88404613207814
5880000	4.3583454681195475	4.688432446312213	0.8538473860946335	0.7851243587801727	0.22668083690516463	0.7056601089079835	-238.9213815784721
5885000	3.931180861035939	4.9348208003160945	0.8923768141138726	0.7930625926978453	0.20073058812801473	0.7098288978011538	-254.96412451687354
5890000	3.8814107579767105	3.959355521931511	0.8221606539341976	0.7921064371503475	0.20466035261902074	0.7293159630939728	-248.84018847324404
5895000	4.3301276693590225	4.618545562042521	0.8835572890781431	0.7895652342614721	0.21834787268488465	0.7054471169205546	-263.12432287625955
5900000	4.012401808736699	4.055376541013374	0.796338518037825	0.7986755145896897	0.2229966166282708	0.7359713396152233	-273.3171295754454
5905000	3.961432670609238	4.40877724359775	0.8983034143559826	0.7956601574116963	0.21071707187393232	0.7157917789773576	-262.7408696210989
5910000	4.125525102891747	4.3184654859903455	0.8420405883195329	0.7943920432357825	0.20152652062692372	0.7241340824890032	-266.0160824791242
5915000	4.391113191552575	4.598667002100202	0.8311019219761562	0.796492250762028	0.21056306308861214	0.7152077981741908	-236.28550674675535
5920000	4.244428453886014	4.267772204712916	0.8537192466619522	0.7952598741428973	0.2044237288122235	0.7233329909236615	-216.3707813322269
5925000	3.861421703543822	4.002460369015443	0.8999303271062828	0.7912488090694149	0.21434567739129914	0.7004314751437065	-230.488258070166
5930000	3.89846003918279	3.945740422284166	0.8867730176136432	0.7880571227000118	0.20351033150092016	0.7049021303068222	-250.35094151512735
5935000	3.75928148942525	3.7807606206178757	0.8693400753408018	0.7940838649726433	0.22055618939383068	0.7338887347541643	-218.28822678809203
5940000	3.8506383190679028	4.032898420400412	0.8985392989283275	0.7997521669773591	0.20447328347733287	0.7401490125868531	-217.46453976221727
5945000	4.364987733040557	4.564325283166731	0.8459731883064108	0.7973569769783484	0.20364613946197357	0.7088978333693808	-225.413298091673
5950000	3.981416609076992	4.417472131667023	0.8826147792215665	0.7994432909090595	0.20345098915591553	0.7052205334640178	-217.29539839551109
5955000	3.8765168114754736	3.929469583218156	0.8580708739544705	0.7921843116084144	0.21366401428267567	0.7207887810632805	-220.4474767712939
5960000	3.760669848526225	3.8686617736323345	0.8800163359701731	0.7950564034592251	0.2099357309809373	0.7035028426977089	-229.62143441219376
5965000	3.8624038728558667	4.1688257463871015	0.8727200664840328	0.7803844157106068	0.20636503748786728	0.7118124714020191	-273.9800862512099
5970000	3.8579787268814467	4.152945298356659	0.8511319162922534	0.7984121657384501	0.2110377744041386	0.7783199442170378	-276.9663740695745
5975000	4.158374384857775	4.210030030798977	0.8003818568550026	0.7924252933411855	0.2101779052415346	0.7005096290096015	-244.72411538535093
5980000	4.014498104170379	4.131039964872955	0.8419544812237378	0.799599661977519	0.20220895104191822	0.7250651745170497	-267.5402074723749
5985000	4.319316124540715	4.355137450300202	0.8098117854727908	0.7956826670250143	0.2041451636494878	0.7028873138461115	-245.14519642760322
5990000	4.140730856070225	4.184138679143714	0.8874182336893841	0.7984698404835768	0.20471216088452518	0.7540260266213658	-272.81979973779204
5995000	3.9657598624432855	4.087364434577905	0.7250991343858418	0.7933695565136778	0.2189086949319413	0.7553776593009491	-293.7959519590531
6000000	3.9369842260337857	3.9642444287271488	0.8025530629865281	0.7784875454938511	0.20410899734475305	0.7047659517641857	-300.60547363753636
6005000	3.8207761346324673	5.502077008520449	0.7924370412565209	0.7961506930905022	0.202793636432397	0.7048280370665337	-288.07651722120266
6010000	4.034848374375583	4.654461315512199	0.8610226926753028	0.797636795760021	0.20649625927538018	0.7027928138309467	-279.8592341933021
6015000	4.449081015888631	5.730392230666196	0.8147803212436491	0.7920879672494083	0.20955296666900045	0.7021791399635445	-300.2560815627964
6020000	4.030455909631838	4.143564528839971	0.8292408556253706	0.7994879982358445	0.20156590615538725	0.7314098250461724	-269.17411767080193
6025000	4.467560486745747	4.733571533116924	0.8523222537165157	0.7761939416958279	0.20237729441125554	0.7071842148237385	-287.2042171942734
6030000	4.267385934085171	4.581610400526162	0.8758051168335477	0.7992558773919307	0.20277986313186083	0.7097167010820661	-229.73649507134007
6035000	3.904027658874361	3.9358835382916264	0.851269873513528	0.7976601886457007	0.2034592038060863	0.7764194703599282	-245.86608792174263
6040000	3.9908627613076013	4.505091338976217	0.8886677341985765	0.7891366931669364	0.20324364157996755	0.7472564157696269	-242.1661347776127
6045000	4.245057073026871	4.445312614162585	0.8612546430156047	0.7854407573284038	0.20693181439966574	0.702352175817967	-283.6951235139146
6050000	3.9422209323196187	4.831457237853773	0.8705047358324677	0.7972706428455517	0.20396279332549364	0.7204927193789836	-251.5591253555572
6055000	3.9719281829419897	4.052108585786161	0.8803133416819912	0.7975359911823348	0.2127148643816066	0.7238162450029118	-218.30564243793563
6060000	3.8541822751977746	3.929192340342797	0.8897713155896662	0.7988601667737512	0.20839723896354273	0.7234602667158403	-207.86085672652771
6065000	4.005863944752047	4.408232100844662	0.891013036873605	0.797490308632117	0.20785994221181667	0.7702004113322695	-202.57983930228815
6070000	3.9533979992742854	4.209438195174419	0.8534042930465451	0.7952354108349207	0.21699921517810772	0.7307926021920877	-244.12903191530535
6075000	4.16300967573504	4.642026104393506	0.8061600580443606	0.7980066961972526	0.20470997870354887	0.707162318358852	-259.4434501837294
6080000	4.564992805221934	4.700621223223471	0.8755306492462203	0.7964339148516059	0.20356399632198358	0.7030560662544323	-264.62885947775965
6085000	3.9082030990783014	4.059216982408094	0.8582705146293657	0.7904406031634303	0.21237976099010453	0.7066037354920802	-272.40186819991754
6090000	3.801303413930703	4.46065965699062	0.8949799881928533	0.7816580721587263	0.2071637419024781	0.7036542651159337	-244.25254806412536
6095000	3.8228063057972923	3.848197986370629	0.8983611499812092	0.796775148860235	0.2203763773507589	0.7333049631503111	-235.59537032451686
6100000	3.7817408567171418	3.8166100385928585	0.8926292104772534	0.7861890598217145	0.20899790158111284	0.7185385950800288	-225.61477612081384
6105000	3.8408855009524454	3.987407348749334	0.8620406884640032	0.7948318184623208	0.24264622749025871	0.7637158632600745	-236.44216867615987
6110000	4.04807128708813	4.058882972546758	0.8495549004711569	0.7930588775648844	0.20292041806395275	0.7151543249941773	-250.63384184913508
6115000	4.008334558434594	4.091601790579453	0.8715330983004693	0.7924734659089919	0.2002564952606831	0.8021916203874768	-222.1671095328639
6120000	4.110516081771037	4.220601469762377	0.7116253713968804	0.799820334971376	0.20477453823805167	0.7115633288405752	-276.4348715644794
6125000	3.8666561064883083	3.923441405057756	0.897003147268753	0.7804597287551215	0.20952083921702305	0.7017381571337808	-254.22410006976588
6130000	4.312737767340011	4.333961896577763	0.8923165473237755	0.7897284143710812	0.20744833070467392	0.751730361012348	-257.0081295108833
6135000	4.058746261254149	4.24080616210807	0.856755300342804	0.7999744084847403	0.20787159891919627	0.7107697069316656	-246.0202616625881
6140000	4.159023158039603	4.727683779564437	0.8363188838068337	0.7946150401427771	0.20057496812159564	0.7040625483853298	-267.1808086008306
6145000	3.9124005370638666	4.0727305172778605	0.8266539714038196	0.7977450972411099	0.21785781795346273	0.7088789569497079	-244.22090739694335
6150000	3.7670140272937895	4.2037773578194955	0.8720024212068698	0.799421153857378	0.2008451664167651	0.728634451169666	-271.6291560394415
6155000	3.9629507056097575	4.5015564885724215	0.7574236176279235	0.7990233662819263	0.20177330229937668	0.7241646965688673	-288.2258282525573
6160000	3.9565525855784416	4.349293357719809	0.853205756148498	0.797100450093058	0.21007243268093923	0.7195060473005898	-249.20306239088083
6165000	4.07204322087558	5.0230645143973724	0.8870363508765503	0.7961899753402631	0.20290509814998114	0.7144760121342374	-264.7392221294044
6170000	4.066437469069626	4.286523056967757	0.8882105057437286	0.7968423453030059	0.21526473102543786	0.7115238158915378	-233.0350845366781
6175000	3.8602806022707385	4.170013498569778	0.8869374745865194	0.7938339046903484	0.20829990297905754	0.710719582762355	-240.2349429869553
6180000	3.8576222661919366	4.021666858543239	0.8942640210463961	0.7892368750754108	0.20068888458226664	0.7253260999337895	-259.86278732351224
6185000	3.8430691344383594	3.9275224065242256	0.8702537316576084	0.7892724686535646	0.21404489894627132	0.707287677096516	-229.158233508085
6190000	3.918674343558923	4.388503068372409	0.7709052537968981	0.7935233769208685	0.22207154289146444	0.7140127410124073	-239.59953501461302
6195000	4.03582351526501	4.483060925750838	0.8987375809670994	0.7989869689049878	0.209962235456255	0.7101093634279494	-228.36724699226573
6200000	4.200137869316258	4.418353094254083	0.802349365173933	0.7989026274989887	0.20452656302104116	0.7212430321761213	-252.28202729098854
6205000	4.4936310577452385	5.065216804986065	0.8771638347199691	0.7978663115072341	0.20761755779915253	0.702005209872867	-217.03067168700161
6210000	4.046449292651562	4.2780377682847135	0.8978855486957728	0.7997248373420988	0.21292212259301888	0.7020133578154649	-207.36184727193327
6215000	4.128863081489269	4.2150401645047495	0.8928449889430279	0.7868064040232907	0.20461714985863283	0.7015777248465137	-274.119266821763
6220000	3.9023499818890586	4.116882013774603	0.8685972588132881	0.7715863308521134	0.20366725137328653	0.7156351781424392	-268.39249691992615
6225000	4.028626501501967	4.29065274313627	0.8710450530652276	0.7990297075608072	0.2044731690706878	0.7390059109830632	-218.00095196419957
6230000	3.75928148942525	3.8750608914713736	0.8656272294955193	0.7982088161273835	0.2064536600088478	0.7320420301764159	-236.17322097706318
6235000	4.01384947504331	4.582306400995425	0.8807075067060783	0.7908335599612331	0.21991539564478008	0.7000029891246413	-221.69220780198117
6240000	3.833008900550139	3.9150120663363888	0.8811261224743514	0.7969428542795761	0.20084939171608837	0.7244875584071419	-222.09485328538486
6245000	4.082236109972746	5.140195516581436	0.8501698658994294	0.7613807311304964	0.2095056726267668	0.7058090184454194	-294.718468459221
6250000	3.9407388016639513	4.083731302841492	0.8291769500468877	0.7855098212282058	0.20077797801240158	0.7215227803319473	-278.52280664399194
6255000	3.8826864601339373	4.191610408174863	0.773064677161299	0.7981210053005312	0.21306355245534378	0.7236000334146705	-302.9822216548463
6260000	4.025343656507848	4.154385283250706	0.8786578301838924	0.7723951318984476	0.20274152046273072	0.7270586724948443	-330.45167100453904
6265000	4.003219156618691	4.14613404463267	0.7285951705836322	0.7796769951877011	0.24331753794627348	0.7096741748532213	-283.4063756736741
6270000	3.9420324169637753	4.332956836140066	0.8392768192097684	0.7943706656298506	0.2039720544910767	0.7256378157771796	-266.90250114124643
6275000	3.833449279324469	3.8808566935136564	0.8764842279848553	0.7918781315551326	0.20714792781209754	0.7102078193777033	-262.76595612880453
6280000	4.108623966993221	4.206420018118008	0.869074836994428	0.7972535490164026	0.2083938440983387	0.7005948745894744	-239.01184996454123
6285000	3.938733354060827	4.213219891182852	0.8736398751620815	0.7962626932303134	0.2097547914628908	0.7386987067619177	-243.82480129963756
6290000	3.770476727184491	3.8889529325495222	0.8783709285567781	0.7741501916513012	0.22376570168879056	0.7299611190565803	-264.9100549085807
6295000	3.99271878791746	4.3262188681593186	0.879443072092393	0.7661692821772984	0.23059872217319238	0.7078433972969025	-248.63338124495556
6300000	4.256109268010251	4.684184750449291	0.8586107974183769	0.797262627890296	0.20337637936332714	0.7070767433957346	-234.48495948728026
6305000	3.823616068508982	3.8574451559788527	0.8312217227281015	0.7977021343620146	0.20017238001865428	0.7674561942721688	-257.7392140073868
6310000	3.919986788916414	4.534546625799093	0.8813733590357072	0.7998363980245818	0.21254419102198274	0.7018804903971512	-245.5262482558161
6315000	4.321614384822817	4.394991844158298	0.8818117337166161	0.7800728389763996	0.20966235594590282	0.7173015860776896	-258.0460575736722
6320000	3.842434400616968	4.15767568936457	0.8982986932050582	0.7974200419148684	0.20031260355769787	0.7212391291232201	-249.38614224167856
6325000	3.8963028581104586	4.196251637908947	0.790225382919776	0.7903326584711142	0.20133978376904565	0.720376606327882	-294.11342728828635
6330000	4.496305047157194	5.500047852976056	0.8683840263505243	0.7849599368393094	0.20797922969889987	0.7106432556941155	-284.58511382750476
6335000	3.8604075273022604	4.04812258287315	0.840136875409979	0.783143242116394	0.21261495846265874	0.7288092995501537	-271.85886627368313
6340000	3.910630395635138	4.376982909054905	0.7807212946310392	0.7821517832370785	0.22515328137719992	0.7123458167244551	-280.7067837545239
6345000	3.7830931048692924	4.315316904127577	0.8651082243592979	0.7925654212005808	0.21107976973585557	0.7252746914945769	-248.3258431910634
6350000	4.062463807609029	4.170879755604159	0.8816185508904159	0.7961445925707428	0.20434541591267816	0.7079971861456684	-200.97597555454078
6355000	4.267851839856126	4.574215800111949	0.8974225038723623	0.7998062108533127	0.2030006121652509	0.7143628031107718	-232.8950850585738
6360000	4.078203994711441	4.393364925970762	0.882810019605081	0.7857010941118158	0.20773890593936298	0.7256615721172499	-257.7228796666387
6365000	4.097621094963834	4.331658120874087	0.8458555877964912	0.7782311705445546	0.2071240872304756	0.7095080982109235	-291.5638833494532
6370000	3.833489106744662	4.029147754198894	0.855373141333102	0.778646437058468	0.21685231861147025	0.7220630689127869	-277.54374102655856
6375000	3.8305628421878883	4.170053331930453	0.798600213419401	0.794601000554892	0.20110684634260517	0.700280399144285	-310.655143848453
6380000	3.8654249357161024	4.63425714771726	0.807807999696896	0.7993059900433797	0.2006811205998959	0.7656066563146882	-288.45674355150123
6385000	3.8167635268238764	4.209472515332003	0.8225920090121485	0.7843162533050695	0.21151002057521914	0.7216351566787397	-274.7866138087962
6390000	3.9647721662052002	4.036815832466195	0.8833305018439169	0.788892188767526	0.20169334163432845	0.713166264305507	-281.25333203650445
6395000	4.714996888386745	4.851456448085547	0.8598712696226263	0.7838888882680155	0.20492341418999885	0.7096266197088257	-279.4069595047154
6400000	3.9712784106005143	3.9755352798910337	0.7931626178993737	0.7911138352510136	0.20608585257784032	0.7094543119898399	-294.495378984559
6405000	4.125135932888807	4.8653581957136645	0.812456239872094	0.7986160130110769	0.20163374842596304	0.7275134242221158	-258.2386424215894
6410000	3.8801891007939457	4.150042520501344	0.8592519320090718	0.7844302607534296	0.20258892011377713	0.7336425426151768	-263.50678439377685
6415000	4.549770848705846	4.944947895020882	0.8836689874546165	0.7920176168476647	0.20427355039858666	0.7073950788995657	-269.86440467756364
6420000	4.012425967214214	4.374845862505547	0.8603874227755848	0.7952742604525926	0.20032114014324723	0.7007302989452673	-248.6840625598398
6425000	3.8260261930050867	4.002922250107419	0.867384280550418	0.7862749213880281	0.2049845313200401	0.7240429584944128	-267.54498817934405
6430000	3.963603532963825	4.13226913212092	0.8619392533814931	0.7956232092756903	0.20236639079574748	0.7006588409090825	-291.979161722974
6435000	3.9126638201012547	4.187471708963453	0.8503080723960756	0.7967315884553966	0.20018682417893363	0.7045436771595289	-286.604792105932
6440000	3.75928148942525	4.035830096512384	0.7791856918959422	0.7964937163366878	0.2188055097118076	0.7004978627044222	-257.78645022218046
6445000	3.9822264226291915	4.0388988501368726	0.8161155862968072	0.7910785737029337	0.2130451022930492	0.7108573026927677	-237.07277266494705
6450000	3.78094407268045	4.306368326702612	0.8900106769215872	0.7938717132391446	0.20156566589160022	0.7164421937533502	-230.74746557750947
6455000	4.101449939655818	5.462872235480646	0.7740472391822367	0.7797397002589859	0.20547990037495062	0.7077936628311696	-275.30013407037626
6460000	3.780820929785834	4.208080100549721	0.7073090482124538	0.7800381468740336	0.20321047207930382	0.7393290715695223	-313.310194279052
6465000	4.05379105936948	4.245481317725879	0.7751110111268493	0.775735093782869	0.20427647448431255	0.7092302088989662	-317.43286754926544
6470000	4.238903812522651	4.667789050305029	0.8044375679103559	0.7663173815926254	0.21262453297975858	0.7057806616381672	-300.9603677750464
6475000	4.027620245471869	4.28332074004492	0.814301626908716	0.7968641918509788	0.21050355940393944	0.7452068003830279	-267.4112900955108
6480000	3.8879479643536055	3.8953677493181744	0.8957772809773402	0.7786093170113225	0.20708628037551152	0.7018020182289532	-271.0995185946253
6485000	3.840889716483726	4.042930831703974	0.8990343459258742	0.7999388248151257	0.20020043291031822	0.7327688306996911	-236.1590928606096
6490000	3.8947287480069943	4.223201321816373	0.8823284556501644	0.7957074837348278	0.21449757815209283	0.7821767502595621	-204.48700618616007
6495000	3.75928148942525	3.94455055017006	0.8792500122130005	0.7971353031744352	0.20313749056829655	0.7148728868325662	-244.85911001603642
6500000	4.152080116073187	4.607321082076691	0.8287314846335858	0.7994903003134437	0.20167710536228023	0.7166369845530699	-273.91741440977694
6505000	4.1378991811756665	4.821385593439435	0.898762534761941	0.7891036341297177	0.20291746768137608	0.7152473519019735	-263.25386341150147
6510000	4.153024636243324	4.203924119632754	0.8637263325474578	0.7957669517839595	0.2054342075516655	0.7449489412270504	-265.5079848763768
6515000	4.180914421416259	4.358067652647004	0.8587060734328554	0.7585943747610264	0.21325886323766924	0.7041155532144749	-270.25086406755906
6520000	3.887410366914237	3.929144665249197	0.8825184403944796	0.7867726352531293	0.2346601698879731	0.7008960622796955	-246.83634166754098
6525000	3.9562157415008814	4.4028048341159245	0.854033517429061	0.7794977900996668	0.20424600379942945	0.7161048050440655	-293.13574450630347
6530000	4.022125297272176	4.200378641297075	0.8015546570421174	0.7972053703506647	0.21913504645142512	0.7073822659580606	-241.5827318526115
6535000	4.335308221808979	4.593242136024157	0.8369191391365064	0.7923253552613738	0.2069491502278266	0.7032939958639863	-227.23876960596738
6540000	3.8124016072058127	3.8160434150480174	0.8930117025000363	0.7944350846478827	0.20776979622970052	0.7044757054513997	-230.9152646715978
6545000	4.019314306088806	4.131795352568801	0.8621044389678213	0.7980692324597516	0.21552387797073208	0.7317458560453278	-220.28531650277938
6550000	3.75928148942525	4.033752382610193	0.8754602941926688	0.7937857163182237	0.21162616481586038	0.7037435809870075	-217.95785230192553
6555000	3.779335190053577	3.8465282320683545	0.8926736218921157	0.7993283280257735	0.20125188645563793	0.7137741422143374	-250.15200126544224
6560000	4.1295000489775715	4.3059358249244015	0.8646237462284837	0.7962487760555856	0.20278646552644017	0.7299283073726679	-249.03369252679977
6565000	3.8446488362823232	4.097043029425636	0.8431572184589302	0.7927229840279618	0.2204358384492108	0.7104451031163389	-265.39220808354236
6570000	3.9505919850059246	4.6522736120577	0.8905265154812091	0.7684939420187037	0.21638218910326004	0.7062625224800747	-258.7547471642092
6575000	3.8962198580611926	4.16690187145584	0.8655538632481901	0.7989667643960532	0.2017964002331042	0.7608722411002903	-249.96538097382876
6580000	3.9875879129675385	4.007063243531583	0.8885648240335969	0.7999190282373045	0.20309860911704578	0.7541029266939676	-219.9612028802628
6585000	3.938846321833303	4.52931791849201	0.8485657396184307	0.7967602744223914	0.22849263635859196	0.7774661167523947	-231.627134731299
6590000	4.8277943978601785	4.884053061616463	0.89546139848805	0.7984748482972116	0.20246239387073073	0.7135574690907794	-228.55174015979816
6595000	3.9852575223528794	4.639107017853696	0.8341714815478634	0.7949731259350811	0.2201060396773245	0.7097681552883571	-238.20975335391034
6600000	3.7645828764829745	3.9861394646391894	0.8966296932099822	0.7876302881429127	0.2165062078379544	0.7022415248959318	-237.93576675667032
6605000	3.75928148942525	4.243142699983205	0.8948238178083348	0.7973762651124853	0.20035939526992486	0.7179796384689358	-220.86199715330733
6610000	3.7870222468590202	3.819331549209246	0.7672203436849042	0.7987734106045407	0.20254903605460162	0.7113104554134717	-255.0006313238415
6615000	4.1360808382584215	4.186169111685406	0.8672694043710324	0.7951853150684416	0.20119794452650344	0.7046779703098819	-277.1186390161621
6620000	4.054315639231791	4.0571822323105176	0.8735004906219043	0.7999724339215172	0.20867472458001043	0.7045445547711295	-256.3398814004798
6625000	4.098256850044641	4.600014558465272	0.889773841381508	0.7982133495365661	0.21749384934695207	0.7286331302177981	-232.30241327714026
6630000	3.914560510553329	4.516786723178693	0.8919518355421413	0.781087455934791	0.2008180524133625	0.708727869568926	-261.4099012149587
6635000	4.0254476196175455	5.408360227424875	0.8991882379550828	0.7940948970666659	0.2063142629702363	0.7143035347695336	-273.865569435725
6640000	4.119746115746232	4.908345113992088	0.8423160234390836	0.7914453331254	0.2129104001254618	0.7218338823526665	-269.22477943031305
6645000	4.085045616516903	4.285833187014451	0.8984501020506142	0.7965873540593521	0.21102458116280798	0.7236287194366247	-219.97528102269715
6650000	3.9543942869739697	4.18585596181239	0.8860177425569423	0.7894735151655825	0.21564914492537174	0.7019855691339448	-202.0840538886867
6655000	4.227422006694848	4.642721300298973	0.7881793410253263	0.7922672775123027	0.23227831520754783	0.8006532619903198	-267.2883215497853
6660000	3.9099716590458744	5.374072271522739	0.8526975676855246	0.7722372826986224	0.21453356977948607	0.7011557432641833	-277.79860105748355
6665000	3.969195671530722	5.2819671913069275	0.8697083913630097	0.7896159358124734	0.22758932716897987	0.7437541675513359	-239.20345091075626
6670000	3.9814869564312807	4.0033256679015015	0.894350514952992	0.7900415404873152	0.20046348903191186	0.7183055323371523	-269.1813785828947
6675000	3.969636250299446	4.418569776221819	0.8691534230892337	0.7929062679882132	0.216487129354222	0.7016001425205214	-249.40375057040424
6680000	4.018780173790059	4.136547775728216	0.8611728701169391	0.799193107481704	0.20208781012688282	0.7327743326075311	-235.51398522238452
6685000	3.9672378241272925	4.757376865686516	0.840447122818295	0.7704496270314337	0.20405797618557572	0.7039109238232755	-277.1777584194106
6690000	3.8397759427773313	4.007900921524344	0.8358580439603828	0.7962293115985987	0.20170131386554038	0.7387182118446005	-268.43206596103954
6695000	4.085931474308234	4.199786438673353	0.8516196854403031	0.7996127533851811	0.2011630055676294	0.7031734278095519	-265.2231019183893
6700000	4.002667570335662	4.109533818604913	0.8837298717713555	0.7973930421311693	0.2063904941500975	0.7379029926145015	-240.39792481914048
6705000	4.191117084514471	4.19628082134167	0.888150194381585	0.7867323835405485	0.20016614563449175	0.7085510494381845	-247.06279681383168
6710000	3.972002908594423	4.233652460950238	0.8834553147873336	0.786978827873446	0.20912773548292857	0.7494170457131021	-264.16206101779954
6715000	3.78174488391313	4.031589762144611	0.8723446062256757	0.7950289317882564	0.22892017286795402	0.7042366741622621	-257.74711328868796
6720000	3.8691599938248884	4.049082569038818	0.8097128528971462	0.7961002125919686	0.21005368490329257	0.727388373169631	-257.1539041908116
6725000	4.051639000141077	4.211038626935881	0.8962801904834559	0.779492728665851	0.20486990685339304	0.7018235746850989	-277.67839882411585
6730000	3.75928148942525	3.858802202779352	0.8969439951179538	0.7966667646133464	0.2026006772896622	0.7066050769751129	-233.6990792419916
6735000	3.75928148942525	3.774813956730274	0.8474038187643582	0.7838267632428957	0.21299691512971866	0.701633458872302	-273.33290422013295
6740000	3.9758956860730676	4.866715355417115	0.8777854317215052	0.7900703537047321	0.20097918306907928	0.7268020977166503	-271.12565441356185
6745000	3.935120862637051	4.73087988950964	0.8367066645216913	0.7954476796808364	0.21177208591754687	0.7058147093279348	-253.49769731718374
6750000	3.901216346517082	4.402825679052201	0.8925843043973589	0.7726122438385221	0.21746958401737274	0.7132437309950818	-253.55789562068077
6755000	3.925973679692584	3.97255220854193	0.899419632943473	0.7954848335143369	0.20260704234726987	0.71959732309216	-233.50390347162198
6760000	3.9318144347218773	4.166218623514557	0.8239159211997057	0.7725709560256376	0.20091205227744377	0.7199235596286934	-289.19008821032025
6765000	3.7843695874384466	3.938068417508045	0.8506896519726029	0.78808647074431	0.20536591935225967	0.707431114181308	-273.5329260975318
6770000	4.020498695456262	4.144182421214883	0.8173941231363591	0.7879393490006473	0.20953742788833804	0.7159555453573222	-298.0140105635658
6775000	3.864634901967755	3.9198876955332853	0.8820826696592713	0.7782355957070516	0.20081591310137628	0.7126036979224211	-248.74249166350532
6780000	4.11707780369253	4.228098986375911	0.8123951981401842	0.7975803791399955	0.21575590148791576	0.747660299069449	-264.56835903961206
6785000	3.8775486099221443	3.900174922354981	0.8843042350491718	0.7747037425464315	0.21762741365577462	0.7418502088783957	-269.8016074575578
6790000	3.928809421068774	4.203398988149055	0.8724893426196588	0.7789584062663727	0.20030331575419924	0.7180709783895569	-277.96194893178676
6795000	3.781496691746981	3.854415799926347	0.886896921429701	0.7990106854574888	0.21187279415218715	0.7869797868925548	-237.8706757874164
6800000	3.7921360490536626	4.452336454517041	0.8628479367156248	0.7967694028103995	0.20077813733965644	0.7187985190984598	-213.45145675519535
6805000	3.9483546878889526	4.079977194013796	0.8534363549093971	0.7989757551642498	0.205256801324643	0.7146765611660967	-211.64660411167884
6810000	3.91482876361845	3.9793939823212745	0.8881312898378158	0.7983007544980187	0.2117588373845724	0.7004565002746374	-255.20431658266654
6815000	3.9670593380302774	3.9777661500835175	0.8335602358808343	0.7963913121631313	0.21177197152166172	0.7004509388351281	-283.37758220279187
6820000	3.9059102491987234	3.9863193294944885	0.8972091152172862	0.7974252305492568	0.21591246089023908	0.871929448439415	-225.56927373927243
6825000	4.046055322121054	4.208940162477272	0.8161538087437991	0.7996990521068886	0.2079684961864503	0.7221592547707077	-280.04424522285257
6830000	4.122037996996352	4.260175727263407	0.8932556187876035	0.7923371058086844	0.20440627548974893	0.7393727480574452	-257.55982418042214
6835000	4.025824261500631	4.609910763385757	0.8390658093768056	0.7936371514365096	0.20380361948981876	0.70486140009165	-259.87076698328036
6840000	3.75928148942525	3.789651958445893	0.88106491754173	0.7945105660916113	0.21934914367745187	0.7116790816447794	-225.70647383076178
6845000	3.804497570247996	4.340787290205048	0.8836627665710711	0.7918339461021764	0.20058176258385768	0.7110066035525974	-232.51739046265897
6850000	3.7939845704560216	3.8296607612909366	0.8906099318896855	0.7961326304616972	0.20126421106946454	0.7505614398336259	-233.87593591281723
6855000	4.0250334355	4.089396385604892	0.8473706604151983	0.7984787435452764	0.20166432185978506	0.7348175167849142	-236.0960063862999
6860000	3.8794178409042197	3.932617056799385	0.8703233127065447	0.7967595690984164	0.2046758925590686	0.7102632378557339	-257.80999711642875
6865000	3.75928148942525	4.6851298104875445	0.8306918961130768	0.7888195552678579	0.20347470937780188	0.7540954396824472	-256.9930126951921
6870000	3.930874448678807	4.362001924242172	0.8426177770281512	0.7892352442347109	0.20071524117167017	0.7057282736899901	-269.4465881426708
6875000	3.9212508655282625	4.020208352940816	0.8656321754635535	0.7814940116770704	0.20823071756704267	0.7074722541181933	-276.98171959774135
6880000	3.902316055332877	4.33284565547302	0.7988143338350128	0.7951247126238162	0.2094025801778393	0.7056257119009312	-255.43638146235236
6885000	4.0036865058933175	4.387563464854394	0.8274557035001571	0.7993113050657934	0.20594173585835207	0.7364675754219863	-261.3260467834702
6890000	3.895094471280572	3.895249859580165	0.7803680539350931	0.7978123125530013	0.2131741015056132	0.7036538561707727	-276.4274620218868
6895000	3.8314273260351968	4.731296151704782	0.8952473978631699	0.7948194783472066	0.20358600177357108	0.7289650661309417	-250.78643124322704
6900000	4.234286729859137	4.4135415452170434	0.8220726488144672	0.7937595592361079	0.2158228244878051	0.7075465327961005	-239.25379985460037
6905000	3.9585938835601633	4.3761773334425245	0.7598414968988677	0.7973323302804619	0.2232527133063928	0.7454973919652589	-282.5214220845404
6910000	3.9291054716225275	4.406239657122498	0.8489279448429963	0.7899998177953402	0.21445997317295054	0.7053614750251505	-275.62517965170485
6915000	4.3764383402922835	4.488667141146555	0.8240088699335479	0.7942357585360943	0.20028538961141362	0.7135003853808314	-247.21688039093084
6920000	4.0936911433691625	4.471446590421255	0.8712108110222766	0.796344800526085	0.2174912184286511	0.7162676168328953	-257.2702591912871
6925000	3.903258826043898	4.211530614063291	0.8446637478644936	0.7895964259082692	0.21570296500264252	0.7000633122228411	-244.42708868649302
6930000	3.9717671819057774	4.108158703712295	0.8760126169697687	0.7976443335334849	0.22177788280503422	0.7284552030735862	-228.336009705227
6935000	3.884700551128553	3.982089929822572	0.890166620308842	0.7956293321978474	0.20472166649112575	0.7530788764608441	-243.97214285291966
6940000	4.092278155633727	4.244301087002316	0.8577870817068058	0.7956147122963804	0.211450227286772	0.7385963201233136	-232.3027063512614
6945000	3.9929919771522084	4.791666053953434	0.8898760642745646	0.7789814864663241	0.2219013332740318	0.7008643466298289	-254.2660359664548
6950000	4.129735913021207	4.4889606392156205	0.8478783809472713	0.7903474178741704	0.21031734194270799	0.745352297754001	-276.3969116712404
6955000	3.8718831362786723	4.259261351514602	0.8905573531378114	0.7903158824868916	0.20471303470209237	0.700672739062142	-260.3358259367812
6960000	3.9589832043640976	4.243104221130159	0.8852044046461425	0.7966243524293447	0.20501254219990095	0.7001678339667899	-234.37150161290563
6965000	4.164458162381076	4.6995483614879925	0.8528426223816948	0.7981143843804326	0.20302388123511253	0.7519896530842157	-249.2474440266524
6970000	3.934069913066213	4.045253776248282	0.876562557393439	0.7905555266501186	0.20659310611430948	0.7291232326637682	-234.66291932847702
6975000	3.833283868983617	4.071225137369711	0.8893715662351228	0.7919789948395146	0.20425688147982324	0.7698269328149345	-250.05324702958148
6980000	3.9066672747746196	3.9683853118116432	0.8820808158351092	0.7996639333985917	0.20143485656972385	0.7112215287534591	-229.2066907350349
6985000	4.117675527442938	4.386526172661044	0.8650207294982742	0.7799915029088618	0.20526291231262012	0.7279451063474525	-286.0891806187495
6990000	3.8740717702439222	3.9049156582742466	0.8860421291707564	0.7860900921948417	0.20667594825919566	0.7176627409129119	-245.2745460028407
6995000	3.9119158942970005	4.011520077985101	0.8636517232447514	0.7969110505516627	0.2089513418907434	0.7101276881962333	-247.44682514308633
7000000	4.1086103350459435	4.193363426794375	0.8995681063498515	0.792914574932362	0.20595438456105233	0.7390739357627214	-243.1981555978246
7005000	3.8921824383940353	4.095607440385859	0.8976129428245455	0.7950524674273683	0.20490662914025345	0.7092383903101753	-244.00110800324697
7010000	4.166920147540133	4.23375876113634	0.8725984397866401	0.7931723372153391	0.22985254266093919	0.7065421904457648	-238.6884876130415
7015000	4.034501107079367	4.166066756756635	0.8692005863168399	0.796543582023378	0.20862681772941602	0.7263907773606246	-259.34034237935464
7020000	4.1333435094174495	4.6495749569193405	0.8397498641348785	0.7917196693533745	0.20382469425544608	0.7334376017750669	-273.32364632993387
7025000	4.081199653684409	4.591375209137148	0.7192816946618834	0.7947048677713472	0.2205169339297741	0.7099408769246717	-298.03270566083745
7030000	4.089601440769763	4.196593036223419	0.8530850671089983	0.791080550927613	0.20531587723159808	0.7132649356863741	-285.33216646036306
7035000	4.077603482163846	4.136620190364623	0.8708294250761996	0.7817815746682077	0.2083222582796075	0.7176945813379078	-296.8582940313137
7040000	4.5186588013282005	4.775423503200326	0.867320824510479	0.7962627715462954	0.20777305552176953	0.7093194241129189	-270.3355723167482
7045000	4.58808846047739	5.559584405119831	0.8973770782721682	0.7700873363757297	0.21978643843034928	0.7289743690527355	-285.3398576612068
7050000	4.184657863612316	4.246036453624118	0.8786485254314328	0.797812702973598	0.20591865569572115	0.7346930281228772	-226.9589743369386
7055000	4.239764843388735	4.372631304625946	0.88704225554164	0.7955279733807709	0.20278499952513857	0.7041011002677517	-219.69846202771254
7060000	3.9788487016856875	4.812013132874366	0.8951931452411118	0.79173503817008	0.20188537415935398	0.7135482212601131	-218.25261991083119
7065000	3.8942350702377753	4.078651062220018	0.8838582401816629	0.7881240079641453	0.20150951740233575	0.7180077917880716	-238.49000824187593
7070000	3.779095788275136	4.030874403594205	0.8560813653531758	0.7926216869405394	0.20720757501900938	0.7030367374562555	-250.329201334995
7075000	4.167658839305969	4.561024893226955	0.8710118503533187	0.7969319462375318	0.20245528893628514	0.7121719069146893	-240.4377604716364
7080000	3.8728619839985674	4.139144609537128	0.8974270068062414	0.7820475142705321	0.22118755822881367	0.704507728307856	-233.1405721556141
7085000	3.8442737260084554	3.895744782505796	0.8891874602944576	0.7879845122443807	0.2050403490804078	0.734797949782065	-226.45150628574882
7090000	3.8088450139894396	3.87648624784881	0.8873979937622798	0.7947748457036842	0.2130149313200552	0.7026601694434895	-232.0125089390613
7095000	3.9578348843827102	4.271519127201363	0.8909098042792937	0.7973725732991225	0.2220285912040617	0.7378463581244903	-194.52345164735033
7100000	3.828135826467021	3.8348518642902287	0.8923644565721828	0.7925260549554467	0.2181221857071918	0.7086795065907009	-250.43306713460524
7105000	3.75928148942525	4.13304299640102	0.8267530492925054	0.7996292007785668	0.22639456136332967	0.7136042103291884	-233.62259371143625
7110000	4.3124361998285075	4.5163517029254265	0.8672799327562658	0.7988947520363813	0.20505569032022203	0.7020419568108444	-259.5652500128484
7115000	3.75928148942525	3.8814305461967478	0.8893774899408448	0.7829056735569941	0.2034637900663877	0.7299001448149953	-245.7415633555095
7120000	3.915835781016364	3.9912827688893557	0.8243734197749987	0.7965454806360284	0.2012927351129806	0.7111456885895286	-248.61021125651047
7125000	3.8850924221790284	3.898555207154722	0.8752618245201178	0.7975513300951278	0.20606999209935942	0.7090378241141211	-287.67142965581183
7130000	3.8573634226698363	4.3827294263966206	0.8896538268143177	0.7990148112176049	0.20193572510857474	0.7004831717505013	-242.90591586485266
7135000	3.9123929177868337	4.43248292265441	0.8938542945570438	0.7977800793697674	0.20699211906259365	0.7070736687758143	-262.55235088834013
7140000	3.9592583357089968	5.044029226909904	0.8978123141467551	0.7660708915268801	0.21641821158771568	0.706378966286639	-233.39809159200468
7145000	3.9844046442249166	4.250474909888649	0.87543689693015	0.7735681923561208	0.2222478309480654	0.7053867658566059	-262.28398378897094
7150000	3.774829473374017	4.076207811034426	0.7757984687691607	0.7865599620495003	0.20373691777401187	0.7264516421237016	-310.5577491023469
7155000	3.8293710219254513	4.4491700612602845	0.8380437439102362	0.799835163956564	0.20397044199720066	0.7029262355001057	-281.95651474308926
7160000	3.8986747641778368	3.9101141081046995	0.8469574423120347	0.780355946121423	0.21113674954165507	0.7226697670544106	-296.9062963877928
7165000	3.9638881698993496	4.299039430922098	0.8106308984669723	0.7989827731587889	0.20165724487125306	0.7037870986012593	-294.9900094923735
7170000	4.239369825490991	4.6428809940872755	0.7218261083427945	0.7995740195353745	0.2077349910949611	0.745127651541031	-312.8562642572829
7175000	3.800133387997019	3.8793783953989096	0.8535165540697625	0.7934503143723003	0.2120714153088632	0.7182699192753509	-277.18555396306687
7180000	3.9937381363796542	4.112665584354631	0.7668466515856969	0.7942437034740044	0.20787714470141466	0.7056322061397212	-295.3036605478435
7185000	3.75928148942525	3.8072356897836244	0.8324560138173662	0.7865287485812635	0.20015260540762095	0.7123612971510906	-284.4911935449354
7190000	3.75928148942525	3.8460393688948016	0.8369077439786852	0.7959342778159044	0.21427388239875003	0.7032570985847479	-276.6139596408049
7195000	4.1328048550648715	4.428400410788839	0.8663433223173128	0.7895743272592539	0.21430088295365599	0.7169493325482706	-254.63582276120343
7200000	4.091398527947896	4.770353020111926	0.8852453705078578	0.784611627126856	0.2056806795346014	0.7068924519821004	-253.73677439196518
7205000	3.8781464487545194	4.02759999265137	0.8309263772460813	0.7971591890955797	0.21646287096514363	0.7346887138104871	-241.53973117206056
7210000	3.9193452498143238	4.732507453942265	0.8984337475333508	0.7927401052996321	0.20737531522474847	0.7116118702144624	-241.69480689317402
7215000	4.108050282856474	4.280369181454692	0.7846498343843331	0.7828471432213039	0.21025087970101147	0.7281857800723089	-267.76870681232265
7220000	4.19500760118314	4.273564845741917	0.8210197754687604	0.7880963271483421	0.20749780605752158	0.7456431321777769	-263.6806791659112
7225000	4.013344507067762	4.273750650090795	0.8473900020951175	0.798465674058406	0.20603523661833167	0.7230435723372008	-274.6581536110894
7230000	4.034091075334884	4.144735967881377	0.8778050094174261	0.7896098937870082	0.21032339808349995	0.7028984302953039	-255.56262352392224
7235000	3.974340455754366	4.5791995573675575	0.7739900313198471	0.7917659778929381	0.21365861049714469	0.7159431634453549	-254.15469595355177
7240000	4.03898091536556	4.120854847609805	0.8537053888190503	0.7939962743574976	0.20779750221202511	0.7246006395381148	-227.45349961258265
7245000	3.924455376065053	4.099820827418008	0.8099485908003097	0.7946689612568243	0.21393916514797	0.7037350949194245	-218.65606496096274
7250000	4.102030378755033	4.144420655101285	0.8851787083670739	0.7824045878265152	0.21058918797525755	0.700217200203673	-238.00411192715026
7255000	4.013506468288646	4.493018521811132	0.8658909974685188	0.7999417379834921	0.22683847843954796	0.7107730562233403	-200.2280885493815
7260000	3.780065211220239	3.8487221091139765	0.8834199946375174	0.7985380045930465	0.21963926690854835	0.7333447421563682	-198.45557573904955
7265000	3.75928148942525	4.231926186539673	0.8643322945761719	0.7980903911958511	0.2089794198306221	0.7427825717756106	-229.72766205266245
7270000	3.75928148942525	3.7677107477190015	0.8874418571417113	0.7880849371674822	0.22702728512129156	0.7006998775995807	-228.62607677576582
7275000	3.783953461318874	3.7844241607241833	0.8929963721463396	0.7955031437980982	0.23289008570755879	0.7065801508744505	-189.7247750242518
7280000	3.791816781787351	3.8600465533400135	0.8629176023422859	0.799688752367713	0.2042750332171923	0.7047915283623742	-223.86668804585008
7285000	4.303734411317385	4.598603154383325	0.82861303884541	0.799180396202793	0.20085174375318263	0.7692745202361618	-235.8315529540323
7290000	4.414488169812427	4.422114581657728	0.8455556750889719	0.7983269582596726	0.23417321035665795	0.7074394499027096	-211.08727265005305
7295000	3.7980245209035117	4.056899136740749	0.8907078794733181	0.7761962811204794	0.2098553431867639	0.730345132227324	-202.99189324215016
7300000	4.000797723685053	4.078679576451825	0.8809659908859625	0.7940036046477336	0.21185652712208244	0.7027586582727408	-218.46171071501212
7305000	3.8218254133796337	4.209725346923871	0.8962147021677739	0.7892919833606911	0.21125085257286685	0.7440186215996201	-272.7713838839807
7310000	4.169579601596218	4.1743172427363415	0.8470442698300896	0.7991556646030812	0.2019937336370333	0.7336142624390048	-248.9495992269221
7315000	4.0229357389280125	5.316255506128908	0.8232393027557284	0.7972731703026916	0.20126884598209652	0.7225990058403903	-242.44202725962316
7320000	4.140028633391523	4.192283199924579	0.8845971559170415	0.7885752588808626	0.20278520634881286	0.7953797041379479	-261.3497319887226
7325000	3.9901341038050537	4.091283705027294	0.873675926323513	0.7997516552941181	0.20182437664305664	0.7204144844659467	-248.5488920873319
7330000	4.272573121283795	4.27600087046534	0.8877146640649954	0.7940306491667558	0.21303609416399613	0.7297249169496436	-244.04688789660173
7335000	3.891796919701592	3.907822372853492	0.8905239989936634	0.7942731154223963	0.20412061243640317	0.739329687956984	-244.30051102738233
7340000	3.75928148942525	3.803333119425508	0.8495153118870402	0.7989697780252021	0.2013060308654935	0.7234664722505207	-240.02350370174494
7345000	4.03893350071803	4.292329535200979	0.8504091073133169	0.7959473820898222	0.20096759373554915	0.7011355911732594	-227.69206859799755
7350000	4.016534548079369	4.548968794288764	0.8811974605629335	0.7914636165231369	0.2071866028626511	0.7128805525229926	-264.9538402402361
7355000	3.837053812517699	4.086645002550218	0.870111084843562	0.7985146588605234	0.20174152220819305	0.7302192039080393	-283.45579599415294
7360000	3.9563149374328566	4.173979950270662	0.8343506564896055	0.7927671333570562	0.22418259031972093	0.7089071212008252	-285.7936791633234
7365000	3.9895843659711727	4.1818586233307204	0.8540604623154683	0.7957484097366364	0.22841580264862257	0.7169641825540993	-236.10792953918366
7370000	3.869378655788577	4.249221232019973	0.8321751214040662	0.7949826381802674	0.21683525135498719	0.7049545826363479	-224.28474921723216
7375000	4.008249330943457	4.266601814461441	0.8822494118323242	0.7999300408310253	0.20575618531777784	0.7297464199461023	-228.60585319706865
7380000	4.01991916690055	4.365233441139561	0.8959185593412368	0.7841760045054359	0.23317945102337267	0.7031912734215048	-257.0542167380677
7385000	3.87358108629796	4.016706553400859	0.8850165391753229	0.7811022085261456	0.2080020579138997	0.7544935455904314	-264.9691900720384
7390000	3.94772458305406	3.976261654569049	0.8460796315985589	0.7920879398402901	0.2000132951546641	0.7380758428881529	-279.34991395627225
7395000	3.8649614652484896	4.279584759214129	0.8613442510825585	0.7982830876977118	0.21461082394931955	0.7091009634739645	-231.3554906963623
7400000	3.852023778545512	4.63719194226903	0.882469231228991	0.7877774966715889	0.2053763561649293	0.7004738558306051	-216.4417147084105
7405000	4.658185297942446	4.97773395947734	0.8780074236771862	0.7964892861993524	0.2130557653780322	0.7208424973177584	-244.52611227118788
7410000	4.553255552572477	4.71637858875238	0.8097897755912021	0.794453872089981	0.2159843848019147	0.7105588124808285	-266.2181719571757
7415000	4.132512649208946	4.817760779519263	0.8595522081782144	0.7954624798624826	0.20011840112053014	0.7186075496521146	-246.00677162783066
7420000	3.984670226904937	4.066822656496366	0.8870521565876893	0.7957390106440059	0.2143954399483304	0.7389413829779637	-233.7564792864763
7425000	3.75928148942525	3.9890989462612767	0.8833177144258925	0.7982413802612816	0.2003990565393022	0.7510151938957472	-258.69439322916566
7430000	4.0802166135101094	4.083090852699897	0.8659589586925324	0.7949039009972976	0.20097321993331885	0.7317198701553974	-266.0772195605562
7435000	4.282843695924082	4.555411760777332	0.849116242877397	0.797605673166282	0.20942300257169252	0.7075948255182326	-254.10834355098638
7440000	4.6661464691724355	4.896690462597048	0.8724899582567734	0.7954707593708711	0.21157452738118843	0.7050075898358832	-259.75270690369035
7445000	4.0221015838334	4.198876259239255	0.823437501406776	0.7961647506639952	0.20532631306560745	0.7425761194094108	-249.0156250492979
7450000	3.761952518016407	3.785173099612538	0.8451116889585343	0.7989550290258488	0.20746887610352904	0.7363624812368873	-229.7796044913185
7455000	3.840774609563392	3.9150413411815066	0.807912191532599	0.7946105827413736	0.2090474840547463	0.7157358726738222	-277.778810566026
7460000	4.137472271280114	4.173328990573553	0.8501966279708179	0.7990372626567545	0.20086504768709762	0.7095949149433671	-284.8060561781059
7465000	3.7704846325526655	4.419112391030436	0.8622476065684972	0.7880756670655963	0.23165950527683513	0.7294089237508085	-268.94741591204973
7470000	3.817821100692308	3.8456424784737973	0.8664411829891873	0.7820626795263071	0.20866927312138964	0.7009987087858393	-262.748201692837
7475000	3.787670265218149	3.8892484731279806	0.7544362113422487	0.7973054162855167	0.20024793312032357	0.7057934451641438	-283.8784869382613
7480000	3.979090708656989	4.011944497360117	0.8869857525511375	0.771497102755526	0.2052880529483802	0.7006715328692866	-275.55301688988624
7485000	4.127254900888921	4.287614738171389	0.8559373604706147	0.7809751561255979	0.20249179721078928	0.7235959141305811	-290.85802158178234
7490000	4.279569939939302	4.340007501651481	0.7174203676645954	0.792270936862828	0.20395183412606502	0.7049543657801218	-321.08207311337304
7495000	4.207042307143222	4.301450481666166	0.8564130335665059	0.7642793111960703	0.21841914190502149	0.7089697063416867	-292.60187003088237
7500000	4.0087860453820765	4.238075595851222	0.8879315928559859	0.7824162740992532	0.21247515486470878	0.7071665737146725	-231.37137223391196
7505000	4.216693664443049	4.449386047331535	0.8857333461933086	0.7991614767189913	0.2010446182026338	0.7687028567491481	-273.51930723375443
7510000	3.889127030375989	4.14515764329661	0.8727016703998091	0.7906898383939668	0.20407184813035623	0.7264903103523769	-259.4115000912661
7515000	3.8582993504544407	3.8721154317262627	0.8650912346266963	0.7951728663272168	0.20020490917544534	0.7050274841104841	-234.5205260153071
7520000	3.820835585252814	3.91685492094186	0.8780860161005225	0.7729661450090282	0.2131768224847129	0.7092197617065706	-257.40353750697653
7525000	3.782236407648512	4.113655946806708	0.8956228973356692	0.7901887992008467	0.21059794389408437	0.7694621487455103	-234.96467874082646
7530000	3.75928148942525	4.150090774336213	0.8973076570218755	0.7995862066483093	0.20313379652312127	0.7013922378590002	-243.26923475782866
7535000	3.870720493789602	3.8870086939819455	0.8572661496381053	0.7970746081600524	0.21307006142679216	0.7401846867213032	-244.43004827018362
7540000	3.804108411063716	3.9329890964539143	0.8823281083515342	0.7904240563780095	0.20182636780389562	0.7236348244099119	-237.85258356777436
7545000	3.75928148942525	4.637773524319729	0.8735543663386826	0.7983850366023428	0.20153117616174338	0.7037056413110964	-235.9892741791926
7550000	3.946792767141754	4.121389218708157	0.8930325909724804	0.792239520859664	0.2053761265700475	0.7317854704549951	-234.04013113771097
7555000	3.9498150066063835	4.2825495854451985	0.8320398207338664	0.7948124516994534	0.20507905824313197	0.7294686919196225	-256.449586759023
7560000	4.125155635268046	4.480805365191948	0.8923230058167274	0.7971372329235846	0.200406663727175	0.7125213228640641	-217.29789056639828
7565000	3.881630411687257	3.906113016392645	0.8850086625385077	0.7904775225813743	0.20723476465991997	0.7138206130906072	-208.19411667716156
7570000	3.936415824520385	4.006874383739145	0.8718244726766897	0.79647340305364	0.21368393573161118	0.7187076051762209	-238.1348810425618
7575000	3.869869190036621	4.112739129840942	0.8935806676700578	0.7865520084793225	0.20753253383386483	0.7324068287708614	-237.90410801871977
7580000	4.197837409705176	4.220936103098582	0.8802414616631109	0.7942112974916387	0.20230710939309848	0.7104078392474179	-235.10949493692516
7585000	4.1469193927307355	4.263982463180303	0.8364528458228512	0.7971713911459244	0.2070512722264586	0.7106931339788062	-241.67821947920586
7590000	3.847671059285587	3.9381354538416704	0.8520769834128651	0.798529211005564	0.2048152068388326	0.7136654473828505	-233.21162814485407
7595000	3.784239026310377	3.918739225350587	0.8973210431270946	0.7930611742151934	0.23596514071508543	0.7182317091216653	-233.35479340085163
7600000	4.031978882032848	4.794533712065446	0.8976830761278298	0.7951052300793192	0.20032443450377593	0.7057900043066776	-247.2978076582213
7605000	3.8570690445113134	4.426415091355975	0.8956666311548764	0.7976061417354576	0.21211999208677879	0.7171697097528095	-246.86055609248905
7610000	4.33410829280528	4.419118136361411	0.8170586151185539	0.7959899643950293	0.20721176687928283	0.7508849302642572	-248.69393728906314
7615000	4.199014304925998	4.312320437183567	0.8390869212998564	0.7907980649380174	0.20157707327399407	0.7130962721184063	-243.73478807552684
7620000	4.420411676772608	4.4449174442865855	0.8594772069410047	0.7936446413412425	0.21559417150946167	0.7542878058702935	-264.4970446633895
7625000	3.8092559891189977	4.09387435988077	0.8891696304501839	0.7995529772055725	0.20002275843627346	0.7264141276628162	-211.56376950253335
7630000	3.9561526304420807	4.586692834951523	0.8624713716008687	0.7949268132642424	0.2015557340557105	0.7366898460706286	-228.40025099365556
7635000	3.7744163484660724	3.7899307037554544	0.8840954420429006	0.790338694771056	0.20559188425037306	0.7110835851500177	-240.3359830275327
7640000	3.75928148942525	3.8368697022362706	0.8139749949658149	0.7958640135158719	0.2147673580301141	0.7033325591780232	-253.16507454089646
7645000	3.7901966847352875	3.9036306106929914	0.8459033636946461	0.7846342459289165	0.23079703562554457	0.7255475142767148	-267.341469709805
7650000	4.557463791023942	4.721779448924259	0.8975918931727433	0.7992255020514731	0.20875419905458603	0.7720796596857133	-240.54394831349407
7655000	3.817258264067915	4.068464904048925	0.8485592205643866	0.7981950258075161	0.20288151794837458	0.7158701672871511	-235.99799608260534
7660000	3.9845313494815224	4.589475796395074	0.8598568900251929	0.7963886974899868	0.20952269450252098	0.7382668761596405	-239.75902341207382
7665000	3.9669519037485346	4.041538118692561	0.866748237203741	0.7923546463179036	0.2093533484900925	0.7086537964971189	-248.07669626397896
7670000	4.348007277514281	4.3736788017087	0.8676906012536663	0.7977754639444741	0.24506024119780898	0.7493868770382787	-245.35671404501724
7675000	4.1040567291339825	4.54967584670219	0.8533179070423155	0.7986047861360773	0.2012669313311939	0.7076387089605731	-239.51470050545953
7680000	3.8412862695097267	3.999259920326647	0.8937736935349279	0.7941147369394539	0.20110687765745164	0.7014962799219174	-208.8367779789644
7685000	4.211288809215705	4.374177362724278	0.817994274331998	0.7890244131921612	0.21592792032747882	0.7057862518222501	-236.34905098706793
7690000	3.929632507093473	3.966602353677706	0.8955048487931636	0.7910000256585431	0.2000626294453668	0.7146537165302528	-239.89114953379988
7695000	4.195328047383611	4.688376132575023	0.8872329398147835	0.7931389361132747	0.23455375356550498	0.7300888461490057	-218.0361650321025
7700000	3.75928148942525	3.804631551409957	0.8892429457079882	0.7991590247419442	0.20289577684575144	0.7043146245948421	-226.90235774859974
7705000	3.8513864514282696	4.0569874883314645	0.8729622373276624	0.7981723501007701	0.21147437964938293	0.7215831097785526	-236.53765804571663
7710000	3.783648028682559	3.9247254262755624	0.8968007569508756	0.7992566708203009	0.2002390556636484	0.7019564282046521	-231.7716728512643
7715000	4.038798794553497	4.1838878629567215	0.8854515380727497	0.7999573456389274	0.2065517980820743	0.7226856497653891	-222.96934537180758
7720000	4.02132174311924	4.139106239438904	0.8552759723214459	0.7979487037214072	0.20276293442704682	0.7480024527286518	-247.78400697183432
7725000	3.984619715859823	4.936055945573427	0.8859929929355784	0.7830617923687522	0.20632080933131397	0.7221275219581968	-268.22338736557225
7730000	3.826855056955148	4.551893752424496	0.8868130236198573	0.7917214791086544	0.20039333621622915	0.7021566624658109	-244.07822322196287
7735000	3.919188992647005	4.23787292160692	0.8734174750722815	0.7975442843817249	0.21162093596543297	0.7067782810763303	-213.00709619799287
7740000	3.8832366878093345	3.891113350938485	0.8880983824793127	0.797394141376182	0.21571531037327413	0.7444362975627224	-215.90661371589135
7745000	3.8542978989454553	4.076194123061373	0.8627793775493983	0.7973332212801997	0.2140967215263012	0.7009927620720304	-247.0720476049162
7750000	3.9383364941886554	3.9865699676321715	0.888601840673534	0.7829988545153144	0.21269930339186596	0.7060122438987703	-251.01790298886527
7755000	3.8450651281146278	4.048232872968332	0.8955510709880456	0.7805533902835219	0.20222813127392733	0.7210477300218373	-258.34713680609883
7760000	3.7815885410397114	4.252327615986466	0.8856514657391246	0.7916465537418532	0.20793504080760966	0.740212712870839	-260.3180368557891
7765000	4.30462579297944	4.842846569777247	0.8831408064414868	0.7938156160962758	0.20325409907979616	0.718554414788664	-240.31196648722226
7770000	3.9026664264956574	4.033008738498782	0.8420341136079401	0.795676344749934	0.20474314024039109	0.7042721707634827	-236.34786325861248
7775000	4.30648104053115	4.404660004972239	0.8601235589775891	0.7974250780713849	0.21357275215143384	0.7118796988268	-232.18618096405507
7780000	4.11072890966697	4.339944477634448	0.827515408952679	0.7881934260694109	0.20820023949880082	0.71208058424496	-255.77459697053922
7785000	4.286980786950104	4.730075229609455	0.8587569524273083	0.7926184050408605	0.21644756686765687	0.7073897583754614	-237.5084846730092
7790000	3.75928148942525	4.064865665536219	0.8319035334557112	0.7948640760300454	0.22000027023886645	0.7103259234762465	-234.29982999728398
7795000	3.75928148942525	3.7815116184191306	0.8843568821583818	0.7997021392410079	0.2190282398319171	0.7061446423603982	-212.02308948742282
7800000	3.9059054193972074	3.9993321669592805	0.8777006071302106	0.797373443114892	0.21226204512692112	0.7066671490402106	-258.13681959367733
7805000	4.113018166390717	4.275075745512034	0.8949554453531801	0.7911580387949029	0.20022207065486283	0.7056080310131283	-259.4553749299608
7810000	3.947385795234093	4.055364944327943	0.8040061527090083	0.7941165702831329	0.20987458253304958	0.7172382932611636	-270.7931848847263
7815000	3.938698661829874	4.062859653047792	0.7682672384344155	0.7913966096864922	0.2080661428988243	0.7701401740296753	-268.610738513471
7820000	3.855667667092614	4.029321053758227	0.8961709609382421	0.7996217473998519	0.23197405810719127	0.7402150088571235	-200.5155660269216
7825000	4.13561391348126	4.4291813336208365	0.8772998054500315	0.7985374250800845	0.21334734955494883	0.7119276890844609	-204.25480241762793
7830000	4.04125150863499	4.162770733941285	0.8919993959062529	0.7720897424736888	0.22112573075674158	0.7055489799908023	-231.75046114291973
7835000	4.264529040994724	4.7910040466766155	0.8428385332054548	0.7965717067492022	0.20328227416227762	0.7053502000586432	-268.4310742892762
7840000	4.097392382194942	4.85411599771427	0.8786722214140242	0.7963331107056735	0.20971040149071593	0.7084522556962779	-266.1792959453334
7845000	4.188079332116126	4.328246522173935	0.8744709395320339	0.7999066521194246	0.20208501793767034	0.7043961962011871	-229.65699739012996
7850000	3.9650054715469123	4.116222719871245	0.8785365958927499	0.780672782301739	0.21926527076601346	0.7190641490423422	-233.63833365495688
7855000	3.8451109618398687	3.9313352064995923	0.8391193549198932	0.7978843275641077	0.22033300666043454	0.7189973720069459	-236.0164196602647
7860000	3.9147936071436216	4.021800755120273	0.8434530151983483	0.7977647937532553	0.2062992974411045	0.7229969040294688	-223.47396845114366
7865000	3.75928148942525	3.982940171616666	0.8937899373817186	0.799764296748067	0.21086297890181444	0.7460306407358774	-262.44640593440306
7870000	3.75928148942525	4.1530036417982465	0.8166384732134605	0.7716140417072297	0.23018051412864635	0.7011770579126468	-269.50043742724034
7875000	3.75928148942525	3.9786273166821764	0.8536232496802354	0.7950038038583535	0.20053809008725126	0.7041851516242948	-237.0461769195914
7880000	3.7883762093125153	4.013703938953866	0.8756227362143975	0.7895281969206593	0.20820568451465565	0.7650029225113697	-218.02545084291017
7885000	3.85301386997779	4.406391479104684	0.8889173896516308	0.7994799672943298	0.2090108200723417	0.7113196399117959	-234.82643753995836
7890000	4.0459323854057505	4.046077653559199	0.846213893961732	0.78885090543878	0.2046528206604989	0.7259386742460849	-254.65891286559105
7895000	3.881282610137056	4.29632048922864	0.8735023785398073	0.7905534032077765	0.20299842829975523	0.7028647646317314	-232.40462331115435
7900000	3.9418697291123324	4.172241157156659	0.8933152242867786	0.7981571683102924	0.20008620971200905	0.7231380918961687	-203.53615779114085
7905000	4.0148927175080775	4.27418977936142	0.8749919431298961	0.7961817127436799	0.20855425255650678	0.7097508503419234	-230.2466313850301
7910000	3.879609949058149	3.9493029750456365	0.8405335506960003	0.7953869985156948	0.20417466085668076	0.7233514617712207	-254.09035273229478
7915000	3.886695825807888	4.193267215584148	0.8133042213050555	0.7978798615771471	0.21122993537088908	0.7130447386268722	-234.42731927102915
7920000	3.9628159417945272	4.014242394349575	0.8803690278655649	0.796857858762722	0.20238571458577886	0.7177381832128724	-241.63487078906707
7925000	4.601750221710479	4.613340891636183	0.875651315627987	0.7860783885501778	0.20128157175729494	0.7015490486312628	-268.2477999681164
7930000	3.8704861709457337	4.041610556543167	0.8424884918006174	0.797226244762126	0.2002522407972946	0.7010373494758959	-269.1608473072888
7935000	3.9025743192357925	4.078351314395105	0.8267161479260392	0.788734944830698	0.20781383716228455	0.7013255422916889	-267.5697287877595
7940000	4.417297365150661	4.433136831453478	0.8970853330096408	0.7927063864304267	0.2266332194811145	0.7262731378466916	-242.356763093224
7945000	3.9736526694912118	4.3525265189735	0.7358903471685034	0.7910843052196344	0.20573104370178913	0.707629520382082	-311.08089359699386
7950000	3.9066916562160814	4.1230283878438	0.8780167345414948	0.7821601562338268	0.20270044946783902	0.7033253610091507	-287.3928251719305
7955000	3.8593720773007174	4.193113297471676	0.8305040105749045	0.7950654251273599	0.21227600585108625	0.7078337421095389	-261.4694514106857
7960000	3.9071823739332165	3.9481677772943926	0.843018308433277	0.7867644986908665	0.213640355171182	0.7280609938127166	-262.6387314904019
7965000	3.8093891225231977	4.315844294732769	0.8684223110029287	0.7791406492283843	0.20999290096138173	0.7027418668610312	-243.66091763804883
7970000	3.82013876730342	3.8397322831907115	0.8841365276142044	0.7828351894400426	0.21164536561385783	0.7135495724239487	-261.04476907018295
7975000	3.966277170613972	4.001750931059433	0.8633927108138468	0.7951164926000408	0.2061770485451333	0.7021581062996058	-242.01153039686287
7980000	4.278982012915313	4.32347315134186	0.8637525671173188	0.7911460207612827	0.20584934725929727	0.7254939230502337	-237.95783979600878
7985000	4.5334677090281	4.640010444168185	0.8645856451807836	0.7908150922810253	0.2077695835315559	0.7040244350755711	-268.7226036385278
7990000	3.9873605602755195	4.058918385179837	0.8507376950276074	0.7996488778790863	0.20148832306360548	0.7350397828180758	-243.21238335608425
7995000	4.259081848151782	4.652688976424154	0.8782483604291064	0.7909190505502216	0.2082282783981446	0.7099536421100108	-247.15853535053535
8000000	3.9953681714685514	4.3828873181171355	0.8412204136503005	0.7994239583497883	0.2070409188033572	0.7194977962540707	-236.11395316565785
8005000	4.229447833648214	5.638607512749693	0.7990078144612681	0.7965708533305428	0.2080940404901836	0.7053495772936447	-242.81254282777857
8010000	3.9245409470132997	3.949693359092382	0.8633057824819913	0.7964969257388587	0.20396902055223962	0.7123539441447714	-241.50013895616723
8015000	3.8848739631370797	4.587932564211197	0.8249430497995998	0.7908964910972026	0.20623765907164499	0.702881607080994	-271.3343543175808
8020000	3.839505576806196	4.1141644719207715	0.82449812711562	0.7896717371315263	0.2114344060895519	0.7107902217758983	-252.22238483998353
8025000	3.839996918616652	3.9142395815106745	0.8887970308134416	0.7886472966928716	0.20072660245816043	0.7528312089173328	-253.5843393959126
8030000	3.853148369727592	4.032380948482599	0.8812877004867988	0.7978435885384205	0.2061335793070182	0.8207421359179279	-254.02250889144818
8035000	4.003642217457127	4.035246984601057	0.8069515599330238	0.7973962859917523	0.20383508154253732	0.7118128312314976	-242.27620520507307
8040000	4.250731479943388	4.3494953069368645	0.8952147669745185	0.7978953761791536	0.20954086333027255	0.7344868200920419	-218.2041703661985
8045000	3.9093650740579826	4.743137994533437	0.8960707006983779	0.796322638039825	0.2186053899235098	0.7220315130256074	-214.8608209075119
8050000	3.981926126235803	4.681160430881466	0.8860601698215713	0.79992509597324	0.2110162242140749	0.7087801228801178	-217.2545770419796
8055000	3.8790813892999316	4.546262906893775	0.8018789587763119	0.7881509240448685	0.21076548295952094	0.729609631083794	-267.129906089268
8060000	3.9960509548729752	4.258747219838027	0.8190426040758219	0.7921253645819593	0.20184934842032679	0.7272060896145958	-260.4119024089491
8065000	4.00577664026973	4.387577728701627	0.8694396412083963	0.7951332168775913	0.20065001606255947	0.7812797454505509	-268.2065883112548
8070000	4.007851312295707	4.054556828746195	0.8754517800854829	0.7942648628283824	0.2073630530701202	0.7034639696734005	-277.93646473488724
8075000	3.9448868610944743	4.0767614403958055	0.8730424225885416	0.797121554952068	0.20403486720107505	0.7169354287237926	-278.28157249037963
8080000	4.079731496010467	4.155071694998612	0.8353466552084116	0.7838069787353145	0.20055234470874905	0.7062735889472851	-289.7794874696345
8085000	3.9468685362411007	4.076845224098193	0.7655622546024541	0.7998241618059485	0.20659636705617415	0.7059270967910645	-287.92341218820155
8090000	4.068651662795423	4.09273602308887	0.7788936719031846	0.7960605595182888	0.21168749238793275	0.7239577815383098	-300.12710315851757
8095000	4.192236618069589	4.879099627630314	0.8937743299762391	0.7926468969803331	0.20009921048239696	0.7030565504598226	-267.7206028379311
8100000	4.194586999877537	4.419356779949012	0.8819392700782775	0.7797006157166441	0.20311014727130355	0.7022518760754979	-268.80271594046013
8105000	4.080951143989548	4.344383522337552	0.889543067880737	0.7803842456443963	0.2099129112370455	0.7029238780975731	-269.60557807211467
8110000	3.856155202798258	4.009693763412039	0.8540816100648959	0.7868513686369686	0.2005702354955681	0.7470775205643898	-284.8542340398078
8115000	4.093391309153711	4.397644937228438	0.886644785939371	0.7913899696382579	0.20222237246126368	0.7472217799481128	-266.1695653987909
8120000	4.232551362545555	4.326852581693966	0.8811087052411903	0.7976809429724188	0.2079064958368215	0.7044785284338504	-243.02754553353554
8125000	3.8589982436431636	4.0900032664382	0.8857924969351839	0.7985050425011276	0.20309282504437626	0.727167096675225	-235.18463588279243
8130000	3.8240944356710362	3.9064646967016907	0.8746866170941174	0.7910155065547115	0.20584843467626326	0.705430972351902	-258.73382600401294
8135000	3.776299753189607	4.088788065830186	0.8908009197682784	0.7999144550547355	0.20111138782533877	0.7094718680435591	-227.20687285927468
8140000	4.004264057333255	4.172280516335857	0.8885541380749552	0.7902629612519859	0.20028254643008012	0.7290730485110184	-255.06609062177904
8145000	3.793233467301153	4.320571361823494	0.8635063760937257	0.7777112335877145	0.20822901826716683	0.7390131547201101	-260.5731264559085
8150000	4.101111922810368	4.371508593855164	0.8493389919348802	0.7978269197400354	0.20012713280224326	0.717298649264738	-252.49224859632466
8155000	3.8340554614075972	3.840097177936469	0.8419654614834908	0.7867841988774096	0.21535823536394433	0.7092711148788967	-250.48976647835883
8160000	3.8257952522828713	4.060083296275304	0.8345904005966417	0.796139235929917	0.21170707418455595	0.7048728484790135	-260.0577083311205
8165000	3.861132346344156	4.327416177539868	0.8701127846614752	0.7913384469081319	0.20159304098618572	0.7048150755212238	-269.01948352303947
8170000	4.272407009400869	4.335033081806066	0.7514579278556691	0.7990693948708664	0.20958304137788633	0.732647223258363	-270.4183707215346
8175000	3.8218990267573383	4.122319964091794	0.8583471323269074	0.7994619947845615	0.21245937788394598	0.7283853566691342	-247.75565243833094
8180000	3.970324949289926	4.377462068207808	0.7918359819650652	0.7984412726362273	0.20318482134198432	0.7585751791923598	-250.43739978443682
8185000	3.999724750607918	4.006496737953205	0.8782129631069997	0.7936819296050651	0.20778890153441965	0.7026499160324351	-228.73400811353494
8190000	4.14746640113486	4.735362630614538	0.8783475527302931	0.7962300832439325	0.2030099371389087	0.7169921508996819	-259.23483932370567
8195000	3.792294615777601	5.804234488420235	0.8422811380734285	0.7921465620026406	0.2038886833069833	0.7421790043986807	-281.6197001169396
8200000	3.960356624686461	4.253498862246717	0.8513049879315325	0.7990106960267453	0.2023644025257441	0.7001740693508077	-241.9297136205926
8205000	4.22711592889719	5.37829663162458	0.86748475492708	0.7999205404477637	0.2137935200526274	0.7005150285694275	-248.16659048882093
8210000	3.984446779263983	4.10180638405602	0.8758658654812435	0.7982170896724429	0.20717343224537604	0.7146963444403353	-273.02479509970175
8215000	4.05931672506896	4.077077528599588	0.8279863810238061	0.7985166041231329	0.20057965317966306	0.7083819411316559	-259.5340628259816
8220000	3.984714621151077	4.2968839969987	0.8087891912859555	0.7904245339059852	0.20299281389146195	0.7248651111581778	-285.7715315904118
8225000	4.1906015678160555	4.6050644337084155	0.853301021370891	0.7813111787915437	0.2023529380106762	0.7000238411865919	-291.38559864891863
8230000	4.2055866846065575	4.598577687250614	0.7789886016712616	0.7942176422191805	0.21998869770377572	0.7258545903007986	-256.06444029932777
8235000	3.926842192534285	4.162510378821478	0.8779763476397593	0.7765724716266755	0.2231958230588417	0.7137356712226343	-250.3747539310194
8240000	3.915442294593735	4.157751286722492	0.880562167282495	0.7979090325473531	0.22859595016371656	0.7142732111130328	-210.5146972793112
8245000	4.189955990531251	4.458780446117937	0.8737718490317118	0.7992033440644947	0.20775745212532648	0.7092616911469943	-234.68559460034788
8250000	3.996547855860522	4.3387996662825925	0.893629062574419	0.781854278541372	0.2065108000262472	0.747311280416617	-243.4140872275165
8255000	3.8072687511607697	3.9592091466703208	0.8629828636559461	0.7941663105139096	0.20598664784391396	0.7152714572357265	-235.6606556119906
8260000	3.75928148942525	4.38326727115604	0.8398575347647065	0.7975682251396007	0.202068124168896	0.7103110765964364	-241.0810532762559
8265000	4.1224959838520965	4.128208142632852	0.8956238318102799	0.798198069138397	0.2062420608989385	0.7076622930251613	-217.91403115291786
8270000	4.018635210164237	4.255130663117802	0.892325746679987	0.7865693880064215	0.21065398526798798	0.7174604694817406	-224.39557747164218
8275000	3.978949150870035	4.115191691068343	0.8592157861083458	0.7966062511779797	0.20760717571550774	0.7344244610238136	-237.5999050907648
8280000	3.7648473836368193	4.577252952651013	0.8888377775934715	0.791753381095098	0.21515038884918067	0.7233449868489907	-233.7067218735994
8285000	3.972500817677598	4.183591678042995	0.885767786623102	0.7989532632674228	0.20321640340090463	0.7003148285857086	-234.47009477507535
8290000	4.305443510138118	5.133513608496882	0.8343849653605828	0.779364917253948	0.21759889610467492	0.7086211347801599	-241.72103430256402
8295000	3.7821492270257746	3.7866073792581396	0.8288684235960526	0.7896994932469287	0.21454575377631854	0.7054466576651932	-237.90076167832171
8300000	4.05887026185807	4.334157882113894	0.8615597742196097	0.7934337683481343	0.20174620723062492	0.749754887455282	-266.21900794096155
8305000	3.90201647573338	3.904964946308096	0.8948677129351178	0.7967349344900176	0.20281750294159703	0.7278307518841741	-233.94575563235628
8310000	3.9335234026752146	4.4590438339178	0.8777969038787247	0.7933121328451639	0.2046243059033405	0.7009956469011016	-223.87296546951248
8315000	3.895661449657233	4.087232036288923	0.8754684424404521	0.7958158484695159	0.2036246329295418	0.7313192548191346	-251.31891481313826
8320000	3.75928148942525	4.690197459351158	0.8886628769348404	0.7827134453918774	0.21418135990708737	0.7000427037761119	-242.09247266302563
8325000	3.8998647488152294	4.106088305845052	0.8704901898434441	0.7995162945216447	0.20081084966067225	0.7329122715066451	-270.2455733531544
8330000	4.076458500533826	4.278305423689964	0.8666367826507998	0.7916447705729827	0.20379732755041108	0.7220125222684853	-250.38596661944916
8335000	3.995916299836116	4.267190482055715	0.8603517956617831	0.7882403633868178	0.20171517346349016	0.7038483153861513	-257.96002397251476
8340000	4.0085610225066475	4.165901451198183	0.8910936734593592	0.7908218085952481	0.2072425787775113	0.7121425642928245	-254.48146543538422
8345000	4.056235806587071	4.460439018743788	0.8643166246657696	0.7995464910248191	0.2015465555559742	0.7030253434978384	-241.91472040528978
8350000	3.8348451737552174	3.8351171181996597	0.8823966934813878	0.7871938817578238	0.21773745627288654	0.7015647586946578	-242.56180605627753
8355000	3.870073544313503	4.292694831753925	0.890513741600586	0.7785928761100696	0.20657070040129985	0.7118136788159432	-256.2244342599731
8360000	4.2795440416496	4.58284451080228	0.820639611940581	0.7993781678960976	0.2051431101932252	0.7210483207571302	-258.4869777361071
8365000	3.7932711690152487	4.668844999686924	0.8663748827811385	0.7911182530899066	0.20174369779259485	0.7167791496098004	-250.85620632693846
8370000	3.963613861007825	4.181696837130387	0.8458865301975428	0.7903818787581445	0.204955831034888	0.7006160965387854	-256.38124453500546
8375000	3.8035188044705857	4.240141085640091	0.8565292120632709	0.7925136636831089	0.22280968028000356	0.7268534252257924	-229.96462404880594
8380000	3.9201099507945347	4.1713608044150225	0.891795230932537	0.7957034667682109	0.20327620765272036	0.7016571691414855	-224.7015661248828
8385000	3.7858040192839706	4.128577838098939	0.8379511748569158	0.789005657508643	0.21636171160560821	0.7271348139298345	-257.3207806050829
8390000	4.270956178976413	4.4518653247414965	0.8713921642054892	0.7708301364815442	0.20484676320134457	0.7112645625917761	-267.79227905987807
8395000	3.879149176951513	4.194086755705395	0.854968471262524	0.7974412441747739	0.20897512169996943	0.7004837516261381	-266.9005275786057
8400000	4.190450099837945	4.225527954785785	0.8569061388232438	0.7973717579246905	0.20718047559341052	0.7012933575966372	-248.84830988680085
8405000	3.919835576540467	4.059181080828518	0.8029956941832757	0.7967528467895594	0.22248440417529125	0.7042366976246769	-274.33153427567436
8410000	3.86351989375922	4.496797079488951	0.8886269607938967	0.7960807605280181	0.20068632675186382	0.7330829447832716	-233.04197924065872
8415000	4.101910527785517	4.165563405498209	0.8838640429643881	0.7989504404853672	0.2032173215716575	0.7027242313643514	-221.47790182274406
8420000	4.242713740804293	4.640313477213865	0.8851257496658593	0.7988350738765952	0.20338261644327077	0.7115835335037537	-231.5983463524696
8425000	3.75928148942525	4.210266341406639	0.8593924921239862	0.7929318542602405	0.20803559811028954	0.7095975774902686	-238.41904652007648
8430000	3.8057002582620276	3.913009691975541	0.8989623687563546	0.7907104609033702	0.20972662507930867	0.7083926950499337	-216.74920632417783
8435000	3.905989055954613	4.044537916660687	0.878940176480671	0.7926487855465356	0.20107514318900677	0.7249393997466156	-221.79793470988025
8440000	4.13787518803266	4.262966272146039	0.8811938372764876	0.7979450581940153	0.20357366522153747	0.709875329759412	-239.1697429749185
8445000	3.9876785568043434	4.069480909152449	0.8627815463561113	0.7957185601548732	0.20035430519941805	0.703440456048951	-251.3273301855313
8450000	4.071022351379224	4.5451593880876064	0.8297376307231622	0.7959322270742613	0.2049799439430797	0.7136906196924734	-248.31464404447777
8455000	4.302748353169317	4.562054192587082	0.8668679866296507	0.7976195795182838	0.2036135617196236	0.7291124127828185	-268.1550435206137
8460000	4.292388233318715	4.4455592802550195	0.8703692461058093	0.7834811909410265	0.21000820892573643	0.702638838475213	-263.1273971901932
8465000	4.069646212208604	4.111166986179022	0.8935792147624249	0.796463325976221	0.21140609915473063	0.750460545840318	-220.3422421987803
8470000	3.978494132538358	4.327560021358987	0.8973718238204703	0.7916654247803789	0.21528220032058396	0.7100965027896982	-217.36896089347965
8475000	4.051354236361978	4.462125579649573	0.8771045858251216	0.7945418101362094	0.20312059054017528	0.7597930067296067	-244.79155962307013
8480000	4.388116431290785	4.409119562918696	0.8653033286858528	0.785274095334645	0.20003838224633538	0.7122953127312783	-246.17042236648032
8485000	4.02040408262398	4.324788782128214	0.8695572171201306	0.799266065873366	0.2017056184320283	0.7144822484085827	-265.41930554901677
8490000	3.8952016556445583	4.007707082722821	0.8910264594162243	0.7875371615670571	0.2004615810233867	0.7086498710376441	-240.2751926258253
8495000	3.75928148942525	3.8054062540596494	0.893984716766606	0.7972594859131595	0.2073310410210354	0.7163264522817407	-241.12159295312128
8500000	3.873005918131206	4.040448115056791	0.8454392726657046	0.7984902870708188	0.21057881374144272	0.7064439708205447	-267.458980413662
8505000	3.7790790605500817	3.9111176978235176	0.8187015213182982	0.7940668260926832	0.20171109934308518	0.7462681161907703	-271.48790606990826
8510000	4.094955386804931	4.820182465747126	0.8986338524655786	0.783639157678336	0.21436445314008956	0.7284208059706647	-237.12887113046955
8515000	3.943847698496672	4.002674545365055	0.7731910404905119	0.7997533399398035	0.21993091988721292	0.7398575034908834	-247.31795697179757
8520000	4.123712940643175	4.157908967150019	0.8997011891015521	0.7981413830833486	0.20292537055381618	0.7032776872666009	-239.63523816350485
8525000	3.7931743582283053	4.079464601963893	0.8843023614227076	0.795371496710748	0.2090416634586263	0.7274530690733728	-228.19681861212368
8530000	3.9006771359947976	3.971343350701336	0.8962271982952853	0.7885219174825291	0.20355461769949945	0.7155558590590605	-205.58532299264783
8535000	3.75928148942525	3.8247683600271865	0.8300213513270635	0.7936709100607456	0.20909817373343056	0.703197486950626	-260.7543480774781
8540000	3.907316012988324	4.118133821895656	0.8226754756953699	0.7993288521686941	0.2131388159571548	0.7206311862357215	-250.41311625918974
8545000	4.469113998336909	4.676249858013474	0.7901190410624884	0.7991746710894797	0.20922036560861246	0.7139211146400847	-303.1636613244504
8550000	3.7731054781991946	3.902783888715959	0.8714243486422122	0.7825174698701378	0.20389195386380507	0.7506744565152109	-275.3844335122786
8555000	4.1062481817766265	4.767237828090746	0.8669716807236719	0.7945746859328742	0.2048935313335869	0.7534575831557749	-248.18890972303026
8560000	4.107170763029775	4.2050314250491825	0.8930471636871216	0.7848355705600771	0.20121727791017607	0.7099455935633623	-250.8957215260479
8565000	4.1569734019140885	4.214098652190436	0.7705394737500105	0.7962950540273908	0.2109782806889738	0.7284132521481277	-273.36737262794446
8570000	3.75928148942525	4.471808475530558	0.8682586433295225	0.795896738096218	0.21123827241701143	0.8154249739930448	-254.00211742263434
8575000	3.854080248394213	3.9209945566714457	0.860623075527862	0.7989600468018415	0.2187258808123007	0.7156003555334891	-244.72336728219105
8580000	3.8718858472707485	4.005172206732428	0.8565138015587933	0.7968665128214876	0.2003789599446547	0.7058198904777502	-251.3152012027978
8585000	3.879329500139646	3.9135331298878326	0.8954097249363109	0.7919311896624751	0.20340959778397202	0.7442922143217954	-256.533851165172
8590000	4.40607205007172	4.761986610771074	0.785474339607865	0.7999056904539268	0.20781710884873655	0.7010262874322258	-267.6466423606559
8595000	4.275582455158469	4.770994391150011	0.8429666140799484	0.7882880984626536	0.21330535446869575	0.709206737908386	-275.213694374985
8600000	4.035197400753085	4.061880968111405	0.8506048134007118	0.7916731045552013	0.20715586474348477	0.7143911182409393	-248.68987259857775
8605000	3.900819172803301	4.107570096081601	0.8812528380382668	0.7741254481575983	0.22631918789450442	0.7003584345669844	-234.41773650079617
8610000	4.049159509816668	4.221232512863431	0.8907537786659447	0.7966500316411611	0.214410064045448	0.7093376484837595	-212.8683806853173
8615000	3.8125801863805076	4.285958806764971	0.8818604351082313	0.792579913035697	0.21624076139243786	0.7424512227725324	-203.88331109578237
8620000	3.966797760679114	4.322161982125592	0.8611876087532484	0.7956014229508366	0.21531140807570137	0.7653868825777779	-224.08591151399736
8625000	3.8442333639049653	3.9796867402973626	0.8744442867775325	0.7969023107647673	0.21307436714320338	0.7011078707136925	-213.45842931750752
8630000	4.494978087229489	5.369895247881584	0.8603715795064601	0.7863512638345225	0.2099154405169233	0.7699127425713392	-238.65670315003962
8635000	3.887243742609465	4.41699103849035	0.7656794409471165	0.7993952816508912	0.20672275682100538	0.762011777432941	-267.9552944160122
8640000	3.828245978324082	3.9936629112231468	0.8654216082261617	0.7946649421494317	0.22166699501387863	0.7199481312852352	-252.9501074221917
8645000	4.000315182291957	4.145725179534978	0.8715214305887669	0.7771574191836318	0.20260396858613147	0.720634033723276	-290.84137599992005
8650000	3.811571646801068	3.868880942590762	0.8166211169746386	0.7926931278927263	0.20155495676551102	0.7066648627635145	-273.8060308742839
8655000	3.75928148942525	3.7791636910932356	0.7927386639775492	0.7757719209614024	0.20819104038253183	0.7005339530075867	-309.70760624443847
8660000	3.8524072942646073	4.006018674798301	0.8043554930588316	0.7739164130377456	0.20128755039500645	0.7053963138449351	-291.7466953077488
8665000	3.8323137833782264	3.8469084129063194	0.7864833325714697	0.7847747844662157	0.2089928174746271	0.724173385000639	-290.82494655993224
8670000	3.9799763560083656	4.424398397731044	0.851090880657296	0.7739819338925642	0.2016273890537465	0.73796096387155	-298.5669661054042
8675000	3.952820138803283	4.3524514106681425	0.890982912254379	0.7942042429451602	0.20065539076077973	0.7380299329777966	-277.29874770361675
8680000	3.75928148942525	3.829158449096891	0.8863042129053685	0.7947777739496167	0.20941970459705467	0.7186499597996635	-268.61847121520384
8685000	4.316873733021079	4.621150783652456	0.7900361215702065	0.7847034840743766	0.2090296617648375	0.7039716007587976	-275.4243065521854
8690000	4.188872369741251	4.68391483108334	0.7992954265083817	0.7937545892433502	0.20727121455482067	0.7051847164847505	-284.86204670624795
8695000	4.2503753683914205	4.524564798474075	0.8050687556398363	0.7970121141221256	0.2054512918362363	0.71374351738817	-263.8324930561646
8700000	4.013163909322734	4.119361241882138	0.8636545049707068	0.7777218839139426	0.2146451795153532	0.7258150323671233	-263.185635436527
8705000	4.113818202228871	4.262246050841815	0.8766574459260822	0.7982167662918431	0.2089773210306431	0.7215579806867577	-220.7520336726995
8710000	3.9116597323612643	3.9561412238436877	0.8218415597463868	0.7958160158616203	0.21277978033602976	0.7002117588425837	-242.3293041911808
8715000	3.75928148942525	4.428148720703849	0.897020205600047	0.7989347668670229	0.21814632054643732	0.7196245314861667	-220.28490118587584
8720000	3.75928148942525	3.8580143374628384	0.8777713090228889	0.7969691031450127	0.21502321012366088	0.7151358134048105	-204.97873121210685
8725000	3.8157370522424214	4.2894266089421285	0.8958637941771179	0.7959623270138942	0.20393821177456406	0.7020801884141474	-243.23169311254534
8730000	3.874606381049242	3.9036020582155175	0.8399791442049159	0.791245520557339	0.21310107577503376	0.723738170047998	-239.51202090210293
8735000	4.10618933956704	4.241802778400424	0.8262077624174283	0.7981915690305106	0.20500244988845415	0.721238124370536	-260.0192714160936
8740000	4.257825709898489	4.656271017217312	0.8354377297777754	0.7986456978747559	0.20370465734344034	0.7255679602231377	-263.99645850689296
8745000	3.9633069582503277	4.24699803352497	0.8845642073876	0.7988977600011723	0.20336254336285053	0.72237461394678	-232.56473579831246
8750000	3.855397400685917	4.0678919601218295	0.8864860622198398	0.7977074860659209	0.21534862565268886	0.7156319534845185	-228.72241282354983
8755000	4.156080925881944	4.190354318624671	0.8842621539676774	0.7988095035929202	0.23230508540323805	0.7107816253027529	-237.3236505027671
8760000	3.8477493519696235	4.035607415042774	0.8765574302147173	0.7975002959701545	0.20189067346092918	0.7579439396456813	-239.8581141005769
8765000	3.7625353293805635	4.114831577555863	0.8564465459645255	0.7991861872747652	0.20730451302198408	0.7277695013874841	-248.4428217643703
8770000	4.086257331707067	4.106822003805098	0.7843615585173073	0.7985212912798929	0.20559140925855302	0.7034937784522373	-272.9070791953229
8775000	3.877355455809838	4.038133743203332	0.8351323471852979	0.7969347555625084	0.20407778510206986	0.7324488778388006	-258.2152958995091
8780000	3.8739091386666638	3.942772577461056	0.8532830252171227	0.7924597843828393	0.20165692252062647	0.7203192771017892	-267.3527715516097
8785000	3.980593285794145	4.033851359886074	0.8731512681727022	0.7984981505243923	0.2016947887653115	0.7003382824477107	-235.74106218123103
8790000	4.004100487278537	4.041333813480438	0.8715950152902556	0.7731148892010389	0.20013291428811103	0.7506170939385273	-285.44717062501456
8795000	4.096462966571098	4.392919055791	0.8935809521295571	0.7920196465543039	0.20078653981232825	0.7082384555289953	-284.5733973621013
8800000	3.75928148942525	4.2066566371575	0.8421912231989513	0.7875536568134859	0.21093873381661446	0.7082165097437556	-236.19037379623276
8805000	3.837381950161055	3.8398066784067546	0.8894435628579915	0.7947458756014278	0.2108496585858279	0.7023694988507232	-233.95748127394327
8810000	3.9577441663934487	4.4190855968878	0.774951360428884	0.7966445114151163	0.21505743136669736	0.7403795814102667	-259.10673376629563
8815000	3.858033348191159	4.052989835740477	0.8627985921813847	0.7801512199221846	0.20125150684789161	0.7208553133066348	-302.7287654004298
8820000	3.930192155723456	4.147973754915464	0.8800696706839275	0.7866955550229059	0.2172142915351949	0.7215940190362915	-251.37493591529932
8825000	3.878396565988752	3.899154614099261	0.8900664212599527	0.7989519623470599	0.20452236264625634	0.7256836075973309	-240.69415374869945
8830000	3.75928148942525	3.7875566002496917	0.8531568283707922	0.7980564164931988	0.20062381439275234	0.7231666921235276	-236.9008062923142
8835000	3.9862089061705377	4.265649915354238	0.8667135074327051	0.7923563788388194	0.20047011157018504	0.710561824160321	-266.90531389966674
8840000	4.03210606959248	4.117183447824602	0.8579332579704902	0.798595707684067	0.2114707374595467	0.7400304818538006	-258.13353527739224
8845000	3.788705002160986	3.9161702783469337	0.8377349731900713	0.7922705811159199	0.20812929478608602	0.7394194144275713	-261.17120514681926
8850000	4.160805678173001	4.431918233881496	0.8680745815855614	0.787445930269567	0.20768631006471444	0.7185243884574255	-249.05263855170233
8855000	3.9893924710595727	4.029968549608975	0.8211299174509129	0.7875312114780836	0.2223066200407357	0.7228080802741745	-255.83920618192099
8860000	4.014564916476504	4.032077073786197	0.8826851485105329	0.7974877666892675	0.21343026582817537	0.7004667314297137	-237.54090178056222
8865000	4.6031142169369845	4.621260914724789	0.8874033450589475	0.7943157077315384	0.20065394953376398	0.727335830308481	-257.21472449385203
8870000	3.788745780681039	4.120965916076579	0.8562645073517434	0.7931369070716978	0.22172333588961923	0.7750250504738511	-238.18276194574497
8875000	3.9598917864370557	4.144406485085407	0.8747541092986236	0.7993519850206998	0.2085412437615465	0.7004487844061923	-206.72099288044834
8880000	3.904809347419935	4.115240738079671	0.8893424807795757	0.7956887139090608	0.20236128800281794	0.7161577391806805	-232.18907657987336
8885000	4.011289333414501	4.112128546742973	0.897440995953207	0.7916731007481991	0.2013620924626837	0.702481685862545	-208.2618699669853
8890000	3.9883733580806444	4.121483041203275	0.8887114498182425	0.7961105454573953	0.20930798621749092	0.7573230408690861	-205.30663976317646
8895000	3.9255175409057013	4.080045736642724	0.8822291007946721	0.7954147314102477	0.20895511439328565	0.7232391462755418	-222.1976396145283
8900000	4.032288410655661	4.101280452777355	0.8936685158190644	0.7904108033591128	0.20447158448960476	0.7262222634136472	-238.41819708540913
8905000	3.8018559560301752	3.891845956728547	0.8697982181642685	0.7942702526363669	0.20699972861928695	0.7305054637331319	-194.20976562353684
8910000	4.088979862487456	4.145872524656609	0.8587303935931222	0.7997383272473154	0.21284533094746402	0.7508432702220198	-201.21026391743126
8915000	4.034639129488756	4.284245352919844	0.8888178620544036	0.7989294175976926	0.21381522474942655	0.730228789860039	-225.91859215800625
8920000	3.904967641684262	4.173965118921999	0.8783586347555798	0.7990310779220072	0.22145655546113047	0.762477214773188	-197.47460438322534
8925000	4.111182997616482	4.708492798583979	0.8667681067988812	0.7991493099753041	0.22434554078948896	0.7154110888012731	-243.33727664279485
8930000	4.003359182907298	4.086156730727668	0.8577003540548236	0.7923905599330856	0.22611693615917314	0.7052232106443895	-263.05678072573835
8935000	3.775760420882892	4.194450555613585	0.8221676969874386	0.7995976031028255	0.20182509537046828	0.703726279033032	-277.5882780950761
8940000	4.081172700948811	4.643355626072795	0.8703412042594787	0.7997832387768605	0.20300714026544991	0.7564763384904394	-258.20399794044613
8945000	3.8802718285056916	3.9242148255003055	0.8948519673954919	0.7926088720675213	0.2062393173448152	0.7043057660765022	-238.28552550505202
8950000	3.8393114725516595	3.855143971543468	0.8754357998939426	0.7944639257410286	0.2000656897425735	0.7812961855010226	-264.2995061336406
8955000	3.8544839429942113	4.629976979647531	0.8731706425003422	0.795173935473987	0.2099446902853557	0.7019017043861416	-236.20883127328315
8960000	4.0698611300062355	4.472161407761821	0.835657802480873	0.7857649360607359	0.2045306396338358	0.7167695966900773	-276.84554017783165
8965000	3.820576505406106	3.886643323364104	0.8955953048242261	0.7974397641215543	0.2081248748675044	0.7237349314794579	-217.9449556995297
8970000	3.92457729448933	3.963735634896136	0.8442645355653654	0.7916256681329358	0.20570803448442962	0.7081538875910444	-240.28254418325946
8975000	4.06739142287654	4.541929709128343	0.8718174159821919	0.7974185683849946	0.20333988336927855	0.7204579589874472	-256.3284931842717
8980000	4.2345425535643635	4.266736539834343	0.8822547894552903	0.7931596076953648	0.20482664052418337	0.7243591086825673	-257.19952098935613
8985000	4.1280259624536875	4.304762890439892	0.8470912225045975	0.7887576354999621	0.2054796262266714	0.7496953399071763	-249.76308754598764
8990000	4.048632487939899	4.085325088373543	0.8978417154449234	0.7901250039760751	0.21962928102284182	0.7185413350611035	-226.6376093247735
8995000	3.8820940090639917	4.594927111267459	0.8912257431114147	0.7967446418284129	0.20420890814939058	0.7553586111454996	-251.38323248846152
9000000	3.8549884599663726	3.857710028611541	0.8923789613736584	0.7889537761289293	0.2011909168524595	0.7274586432137445	-256.71858148049665
9005000	3.817168875452172	4.374236229674757	0.8778580293034565	0.7914577678169177	0.21014503859336262	0.7095688669876536	-212.6873516056857
9010000	3.9007710229229855	4.065845726151378	0.897286660918516	0.795405630558693	0.20081437904315871	0.7025788339426967	-234.154100731134
9015000	4.059526283521147	4.127184706295136	0.8425626809445819	0.799607111696295	0.20048547679237377	0.7059500581359595	-236.65899212283566
9020000	3.948438533775889	4.095398504009283	0.8923195302578948	0.7985967550952434	0.21431824316039505	0.749405813983897	-240.3977939534992
9025000	4.0355990449927575	4.36668992382419	0.8862590827751096	0.7871528766305556	0.21794180837427884	0.7217301626220014	-272.1489342828038
9030000	4.060786507740135	4.187095986477505	0.8319513036576165	0.7943859813782084	0.20301683174572785	0.7013284700480179	-282.5967356382894
9035000	3.944663027398225	4.349165048515413	0.7538626955876261	0.7925708877156821	0.20022715010916586	0.707377694972813	-292.9996326643938
9040000	4.26900044880966	4.313829443918089	0.8805637001421056	0.7807747541093877	0.20079184545275497	0.7255636539103494	-287.4743378717053
9045000	3.75928148942525	3.801941052246554	0.806404857427265	0.7940670201816771	0.2082554491278726	0.7155124975384501	-281.0174788508151
9050000	3.75928148942525	3.824600662640114	0.8051750501123085	0.7961886913331424	0.20904671496407204	0.7211813718111209	-265.40402204235505
9055000	3.762322481516295	3.9069997028098213	0.8441690037951787	0.7977258107586144	0.20242554722328363	0.7056962589125798	-241.9859401767358
9060000	3.8896623547363243	4.0059098893216785	0.8933238577671391	0.796915356061418	0.20408688093738256	0.7061388960183692	-228.8959605246965
9065000	3.9149260077978614	4.246013508507783	0.8729415915929315	0.7954187075478697	0.20791572374476577	0.7245970168902605	-251.4947382336358
9070000	3.794747334420281	4.3130361639759975	0.893414238444641	0.7988490156545154	0.21124424124101954	0.7337168850506611	-224.20852235606904
9075000	3.75928148942525	3.769276751712804	0.8995606225528809	0.7917286821021576	0.20039064715224678	0.750117321184132	-229.57253040250902
9080000	3.75928148942525	3.833945528143042	0.8363800757995661	0.7988953612726455	0.2014249756302176	0.7056837960964891	-234.4229384709991
9085000	3.8747420225834186	3.986904504506984	0.843681845368528	0.7993012125754819	0.20724466960334653	0.7059653814061472	-226.9310821296142
9090000	3.783114371327325	4.058198308433827	0.8642043463622621	0.7944712254152217	0.2001159740759244	0.7489165600459978	-249.7974187857475
9095000	4.020916296218896	4.135324630169254	0.8461783473588967	0.7995900237163311	0.21864275692022603	0.7087656939669271	-235.70522526675813
9100000	3.7902779629463876	3.8436305224470395	0.8697555447456905	0.7983606683192337	0.20061117985061247	0.7405810605548964	-210.8722186429261
9105000	3.9885686877153668	4.204299627300454	0.8678077770897621	0.7976551961635578	0.22396498979284699	0.7084745241543529	-218.16020297267357
9110000	3.8452459227408267	4.09198639224949	0.8893030586191257	0.7978302896884979	0.2031359259979282	0.7327303545536973	-237.7444981458903
9115000	3.8126625621896535	3.9004563266816907	0.8772620134131484	0.7976065137441958	0.20310679642393825	0.7331017238950901	-208.9817605666121
9120000	3.7939025584619563	4.247580995121396	0.8568852203634831	0.7978828170366887	0.21541123026011208	0.7290857539919031	-233.75360579043328
9125000	3.8049934817815525	3.827213985433488	0.8672155382315747	0.7978851533259312	0.2014983410502468	0.7035497699801714	-245.89923337117926
9130000	4.1253399682684515	4.515217873992244	0.8774390203082417	0.7946494578736366	0.20481756020366407	0.7071410417766022	-252.29875920134185
9135000	4.0087769825954815	4.774790145588464	0.8324000274408622	0.7949441466229631	0.2048992884930428	0.7731992123924736	-257.66860772547983
9140000	3.9213179879678246	4.254365336102513	0.8653073370045787	0.7993846489240453	0.2057160171809986	0.7120758344658743	-248.5099037114373
9145000	4.073397218375448	4.134496942673415	0.8783726200950093	0.796840832465638	0.2170458833408304	0.7010208287414127	-214.4747879858717
9150000	3.8824442052620247	4.1147673536413345	0.8290056939033531	0.7929434016485457	0.20039348009014457	0.7027263484789869	-249.65589268727823
9155000	4.000045433811454	4.334468787941193	0.8567061023241512	0.799264087460127	0.20957163348276306	0.7845733537733935	-203.84222262684955
9160000	3.7952074622464766	3.908746714315413	0.8978501777988743	0.799426370694976	0.22108540542705435	0.7085430573155987	-213.33621964853015
9165000	3.8726490545669545	3.898257719128482	0.898031014188184	0.7864039825992619	0.20777551498937782	0.7056232209359488	-249.95418227928823
9170000	4.161544808414641	4.277522465413168	0.8957783974575344	0.79563508569584	0.20033376243214615	0.71053137234654	-225.4640438839276
9175000	3.856074035242247	4.252729956857499	0.8536359382697458	0.7967210421509496	0.20457683084023057	0.7806007816066994	-247.85137446549564
9180000	3.8569104450408056	3.9083456955423417	0.8611582573001828	0.7934662495945536	0.20801281540720082	0.7444823615340236	-240.75762322977977
9185000	3.834804968732645	3.8940294367948294	0.8728956883899142	0.7985160793639349	0.20718050546144437	0.7124220274253371	-214.26231158759373
9190000	3.762167403462179	3.9051047593076302	0.8666081696055687	0.7970358941581037	0.2093900225570224	0.7045644307234509	-231.3520049207207
9195000	4.271385933152088	4.494975850889304	0.8530299853742556	0.7893398813065646	0.2176051261886624	0.7203485789614941	-251.54871801561202
9200000	4.118247114150363	4.1693118149483155	0.8929081702425293	0.7861168092834675	0.2004050436372194	0.7151609478460299	-259.1248683710169
9205000	4.145954757606399	4.618313290282098	0.891179031470303	0.7998883526310587	0.2029875182753386	0.7028097894796773	-251.78335881474223
9210000	3.9674257182373203	3.9686816460700984	0.887032441664277	0.790598610311652	0.20470155196690568	0.7206082035442121	-232.66036147942907
9215000	4.0840608023877385	4.177939626928654	0.871134200325014	0.791147694957022	0.20220032294320042	0.7099118025652498	-249.77438973937848
9220000	4.065861906610895	4.225625985470853	0.8803287916466525	0.7872983556348319	0.20255613609123904	0.7295769372338612	-255.2910007712648
9225000	4.115152485353391	4.212627310749129	0.8981576171260419	0.7955642833251543	0.20416342051354183	0.7024328910070061	-216.10977844982955
9230000	4.384832563129145	4.41130699618069	0.8383741395258242	0.796465450482595	0.20336813259733227	0.7314842970175393	-230.02024269333083
9235000	3.86354886099474	3.8696002061163757	0.8859921403226013	0.7992546305733328	0.20563014996219545	0.7221412174157592	-202.96740138305435
9240000	3.75928148942525	3.8445266154854614	0.8978887553447011	0.7957827425186744	0.2060266999180168	0.738315911313017	-229.96179726973304
9245000	4.292278698617453	4.386178151805808	0.8997850199857781	0.7802726882893896	0.23402665924898672	0.715730849730161	-244.53198253070815
9250000	4.080220584430726	4.272179186822471	0.8995299407141212	0.7853210586167851	0.2002285633245745	0.7096423000669816	-263.61774217651237
9255000	4.191056952297923	4.711424777595233	0.8967052027105156	0.7939142134291585	0.21009989099650397	0.7031738926486684	-237.91984091845327
9260000	3.9595312344658016	4.016223831176623	0.8953533401125015	0.7982309227057317	0.2045693202784379	0.7375387930128628	-243.50895766454636
9265000	3.821082002218692	3.9106670645015655	0.8820581525512098	0.792239319019373	0.20111828146088356	0.7069595684365931	-249.47452941394025
9270000	3.7935354041825695	3.9561495070159607	0.8787963863179833	0.7831021059423205	0.20118063910320202	0.7371395926917691	-261.7827088410667
9275000	4.054377745840327	4.271941929894627	0.8593996977196494	0.7993164761178781	0.20167000420421474	0.7047498392197357	-245.76586099030519
9280000	4.032778031206127	4.327351871104291	0.8895935725707909	0.7819935717564865	0.20184290889645587	0.7072482882513248	-259.8833573111898
9285000	3.75928148942525	3.985792667863928	0.847909287631517	0.7928192785142307	0.21587140060782165	0.7539765415404003	-275.5364209230391
9290000	3.8289040206609695	4.239281513217152	0.7559303484150512	0.7955878493505008	0.21522273210769652	0.72511470827873	-276.2982616300466
9295000	3.7880139315837504	3.8300104465757827	0.893619729618831	0.7925203722591893	0.20453844329885484	0.7147696480466516	-264.151790408511
9300000	3.8694759777510126	4.022531163033399	0.899797742650766	0.7944437453978289	0.2039950002214335	0.7032813821255197	-232.4693558674607
9305000	3.9391574878006073	4.559597440941453	0.8541645020614109	0.7986116449273821	0.2025404892177718	0.7077529153503676	-241.92403203568995
9310000	3.8303866597448564	3.93785125807439	0.8863364691916299	0.7941477330719646	0.20406883476203802	0.7097581013220752	-247.8837738171552
9315000	3.7830800964291216	4.098110662104751	0.8913647554982275	0.7977185852674403	0.21056091168753144	0.7262522186166718	-248.87264106885098
9320000	3.929155999500566	3.9554358064470896	0.8490700318328622	0.7924871398878383	0.20052702814620663	0.7424028904030392	-244.12349151528684
9325000	4.149257467664409	4.549353949433119	0.8792560511215286	0.7839088408201228	0.22230345107596441	0.7204365440848073	-260.9996379465489
9330000	4.2255977024941584	4.542318191995778	0.8017078381979481	0.7881994365166162	0.21456381657073578	0.704947484843138	-292.6148126091176
9335000	4.232876741862327	4.378653392552179	0.8569136030884859	0.7898272465368835	0.20441294121335565	0.7037363299469789	-292.34979645510833
9340000	4.081100033842116	4.3372054029208105	0.7965091315719016	0.7908200081551229	0.2070564550705037	0.7140659845036263	-292.8001516130457
9345000	3.952481078049547	4.113650565290273	0.8752328276916472	0.7869673114097816	0.20115262151965158	0.7017422796417153	-276.728580705109
9350000	3.874928162704911	4.320665572558517	0.8586148938440346	0.7972885209048061	0.20122365195809258	0.7077146461674054	-278.48373473627595
9355000	3.78755263294113	3.8187132800311083	0.8518522641650135	0.783945312616911	0.21894885076561763	0.7047665258682041	-241.38203427699804
9360000	4.374364863071918	4.383044763925561	0.8782326190079865	0.7917975306154499	0.2127368025850114	0.7166325417045812	-271.197696267365
9365000	4.084900261127425	4.20388628128606	0.8193864367170435	0.7824178467624741	0.2105652307706144	0.7186720155391042	-265.896918369939
9370000	3.8208422410597893	4.689850443290265	0.8998560842738664	0.7896228606901808	0.21023770726050137	0.7070654287388917	-246.10671840798673
9375000	3.92601318470551	4.0185157094398445	0.895468077015314	0.7973584972998738	0.20450973326678518	0.7084840375591936	-253.18946831706222
9380000	4.116653957432598	4.444771739734662	0.8775943249739813	0.7963424640562667	0.20141924560958702	0.7618368678214166	-228.42523211113271
9385000	4.0602087947154715	4.696815825366955	0.7816561866776895	0.799410680995376	0.20684493201933818	0.7375302730989314	-267.62848309244424
9390000	4.1158370619717894	4.151701083555204	0.7770553112450193	0.7918640819868858	0.208519084349367	0.7162554958700748	-288.2679513008604
9395000	3.9749106010030313	4.715929401848372	0.8743334525775189	0.7984227612773962	0.22198538213166458	0.703901090511678	-242.00560580107137
9400000	4.3559911720473945	4.400495854120076	0.8498786109923882	0.7989830979261856	0.2042526342336994	0.7121135495900899	-246.2975599681237
9405000	4.012543041923509	4.3993134948583865	0.8724951649701703	0.7965678393959639	0.21043146432370985	0.7214845814623652	-222.1439447171998
9410000	3.9084588283313377	4.1280080072566046	0.8985738955026635	0.793397983858891	0.20480992254442837	0.7623266270906429	-241.301631039509
9415000	3.9715994151034497	5.1509367364188865	0.8327197900989023	0.79146660870162	0.21815343347957078	0.7224733631293733	-234.77561096905762
9420000	3.9117470427210064	3.9783174666429484	0.8642159030794695	0.7909354729918883	0.21405832934628194	0.7008261985332048	-248.68435644605321
9425000	3.80798405175038	3.9263034461858393	0.8878588397412438	0.7907564121036992	0.20430988645696913	0.7144345555723616	-263.01542429217716
9430000	4.157812940942854	4.271491106476924	0.8637851967674056	0.7960525618039952	0.22500118245675607	0.7515578734568188	-226.07407378632007
9435000	4.033963197345706	4.213138368240458	0.8984684269100669	0.7906900137735894	0.20827170337702897	0.7122750294285403	-242.49099081233305
9440000	4.089123699766851	4.456252424951349	0.8608598365947037	0.7955582921991181	0.2010742545102844	0.7139928346533595	-247.78198277032152
9445000	3.9940314830280372	4.495058961108528	0.8968487834526226	0.7982432100638841	0.20513308112391196	0.7847913727450451	-234.16381500371205
9450000	4.011491049550867	5.003574226677672	0.8983116205537035	0.7860275355771945	0.20930933203522423	0.707364435724901	-259.82930893102144
9455000	3.9019121092825135	4.1847230551043095	0.8803541732576581	0.7985802986832887	0.20314871352190172	0.7249317393790621	-247.76517900503083
9460000	3.8318243417220517	4.318644018514566	0.891008677408126	0.7942099227321682	0.2074773298700455	0.7115892099516145	-230.7404507611182
9465000	4.261877379352691	4.477326556275907	0.816847930663185	0.7910568222395211	0.20843818498214028	0.7028999453766434	-262.7803138789681
9470000	3.8966690888661675	4.064881622519758	0.882422390397274	0.7855173257971709	0.20683435692835728	0.7114491524176039	-251.36977600636206
9475000	4.360866373697921	4.483753243941552	0.869038431826559	0.7934770809427051	0.2020516478442624	0.7103904855542291	-256.2983840063704
9480000	3.9624093906713833	3.990070066239047	0.8067264222376235	0.7982393368588138	0.20343969549288426	0.7303918047729308	-255.028629170771
9485000	4.169175590825208	4.31286620468405	0.8236377291669083	0.7922438152765264	0.2012296012004382	0.7312560880350945	-272.527024184738
9490000	4.153150982452367	4.749875988582355	0.8731961853741672	0.772769571426667	0.2072787930397465	0.7455095628009388	-281.4551036634671
9495000	4.0144754356591505	4.065669027732681	0.8892027670385039	0.7953778162415482	0.20032058310093315	0.7014754430250163	-259.57474930400195
9500000	3.984314204843483	3.992862651237356	0.8869884345012089	0.7898660069681314	0.20423276847407065	0.732144623884953	-206.1820007906642
9505000	4.0315484941597965	4.0648507299668095	0.89404644938641	0.7990365484812993	0.20316103824948128	0.7066496113627599	-241.32402690413167
9510000	3.8541431998163556	4.476152757321573	0.8926199658486651	0.797826719741818	0.21986940983745698	0.7433674113393456	-220.16710999665884
9515000	3.8908185361873544	3.9936852679952786	0.8858426498362231	0.7869394698770484	0.21378008179102012	0.7070840988889158	-228.84182516174994
9520000	3.75928148942525	4.008771856621644	0.8294000094041366	0.7948299535663589	0.20078921967403218	0.7241140476958083	-257.7013572490809
9525000	3.772840580668655	4.026854632754941	0.8964149371635277	0.7966168588382491	0.20578640723314423	0.7034169958213116	-219.3862144716877
9530000	3.769526409877967	3.7705679690847815	0.8951735439877059	0.7986005902483327	0.21215779675219568	0.7056825954497102	-214.1186192946808
9535000	3.8914201748084225	3.9237116590343004	0.898342957504345	0.799952282565608	0.21672235746861948	0.7680281882889528	-180.4918642394966
9540000	3.806235393287468	3.8990224941070815	0.8617440433981355	0.7981981654942218	0.21468841377846717	0.767024019290716	-232.44012691056474
9545000	3.9461686685882307	4.2927395738925505	0.8947143672180178	0.7992047915705816	0.20959234093211926	0.7150234832593579	-223.23456073894806
9550000	4.335199798779136	4.340418514621085	0.7406856959252914	0.7985329824726197	0.20052270055417964	0.7085389537967732	-263.98097140281124
9555000	4.2741039353015635	4.685829873513017	0.8213555246387164	0.7941866774771016	0.20546603567118826	0.7065253284164796	-266.4041230558982
9560000	4.206182342970984	4.334100288057992	0.8341419939344279	0.7901380065989859	0.20770553781088927	0.700336136174396	-271.2447067324192
9565000	3.810788114354967	3.9480462434614374	0.8293261910872226	0.7931422062158716	0.2059169650085588	0.709251594563317	-267.9757133272281
9570000	3.7672817039037927	3.9775341601551726	0.8885192485268114	0.7767628990408889	0.20202175141164871	0.7003395207048028	-241.22459341459515
9575000	3.9734808165039572	4.048667802100893	0.813654019389614	0.7985016999292869	0.2134524178076137	0.7226273725511965	-237.16381297729814
9580000	3.8902424609581217	3.9793591676263844	0.885700876552391	0.7915814174114928	0.20040268803064015	0.7083445360048927	-235.12309192926875
9585000	3.9810403951890665	4.121998510300434	0.8911828717343553	0.7996746261094673	0.21527608472134058	0.7086470764369015	-216.26640567942863
9590000	3.75928148942525	3.7823928319700935	0.8514238448282213	0.7788304500178119	0.20147245644813608	0.7050046325869593	-253.36495803354546
9595000	3.9017968551461255	4.037872674707875	0.7835822975157946	0.7966703620043459	0.20887404881452426	0.764329888619423	-266.63455700472724
9600000	3.8163418698827813	3.907473450834502	0.8502335798356523	0.7926722336451429	0.2152813374290366	0.704796254014314	-252.89541966317967
9605000	4.009882617513303	4.19585390018497	0.8894938032164053	0.7843149028303679	0.20207767129163773	0.7087136449846282	-245.29383736705867
9610000	3.894553199733026	4.1160877417177595	0.8799564442576268	0.7896347372427771	0.21204058269589426	0.7306764040892955	-246.23221486860493
9615000	3.9106421430203158	3.9516985047564845	0.8208368892032826	0.792343760914326	0.20466094154230519	0.7130648323907134	-254.22156018899216
9620000	4.301323824455451	4.401346043592113	0.8843528581964868	0.7989322764680481	0.20422687316158117	0.7016854351465587	-243.77361347960337
9625000	3.924142296847003	4.499032476519234	0.8953842675955975	0.7979132042784238	0.2046433710910109	0.7361174445282525	-213.9910089940124
9630000	4.177252299064584	4.531236966127034	0.8936408271188692	0.7909988859045822	0.20882592086770546	0.7254546292500471	-239.6690618549148
9635000	3.803738481303895	3.966510844716533	0.8980199216560733	0.7989480931993737	0.203909647297529	0.7287276589069751	-207.51874448228006
9640000	3.959077529851681	4.067134448792835	0.8832938711688058	0.7943644562188584	0.21167237288450255	0.709674912177454	-226.73895145002678
9645000	3.9167436717247743	4.455514887123551	0.8246184581150848	0.7956601685625796	0.21848664793451156	0.7218096474743747	-240.22206633393475
9650000	4.212414757156343	4.584597725989716	0.8911019048061952	0.7972426003739592	0.20352985015502084	0.7035467403512115	-240.78939658077695
9655000	3.8379196179464428	3.946387103601743	0.8757540475978001	0.7879452154185015	0.20967574392762114	0.7830054090567266	-256.0587622969752
9660000	3.932997183284455	4.185566924880195	0.8725604225110992	0.7879404347870964	0.20141891221233382	0.7059901482245703	-242.40192505561146
9665000	4.319138201020545	4.325320304963562	0.8650940548455277	0.7901774832901386	0.2252437333761702	0.7045709555715459	-257.32187762695276
9670000	3.970316355242597	4.157178392332217	0.8884286092833418	0.7936804522642896	0.20695885466672054	0.7021889413998988	-230.2336754042009
9675000	4.359030459668355	4.669347972194791	0.8967427426614506	0.7944891920228616	0.21275159503617255	0.74432198392759	-234.58264505108428
9680000	4.008137997399414	4.45791093842237	0.8936405807004089	0.7852817934159889	0.2123880526087626	0.702907138129395	-227.38337589338363
9685000	3.9619693385908703	4.398791290844388	0.857586336897198	0.7959342023082611	0.21899924242251836	0.7246482873176658	-255.2891359655532
9690000	3.7779608513384018	3.892494219270081	0.8811356300312873	0.7981475298218669	0.21309777260506152	0.7526135307766348	-220.15133772052081
9695000	3.8146251691968414	4.798975040887921	0.8657912768892868	0.7902831311707168	0.22586845635957067	0.7057018542192366	-265.85300473679774
9700000	3.852201885399537	4.72419253290508	0.8287360832096351	0.7926211655405766	0.20833096285110494	0.719234667083285	-246.89224251922008
9705000	3.888685172841379	3.9371785104225996	0.8551816270919818	0.7994522070055391	0.20822822312768813	0.7312009838538016	-252.0110179751899
9710000	3.8406307735758234	3.8469754788257955	0.8791988671909992	0.795442746212257	0.20088292570813354	0.700015639509243	-245.82530752337757
9715000	3.894176252757311	3.9681821448941657	0.8805413564924733	0.7934383151461156	0.20070477174372003	0.7100507952345825	-244.3163241158129
9720000	4.286352451950402	4.356529070192803	0.8878170639231023	0.7866327411144669	0.21589820904071372	0.7292213381682918	-243.08784689681696
9725000	3.9512773435940933	4.407234962964386	0.8895935177078567	0.7985873128024111	0.2014679857654056	0.7112871266436923	-235.72932193274067
9730000	3.986216044074568	4.061595514232857	0.8597071547965127	0.7947019906197054	0.22130733076803913	0.737333313401907	-244.79875922559245
9735000	4.257214306628128	4.369336295275119	0.8670268642670677	0.7993987279723185	0.2143654372158141	0.7434943100011882	-229.40229710095227
9740000	3.75928148942525	3.9575141166491745	0.891932019118177	0.7997595602229935	0.20571189471561802	0.7130314217435303	-215.97893564926866
9745000	3.75928148942525	4.149450356604794	0.8583824983073235	0.7758975319831704	0.20636776282731883	0.7214686772928375	-298.9758510098012
9750000	3.785772772945777	3.8771512268593	0.7857244243625927	0.7995254690606918	0.20124657708296564	0.7091237329796787	-256.79887014018027
9755000	3.806442172214748	3.810845147309289	0.8943272445224916	0.7992616886273926	0.2094325327511493	0.713937890002332	-250.39933286746756
9760000	3.895571474681388	4.276510958867393	0.8590553291617441	0.79739665939924	0.20363268706758839	0.7251065342327738	-255.8050956915083
9765000	4.120878196937373	4.1860104786952315	0.8625273628399756	0.7920078639015609	0.20806198040887647	0.7100210121133647	-220.00568255587663
9770000	3.9579756209344565	4.017789291103855	0.8875703031096306	0.799640358564067	0.2032479531080956	0.7070672766710073	-230.36742957796062
9775000	4.386035699120497	4.631519321975085	0.8962413615836405	0.7944096308905901	0.2119410035475025	0.752346790293238	-216.00353611485505
9780000	3.75928148942525	4.136297486308568	0.8889717031899493	0.798766459649608	0.20847471616309188	0.7489866699102611	-207.39918940498944
9785000	3.75928148942525	3.8002481111149327	0.8422187002125652	0.7926454855503258	0.20422390639642127	0.7389799015274405	-228.17464822899868
9790000	3.76029343909095	3.939066053442902	0.8210202601094034	0.7976977374489977	0.20954728990485907	0.7026167095082814	-239.61593565371902
9795000	3.993858463602858	4.761003938827632	0.8800447538776005	0.7899702312217282	0.2108850378758786	0.733939946303486	-240.2406518348355
9800000	3.75928148942525	4.046212973412952	0.8765548849902416	0.7949853740494028	0.20011007942121034	0.7113404166373559	-239.1173648867026
9805000	4.133787146119508	5.220731808873208	0.8572519681069363	0.7942361306728714	0.2039709628711645	0.7225606926887093	-246.9772233440665
9810000	4.160092420532735	4.162363175600434	0.8617348291743322	0.7905737216926594	0.2229109759945494	0.7044712123032351	-257.7996102820928
9815000	3.8347534890385253	3.963835788721435	0.865744656180788	0.7776819733940844	0.20419345187495228	0.7032624446317068	-254.99078722588723
9820000	4.0144240100928	4.029993821511204	0.8868169265490183	0.7963565449430692	0.20272229390208196	0.7026799393129308	-233.56675481446703
9825000	3.892045907784846	3.9188146730785705	0.8568738441973969	0.7990182028000357	0.20709701399840186	0.7100403950809111	-233.2876146627779
9830000	4.148645933589547	4.991754580118774	0.8964141750611448	0.7940918292033627	0.20798745695180273	0.7284739623671399	-264.7136877864469
9835000	3.8915548368051867	4.414998523809095	0.8958200952540654	0.7865635767426025	0.21751747427332044	0.7063111568370929	-246.09473647284318
9840000	4.215376820188285	4.269046661688933	0.8713354971097881	0.7906959002610803	0.20789466141750168	0.7152106228833168	-239.1474285589725
9845000	3.8273352516437513	3.9537370553643663	0.8785527539041622	0.7927828706385711	0.20496357238809607	0.7686428822535267	-235.8362132606113
9850000	3.864191502056215	4.119781170695951	0.8842196982084924	0.7981929672896005	0.21729498734834524	0.7006853856154003	-213.700987774628
9855000	4.25798273795393	4.425369465346874	0.8568966451059882	0.7941502430623104	0.21980163409614953	0.707783664760623	-229.85869899485144
9860000	4.356204004925128	5.220929935190781	0.8233460209692897	0.7977772337390656	0.20102800281919508	0.7209301486933305	-265.08588365707607
9865000	3.865730346404199	3.9257221610451176	0.8827471939959249	0.7984548366702452	0.20057671230610272	0.7289682620250321	-237.94804749711514
9870000	4.0029873136117455	4.375933415674926	0.8936508758913542	0.7929476204310609	0.20117220510060507	0.7032466331757479	-249.8865105050734
9875000	4.2477518299387445	4.328534197693024	0.8391805245598631	0.7987104094768998	0.2019446723643459	0.702989043259919	-249.95020061341648
9880000	3.964326255068515	4.259387380586887	0.885345451558278	0.7980316865663877	0.20013962549839404	0.7452282165444604	-234.92941662110715
9885000	3.886173694332927	3.9999404274982693	0.8770875462594988	0.7849655205134415	0.2024516844925351	0.7134667604527407	-254.07459999705816
9890000	3.971013536364704	4.348073263310586	0.8996080822235687	0.7986342502556415	0.21437484979258306	0.7527619539098585	-231.09258267633982
9895000	3.9268804704119162	3.997975636797938	0.8981827981155848	0.7928822657554709	0.2037870350152969	0.7193056550905502	-192.19218330004992
9900000	3.8235079006978308	4.097903981398763	0.8565692915055659	0.7959445540395492	0.20244849250026548	0.7335191660824694	-245.47957779595228
9905000	4.067731220991045	4.548323773010424	0.8501181534343933	0.7948726318554086	0.21967820027604726	0.7008199020046219	-254.23155528417476
9910000	3.9712458717255825	4.039608821006665	0.8851817956511325	0.7957408057610216	0.20347757300596203	0.747331955689617	-246.49082693424612
9915000	3.9196605798197393	4.114471461075243	0.8764290854702742	0.7891807207751822	0.22214830857502904	0.7141475219932804	-245.51350322845977
9920000	3.8449995000466455	4.068983095894924	0.8825735550582817	0.7833488884892856	0.20252131834627304	0.7218128531560958	-239.36447071005486
9925000	3.774311789037022	3.8834209832795987	0.8510413869989916	0.7971471434207743	0.21071710187702317	0.7309236596036988	-245.1014142820051
9930000	4.151588915076838	4.234562123702758	0.8866721880902153	0.7967229620922128	0.21937781751849197	0.7228526380554514	-239.22093517729022
9935000	4.024503533028405	4.038897772713936	0.8805024500070022	0.798744813128311	0.20404779077361587	0.793403586867413	-264.5258241183504
9940000	3.814586544730912	4.0441353514862515	0.8799864780646641	0.789373982614129	0.20046528677860384	0.7143321907382864	-254.62025051814624
9945000	4.0128313250744085	4.2740285340500375	0.8744407464832177	0.7900779589374296	0.21399311112067007	0.7020322982552305	-254.69946478571785
9950000	3.989362681677637	4.344441223665611	0.8648060373761035	0.798201799302098	0.2011508746377042	0.7302822823354397	-227.0616068480244
9955000	3.8184758088365633	4.29082364664329	0.860194954000555	0.7945972503812023	0.20081662483860593	0.710391794077442	-255.04176558189653
9960000	3.9834375526941606	4.099484017527376	0.8285797838661522	0.794688367334618	0.22946738819275364	0.7052467887066861	-259.65422024205003
9965000	3.8305396829580096	5.224402662190824	0.8814175711011099	0.7985761117147009	0.2108781837608337	0.7109606533023656	-237.17336362403003
9970000	3.854966413514786	4.422603227661302	0.8933364417097363	0.7916737902147598	0.20341498296175572	0.7230417133864866	-242.44751955629164
9975000	3.8455370603610803	4.026837885226829	0.8795122537805472	0.7915590536606772	0.20842564112402623	0.7016051257642821	-275.24824114767284
9980000	3.8859755104865563	4.489063027986279	0.8536029041653387	0.7948053412574748	0.21271960788655117	0.7023424622636925	-249.86120387754366
9985000	3.761112933793711	3.79225275163732	0.8955252285297739	0.7959973144512932	0.20977467797886232	0.7033057429456637	-216.02946780854506
9990000	3.75928148942525	3.905212755068859	0.887920135606859	0.799217500851946	0.2051582521966296	0.7364794442945465	-204.4918156641822
9995000	3.8051739377532856	3.99681371192166	0.8870730737586235	0.799198624814379	0.20475071964699454	0.7295199317628264	-256.5792803697098
10000000	4.245592732509826	4.3998553935761375	0.8622824000049909	0.7989243018554982	0.2003531797621316	0.7401647620750874	-263.6469353131993
