#
#model:
#
#<?xml version="1.0" encoding="UTF-8" standalone="no"?><input id="posterior" spec="beast.base.inference.CompoundDistribution">
#    <distribution id="prior" spec="beast.base.inference.CompoundDistribution">
#        <distribution id="birthDeath" spec="ssr.speciation.SRangesBirthDeathSkylineModel">
#            <parameter id="RealParameter" lower="0.0" name="intervalTimes" spec="beast.base.inference.parameter.RealParameter" upper="0.0">0.0</parameter>
#            <parameter id="origin" lower="0.0" name="origin" spec="beast.base.inference.parameter.RealParameter">471.177291879275</parameter>
#            <removalProbability id="Function$Constant" spec="beast.base.core.Function$Constant" value="0.0"/>
#            <parameter id="rho" lower="0.0" name="rho" spec="beast.base.inference.parameter.RealParameter">0.959640828333795</parameter>
#            <parameter id="samplingProportion" lower="0.0" name="samplingProportion" spec="beast.base.inference.parameter.RealParameter">0.780356990918517</parameter>
#            <parameter id="netDiversification" lower="0.0" name="netDiversification" spec="beast.base.inference.parameter.RealParameter">0.783454768499359</parameter>
#            <parameter id="turnOver" lower="0.0" name="turnOver" spec="beast.base.inference.parameter.RealParameter" upper="1.0">0.555188080761582</parameter>
#            <tree id="tree" nodetype="sr.evolution.tree.SRNode" spec="sr.evolution.tree.SRTree">
#                <stratigraphicRange id="r0" spec="sr.evolution.sranges.StratigraphicRange">
#                    <firstOccurrence id="t329_first" spec="beast.base.evolution.alignment.Taxon"/>
#                    <lastOccurrence idref="t329_first"/>
#                </stratigraphicRange>
#                <stratigraphicRange id="r1" spec="sr.evolution.sranges.StratigraphicRange">
#                    <firstOccurrence id="t346_first" spec="beast.base.evolution.alignment.Taxon"/>
#                    <lastOccurrence idref="t346_first"/>
#                </stratigraphicRange>
#                <stratigraphicRange id="r2" spec="sr.evolution.sranges.StratigraphicRange">
#                    <firstOccurrence id="t163_first" spec="beast.base.evolution.alignment.Taxon"/>
#                    <lastOccurrence idref="t163_first"/>
#                </stratigraphicRange>
#                <stratigraphicRange id="r3" spec="sr.evolution.sranges.StratigraphicRange">
#                    <firstOccurrence id="t42_first" spec="beast.base.evolution.alignment.Taxon"/>
#                    <lastOccurrence idref="t42_first"/>
#                </stratigraphicRange>
#                <stratigraphicRange id="r4" spec="sr.evolution.sranges.StratigraphicRange">
#                    <firstOccurrence id="t355_first" spec="beast.base.evolution.alignment.Taxon"/>
#                    <lastOccurrence idref="t355_first"/>
#                </stratigraphicRange>
#                <stratigraphicRange id="r5" spec="sr.evolution.sranges.StratigraphicRange">
#                    <firstOccurrence id="t125_first" spec="beast.base.evolution.alignment.Taxon"/>
#                    <lastOccurrence idref="t125_first"/>
#                </stratigraphicRange>
#                <stratigraphicRange id="r6" spec="sr.evolution.sranges.StratigraphicRange">
#                    <firstOccurrence id="t71_first" spec="beast.base.evolution.alignment.Taxon"/>
#                    <lastOccurrence idref="t71_first"/>
#                </stratigraphicRange>
#                <stratigraphicRange id="r7" spec="sr.evolution.sranges.StratigraphicRange">
#                    <firstOccurrence id="t143_first" spec="beast.base.evolution.alignment.Taxon"/>
#                    <lastOccurrence idref="t143_first"/>
#                </stratigraphicRange>
#                <stratigraphicRange id="r8" spec="sr.evolution.sranges.StratigraphicRange">
#                    <firstOccurrence id="t101_first" spec="beast.base.evolution.alignment.Taxon"/>
#                    <lastOccurrence idref="t101_first"/>
#                </stratigraphicRange>
#                <stratigraphicRange id="r9" spec="sr.evolution.sranges.StratigraphicRange">
#                    <firstOccurrence id="t288_first" spec="beast.base.evolution.alignment.Taxon"/>
#                    <lastOccurrence idref="t288_first"/>
#                </stratigraphicRange>
#                <stratigraphicRange id="r10" spec="sr.evolution.sranges.StratigraphicRange">
#                    <firstOccurrence id="t186_first" spec="beast.base.evolution.alignment.Taxon"/>
#                    <lastOccurrence idref="t186_first"/>
#                </stratigraphicRange>
#                <stratigraphicRange id="r11" spec="sr.evolution.sranges.StratigraphicRange">
#                    <firstOccurrence id="t141_first" spec="beast.base.evolution.alignment.Taxon"/>
#                    <lastOccurrence idref="t141_first"/>
#                </stratigraphicRange>
#                <stratigraphicRange id="r12" spec="sr.evolution.sranges.StratigraphicRange">
#                    <firstOccurrence id="t22_first" spec="beast.base.evolution.alignment.Taxon"/>
#                    <lastOccurrence idref="t22_first"/>
#                </stratigraphicRange>
#                <stratigraphicRange id="r13" spec="sr.evolution.sranges.StratigraphicRange">
#                    <firstOccurrence id="t210_first" spec="beast.base.evolution.alignment.Taxon"/>
#                    <lastOccurrence idref="t210_first"/>
#                </stratigraphicRange>
#                <stratigraphicRange id="r14" spec="sr.evolution.sranges.StratigraphicRange">
#                    <firstOccurrence id="t452_first" spec="beast.base.evolution.alignment.Taxon"/>
#                    <lastOccurrence idref="t452_first"/>
#                </stratigraphicRange>
#                <stratigraphicRange id="r15" spec="sr.evolution.sranges.StratigraphicRange">
#                    <firstOccurrence id="t263_first" spec="beast.base.evolution.alignment.Taxon"/>
#                    <lastOccurrence idref="t263_first"/>
#                </stratigraphicRange>
#                <stratigraphicRange id="r16" spec="sr.evolution.sranges.StratigraphicRange">
#                    <firstOccurrence id="t427_first" spec="beast.base.evolution.alignment.Taxon"/>
#                    <lastOccurrence idref="t427_first"/>
#                </stratigraphicRange>
#                <stratigraphicRange id="r17" spec="sr.evolution.sranges.StratigraphicRange">
#                    <firstOccurrence id="t265_first" spec="beast.base.evolution.alignment.Taxon"/>
#                    <lastOccurrence idref="t265_first"/>
#                </stratigraphicRange>
#                <stratigraphicRange id="r18" spec="sr.evolution.sranges.StratigraphicRange">
#                    <firstOccurrence id="t168_first" spec="beast.base.evolution.alignment.Taxon"/>
#                    <lastOccurrence idref="t168_first"/>
#                </stratigraphicRange>
#                <stratigraphicRange id="r19" spec="sr.evolution.sranges.StratigraphicRange">
#                    <firstOccurrence id="t278_first" spec="beast.base.evolution.alignment.Taxon"/>
#                    <lastOccurrence idref="t278_first"/>
#                </stratigraphicRange>
#                <stratigraphicRange id="r20" spec="sr.evolution.sranges.StratigraphicRange">
#                    <firstOccurrence id="t41_first" spec="beast.base.evolution.alignment.Taxon"/>
#                    <lastOccurrence idref="t41_first"/>
#                </stratigraphicRange>
#                <stratigraphicRange id="r21" spec="sr.evolution.sranges.StratigraphicRange">
#                    <firstOccurrence id="t28_first" spec="beast.base.evolution.alignment.Taxon"/>
#                    <lastOccurrence idref="t28_first"/>
#                </stratigraphicRange>
#                <stratigraphicRange id="r22" spec="sr.evolution.sranges.StratigraphicRange">
#                    <firstOccurrence id="t203_first" spec="beast.base.evolution.alignment.Taxon"/>
#                    <lastOccurrence idref="t203_first"/>
#                </stratigraphicRange>
#                <stratigraphicRange id="r23" spec="sr.evolution.sranges.StratigraphicRange">
#                    <firstOccurrence id="t310_first" spec="beast.base.evolution.alignment.Taxon"/>
#                    <lastOccurrence idref="t310_first"/>
#                </stratigraphicRange>
#                <stratigraphicRange id="r24" spec="sr.evolution.sranges.StratigraphicRange">
#                    <firstOccurrence id="t448_first" spec="beast.base.evolution.alignment.Taxon"/>
#                    <lastOccurrence idref="t448_first"/>
#                </stratigraphicRange>
#                <stratigraphicRange id="r25" spec="sr.evolution.sranges.StratigraphicRange">
#                    <firstOccurrence id="t247_first" spec="beast.base.evolution.alignment.Taxon"/>
#                    <lastOccurrence idref="t247_first"/>
#                </stratigraphicRange>
#                <stratigraphicRange id="r26" spec="sr.evolution.sranges.StratigraphicRange">
#                    <firstOccurrence id="t97_first" spec="beast.base.evolution.alignment.Taxon"/>
#                    <lastOccurrence idref="t97_first"/>
#                </stratigraphicRange>
#                <stratigraphicRange id="r27" spec="sr.evolution.sranges.StratigraphicRange">
#                    <firstOccurrence id="t67_first" spec="beast.base.evolution.alignment.Taxon"/>
#                    <lastOccurrence idref="t67_first"/>
#                </stratigraphicRange>
#                <stratigraphicRange id="r28" spec="sr.evolution.sranges.StratigraphicRange">
#                    <firstOccurrence id="t180_first" spec="beast.base.evolution.alignment.Taxon"/>
#                    <lastOccurrence idref="t180_first"/>
#                </stratigraphicRange>
#                <stratigraphicRange id="r29" spec="sr.evolution.sranges.StratigraphicRange">
#                    <firstOccurrence id="t362_first" spec="beast.base.evolution.alignment.Taxon"/>
#                    <lastOccurrence idref="t362_first"/>
#                </stratigraphicRange>
#                <stratigraphicRange id="r30" spec="sr.evolution.sranges.StratigraphicRange">
#                    <firstOccurrence id="t441_first" spec="beast.base.evolution.alignment.Taxon"/>
#                    <lastOccurrence idref="t441_first"/>
#                </stratigraphicRange>
#                <stratigraphicRange id="r31" spec="sr.evolution.sranges.StratigraphicRange">
#                    <firstOccurrence id="t318_first" spec="beast.base.evolution.alignment.Taxon"/>
#                    <lastOccurrence idref="t318_first"/>
#                </stratigraphicRange>
#                <stratigraphicRange id="r32" spec="sr.evolution.sranges.StratigraphicRange">
#                    <firstOccurrence id="t429_first" spec="beast.base.evolution.alignment.Taxon"/>
#                    <lastOccurrence idref="t429_first"/>
#                </stratigraphicRange>
#                <stratigraphicRange id="r33" spec="sr.evolution.sranges.StratigraphicRange">
#                    <firstOccurrence id="t344_first" spec="beast.base.evolution.alignment.Taxon"/>
#                    <lastOccurrence idref="t344_first"/>
#                </stratigraphicRange>
#                <stratigraphicRange id="r34" spec="sr.evolution.sranges.StratigraphicRange">
#                    <firstOccurrence id="t253_first" spec="beast.base.evolution.alignment.Taxon"/>
#                    <lastOccurrence idref="t253_first"/>
#                </stratigraphicRange>
#                <stratigraphicRange id="r35" spec="sr.evolution.sranges.StratigraphicRange">
#                    <firstOccurrence id="t357_first" spec="beast.base.evolution.alignment.Taxon"/>
#                    <lastOccurrence idref="t357_first"/>
#                </stratigraphicRange>
#                <stratigraphicRange id="r36" spec="sr.evolution.sranges.StratigraphicRange">
#                    <firstOccurrence id="t261_first" spec="beast.base.evolution.alignment.Taxon"/>
#                    <lastOccurrence idref="t261_first"/>
#                </stratigraphicRange>
#                <stratigraphicRange id="r37" spec="sr.evolution.sranges.StratigraphicRange">
#                    <firstOccurrence id="t283_first" spec="beast.base.evolution.alignment.Taxon"/>
#                    <lastOccurrence idref="t283_first"/>
#                </stratigraphicRange>
#                <stratigraphicRange id="r38" spec="sr.evolution.sranges.StratigraphicRange">
#                    <firstOccurrence id="t374_first" spec="beast.base.evolution.alignment.Taxon"/>
#                    <lastOccurrence idref="t374_first"/>
#                </stratigraphicRange>
#                <stratigraphicRange id="r39" spec="sr.evolution.sranges.StratigraphicRange">
#                    <firstOccurrence id="t47_first" spec="beast.base.evolution.alignment.Taxon"/>
#                    <lastOccurrence idref="t47_first"/>
#                </stratigraphicRange>
#                <stratigraphicRange id="r40" spec="sr.evolution.sranges.StratigraphicRange">
#                    <firstOccurrence id="t259_first" spec="beast.base.evolution.alignment.Taxon"/>
#                    <lastOccurrence idref="t259_first"/>
#                </stratigraphicRange>
#                <stratigraphicRange id="r41" spec="sr.evolution.sranges.StratigraphicRange">
#                    <firstOccurrence id="t408_first" spec="beast.base.evolution.alignment.Taxon"/>
#                    <lastOccurrence idref="t408_first"/>
#                </stratigraphicRange>
#                <stratigraphicRange id="r42" spec="sr.evolution.sranges.StratigraphicRange">
#                    <firstOccurrence id="t161_first" spec="beast.base.evolution.alignment.Taxon"/>
#                    <lastOccurrence idref="t161_first"/>
#                </stratigraphicRange>
#                <stratigraphicRange id="r43" spec="sr.evolution.sranges.StratigraphicRange">
#                    <firstOccurrence id="t267_first" spec="beast.base.evolution.alignment.Taxon"/>
#                    <lastOccurrence idref="t267_first"/>
#                </stratigraphicRange>
#                <stratigraphicRange id="r44" spec="sr.evolution.sranges.StratigraphicRange">
#                    <firstOccurrence id="t3_first" spec="beast.base.evolution.alignment.Taxon"/>
#                    <lastOccurrence idref="t3_first"/>
#                </stratigraphicRange>
#                <stratigraphicRange id="r45" spec="sr.evolution.sranges.StratigraphicRange">
#                    <firstOccurrence id="t387_first" spec="beast.base.evolution.alignment.Taxon"/>
#                    <lastOccurrence idref="t387_first"/>
#                </stratigraphicRange>
#                <stratigraphicRange id="r46" spec="sr.evolution.sranges.StratigraphicRange">
#                    <firstOccurrence id="t174_first" spec="beast.base.evolution.alignment.Taxon"/>
#                    <lastOccurrence idref="t174_first"/>
#                </stratigraphicRange>
#                <stratigraphicRange id="r47" spec="sr.evolution.sranges.StratigraphicRange">
#                    <firstOccurrence id="t264_first" spec="beast.base.evolution.alignment.Taxon"/>
#                    <lastOccurrence idref="t264_first"/>
#                </stratigraphicRange>
#                <stratigraphicRange id="r48" spec="sr.evolution.sranges.StratigraphicRange">
#                    <firstOccurrence id="t9_first" spec="beast.base.evolution.alignment.Taxon"/>
#                    <lastOccurrence idref="t9_first"/>
#                </stratigraphicRange>
#                <stratigraphicRange id="r49" spec="sr.evolution.sranges.StratigraphicRange">
#                    <firstOccurrence id="t172_first" spec="beast.base.evolution.alignment.Taxon"/>
#                    <lastOccurrence idref="t172_first"/>
#                </stratigraphicRange>
#                <stratigraphicRange id="r50" spec="sr.evolution.sranges.StratigraphicRange">
#                    <firstOccurrence id="t337_first" spec="beast.base.evolution.alignment.Taxon"/>
#                    <lastOccurrence idref="t337_first"/>
#                </stratigraphicRange>
#                <stratigraphicRange id="r51" spec="sr.evolution.sranges.StratigraphicRange">
#                    <firstOccurrence id="t144_first" spec="beast.base.evolution.alignment.Taxon"/>
#                    <lastOccurrence idref="t144_first"/>
#                </stratigraphicRange>
#                <stratigraphicRange id="r52" spec="sr.evolution.sranges.StratigraphicRange">
#                    <firstOccurrence id="t415_first" spec="beast.base.evolution.alignment.Taxon"/>
#                    <lastOccurrence idref="t415_first"/>
#                </stratigraphicRange>
#                <stratigraphicRange id="r53" spec="sr.evolution.sranges.StratigraphicRange">
#                    <firstOccurrence id="t56_first" spec="beast.base.evolution.alignment.Taxon"/>
#                    <lastOccurrence idref="t56_first"/>
#                </stratigraphicRange>
#                <stratigraphicRange id="r54" spec="sr.evolution.sranges.StratigraphicRange">
#                    <firstOccurrence id="t245_first" spec="beast.base.evolution.alignment.Taxon"/>
#                    <lastOccurrence idref="t245_first"/>
#                </stratigraphicRange>
#                <stratigraphicRange id="r55" spec="sr.evolution.sranges.StratigraphicRange">
#                    <firstOccurrence id="t241_first" spec="beast.base.evolution.alignment.Taxon"/>
#                    <lastOccurrence idref="t241_first"/>
#                </stratigraphicRange>
#                <stratigraphicRange id="r56" spec="sr.evolution.sranges.StratigraphicRange">
#                    <firstOccurrence id="t336_first" spec="beast.base.evolution.alignment.Taxon"/>
#                    <lastOccurrence idref="t336_first"/>
#                </stratigraphicRange>
#                <stratigraphicRange id="r57" spec="sr.evolution.sranges.StratigraphicRange">
#                    <firstOccurrence id="t392_first" spec="beast.base.evolution.alignment.Taxon"/>
#                    <lastOccurrence idref="t392_first"/>
#                </stratigraphicRange>
#                <stratigraphicRange id="r58" spec="sr.evolution.sranges.StratigraphicRange">
#                    <firstOccurrence id="t138_first" spec="beast.base.evolution.alignment.Taxon"/>
#                    <lastOccurrence idref="t138_first"/>
#                </stratigraphicRange>
#                <stratigraphicRange id="r59" spec="sr.evolution.sranges.StratigraphicRange">
#                    <firstOccurrence id="t73_first" spec="beast.base.evolution.alignment.Taxon"/>
#                    <lastOccurrence idref="t73_first"/>
#                </stratigraphicRange>
#                <stratigraphicRange id="r60" spec="sr.evolution.sranges.StratigraphicRange">
#                    <firstOccurrence id="t238_first" spec="beast.base.evolution.alignment.Taxon"/>
#                    <lastOccurrence idref="t238_first"/>
#                </stratigraphicRange>
#                <stratigraphicRange id="r61" spec="sr.evolution.sranges.StratigraphicRange">
#                    <firstOccurrence id="t175_first" spec="beast.base.evolution.alignment.Taxon"/>
#                    <lastOccurrence idref="t175_first"/>
#                </stratigraphicRange>
#                <stratigraphicRange id="r62" spec="sr.evolution.sranges.StratigraphicRange">
#                    <firstOccurrence id="t95_first" spec="beast.base.evolution.alignment.Taxon"/>
#                    <lastOccurrence idref="t95_first"/>
#                </stratigraphicRange>
#                <stratigraphicRange id="r63" spec="sr.evolution.sranges.StratigraphicRange">
#                    <firstOccurrence id="t359_first" spec="beast.base.evolution.alignment.Taxon"/>
#                    <lastOccurrence idref="t359_first"/>
#                </stratigraphicRange>
#                <stratigraphicRange id="r64" spec="sr.evolution.sranges.StratigraphicRange">
#                    <firstOccurrence id="t182_first" spec="beast.base.evolution.alignment.Taxon"/>
#                    <lastOccurrence idref="t182_first"/>
#                </stratigraphicRange>
#                <stratigraphicRange id="r65" spec="sr.evolution.sranges.StratigraphicRange">
#                    <firstOccurrence id="t320_first" spec="beast.base.evolution.alignment.Taxon"/>
#                    <lastOccurrence idref="t320_first"/>
#                </stratigraphicRange>
#                <stratigraphicRange id="r66" spec="sr.evolution.sranges.StratigraphicRange">
#                    <firstOccurrence id="t384_first" spec="beast.base.evolution.alignment.Taxon"/>
#                    <lastOccurrence idref="t384_first"/>
#                </stratigraphicRange>
#                <stratigraphicRange id="r67" spec="sr.evolution.sranges.StratigraphicRange">
#                    <firstOccurrence id="t325_first" spec="beast.base.evolution.alignment.Taxon"/>
#                    <lastOccurrence idref="t325_first"/>
#                </stratigraphicRange>
#                <stratigraphicRange id="r68" spec="sr.evolution.sranges.StratigraphicRange">
#                    <firstOccurrence id="t290_first" spec="beast.base.evolution.alignment.Taxon"/>
#                    <lastOccurrence idref="t290_first"/>
#                </stratigraphicRange>
#                <stratigraphicRange id="r69" spec="sr.evolution.sranges.StratigraphicRange">
#                    <firstOccurrence id="t227_first" spec="beast.base.evolution.alignment.Taxon"/>
#                    <lastOccurrence idref="t227_first"/>
#                </stratigraphicRange>
#                <stratigraphicRange id="r70" spec="sr.evolution.sranges.StratigraphicRange">
#                    <firstOccurrence id="t282_first" spec="beast.base.evolution.alignment.Taxon"/>
#                    <lastOccurrence idref="t282_first"/>
#                </stratigraphicRange>
#                <stratigraphicRange id="r71" spec="sr.evolution.sranges.StratigraphicRange">
#                    <firstOccurrence id="t383_first" spec="beast.base.evolution.alignment.Taxon"/>
#                    <lastOccurrence idref="t383_first"/>
#                </stratigraphicRange>
#                <stratigraphicRange id="r72" spec="sr.evolution.sranges.StratigraphicRange">
#                    <firstOccurrence id="t8_first" spec="beast.base.evolution.alignment.Taxon"/>
#                    <lastOccurrence idref="t8_first"/>
#                </stratigraphicRange>
#                <stratigraphicRange id="r73" spec="sr.evolution.sranges.StratigraphicRange">
#                    <firstOccurrence id="t106_first" spec="beast.base.evolution.alignment.Taxon"/>
#                    <lastOccurrence idref="t106_first"/>
#                </stratigraphicRange>
#                <stratigraphicRange id="r74" spec="sr.evolution.sranges.StratigraphicRange">
#                    <firstOccurrence id="t402_first" spec="beast.base.evolution.alignment.Taxon"/>
#                    <lastOccurrence idref="t402_first"/>
#                </stratigraphicRange>
#                <stratigraphicRange id="r75" spec="sr.evolution.sranges.StratigraphicRange">
#                    <firstOccurrence id="t256_first" spec="beast.base.evolution.alignment.Taxon"/>
#                    <lastOccurrence idref="t256_first"/>
#                </stratigraphicRange>
#                <stratigraphicRange id="r76" spec="sr.evolution.sranges.StratigraphicRange">
#                    <firstOccurrence id="t270_first" spec="beast.base.evolution.alignment.Taxon"/>
#                    <lastOccurrence idref="t270_first"/>
#                </stratigraphicRange>
#                <stratigraphicRange id="r77" spec="sr.evolution.sranges.StratigraphicRange">
#                    <firstOccurrence id="t226_first" spec="beast.base.evolution.alignment.Taxon"/>
#                    <lastOccurrence idref="t226_first"/>
#                </stratigraphicRange>
#                <stratigraphicRange id="r78" spec="sr.evolution.sranges.StratigraphicRange">
#                    <firstOccurrence id="t25_first" spec="beast.base.evolution.alignment.Taxon"/>
#                    <lastOccurrence idref="t25_first"/>
#                </stratigraphicRange>
#                <stratigraphicRange id="r79" spec="sr.evolution.sranges.StratigraphicRange">
#                    <firstOccurrence id="t272_first" spec="beast.base.evolution.alignment.Taxon"/>
#                    <lastOccurrence idref="t272_first"/>
#                </stratigraphicRange>
#                <stratigraphicRange id="r80" spec="sr.evolution.sranges.StratigraphicRange">
#                    <firstOccurrence id="t364_first" spec="beast.base.evolution.alignment.Taxon"/>
#                    <lastOccurrence idref="t364_first"/>
#                </stratigraphicRange>
#                <stratigraphicRange id="r81" spec="sr.evolution.sranges.StratigraphicRange">
#                    <firstOccurrence id="t149_first" spec="beast.base.evolution.alignment.Taxon"/>
#                    <lastOccurrence idref="t149_first"/>
#                </stratigraphicRange>
#                <stratigraphicRange id="r82" spec="sr.evolution.sranges.StratigraphicRange">
#                    <firstOccurrence id="t195_first" spec="beast.base.evolution.alignment.Taxon"/>
#                    <lastOccurrence idref="t195_first"/>
#                </stratigraphicRange>
#                <stratigraphicRange id="r83" spec="sr.evolution.sranges.StratigraphicRange">
#                    <firstOccurrence id="t434_first" spec="beast.base.evolution.alignment.Taxon"/>
#                    <lastOccurrence idref="t434_first"/>
#                </stratigraphicRange>
#                <stratigraphicRange id="r84" spec="sr.evolution.sranges.StratigraphicRange">
#                    <firstOccurrence id="t300_first" spec="beast.base.evolution.alignment.Taxon"/>
#                    <lastOccurrence idref="t300_first"/>
#                </stratigraphicRange>
#                <stratigraphicRange id="r85" spec="sr.evolution.sranges.StratigraphicRange">
#                    <firstOccurrence id="t148_first" spec="beast.base.evolution.alignment.Taxon"/>
#                    <lastOccurrence idref="t148_first"/>
#                </stratigraphicRange>
#                <stratigraphicRange id="r86" spec="sr.evolution.sranges.StratigraphicRange">
#                    <firstOccurrence id="t74_first" spec="beast.base.evolution.alignment.Taxon"/>
#                    <lastOccurrence idref="t74_first"/>
#                </stratigraphicRange>
#                <stratigraphicRange id="r87" spec="sr.evolution.sranges.StratigraphicRange">
#                    <firstOccurrence id="t269_first" spec="beast.base.evolution.alignment.Taxon"/>
#                    <lastOccurrence idref="t269_first"/>
#                </stratigraphicRange>
#                <stratigraphicRange id="r88" spec="sr.evolution.sranges.StratigraphicRange">
#                    <firstOccurrence id="t213_first" spec="beast.base.evolution.alignment.Taxon"/>
#                    <lastOccurrence idref="t213_first"/>
#                </stratigraphicRange>
#                <stratigraphicRange id="r89" spec="sr.evolution.sranges.StratigraphicRange">
#                    <firstOccurrence id="t356_first" spec="beast.base.evolution.alignment.Taxon"/>
#                    <lastOccurrence idref="t356_first"/>
#                </stratigraphicRange>
#                <stratigraphicRange id="r90" spec="sr.evolution.sranges.StratigraphicRange">
#                    <firstOccurrence id="t193_first" spec="beast.base.evolution.alignment.Taxon"/>
#                    <lastOccurrence idref="t193_first"/>
#                </stratigraphicRange>
#                <stratigraphicRange id="r91" spec="sr.evolution.sranges.StratigraphicRange">
#                    <firstOccurrence id="t321_first" spec="beast.base.evolution.alignment.Taxon"/>
#                    <lastOccurrence idref="t321_first"/>
#                </stratigraphicRange>
#                <stratigraphicRange id="r92" spec="sr.evolution.sranges.StratigraphicRange">
#                    <firstOccurrence id="t316_first" spec="beast.base.evolution.alignment.Taxon"/>
#                    <lastOccurrence idref="t316_first"/>
#                </stratigraphicRange>
#                <stratigraphicRange id="r93" spec="sr.evolution.sranges.StratigraphicRange">
#                    <firstOccurrence id="t157_first" spec="beast.base.evolution.alignment.Taxon"/>
#                    <lastOccurrence idref="t157_first"/>
#                </stratigraphicRange>
#                <stratigraphicRange id="r94" spec="sr.evolution.sranges.StratigraphicRange">
#                    <firstOccurrence id="t248_first" spec="beast.base.evolution.alignment.Taxon"/>
#                    <lastOccurrence idref="t248_first"/>
#                </stratigraphicRange>
#                <stratigraphicRange id="r95" spec="sr.evolution.sranges.StratigraphicRange">
#                    <firstOccurrence id="t128_first" spec="beast.base.evolution.alignment.Taxon"/>
#                    <lastOccurrence idref="t128_first"/>
#                </stratigraphicRange>
#                <stratigraphicRange id="r96" spec="sr.evolution.sranges.StratigraphicRange">
#                    <firstOccurrence id="t48_first" spec="beast.base.evolution.alignment.Taxon"/>
#                    <lastOccurrence idref="t48_first"/>
#                </stratigraphicRange>
#                <stratigraphicRange id="r97" spec="sr.evolution.sranges.StratigraphicRange">
#                    <firstOccurrence id="t176_first" spec="beast.base.evolution.alignment.Taxon"/>
#                    <lastOccurrence idref="t176_first"/>
#                </stratigraphicRange>
#                <stratigraphicRange id="r98" spec="sr.evolution.sranges.StratigraphicRange">
#                    <firstOccurrence id="t433_first" spec="beast.base.evolution.alignment.Taxon"/>
#                    <lastOccurrence idref="t433_first"/>
#                </stratigraphicRange>
#                <stratigraphicRange id="r99" spec="sr.evolution.sranges.StratigraphicRange">
#                    <firstOccurrence id="t371_first" spec="beast.base.evolution.alignment.Taxon"/>
#                    <lastOccurrence idref="t371_first"/>
#                </stratigraphicRange>
#                <stratigraphicRange id="r100" spec="sr.evolution.sranges.StratigraphicRange">
#                    <firstOccurrence id="t254_first" spec="beast.base.evolution.alignment.Taxon"/>
#                    <lastOccurrence idref="t254_first"/>
#                </stratigraphicRange>
#                <stratigraphicRange id="r101" spec="sr.evolution.sranges.StratigraphicRange">
#                    <firstOccurrence id="t322_first" spec="beast.base.evolution.alignment.Taxon"/>
#                    <lastOccurrence idref="t322_first"/>
#                </stratigraphicRange>
#                <stratigraphicRange id="r102" spec="sr.evolution.sranges.StratigraphicRange">
#                    <firstOccurrence id="t252_first" spec="beast.base.evolution.alignment.Taxon"/>
#                    <lastOccurrence idref="t252_first"/>
#                </stratigraphicRange>
#                <stratigraphicRange id="r103" spec="sr.evolution.sranges.StratigraphicRange">
#                    <firstOccurrence id="t100_first" spec="beast.base.evolution.alignment.Taxon"/>
#                    <lastOccurrence idref="t100_first"/>
#                </stratigraphicRange>
#                <stratigraphicRange id="r104" spec="sr.evolution.sranges.StratigraphicRange">
#                    <firstOccurrence id="t99_first" spec="beast.base.evolution.alignment.Taxon"/>
#                    <lastOccurrence idref="t99_first"/>
#                </stratigraphicRange>
#                <stratigraphicRange id="r105" spec="sr.evolution.sranges.StratigraphicRange">
#                    <firstOccurrence id="t379_first" spec="beast.base.evolution.alignment.Taxon"/>
#                    <lastOccurrence idref="t379_first"/>
#                </stratigraphicRange>
#                <stratigraphicRange id="r106" spec="sr.evolution.sranges.StratigraphicRange">
#                    <firstOccurrence id="t66_first" spec="beast.base.evolution.alignment.Taxon"/>
#                    <lastOccurrence idref="t66_first"/>
#                </stratigraphicRange>
#                <stratigraphicRange id="r107" spec="sr.evolution.sranges.StratigraphicRange">
#                    <firstOccurrence id="t409_first" spec="beast.base.evolution.alignment.Taxon"/>
#                    <lastOccurrence idref="t409_first"/>
#                </stratigraphicRange>
#                <stratigraphicRange id="r108" spec="sr.evolution.sranges.StratigraphicRange">
#                    <firstOccurrence id="t12_first" spec="beast.base.evolution.alignment.Taxon"/>
#                    <lastOccurrence idref="t12_first"/>
#                </stratigraphicRange>
#                <stratigraphicRange id="r109" spec="sr.evolution.sranges.StratigraphicRange">
#                    <firstOccurrence id="t228_first" spec="beast.base.evolution.alignment.Taxon"/>
#                    <lastOccurrence idref="t228_first"/>
#                </stratigraphicRange>
#                <stratigraphicRange id="r110" spec="sr.evolution.sranges.StratigraphicRange">
#                    <firstOccurrence id="t309_first" spec="beast.base.evolution.alignment.Taxon"/>
#                    <lastOccurrence idref="t309_first"/>
#                </stratigraphicRange>
#                <stratigraphicRange id="r111" spec="sr.evolution.sranges.StratigraphicRange">
#                    <firstOccurrence id="t122_first" spec="beast.base.evolution.alignment.Taxon"/>
#                    <lastOccurrence idref="t122_first"/>
#                </stratigraphicRange>
#                <stratigraphicRange id="r112" spec="sr.evolution.sranges.StratigraphicRange">
#                    <firstOccurrence id="t380_first" spec="beast.base.evolution.alignment.Taxon"/>
#                    <lastOccurrence idref="t380_first"/>
#                </stratigraphicRange>
#                <stratigraphicRange id="r113" spec="sr.evolution.sranges.StratigraphicRange">
#                    <firstOccurrence id="t116_first" spec="beast.base.evolution.alignment.Taxon"/>
#                    <lastOccurrence idref="t116_first"/>
#                </stratigraphicRange>
#                <stratigraphicRange id="r114" spec="sr.evolution.sranges.StratigraphicRange">
#                    <firstOccurrence id="t418_first" spec="beast.base.evolution.alignment.Taxon"/>
#                    <lastOccurrence idref="t418_first"/>
#                </stratigraphicRange>
#                <stratigraphicRange id="r115" spec="sr.evolution.sranges.StratigraphicRange">
#                    <firstOccurrence id="t454_first" spec="beast.base.evolution.alignment.Taxon"/>
#                    <lastOccurrence idref="t454_first"/>
#                </stratigraphicRange>
#                <stratigraphicRange id="r116" spec="sr.evolution.sranges.StratigraphicRange">
#                    <firstOccurrence id="t20_first" spec="beast.base.evolution.alignment.Taxon"/>
#                    <lastOccurrence idref="t20_first"/>
#                </stratigraphicRange>
#                <stratigraphicRange id="r117" spec="sr.evolution.sranges.StratigraphicRange">
#                    <firstOccurrence id="t406_first" spec="beast.base.evolution.alignment.Taxon"/>
#                    <lastOccurrence idref="t406_first"/>
#                </stratigraphicRange>
#                <stratigraphicRange id="r118" spec="sr.evolution.sranges.StratigraphicRange">
#                    <firstOccurrence id="t398_first" spec="beast.base.evolution.alignment.Taxon"/>
#                    <lastOccurrence idref="t398_first"/>
#                </stratigraphicRange>
#                <stratigraphicRange id="r119" spec="sr.evolution.sranges.StratigraphicRange">
#                    <firstOccurrence id="t45_first" spec="beast.base.evolution.alignment.Taxon"/>
#                    <lastOccurrence idref="t45_first"/>
#                </stratigraphicRange>
#                <stratigraphicRange id="r120" spec="sr.evolution.sranges.StratigraphicRange">
#                    <firstOccurrence id="t194_first" spec="beast.base.evolution.alignment.Taxon"/>
#                    <lastOccurrence idref="t194_first"/>
#                </stratigraphicRange>
#                <stratigraphicRange id="r121" spec="sr.evolution.sranges.StratigraphicRange">
#                    <firstOccurrence id="t53_first" spec="beast.base.evolution.alignment.Taxon"/>
#                    <lastOccurrence idref="t53_first"/>
#                </stratigraphicRange>
#                <stratigraphicRange id="r122" spec="sr.evolution.sranges.StratigraphicRange">
#                    <firstOccurrence id="t239_first" spec="beast.base.evolution.alignment.Taxon"/>
#                    <lastOccurrence idref="t239_first"/>
#                </stratigraphicRange>
#                <stratigraphicRange id="r123" spec="sr.evolution.sranges.StratigraphicRange">
#                    <firstOccurrence id="t440_first" spec="beast.base.evolution.alignment.Taxon"/>
#                    <lastOccurrence idref="t440_first"/>
#                </stratigraphicRange>
#                <stratigraphicRange id="r124" spec="sr.evolution.sranges.StratigraphicRange">
#                    <firstOccurrence id="t244_first" spec="beast.base.evolution.alignment.Taxon"/>
#                    <lastOccurrence idref="t244_first"/>
#                </stratigraphicRange>
#                <stratigraphicRange id="r125" spec="sr.evolution.sranges.StratigraphicRange">
#                    <firstOccurrence id="t133_first" spec="beast.base.evolution.alignment.Taxon"/>
#                    <lastOccurrence idref="t133_first"/>
#                </stratigraphicRange>
#                <stratigraphicRange id="r126" spec="sr.evolution.sranges.StratigraphicRange">
#                    <firstOccurrence id="t360_first" spec="beast.base.evolution.alignment.Taxon"/>
#                    <lastOccurrence idref="t360_first"/>
#                </stratigraphicRange>
#                <stratigraphicRange id="r127" spec="sr.evolution.sranges.StratigraphicRange">
#                    <firstOccurrence id="t65_first" spec="beast.base.evolution.alignment.Taxon"/>
#                    <lastOccurrence idref="t65_first"/>
#                </stratigraphicRange>
#                <stratigraphicRange id="r128" spec="sr.evolution.sranges.StratigraphicRange">
#                    <firstOccurrence id="t82_first" spec="beast.base.evolution.alignment.Taxon"/>
#                    <lastOccurrence idref="t82_first"/>
#                </stratigraphicRange>
#                <stratigraphicRange id="r129" spec="sr.evolution.sranges.StratigraphicRange">
#                    <firstOccurrence id="t197_first" spec="beast.base.evolution.alignment.Taxon"/>
#                    <lastOccurrence idref="t197_first"/>
#                </stratigraphicRange>
#                <stratigraphicRange id="r130" spec="sr.evolution.sranges.StratigraphicRange">
#                    <firstOccurrence id="t79_first" spec="beast.base.evolution.alignment.Taxon"/>
#                    <lastOccurrence idref="t79_first"/>
#                </stratigraphicRange>
#                <stratigraphicRange id="r131" spec="sr.evolution.sranges.StratigraphicRange">
#                    <firstOccurrence id="t294_first" spec="beast.base.evolution.alignment.Taxon"/>
#                    <lastOccurrence idref="t294_first"/>
#                </stratigraphicRange>
#                <stratigraphicRange id="r132" spec="sr.evolution.sranges.StratigraphicRange">
#                    <firstOccurrence id="t24_first" spec="beast.base.evolution.alignment.Taxon"/>
#                    <lastOccurrence idref="t24_first"/>
#                </stratigraphicRange>
#                <stratigraphicRange id="r133" spec="sr.evolution.sranges.StratigraphicRange">
#                    <firstOccurrence id="t403_first" spec="beast.base.evolution.alignment.Taxon"/>
#                    <lastOccurrence idref="t403_first"/>
#                </stratigraphicRange>
#                <stratigraphicRange id="r134" spec="sr.evolution.sranges.StratigraphicRange">
#                    <firstOccurrence id="t273_first" spec="beast.base.evolution.alignment.Taxon"/>
#                    <lastOccurrence idref="t273_first"/>
#                </stratigraphicRange>
#                <stratigraphicRange id="r135" spec="sr.evolution.sranges.StratigraphicRange">
#                    <firstOccurrence id="t450_first" spec="beast.base.evolution.alignment.Taxon"/>
#                    <lastOccurrence idref="t450_first"/>
#                </stratigraphicRange>
#                <stratigraphicRange id="r136" spec="sr.evolution.sranges.StratigraphicRange">
#                    <firstOccurrence id="t62_first" spec="beast.base.evolution.alignment.Taxon"/>
#                    <lastOccurrence idref="t62_first"/>
#                </stratigraphicRange>
#                <stratigraphicRange id="r137" spec="sr.evolution.sranges.StratigraphicRange">
#                    <firstOccurrence id="t43_first" spec="beast.base.evolution.alignment.Taxon"/>
#                    <lastOccurrence idref="t43_first"/>
#                </stratigraphicRange>
#                <stratigraphicRange id="r138" spec="sr.evolution.sranges.StratigraphicRange">
#                    <firstOccurrence id="t112_first" spec="beast.base.evolution.alignment.Taxon"/>
#                    <lastOccurrence idref="t112_first"/>
#                </stratigraphicRange>
#                <stratigraphicRange id="r139" spec="sr.evolution.sranges.StratigraphicRange">
#                    <firstOccurrence id="t222_first" spec="beast.base.evolution.alignment.Taxon"/>
#                    <lastOccurrence idref="t222_first"/>
#                </stratigraphicRange>
#                <stratigraphicRange id="r140" spec="sr.evolution.sranges.StratigraphicRange">
#                    <firstOccurrence id="t77_first" spec="beast.base.evolution.alignment.Taxon"/>
#                    <lastOccurrence idref="t77_first"/>
#                </stratigraphicRange>
#                <stratigraphicRange id="r141" spec="sr.evolution.sranges.StratigraphicRange">
#                    <firstOccurrence id="t378_first" spec="beast.base.evolution.alignment.Taxon"/>
#                    <lastOccurrence idref="t378_first"/>
#                </stratigraphicRange>
#                <stratigraphicRange id="r142" spec="sr.evolution.sranges.StratigraphicRange">
#                    <firstOccurrence id="t105_first" spec="beast.base.evolution.alignment.Taxon"/>
#                    <lastOccurrence idref="t105_first"/>
#                </stratigraphicRange>
#                <stratigraphicRange id="r143" spec="sr.evolution.sranges.StratigraphicRange">
#                    <firstOccurrence id="t327_first" spec="beast.base.evolution.alignment.Taxon"/>
#                    <lastOccurrence idref="t327_first"/>
#                </stratigraphicRange>
#                <stratigraphicRange id="r144" spec="sr.evolution.sranges.StratigraphicRange">
#                    <firstOccurrence id="t377_first" spec="beast.base.evolution.alignment.Taxon"/>
#                    <lastOccurrence idref="t377_first"/>
#                </stratigraphicRange>
#                <stratigraphicRange id="r145" spec="sr.evolution.sranges.StratigraphicRange">
#                    <firstOccurrence id="t124_first" spec="beast.base.evolution.alignment.Taxon"/>
#                    <lastOccurrence idref="t124_first"/>
#                </stratigraphicRange>
#                <stratigraphicRange id="r146" spec="sr.evolution.sranges.StratigraphicRange">
#                    <firstOccurrence id="t177_first" spec="beast.base.evolution.alignment.Taxon"/>
#                    <lastOccurrence idref="t177_first"/>
#                </stratigraphicRange>
#                <stratigraphicRange id="r147" spec="sr.evolution.sranges.StratigraphicRange">
#                    <firstOccurrence id="t279_first" spec="beast.base.evolution.alignment.Taxon"/>
#                    <lastOccurrence idref="t279_first"/>
#                </stratigraphicRange>
#                <stratigraphicRange id="r148" spec="sr.evolution.sranges.StratigraphicRange">
#                    <firstOccurrence id="t394_first" spec="beast.base.evolution.alignment.Taxon"/>
#                    <lastOccurrence idref="t394_first"/>
#                </stratigraphicRange>
#                <stratigraphicRange id="r149" spec="sr.evolution.sranges.StratigraphicRange">
#                    <firstOccurrence id="t274_first" spec="beast.base.evolution.alignment.Taxon"/>
#                    <lastOccurrence idref="t274_first"/>
#                </stratigraphicRange>
#                <stratigraphicRange id="r150" spec="sr.evolution.sranges.StratigraphicRange">
#                    <firstOccurrence id="t275_first" spec="beast.base.evolution.alignment.Taxon"/>
#                    <lastOccurrence idref="t275_first"/>
#                </stratigraphicRange>
#                <stratigraphicRange id="r151" spec="sr.evolution.sranges.StratigraphicRange">
#                    <firstOccurrence id="t16_first" spec="beast.base.evolution.alignment.Taxon"/>
#                    <lastOccurrence idref="t16_first"/>
#                </stratigraphicRange>
#                <stratigraphicRange id="r152" spec="sr.evolution.sranges.StratigraphicRange">
#                    <firstOccurrence id="t154_first" spec="beast.base.evolution.alignment.Taxon"/>
#                    <lastOccurrence idref="t154_first"/>
#                </stratigraphicRange>
#                <stratigraphicRange id="r153" spec="sr.evolution.sranges.StratigraphicRange">
#                    <firstOccurrence id="t249_first" spec="beast.base.evolution.alignment.Taxon"/>
#                    <lastOccurrence idref="t249_first"/>
#                </stratigraphicRange>
#                <stratigraphicRange id="r154" spec="sr.evolution.sranges.StratigraphicRange">
#                    <firstOccurrence id="t189_first" spec="beast.base.evolution.alignment.Taxon"/>
#                    <lastOccurrence idref="t189_first"/>
#                </stratigraphicRange>
#                <stratigraphicRange id="r155" spec="sr.evolution.sranges.StratigraphicRange">
#                    <firstOccurrence id="t137_first" spec="beast.base.evolution.alignment.Taxon"/>
#                    <lastOccurrence idref="t137_first"/>
#                </stratigraphicRange>
#                <stratigraphicRange id="r156" spec="sr.evolution.sranges.StratigraphicRange">
#                    <firstOccurrence id="t242_first" spec="beast.base.evolution.alignment.Taxon"/>
#                    <lastOccurrence idref="t242_first"/>
#                </stratigraphicRange>
#                <stratigraphicRange id="r157" spec="sr.evolution.sranges.StratigraphicRange">
#                    <firstOccurrence id="t96_first" spec="beast.base.evolution.alignment.Taxon"/>
#                    <lastOccurrence idref="t96_first"/>
#                </stratigraphicRange>
#                <stratigraphicRange id="r158" spec="sr.evolution.sranges.StratigraphicRange">
#                    <firstOccurrence id="t70_first" spec="beast.base.evolution.alignment.Taxon"/>
#                    <lastOccurrence idref="t70_first"/>
#                </stratigraphicRange>
#                <stratigraphicRange id="r159" spec="sr.evolution.sranges.StratigraphicRange">
#                    <firstOccurrence id="t212_first" spec="beast.base.evolution.alignment.Taxon"/>
#                    <lastOccurrence idref="t212_first"/>
#                </stratigraphicRange>
#                <stratigraphicRange id="r160" spec="sr.evolution.sranges.StratigraphicRange">
#                    <firstOccurrence id="t340_first" spec="beast.base.evolution.alignment.Taxon"/>
#                    <lastOccurrence idref="t340_first"/>
#                </stratigraphicRange>
#                <stratigraphicRange id="r161" spec="sr.evolution.sranges.StratigraphicRange">
#                    <firstOccurrence id="t219_first" spec="beast.base.evolution.alignment.Taxon"/>
#                    <lastOccurrence idref="t219_first"/>
#                </stratigraphicRange>
#                <stratigraphicRange id="r162" spec="sr.evolution.sranges.StratigraphicRange">
#                    <firstOccurrence id="t365_first" spec="beast.base.evolution.alignment.Taxon"/>
#                    <lastOccurrence idref="t365_first"/>
#                </stratigraphicRange>
#                <stratigraphicRange id="r163" spec="sr.evolution.sranges.StratigraphicRange">
#                    <firstOccurrence id="t313_first" spec="beast.base.evolution.alignment.Taxon"/>
#                    <lastOccurrence idref="t313_first"/>
#                </stratigraphicRange>
#                <stratigraphicRange id="r164" spec="sr.evolution.sranges.StratigraphicRange">
#                    <firstOccurrence id="t151_first" spec="beast.base.evolution.alignment.Taxon"/>
#                    <lastOccurrence idref="t151_first"/>
#                </stratigraphicRange>
#                <stratigraphicRange id="r165" spec="sr.evolution.sranges.StratigraphicRange">
#                    <firstOccurrence id="t260_first" spec="beast.base.evolution.alignment.Taxon"/>
#                    <lastOccurrence idref="t260_first"/>
#                </stratigraphicRange>
#                <stratigraphicRange id="r166" spec="sr.evolution.sranges.StratigraphicRange">
#                    <firstOccurrence id="t92_first" spec="beast.base.evolution.alignment.Taxon"/>
#                    <lastOccurrence idref="t92_first"/>
#                </stratigraphicRange>
#                <stratigraphicRange id="r167" spec="sr.evolution.sranges.StratigraphicRange">
#                    <firstOccurrence id="t343_first" spec="beast.base.evolution.alignment.Taxon"/>
#                    <lastOccurrence idref="t343_first"/>
#                </stratigraphicRange>
#                <stratigraphicRange id="r168" spec="sr.evolution.sranges.StratigraphicRange">
#                    <firstOccurrence id="t215_first" spec="beast.base.evolution.alignment.Taxon"/>
#                    <lastOccurrence idref="t215_first"/>
#                </stratigraphicRange>
#                <stratigraphicRange id="r169" spec="sr.evolution.sranges.StratigraphicRange">
#                    <firstOccurrence id="t183_first" spec="beast.base.evolution.alignment.Taxon"/>
#                    <lastOccurrence idref="t183_first"/>
#                </stratigraphicRange>
#                <stratigraphicRange id="r170" spec="sr.evolution.sranges.StratigraphicRange">
#                    <firstOccurrence id="t437_first" spec="beast.base.evolution.alignment.Taxon"/>
#                    <lastOccurrence idref="t437_first"/>
#                </stratigraphicRange>
#                <stratigraphicRange id="r171" spec="sr.evolution.sranges.StratigraphicRange">
#                    <firstOccurrence id="t14_first" spec="beast.base.evolution.alignment.Taxon"/>
#                    <lastOccurrence idref="t14_first"/>
#                </stratigraphicRange>
#                <stratigraphicRange id="r172" spec="sr.evolution.sranges.StratigraphicRange">
#                    <firstOccurrence id="t410_first" spec="beast.base.evolution.alignment.Taxon"/>
#                    <lastOccurrence idref="t410_first"/>
#                </stratigraphicRange>
#                <stratigraphicRange id="r173" spec="sr.evolution.sranges.StratigraphicRange">
#                    <firstOccurrence id="t31_first" spec="beast.base.evolution.alignment.Taxon"/>
#                    <lastOccurrence idref="t31_first"/>
#                </stratigraphicRange>
#                <stratigraphicRange id="r174" spec="sr.evolution.sranges.StratigraphicRange">
#                    <firstOccurrence id="t2_first" spec="beast.base.evolution.alignment.Taxon"/>
#                    <lastOccurrence idref="t2_first"/>
#                </stratigraphicRange>
#                <stratigraphicRange id="r175" spec="sr.evolution.sranges.StratigraphicRange">
#                    <firstOccurrence id="t381_first" spec="beast.base.evolution.alignment.Taxon"/>
#                    <lastOccurrence idref="t381_first"/>
#                </stratigraphicRange>
#                <stratigraphicRange id="r176" spec="sr.evolution.sranges.StratigraphicRange">
#                    <firstOccurrence id="t120_first" spec="beast.base.evolution.alignment.Taxon"/>
#                    <lastOccurrence idref="t120_first"/>
#                </stratigraphicRange>
#                <stratigraphicRange id="r177" spec="sr.evolution.sranges.StratigraphicRange">
#                    <firstOccurrence id="t113_first" spec="beast.base.evolution.alignment.Taxon"/>
#                    <lastOccurrence idref="t113_first"/>
#                </stratigraphicRange>
#                <stratigraphicRange id="r178" spec="sr.evolution.sranges.StratigraphicRange">
#                    <firstOccurrence id="t89_first" spec="beast.base.evolution.alignment.Taxon"/>
#                    <lastOccurrence idref="t89_first"/>
#                </stratigraphicRange>
#                <stratigraphicRange id="r179" spec="sr.evolution.sranges.StratigraphicRange">
#                    <firstOccurrence id="t447_first" spec="beast.base.evolution.alignment.Taxon"/>
#                    <lastOccurrence idref="t447_first"/>
#                </stratigraphicRange>
#                <stratigraphicRange id="r180" spec="sr.evolution.sranges.StratigraphicRange">
#                    <firstOccurrence id="t171_first" spec="beast.base.evolution.alignment.Taxon"/>
#                    <lastOccurrence idref="t171_first"/>
#                </stratigraphicRange>
#                <stratigraphicRange id="r181" spec="sr.evolution.sranges.StratigraphicRange">
#                    <firstOccurrence id="t421_first" spec="beast.base.evolution.alignment.Taxon"/>
#                    <lastOccurrence idref="t421_first"/>
#                </stratigraphicRange>
#                <stratigraphicRange id="r182" spec="sr.evolution.sranges.StratigraphicRange">
#                    <firstOccurrence id="t389_first" spec="beast.base.evolution.alignment.Taxon"/>
#                    <lastOccurrence idref="t389_first"/>
#                </stratigraphicRange>
#                <stratigraphicRange id="r183" spec="sr.evolution.sranges.StratigraphicRange">
#                    <firstOccurrence id="t223_first" spec="beast.base.evolution.alignment.Taxon"/>
#                    <lastOccurrence idref="t223_first"/>
#                </stratigraphicRange>
#                <stratigraphicRange id="r184" spec="sr.evolution.sranges.StratigraphicRange">
#                    <firstOccurrence id="t350_first" spec="beast.base.evolution.alignment.Taxon"/>
#                    <lastOccurrence idref="t350_first"/>
#                </stratigraphicRange>
#                <stratigraphicRange id="r185" spec="sr.evolution.sranges.StratigraphicRange">
#                    <firstOccurrence id="t386_first" spec="beast.base.evolution.alignment.Taxon"/>
#                    <lastOccurrence idref="t386_first"/>
#                </stratigraphicRange>
#                <stratigraphicRange id="r186" spec="sr.evolution.sranges.StratigraphicRange">
#                    <firstOccurrence id="t348_first" spec="beast.base.evolution.alignment.Taxon"/>
#                    <lastOccurrence idref="t348_first"/>
#                </stratigraphicRange>
#                <stratigraphicRange id="r187" spec="sr.evolution.sranges.StratigraphicRange">
#                    <firstOccurrence id="t179_first" spec="beast.base.evolution.alignment.Taxon"/>
#                    <lastOccurrence idref="t179_first"/>
#                </stratigraphicRange>
#                <stratigraphicRange id="r188" spec="sr.evolution.sranges.StratigraphicRange">
#                    <firstOccurrence id="t192_first" spec="beast.base.evolution.alignment.Taxon"/>
#                    <lastOccurrence idref="t192_first"/>
#                </stratigraphicRange>
#                <stratigraphicRange id="r189" spec="sr.evolution.sranges.StratigraphicRange">
#                    <firstOccurrence id="t246_first" spec="beast.base.evolution.alignment.Taxon"/>
#                    <lastOccurrence idref="t246_first"/>
#                </stratigraphicRange>
#                <stratigraphicRange id="r190" spec="sr.evolution.sranges.StratigraphicRange">
#                    <firstOccurrence id="t425_first" spec="beast.base.evolution.alignment.Taxon"/>
#                    <lastOccurrence idref="t425_first"/>
#                </stratigraphicRange>
#                <stratigraphicRange id="r191" spec="sr.evolution.sranges.StratigraphicRange">
#                    <firstOccurrence id="t49_first" spec="beast.base.evolution.alignment.Taxon"/>
#                    <lastOccurrence idref="t49_first"/>
#                </stratigraphicRange>
#                <stratigraphicRange id="r192" spec="sr.evolution.sranges.StratigraphicRange">
#                    <firstOccurrence id="t298_first" spec="beast.base.evolution.alignment.Taxon"/>
#                    <lastOccurrence idref="t298_first"/>
#                </stratigraphicRange>
#                <stratigraphicRange id="r193" spec="sr.evolution.sranges.StratigraphicRange">
#                    <firstOccurrence id="t145_first" spec="beast.base.evolution.alignment.Taxon"/>
#                    <lastOccurrence idref="t145_first"/>
#                </stratigraphicRange>
#                <stratigraphicRange id="r194" spec="sr.evolution.sranges.StratigraphicRange">
#                    <firstOccurrence id="t217_first" spec="beast.base.evolution.alignment.Taxon"/>
#                    <lastOccurrence idref="t217_first"/>
#                </stratigraphicRange>
#                <stratigraphicRange id="r195" spec="sr.evolution.sranges.StratigraphicRange">
#                    <firstOccurrence id="t345_first" spec="beast.base.evolution.alignment.Taxon"/>
#                    <lastOccurrence idref="t345_first"/>
#                </stratigraphicRange>
#                <stratigraphicRange id="r196" spec="sr.evolution.sranges.StratigraphicRange">
#                    <firstOccurrence id="t72_first" spec="beast.base.evolution.alignment.Taxon"/>
#                    <lastOccurrence idref="t72_first"/>
#                </stratigraphicRange>
#                <stratigraphicRange id="r197" spec="sr.evolution.sranges.StratigraphicRange">
#                    <firstOccurrence id="t64_first" spec="beast.base.evolution.alignment.Taxon"/>
#                    <lastOccurrence idref="t64_first"/>
#                </stratigraphicRange>
#                <stratigraphicRange id="r198" spec="sr.evolution.sranges.StratigraphicRange">
#                    <firstOccurrence id="t251_first" spec="beast.base.evolution.alignment.Taxon"/>
#                    <lastOccurrence idref="t251_first"/>
#                </stratigraphicRange>
#                <stratigraphicRange id="r199" spec="sr.evolution.sranges.StratigraphicRange">
#                    <firstOccurrence id="t323_first" spec="beast.base.evolution.alignment.Taxon"/>
#                    <lastOccurrence idref="t323_first"/>
#                </stratigraphicRange>
#                <stratigraphicRange id="r200" spec="sr.evolution.sranges.StratigraphicRange">
#                    <firstOccurrence id="t202_first" spec="beast.base.evolution.alignment.Taxon"/>
#                    <lastOccurrence idref="t202_first"/>
#                </stratigraphicRange>
#                <stratigraphicRange id="r201" spec="sr.evolution.sranges.StratigraphicRange">
#                    <firstOccurrence id="t342_first" spec="beast.base.evolution.alignment.Taxon"/>
#                    <lastOccurrence idref="t342_first"/>
#                </stratigraphicRange>
#                <stratigraphicRange id="r202" spec="sr.evolution.sranges.StratigraphicRange">
#                    <firstOccurrence id="t333_first" spec="beast.base.evolution.alignment.Taxon"/>
#                    <lastOccurrence idref="t333_first"/>
#                </stratigraphicRange>
#                <stratigraphicRange id="r203" spec="sr.evolution.sranges.StratigraphicRange">
#                    <firstOccurrence id="t104_first" spec="beast.base.evolution.alignment.Taxon"/>
#                    <lastOccurrence idref="t104_first"/>
#                </stratigraphicRange>
#                <stratigraphicRange id="r204" spec="sr.evolution.sranges.StratigraphicRange">
#                    <firstOccurrence id="t262_first" spec="beast.base.evolution.alignment.Taxon"/>
#                    <lastOccurrence idref="t262_first"/>
#                </stratigraphicRange>
#                <stratigraphicRange id="r205" spec="sr.evolution.sranges.StratigraphicRange">
#                    <firstOccurrence id="t352_first" spec="beast.base.evolution.alignment.Taxon"/>
#                    <lastOccurrence idref="t352_first"/>
#                </stratigraphicRange>
#                <stratigraphicRange id="r206" spec="sr.evolution.sranges.StratigraphicRange">
#                    <firstOccurrence id="t129_first" spec="beast.base.evolution.alignment.Taxon"/>
#                    <lastOccurrence idref="t129_first"/>
#                </stratigraphicRange>
#                <stratigraphicRange id="r207" spec="sr.evolution.sranges.StratigraphicRange">
#                    <firstOccurrence id="t422_first" spec="beast.base.evolution.alignment.Taxon"/>
#                    <lastOccurrence idref="t422_first"/>
#                </stratigraphicRange>
#                <stratigraphicRange id="r208" spec="sr.evolution.sranges.StratigraphicRange">
#                    <firstOccurrence id="t52_first" spec="beast.base.evolution.alignment.Taxon"/>
#                    <lastOccurrence idref="t52_first"/>
#                </stratigraphicRange>
#                <stratigraphicRange id="r209" spec="sr.evolution.sranges.StratigraphicRange">
#                    <firstOccurrence id="t81_first" spec="beast.base.evolution.alignment.Taxon"/>
#                    <lastOccurrence idref="t81_first"/>
#                </stratigraphicRange>
#                <stratigraphicRange id="r210" spec="sr.evolution.sranges.StratigraphicRange">
#                    <firstOccurrence id="t295_first" spec="beast.base.evolution.alignment.Taxon"/>
#                    <lastOccurrence idref="t295_first"/>
#                </stratigraphicRange>
#                <stratigraphicRange id="r211" spec="sr.evolution.sranges.StratigraphicRange">
#                    <firstOccurrence id="t373_first" spec="beast.base.evolution.alignment.Taxon"/>
#                    <lastOccurrence idref="t373_first"/>
#                </stratigraphicRange>
#                <stratigraphicRange id="r212" spec="sr.evolution.sranges.StratigraphicRange">
#                    <firstOccurrence id="t90_first" spec="beast.base.evolution.alignment.Taxon"/>
#                    <lastOccurrence idref="t90_first"/>
#                </stratigraphicRange>
#                <stratigraphicRange id="r213" spec="sr.evolution.sranges.StratigraphicRange">
#                    <firstOccurrence id="t51_first" spec="beast.base.evolution.alignment.Taxon"/>
#                    <lastOccurrence idref="t51_first"/>
#                </stratigraphicRange>
#                <stratigraphicRange id="r214" spec="sr.evolution.sranges.StratigraphicRange">
#                    <firstOccurrence id="t198_first" spec="beast.base.evolution.alignment.Taxon"/>
#                    <lastOccurrence idref="t198_first"/>
#                </stratigraphicRange>
#                <stratigraphicRange id="r215" spec="sr.evolution.sranges.StratigraphicRange">
#                    <firstOccurrence id="t190_first" spec="beast.base.evolution.alignment.Taxon"/>
#                    <lastOccurrence idref="t190_first"/>
#                </stratigraphicRange>
#                <stratigraphicRange id="r216" spec="sr.evolution.sranges.StratigraphicRange">
#                    <firstOccurrence id="t446_first" spec="beast.base.evolution.alignment.Taxon"/>
#                    <lastOccurrence idref="t446_first"/>
#                </stratigraphicRange>
#                <stratigraphicRange id="r217" spec="sr.evolution.sranges.StratigraphicRange">
#                    <firstOccurrence id="t103_first" spec="beast.base.evolution.alignment.Taxon"/>
#                    <lastOccurrence idref="t103_first"/>
#                </stratigraphicRange>
#                <stratigraphicRange id="r218" spec="sr.evolution.sranges.StratigraphicRange">
#                    <firstOccurrence id="t347_first" spec="beast.base.evolution.alignment.Taxon"/>
#                    <lastOccurrence idref="t347_first"/>
#                </stratigraphicRange>
#                <stratigraphicRange id="r219" spec="sr.evolution.sranges.StratigraphicRange">
#                    <firstOccurrence id="t188_first" spec="beast.base.evolution.alignment.Taxon"/>
#                    <lastOccurrence idref="t188_first"/>
#                </stratigraphicRange>
#                <stratigraphicRange id="r220" spec="sr.evolution.sranges.StratigraphicRange">
#                    <firstOccurrence id="t268_first" spec="beast.base.evolution.alignment.Taxon"/>
#                    <lastOccurrence idref="t268_first"/>
#                </stratigraphicRange>
#                <stratigraphicRange id="r221" spec="sr.evolution.sranges.StratigraphicRange">
#                    <firstOccurrence id="t393_first" spec="beast.base.evolution.alignment.Taxon"/>
#                    <lastOccurrence idref="t393_first"/>
#                </stratigraphicRange>
#                <stratigraphicRange id="r222" spec="sr.evolution.sranges.StratigraphicRange">
#                    <firstOccurrence id="t44_first" spec="beast.base.evolution.alignment.Taxon"/>
#                    <lastOccurrence idref="t44_first"/>
#                </stratigraphicRange>
#                <stratigraphicRange id="r223" spec="sr.evolution.sranges.StratigraphicRange">
#                    <firstOccurrence id="t132_first" spec="beast.base.evolution.alignment.Taxon"/>
#                    <lastOccurrence idref="t132_first"/>
#                </stratigraphicRange>
#                <stratigraphicRange id="r224" spec="sr.evolution.sranges.StratigraphicRange">
#                    <firstOccurrence id="t1_first" spec="beast.base.evolution.alignment.Taxon"/>
#                    <lastOccurrence idref="t1_first"/>
#                </stratigraphicRange>
#                <stratigraphicRange id="r225" spec="sr.evolution.sranges.StratigraphicRange">
#                    <firstOccurrence id="t220_first" spec="beast.base.evolution.alignment.Taxon"/>
#                    <lastOccurrence idref="t220_first"/>
#                </stratigraphicRange>
#                <stratigraphicRange id="r226" spec="sr.evolution.sranges.StratigraphicRange">
#                    <firstOccurrence id="t326_first" spec="beast.base.evolution.alignment.Taxon"/>
#                    <lastOccurrence idref="t326_first"/>
#                </stratigraphicRange>
#                <stratigraphicRange id="r227" spec="sr.evolution.sranges.StratigraphicRange">
#                    <firstOccurrence id="t319_first" spec="beast.base.evolution.alignment.Taxon"/>
#                    <lastOccurrence idref="t319_first"/>
#                </stratigraphicRange>
#                <stratigraphicRange id="r228" spec="sr.evolution.sranges.StratigraphicRange">
#                    <firstOccurrence id="t15_first" spec="beast.base.evolution.alignment.Taxon"/>
#                    <lastOccurrence idref="t15_first"/>
#                </stratigraphicRange>
#                <stratigraphicRange id="r229" spec="sr.evolution.sranges.StratigraphicRange">
#                    <firstOccurrence id="t84_first" spec="beast.base.evolution.alignment.Taxon"/>
#                    <lastOccurrence idref="t84_first"/>
#                </stratigraphicRange>
#                <stratigraphicRange id="r230" spec="sr.evolution.sranges.StratigraphicRange">
#                    <firstOccurrence id="t60_first" spec="beast.base.evolution.alignment.Taxon"/>
#                    <lastOccurrence idref="t60_first"/>
#                </stratigraphicRange>
#                <stratigraphicRange id="r231" spec="sr.evolution.sranges.StratigraphicRange">
#                    <firstOccurrence id="t237_first" spec="beast.base.evolution.alignment.Taxon"/>
#                    <lastOccurrence idref="t237_first"/>
#                </stratigraphicRange>
#                <stratigraphicRange id="r232" spec="sr.evolution.sranges.StratigraphicRange">
#                    <firstOccurrence id="t432_first" spec="beast.base.evolution.alignment.Taxon"/>
#                    <lastOccurrence idref="t432_first"/>
#                </stratigraphicRange>
#                <stratigraphicRange id="r233" spec="sr.evolution.sranges.StratigraphicRange">
#                    <firstOccurrence id="t83_first" spec="beast.base.evolution.alignment.Taxon"/>
#                    <lastOccurrence idref="t83_first"/>
#                </stratigraphicRange>
#                <stratigraphicRange id="r234" spec="sr.evolution.sranges.StratigraphicRange">
#                    <firstOccurrence id="t306_first" spec="beast.base.evolution.alignment.Taxon"/>
#                    <lastOccurrence idref="t306_first"/>
#                </stratigraphicRange>
#                <stratigraphicRange id="r235" spec="sr.evolution.sranges.StratigraphicRange">
#                    <firstOccurrence id="t439_first" spec="beast.base.evolution.alignment.Taxon"/>
#                    <lastOccurrence idref="t439_first"/>
#                </stratigraphicRange>
#                <stratigraphicRange id="r236" spec="sr.evolution.sranges.StratigraphicRange">
#                    <firstOccurrence id="t85_first" spec="beast.base.evolution.alignment.Taxon"/>
#                    <lastOccurrence idref="t85_first"/>
#                </stratigraphicRange>
#                <stratigraphicRange id="r237" spec="sr.evolution.sranges.StratigraphicRange">
#                    <firstOccurrence id="t369_first" spec="beast.base.evolution.alignment.Taxon"/>
#                    <lastOccurrence idref="t369_first"/>
#                </stratigraphicRange>
#                <stratigraphicRange id="r238" spec="sr.evolution.sranges.StratigraphicRange">
#                    <firstOccurrence id="t59_first" spec="beast.base.evolution.alignment.Taxon"/>
#                    <lastOccurrence idref="t59_first"/>
#                </stratigraphicRange>
#                <stratigraphicRange id="r239" spec="sr.evolution.sranges.StratigraphicRange">
#                    <firstOccurrence id="t216_first" spec="beast.base.evolution.alignment.Taxon"/>
#                    <lastOccurrence idref="t216_first"/>
#                </stratigraphicRange>
#                <stratigraphicRange id="r240" spec="sr.evolution.sranges.StratigraphicRange">
#                    <firstOccurrence id="t235_first" spec="beast.base.evolution.alignment.Taxon"/>
#                    <lastOccurrence idref="t235_first"/>
#                </stratigraphicRange>
#                <stratigraphicRange id="r241" spec="sr.evolution.sranges.StratigraphicRange">
#                    <firstOccurrence id="t86_first" spec="beast.base.evolution.alignment.Taxon"/>
#                    <lastOccurrence idref="t86_first"/>
#                </stratigraphicRange>
#                <stratigraphicRange id="r242" spec="sr.evolution.sranges.StratigraphicRange">
#                    <firstOccurrence id="t69_first" spec="beast.base.evolution.alignment.Taxon"/>
#                    <lastOccurrence idref="t69_first"/>
#                </stratigraphicRange>
#                <stratigraphicRange id="r243" spec="sr.evolution.sranges.StratigraphicRange">
#                    <firstOccurrence id="t102_first" spec="beast.base.evolution.alignment.Taxon"/>
#                    <lastOccurrence idref="t102_first"/>
#                </stratigraphicRange>
#                <stratigraphicRange id="r244" spec="sr.evolution.sranges.StratigraphicRange">
#                    <firstOccurrence id="t296_first" spec="beast.base.evolution.alignment.Taxon"/>
#                    <lastOccurrence idref="t296_first"/>
#                </stratigraphicRange>
#                <stratigraphicRange id="r245" spec="sr.evolution.sranges.StratigraphicRange">
#                    <firstOccurrence id="t191_first" spec="beast.base.evolution.alignment.Taxon"/>
#                    <lastOccurrence idref="t191_first"/>
#                </stratigraphicRange>
#                <stratigraphicRange id="r246" spec="sr.evolution.sranges.StratigraphicRange">
#                    <firstOccurrence id="t63_first" spec="beast.base.evolution.alignment.Taxon"/>
#                    <lastOccurrence idref="t63_first"/>
#                </stratigraphicRange>
#                <stratigraphicRange id="r247" spec="sr.evolution.sranges.StratigraphicRange">
#                    <firstOccurrence id="t299_first" spec="beast.base.evolution.alignment.Taxon"/>
#                    <lastOccurrence idref="t299_first"/>
#                </stratigraphicRange>
#                <stratigraphicRange id="r248" spec="sr.evolution.sranges.StratigraphicRange">
#                    <firstOccurrence id="t442_first" spec="beast.base.evolution.alignment.Taxon"/>
#                    <lastOccurrence idref="t442_first"/>
#                </stratigraphicRange>
#                <stratigraphicRange id="r249" spec="sr.evolution.sranges.StratigraphicRange">
#                    <firstOccurrence id="t304_first" spec="beast.base.evolution.alignment.Taxon"/>
#                    <lastOccurrence idref="t304_first"/>
#                </stratigraphicRange>
#                <stratigraphicRange id="r250" spec="sr.evolution.sranges.StratigraphicRange">
#                    <firstOccurrence id="t155_first" spec="beast.base.evolution.alignment.Taxon"/>
#                    <lastOccurrence idref="t155_first"/>
#                </stratigraphicRange>
#                <stratigraphicRange id="r251" spec="sr.evolution.sranges.StratigraphicRange">
#                    <firstOccurrence id="t229_first" spec="beast.base.evolution.alignment.Taxon"/>
#                    <lastOccurrence idref="t229_first"/>
#                </stratigraphicRange>
#                <stratigraphicRange id="r252" spec="sr.evolution.sranges.StratigraphicRange">
#                    <firstOccurrence id="t160_first" spec="beast.base.evolution.alignment.Taxon"/>
#                    <lastOccurrence idref="t160_first"/>
#                </stratigraphicRange>
#                <stratigraphicRange id="r253" spec="sr.evolution.sranges.StratigraphicRange">
#                    <firstOccurrence id="t211_first" spec="beast.base.evolution.alignment.Taxon"/>
#                    <lastOccurrence idref="t211_first"/>
#                </stratigraphicRange>
#                <stratigraphicRange id="r254" spec="sr.evolution.sranges.StratigraphicRange">
#                    <firstOccurrence id="t35_first" spec="beast.base.evolution.alignment.Taxon"/>
#                    <lastOccurrence idref="t35_first"/>
#                </stratigraphicRange>
#                <stratigraphicRange id="r255" spec="sr.evolution.sranges.StratigraphicRange">
#                    <firstOccurrence id="t93_first" spec="beast.base.evolution.alignment.Taxon"/>
#                    <lastOccurrence idref="t93_first"/>
#                </stratigraphicRange>
#                <stratigraphicRange id="r256" spec="sr.evolution.sranges.StratigraphicRange">
#                    <firstOccurrence id="t58_first" spec="beast.base.evolution.alignment.Taxon"/>
#                    <lastOccurrence idref="t58_first"/>
#                </stratigraphicRange>
#                <stratigraphicRange id="r257" spec="sr.evolution.sranges.StratigraphicRange">
#                    <firstOccurrence id="t431_first" spec="beast.base.evolution.alignment.Taxon"/>
#                    <lastOccurrence idref="t431_first"/>
#                </stratigraphicRange>
#                <stratigraphicRange id="r258" spec="sr.evolution.sranges.StratigraphicRange">
#                    <firstOccurrence id="t287_first" spec="beast.base.evolution.alignment.Taxon"/>
#                    <lastOccurrence idref="t287_first"/>
#                </stratigraphicRange>
#                <stratigraphicRange id="r259" spec="sr.evolution.sranges.StratigraphicRange">
#                    <firstOccurrence id="t204_first" spec="beast.base.evolution.alignment.Taxon"/>
#                    <lastOccurrence idref="t204_first"/>
#                </stratigraphicRange>
#                <stratigraphicRange id="r260" spec="sr.evolution.sranges.StratigraphicRange">
#                    <firstOccurrence id="t361_first" spec="beast.base.evolution.alignment.Taxon"/>
#                    <lastOccurrence idref="t361_first"/>
#                </stratigraphicRange>
#                <stratigraphicRange id="r261" spec="sr.evolution.sranges.StratigraphicRange">
#                    <firstOccurrence id="t315_first" spec="beast.base.evolution.alignment.Taxon"/>
#                    <lastOccurrence idref="t315_first"/>
#                </stratigraphicRange>
#                <stratigraphicRange id="r262" spec="sr.evolution.sranges.StratigraphicRange">
#                    <firstOccurrence id="t370_first" spec="beast.base.evolution.alignment.Taxon"/>
#                    <lastOccurrence idref="t370_first"/>
#                </stratigraphicRange>
#                <stratigraphicRange id="r263" spec="sr.evolution.sranges.StratigraphicRange">
#                    <firstOccurrence id="t232_first" spec="beast.base.evolution.alignment.Taxon"/>
#                    <lastOccurrence idref="t232_first"/>
#                </stratigraphicRange>
#                <stratigraphicRange id="r264" spec="sr.evolution.sranges.StratigraphicRange">
#                    <firstOccurrence id="t405_first" spec="beast.base.evolution.alignment.Taxon"/>
#                    <lastOccurrence idref="t405_first"/>
#                </stratigraphicRange>
#                <stratigraphicRange id="r265" spec="sr.evolution.sranges.StratigraphicRange">
#                    <firstOccurrence id="t399_first" spec="beast.base.evolution.alignment.Taxon"/>
#                    <lastOccurrence idref="t399_first"/>
#                </stratigraphicRange>
#                <stratigraphicRange id="r266" spec="sr.evolution.sranges.StratigraphicRange">
#                    <firstOccurrence id="t339_first" spec="beast.base.evolution.alignment.Taxon"/>
#                    <lastOccurrence idref="t339_first"/>
#                </stratigraphicRange>
#                <stratigraphicRange id="r267" spec="sr.evolution.sranges.StratigraphicRange">
#                    <firstOccurrence id="t19_first" spec="beast.base.evolution.alignment.Taxon"/>
#                    <lastOccurrence idref="t19_first"/>
#                </stratigraphicRange>
#                <stratigraphicRange id="r268" spec="sr.evolution.sranges.StratigraphicRange">
#                    <firstOccurrence id="t18_first" spec="beast.base.evolution.alignment.Taxon"/>
#                    <lastOccurrence idref="t18_first"/>
#                </stratigraphicRange>
#                <stratigraphicRange id="r269" spec="sr.evolution.sranges.StratigraphicRange">
#                    <firstOccurrence id="t382_first" spec="beast.base.evolution.alignment.Taxon"/>
#                    <lastOccurrence idref="t382_first"/>
#                </stratigraphicRange>
#                <stratigraphicRange id="r270" spec="sr.evolution.sranges.StratigraphicRange">
#                    <firstOccurrence id="t109_first" spec="beast.base.evolution.alignment.Taxon"/>
#                    <lastOccurrence idref="t109_first"/>
#                </stratigraphicRange>
#                <stratigraphicRange id="r271" spec="sr.evolution.sranges.StratigraphicRange">
#                    <firstOccurrence id="t271_first" spec="beast.base.evolution.alignment.Taxon"/>
#                    <lastOccurrence idref="t271_first"/>
#                </stratigraphicRange>
#                <stratigraphicRange id="r272" spec="sr.evolution.sranges.StratigraphicRange">
#                    <firstOccurrence id="t158_first" spec="beast.base.evolution.alignment.Taxon"/>
#                    <lastOccurrence idref="t158_first"/>
#                </stratigraphicRange>
#                <stratigraphicRange id="r273" spec="sr.evolution.sranges.StratigraphicRange">
#                    <firstOccurrence id="t292_first" spec="beast.base.evolution.alignment.Taxon"/>
#                    <lastOccurrence idref="t292_first"/>
#                </stratigraphicRange>
#                <stratigraphicRange id="r274" spec="sr.evolution.sranges.StratigraphicRange">
#                    <firstOccurrence id="t280_first" spec="beast.base.evolution.alignment.Taxon"/>
#                    <lastOccurrence idref="t280_first"/>
#                </stratigraphicRange>
#                <stratigraphicRange id="r275" spec="sr.evolution.sranges.StratigraphicRange">
#                    <firstOccurrence id="t139_first" spec="beast.base.evolution.alignment.Taxon"/>
#                    <lastOccurrence idref="t139_first"/>
#                </stratigraphicRange>
#                <stratigraphicRange id="r276" spec="sr.evolution.sranges.StratigraphicRange">
#                    <firstOccurrence id="t201_first" spec="beast.base.evolution.alignment.Taxon"/>
#                    <lastOccurrence idref="t201_first"/>
#                </stratigraphicRange>
#                <stratigraphicRange id="r277" spec="sr.evolution.sranges.StratigraphicRange">
#                    <firstOccurrence id="t305_first" spec="beast.base.evolution.alignment.Taxon"/>
#                    <lastOccurrence idref="t305_first"/>
#                </stratigraphicRange>
#                <stratigraphicRange id="r278" spec="sr.evolution.sranges.StratigraphicRange">
#                    <firstOccurrence id="t57_first" spec="beast.base.evolution.alignment.Taxon"/>
#                    <lastOccurrence idref="t57_first"/>
#                </stratigraphicRange>
#                <stratigraphicRange id="r279" spec="sr.evolution.sranges.StratigraphicRange">
#                    <firstOccurrence id="t266_first" spec="beast.base.evolution.alignment.Taxon"/>
#                    <lastOccurrence idref="t266_first"/>
#                </stratigraphicRange>
#                <stratigraphicRange id="r280" spec="sr.evolution.sranges.StratigraphicRange">
#                    <firstOccurrence id="t121_first" spec="beast.base.evolution.alignment.Taxon"/>
#                    <lastOccurrence idref="t121_first"/>
#                </stratigraphicRange>
#                <stratigraphicRange id="r281" spec="sr.evolution.sranges.StratigraphicRange">
#                    <firstOccurrence id="t91_first" spec="beast.base.evolution.alignment.Taxon"/>
#                    <lastOccurrence idref="t91_first"/>
#                </stratigraphicRange>
#                <stratigraphicRange id="r282" spec="sr.evolution.sranges.StratigraphicRange">
#                    <firstOccurrence id="t293_first" spec="beast.base.evolution.alignment.Taxon"/>
#                    <lastOccurrence idref="t293_first"/>
#                </stratigraphicRange>
#                <stratigraphicRange id="r283" spec="sr.evolution.sranges.StratigraphicRange">
#                    <firstOccurrence id="t150_first" spec="beast.base.evolution.alignment.Taxon"/>
#                    <lastOccurrence idref="t150_first"/>
#                </stratigraphicRange>
#                <stratigraphicRange id="r284" spec="sr.evolution.sranges.StratigraphicRange">
#                    <firstOccurrence id="t397_first" spec="beast.base.evolution.alignment.Taxon"/>
#                    <lastOccurrence idref="t397_first"/>
#                </stratigraphicRange>
#                <stratigraphicRange id="r285" spec="sr.evolution.sranges.StratigraphicRange">
#                    <firstOccurrence id="t108_first" spec="beast.base.evolution.alignment.Taxon"/>
#                    <lastOccurrence idref="t108_first"/>
#                </stratigraphicRange>
#                <stratigraphicRange id="r286" spec="sr.evolution.sranges.StratigraphicRange">
#                    <firstOccurrence id="t118_first" spec="beast.base.evolution.alignment.Taxon"/>
#                    <lastOccurrence idref="t118_first"/>
#                </stratigraphicRange>
#                <stratigraphicRange id="r287" spec="sr.evolution.sranges.StratigraphicRange">
#                    <firstOccurrence id="t200_first" spec="beast.base.evolution.alignment.Taxon"/>
#                    <lastOccurrence idref="t200_first"/>
#                </stratigraphicRange>
#                <stratigraphicRange id="r288" spec="sr.evolution.sranges.StratigraphicRange">
#                    <firstOccurrence id="t32_first" spec="beast.base.evolution.alignment.Taxon"/>
#                    <lastOccurrence idref="t32_first"/>
#                </stratigraphicRange>
#                <stratigraphicRange id="r289" spec="sr.evolution.sranges.StratigraphicRange">
#                    <firstOccurrence id="t455_first" spec="beast.base.evolution.alignment.Taxon"/>
#                    <lastOccurrence idref="t455_first"/>
#                </stratigraphicRange>
#                <stratigraphicRange id="r290" spec="sr.evolution.sranges.StratigraphicRange">
#                    <firstOccurrence id="t181_first" spec="beast.base.evolution.alignment.Taxon"/>
#                    <lastOccurrence idref="t181_first"/>
#                </stratigraphicRange>
#                <stratigraphicRange id="r291" spec="sr.evolution.sranges.StratigraphicRange">
#                    <firstOccurrence id="t21_first" spec="beast.base.evolution.alignment.Taxon"/>
#                    <lastOccurrence idref="t21_first"/>
#                </stratigraphicRange>
#                <stratigraphicRange id="r292" spec="sr.evolution.sranges.StratigraphicRange">
#                    <firstOccurrence id="t68_first" spec="beast.base.evolution.alignment.Taxon"/>
#                    <lastOccurrence idref="t68_first"/>
#                </stratigraphicRange>
#                <stratigraphicRange id="r293" spec="sr.evolution.sranges.StratigraphicRange">
#                    <firstOccurrence id="t412_first" spec="beast.base.evolution.alignment.Taxon"/>
#                    <lastOccurrence idref="t412_first"/>
#                </stratigraphicRange>
#                <stratigraphicRange id="r294" spec="sr.evolution.sranges.StratigraphicRange">
#                    <firstOccurrence id="t167_first" spec="beast.base.evolution.alignment.Taxon"/>
#                    <lastOccurrence idref="t167_first"/>
#                </stratigraphicRange>
#                <stratigraphicRange id="r295" spec="sr.evolution.sranges.StratigraphicRange">
#                    <firstOccurrence id="t205_first" spec="beast.base.evolution.alignment.Taxon"/>
#                    <lastOccurrence idref="t205_first"/>
#                </stratigraphicRange>
#                <stratigraphicRange id="r296" spec="sr.evolution.sranges.StratigraphicRange">
#                    <firstOccurrence id="t436_first" spec="beast.base.evolution.alignment.Taxon"/>
#                    <lastOccurrence idref="t436_first"/>
#                </stratigraphicRange>
#                <stratigraphicRange id="r297" spec="sr.evolution.sranges.StratigraphicRange">
#                    <firstOccurrence id="t156_first" spec="beast.base.evolution.alignment.Taxon"/>
#                    <lastOccurrence idref="t156_first"/>
#                </stratigraphicRange>
#                <stratigraphicRange id="r298" spec="sr.evolution.sranges.StratigraphicRange">
#                    <firstOccurrence id="t34_first" spec="beast.base.evolution.alignment.Taxon"/>
#                    <lastOccurrence idref="t34_first"/>
#                </stratigraphicRange>
#                <stratigraphicRange id="r299" spec="sr.evolution.sranges.StratigraphicRange">
#                    <firstOccurrence id="t444_first" spec="beast.base.evolution.alignment.Taxon"/>
#                    <lastOccurrence idref="t444_first"/>
#                </stratigraphicRange>
#                <stratigraphicRange id="r300" spec="sr.evolution.sranges.StratigraphicRange">
#                    <firstOccurrence id="t110_first" spec="beast.base.evolution.alignment.Taxon"/>
#                    <lastOccurrence idref="t110_first"/>
#                </stratigraphicRange>
#                <stratigraphicRange id="r301" spec="sr.evolution.sranges.StratigraphicRange">
#                    <firstOccurrence id="t107_first" spec="beast.base.evolution.alignment.Taxon"/>
#                    <lastOccurrence idref="t107_first"/>
#                </stratigraphicRange>
#                <stratigraphicRange id="r302" spec="sr.evolution.sranges.StratigraphicRange">
#                    <firstOccurrence id="t199_first" spec="beast.base.evolution.alignment.Taxon"/>
#                    <lastOccurrence idref="t199_first"/>
#                </stratigraphicRange>
#                <stratigraphicRange id="r303" spec="sr.evolution.sranges.StratigraphicRange">
#                    <firstOccurrence id="t388_first" spec="beast.base.evolution.alignment.Taxon"/>
#                    <lastOccurrence idref="t388_first"/>
#                </stratigraphicRange>
#                <stratigraphicRange id="r304" spec="sr.evolution.sranges.StratigraphicRange">
#                    <firstOccurrence id="t115_first" spec="beast.base.evolution.alignment.Taxon"/>
#                    <lastOccurrence idref="t115_first"/>
#                </stratigraphicRange>
#                <stratigraphicRange id="r305" spec="sr.evolution.sranges.StratigraphicRange">
#                    <firstOccurrence id="t127_first" spec="beast.base.evolution.alignment.Taxon"/>
#                    <lastOccurrence idref="t127_first"/>
#                </stratigraphicRange>
#                <stratigraphicRange id="r306" spec="sr.evolution.sranges.StratigraphicRange">
#                    <firstOccurrence id="t250_first" spec="beast.base.evolution.alignment.Taxon"/>
#                    <lastOccurrence idref="t250_first"/>
#                </stratigraphicRange>
#                <stratigraphicRange id="r307" spec="sr.evolution.sranges.StratigraphicRange">
#                    <firstOccurrence id="t37_first" spec="beast.base.evolution.alignment.Taxon"/>
#                    <lastOccurrence idref="t37_first"/>
#                </stratigraphicRange>
#                <stratigraphicRange id="r308" spec="sr.evolution.sranges.StratigraphicRange">
#                    <firstOccurrence id="t435_first" spec="beast.base.evolution.alignment.Taxon"/>
#                    <lastOccurrence idref="t435_first"/>
#                </stratigraphicRange>
#                <stratigraphicRange id="r309" spec="sr.evolution.sranges.StratigraphicRange">
#                    <firstOccurrence id="t54_first" spec="beast.base.evolution.alignment.Taxon"/>
#                    <lastOccurrence idref="t54_first"/>
#                </stratigraphicRange>
#                <stratigraphicRange id="r310" spec="sr.evolution.sranges.StratigraphicRange">
#                    <firstOccurrence id="t255_first" spec="beast.base.evolution.alignment.Taxon"/>
#                    <lastOccurrence idref="t255_first"/>
#                </stratigraphicRange>
#                <stratigraphicRange id="r311" spec="sr.evolution.sranges.StratigraphicRange">
#                    <firstOccurrence id="t423_first" spec="beast.base.evolution.alignment.Taxon"/>
#                    <lastOccurrence idref="t423_first"/>
#                </stratigraphicRange>
#                <stratigraphicRange id="r312" spec="sr.evolution.sranges.StratigraphicRange">
#                    <firstOccurrence id="t94_first" spec="beast.base.evolution.alignment.Taxon"/>
#                    <lastOccurrence idref="t94_first"/>
#                </stratigraphicRange>
#                <stratigraphicRange id="r313" spec="sr.evolution.sranges.StratigraphicRange">
#                    <firstOccurrence id="t230_first" spec="beast.base.evolution.alignment.Taxon"/>
#                    <lastOccurrence idref="t230_first"/>
#                </stratigraphicRange>
#                <stratigraphicRange id="r314" spec="sr.evolution.sranges.StratigraphicRange">
#                    <firstOccurrence id="t372_first" spec="beast.base.evolution.alignment.Taxon"/>
#                    <lastOccurrence idref="t372_first"/>
#                </stratigraphicRange>
#                <stratigraphicRange id="r315" spec="sr.evolution.sranges.StratigraphicRange">
#                    <firstOccurrence id="t311_first" spec="beast.base.evolution.alignment.Taxon"/>
#                    <lastOccurrence idref="t311_first"/>
#                </stratigraphicRange>
#                <stratigraphicRange id="r316" spec="sr.evolution.sranges.StratigraphicRange">
#                    <firstOccurrence id="t88_first" spec="beast.base.evolution.alignment.Taxon"/>
#                    <lastOccurrence idref="t88_first"/>
#                </stratigraphicRange>
#                <stratigraphicRange id="r317" spec="sr.evolution.sranges.StratigraphicRange">
#                    <firstOccurrence id="t330_first" spec="beast.base.evolution.alignment.Taxon"/>
#                    <lastOccurrence idref="t330_first"/>
#                </stratigraphicRange>
#                <stratigraphicRange id="r318" spec="sr.evolution.sranges.StratigraphicRange">
#                    <firstOccurrence id="t363_first" spec="beast.base.evolution.alignment.Taxon"/>
#                    <lastOccurrence idref="t363_first"/>
#                </stratigraphicRange>
#                <stratigraphicRange id="r319" spec="sr.evolution.sranges.StratigraphicRange">
#                    <firstOccurrence id="t291_first" spec="beast.base.evolution.alignment.Taxon"/>
#                    <lastOccurrence idref="t291_first"/>
#                </stratigraphicRange>
#                <stratigraphicRange id="r320" spec="sr.evolution.sranges.StratigraphicRange">
#                    <firstOccurrence id="t276_first" spec="beast.base.evolution.alignment.Taxon"/>
#                    <lastOccurrence idref="t276_first"/>
#                </stratigraphicRange>
#                <stratigraphicRange id="r321" spec="sr.evolution.sranges.StratigraphicRange">
#                    <firstOccurrence id="t236_first" spec="beast.base.evolution.alignment.Taxon"/>
#                    <lastOccurrence idref="t236_first"/>
#                </stratigraphicRange>
#                <stratigraphicRange id="r322" spec="sr.evolution.sranges.StratigraphicRange">
#                    <firstOccurrence id="t367_first" spec="beast.base.evolution.alignment.Taxon"/>
#                    <lastOccurrence idref="t367_first"/>
#                </stratigraphicRange>
#                <stratigraphicRange id="r323" spec="sr.evolution.sranges.StratigraphicRange">
#                    <firstOccurrence id="t401_first" spec="beast.base.evolution.alignment.Taxon"/>
#                    <lastOccurrence idref="t401_first"/>
#                </stratigraphicRange>
#                <stratigraphicRange id="r324" spec="sr.evolution.sranges.StratigraphicRange">
#                    <firstOccurrence id="t111_first" spec="beast.base.evolution.alignment.Taxon"/>
#                    <lastOccurrence idref="t111_first"/>
#                </stratigraphicRange>
#                <stratigraphicRange id="r325" spec="sr.evolution.sranges.StratigraphicRange">
#                    <firstOccurrence id="t55_first" spec="beast.base.evolution.alignment.Taxon"/>
#                    <lastOccurrence idref="t55_first"/>
#                </stratigraphicRange>
#                <stratigraphicRange id="r326" spec="sr.evolution.sranges.StratigraphicRange">
#                    <firstOccurrence id="t166_first" spec="beast.base.evolution.alignment.Taxon"/>
#                    <lastOccurrence idref="t166_first"/>
#                </stratigraphicRange>
#                <stratigraphicRange id="r327" spec="sr.evolution.sranges.StratigraphicRange">
#                    <firstOccurrence id="t353_first" spec="beast.base.evolution.alignment.Taxon"/>
#                    <lastOccurrence idref="t353_first"/>
#                </stratigraphicRange>
#                <stratigraphicRange id="r328" spec="sr.evolution.sranges.StratigraphicRange">
#                    <firstOccurrence id="t207_first" spec="beast.base.evolution.alignment.Taxon"/>
#                    <lastOccurrence idref="t207_first"/>
#                </stratigraphicRange>
#                <stratigraphicRange id="r329" spec="sr.evolution.sranges.StratigraphicRange">
#                    <firstOccurrence id="t33_first" spec="beast.base.evolution.alignment.Taxon"/>
#                    <lastOccurrence idref="t33_first"/>
#                </stratigraphicRange>
#                <stratigraphicRange id="r330" spec="sr.evolution.sranges.StratigraphicRange">
#                    <firstOccurrence id="t240_first" spec="beast.base.evolution.alignment.Taxon"/>
#                    <lastOccurrence idref="t240_first"/>
#                </stratigraphicRange>
#                <stratigraphicRange id="r331" spec="sr.evolution.sranges.StratigraphicRange">
#                    <firstOccurrence id="t23_first" spec="beast.base.evolution.alignment.Taxon"/>
#                    <lastOccurrence idref="t23_first"/>
#                </stratigraphicRange>
#                <stratigraphicRange id="r332" spec="sr.evolution.sranges.StratigraphicRange">
#                    <firstOccurrence id="t142_first" spec="beast.base.evolution.alignment.Taxon"/>
#                    <lastOccurrence idref="t142_first"/>
#                </stratigraphicRange>
#                <stratigraphicRange id="r333" spec="sr.evolution.sranges.StratigraphicRange">
#                    <firstOccurrence id="t152_first" spec="beast.base.evolution.alignment.Taxon"/>
#                    <lastOccurrence idref="t152_first"/>
#                </stratigraphicRange>
#                <stratigraphicRange id="r334" spec="sr.evolution.sranges.StratigraphicRange">
#                    <firstOccurrence id="t36_first" spec="beast.base.evolution.alignment.Taxon"/>
#                    <lastOccurrence idref="t36_first"/>
#                </stratigraphicRange>
#                <stratigraphicRange id="r335" spec="sr.evolution.sranges.StratigraphicRange">
#                    <firstOccurrence id="t184_first" spec="beast.base.evolution.alignment.Taxon"/>
#                    <lastOccurrence idref="t184_first"/>
#                </stratigraphicRange>
#                <stratigraphicRange id="r336" spec="sr.evolution.sranges.StratigraphicRange">
#                    <firstOccurrence id="t258_first" spec="beast.base.evolution.alignment.Taxon"/>
#                    <lastOccurrence idref="t258_first"/>
#                </stratigraphicRange>
#                <stratigraphicRange id="r337" spec="sr.evolution.sranges.StratigraphicRange">
#                    <firstOccurrence id="t134_first" spec="beast.base.evolution.alignment.Taxon"/>
#                    <lastOccurrence idref="t134_first"/>
#                </stratigraphicRange>
#                <stratigraphicRange id="r338" spec="sr.evolution.sranges.StratigraphicRange">
#                    <firstOccurrence id="t358_first" spec="beast.base.evolution.alignment.Taxon"/>
#                    <lastOccurrence idref="t358_first"/>
#                </stratigraphicRange>
#                <stratigraphicRange id="r339" spec="sr.evolution.sranges.StratigraphicRange">
#                    <firstOccurrence id="t173_first" spec="beast.base.evolution.alignment.Taxon"/>
#                    <lastOccurrence idref="t173_first"/>
#                </stratigraphicRange>
#                <stratigraphicRange id="r340" spec="sr.evolution.sranges.StratigraphicRange">
#                    <firstOccurrence id="t277_first" spec="beast.base.evolution.alignment.Taxon"/>
#                    <lastOccurrence idref="t277_first"/>
#                </stratigraphicRange>
#                <stratigraphicRange id="r341" spec="sr.evolution.sranges.StratigraphicRange">
#                    <firstOccurrence id="t286_first" spec="beast.base.evolution.alignment.Taxon"/>
#                    <lastOccurrence idref="t286_first"/>
#                </stratigraphicRange>
#                <stratigraphicRange id="r342" spec="sr.evolution.sranges.StratigraphicRange">
#                    <firstOccurrence id="t312_first" spec="beast.base.evolution.alignment.Taxon"/>
#                    <lastOccurrence idref="t312_first"/>
#                </stratigraphicRange>
#                <stratigraphicRange id="r343" spec="sr.evolution.sranges.StratigraphicRange">
#                    <firstOccurrence id="t368_first" spec="beast.base.evolution.alignment.Taxon"/>
#                    <lastOccurrence idref="t368_first"/>
#                </stratigraphicRange>
#                <stratigraphicRange id="r344" spec="sr.evolution.sranges.StratigraphicRange">
#                    <firstOccurrence id="t385_first" spec="beast.base.evolution.alignment.Taxon"/>
#                    <lastOccurrence idref="t385_first"/>
#                </stratigraphicRange>
#                <stratigraphicRange id="r345" spec="sr.evolution.sranges.StratigraphicRange">
#                    <firstOccurrence id="t61_first" spec="beast.base.evolution.alignment.Taxon"/>
#                    <lastOccurrence idref="t61_first"/>
#                </stratigraphicRange>
#                <stratigraphicRange id="r346" spec="sr.evolution.sranges.StratigraphicRange">
#                    <firstOccurrence id="t289_first" spec="beast.base.evolution.alignment.Taxon"/>
#                    <lastOccurrence idref="t289_first"/>
#                </stratigraphicRange>
#                <stratigraphicRange id="r347" spec="sr.evolution.sranges.StratigraphicRange">
#                    <firstOccurrence id="t428_first" spec="beast.base.evolution.alignment.Taxon"/>
#                    <lastOccurrence idref="t428_first"/>
#                </stratigraphicRange>
#                <stratigraphicRange id="r348" spec="sr.evolution.sranges.StratigraphicRange">
#                    <firstOccurrence id="t314_first" spec="beast.base.evolution.alignment.Taxon"/>
#                    <lastOccurrence idref="t314_first"/>
#                </stratigraphicRange>
#                <stratigraphicRange id="r349" spec="sr.evolution.sranges.StratigraphicRange">
#                    <firstOccurrence id="t400_first" spec="beast.base.evolution.alignment.Taxon"/>
#                    <lastOccurrence idref="t400_first"/>
#                </stratigraphicRange>
#                <stratigraphicRange id="r350" spec="sr.evolution.sranges.StratigraphicRange">
#                    <firstOccurrence id="t50_first" spec="beast.base.evolution.alignment.Taxon"/>
#                    <lastOccurrence idref="t50_first"/>
#                </stratigraphicRange>
#                <stratigraphicRange id="r351" spec="sr.evolution.sranges.StratigraphicRange">
#                    <firstOccurrence id="t417_first" spec="beast.base.evolution.alignment.Taxon"/>
#                    <lastOccurrence idref="t417_first"/>
#                </stratigraphicRange>
#                <stratigraphicRange id="r352" spec="sr.evolution.sranges.StratigraphicRange">
#                    <firstOccurrence id="t131_first" spec="beast.base.evolution.alignment.Taxon"/>
#                    <lastOccurrence idref="t131_first"/>
#                </stratigraphicRange>
#                <stratigraphicRange id="r353" spec="sr.evolution.sranges.StratigraphicRange">
#                    <firstOccurrence id="t165_first" spec="beast.base.evolution.alignment.Taxon"/>
#                    <lastOccurrence idref="t165_first"/>
#                </stratigraphicRange>
#                <stratigraphicRange id="r354" spec="sr.evolution.sranges.StratigraphicRange">
#                    <firstOccurrence id="t285_first" spec="beast.base.evolution.alignment.Taxon"/>
#                    <lastOccurrence idref="t285_first"/>
#                </stratigraphicRange>
#                <stratigraphicRange id="r355" spec="sr.evolution.sranges.StratigraphicRange">
#                    <firstOccurrence id="t451_first" spec="beast.base.evolution.alignment.Taxon"/>
#                    <lastOccurrence idref="t451_first"/>
#                </stratigraphicRange>
#                <stratigraphicRange id="r356" spec="sr.evolution.sranges.StratigraphicRange">
#                    <firstOccurrence id="t130_first" spec="beast.base.evolution.alignment.Taxon"/>
#                    <lastOccurrence idref="t130_first"/>
#                </stratigraphicRange>
#                <stratigraphicRange id="r357" spec="sr.evolution.sranges.StratigraphicRange">
#                    <firstOccurrence id="t438_first" spec="beast.base.evolution.alignment.Taxon"/>
#                    <lastOccurrence idref="t438_first"/>
#                </stratigraphicRange>
#                <stratigraphicRange id="r358" spec="sr.evolution.sranges.StratigraphicRange">
#                    <firstOccurrence id="t29_first" spec="beast.base.evolution.alignment.Taxon"/>
#                    <lastOccurrence idref="t29_first"/>
#                </stratigraphicRange>
#                <stratigraphicRange id="r359" spec="sr.evolution.sranges.StratigraphicRange">
#                    <firstOccurrence id="t159_first" spec="beast.base.evolution.alignment.Taxon"/>
#                    <lastOccurrence idref="t159_first"/>
#                </stratigraphicRange>
#                <stratigraphicRange id="r360" spec="sr.evolution.sranges.StratigraphicRange">
#                    <firstOccurrence id="t430_first" spec="beast.base.evolution.alignment.Taxon"/>
#                    <lastOccurrence idref="t430_first"/>
#                </stratigraphicRange>
#                <stratigraphicRange id="r361" spec="sr.evolution.sranges.StratigraphicRange">
#                    <firstOccurrence id="t123_first" spec="beast.base.evolution.alignment.Taxon"/>
#                    <lastOccurrence idref="t123_first"/>
#                </stratigraphicRange>
#                <stratigraphicRange id="r362" spec="sr.evolution.sranges.StratigraphicRange">
#                    <firstOccurrence id="t243_first" spec="beast.base.evolution.alignment.Taxon"/>
#                    <lastOccurrence idref="t243_first"/>
#                </stratigraphicRange>
#                <stratigraphicRange id="r363" spec="sr.evolution.sranges.StratigraphicRange">
#                    <firstOccurrence id="t27_first" spec="beast.base.evolution.alignment.Taxon"/>
#                    <lastOccurrence idref="t27_first"/>
#                </stratigraphicRange>
#                <stratigraphicRange id="r364" spec="sr.evolution.sranges.StratigraphicRange">
#                    <firstOccurrence id="t338_first" spec="beast.base.evolution.alignment.Taxon"/>
#                    <lastOccurrence idref="t338_first"/>
#                </stratigraphicRange>
#                <stratigraphicRange id="r365" spec="sr.evolution.sranges.StratigraphicRange">
#                    <firstOccurrence id="t308_first" spec="beast.base.evolution.alignment.Taxon"/>
#                    <lastOccurrence idref="t308_first"/>
#                </stratigraphicRange>
#                <stratigraphicRange id="r366" spec="sr.evolution.sranges.StratigraphicRange">
#                    <firstOccurrence id="t162_first" spec="beast.base.evolution.alignment.Taxon"/>
#                    <lastOccurrence idref="t162_first"/>
#                </stratigraphicRange>
#                <stratigraphicRange id="r367" spec="sr.evolution.sranges.StratigraphicRange">
#                    <firstOccurrence id="t231_first" spec="beast.base.evolution.alignment.Taxon"/>
#                    <lastOccurrence idref="t231_first"/>
#                </stratigraphicRange>
#                <stratigraphicRange id="r368" spec="sr.evolution.sranges.StratigraphicRange">
#                    <firstOccurrence id="t153_first" spec="beast.base.evolution.alignment.Taxon"/>
#                    <lastOccurrence idref="t153_first"/>
#                </stratigraphicRange>
#                <stratigraphicRange id="r369" spec="sr.evolution.sranges.StratigraphicRange">
#                    <firstOccurrence id="t341_first" spec="beast.base.evolution.alignment.Taxon"/>
#                    <lastOccurrence idref="t341_first"/>
#                </stratigraphicRange>
#                <stratigraphicRange id="r370" spec="sr.evolution.sranges.StratigraphicRange">
#                    <firstOccurrence id="t114_first" spec="beast.base.evolution.alignment.Taxon"/>
#                    <lastOccurrence idref="t114_first"/>
#                </stratigraphicRange>
#                <stratigraphicRange id="r371" spec="sr.evolution.sranges.StratigraphicRange">
#                    <firstOccurrence id="t331_first" spec="beast.base.evolution.alignment.Taxon"/>
#                    <lastOccurrence idref="t331_first"/>
#                </stratigraphicRange>
#                <stratigraphicRange id="r372" spec="sr.evolution.sranges.StratigraphicRange">
#                    <firstOccurrence id="t424_first" spec="beast.base.evolution.alignment.Taxon"/>
#                    <lastOccurrence idref="t424_first"/>
#                </stratigraphicRange>
#                <stratigraphicRange id="r373" spec="sr.evolution.sranges.StratigraphicRange">
#                    <firstOccurrence id="t351_first" spec="beast.base.evolution.alignment.Taxon"/>
#                    <lastOccurrence idref="t351_first"/>
#                </stratigraphicRange>
#                <trait id="dateTrait.t:tree" spec="beast.base.evolution.tree.TraitSet" traitname="date-backward">
#                    t329_first=0, t346_first=0, t163_first=0, t42_first=0, t355_first=0.497647938701411, t125_first=0.093138221190547, t71_first=0, t143_first=0, t101_first=0, t288_first=0, t186_first=0, t141_first=0, t22_first=0, t210_first=0, t452_first=0, t263_first=0, t427_first=0, t265_first=0, t168_first=0, t278_first=0.308442723803269, t41_first=0, t28_first=0, t203_first=0, t310_first=0.473890724889128, t448_first=0, t247_first=0, t97_first=0, t67_first=0, t180_first=0, t362_first=0, t441_first=0, t318_first=0, t429_first=0, t344_first=1.29626127729271, t253_first=3.38829505824506, t357_first=1.90365704722697, t261_first=1.43191952640295, t283_first=0, t374_first=0.241656504817395, t47_first=0, t259_first=2.16987292851758, t408_first=0.384756468430975, t161_first=0.279282726209952, t267_first=0, t3_first=0, t387_first=1.10899634941728, t174_first=0, t264_first=0, t9_first=0, t172_first=0, t337_first=0, t144_first=0, t415_first=0, t56_first=0, t245_first=0, t241_first=0, t336_first=0, t392_first=0.383693223442477, t138_first=0, t73_first=0, t238_first=0, t175_first=0.49023677362677, t95_first=0.369558133633152, t359_first=0, t182_first=2.10325772754245, t320_first=0, t384_first=0, t325_first=0, t290_first=0, t227_first=0, t282_first=0, t383_first=0, t8_first=1.23048295338411, t106_first=0, t402_first=0.065841078275775, t256_first=0, t270_first=0.414341407276053, t226_first=0, t25_first=0, t272_first=0, t364_first=0, t149_first=0, t195_first=0, t434_first=0, t300_first=0.560522963183607, t148_first=1.07162464913543, t74_first=1.08407774164438, t269_first=1.59460817659792, t213_first=0.68880032382797, t356_first=1.53761497198341, t193_first=0, t321_first=0, t316_first=0, t157_first=0, t248_first=0, t128_first=0, t48_first=0, t176_first=0, t433_first=0.925684896029688, t371_first=0, t254_first=0, t322_first=0, t252_first=0, t100_first=0, t99_first=0, t379_first=0, t66_first=0, t409_first=0, t12_first=0, t228_first=0.232456463315947, t309_first=0, t122_first=0, t380_first=0, t116_first=0.062104876098357, t418_first=0.460337362900688, t454_first=1.69997148777413, t20_first=0, t406_first=0, t398_first=0, t45_first=0, t194_first=0, t53_first=0, t239_first=1.22583806980593, t440_first=0, t244_first=0, t133_first=0.16993942366748, t360_first=0, t65_first=1.20550901064191, t82_first=0.955941994193579, t197_first=0, t79_first=0, t294_first=0, t24_first=0, t403_first=0, t273_first=0.745907771563045, t450_first=0, t62_first=0, t43_first=0, t112_first=0, t222_first=0, t77_first=0, t378_first=0.997786048135158, t105_first=0.908739194452406, t327_first=0, t377_first=0, t124_first=0, t177_first=0, t279_first=0, t394_first=0.330639239071886, t274_first=0, t275_first=0, t16_first=1.61481906026598, t154_first=0, t249_first=0, t189_first=0, t137_first=0, t242_first=0, t96_first=0, t70_first=0, t212_first=0, t340_first=0, t219_first=0, t365_first=0.388760182859493, t313_first=0, t151_first=0.565121822154847, t260_first=1.79878532218977, t92_first=0.922860100402658, t343_first=0, t215_first=0, t183_first=0, t437_first=0, t14_first=0, t410_first=0, t31_first=0, t2_first=0, t381_first=0, t120_first=2.50036782035128, t113_first=2.5373269689091, t89_first=0, t447_first=0, t171_first=0.464500828136645, t421_first=0, t389_first=0, t223_first=0, t350_first=0, t386_first=0, t348_first=0.185792838181307, t179_first=2.16736141199009, t192_first=0, t246_first=0.298321659356367, t425_first=0, t49_first=0, t298_first=0, t145_first=1.24790831575226, t217_first=1.0436280229663, t345_first=0, t72_first=0, t64_first=0, t251_first=0, t323_first=1.31434745996027, t202_first=2.73609760409906, t342_first=0, t333_first=0, t104_first=0, t262_first=0, t352_first=0, t129_first=0, t422_first=2.05259333935714, t52_first=1.56266442927894, t81_first=0, t295_first=0, t373_first=0, t90_first=0, t51_first=0, t198_first=0, t190_first=0, t446_first=0, t103_first=0.503060384563446, t347_first=2.22718675147669, t188_first=1.15482771595176, t268_first=1.65703206450606, t393_first=0.489240541946704, t44_first=0, t132_first=0, t1_first=1.39298496826232, t220_first=0, t326_first=0, t319_first=0.339948166029128, t15_first=0, t84_first=0, t60_first=0, t237_first=0, t432_first=1.14472149567534, t83_first=1.46869716273655, t306_first=2.93219322264365, t439_first=0, t85_first=0, t369_first=0, t59_first=0, t216_first=0, t235_first=0, t86_first=0, t69_first=0, t102_first=0, t296_first=0, t191_first=0, t63_first=0.179954234827879, t299_first=0.159482820722296, t442_first=0, t304_first=0, t155_first=0, t229_first=0, t160_first=0, t211_first=0, t35_first=0, t93_first=0, t58_first=0.28513327776053, t431_first=0, t287_first=0.086249727934608, t204_first=0, t361_first=0, t315_first=0, t370_first=0, t232_first=0, t405_first=0, t399_first=0, t339_first=0, t19_first=1.41881103182056, t18_first=2.62521210953001, t382_first=0, t109_first=0, t271_first=0, t158_first=0, t292_first=0, t280_first=0.100941417250262, t139_first=2.08617360889933, t201_first=0.266773320186308, t305_first=0, t57_first=0, t266_first=0, t121_first=0, t91_first=0, t293_first=0.545054414076961, t150_first=0, t397_first=0, t108_first=0, t118_first=0, t200_first=0, t32_first=0, t455_first=0, t181_first=0, t21_first=0, t68_first=1.76779501779261, t412_first=1.80117257142188, t167_first=0, t205_first=0.63469884772893, t436_first=1.22986836067854, t156_first=1.92124593216029, t34_first=1.29062262320589, t444_first=0, t110_first=0, t107_first=0, t199_first=0, t388_first=0, t115_first=0, t127_first=0, t250_first=0, t37_first=0, t435_first=0, t54_first=0, t255_first=0, t423_first=0, t94_first=0, t230_first=0.790867541459893, t372_first=0, t311_first=0, t88_first=0, t330_first=0, t363_first=0, t291_first=0.587219733440029, t276_first=0, t236_first=0, t367_first=0, t401_first=0, t111_first=0, t55_first=0, t166_first=0.507034884037594, t353_first=0, t207_first=0, t33_first=0, t240_first=0, t23_first=0, t142_first=0, t152_first=0, t36_first=0, t184_first=0, t258_first=0, t134_first=0, t358_first=0, t173_first=1.3725417932372, t277_first=1.22073006500507, t286_first=0, t312_first=0, t368_first=0, t385_first=0, t61_first=0, t289_first=0, t428_first=1.99934666723765, t314_first=0, t400_first=0, t50_first=0, t417_first=0, t131_first=0.502220340266973, t165_first=0.362260094525108, t285_first=0, t451_first=1.38178491659719, t130_first=0.481212817316142, t438_first=0.307764065320718, t29_first=0, t159_first=0, t430_first=0, t123_first=0, t243_first=0, t27_first=0, t338_first=0, t308_first=0, t162_first=0.500717860790594, t231_first=0, t153_first=0.993862680615532, t341_first=0.515645701495409, t114_first=0, t331_first=2.14682224561558, t424_first=0, t351_first=0
#                                    <taxa id="taxonSet" spec="beast.base.evolution.alignment.TaxonSet">
#                        <taxon idref="t329_first"/>
#                        <taxon idref="t346_first"/>
#                        <taxon idref="t163_first"/>
#                        <taxon idref="t42_first"/>
#                        <taxon idref="t355_first"/>
#                        <taxon idref="t125_first"/>
#                        <taxon idref="t71_first"/>
#                        <taxon idref="t143_first"/>
#                        <taxon idref="t101_first"/>
#                        <taxon idref="t288_first"/>
#                        <taxon idref="t186_first"/>
#                        <taxon idref="t141_first"/>
#                        <taxon idref="t22_first"/>
#                        <taxon idref="t210_first"/>
#                        <taxon idref="t452_first"/>
#                        <taxon idref="t263_first"/>
#                        <taxon idref="t427_first"/>
#                        <taxon idref="t265_first"/>
#                        <taxon idref="t168_first"/>
#                        <taxon idref="t278_first"/>
#                        <taxon idref="t41_first"/>
#                        <taxon idref="t28_first"/>
#                        <taxon idref="t203_first"/>
#                        <taxon idref="t310_first"/>
#                        <taxon idref="t448_first"/>
#                        <taxon idref="t247_first"/>
#                        <taxon idref="t97_first"/>
#                        <taxon idref="t67_first"/>
#                        <taxon idref="t180_first"/>
#                        <taxon idref="t362_first"/>
#                        <taxon idref="t441_first"/>
#                        <taxon idref="t318_first"/>
#                        <taxon idref="t429_first"/>
#                        <taxon idref="t344_first"/>
#                        <taxon idref="t253_first"/>
#                        <taxon idref="t357_first"/>
#                        <taxon idref="t261_first"/>
#                        <taxon idref="t283_first"/>
#                        <taxon idref="t374_first"/>
#                        <taxon idref="t47_first"/>
#                        <taxon idref="t259_first"/>
#                        <taxon idref="t408_first"/>
#                        <taxon idref="t161_first"/>
#                        <taxon idref="t267_first"/>
#                        <taxon idref="t3_first"/>
#                        <taxon idref="t387_first"/>
#                        <taxon idref="t174_first"/>
#                        <taxon idref="t264_first"/>
#                        <taxon idref="t9_first"/>
#                        <taxon idref="t172_first"/>
#                        <taxon idref="t337_first"/>
#                        <taxon idref="t144_first"/>
#                        <taxon idref="t415_first"/>
#                        <taxon idref="t56_first"/>
#                        <taxon idref="t245_first"/>
#                        <taxon idref="t241_first"/>
#                        <taxon idref="t336_first"/>
#                        <taxon idref="t392_first"/>
#                        <taxon idref="t138_first"/>
#                        <taxon idref="t73_first"/>
#                        <taxon idref="t238_first"/>
#                        <taxon idref="t175_first"/>
#                        <taxon idref="t95_first"/>
#                        <taxon idref="t359_first"/>
#                        <taxon idref="t182_first"/>
#                        <taxon idref="t320_first"/>
#                        <taxon idref="t384_first"/>
#                        <taxon idref="t325_first"/>
#                        <taxon idref="t290_first"/>
#                        <taxon idref="t227_first"/>
#                        <taxon idref="t282_first"/>
#                        <taxon idref="t383_first"/>
#                        <taxon idref="t8_first"/>
#                        <taxon idref="t106_first"/>
#                        <taxon idref="t402_first"/>
#                        <taxon idref="t256_first"/>
#                        <taxon idref="t270_first"/>
#                        <taxon idref="t226_first"/>
#                        <taxon idref="t25_first"/>
#                        <taxon idref="t272_first"/>
#                        <taxon idref="t364_first"/>
#                        <taxon idref="t149_first"/>
#                        <taxon idref="t195_first"/>
#                        <taxon idref="t434_first"/>
#                        <taxon idref="t300_first"/>
#                        <taxon idref="t148_first"/>
#                        <taxon idref="t74_first"/>
#                        <taxon idref="t269_first"/>
#                        <taxon idref="t213_first"/>
#                        <taxon idref="t356_first"/>
#                        <taxon idref="t193_first"/>
#                        <taxon idref="t321_first"/>
#                        <taxon idref="t316_first"/>
#                        <taxon idref="t157_first"/>
#                        <taxon idref="t248_first"/>
#                        <taxon idref="t128_first"/>
#                        <taxon idref="t48_first"/>
#                        <taxon idref="t176_first"/>
#                        <taxon idref="t433_first"/>
#                        <taxon idref="t371_first"/>
#                        <taxon idref="t254_first"/>
#                        <taxon idref="t322_first"/>
#                        <taxon idref="t252_first"/>
#                        <taxon idref="t100_first"/>
#                        <taxon idref="t99_first"/>
#                        <taxon idref="t379_first"/>
#                        <taxon idref="t66_first"/>
#                        <taxon idref="t409_first"/>
#                        <taxon idref="t12_first"/>
#                        <taxon idref="t228_first"/>
#                        <taxon idref="t309_first"/>
#                        <taxon idref="t122_first"/>
#                        <taxon idref="t380_first"/>
#                        <taxon idref="t116_first"/>
#                        <taxon idref="t418_first"/>
#                        <taxon idref="t454_first"/>
#                        <taxon idref="t20_first"/>
#                        <taxon idref="t406_first"/>
#                        <taxon idref="t398_first"/>
#                        <taxon idref="t45_first"/>
#                        <taxon idref="t194_first"/>
#                        <taxon idref="t53_first"/>
#                        <taxon idref="t239_first"/>
#                        <taxon idref="t440_first"/>
#                        <taxon idref="t244_first"/>
#                        <taxon idref="t133_first"/>
#                        <taxon idref="t360_first"/>
#                        <taxon idref="t65_first"/>
#                        <taxon idref="t82_first"/>
#                        <taxon idref="t197_first"/>
#                        <taxon idref="t79_first"/>
#                        <taxon idref="t294_first"/>
#                        <taxon idref="t24_first"/>
#                        <taxon idref="t403_first"/>
#                        <taxon idref="t273_first"/>
#                        <taxon idref="t450_first"/>
#                        <taxon idref="t62_first"/>
#                        <taxon idref="t43_first"/>
#                        <taxon idref="t112_first"/>
#                        <taxon idref="t222_first"/>
#                        <taxon idref="t77_first"/>
#                        <taxon idref="t378_first"/>
#                        <taxon idref="t105_first"/>
#                        <taxon idref="t327_first"/>
#                        <taxon idref="t377_first"/>
#                        <taxon idref="t124_first"/>
#                        <taxon idref="t177_first"/>
#                        <taxon idref="t279_first"/>
#                        <taxon idref="t394_first"/>
#                        <taxon idref="t274_first"/>
#                        <taxon idref="t275_first"/>
#                        <taxon idref="t16_first"/>
#                        <taxon idref="t154_first"/>
#                        <taxon idref="t249_first"/>
#                        <taxon idref="t189_first"/>
#                        <taxon idref="t137_first"/>
#                        <taxon idref="t242_first"/>
#                        <taxon idref="t96_first"/>
#                        <taxon idref="t70_first"/>
#                        <taxon idref="t212_first"/>
#                        <taxon idref="t340_first"/>
#                        <taxon idref="t219_first"/>
#                        <taxon idref="t365_first"/>
#                        <taxon idref="t313_first"/>
#                        <taxon idref="t151_first"/>
#                        <taxon idref="t260_first"/>
#                        <taxon idref="t92_first"/>
#                        <taxon idref="t343_first"/>
#                        <taxon idref="t215_first"/>
#                        <taxon idref="t183_first"/>
#                        <taxon idref="t437_first"/>
#                        <taxon idref="t14_first"/>
#                        <taxon idref="t410_first"/>
#                        <taxon idref="t31_first"/>
#                        <taxon idref="t2_first"/>
#                        <taxon idref="t381_first"/>
#                        <taxon idref="t120_first"/>
#                        <taxon idref="t113_first"/>
#                        <taxon idref="t89_first"/>
#                        <taxon idref="t447_first"/>
#                        <taxon idref="t171_first"/>
#                        <taxon idref="t421_first"/>
#                        <taxon idref="t389_first"/>
#                        <taxon idref="t223_first"/>
#                        <taxon idref="t350_first"/>
#                        <taxon idref="t386_first"/>
#                        <taxon idref="t348_first"/>
#                        <taxon idref="t179_first"/>
#                        <taxon idref="t192_first"/>
#                        <taxon idref="t246_first"/>
#                        <taxon idref="t425_first"/>
#                        <taxon idref="t49_first"/>
#                        <taxon idref="t298_first"/>
#                        <taxon idref="t145_first"/>
#                        <taxon idref="t217_first"/>
#                        <taxon idref="t345_first"/>
#                        <taxon idref="t72_first"/>
#                        <taxon idref="t64_first"/>
#                        <taxon idref="t251_first"/>
#                        <taxon idref="t323_first"/>
#                        <taxon idref="t202_first"/>
#                        <taxon idref="t342_first"/>
#                        <taxon idref="t333_first"/>
#                        <taxon idref="t104_first"/>
#                        <taxon idref="t262_first"/>
#                        <taxon idref="t352_first"/>
#                        <taxon idref="t129_first"/>
#                        <taxon idref="t422_first"/>
#                        <taxon idref="t52_first"/>
#                        <taxon idref="t81_first"/>
#                        <taxon idref="t295_first"/>
#                        <taxon idref="t373_first"/>
#                        <taxon idref="t90_first"/>
#                        <taxon idref="t51_first"/>
#                        <taxon idref="t198_first"/>
#                        <taxon idref="t190_first"/>
#                        <taxon idref="t446_first"/>
#                        <taxon idref="t103_first"/>
#                        <taxon idref="t347_first"/>
#                        <taxon idref="t188_first"/>
#                        <taxon idref="t268_first"/>
#                        <taxon idref="t393_first"/>
#                        <taxon idref="t44_first"/>
#                        <taxon idref="t132_first"/>
#                        <taxon idref="t1_first"/>
#                        <taxon idref="t220_first"/>
#                        <taxon idref="t326_first"/>
#                        <taxon idref="t319_first"/>
#                        <taxon idref="t15_first"/>
#                        <taxon idref="t84_first"/>
#                        <taxon idref="t60_first"/>
#                        <taxon idref="t237_first"/>
#                        <taxon idref="t432_first"/>
#                        <taxon idref="t83_first"/>
#                        <taxon idref="t306_first"/>
#                        <taxon idref="t439_first"/>
#                        <taxon idref="t85_first"/>
#                        <taxon idref="t369_first"/>
#                        <taxon idref="t59_first"/>
#                        <taxon idref="t216_first"/>
#                        <taxon idref="t235_first"/>
#                        <taxon idref="t86_first"/>
#                        <taxon idref="t69_first"/>
#                        <taxon idref="t102_first"/>
#                        <taxon idref="t296_first"/>
#                        <taxon idref="t191_first"/>
#                        <taxon idref="t63_first"/>
#                        <taxon idref="t299_first"/>
#                        <taxon idref="t442_first"/>
#                        <taxon idref="t304_first"/>
#                        <taxon idref="t155_first"/>
#                        <taxon idref="t229_first"/>
#                        <taxon idref="t160_first"/>
#                        <taxon idref="t211_first"/>
#                        <taxon idref="t35_first"/>
#                        <taxon idref="t93_first"/>
#                        <taxon idref="t58_first"/>
#                        <taxon idref="t431_first"/>
#                        <taxon idref="t287_first"/>
#                        <taxon idref="t204_first"/>
#                        <taxon idref="t361_first"/>
#                        <taxon idref="t315_first"/>
#                        <taxon idref="t370_first"/>
#                        <taxon idref="t232_first"/>
#                        <taxon idref="t405_first"/>
#                        <taxon idref="t399_first"/>
#                        <taxon idref="t339_first"/>
#                        <taxon idref="t19_first"/>
#                        <taxon idref="t18_first"/>
#                        <taxon idref="t382_first"/>
#                        <taxon idref="t109_first"/>
#                        <taxon idref="t271_first"/>
#                        <taxon idref="t158_first"/>
#                        <taxon idref="t292_first"/>
#                        <taxon idref="t280_first"/>
#                        <taxon idref="t139_first"/>
#                        <taxon idref="t201_first"/>
#                        <taxon idref="t305_first"/>
#                        <taxon idref="t57_first"/>
#                        <taxon idref="t266_first"/>
#                        <taxon idref="t121_first"/>
#                        <taxon idref="t91_first"/>
#                        <taxon idref="t293_first"/>
#                        <taxon idref="t150_first"/>
#                        <taxon idref="t397_first"/>
#                        <taxon idref="t108_first"/>
#                        <taxon idref="t118_first"/>
#                        <taxon idref="t200_first"/>
#                        <taxon idref="t32_first"/>
#                        <taxon idref="t455_first"/>
#                        <taxon idref="t181_first"/>
#                        <taxon idref="t21_first"/>
#                        <taxon idref="t68_first"/>
#                        <taxon idref="t412_first"/>
#                        <taxon idref="t167_first"/>
#                        <taxon idref="t205_first"/>
#                        <taxon idref="t436_first"/>
#                        <taxon idref="t156_first"/>
#                        <taxon idref="t34_first"/>
#                        <taxon idref="t444_first"/>
#                        <taxon idref="t110_first"/>
#                        <taxon idref="t107_first"/>
#                        <taxon idref="t199_first"/>
#                        <taxon idref="t388_first"/>
#                        <taxon idref="t115_first"/>
#                        <taxon idref="t127_first"/>
#                        <taxon idref="t250_first"/>
#                        <taxon idref="t37_first"/>
#                        <taxon idref="t435_first"/>
#                        <taxon idref="t54_first"/>
#                        <taxon idref="t255_first"/>
#                        <taxon idref="t423_first"/>
#                        <taxon idref="t94_first"/>
#                        <taxon idref="t230_first"/>
#                        <taxon idref="t372_first"/>
#                        <taxon idref="t311_first"/>
#                        <taxon idref="t88_first"/>
#                        <taxon idref="t330_first"/>
#                        <taxon idref="t363_first"/>
#                        <taxon idref="t291_first"/>
#                        <taxon idref="t276_first"/>
#                        <taxon idref="t236_first"/>
#                        <taxon idref="t367_first"/>
#                        <taxon idref="t401_first"/>
#                        <taxon idref="t111_first"/>
#                        <taxon idref="t55_first"/>
#                        <taxon idref="t166_first"/>
#                        <taxon idref="t353_first"/>
#                        <taxon idref="t207_first"/>
#                        <taxon idref="t33_first"/>
#                        <taxon idref="t240_first"/>
#                        <taxon idref="t23_first"/>
#                        <taxon idref="t142_first"/>
#                        <taxon idref="t152_first"/>
#                        <taxon idref="t36_first"/>
#                        <taxon idref="t184_first"/>
#                        <taxon idref="t258_first"/>
#                        <taxon idref="t134_first"/>
#                        <taxon idref="t358_first"/>
#                        <taxon idref="t173_first"/>
#                        <taxon idref="t277_first"/>
#                        <taxon idref="t286_first"/>
#                        <taxon idref="t312_first"/>
#                        <taxon idref="t368_first"/>
#                        <taxon idref="t385_first"/>
#                        <taxon idref="t61_first"/>
#                        <taxon idref="t289_first"/>
#                        <taxon idref="t428_first"/>
#                        <taxon idref="t314_first"/>
#                        <taxon idref="t400_first"/>
#                        <taxon idref="t50_first"/>
#                        <taxon idref="t417_first"/>
#                        <taxon idref="t131_first"/>
#                        <taxon idref="t165_first"/>
#                        <taxon idref="t285_first"/>
#                        <taxon idref="t451_first"/>
#                        <taxon idref="t130_first"/>
#                        <taxon idref="t438_first"/>
#                        <taxon idref="t29_first"/>
#                        <taxon idref="t159_first"/>
#                        <taxon idref="t430_first"/>
#                        <taxon idref="t123_first"/>
#                        <taxon idref="t243_first"/>
#                        <taxon idref="t27_first"/>
#                        <taxon idref="t338_first"/>
#                        <taxon idref="t308_first"/>
#                        <taxon idref="t162_first"/>
#                        <taxon idref="t231_first"/>
#                        <taxon idref="t153_first"/>
#                        <taxon idref="t341_first"/>
#                        <taxon idref="t114_first"/>
#                        <taxon idref="t331_first"/>
#                        <taxon idref="t424_first"/>
#                        <taxon idref="t351_first"/>
#                    </taxa>
#                </trait>
#                <taxonset idref="taxonSet"/>
#            </tree>
#        </distribution>
#        <prior id="originPrior" name="distribution" x="@origin">
#            <Uniform id="Uniform.origin" lower="1.0" name="distr" upper="1000.0"/>
#        </prior>
#        <prior id="netDiversificationPrior" name="distribution" x="@netDiversification">
#            <Uniform id="Uniform.div" lower="0.7" name="distr" upper="0.9"/>
#        </prior>
#        <prior id="turnoverPrior" name="distribution" x="@turnOver">
#            <Uniform id="Uniform.turnover" lower="0.2" name="distr" upper="0.8"/>
#        </prior>
#        <prior id="samplingProportionPrior" name="distribution" x="@samplingProportion">
#            <Uniform id="Uniform.samplingProportion" lower="0.2" name="distr" upper="0.8"/>
#        </prior>
#        <prior id="rhoPrior" name="distribution" x="@rho">
#            <Uniform id="Uniform.rho" lower="0.7" name="distr"/>
#        </prior>
#    </distribution>
#</input>
#
Sample	TreeHeight	origin	netDiversification	turnOver	samplingProportion	rho	posterior
0	3.755443762821271	471.177291879275	0.8299642938061165	0.4677292335837642	0.7273777563890071	0.959640828333795	-1797.8433732033354
5000	5.69135020153367	78.04391730250087	0.7567764528261953	0.602604038330542	0.20289666158339223	0.7797719708478168	-591.0573431588341
10000	3.753472433836048	4.36771577513025	0.8781577888505429	0.6779664175183006	0.20515317500985372	0.9674105878259815	-427.43257223947967
15000	4.230551257827793	4.513640256437711	0.7922788423338717	0.7019060369972562	0.2025017154981105	0.7617783189282702	-431.3198682004055
20000	4.0672496871461465	4.243715389911774	0.8388444438950148	0.6588223746545021	0.20048539912369454	0.7544262365357688	-451.38429970627743
25000	3.742376607155349	3.778696967418379	0.8966111162773626	0.6213335836437478	0.20938331900818366	0.7532174511992648	-471.3055157751067
30000	3.686629133192223	4.042921436355861	0.8697627890200987	0.6630478258456204	0.2004153326174344	0.7623870039673978	-485.81483229968256
35000	4.282326299916221	4.447798527673115	0.8834322668748406	0.6168683947987781	0.20534319529515135	0.716475285500547	-480.489246674265
40000	4.1557326674045525	5.401216904039141	0.8803478308292997	0.6277257227101243	0.21090495305643273	0.7773643179549314	-498.8043821305696
45000	3.8238064396155145	4.311968102170953	0.8771909151014705	0.5882494967656334	0.21087907884323204	0.724070048116423	-507.73669907534327
50000	3.794283655961234	3.9748767057640575	0.8726388274907398	0.5801070648131087	0.20388312532648656	0.7066715273384405	-536.598414977646
55000	4.522846096327027	5.096355274560931	0.813055937368305	0.6201624836041815	0.2001526962261778	0.725467977918202	-550.8089388887125
60000	4.852388775421895	5.511256754867583	0.8264283963279897	0.5537531028468142	0.20335635819791634	0.7214211105487661	-571.7294543585969
65000	4.24221602048611	6.1162143456829705	0.8683109373691834	0.5664051332984785	0.20226997827313084	0.7339769847595518	-580.7567418384674
70000	5.171964943989577	5.701435681634894	0.8943097124353678	0.5176895748407606	0.23402526715237335	0.7194197799234044	-586.0744525799681
75000	4.5062068036505325	4.713572531481952	0.8762461814904073	0.5590171180231819	0.20256440562795602	0.7001424099323144	-588.4822751478316
80000	4.515794110297012	4.516924458835908	0.7475376026275984	0.6054613528194787	0.20942154702566357	0.701235228830872	-555.6643040852045
85000	4.142761232084023	6.1700496668042275	0.8672989049230103	0.5408493380638228	0.21262927895487727	0.70019130074522	-609.7965429002691
90000	4.731302817247516	5.9222173721688645	0.8586188926147805	0.5485071410362458	0.20830331082068645	0.7012756718661414	-575.4055515701888
95000	4.618874757041602	4.833581567057026	0.8464408413408935	0.5762482622308804	0.2022771498975702	0.7116733102403819	-573.6954457293837
100000	4.426694283524768	4.555977389172897	0.8852565332277379	0.5814028433758026	0.20097399134573496	0.7239468567747788	-542.7912303253846
105000	4.411054289407896	5.082115786204742	0.8823972287936825	0.5614872400653409	0.20120975403214808	0.701469814603348	-557.4794299946002
110000	4.271865957102433	5.160698600550449	0.8699739882520339	0.5864990136099888	0.2022390602029684	0.7041560060748934	-527.0754786663115
115000	3.562243003681469	3.631280271455904	0.8521724833067434	0.6222827937152281	0.20203379425761817	0.7881353759774936	-511.2314112588784
120000	3.765832459969471	3.982746607857163	0.8837327207605754	0.611466321241977	0.20109629498352236	0.7060522738951374	-506.12110627618307
125000	4.477924127469391	5.19699958774816	0.8716056849567423	0.6164071682560377	0.2017394583441086	0.7296356581629152	-489.8216375846634
130000	3.9063681093569507	3.95009130043122	0.838172842896508	0.62403154339981	0.2015872087049904	0.765175991152142	-492.9640229191328
135000	3.799428714640033	4.066064212371545	0.8866234765051721	0.6133693625624215	0.2132536263320702	0.7960760968839223	-485.7998538909304
140000	3.677896350002944	3.680454979675631	0.8749995868754613	0.6094271582715712	0.2063406193960813	0.7284564180573146	-505.648082069826
145000	3.944101113210776	4.673259946689238	0.898463418552511	0.6188175010146448	0.2036210781485378	0.7745556442599665	-492.47519541441795
150000	4.475103247343726	4.738731402342914	0.8630627160596668	0.5737458205078478	0.20679420316141509	0.7142510988669681	-504.84539662083034
155000	4.057407502921055	6.877302548178292	0.8926550918618729	0.6125620597311238	0.20114586593844788	0.7027241945811475	-494.1779994255046
160000	3.970009418063482	5.641121394598451	0.8930752966257219	0.5964258171842218	0.20351674532861347	0.7579156192244885	-507.02621432273986
165000	4.1762053001455435	4.350619019445812	0.8186362874953815	0.6165199746221752	0.20303540264530925	0.7581860394501052	-543.0567250819622
170000	4.704286398345831	4.806754261508714	0.8377161448118626	0.5891501165941109	0.20155563836706947	0.7072487648424133	-567.2114286620806
175000	4.518554928636234	5.301871393048021	0.8745658869606994	0.5957580496121653	0.20196096600155866	0.7523508958084323	-537.7277754191206
180000	4.762743376643147	5.135291577319539	0.860076491337602	0.58192850726524	0.20787086424549706	0.7367023501674885	-539.8494986029283
185000	4.7025641260258375	4.975693863071945	0.8854224089100718	0.6063850932447576	0.20497517841413737	0.7256938440632339	-531.0901574076327
190000	4.088672801212218	4.603183344685669	0.8956350708768325	0.5674732816329753	0.2056603926226911	0.704113522094773	-541.4120852676481
195000	3.7763337808580912	4.673226754691535	0.7657108899550634	0.6072778213836054	0.20166262492339782	0.7512997993090004	-567.5686565783755
200000	3.7302367471217743	4.163700980524966	0.8764295873301694	0.5371205958359605	0.20667693117537903	0.705790231202272	-599.8470573022641
205000	3.588962604428303	4.461706619548709	0.8989810921817518	0.5910240142655283	0.20379714279003888	0.7091571447465654	-529.7641982148547
210000	3.937925692415773	3.9819937541789656	0.8939460035596429	0.5729810988982489	0.20000181105208803	0.7093467685670596	-518.2030427717142
215000	3.7051694734958787	4.806275770028063	0.7301970965343088	0.6214750081184952	0.20114813570201073	0.7036928571956538	-519.3820466635219
220000	4.803689163366615	5.1057859168080375	0.8552200278467011	0.6043851179675909	0.20175522212702676	0.7018271826477327	-493.11809289906944
225000	3.5487893068843968	3.9919671842406657	0.8669500449662932	0.6519579247787342	0.2112544160945161	0.8291649619342404	-455.1956479863063
230000	4.074343058653924	4.1265947177096844	0.8454153210323712	0.6079565988770023	0.21133705186158658	0.7289508721095433	-484.8031947432536
235000	3.8408881775535404	4.0719562135981455	0.8689015775530089	0.6130769358750052	0.20091342225864922	0.7018348658425336	-485.1645028477704
240000	3.966924630062774	4.054285942079495	0.8771503569858593	0.6004197727681345	0.20275808756853198	0.7448323460907159	-474.6701153831588
245000	3.493166635484565	4.2442410084926685	0.8958761546450547	0.6143236544194886	0.20279456505411453	0.7261808167376383	-463.1369223344536
250000	3.6180891066724437	3.7066947239387313	0.7952808097391897	0.6712574235492047	0.20612377693035083	0.8774932662483259	-452.0427238691947
255000	4.474125228933152	4.740075895104503	0.8391505817366536	0.6377561639022574	0.20196097146575773	0.7400909630822384	-466.6375316932529
260000	3.741377706994608	6.460754921675127	0.8869333561456737	0.5744058112442013	0.2144625737917007	0.7134471568083607	-493.5141038366097
265000	3.599854110196545	4.326825115038259	0.8399522594687002	0.6344729347374414	0.20271196776929223	0.7066482324695711	-495.64229243927934
270000	3.4748017321157563	3.740141943944184	0.8752841383940091	0.5875646898971755	0.20081147946171068	0.7252665240129139	-490.59739468659103
275000	3.8717831393697817	3.883379043905927	0.8933065369724239	0.6243673080056694	0.2052667570139309	0.7354010665695615	-474.39201990006507
280000	3.9258889655321316	3.9551898818874167	0.8785626694454479	0.6379905722027592	0.2027857106592469	0.7541272266100629	-478.14848509671157
285000	4.210542302548729	4.556880427792941	0.8842559978103861	0.6224394932637888	0.2004846203863207	0.7955641775166409	-466.0874498320729
290000	4.03058320094811	4.1555792026323655	0.8724965197850291	0.6374907926377107	0.20964849811489772	0.7894847579243864	-445.97515114169136
295000	4.13379851010749	5.78747133338819	0.8992279243017458	0.6175607220981615	0.20133592035121417	0.7573763681210783	-474.55485178295464
300000	4.258536524099637	4.474619787209741	0.8365465619035364	0.6305188280019519	0.2008561168019373	0.7534554265761398	-504.1547733225648
305000	3.9300479277909233	3.942284753523199	0.8955025461041684	0.5910147915301404	0.2011913870623573	0.713714224305136	-500.1451123425709
310000	3.7175204763392187	3.954251377460147	0.8149121922226504	0.6073467394241991	0.20219783443216166	0.7014890030605113	-503.11231420021795
315000	4.173621831712831	4.743787807482582	0.8521315445534223	0.6295098086378744	0.20037261409721038	0.7068634164914004	-483.81220914680466
320000	4.380134446578389	4.689289442352877	0.8930069229653574	0.5976305708922606	0.202936359195977	0.7846721370085655	-486.0609803949397
325000	3.712364572191664	4.448602254039914	0.8653994481230716	0.6357710957684558	0.2007935426779165	0.7538163957100416	-513.0331763131122
330000	4.133079540304273	4.963455925480365	0.8892174015741465	0.6000731448925993	0.20312229557506106	0.7066655394047258	-489.41903706321284
335000	4.907651065149437	5.583876276121805	0.877137164932756	0.5685572116434877	0.20038488569694657	0.748969523115419	-546.3305484903219
340000	5.114689510383176	5.7899708928577125	0.8301092772036556	0.5439229684125602	0.20323353575202344	0.7052443412468008	-582.2197562139571
345000	4.387327513568817	5.5545559981187465	0.8457621578950005	0.554418689164676	0.2067766704008153	0.7165861771412501	-582.6908131996148
350000	4.087518088693572	4.611140084358638	0.8866482677392296	0.5557884309865723	0.2023772025766012	0.7177447872062632	-579.9893759923332
355000	4.668975894480821	4.899018850456181	0.8219085520157654	0.6031602466884883	0.2002213841010452	0.731760981749004	-546.6044642253892
360000	4.3816848022271815	4.603062080913302	0.8214844697084205	0.6281305575373564	0.20000575093152803	0.7196339696532903	-534.829212705389
365000	3.875834212859002	4.513046044149453	0.8386900885056524	0.6103661990062831	0.20333622870455514	0.7311545671885673	-521.0947933136624
370000	3.8224870164898035	3.8304597510538727	0.8870104544077303	0.5722480369859438	0.20044256215476444	0.7188775512057347	-516.6517391109006
375000	4.020951954639721	5.183910572364416	0.8947462869305325	0.5820260282991481	0.2064406126738165	0.7393800747747942	-541.0806521862137
380000	4.817963723674643	5.369951900563494	0.8630389151273152	0.6065978240372923	0.20033823169776194	0.7114633595114882	-537.2277925517046
385000	3.902156418002078	4.593267748289517	0.8715464171551253	0.5743850726666251	0.20622715239709108	0.7039559524918706	-515.6372008628302
390000	4.738477857254896	5.148223361018046	0.8712606047333591	0.5806514152526558	0.2016506424649809	0.7110202439814717	-547.9225540782013
395000	5.017331830311557	5.809410820516091	0.8744582632672667	0.5919141150427399	0.20483724611670528	0.7777946869188669	-531.1521614328361
400000	4.094883854983394	4.876786199375774	0.8967336974573272	0.5899293732626772	0.20068319358222902	0.7539204542619724	-518.017744314006
405000	3.8689708715645206	3.9292581741580905	0.8633728907839425	0.581931735851587	0.2018376160871023	0.7236710952623316	-530.1757694563062
410000	3.477966030640997	3.498786033855179	0.884956730767511	0.6271542804486427	0.20401768419282454	0.7002443663365614	-508.83669171830263
415000	3.7746816023612926	3.808223931498656	0.847486299289967	0.6203368117728915	0.20162213898930736	0.7071007481237838	-491.62531326186195
420000	4.307853213724337	4.537024339480625	0.8732318206617485	0.6288249172727177	0.20193959439434686	0.7374590384717983	-538.7087296382748
425000	3.662151796712223	3.7530708866146214	0.8979517866214717	0.5957499181740643	0.20703400819245746	0.7328299943175598	-532.6627341056369
430000	4.134836800269834	4.9604521670667765	0.8030412395174842	0.5944245996556095	0.2027982499889315	0.7007268753237066	-535.1750027540711
435000	4.400491611760381	5.0737704293231864	0.8932679907248847	0.5885735134168677	0.20831365947339933	0.7089444512224581	-514.6272603083436
440000	4.366973580420591	4.418866311460341	0.8865874607163224	0.613761505409532	0.2042515096112256	0.7064715945900357	-491.75115555884764
445000	3.820778199187516	4.426215390020147	0.8960281055462958	0.5872807900621771	0.2005052539838039	0.7503295421176497	-496.88934646694247
450000	3.666633616856681	4.213378138402503	0.8751488753152221	0.5803385760219151	0.2012414594790478	0.7016195246457135	-522.7829724141069
455000	4.739944299094892	5.132020867488956	0.8616749600116964	0.6305932878552772	0.20326753518814406	0.7892314714201313	-493.8065922678215
460000	4.6022378873119765	4.739750783201389	0.7932358259720594	0.643174276283072	0.20621317460094943	0.7264394632488996	-486.89328378508844
465000	4.2674157189575475	4.357808215032286	0.8822019934562308	0.6325296788083188	0.20030249150212132	0.79057536668289	-453.02091600695314
470000	3.933850086320761	6.106151758561085	0.8713494223677185	0.6374350864288398	0.2036303880641488	0.7624268243831954	-466.9834134462509
475000	3.7701052890392357	4.683890295348334	0.8379248217586476	0.5977555635230012	0.20218856475534647	0.7356449728536546	-491.1305029571263
480000	3.6765202326818724	3.726776833868627	0.8963535039890292	0.6141932574923509	0.20067547164550106	0.7240503901518859	-510.2020624274474
485000	3.7235839133866513	4.099304851123534	0.808246777274272	0.6127059708665301	0.20229345392265538	0.7552562327806376	-529.5045681634539
490000	3.695496135644286	4.559316832959786	0.8956472710801578	0.5690269573130706	0.20258715333589414	0.7242722802499173	-559.8620904559729
495000	4.465037863213689	4.9043356894369845	0.7639375298709997	0.586005439614017	0.20092726802424807	0.7092856514451837	-608.016055086344
500000	4.601910519909381	4.634419761899944	0.8754356205254449	0.4885547903193382	0.20321684441805177	0.7095598816127641	-620.6590194140952
505000	5.428302283299571	6.048679340556426	0.8024086250279324	0.5268469154879108	0.20322535410967893	0.7287599004713803	-621.4774688110351
510000	4.495496885345225	4.733150303200219	0.8897176135930073	0.5204802712249482	0.2034098509532794	0.7100013190303756	-588.7242046823147
515000	4.195910864450963	4.20496579787987	0.8900874539705358	0.5364622284954471	0.20338580271424078	0.7120302635132839	-575.0052650266878
520000	4.650882081023922	4.710134924270442	0.7472379360911859	0.5972801460314237	0.20219856950221263	0.7131260166091339	-569.5634819409213
525000	4.990686916272444	5.604220950320078	0.8608443207891139	0.5626119702350696	0.2111808251252817	0.7027536541791445	-549.7705725407696
530000	4.147415536562707	5.410665890849615	0.8858069544411477	0.5319078564492408	0.21313676725252315	0.7118803848987495	-570.5509906060561
535000	3.8442116881242923	4.402088870778464	0.8814949655769316	0.5766628636176778	0.20095040583456278	0.7054793875644012	-536.8402015843956
540000	3.607744787089334	3.9650068569351156	0.8597191143421336	0.6177047117363687	0.20155296657715888	0.7270783703586855	-516.1799859153174
545000	4.778427793505784	5.564405244193139	0.8562223434623079	0.5638162206601817	0.203473858683676	0.716086782379842	-537.5505878334476
550000	4.034894340440224	4.555313290338495	0.8465978455576336	0.5870927242645627	0.20560182774738495	0.7182705495713626	-534.3202158915151
555000	3.7961100163268977	4.21039895136107	0.8726271161448896	0.6292160606598003	0.20148825704347154	0.7100971707512157	-545.3754795114359
560000	5.315314314796867	5.3671144209337625	0.8629685323917654	0.5825211611705374	0.20201181330627588	0.7030264358030055	-530.3082524769304
565000	5.008891194299152	6.604057363801794	0.8594453408906111	0.5895965791900558	0.20003339603721632	0.7085364909934712	-564.5466300074429
570000	4.553518268712031	5.709244490063614	0.8426705399500865	0.5515576903631758	0.20010764724051247	0.723308464715107	-607.472649904643
575000	4.235526790930988	4.6966560163256	0.8777710300352075	0.5487951018236066	0.20510806408840213	0.7117532941330145	-589.4260185620589
580000	4.778419281634576	5.2822068598616205	0.7836664884743034	0.5933800634619911	0.20517313976194226	0.7126016977563496	-575.7836130604136
585000	4.422996195052182	4.808761535835255	0.8957529127579346	0.545240893969662	0.20023917103579414	0.7062221545974843	-533.0389647176023
590000	4.7006856440947855	5.137887507308716	0.8406673689459576	0.6040107227828595	0.20283935956104523	0.7666732396623033	-534.5780722000592
595000	4.990082956235202	6.578668659682608	0.8542769777433901	0.5938736626794013	0.20184763289247076	0.7152413297388239	-545.4572206716479
600000	4.363416997632633	4.384826487435019	0.8895786565065636	0.5691420451466239	0.20714373021153346	0.719917556472331	-550.4884750253661
605000	3.7558164133562304	4.073449892143884	0.8984222054804386	0.5164561065548828	0.20046997878450307	0.7096601964934363	-572.2550731247713
610000	3.7531135771978623	4.478889233576896	0.855668553506044	0.5661856149874581	0.21060513753287285	0.7192963894236957	-579.3216999572015
615000	4.184447070842242	4.267820991917799	0.812481171997378	0.5546146977409215	0.20486513955272395	0.705000560239498	-592.9401309858126
620000	4.587862985120886	5.248049324572713	0.8677707139121538	0.5432732526082925	0.20036179292186887	0.7531713662838648	-576.4517972471979
625000	4.112631224656097	4.983574382847456	0.8733867279239816	0.56572284017297	0.20018929806305086	0.7100692837636214	-586.3036477632514
630000	4.120137796696036	5.452438139068144	0.8376801081660586	0.5667441900720797	0.20540128995252546	0.7088500134861571	-583.2659170878861
635000	4.095654142086883	4.63825170122209	0.8693060048576197	0.611959538924571	0.2009041967905539	0.7631334684904122	-540.4789640054979
640000	4.280827210585726	4.645186730372234	0.8708506304504129	0.5699236589354878	0.20283074835505344	0.7012268470992626	-564.9284502260093
645000	4.402311363996329	4.499188191350583	0.8558489314439119	0.5785769066638278	0.20484415428312952	0.7101863459228936	-565.9764248055816
650000	4.573421350517158	4.824190409112484	0.8469211719581906	0.5204135301321525	0.20768146425711917	0.7156787030678463	-582.3069098284606
655000	4.728674993982516	4.8311586620398055	0.8016112111488334	0.6191506286128765	0.20167323639371934	0.7336874168003829	-549.4453105064083
660000	3.9773892118836858	4.749392169469344	0.8795514592440334	0.5984364329944092	0.20162508793703787	0.7028324366466108	-518.1413159089591
665000	3.5605839464996287	3.758098348416337	0.8835954227337836	0.6221499511979185	0.2028424032198212	0.7885560207614952	-487.68430962150956
670000	4.417941028127499	5.450729276710081	0.893182520236933	0.6303793166162307	0.20520147076393377	0.7036827940695952	-490.7273504882219
675000	4.158905345084113	4.962643041072693	0.7947952106656165	0.6121433185810176	0.2094153232647558	0.7011528786977763	-515.9504437600925
680000	4.532146820564261	4.842437642531961	0.8880277673123753	0.5542536387012438	0.20064839472071896	0.7344911556454701	-551.2078147592384
685000	4.518210455449346	4.599116143427384	0.8610567649532379	0.6132643594138212	0.20343677659392762	0.7246383163404798	-510.38830124451493
690000	4.391549622501707	5.858732092808011	0.8917671355488295	0.5455592730383452	0.20960198763389556	0.7091851201526114	-562.8378948276351
695000	5.820393129063813	5.837854635693516	0.7660540645725361	0.6072200872616278	0.20259990658755697	0.7574380038085429	-602.4127702544436
700000	5.365909753793184	6.022995651313125	0.8910091648277706	0.511648992711985	0.2023957115341728	0.7508731558160464	-584.629764042104
705000	4.828360513170191	5.41986311667696	0.8367375237587409	0.5829668277508997	0.2006653202450836	0.7147419496986895	-583.26038282299
710000	4.1250635312017065	5.943088071196928	0.8897404796679799	0.4879798145695467	0.2118545269592005	0.710797479572248	-578.0454981986679
715000	4.151908080339279	4.455281530708986	0.899274437845589	0.5524346620411756	0.21089505534156955	0.703512755070978	-550.1949631730649
720000	4.311349809017322	5.2339196200618225	0.8672210316485665	0.5648176694638768	0.201359126775356	0.7439945941101942	-548.334249642651
725000	4.645326395670175	6.467737370374652	0.8754888573423503	0.5936582527017974	0.20135095738156325	0.7487517678263224	-536.1016131372133
730000	4.197454089059277	5.2172221305120665	0.8759149373987356	0.5715045220641504	0.21468771494178357	0.7509119349179296	-549.8796084887193
735000	4.627501331118579	5.252548945234592	0.8285319689989512	0.5933854011440581	0.20127447321897854	0.7049142305971465	-548.0152407612529
740000	4.383180893271293	4.530434888344092	0.8363385094504258	0.6121743848167266	0.20628204634879121	0.7519161144040528	-528.9986474588264
745000	3.7979884608129	4.002675241693664	0.8891409623754478	0.5935833229716585	0.20663946544504141	0.7505986564628953	-533.6085490951109
750000	4.329296623391819	4.828962479416808	0.7587642213093655	0.6113845527409166	0.21008493605657647	0.719329047864899	-534.12053338047
755000	4.847384751493235	4.848133500074993	0.8772773878590631	0.5779577469551901	0.2006885119861048	0.718453684346986	-569.8417471641418
760000	4.7929282185623965	4.837701334076298	0.863669769255955	0.5457162037958369	0.20430074960590403	0.7494951967086274	-566.4502460470795
765000	5.050598365962712	5.0812104477993625	0.8781734517857478	0.5352391911401518	0.20809630969391224	0.7029659634306684	-591.4453017125663
770000	5.012759376809299	5.331493361534138	0.7717687757575941	0.60086637190303	0.2083862172201615	0.7080897921233644	-562.9131123588761
775000	4.8987499764923665	5.3890155587615745	0.8424621998233619	0.5400479374771493	0.20286350231295935	0.7037840930347158	-623.4821798475386
780000	5.939464119146192	6.777607797417202	0.7551246572933749	0.5682738730684305	0.2006617611397496	0.7031419872391311	-611.3475399773567
785000	4.644781586242213	5.277041638285795	0.8243909063977524	0.4540305183532423	0.2206187635250661	0.7160376014984466	-687.0683324841142
790000	5.077000554028816	5.9141782610185	0.7411275263775741	0.5235354051195124	0.20201001345495861	0.7027589638934879	-670.037317030431
795000	4.116576121195146	4.217164885011129	0.7859063205023908	0.546734941253522	0.21313500644957714	0.7065021424640026	-630.8581245694198
800000	5.218933719107522	5.730184948144023	0.8865080369751007	0.5255393817134457	0.20573367551569452	0.7514096732977807	-602.1354762559146
805000	4.571838393528829	4.786526778746956	0.7534070611726462	0.6046699371190001	0.2013920275516273	0.7159965065796527	-598.4832070498246
810000	4.456921396638421	4.854700458057351	0.8865136829832665	0.5470890145241862	0.20248028384442887	0.70673488239332	-583.9760428666314
815000	4.101765021564403	4.140925602050769	0.88885878116432	0.5671132027272238	0.20435743353010088	0.8125241663303384	-574.693323206954
820000	3.7731666231575023	4.0403973799327035	0.8349938352660979	0.5466212115290119	0.20968850096560934	0.7096835420896221	-564.4770065030145
825000	4.017028664829156	4.726991691335223	0.8823976191161368	0.5734323964810072	0.2055044045199152	0.7074755504701133	-557.4283166841094
830000	3.859242488398865	4.4585004151156244	0.8803102335606794	0.6033150244317349	0.21117794240239823	0.7260305137553933	-531.0944075367894
835000	4.884671668380115	5.021763402748025	0.8445367157241204	0.6272708176470163	0.20338474487451197	0.7519023795260681	-460.49635459987826
840000	4.121873145803463	5.577763488727331	0.8856163187035696	0.5895125243881068	0.20410334168939778	0.7551690672761154	-481.98969964386754
845000	4.454815441181036	6.175145316409682	0.8553613364330412	0.5852939431066505	0.20027371591877288	0.7372605157582178	-510.23423948688156
850000	3.6868941645516378	4.103973638523427	0.7289541644157206	0.649674162312672	0.20320227106702884	0.7719102586235156	-495.5403516094501
855000	3.9863302894818013	5.364565212978026	0.8755456508667542	0.5763807041200053	0.20485995666423185	0.7103613029308573	-515.5378406944202
860000	3.624766661865366	3.6758100163875347	0.8878066754278277	0.5809169924679359	0.20613564421744734	0.7245261175960143	-509.6186037554245
865000	3.4239505358606923	3.678494751266382	0.8607143863233933	0.6565497943781352	0.20311729508856147	0.8200723115340363	-494.538281285116
870000	3.558998973492577	4.64757288280134	0.837014521041063	0.5496424092481055	0.20309984775385914	0.7434111110841487	-532.7680535226473
875000	3.902460822504779	4.105714083933034	0.8717076506116531	0.5570062622781091	0.20890153541279474	0.7226459425212871	-548.8306107929283
880000	3.8061333551259153	3.8795482281943268	0.8841776750192335	0.5749574013136064	0.2193368103819502	0.7060729900370574	-522.9666707205812
885000	3.5439955475247564	4.291577627746727	0.8756880148687762	0.6049890837850136	0.20152232147389643	0.7475348408010274	-489.4042967394111
890000	4.170726451040575	4.694196624104296	0.884233960756304	0.6391885003183501	0.20385587035026473	0.7344091116095969	-492.95615549127757
895000	3.6536894053713747	4.231689407270177	0.8991649711059682	0.5695432306539039	0.2006852020195844	0.7062816516596212	-511.58624059753816
900000	3.690174391454536	3.7747149644348954	0.8734065449151337	0.5880004990290454	0.2117177542500791	0.7365030178399198	-506.25779635178554
905000	4.076387168658135	4.778981590353965	0.8438887953549973	0.6377837989351134	0.20507369932892278	0.7355976119758767	-505.5468759211878
910000	4.034325814825928	4.63951204793288	0.8821992235100784	0.6122962853271676	0.20064500062964938	0.7325274550541285	-509.81120486379183
915000	4.2105188700979586	4.455739132140485	0.862427084552246	0.5857730793689568	0.2065622729614123	0.7667906911373398	-524.0070731301201
920000	4.280437992206839	4.4896189707986505	0.8511831052801075	0.5673398811622334	0.20943039944219274	0.7013363520650547	-523.9678253568101
925000	3.475923746982614	4.400042334162398	0.8691750167624289	0.601387863520178	0.21366257293667298	0.7243487546630745	-526.5526990999301
930000	3.7030936814131516	5.111332594176575	0.8890898692466933	0.5482464942656334	0.20729346416735275	0.7075168167453832	-564.1854870429335
935000	4.28506954828905	4.821537788056031	0.8144047644945283	0.6261124774734004	0.2005265340973461	0.7012855925708147	-548.0822227426182
940000	4.364307409580076	4.540379543255428	0.8880626001474851	0.6106171163739745	0.20955237482099723	0.7567436760010192	-530.3977259287739
945000	3.9871714796293367	4.906213194690686	0.8945568429554497	0.5838334336745634	0.20016834995044747	0.7068634759594288	-504.5685825622443
950000	3.8130547695393147	5.200656688412041	0.8065161203540375	0.6080440118313722	0.2038879027952253	0.7140280353938969	-515.7672239650794
955000	3.508294948687107	3.5870513504078487	0.8943084675263087	0.6227500935125615	0.20636655058535497	0.7641783173147731	-481.21193336227225
960000	3.5667153837676264	3.583628333587729	0.8089078106143867	0.6546229854617002	0.20527902094093747	0.826002304004135	-458.75046145055063
965000	3.5433854969373306	4.20298254410929	0.8112137132630622	0.6643781186395553	0.2052169127403554	0.784111951390958	-431.8905458305484
970000	3.38829505824506	3.4331728112474167	0.8659112030014366	0.6546638541869397	0.20389853584214745	0.7052034315073826	-427.4281288923747
975000	3.38829505824506	4.03168109860208	0.8823477516383412	0.6797503982643499	0.2001558365747611	0.7471088262487691	-406.4470498938122
980000	3.5249456690156173	4.287339280973628	0.8016025253403408	0.6768980094454566	0.20290474197411165	0.8114491279757582	-406.0551456390505
985000	3.75428349307652	3.863138939727146	0.8790985790629484	0.6593244435762873	0.20143989268547483	0.7988089551536691	-410.4134371514067
990000	3.8906125119048274	4.269768631201213	0.8967404352990004	0.6472183677857342	0.20292492730389666	0.73396860461286	-408.2604652593911
995000	3.38829505824506	4.452155996958987	0.887005995694677	0.6634558743348834	0.200953361170814	0.7404820510300879	-402.05287592790336
1000000	3.780322700587406	4.3033253404967695	0.8449165313924637	0.7001586233835407	0.20228823176022423	0.8440495066400918	-388.42671794535187
1005000	3.7246271636160224	3.916845909170196	0.8632078028653024	0.6962858469490145	0.20070937231363176	0.8658649909959845	-352.69145500761556
1010000	3.954061843270695	4.0985090490560045	0.8736241323057623	0.7089365919961966	0.20300192187428917	0.7795827996755994	-368.7642497617403
1015000	4.156143006748095	4.6930393336619325	0.862908639466202	0.6714838195984558	0.204964801113282	0.7597476280939786	-387.57970890017015
1020000	3.6839188603776263	3.740548077102647	0.8910977236848667	0.644791378789321	0.20059054578549151	0.7818374435957425	-433.8333252991191
1025000	3.751721129833697	3.9296626331089217	0.8818717414295564	0.6743879669746244	0.20637113737745424	0.8097973216376958	-411.77037466794593
1030000	4.162254900115159	4.315978493507455	0.7713289462233107	0.7004807242072335	0.200532179674106	0.7371139882570672	-452.0081550258718
1035000	3.870124898763981	5.0605551586965145	0.8298586619026194	0.6129561193869242	0.2064000072949153	0.7010044910261412	-500.27537647493995
1040000	3.9542733527723257	4.011808207972634	0.8884468209842583	0.5836270346436798	0.20181341002381356	0.7000800709235875	-505.63198346693076
1045000	3.9976643520532598	4.070662636865929	0.8062412068460418	0.5943792290891512	0.20692200670118496	0.7346080641590185	-569.1732359485575
1050000	4.470355735834712	4.526563687397194	0.8820847222291328	0.5485133878166508	0.20868618056419402	0.7012632662988939	-557.0616062984936
1055000	3.8305736460091846	4.780526702754667	0.8395401221372987	0.5902935464479883	0.20941724057435693	0.7619616913873738	-526.6157433985165
1060000	4.04732259139134	4.08728256178057	0.8518935215007142	0.5908410168712056	0.2017349767395026	0.7310349592749816	-552.4572037138516
1065000	4.286627756235378	4.5795422944241215	0.8861191917658636	0.5724431962897937	0.2019317746874171	0.7232740717592675	-532.455658896626
1070000	4.130499216235555	4.17633350157543	0.86864398430796	0.5881190989922899	0.20407846527036042	0.7088118527678025	-528.523005217014
1075000	4.215991038110549	4.226895791703318	0.8930285040325654	0.5918928413352733	0.22179195233289883	0.7375234503556346	-508.4021424375486
1080000	4.579509878567046	5.39759193303568	0.8368493637964021	0.640006205936641	0.21217731199996726	0.7428339578402693	-502.9752562424762
1085000	3.887788881940425	4.079225941618936	0.8781801352595932	0.6064359959100835	0.2045038567957464	0.7259365409227122	-506.9255620017058
1090000	4.134450841386847	5.279633543783679	0.8493571264832164	0.5972611587520404	0.20168289129047323	0.7462504973082977	-546.5379830298729
1095000	4.356021846849274	4.741713377196972	0.866372200465408	0.5542245585170685	0.21536116321776957	0.7442194356493259	-550.2312841686652
1100000	4.094407203166395	4.838226646773727	0.8920960625271556	0.5561195078982125	0.20507749934978448	0.7391296347935624	-561.4444694543473
1105000	4.3905868938236745	4.395210269586743	0.7902012664051858	0.5758440544789477	0.20257446653448952	0.7584372717618512	-567.368502002419
1110000	4.450308375790855	4.55350337145128	0.8904059157805677	0.5414002953820325	0.20468490387588728	0.711246581191254	-573.7104578132712
1115000	3.6453010861148742	3.661816918114008	0.8920508848430482	0.5058905800462161	0.20508668440763367	0.7517504814836631	-612.8884037650464
1120000	3.762004941392644	3.951561045774422	0.8821893477408619	0.5602177811073065	0.20006060774456386	0.7230159148742774	-585.5897209209817
1125000	5.318113931000582	5.40533859514236	0.8261965251970513	0.5539846434094947	0.205763698948955	0.7455597634517892	-598.283384432954
1130000	5.6493173129037375	5.654029686740921	0.8833959004778051	0.5382858215965746	0.20122641686706721	0.7285732904455899	-608.827311664924
1135000	3.850227103839892	4.477939734617166	0.8930339654354247	0.5332856704074066	0.20296489841399384	0.7213040706995854	-604.7902101445951
1140000	4.036282938703324	4.218293002045528	0.8894253580551991	0.5366327201178764	0.20653392677048807	0.7020415809193132	-587.1604038148929
1145000	5.475266577345144	7.359308941023061	0.8083148243667237	0.5815957498570921	0.20193030835737022	0.7471227857757828	-566.2419904130546
1150000	4.264066678719777	4.98875167843663	0.8123071030122242	0.5991397079981794	0.20254422491993165	0.7286289508232406	-547.0399309399082
1155000	3.840886448290143	4.116411971495751	0.8606508877144406	0.5486550990834999	0.22207965528631363	0.7602527204437012	-570.0213541418703
1160000	3.993211488264871	4.871139222696492	0.8797864989487635	0.5897854403326721	0.20101137176564474	0.7316466931780558	-539.721523650342
1165000	3.798753190176499	4.5419287206546	0.844281424312205	0.5965438685723282	0.212547436842823	0.7436290332562794	-536.7435365014651
1170000	3.913811098489286	4.1602868942435265	0.8273050747639822	0.6455829339975206	0.2065116445952674	0.7341084333987903	-510.3591764870494
1175000	3.6289583787383055	5.324364753074053	0.8578135617748942	0.6109037805032338	0.20018575393182678	0.7192208359728197	-482.63819833531915
1180000	4.152471737284977	4.1909265775527995	0.8809648490668103	0.6370702584658239	0.20056620428641275	0.7642537746090379	-463.70256225797937
1185000	3.885786828788434	4.064899258971681	0.850139979077203	0.6227874384105466	0.20323552432299805	0.7235736651291333	-484.67514695103324
1190000	4.1399076829971255	4.502141906321516	0.8688434699548501	0.5930720675885106	0.20242766043685254	0.7325561984673399	-480.15776527514623
1195000	4.891493255523018	4.915256662928897	0.8739144259639909	0.6225921045915115	0.2005448368279255	0.7114480905656951	-487.93748919763254
1200000	4.526428809068818	4.571180636561336	0.8958884889914605	0.6073690025171207	0.2022182542231621	0.7011579344342082	-509.75633439644025
1205000	4.615135717221164	4.643094151552277	0.8990025180333042	0.5903537965501365	0.20419468125949683	0.7283580346909166	-540.1929714095002
1210000	4.126987910917908	5.311455629612451	0.8085951455189713	0.6220975484566994	0.20424065305493525	0.7009351330763641	-521.3406030788552
1215000	5.076090761826045	5.098849523347144	0.8447030021826859	0.5897508352166808	0.20264117541990537	0.7661599926175264	-563.5633381104316
1220000	4.181940418243092	4.544975115919265	0.8685243958679203	0.5406833726072278	0.20455755828763106	0.7171935572061531	-588.4428569545147
1225000	4.247386293990706	4.926103423167983	0.8609413779417705	0.5608218163365055	0.20880902187507422	0.7196307864077526	-612.4920167877466
1230000	3.8335077065787373	4.736510189196517	0.863000662622068	0.5656568238930272	0.20293907367950884	0.723278225466129	-555.2645208417526
1235000	4.763880541085	6.240478431210374	0.8739981049519793	0.5817811801849998	0.20560543036051862	0.7120786322949362	-535.1954213091291
1240000	4.3885704387586655	5.697824481765434	0.7506916143262955	0.5987445343395132	0.20004201761277693	0.7556202246281907	-569.3942152315647
1245000	4.685819965882473	4.799301406371134	0.8788838166153209	0.5906290695853639	0.20072094081699915	0.702298564468416	-558.5813814553578
1250000	4.885472897925529	7.036007304883839	0.8395289127722345	0.5448460835219907	0.20268434364090782	0.723823483511371	-582.1156242694686
1255000	4.191280748989486	4.315510254822323	0.8356044308187078	0.6094123911442588	0.20565255363375762	0.7032521891681437	-523.6568908220911
1260000	3.9962325182472607	4.676276919667714	0.8974789102484926	0.5840144881315306	0.20197115877221625	0.7254343350733162	-490.0793759702214
1265000	4.326607190593489	4.347575060291075	0.8705290324167947	0.5597821011139463	0.2005214344154929	0.7062848562823388	-540.805314875157
1270000	4.877517852477737	5.018324766158924	0.8855943975829177	0.5513861626633955	0.20330920540530167	0.7162229589301067	-545.7792897735513
1275000	4.242118244107964	4.805029990584215	0.8824847120633015	0.6124380494824433	0.20189279967267829	0.7613198196924796	-495.0089145721141
1280000	4.462814696954017	4.75035815308503	0.8531391740832938	0.6061069743973458	0.20232831433609003	0.7009670824418291	-511.1529376982135
1285000	3.8054538952462216	4.161553239236664	0.8398615379790575	0.5812211400263733	0.20587566779822525	0.7286596870937985	-541.675756408114
1290000	3.7077874914638875	3.9222619099444715	0.7921203729094944	0.615004089008188	0.2011769626898591	0.7187505483860994	-560.23621763238
1295000	4.035186002888226	5.439337165285666	0.8933972648553744	0.5142466402323197	0.23491368310110414	0.7027936933159233	-589.6809928251218
1300000	4.304599579564884	4.881083942391458	0.8849824915032464	0.58430545971059	0.20316248994002994	0.7030909545648492	-565.6375194704907
1305000	4.929317141853616	6.243900279983639	0.7544017617846572	0.6006861694591238	0.20172599618840656	0.7089097526368797	-596.4060558442899
1310000	5.035455350759896	5.308935524348701	0.8695720235254097	0.4999602267826846	0.20235100405246897	0.7071287756625461	-614.1122698456275
1315000	4.944218884032719	5.729707561158114	0.8839036784803095	0.5388883005249838	0.20064809651055973	0.7158958590167546	-596.8279887592175
1320000	4.491011795405751	5.000283367418201	0.8666054978191264	0.5409874614860002	0.20223148279873346	0.7050346896897481	-585.6893419570404
1325000	4.922227653832452	4.92767897642847	0.8410410675844824	0.567530936708311	0.20771663104039698	0.7286717139790382	-592.6794673060215
1330000	4.663609054218256	4.844351726796862	0.7842016189875617	0.5322930224128302	0.2024525910307562	0.707821636603248	-621.2504569354537
1335000	4.849631436823082	4.894638765911358	0.8821070135503509	0.5374338509479246	0.20314775326660792	0.7088215960008422	-598.3950465267467
1340000	4.08220914733772	4.185948462586425	0.8296407776044049	0.5747543906080883	0.2056078666990307	0.7396009291966509	-580.1273969115534
1345000	4.676241287977635	4.871526434168809	0.8459053376731763	0.585248020921877	0.2048586675789107	0.7058004079319666	-536.2171740794989
1350000	3.5594321659350663	3.7770954326362403	0.8948299890103647	0.6016500838910412	0.20073080956374045	0.7279757606425356	-507.6966787073852
1355000	4.383872383906813	4.620045051743005	0.8880316746014256	0.6156875470461384	0.20796854944497725	0.7530897380175053	-510.53670794424016
1360000	4.237978094707005	4.753057693456532	0.8601273320222462	0.5814806821881523	0.2006808124314753	0.8026455448012543	-545.8208304881894
1365000	3.9908619097670326	4.584578205495041	0.799566463635748	0.5723781464487414	0.20315344557066828	0.7155796491596114	-576.8282375299547
1370000	4.571401948574294	5.251540670782214	0.8854220920340387	0.5795383757709723	0.2041328197741284	0.7214603652870528	-540.6596169283238
1375000	4.043177689179708	4.55731975521522	0.8677807637460858	0.5940283559732255	0.22305800709966697	0.703359957901824	-531.7109482689062
1380000	4.7990413763878745	5.025809339716497	0.8935587038222411	0.5845441736234626	0.2020415551547291	0.7448291180115713	-496.1541626423686
1385000	5.27321143192798	5.280003628470289	0.8965913240423162	0.5784487834961206	0.2028032331940884	0.774194628513945	-499.0816023859847
1390000	4.3427373713072726	5.732995760756292	0.8837380896255853	0.5724509357081724	0.20025723509918386	0.7138352839165575	-542.3842429448935
1395000	4.653651440247738	4.883073888911025	0.8024036275651889	0.5780468440161114	0.20106451611901593	0.7109761127878895	-581.2304052176223
1400000	3.988315562228468	4.249444716832314	0.8913572336049373	0.5907241496721587	0.20276366935624232	0.7382342555772018	-525.3697249508825
1405000	4.145893361790044	4.450302627221744	0.8073351017013816	0.596346876676813	0.20373623729417478	0.7384571999055569	-547.1863257581169
1410000	3.8411741188287376	4.803726700118844	0.8783123378649077	0.5890956907059535	0.20171865573904033	0.7037009575991973	-529.1759426047821
1415000	3.950973588135063	4.276919008470614	0.8315252430248377	0.6077244197036563	0.2065043928614171	0.7641927255873535	-534.5367272806468
1420000	4.21285401259893	4.339207980424116	0.8720782668525975	0.578635608315487	0.20363916234470383	0.7066033001753567	-551.2494905895295
1425000	5.546826349784273	6.116887987094799	0.8260827271544907	0.5744226927924155	0.20747904052831215	0.7331552236241464	-561.6124597617893
1430000	4.324696797394009	5.723050785349138	0.8821873153089631	0.555980245677711	0.20442901730127014	0.7180262342929833	-545.9512834934906
1435000	4.798164895237347	4.848889653504508	0.8243184541660098	0.5800873871753879	0.2036087223987222	0.7016695333147451	-554.1982102319079
1440000	5.210419317767379	5.2494687554864345	0.7955823085462508	0.6280671402267707	0.203494645833738	0.7530147499540428	-524.940005753202
1445000	4.829390598449978	8.840684955378075	0.8263754509670355	0.5880088759627758	0.2041445815004842	0.7074373280364571	-527.551260361174
1450000	4.328343790813751	4.530445112142386	0.842376350285543	0.6058365028102239	0.20012336033725753	0.7926483704207888	-512.2795919008878
1455000	3.8861073018265104	4.719379837045561	0.8782100001499019	0.6291455829865676	0.20114815326118402	0.7003964907246838	-478.3770387520379
1460000	3.7510944446311343	4.633520947126139	0.8869574206071931	0.6715309794772678	0.20160424847980318	0.8105531084792239	-424.7674619537814
1465000	3.4739572334762174	4.632458498133537	0.8605496888317689	0.6397122973047393	0.20323781301334112	0.7484296411932232	-469.70539026648044
1470000	3.403657776885944	6.072764207226339	0.8443732352754948	0.616179098608477	0.20173048859109596	0.7039251260451275	-475.69690800235236
1475000	4.1001513147159665	4.258371636483085	0.8839790811120629	0.5890903340919822	0.2047329653882414	0.750432708034135	-495.864984875945
1480000	4.056743199212054	4.911050828730512	0.884409370865369	0.6077495009983002	0.21660420133472238	0.7031359618555582	-510.070635126759
1485000	4.306292140914597	5.051107039191731	0.8691477272483974	0.6023486340263594	0.2015427813387826	0.7119879333416702	-516.4105741685873
1490000	4.165540644299144	4.638165061158769	0.8594010801922161	0.6238771424699887	0.20023097202417367	0.7933075105261485	-514.3706567891841
1495000	3.5359803874306897	3.8913429234919916	0.8653338242950169	0.6398948976223742	0.20114179454052677	0.7182549396599129	-453.5355972230282
1500000	3.736359847848782	4.25219880614775	0.8923476033151639	0.5999021427758348	0.21281599476096447	0.7115977108011304	-464.9476791590565
1505000	3.5724856421580085	4.452537746688391	0.8916773362682686	0.6136862001952421	0.2098894717559837	0.7409700472893886	-484.0216249116815
1510000	3.8076570408554065	5.294619428476702	0.8977073964810042	0.5964586501319566	0.2022872993185944	0.7211242095393057	-496.17025936623554
1515000	3.71566532767246	5.28358254041614	0.8362465915495995	0.6112372114917122	0.2004053506135956	0.7070592779761372	-496.4229535906539
1520000	3.396277346289197	3.659506012804092	0.8644732140688018	0.6546119571255868	0.20143260327196288	0.7596888257608343	-473.1601347346274
1525000	3.811865262186872	4.0758452852731555	0.8277010436789011	0.6404467787510436	0.2015233092404134	0.7471549810008423	-471.6728191047835
1530000	3.664050435162942	4.124296603958183	0.8959025802632238	0.5962573399470732	0.21007161919371042	0.7322611880469472	-480.1535602748634
1535000	4.217523641008087	4.660392620929799	0.8422702349228255	0.6098479172960755	0.20280573858608922	0.7302009362558408	-509.44044867867274
1540000	4.0938414225759425	4.35341981620416	0.7940478213399106	0.6333402577923424	0.20078751854256774	0.7058907445621055	-519.2332223486703
1545000	4.387211972628979	4.961966846251996	0.8863793491676653	0.5667069067017648	0.2000359339248072	0.7100969920858397	-545.0277923674525
1550000	4.506972026880602	4.605104145895811	0.7257766840874039	0.6276244076506035	0.20017660606293564	0.7377694131453099	-569.2960151045164
1555000	4.681445097692814	5.885478778096997	0.8899326149548292	0.573803413132861	0.20404192249165845	0.7644790064894945	-530.553800343762
1560000	4.500451739679195	5.038850851545572	0.7912840143229449	0.6060584113757144	0.2061223849981512	0.798459795436288	-537.7213909713922
1565000	5.0911279069476905	5.821938727932427	0.879190448191386	0.524941018147482	0.20244093050337345	0.7262148653112265	-611.7707378128382
1570000	5.4123057198768905	6.163917906936202	0.891125857467171	0.5216960164553356	0.21216064574818788	0.7165845619676241	-577.8977945676521
1575000	3.998302537385258	5.186033436976073	0.8971393620712292	0.5753586774674815	0.20299888585771378	0.7063150163875849	-552.4586403049332
1580000	4.242456209339674	7.062203724334319	0.7598488324827192	0.6140488488829555	0.20068861341328553	0.7468941297350415	-556.7401592080516
1585000	3.9755792302262405	4.903718187807794	0.805353398597501	0.6009255952959702	0.20455584691021186	0.7051202746204444	-565.2258845909317
1590000	4.5906555593966605	4.9559054816158765	0.8180581608499675	0.5771457672159933	0.20662968576499635	0.7313412450175182	-587.4616391531797
1595000	4.495820485258281	5.085564778933399	0.8877337943717969	0.5700374493222223	0.20679619362844368	0.7143242456290072	-568.4776535502282
1600000	5.292771361470445	5.601548704639853	0.8812874426833607	0.49186920812918733	0.21779038956340818	0.7010325757359963	-609.8222013682351
1605000	5.032432593195126	5.497647998859685	0.8272142201269004	0.5568073036777744	0.20140688959113662	0.7513865625228537	-585.5836932163672
1610000	4.426078056073281	4.839290115568633	0.8849669291161469	0.5717263546802194	0.20173779917986748	0.7321336230028114	-569.8512139238279
1615000	4.536842814492979	5.560288597324058	0.8808363552976345	0.5365935814167643	0.20756606970733957	0.7016941189483568	-581.4726290581049
1620000	4.576247360477859	6.4344792307142535	0.8499247156047306	0.5821944634944297	0.20212809606990603	0.7153786580093838	-577.423448705114
1625000	4.8731807709241455	4.982011711627972	0.8748752575810529	0.5377585847277464	0.20482625334585694	0.705542667953194	-599.0137208002606
1630000	4.776488106849271	4.9384910925589365	0.7996223490714086	0.5817177850201215	0.21450165369078827	0.7033781202084167	-598.5777094177396
1635000	4.472330472089179	5.2414231212603895	0.7527029751406704	0.5534749326512678	0.2035327260474231	0.7204549559817114	-620.0520298612696
1640000	4.35465383613972	4.841906810554899	0.7763933570093933	0.5828348747598076	0.200265499264315	0.7062503315735863	-609.0870145909905
1645000	4.706864946099092	4.735570997819048	0.8814082776125696	0.5354072657336931	0.20501283103567644	0.7553499673693645	-594.0836026952207
1650000	4.676827189825583	4.954355027053597	0.8668214346047953	0.5451328513527288	0.21463664573515007	0.7062915754196107	-571.986897060579
1655000	5.436733688697465	5.738168240757492	0.8705201183267509	0.565320271246063	0.2061545008100469	0.7029029777329345	-575.6260045615297
1660000	5.072078317536623	5.533750957972132	0.8208845670547553	0.5881142006648801	0.20003372888583681	0.7275009139418334	-570.2091227339384
1665000	4.534779379069703	4.680301407469116	0.7301785640939005	0.6305128366911467	0.20252629724938323	0.7081549452850538	-570.0512549312227
1670000	4.465411876849756	5.013335827021898	0.8151155629735588	0.5591694446231887	0.20480361953247725	0.7193750741632858	-579.1575690627172
1675000	4.739141689217301	6.119072496291302	0.8436325103714716	0.5764682504645998	0.203635861206818	0.742989483012134	-563.3964508085928
1680000	4.987759433202579	5.10197605238677	0.8137806500369257	0.5835906457702699	0.20335371412012987	0.7065166098456362	-564.3433304882547
1685000	4.447919450181859	4.524391663977539	0.8889097907265369	0.5746489341297939	0.2085833260061109	0.7236999468530008	-540.3961845279244
1690000	3.9990337747100275	6.11538002751662	0.8611315175986543	0.572911146798496	0.20161494165035632	0.7114499529690586	-548.3617702234706
1695000	3.755400613967351	4.070149840406853	0.895643181377289	0.577511205133921	0.20844783093581098	0.7135549967427984	-552.7539159707234
1700000	4.0237135536762505	4.104175931487726	0.834169893839619	0.5962070194220008	0.2012876539116447	0.7857146970161992	-533.4654841521509
1705000	3.7768663024118063	4.978050853796436	0.8168142737995543	0.5747458756553664	0.20576933143823675	0.7543994932132096	-575.7556094815325
1710000	5.111719778214932	5.242181120497623	0.8686453691191482	0.5665996158947896	0.20190799198646608	0.7054365698769361	-544.7081738285891
1715000	7.05627151242152	7.172068754120845	0.8684018213558099	0.5639398462005346	0.2024687955624822	0.7241079051388501	-556.4569006107108
1720000	4.985188747799233	5.185264207460338	0.8538215332910244	0.5836435541863204	0.20028161230103272	0.7135547366185495	-548.4166024565595
1725000	5.326516060682902	6.568458572312146	0.8526074470808878	0.5776285700106027	0.20990671187000584	0.7134547577261637	-577.1898873708943
1730000	4.447956173281726	5.49696057777244	0.8976953104605074	0.5465491948274516	0.20473118491941558	0.7462042060299531	-544.8072433305197
1735000	4.511422779419684	5.8110766449326645	0.8413185266789259	0.5850401977577722	0.2081635567011069	0.7075987059145692	-536.9250804936489
1740000	4.165943916486537	5.018511813585671	0.8597221481369487	0.5774747177077773	0.20305439504607212	0.7039727560231583	-536.3873518114485
1745000	5.226730633629594	5.732432799682752	0.8654845673044831	0.5669874692720903	0.21039297884371144	0.7054775949118506	-557.8521160653402
1750000	5.097398048734125	5.9334439877142575	0.8776512722593025	0.5936982552364465	0.2009100932709939	0.723157174669145	-528.3781762049825
1755000	5.602988614999823	6.343080575527659	0.8475382064726079	0.5466269050228872	0.20358974371352595	0.7338993777472363	-548.3155392749335
1760000	4.863247429865762	6.217076337869369	0.8439914982880994	0.5645846180107137	0.20819148387342595	0.7013044290234971	-563.0715576301344
1765000	3.712772767008058	4.619674264645698	0.8550108183384842	0.57416677908928	0.20457900125650574	0.7188648841700696	-525.0325611944262
1770000	4.152963337590156	4.672727222753053	0.8493815683221763	0.5979650880747871	0.21235421266737764	0.7172953254054668	-502.2906025692945
1775000	3.389319773994972	5.809827537857563	0.8670802330354004	0.580240859603062	0.2000068300116302	0.7227186964277605	-500.6246884300385
1780000	3.8965331718376794	4.2550587506158974	0.8667936489004734	0.6448452636822813	0.21022885273308378	0.7316747164500566	-516.2241039698969
1785000	3.9604620108962076	4.10861996033602	0.897931228105529	0.5879377496480731	0.21074388698530166	0.7628647841984076	-504.06116385900737
1790000	4.5406756400220925	4.644179915589481	0.8997955850355117	0.6078103449509514	0.20080117814766724	0.7542317885582569	-507.87158124652177
1795000	3.7592721666046707	4.103189099186312	0.8982245699805285	0.6195553147120791	0.20529227023729021	0.7269696419732066	-475.3834544542194
1800000	3.833001446098975	4.068133048110711	0.891649312931554	0.6086177571279292	0.21291227793435094	0.7175677922850782	-470.0477294368926
1805000	3.784969232576987	4.1169053786552325	0.8991008288107087	0.5989291077761092	0.20203200778166847	0.7916274744531973	-479.6175045325692
1810000	4.28809541796345	4.898850462898304	0.890031093893871	0.5820568447114617	0.20035724840572894	0.7483162990593644	-518.8645020693594
1815000	4.738717522638299	4.922297871100402	0.8855187946731197	0.6162420599093796	0.2009519744288583	0.722522587883918	-516.7105728122583
1820000	4.914073921783801	8.429928129589769	0.855470180690391	0.5449964457971581	0.20410016183270863	0.743124216798624	-568.4497734406145
1825000	4.636644956388921	5.2644392977779635	0.8743426797928662	0.5526309553081519	0.2047246062616028	0.7244915049501922	-575.3263991112458
1830000	4.468062786317659	4.74568607525246	0.8535346968890251	0.557940036005322	0.21204466726236568	0.7144248812512843	-574.8624825026152
1835000	4.590176520858511	5.200476002260888	0.8405189796535429	0.5669894614982234	0.20218623787478188	0.70878758989032	-562.4483941244188
1840000	4.390184870411837	6.077713431561273	0.8581718304953339	0.6075430155722609	0.21032541100322413	0.7108010314463215	-527.7763467894692
1845000	4.438339841440533	5.157134787945147	0.8702143412242217	0.60826438704811	0.20177975803127662	0.7017826883914482	-533.7650302196781
1850000	3.802720552654681	4.143060762279475	0.83065733906916	0.6136431858754138	0.2033265362319335	0.7221177511757364	-530.9524396044526
1855000	3.840123896144382	4.716985636274419	0.8202943654200751	0.6125179114471607	0.20867505306433887	0.7034360627857662	-522.7693804322
1860000	4.3920532323699275	4.668402989471334	0.7401840184991759	0.6506099106222359	0.2035746442471871	0.7460009714517429	-541.6553632219714
1865000	4.930154708483835	5.563736649691735	0.8981164977771873	0.6010449691915112	0.2087925021057509	0.7087015399772261	-509.3253432784405
1870000	3.767027422140185	3.7783229170041537	0.8886950899241138	0.5918837336048646	0.2061781179707827	0.7048421844682353	-500.88150762711257
1875000	3.9329032771973615	4.822752723388915	0.89918690258034	0.6250747101236209	0.20050571936038603	0.7042808593052112	-510.0744351459222
1880000	4.017724344314697	5.1764404888584385	0.8773537889512159	0.6188088416007743	0.20636689156775104	0.7365170114678873	-508.54518856080585
1885000	4.008399981323058	4.066957105366146	0.8902379636805623	0.6052544689253382	0.20609335063656403	0.7511983895061307	-494.3159367653634
1890000	4.0017266166883045	4.918363008116532	0.8806072570685153	0.6198747899296219	0.2048625422078701	0.7744771092010498	-501.4275491776401
1895000	3.968295926998099	5.814311536434527	0.8842252143508698	0.6048485277940396	0.20798610207450322	0.7540776867426042	-486.1086035149766
1900000	4.131045951398842	4.158152247579687	0.81551355655446	0.6631784732420496	0.2001949837147258	0.7175074360564452	-473.4610083561575
1905000	4.112979998883805	4.203141588815593	0.8369450460245969	0.6171316848900837	0.21758586861913418	0.72757168822833	-503.8876930722794
1910000	4.05772409406787	4.249473403068903	0.8724635905955798	0.5493239777115089	0.20245451598216	0.706775491538252	-538.1993733495875
1915000	3.963534238488503	4.076342304888266	0.7846582058871532	0.625116742238903	0.2029844824963119	0.7021684793186355	-505.10788846114764
1920000	4.325251345933952	4.842616858253977	0.8981225157375224	0.5813295776962495	0.2061685806935474	0.7422779131730494	-519.2429419688399
1925000	4.589451135313518	4.609307090688664	0.7808389291424211	0.6343516564136668	0.20248869793853214	0.7700100961274692	-519.9315744627288
1930000	4.612603382175713	6.094008994208504	0.8948157228508191	0.5450578639038581	0.2180241310274988	0.7100119771211533	-552.8549357331915
1935000	4.829414149943676	4.872271630683525	0.8901374811390969	0.5734358701267506	0.20143677829588877	0.7034610668822338	-585.7317132434227
1940000	4.298742941061111	4.606364758096932	0.868046610345385	0.5415726998218084	0.2028595928181212	0.7168978597207226	-607.4238973973479
1945000	4.746741951129998	6.169027460477493	0.8767594170547709	0.5023990156381344	0.20277817087243608	0.71456042503771	-665.4199801682261
1950000	4.608525281846944	4.699840981315048	0.7984270554788984	0.5310236396026553	0.20091133763868854	0.7041467364663228	-669.9997270413285
1955000	4.474229208287567	4.80680789091477	0.7845121449033405	0.5406181611647348	0.20477394978097002	0.716732613308	-638.3242944512505
1960000	4.6515809984104255	5.819353219878431	0.7657866843756548	0.5206148033772904	0.21295630336538993	0.701275083458856	-658.3761647046749
1965000	5.066530244737516	5.173780298609507	0.8316056982990587	0.506153981407796	0.2089035507838543	0.7036348133203842	-640.9949922595736
1970000	4.611367870913585	4.72910070773349	0.8489610113983631	0.5337814429829372	0.2040774667569117	0.707016163977754	-614.6863744711704
1975000	4.4449565834728455	4.480261774800664	0.8528017972029911	0.559930415724343	0.20386313402020395	0.7289820213404831	-597.6792368376423
1980000	4.23706910035924	4.833879886427812	0.829765524653881	0.5749942466828023	0.20036372254095375	0.7157229283821065	-610.8288563279473
1985000	4.317916059406045	4.377691204591994	0.8206258968948437	0.556594045333863	0.20377190737186787	0.7103481834935871	-607.1016670571395
1990000	3.968445634792425	3.9737015109952947	0.7820882167138138	0.5776719295313336	0.20036972674020762	0.7097120469576106	-583.1492128185407
1995000	3.699691575420202	4.961748925794537	0.7830802258515066	0.5652358276087687	0.21402224444825046	0.745536405342285	-583.8296303037581
2000000	4.870098255464209	5.88216462483899	0.8802758373164274	0.554361898410729	0.20072007489426905	0.7193546468988159	-582.6080826682374
2005000	4.34330388470228	5.014470118753335	0.8613695565544608	0.6018676477528178	0.2093432702496881	0.7115577788475462	-550.5565720664741
2010000	3.8254444369912948	4.408436196641926	0.8955544321462166	0.5695482130295759	0.20107215987623422	0.7043930116519538	-494.15734271471206
2015000	3.777685968204359	3.9715168066063296	0.8870683647310869	0.5888031170919142	0.20015722837544886	0.7142320382632227	-513.2449231580237
2020000	3.9014853744179034	4.121951013704707	0.8810058337283767	0.5802230884606866	0.20428594750329881	0.7183382087594751	-528.1963788215241
2025000	3.6127620998582417	4.803217817398598	0.8787407572112389	0.6047228245607877	0.20479207562234295	0.799104757099991	-483.75201758048456
2030000	4.209160870449095	4.696695308634907	0.8734154599062939	0.6122270829546143	0.21010137108522597	0.7563398300961789	-504.84032047095315
2035000	4.43995158703409	5.031002610673063	0.8372119856971592	0.6138568068475543	0.20021635216768063	0.7173794538568024	-535.9086235078637
2040000	4.760386736654826	5.090986036464338	0.8906240336078193	0.5757276515601242	0.20967737485597196	0.7184167893217176	-556.5327001491517
2045000	4.336724519934316	4.924417142877667	0.8933754590030754	0.5614389062577375	0.20035149365880855	0.7215314484442206	-539.7433078802933
2050000	4.17356109020536	4.8474464065984275	0.8703353803105168	0.5722059479202437	0.20437616851790202	0.7519390649177615	-551.4018374389651
2055000	3.830791303791681	4.420368110638742	0.8329301714690537	0.5550272553749322	0.20714854295775634	0.7064744175850531	-567.6966592597488
2060000	4.0561332308425575	5.356420349666459	0.8718427435211977	0.5804988880271413	0.2021358438857837	0.7018871874641684	-544.8639231563855
2065000	3.7137200220958384	4.657900993320498	0.8030915783221996	0.6256023373483951	0.20235478021196593	0.7316880883286576	-497.4754985189263
2070000	3.7402168022205604	4.162794107371677	0.8879880862921292	0.6481274407373881	0.20045090032037813	0.8608277139077551	-486.0909147436118
2075000	3.56145385658299	3.6524923150247064	0.8626988424745349	0.6575324970144371	0.20172441733504187	0.7436083011258489	-447.3756855585442
2080000	3.50316153993984	4.3678695362440045	0.7918202499105572	0.6734072587787908	0.20034088797965685	0.7855569770039336	-461.82406784859813
2085000	3.5917725916226417	4.054018151013369	0.8262874794600299	0.6077312054516218	0.20909135461506217	0.7427924289858929	-494.35278424861923
2090000	4.275641538855915	4.303031628977197	0.8892767423918595	0.6266827858410842	0.2005865969609274	0.7764810466487343	-456.4622615906243
2095000	3.8661627941937327	5.419635283746155	0.8738701604837332	0.6367717809489272	0.2018434427048937	0.7105195958502997	-447.47827758732546
2100000	3.5506043323764382	3.6217669006952136	0.8627331246215645	0.6560676735840315	0.20842144821011596	0.8171380817723742	-446.23774017427434
2105000	3.954539061548851	4.29444826595838	0.7964948112295062	0.7115427309716156	0.20298454420479328	0.8757632661982551	-394.2120320259899
2110000	3.80930757867248	4.12539955940239	0.8538592378659811	0.6603312871336535	0.20031431782651074	0.8282990430269115	-375.869525224094
2115000	3.472126523605392	4.824792533144087	0.8653996545979187	0.6709159252248514	0.20093632603727035	0.7938466208277722	-407.6391507601178
2120000	3.843539214288888	4.017094308925672	0.861136074612036	0.6679668741115364	0.2020674641911125	0.8528973921635938	-404.1910793280428
2125000	4.449992180409499	4.599177418001069	0.8983579420502092	0.642105252689661	0.20498968908773205	0.7401200541441524	-436.4119144560316
2130000	3.992051260591651	4.577144343847075	0.8518458465447187	0.6831323050174656	0.20109540306863938	0.83889246315167	-404.0438331633848
2135000	3.525995644193573	4.789800953100919	0.8074136942371767	0.6811409388395949	0.20253482925069974	0.9014727060551392	-416.51069278743023
2140000	3.5503891242635675	3.60570391559229	0.8828402746937924	0.6438858149305102	0.20162006050982478	0.8173336334274397	-431.3847542434301
2145000	4.763954105956192	4.799319260615655	0.865490784543974	0.6713410263476899	0.20139959881523567	0.9015441779174763	-387.2219669819424
2150000	4.366655451961604	5.540609211632285	0.7755683740821091	0.692939707302608	0.20055688230709473	0.8276403955755499	-418.97693459728066
2155000	3.9979494488583494	5.3823310808118086	0.8501195426691003	0.6544000398420122	0.20170964320501059	0.7315889003076976	-411.75260612621685
2160000	4.070097761431591	4.264664762526507	0.880200715002092	0.6320006803441915	0.20644903623403735	0.768222734473971	-460.8838433336063
2165000	3.8987278696892504	4.017478419050354	0.887083550619861	0.6278371936835652	0.20602227074210253	0.721554647285313	-477.20139304535616
2170000	4.163479999658223	4.3457841053468735	0.8938604857606746	0.5367001312718082	0.22389861728776767	0.7118959279595298	-538.8209915078825
2175000	4.0479962611320985	4.472592542049038	0.7908868019811125	0.6280285791159813	0.2056304772939101	0.7367193296850366	-501.6659307320192
2180000	4.175948542778886	5.264311515587167	0.87594010443903	0.5953250124218161	0.20226599752092145	0.7031663771137056	-514.389756157639
2185000	4.4525435219705205	5.515658211855864	0.8806567239692356	0.552749011605187	0.2095439566415781	0.7179564856580644	-549.2674073884841
2190000	4.329953569066794	4.845680071271865	0.8060878730666248	0.5849396759769555	0.20203092318168064	0.7146791014006756	-541.4062737067932
2195000	6.179399527126808	6.482875489294118	0.8728428436974778	0.5715497334657038	0.20174659031536177	0.7007561404265149	-555.6943131138706
2200000	4.377920483344486	4.383905703501609	0.89740429617639	0.5428498804909005	0.20869731633978902	0.7148591125132485	-576.1318728816107
2205000	4.433801178386492	4.441298056308394	0.8465098683349792	0.5672203440508249	0.20056943747390213	0.7069174720977962	-567.6291401135478
2210000	4.2526410086370126	5.858123751629255	0.7789458517625133	0.5784105420610414	0.2036682663284408	0.7200608665951734	-579.9012612500101
2215000	5.103624334961233	5.129062531770761	0.865011157032421	0.5317781612471414	0.2010657172756995	0.71605393654798	-587.1038398927436
2220000	5.152902289336743	5.359013756979859	0.8708767348741187	0.5470024353529516	0.2055704175161149	0.7131841591797011	-585.4372285494948
2225000	4.339845601104011	4.706846992968073	0.8253709127195076	0.6026337271823311	0.20313230666282597	0.7091650342795808	-563.9138047137038
2230000	3.9910302510163995	4.295720177602189	0.8518546323931211	0.6039684078817432	0.20158357400568871	0.7025292450550855	-536.3753764712932
2235000	3.7635530771524808	3.8048892207707308	0.8866327074163396	0.6168706480061966	0.2045395313370045	0.7907325193434009	-496.26557475930457
2240000	4.171823969286014	4.178232276916288	0.7483219833521834	0.653756538618768	0.2134347710812608	0.7338314549503547	-495.1681883596249
2245000	4.382430429496197	5.340016443719213	0.8730846874958605	0.5921324275939965	0.20359570965623608	0.7573431641642044	-509.87097040911766
2250000	4.295707728172501	4.3445741882445095	0.8417118282388927	0.6006783359702204	0.20514311292913637	0.7642753160954795	-538.8073317012428
2255000	4.073736166097523	4.323472266079742	0.8930538238941752	0.5786881220074668	0.2206452450277066	0.7365420594212418	-530.7191892171504
2260000	3.956209270128212	4.4735206071296165	0.8809093797952272	0.6205150342067692	0.20311351156091223	0.7211024692408202	-512.4990190454175
2265000	4.480735105602272	6.351674606637208	0.8153777343365364	0.6168602407812223	0.20280225073080735	0.7752451852961241	-544.8714177974699
2270000	4.228777323613216	4.864283048036805	0.7503476203393	0.6297771882217277	0.20488918873629786	0.7502000000308291	-538.2170628767464
2275000	4.523267972625337	4.910947930657333	0.8756148171687573	0.5690953877785927	0.20371079682756182	0.7112472329734821	-564.0329265611301
2280000	4.817707419756658	4.949196758213555	0.8681730683568057	0.5800846803573704	0.2025582732002793	0.7508050732796657	-535.6661913771084
2285000	4.039058688888223	4.146646524666346	0.8709593807764343	0.5777231241360188	0.20144744944913304	0.7091428711140916	-523.6623056143418
2290000	4.680053669736904	5.126849489754957	0.8534346526886651	0.6003220653176907	0.2012795106770207	0.7423701305784245	-535.0213270364316
2295000	3.889654061404482	3.951315069928793	0.7051445918497083	0.6521929292652774	0.20018714916239666	0.7301703868658311	-519.9309040906588
2300000	4.086152696434592	4.6834127427631795	0.8748720555763568	0.5953147733733775	0.20875461716375288	0.8153264279847607	-481.3778583862917
2305000	4.524536005511606	4.990412372049544	0.8723558811882007	0.6355677821340919	0.20151983295161816	0.7472185830187731	-491.62979335397705
2310000	4.619274616164816	4.910252853190022	0.8881957419236161	0.5880779078014524	0.2031163716254049	0.7110302627033803	-508.1037336496887
2315000	4.003483826441716	4.423569259488372	0.8379284777248526	0.6055839069884538	0.20723048057215843	0.7364097730712624	-524.2098604071691
2320000	4.112671281825653	5.282266598985894	0.8910546258128781	0.5668219545143773	0.20718563250117794	0.711743037321708	-508.1478910279029
2325000	4.515881685540449	4.798230610499863	0.8769596243246296	0.5887709758649218	0.20633054745269436	0.705061194050471	-511.57739887975214
2330000	4.147401492051634	4.198272553390029	0.853941174107207	0.6325983918239261	0.20613865770927195	0.740533558664155	-479.1746654880828
2335000	4.287588992778365	4.930883369107366	0.8310772623933769	0.644448841076311	0.21340901369963125	0.7880491904667978	-483.99933741806797
2340000	4.978355164236007	5.399694281453991	0.8787346400073804	0.5866559857991211	0.20188630280934777	0.7047213337428533	-533.6767799987707
2345000	4.656946256324101	4.814750087997717	0.8633986803915653	0.5892019550224044	0.20672734572470736	0.7395292260415605	-528.9333292642932
2350000	4.977905188761955	5.161889096698545	0.8231677755393758	0.5964359229802879	0.2023730899636602	0.7208047135783113	-556.4430677169569
2355000	4.495728214694355	4.859983337498296	0.8996888672987022	0.5155058287883861	0.20805010266383536	0.7572401804850823	-571.1131027845564
2360000	4.5770801084998025	4.9380223086061505	0.780183372943685	0.5863279948549132	0.20216798475225944	0.7307646875119473	-590.7658352505657
2365000	5.365459668069609	6.047025811678492	0.8413811934816485	0.5276405557332837	0.20003568798662708	0.7160230161790017	-586.3106533369676
2370000	4.125902896529291	4.357639746428036	0.8421189262181709	0.5566493906609691	0.20529226888186047	0.7276431810030299	-574.6663574464988
2375000	4.34934058243982	4.5948380704537	0.8334678714253065	0.5559684009961811	0.21056076979219404	0.7294703765175642	-563.1974399773768
2380000	4.048101383907086	4.901929783031375	0.8945823046940915	0.5322283944688065	0.20196218724923512	0.7198917105843009	-571.0730700928905
2385000	4.335359288215848	7.835192616993134	0.8914768127384128	0.570927614344228	0.2050527770906015	0.7081241949094854	-545.2918837747677
2390000	3.869306088022988	4.248920315903184	0.8955863820662169	0.5794646613531647	0.2076946976390066	0.7493873407763961	-530.804515275515
2395000	4.016491085060515	4.602186689796891	0.8427924580188269	0.56322024103101	0.20151464473782416	0.7091632080671004	-534.7520219974718
2400000	4.628233817953826	4.76012146451098	0.8979192791299225	0.5878889439366399	0.20072064543695062	0.731703725901978	-526.1543200699168
2405000	4.239057210495081	6.191221960593092	0.8621160512389788	0.5970405427921637	0.2024923522893398	0.7005422025565914	-546.7441310679352
2410000	4.960168015012908	5.032791614793584	0.8788544045007665	0.5904493492227405	0.2022458062833188	0.7059164125452386	-545.9677977688564
2415000	4.789991422115195	5.280209385249711	0.8513819880239468	0.5517343425139849	0.20284094580633158	0.717511238850571	-563.0555439755524
2420000	4.463054625264346	6.600651787861377	0.8684701219042068	0.5323121344457012	0.20236845741640755	0.7087010645024786	-557.5638624315652
2425000	4.381770452543444	4.918226938109372	0.8885135990643144	0.5668334071161754	0.20325989961117835	0.7333855700275691	-542.365767617637
2430000	3.9880031992079616	5.035095133213343	0.8387577544299846	0.6151751682099296	0.20421796290706692	0.7767326577906192	-514.869949570238
2435000	4.645595078482581	5.377605923027759	0.8906609848016185	0.55822745331007	0.20112781100578045	0.7084717782257439	-539.9283522403699
2440000	3.945614203316426	4.017103275457567	0.8941961385448262	0.5506106260161405	0.20693470723819493	0.7802018347462748	-567.6006760131834
2445000	4.126645849237321	4.749933403390206	0.8583285693888824	0.5351082469881269	0.20067122853924613	0.7158720911492787	-547.9646450285135
2450000	3.7250077128240657	4.4948936624949445	0.884879165741579	0.585011208571792	0.20577947033838573	0.7133891483488018	-556.0297737792854
2455000	3.81022296953765	3.9519020556213458	0.7554731727006032	0.5867319272487593	0.21306795827543434	0.7022115529282955	-571.8212797804135
2460000	3.84795221782113	5.032228919214682	0.8903166172722383	0.5662717269602591	0.20447085733594045	0.7182525174103858	-553.912597443016
2465000	3.9003545026038124	4.101765703721583	0.8080725215950583	0.5693068241078928	0.20233940262886896	0.701794053659181	-570.8245691874313
2470000	3.9793730148033286	4.495306146997805	0.8465143786173275	0.5732566930816196	0.2000297270506465	0.7118109846805232	-564.8592575065275
2475000	4.134268224860433	5.452098501400934	0.8777133465710547	0.5292120485329999	0.21131136856127558	0.7280650938933589	-565.4767454662505
2480000	4.008370134141843	4.159308422081263	0.8089721470766431	0.5924023222639011	0.20323222583134815	0.7069575012857461	-542.6238127306963
2485000	4.572219174477619	5.2401421436147535	0.7833337118364015	0.6362500274363652	0.21076370662842223	0.7444994621649013	-502.57732988792844
2490000	4.0200038204347655	4.222671545723946	0.8998916681228049	0.5829159695480751	0.20828528314095499	0.7025850289826688	-505.38544927698587
2495000	4.383352721570435	4.732361654420511	0.8672749325080381	0.5887890941394491	0.20358478120768325	0.7000969854783364	-520.3315468536925
2500000	4.008311972988363	4.196138408224799	0.8336779706064728	0.6189255791911642	0.20695351574864132	0.7909226374022145	-489.83213686683035
2505000	3.7578488279007174	3.9847920711268503	0.8666013572471132	0.62089855814522	0.20106459746103558	0.7008184275204673	-501.67512790297326
2510000	3.6513133474199218	3.6704343152374967	0.8873901806313054	0.6056389372121974	0.201510546660451	0.7046587699614457	-473.02127911501407
2515000	3.702985211185924	4.6844376907163525	0.8662667664004573	0.6127769372122405	0.21074020998003362	0.709122039378572	-498.0077405487505
2520000	3.519588587269911	3.918812903808242	0.8538744126631342	0.6474870469087416	0.21002565657508038	0.816155278507984	-434.1147431573777
2525000	3.6287543562685003	4.940241078042677	0.8622502827591251	0.6264350701561269	0.20965740009094835	0.7228696461077246	-467.5849052882703
2530000	3.4697415954879784	3.859304727881877	0.877322016200857	0.6560390453926167	0.20100207446549848	0.830199515068157	-417.4698523927151
2535000	3.929132800985957	4.282265322777104	0.8612338823126314	0.6407169717536573	0.20049496439195383	0.7359478482133328	-425.26871313912494
2540000	3.8139662316997995	4.927249030017081	0.8292349121063021	0.6724087335506412	0.20481755339193944	0.7222212833440073	-444.00648069250775
2545000	4.474196413993193	4.654502912201787	0.8503790584798069	0.6250438479842626	0.209377377006484	0.7157298628003755	-465.834239706001
2550000	4.368021361269317	5.796779596130869	0.8789179938924162	0.5963014687610062	0.20208328743324677	0.702638283974508	-505.37661636024
2555000	4.306862888199372	4.8706445065671105	0.8023528083709128	0.6371198658947608	0.20339570327149095	0.730998588317642	-489.8942558173907
2560000	4.05066255973141	4.567909498369107	0.8562739025908109	0.5818288709784476	0.20444802443653132	0.7937093424356821	-564.3133144975808
2565000	4.622155618380508	6.180371133038036	0.8458619303439752	0.5683311998934598	0.21417833391683733	0.7049123082636144	-551.4574216780387
2570000	4.086409189964612	4.093707954855393	0.7286327790755839	0.6188021918542239	0.20112170202488686	0.7169832161863688	-569.3710317740462
2575000	4.179341079904398	4.247076948250851	0.8658655386916021	0.5652218212292162	0.2024928295248928	0.7361073875618084	-577.7111479745075
2580000	4.125538483435542	6.307244009911389	0.8398502297018942	0.5696787953037185	0.2091781230511196	0.7190609806510769	-528.8358329781994
2585000	4.257445286777253	4.479929419472335	0.8651789688033007	0.6274718115819098	0.20054442311923976	0.7053713596434346	-506.68934692712577
2590000	4.592211734130418	4.804175716669519	0.8387259530665504	0.6188605032615666	0.21148961670278987	0.7778890858925257	-521.8185063834713
2595000	4.895507962404091	5.138069961579921	0.8883113389419777	0.5564342596363279	0.20576549714138645	0.727026193830654	-548.0680875587896
2600000	4.507223842324367	5.41437920510893	0.8224541256947012	0.593586024279554	0.21331143994746832	0.7045458320573154	-546.9190697085436
2605000	4.195168085100642	4.235498094079066	0.8372273348810926	0.6125505435073243	0.20270838424852228	0.7284254891962555	-493.2167841764961
2610000	5.2248093346141475	5.6391567526694875	0.8605227948839096	0.6282405809147734	0.20134500010621587	0.7234539888322838	-538.1446103589352
2615000	5.186512273155961	5.548736544506399	0.895221887312629	0.5462653125588324	0.22114737561578818	0.7071049537716558	-560.8557491138471
2620000	5.229324864004903	5.284795862012304	0.8744159468382781	0.5750509381446506	0.21131565606252922	0.714405660806634	-540.0497387125121
2625000	4.254373344349337	5.113189691189621	0.8980153310901421	0.6088759787353469	0.20511067355320978	0.7133431315277498	-490.6254869866427
2630000	4.1489745796760955	4.277704260178165	0.8974891212971741	0.5854829201423489	0.2075718895362899	0.7256499949188605	-517.3526020327981
2635000	4.3730946246255185	4.939314791731385	0.8615792842125434	0.5773131153693636	0.20685542320117783	0.7676185316367912	-568.6687190833793
2640000	4.104360809043384	5.613083611071654	0.8483432102709292	0.6218339448074613	0.2068879997853069	0.7743423634269595	-532.7073939373648
2645000	3.8751540458554006	5.007548820794774	0.8955943441020493	0.569972214011382	0.2031270230022405	0.7013910385821115	-538.4539781033822
2650000	5.632465524640157	5.795920934067624	0.8242099247361913	0.6050814618099589	0.20066764137144982	0.708634285507543	-561.8091574659811
2655000	4.405667337295725	5.414223665871171	0.8545558705772989	0.5775888384197004	0.2017438620451242	0.7035368848217972	-532.1649449300286
2660000	4.27395318910917	5.469121317406493	0.8725717106090218	0.5588284516952705	0.21825519716189468	0.7246890320698401	-547.2957946780024
2665000	5.177321701291464	5.862942251970103	0.873899243413241	0.5786272619682179	0.20537698959868728	0.7054362667973096	-550.4952187276479
2670000	4.326007359709599	5.934980863749557	0.81947590597486	0.5757067626183668	0.21391730764331846	0.7656072395813884	-581.269693318914
2675000	4.438924199719797	4.852654489263926	0.8769256557149238	0.5813675177684796	0.2031881337172261	0.7433988453456837	-541.999049116892
2680000	4.330725654136695	4.4778216908626325	0.8640659142253182	0.5932942091449229	0.2084492380187635	0.7613859055163851	-521.2384159979191
2685000	4.191085585013692	4.512418445835637	0.8307110116953376	0.6202197987398046	0.2070131238739813	0.7231452213641055	-526.5192643122936
2690000	4.557780684872729	5.095468455837722	0.8817692623819018	0.5919689953241779	0.2032113754175594	0.7166101855481513	-534.3404798257702
2695000	3.800462721454364	3.8083406358910787	0.842093002219086	0.6250917866994916	0.2004801010316435	0.7137300579123607	-513.5142842682944
2700000	3.752037280529825	4.544477606809289	0.894684882496059	0.5942693901836997	0.200940141658496	0.7093936829386445	-496.4261761982288
2705000	3.6850733415371146	3.7295150094237677	0.8747351032137474	0.6252741994079238	0.2118852139731026	0.761656927396709	-487.1098254758844
2710000	4.040988393337964	4.091646716289471	0.8935955779177674	0.6016746441903119	0.2113372953062633	0.7680642317103349	-474.57984084153094
2715000	4.4794051758624445	5.061837876407423	0.8501907736596431	0.656801011284717	0.20139730894673608	0.8231021727119009	-423.40738311698357
2720000	4.293300296433083	5.583303709384772	0.8830524903458644	0.6772138269364114	0.20137084911577133	0.7891240744721362	-421.8575176127516
2725000	4.1577554331621664	5.827688346301195	0.8606103424790236	0.643429046846932	0.21063358649428446	0.7351869053386672	-482.2632566424193
2730000	4.328023535380418	4.441061171969767	0.8855948809790344	0.5985714607094095	0.2022066675735228	0.717699578661542	-506.34078385286585
2735000	4.0813170900958315	6.295161870168389	0.8968723594632518	0.5583056174293781	0.20338597019769747	0.7093327668590941	-512.8019507091499
2740000	3.7952245363297874	4.238734885962653	0.8798003421696207	0.6179715067347133	0.20316232486513275	0.7231809002812397	-468.98182730445376
2745000	5.276038890645449	5.296466157971788	0.8886986408446024	0.6443123320417821	0.2012160992798131	0.7198205020866099	-478.64030539467194
2750000	3.652052696241868	4.086589308160818	0.8929914153308612	0.6226996459347733	0.2002828336904583	0.7810693080278183	-471.1943356070534
2755000	4.1991780261885285	4.207686696428466	0.8596489986727268	0.5978371265991839	0.20571375056551872	0.7163172516694243	-489.764945013087
2760000	4.003922073824297	4.115783152495231	0.806731983485913	0.6162954460550832	0.20244636475221892	0.7145434030488924	-504.08098143057566
2765000	3.8528560370110285	4.836128978963344	0.8478637257962935	0.6186267325279716	0.20237104135989073	0.7682277010777818	-526.7031861567853
2770000	4.270182599200087	4.3687745539961735	0.8547615830062915	0.5751562598418813	0.20451727999812958	0.7004522614879901	-565.3907176940683
2775000	5.624144807883276	5.948882861881963	0.8979971678269422	0.5707059026167154	0.2002367784280266	0.733132481886185	-587.8826981796503
2780000	5.350152674378606	6.954933359628858	0.8131742721665766	0.5859659731955551	0.2120756337759109	0.7065256796843856	-589.8552938987
2785000	4.510964025103597	6.3414858076690175	0.8206444545107427	0.5232564593579868	0.21221334070511724	0.7032317418128323	-621.5680870460195
2790000	4.506827240770625	6.569357328435413	0.7657581881434774	0.5075000139444614	0.2011554461985119	0.7045610992598567	-648.1020173914018
2795000	4.668297209109533	4.768182715082201	0.8544250312726175	0.5203775779517681	0.21273208395757107	0.711555269643838	-635.493343606956
2800000	4.401785968761696	4.5358889879127915	0.7429179714555431	0.6193404120578481	0.20398600545413176	0.703960928050786	-583.2838434335928
2805000	4.1501053044877345	4.4132077765314595	0.8925300177005526	0.5444161402167029	0.20169303237470837	0.7041790583800918	-572.0547332756305
2810000	4.390831561950871	5.487466762921842	0.8740544851468128	0.5625757097139459	0.2100562530353572	0.7200851288029197	-567.9754879752531
2815000	4.151845275041011	4.311388820841746	0.837566771663171	0.5758488096826831	0.20101915065716108	0.7147681600629447	-535.6855182586701
2820000	4.678407610038227	5.354101458487756	0.8537863060131069	0.5600038074527414	0.20073716233532393	0.7381675767617248	-562.0160618060286
2825000	4.294620880959302	4.575990416553569	0.8795878156400351	0.5794401347819178	0.2048850103573926	0.7041329918973473	-565.7046389820796
2830000	3.7781701669459085	4.314222224668419	0.8807084329360172	0.5817263285050965	0.2005967751001925	0.7301577085578619	-527.8920056028317
2835000	4.502026785468731	4.891231864428129	0.8883151506225236	0.5947530180901602	0.20326609683757568	0.7209468414052785	-539.7376637028167
2840000	3.6231043787808472	4.190218021638903	0.8682125787794523	0.6008585160552317	0.2036445265292826	0.7172441388720547	-529.5542406272374
2845000	3.6100462548391965	4.454292285610957	0.8754001648622279	0.6027286545009519	0.20073279225649268	0.7709152805233652	-496.65958456583894
2850000	3.6587804124709766	3.773912940239229	0.8844417683629268	0.615856852747989	0.20012126379566664	0.7807092182480488	-506.68320091141976
2855000	3.5092921561596353	3.519101448905443	0.8453328932940003	0.6231030426810502	0.20393340370191843	0.7129691187998136	-491.79854832643684
2860000	4.098335567085358	4.257898798132498	0.861821435900967	0.6307501780489254	0.20065084087039856	0.7389254938530677	-472.3258504725336
2865000	4.112529635826055	4.605994594946563	0.8478812362497455	0.6253580563915299	0.20378515292034236	0.7202061268739891	-499.12354750649763
2870000	4.4177757091446095	4.913652328648589	0.8682461893503008	0.5795413294463617	0.2060275171521641	0.7009040637586015	-515.9785472262314
2875000	4.586901949288302	5.032970740430163	0.8984858497089244	0.5964632838050054	0.2029912515157998	0.706049171588953	-533.3938846077547
2880000	4.689207738225843	4.8322720079525165	0.8507419031884336	0.640363609582596	0.20059107981461682	0.7979670638783097	-487.423071721228
2885000	3.643042804842642	3.811507291110093	0.8789341352466368	0.6295784554223965	0.20070166978773513	0.7015184431112633	-466.22018240316555
2890000	4.0030995198551995	5.211946203208966	0.8488871747192204	0.6358913151757243	0.20023055850730978	0.7022188685620394	-476.4603031682894
2895000	4.229346740339889	4.990441176180882	0.8399815683006272	0.6369715737539828	0.20026522206280672	0.9066539842727399	-476.6924671070453
2900000	4.049066846512865	5.988227419979309	0.8714998763954641	0.6111565682372853	0.2025008626085822	0.7124557554348163	-516.9885999379095
2905000	4.141421274286254	4.273195869875564	0.8732593970969547	0.5650893663099179	0.20073744503370464	0.714125589133776	-542.6608177181437
2910000	3.7456191256322815	3.8368269160532074	0.898797399091179	0.5610916152688064	0.20336329612906512	0.7408998163458449	-539.8330754898622
2915000	4.312382239866413	5.058791668767608	0.8418618157232493	0.639035504998496	0.20050545270422643	0.7246151372021011	-513.898867779321
2920000	3.8918447001890164	4.339059110094956	0.8839306567384699	0.6091919418703493	0.20244855743347603	0.700681282555242	-516.4735809516219
2925000	3.4961172067829844	3.9271453609181504	0.8051306124674826	0.6103952123459945	0.20077009417857042	0.7304704259967066	-516.4908244033992
2930000	4.034568249235545	4.739641819267556	0.8940238971407479	0.6020645091665321	0.2010127205453619	0.7235670722717988	-510.51644385067567
2935000	3.759165111808543	5.331917796982786	0.8133346471914256	0.6081593950151717	0.2028358680539816	0.7710768351888212	-547.9648623146558
2940000	3.931415265706418	4.1478528941471895	0.7770784381949195	0.6008541369579028	0.20049804021240186	0.7808429889902933	-536.9786609154696
2945000	4.064213348446711	4.663662795497756	0.8206837856686108	0.6020904128664449	0.2045723766922705	0.7108941713776553	-540.7440564830111
2950000	3.7485204270262567	3.9359136966560224	0.8635572455633197	0.607290359749718	0.2048817346706609	0.7414564454219276	-518.2781329503595
2955000	3.548856535543901	3.7885609760244083	0.8749657804071467	0.5572941701583503	0.2034256149495979	0.7217756901683362	-517.0087374787971
2960000	4.817983359501796	5.992198457758037	0.8108653250647334	0.5946728860890358	0.20398238348465542	0.7172172447318391	-555.1517699703626
2965000	3.6961144098227647	3.929395735950337	0.7855803475037755	0.5804376946586914	0.20666151599104127	0.7219055654595307	-564.2661671782332
2970000	4.211895685119672	4.368427395624094	0.8909789187832744	0.5709129332011719	0.20145692556229652	0.7268518267058921	-566.4740091889593
2975000	5.280361433701544	6.2500468070668305	0.8917625460963011	0.5526253967425179	0.20302328718365378	0.7069996192757618	-574.1767035373565
2980000	4.807397752393924	5.9128281720569795	0.895038302428858	0.565391319985054	0.21154234109638861	0.707824873322576	-589.0793773404511
2985000	4.725235873234385	4.84049811998847	0.8410632657181145	0.5421236419033646	0.20865651360053475	0.7133044388479667	-612.4794227178
2990000	4.769799478163039	5.2294371246503	0.7563451940940068	0.5731914499536112	0.20681731372633635	0.7013960677280417	-618.3752545416709
2995000	4.15881302672538	4.1960639142972385	0.878776675067969	0.5430096987564176	0.2001469673239651	0.7189069061075888	-564.9856451354989
3000000	4.762579915802194	5.8802189164807315	0.7426743913736139	0.5906508055337713	0.2032510995288634	0.7524239910667649	-587.5646394931575
3005000	4.210952207772507	4.376643510699006	0.8492103502312867	0.5837703744108257	0.2006115641575609	0.7244179226716264	-565.394389447448
3010000	4.523274568369941	4.595312855692378	0.8592823289412728	0.5461329951024387	0.20042933538756144	0.7071903124072663	-600.4151687509968
3015000	4.762745896728876	4.942868749611037	0.7896888619051695	0.5716294555841555	0.20028762766661526	0.7328334755579997	-609.2726187419963
3020000	4.745524228161158	6.385496587563044	0.800235949132019	0.5711318374215462	0.2037134567845675	0.7283619679437099	-601.6116833264241
3025000	4.531978131224404	5.652403896025045	0.8092835402484824	0.5869395002243668	0.20010331843085644	0.7202050541309345	-564.9801806615194
3030000	4.525039502955503	4.674986268854796	0.8757931151726401	0.5461816780530383	0.20995197376000937	0.757010180690349	-553.4732489766238
3035000	4.0990958269167495	4.433938395462951	0.8556930880404254	0.5711842969492351	0.20710157069270593	0.7027369188045779	-541.3155723842438
3040000	4.874568742998085	5.486962340603868	0.8935964314499218	0.5332405328990102	0.20692421658619622	0.7197629569370557	-568.559609519655
3045000	4.459678670069516	4.920735896396585	0.888850169488571	0.5791955261302264	0.20480186805886325	0.7058662607651751	-544.2460703852252
3050000	4.844916859099781	5.461570637556311	0.8462723007139046	0.5634971968981313	0.20494114975962685	0.7509852095641059	-563.4491426273455
3055000	4.3472269421743475	4.3929065008778085	0.8426060981886393	0.5991191290284803	0.20158741467238045	0.7061426208224831	-510.2294372809185
3060000	4.219979546637756	4.664141286762994	0.862208043335182	0.5731098569128787	0.20043956107896024	0.7344408296714859	-516.4083030907894
3065000	4.417891987494177	5.679043109058342	0.8683941932448586	0.6214014059411499	0.20381518917053001	0.7155958016585422	-495.2936826578241
3070000	4.437417665526991	5.15666421607384	0.8449588896069382	0.599514967667521	0.2046647494372204	0.7197504849617158	-525.7192555208444
3075000	3.961926331694252	5.6312206575311725	0.8897529551647485	0.6078012405837728	0.20643835140458375	0.7926740903611003	-504.44250689876156
3080000	4.047531426839827	4.347887978911084	0.8542395363271459	0.6049292925734745	0.2017325633913419	0.7163808871354318	-528.0343989754007
3085000	3.6301124498569983	3.8781601271447883	0.8310385803776786	0.5862234855651662	0.20087582469919024	0.7120650936469828	-515.3448185047514
3090000	3.846523336579822	4.6187964691227625	0.8942016420613118	0.5700706086920445	0.20138143564122293	0.7354150494374879	-511.62225947070164
3095000	3.5770832757435205	4.618195153816568	0.8817365464623955	0.5643925538300064	0.21361810218456018	0.7605509554822796	-518.3506075335857
3100000	3.8891287676278954	4.286900522046484	0.8987090802988953	0.5897523823118574	0.20160840598650193	0.717659316451373	-496.5335412257778
3105000	4.531595884510061	5.3094052340642435	0.8933911947853594	0.5677642287938981	0.20271605743131968	0.7042462427102334	-524.4081714218415
3110000	3.9502279029094534	4.390444065038293	0.8469165396815479	0.5845758461753672	0.20184708878488253	0.7163834953299234	-537.2690173355717
3115000	4.840996033908458	6.0559585771108155	0.8453840602946636	0.5736017329953846	0.21104519194146348	0.7048387235127777	-532.2762114590133
3120000	4.487967960748071	4.9669971591595115	0.784731669089862	0.6080482280487204	0.20325105133225702	0.7070243757689879	-546.3549845342307
3125000	4.948000202871922	5.589094258860206	0.8285148026084884	0.5783727071504075	0.20814841946258672	0.7033057680100314	-599.1944064959263
3130000	4.736079050615019	6.083393666343992	0.8851413317700592	0.5745649796606804	0.2021007484013495	0.7041628421621361	-538.5935255153876
3135000	4.6562585314837985	5.321301166902111	0.7750709000244594	0.5835885107627908	0.20841878817138368	0.7269681253273138	-564.774924799762
3140000	4.411272053223978	4.455820704374361	0.7990292288600522	0.6020520178434383	0.20257991588437643	0.7027666527626647	-546.4004583958787
3145000	4.299592014119957	4.444201769529223	0.8812133598087405	0.609316738114755	0.20141922952702396	0.7236164184170669	-512.4458467833205
3150000	4.176584723986332	4.449027580617907	0.8874320022404792	0.6021622652204837	0.20561143590780218	0.7187952920451232	-514.821039087045
3155000	4.732599794191331	5.352242907949698	0.8771336326505942	0.5589380889182798	0.2011271043489237	0.7324938470914739	-544.363705216535
3160000	4.549297427004044	4.6939059856605665	0.8290157876564628	0.6166189604446574	0.20234424751575136	0.7236009914188787	-545.8336870798224
3165000	3.78688464187664	3.8144251780531566	0.760740803948039	0.6316849205610653	0.2003162865431868	0.7362673225724299	-525.0635434805522
3170000	4.291392855906806	4.768422783023549	0.8951096606465276	0.5449910113053171	0.20410437269222945	0.7037229772462427	-502.4785355933027
3175000	5.152858980679461	5.153311285629943	0.8817600546713308	0.5710654669604825	0.21290498249728518	0.7182713464776284	-547.217080765529
3180000	4.505913995829961	4.783822423953329	0.8898541244723274	0.5851423603269571	0.20337087103646626	0.713903838402456	-553.4676193860596
3185000	4.325326106319155	4.394012664288505	0.7863659486025983	0.5861964068759823	0.20314716182245654	0.7163073473119397	-571.8957395941499
3190000	4.1574550474492655	4.680702504343869	0.8725982615069777	0.6194880838879688	0.2015534379560604	0.7066085177826233	-509.96600220748616
3195000	4.6856957330350975	4.702516360979443	0.8845622966268041	0.5956562394019241	0.2012532812610971	0.7326284036060766	-520.5988555105843
3200000	4.578506230848146	4.937145280785342	0.7990262739539922	0.5918905486212334	0.2007537220723544	0.7149121932058498	-538.9404584017511
3205000	4.394900271586952	4.428811282409366	0.8356325824831504	0.5762523959751864	0.20451377957729636	0.7052583586353316	-570.3556717788645
3210000	3.9384834951232564	4.097564286948715	0.899535425429069	0.586651004718847	0.20073557144491438	0.7491568249557544	-510.51777489340253
3215000	4.039708161113754	5.073400376012448	0.8660067685318482	0.589252223786728	0.20462333413236816	0.7117357655482766	-520.1019486274004
3220000	4.487434404610851	7.445254519169065	0.8483367398649715	0.6160742227910003	0.2001609395885532	0.7113235176083842	-508.3325326949083
3225000	3.8959685687917585	4.004988131134789	0.8117653184932061	0.6483235567738358	0.2029744436908934	0.7214738197252207	-502.65440362426665
3230000	3.8538033666273823	3.878842923798807	0.8379891769477629	0.603122386737134	0.203191939097833	0.7318739995027054	-510.41179674289896
3235000	4.32637618707012	4.520141461979765	0.898034617206308	0.5753563119444708	0.203160734688513	0.7276063323383313	-510.4244594445998
3240000	3.8455196126959814	6.194099380280272	0.8722367454099412	0.5834039692470316	0.2002543927499254	0.7584321352543516	-521.6713051052263
3245000	5.0993503753939295	5.285621821123506	0.850810685503844	0.6211309109265326	0.20859215662287137	0.7157278991199808	-504.7556434222631
3250000	5.0449563185900335	5.127793562168626	0.8235541780359455	0.6141531441872443	0.20162241078400023	0.7322809751193118	-530.5293569349512
3255000	4.731298185611998	4.861154394357397	0.8786253057508989	0.5808986394629966	0.21016446483452944	0.705598548370345	-514.2359447833537
3260000	4.248736893713306	4.466753072898108	0.8935502679124322	0.6035952892366282	0.20286959508376426	0.7193290697337962	-526.3463589141721
3265000	5.114801351165323	5.831428148895605	0.8977610850179325	0.5756737875477413	0.2028620340852847	0.7006070508692386	-534.1124996757575
3270000	4.50321777776319	5.666556588525228	0.8849412037649175	0.5480095606930296	0.2085923884023054	0.7170828205066044	-539.8744829983141
3275000	4.437149606259584	4.8345462851733245	0.8530676835744956	0.5690498538495635	0.20243623620529602	0.7605938081505779	-562.4598883957774
3280000	4.741424421146694	5.135996464520992	0.8732969086191682	0.5448143574330164	0.20249620401844998	0.7079527505416249	-583.9967086603651
3285000	4.435799912044534	4.50904128675972	0.8695265866647042	0.5481120607597885	0.2014729178119606	0.7139004532169824	-554.4902303619763
3290000	4.773772206122633	5.119881022085698	0.8783450374775427	0.5917179857630365	0.21659610472058752	0.7042727413505785	-547.6401121160038
3295000	4.699633936333407	5.869130958866375	0.869911555770917	0.5550644714848011	0.20100998629786607	0.7149973939730233	-567.3510959982351
3300000	5.447457195074777	6.330121080196564	0.887650383370489	0.5494991460000985	0.20317895086562307	0.7146865540148883	-596.3605382703076
3305000	5.6983529165515225	6.195398952597532	0.7322088829433253	0.6012213083243205	0.20295482280190424	0.7016601362493767	-588.3751274677296
3310000	4.385835353029168	4.675811459669886	0.8201978392211159	0.5875596861273025	0.20070001903030255	0.7244051545990124	-557.9093956223005
3315000	4.391889976731432	4.446410227847217	0.8928502086591162	0.5778192278276625	0.20367379533312918	0.7395450116305854	-547.0315873859746
3320000	4.3279288864998176	4.676428146164151	0.8537041900045779	0.5904319204022405	0.20235494236750629	0.7120497914686106	-568.7607820059399
3325000	4.423551734955793	5.289720125348558	0.8205130446800494	0.5639190016595281	0.20651134924278983	0.7358430065192709	-594.0736016965101
3330000	5.216653659218721	5.335847336464037	0.8254883231162732	0.5662484809175529	0.20335372374413688	0.7077371858140904	-576.8967400418854
3335000	4.431601343508787	5.311689090531691	0.8979808948031385	0.5648444560306579	0.20466236218840764	0.7289312098327185	-543.9473209601209
3340000	4.414350544538562	4.556336786840645	0.8353482528899087	0.5919788180127331	0.2021228309774466	0.7093616609339237	-584.6111463011214
3345000	4.480130558309573	4.771552959849366	0.8862881896656529	0.5479815306410111	0.20255498335056626	0.7001281606008917	-588.6662084565985
3350000	4.487530823401169	4.973671773613225	0.89278537446727	0.5405154935328993	0.200144946334808	0.7015083479278834	-539.6820496332548
3355000	4.047904605474574	4.296421964138035	0.8401968362386784	0.5979839965409912	0.2058956014081423	0.7271604801134789	-513.518080052661
3360000	4.775068581335318	5.193399520129226	0.8849177483773835	0.6331927560924268	0.20022966502803716	0.7076352885916299	-498.5662893913731
3365000	4.1448501683961805	4.855186115290693	0.8595015179499828	0.6062215651067344	0.2018831767556917	0.7336051678837371	-498.26841756467456
3370000	4.0887160874280095	4.415428713712389	0.8862811814325632	0.5930232085036216	0.20186206690287656	0.7045903948361998	-474.96723685985853
3375000	4.095495691318406	5.540049144146198	0.8414909211435312	0.6020954859972569	0.20141193771631752	0.7183814196317945	-504.6787665168696
3380000	4.684383774022892	4.882736395037	0.8728257474468549	0.602166894734549	0.20468120438954746	0.759974132529799	-498.79884905565297
3385000	4.273450229949507	4.666651357510379	0.8234266286740901	0.6241089220577389	0.20160830600703433	0.7336392198777609	-487.2447734417943
3390000	3.7184017846230653	3.759562018268656	0.8910106736999627	0.6139173409899709	0.20150458623192338	0.7367574198937816	-477.2112535834914
3395000	4.077270320068102	4.342555943398525	0.8730521416779897	0.6455023896269444	0.20204718545895783	0.7409686988360489	-444.70834891272665
3400000	4.261278506861183	4.432338513257352	0.8907917219885307	0.6435643507435661	0.20054699091260092	0.8545253245994598	-414.8238069186426
3405000	3.7146738494593974	4.219621068510365	0.8699553387298244	0.6885668844665592	0.20002939234709488	0.9172255840477473	-357.77021022236744
3410000	4.172681405887072	4.208043812580344	0.8838916348253981	0.6995189811716551	0.2038590370778915	0.8246485748598932	-362.25016635219754
3415000	3.600023624734876	3.688293896157387	0.8437805257033799	0.693976887275951	0.20315915558853867	0.8601445596667376	-371.2134177721534
3420000	3.718950159425331	3.760736053138065	0.8956337349329316	0.679288743129003	0.20247928930959247	0.9303730532221114	-356.95822954950467
3425000	3.591552831507983	4.951986302317332	0.8478228953822241	0.6947674794523031	0.20205806502633547	0.7020033377361312	-412.5307582977884
3430000	3.761473828310114	4.175207820670368	0.8799880901337757	0.6826034192992181	0.20605482455566732	0.8255450715144639	-373.73272524384265
3435000	3.6182874796632745	3.858885492502144	0.8774459937232577	0.6797848965491212	0.2062624594348893	0.9425825966198353	-366.6727420410611
3440000	3.82298458160381	3.858885492502144	0.8301969508942048	0.696511716473994	0.2030333850472478	0.7644362215139018	-397.5648841470995
3445000	3.94652276648679	4.1746931548789785	0.8983441281008355	0.666082827252217	0.2044151115719122	0.806675759632418	-407.5527242452213
3450000	3.877774240966991	4.050958571257155	0.8407886109380842	0.6637621772623811	0.2032231511854553	0.8006684569298937	-403.59220126540396
3455000	3.6440173592091547	4.387864246209338	0.8646834531828134	0.6551664614106368	0.20029757173416188	0.7883694516499277	-423.9770346117996
3460000	3.9738306733104327	4.07884336044436	0.8954830125495817	0.6220134806619461	0.2037594241324382	0.7442862202207947	-440.92381388259196
3465000	3.6953741227495787	5.149294039081037	0.8956723378704707	0.5837041051782769	0.200946237016214	0.7757293664795725	-479.1557433298555
3470000	4.572283657937557	4.618054765704363	0.8635496099489115	0.6136307679710453	0.20136253082932593	0.8110063488058489	-525.1255292985217
3475000	4.09856400489626	4.195651674029564	0.8947927974070466	0.550841657589482	0.20080831182784797	0.7044638392955659	-561.9199157744712
3480000	4.029992918808802	4.481085701125782	0.8569029032384796	0.5708878299908496	0.20355504457123963	0.7028438573952123	-555.8177813425483
3485000	4.67240791304379	5.2880989498855815	0.8631688790018662	0.5515810971684476	0.20533665986960992	0.7017909212286564	-593.5630273162459
3490000	4.8884411845761795	5.13624427554191	0.8495430905977552	0.4993156251811544	0.20864147951904585	0.7031311157143924	-635.2943511221449
3495000	4.8351486983092675	6.715925677776348	0.8048535642018264	0.5833552344536438	0.20043191138788996	0.7280839458817758	-635.2499895560618
3500000	4.573321198433456	4.92754267546475	0.86826207284748	0.5472942000246145	0.2086263357573063	0.7182348220500144	-589.5988740707987
3505000	4.987021651388612	5.091139146303651	0.754596352685815	0.571069501121422	0.20996031106527574	0.7555976348710169	-588.2383140640785
3510000	4.7623056289070105	5.694290002958323	0.8687023214951981	0.556982495997651	0.20168091101451463	0.7208343869685065	-574.7668699679261
3515000	5.256617461239247	5.359449707296223	0.8246329745526779	0.5693562346520551	0.20468100790689644	0.702170354816944	-578.3831771685109
3520000	4.791788913514312	5.327073803968444	0.825161133614361	0.5749049087834662	0.20109765501972118	0.7057211920144288	-584.5813995139995
3525000	4.633315879587672	5.08360046020042	0.8523368701534947	0.5788683070708955	0.20069160367410502	0.7184666935227367	-558.2195305325577
3530000	4.279935212937572	4.964794685822549	0.86624879890184	0.5477828024971099	0.20261322492203918	0.7066183982217026	-546.2575950845777
3535000	4.664174655637443	7.269010744948592	0.8486294028733656	0.5828215366820454	0.2017125273760011	0.7107657087477258	-547.5727279758642
3540000	3.5845205504055695	3.8144795022260185	0.852671224835518	0.5751930869628579	0.2138245803948077	0.701491700034999	-541.415202925623
3545000	4.03227702987323	4.305111576717626	0.749220586640879	0.6340184846826902	0.2017245798261863	0.7114504675535595	-518.337031045846
3550000	3.9467208044319495	4.135763743114004	0.8609769929832719	0.6309688176878001	0.20135431529689785	0.7858193026477475	-486.67782320205157
3555000	3.8045202308651715	4.056174644115419	0.8328975679292664	0.6229539195756821	0.20080714149366166	0.7287607454474707	-502.91739983776637
3560000	3.9936625589827077	4.065918609234333	0.8987010217515283	0.6175335348569416	0.20060748300464828	0.7460664102292105	-511.8502976958195
3565000	3.61983000949902	3.650690716755435	0.858808811104282	0.6374378529286451	0.20266097227223787	0.7384319869722541	-489.0918388953106
3570000	3.9450271066620175	4.031006273029915	0.8884236326658782	0.5919164413200755	0.20085191361210833	0.712941460030913	-505.7585192410444
3575000	3.840653279548181	4.013760340732175	0.8851468151454214	0.6109354818633145	0.20221036050080088	0.7269959295534635	-454.2486177477565
3580000	3.761535106001161	4.081484480061779	0.7665725166985476	0.6683815423739956	0.20044681977446854	0.7696250522875026	-457.8716871412717
3585000	3.663371214821038	3.7651287018071646	0.8837060062046059	0.6229599879033915	0.20011205349032304	0.7001486104891832	-497.0934706304707
3590000	3.8832166840983295	4.216188575050635	0.8953185693149742	0.6155453501249586	0.20110645308148192	0.7229224460068542	-501.34576523163554
3595000	4.41108640794165	4.60871181093312	0.8078824012208178	0.6312538245898184	0.20390732801419606	0.7443428251013025	-511.42049007752
3600000	4.40885942602147	4.519857266250062	0.7585123623293294	0.6476909981612835	0.20136499759517026	0.7290934138912867	-544.3321417202251
3605000	4.3437523821682	4.397852162023022	0.8971424825941573	0.6068792466610077	0.20178503905024403	0.7221636387710125	-518.8999855730327
3610000	4.3308703116672085	4.8077025093820644	0.8950648817801484	0.6310273694946422	0.20483329749108964	0.7235041374340929	-490.62932519365825
3615000	4.702714433236803	4.9286397541192795	0.7893222306306956	0.6007708380371126	0.20355041086308037	0.767898625221706	-531.8176813989755
3620000	4.153431486397822	4.256379770369808	0.7937372774312924	0.6236082985481716	0.20667802180597544	0.8019820821211262	-535.5833240467738
3625000	3.967049255974743	4.36653881211184	0.8786872572228623	0.6161060363021933	0.20088098507463034	0.7134999376108234	-511.2877193980872
3630000	4.248913812193155	6.028182851961425	0.8761092132022795	0.605863686599986	0.21138214734422875	0.7833071909629824	-478.6187706299254
3635000	4.278760909651096	4.413182920250347	0.8683797957052282	0.6106985739307804	0.2055399771691469	0.7420487773851192	-478.44193880308296
3640000	4.112209585115946	5.7758807610761895	0.8984891218398533	0.6309198337885729	0.20126774390523255	0.7360818916461289	-471.97802887498676
3645000	3.8047667498296645	3.8750807553852678	0.8967205969301604	0.5917986810009651	0.21392941344752112	0.7160286301777666	-475.5200010408507
3650000	4.0444591553573055	4.4749535050064315	0.8918426546614925	0.6013573848586998	0.20053918271348037	0.7022760676211133	-494.02060934461423
3655000	3.632578184670437	4.49582658336971	0.898120522674443	0.6110406285479044	0.20312677905610235	0.8289694219134124	-493.5882783203989
3660000	4.229675617497868	4.24932293891002	0.8644574246528471	0.6089433580443259	0.20435826905861834	0.7338859975846408	-483.1662506815193
3665000	4.205011412882715	4.9409616484784	0.8725276522910538	0.6092122279039832	0.2121342663385214	0.7144725639589508	-506.0204414169907
3670000	3.8486694441736344	5.416732712237954	0.8745951256899119	0.5980749267474099	0.20150466947542203	0.7184071139733971	-512.6184772193546
3675000	4.000806566106052	4.481263544087242	0.8969855234418856	0.5705690171005643	0.20726225921626626	0.7133151714348762	-532.9255651154683
3680000	4.611842690689994	5.143809296743476	0.893569478563519	0.5782606363346524	0.20970254798382656	0.7083958141768557	-507.9745172656306
3685000	3.9768281657798497	4.1838138529632625	0.880456636323061	0.5981682793925271	0.20400693298361788	0.8242217195988423	-493.0647164812386
3690000	3.611223934081597	4.556341433407171	0.8957314537507155	0.5942700221018611	0.20033872153821328	0.7527580514566627	-483.3174762803026
3695000	3.597676852041569	3.9408823748758426	0.7732312852551534	0.6267388254948513	0.20143661117484948	0.7329147957988887	-490.2369600189096
3700000	3.7861310828372194	5.289853122792387	0.8975585222754355	0.596286641668538	0.20029158005255168	0.7247922080836274	-515.9159775381684
3705000	3.5876776873376093	4.359717478805531	0.8386103063792633	0.6084657221359931	0.20099861499290833	0.7234989336778853	-528.4837965481812
3710000	3.7785713741678104	5.386512699226105	0.8470940514174283	0.573883226330783	0.20460386638350653	0.764746077792806	-542.1237551911788
3715000	4.2458108003317605	6.58425956585449	0.8839055877949145	0.5604887721610898	0.20634266541356633	0.7254010154402397	-552.4068966409225
3720000	4.193486763681176	4.988137983010287	0.8504595193457912	0.5371760372468835	0.20243221209009463	0.7197792949059952	-557.1007037681594
3725000	5.0501938674675015	5.381379489696153	0.8450236343712156	0.5512402749027909	0.2030081792114811	0.7590530880584598	-563.4999136242888
3730000	5.003023888374879	5.154908482713553	0.8849802006210414	0.5610735910976035	0.20009448773714467	0.7647209877775464	-546.4235331148699
3735000	4.808771387085947	4.9235003515682445	0.8811802010523675	0.5843672962185201	0.20656874524415017	0.7782614222924995	-548.8856207993948
3740000	5.354197525469176	6.089967968135463	0.8213302030989691	0.5837460933799089	0.2000943730769863	0.7085577809921582	-569.9114636646467
3745000	4.497094008018341	4.7521446622630314	0.8864447520724802	0.599193785222485	0.20112756640585167	0.7082017996558505	-547.6071103879458
3750000	4.49314617854272	5.009750956841958	0.8722395164983614	0.569718894924095	0.20060218733893564	0.7302888509114301	-582.4553499851257
3755000	4.513344438269417	5.871009613656567	0.8553154952126069	0.5637130047041619	0.20051217504568533	0.7110296801636657	-556.2451574717826
3760000	4.659349026904247	4.956689722109097	0.8452756858636234	0.6024876969896231	0.200786574768991	0.7381901853641333	-548.1677900741373
3765000	4.6424292861340275	5.200967628288857	0.8850339120027243	0.5462389881289336	0.20519776645590923	0.7118733397628149	-553.4767179569582
3770000	4.818275239189628	5.095167876491498	0.8799271336417932	0.6031214769950602	0.20265854687812548	0.7113814467726428	-496.4208253666958
3775000	4.528900185051057	5.081661329100063	0.8304809503146624	0.6004524012653333	0.20114475459356357	0.7106619502653507	-524.4394134234885
3780000	4.150281354106404	4.796239357701255	0.8163223457231535	0.5819237194511057	0.20550345605862208	0.7060907569835717	-529.2073320572182
3785000	4.102894923285239	4.363029227761887	0.87695252482493	0.579715883697213	0.20000488498561936	0.7360346780043804	-527.8970976273317
3790000	4.6154585279585705	5.561067413340083	0.8792741758130186	0.5505125170165357	0.2153393882505167	0.7216190286592605	-568.6865447864019
3795000	3.7953342721601704	3.85291267085272	0.8853928590769207	0.5477864626166258	0.20207353406254944	0.728034567039602	-556.20037263993
3800000	4.088630070678057	5.386661625979746	0.8954659773724523	0.5581510647747195	0.2084939923788106	0.7015007278500128	-555.7181059191738
3805000	4.230947871315266	4.421870703199764	0.8703064859368433	0.5993470583053349	0.2007439435662209	0.7046017295602961	-537.9064558786465
3810000	3.943529232748949	4.210799637671808	0.7647416230576125	0.6285878396412965	0.20487330925308456	0.7014272590925629	-532.9834393563615
3815000	4.602542190921088	4.763674125768271	0.8713984614418783	0.5762976255550604	0.21249305596903753	0.7920284670554277	-494.65259735877044
3820000	4.350381629621549	5.578460493722868	0.8300343404176771	0.6156278001453701	0.20149874007355525	0.7047870836792512	-515.0084093825259
3825000	4.180318953082192	4.275497188811773	0.8412770936234117	0.5802496182750441	0.20296236738656317	0.7150943559074489	-554.26478996039
3830000	3.941984288126281	4.271349226158489	0.8545860389253311	0.606347631339801	0.20147489359454665	0.7048483806395959	-546.9686809770315
3835000	3.812161122588128	3.860419191821615	0.8385489142873983	0.609356106406625	0.20191976435882394	0.7760318674398827	-527.8982123186839
3840000	3.971031456259395	4.09416123521236	0.8872796353596805	0.5741702171952454	0.2065195918028846	0.7206935043116645	-516.2255154456155
3845000	4.213096750465854	4.842723149689106	0.8733853880059409	0.6307585745116924	0.20213645023959514	0.72730865939131	-489.5835231713186
3850000	4.305441699715816	5.138302980676165	0.8315764056064224	0.6333750704237145	0.20192593944642978	0.7739659615427452	-516.7038502881518
3855000	3.593816867231065	3.9842633702978922	0.8928638187595276	0.5999495008735345	0.2142269465076263	0.7729906980501449	-498.57487081309415
3860000	3.38829505824506	3.8011383715037534	0.8776246333079044	0.6168469371816607	0.20380848113775707	0.7251658662599804	-469.8884268017832
3865000	3.642988021040922	3.818236880992498	0.8600062280374411	0.654460420344503	0.20050294996785217	0.8478944075321087	-477.16740850458757
3870000	3.6347777504253886	3.80470940522427	0.8600222713873463	0.6138147040903167	0.2075819161108497	0.7060654817152838	-471.25593729963913
3875000	3.4258439041523863	3.4454142105020935	0.7725452332532237	0.6660554841203228	0.20594237090508657	0.8488944946989445	-483.22705304955787
3880000	3.606638915061725	4.299897203768156	0.8771482073849978	0.632610193979455	0.20085161990582912	0.7728036713425257	-482.1810339147912
3885000	3.876201141844319	5.023183344021745	0.8547543008216301	0.6070566512522599	0.20393647749926447	0.7240919996401186	-514.1851452202104
3890000	3.999075565181955	4.357484276291483	0.8868624421938629	0.5752563071588594	0.20917165193029458	0.7809264533502444	-531.8152006799478
3895000	3.906022687140309	4.822213314474927	0.8911994011715609	0.5774846679048731	0.20725233762319237	0.7138132830434903	-493.9101431567936
3900000	4.174721759051089	4.346248799298963	0.8968726767737305	0.623299072896992	0.20257908359582336	0.7802215706649815	-489.38992755641124
3905000	4.627535388310996	5.04774037247033	0.886005668424422	0.5826829435831362	0.23337947153244296	0.7171162862316539	-518.6504284266789
3910000	3.9228582658801874	5.342164120443676	0.8350867177779739	0.5836152737183196	0.2096469758471797	0.7112643315858994	-516.5204213305944
3915000	3.5944235471856407	4.430544454919026	0.876634614901723	0.6040781783930816	0.20354948311202864	0.7185049802066538	-483.81794337372816
3920000	3.684860196820791	3.817259893537653	0.7878232615882002	0.632012210585308	0.2067181541348369	0.7168472603898871	-500.2900697464823
3925000	4.225132421527558	4.708150922410113	0.8703119864949554	0.6256150250719518	0.21256779051433558	0.7181630621523247	-488.9775117384432
3930000	3.8317048601634176	3.8831958852085413	0.8116409543289985	0.6285745822894148	0.2063079137425833	0.7445711978437974	-498.4973125103292
3935000	4.3973429295906445	5.4609619316629265	0.8864462576660063	0.6060899591908023	0.20987385511011064	0.7584860634153885	-507.63307568770625
3940000	3.692755586505923	4.242665015917119	0.8990002018952385	0.5824686714912588	0.20064524140354487	0.7108354581756327	-512.1689769745251
3945000	4.195858302681463	4.8560184428164765	0.8818531012708496	0.6066722827030199	0.205575293675571	0.7217340856046074	-490.626272987178
3950000	3.741447965710856	3.8356546228486654	0.8998455452487067	0.5847387536442016	0.20300361449170415	0.7380659931614068	-493.48146332605154
3955000	3.558953162849071	4.0542392597599415	0.8984534288245979	0.5950892688090408	0.20100671701151612	0.714052467662617	-504.4040929776755
3960000	4.214966954157115	4.572187952622624	0.7510238587728764	0.6647192578904593	0.20219372430843735	0.7236101380596258	-484.83905225985086
3965000	5.147697324920346	6.410026022576258	0.8927796542074055	0.6177020719656603	0.20646926182572717	0.7023343979598091	-476.4357526038358
3970000	3.646992554914452	3.76716724355234	0.8961677273152472	0.6276798336759382	0.20380934425528396	0.729912398558699	-474.6383675081626
3975000	3.898961690698935	4.9772886434005486	0.7776354102880108	0.6690415356098718	0.20169671295298186	0.7905809246254816	-469.8051117314931
3980000	3.8811928139844296	4.0581661713763495	0.7665303731688689	0.679414965562793	0.20302701200571452	0.748864043236499	-488.93638496297115
3985000	4.431096048474943	5.125081787854811	0.8858767042025161	0.6005915546806878	0.204732961647442	0.7657106161602178	-473.1484895662052
3990000	3.87248250895357	5.208663136490605	0.885884052656592	0.6524270337162844	0.20446106902466668	0.7032145590730523	-434.1363389207775
3995000	4.182072963498283	4.270148196149163	0.8601355603489215	0.6159440605911348	0.2055350161072469	0.7771089672943015	-488.3369071829573
4000000	3.722623363603024	4.195097810850306	0.861138648532073	0.6589772316548814	0.2075742437595783	0.8445139712968842	-427.5932228058711
4005000	3.9744387035140436	4.775690060848316	0.819769471746463	0.6478485909745849	0.20086112580529472	0.7767368672651781	-438.233474325075
4010000	4.594192321708471	4.702625768036162	0.8690537388388473	0.6721099745146543	0.20095842726729599	0.7903486849950128	-416.43977448322903
4015000	3.616177519221441	4.196599472412252	0.8857320309771295	0.6652181464696364	0.20109222078245387	0.8066117003361711	-398.07488018663616
4020000	3.8315611500676257	3.927033674956232	0.813595478390745	0.6808950396135957	0.2024046104337799	0.8824212503507222	-423.7716488689319
4025000	4.103612767195241	4.7683543937011335	0.8766657859552837	0.6582855447497146	0.20260748463120057	0.8177380267361075	-435.30534663611974
4030000	3.860852995788509	4.566555943193117	0.8518934381657578	0.6559773066993568	0.20087327669204896	0.765015622932983	-441.20005771756587
4035000	3.616544482170768	4.033871214649371	0.8888000238544721	0.6445109809396553	0.2035029426799606	0.7106150142192975	-401.69279520085587
4040000	3.5715605675123183	4.075658150560098	0.7517441387570666	0.7018813418339463	0.20563050187999052	0.8134923880948335	-408.83979377191554
4045000	4.03294691344886	4.0389393075292	0.8824723324818272	0.6642462567055325	0.20087517321754927	0.7653068667750097	-429.2026889349283
4050000	3.8888816148743843	5.472154853133941	0.8942407243838404	0.6010774285430879	0.20884351172947793	0.7245814031519355	-481.43097880999045
4055000	4.012900756970817	4.342662751260177	0.8729488839639781	0.6272486602075903	0.20037592386952732	0.786303797658748	-447.42543638228767
4060000	3.4935473143285947	3.9578778067593747	0.8658611815951602	0.6650312482868714	0.2033197488445687	0.7805971286782754	-428.33541827051096
4065000	3.6545688298379724	4.292811429671959	0.8855937587059931	0.6252903014090441	0.2061181367410357	0.7754321503629189	-454.55637268170847
4070000	3.913738850087367	4.4474057739378985	0.8968730974573258	0.6373475413043578	0.20265199472680653	0.7363200765403973	-472.8995389284774
4075000	3.500766277631983	4.230725725070444	0.8828822969821627	0.5977398051339786	0.2091969748563139	0.7243683879711369	-480.41016070283905
4080000	3.6493495525390736	3.919854127652646	0.8982353045840115	0.6146801296343523	0.21424657652435836	0.7407677750622639	-475.234257904765
4085000	3.4420314840446515	3.6106042421522804	0.8956783042853739	0.6334550436144012	0.20185972222511092	0.7327660912853867	-461.5602462511374
4090000	3.620937311845265	4.62276169689164	0.8768716082158903	0.6401634568273422	0.20683379037534	0.769908624613204	-462.34481442620967
4095000	4.101420068871401	4.324664616880369	0.8953571708311979	0.6437600552681569	0.20016589789329378	0.7882175039489426	-455.42336739086426
4100000	3.492177962531926	3.8520258356298203	0.8941420711711272	0.5817469010838545	0.22673490786625566	0.7205416006921099	-488.66151178586813
4105000	3.624830003940443	3.8060051908214976	0.8327425803367456	0.6823060944672293	0.20474310721657077	0.7954556865008264	-398.46453080294464
4110000	3.502369051186737	3.542823721181192	0.8902724254623064	0.6307261981791337	0.2007882742850237	0.7279616038693137	-435.6384921758702
4115000	3.543885974850508	3.8093649749674148	0.8657261199947193	0.6755307945532496	0.20557925124027526	0.7428780258693648	-439.0358176524847
4120000	4.038610896422628	4.1987100172881435	0.8807664469662637	0.658127374459392	0.20179861882517777	0.7215516262560414	-437.92875385044425
4125000	3.612412332330063	3.642034020769447	0.8501983307768206	0.6563999822533076	0.20039095514719563	0.8135551270259042	-442.5962510613949
4130000	4.342135760681227	4.6912216824232384	0.8806549159586479	0.5946302912343479	0.20219167051072615	0.7335882372207267	-490.79639501613804
4135000	3.713439328010819	5.462690543875148	0.8576806158537362	0.6488288360831541	0.20042027884208924	0.7728488151524294	-458.3763602822168
4140000	3.8483672522633494	7.2131056506371705	0.857619128928215	0.6169035280466103	0.2060064491584064	0.804629773917359	-486.01306452937985
4145000	3.639194408713217	3.95000697174269	0.8901175638302828	0.5768066261282019	0.20989563841652323	0.7468180353091651	-471.57397223341195
4150000	4.401726153296755	6.2155305184897935	0.8972070005299385	0.5849717792157187	0.2016314273730536	0.7057075041120031	-508.3679792910534
4155000	4.2453335558862175	5.679003017476317	0.8211576052946603	0.6019679880885879	0.2056147122021489	0.7125513158203122	-532.3730198792763
4160000	4.104464258578617	4.278094128494138	0.8691465014362981	0.5746832735497909	0.20934945737824406	0.7155945385588509	-528.9192938400856
4165000	4.100332433782935	4.169464363374259	0.8712311676237608	0.5853314054812682	0.20245676604304294	0.7186067465643073	-524.4858025754706
4170000	4.0773240693776005	5.518556150911094	0.8101018279684128	0.6241694788181409	0.202672578191496	0.733265321658734	-525.7831897701006
4175000	4.157390238721932	4.454027983610857	0.8652311191723112	0.5568695068963411	0.2073369368673035	0.7080544278521141	-544.1116200299593
4180000	3.665880605552121	4.354764309485556	0.8867957946345157	0.5608724705336074	0.20374413552680734	0.7453813311449197	-531.7785353979906
4185000	3.606041418006309	4.615789709012613	0.8577985579221271	0.5812466301945293	0.20860237574098114	0.7751061426494213	-541.6925482145058
4190000	3.730949020585963	4.099410374741826	0.8014284019194614	0.6339896401669872	0.20292705645018091	0.7027670965101792	-496.1294080938565
4195000	5.070514762826468	5.35647862011911	0.8461235941394496	0.6035815157368203	0.2005915647095673	0.7488696931663166	-492.9163439247487
4200000	3.9324437181222796	4.00942286240291	0.8921456552616875	0.6127610132020548	0.200635863412704	0.7278824505575711	-501.0765914634207
4205000	4.7081045628617595	4.908774114976646	0.8382101069756033	0.6289654311520135	0.20435733370461123	0.7138769498794317	-521.5717072644585
4210000	4.0529509867119975	5.096440201732087	0.8945093641010151	0.5721079874203431	0.20031259428276493	0.8111009618106053	-528.0216703331274
4215000	3.8458389799726547	4.48066154631914	0.842649342245946	0.6107461200796278	0.2002915771703231	0.7075968660657552	-523.1800982873409
4220000	3.8738097261305917	4.3975953252121505	0.798294737904033	0.6372745269149908	0.20054082715800334	0.7119471899435834	-531.8445701127731
4225000	3.859716215027689	4.673798827743162	0.8960003828780028	0.5624132232526129	0.20041441254403317	0.7092286119353611	-540.5409925041912
4230000	4.796367116012395	5.063541385973966	0.8333022424639241	0.5777303082429448	0.20306434480585311	0.735820480880042	-523.7720773820257
4235000	3.805748154378038	3.9467267715581027	0.8401666444344623	0.6389231020498123	0.20657193307776417	0.7377305975915792	-522.6560055271391
4240000	3.966745015489346	4.941912182319707	0.8477349834476231	0.6127654050990996	0.20670842542620738	0.7582221930329471	-526.4177122147629
4245000	5.148348346029502	5.850120946955747	0.8599558203941824	0.5621300157137377	0.20169086636898217	0.7026855514455452	-550.6126753199278
4250000	3.746182600268887	4.151017306887806	0.8560635602076133	0.6034734624439716	0.20117269970069307	0.7112069574448524	-506.7495177066784
4255000	3.6666247225151003	4.133820392854087	0.8817840488052991	0.5857305768313438	0.20761726608337	0.7379846499874096	-537.82657974272
4260000	3.879654085044541	3.898040162379547	0.8904663612713749	0.5578009761208325	0.20187772579174618	0.7267866768180848	-555.1330668490208
4265000	3.907848876913494	4.0683783616885645	0.8401500454122424	0.617720699137946	0.20007581656277995	0.7184277223399645	-530.3421050072568
4270000	4.331757905810255	4.650051252587616	0.8985272386689511	0.6285830374862198	0.201154010558692	0.7075539057989197	-519.2578370963192
4275000	4.133558754881735	4.296648248676211	0.8877361405893134	0.5812657866791486	0.20257887851761552	0.7071591713774339	-543.361171048184
4280000	3.8838678606605175	4.191267246386524	0.894350585970889	0.5799962148206201	0.21895607162333108	0.7356249598414606	-525.3781618722148
4285000	4.345113304614207	4.44470336358532	0.8992279756996584	0.5710611894270096	0.20046039861738435	0.7101148821051457	-546.3003897175983
4290000	4.305859475102206	4.817301289134396	0.8710775030372419	0.5672307433632343	0.20350979571244598	0.7032675543059382	-542.8848107713294
4295000	3.640064413686872	4.691003444978555	0.8936082919607823	0.5752474125803301	0.20078472278375137	0.7320985279076977	-533.983906505881
4300000	4.059742136709965	4.910231086141843	0.8197385694256627	0.6078280693231586	0.20289043408155003	0.7372189887091707	-531.2360166589708
4305000	4.270781359881376	5.185556383170295	0.8761700254591703	0.5827531767502472	0.2023574603355863	0.7418698172544514	-537.7413895110296
4310000	4.668182501025552	4.736944742228047	0.8129019025375287	0.5869404826467262	0.20292384155945417	0.7884446712274884	-560.6649520141841
4315000	4.493210198015394	4.8061909546212025	0.8385046110523479	0.5886756947424859	0.20068115009369503	0.707348609663885	-548.2201217427504
4320000	4.634139734277503	6.115991628176498	0.8701378709178593	0.5407118055901392	0.21206075693706777	0.714725796212853	-582.2778134833684
4325000	4.576789718999884	5.3838344885505816	0.8340455570772868	0.5507230631830954	0.2020886986268682	0.7284567995171106	-576.5048149774282
4330000	4.856472094855469	4.930246743263824	0.8856904386362183	0.5677136244866128	0.20018018295766024	0.7080103764061267	-558.6371426665282
4335000	4.5518989363482465	5.022802766753668	0.8147974621907548	0.5699979156267322	0.20212533842202426	0.7259358140100003	-569.3651867658945
4340000	4.126004478684113	4.821748609922693	0.8021297625574875	0.5923286573833231	0.20302297304254202	0.7035047225828785	-563.6478684656583
4345000	4.388981958920222	4.714163006218595	0.8931460557900928	0.5677485163491824	0.21697975061865765	0.7469808971294007	-526.1650023445002
4350000	3.6509783957924777	4.131102006451489	0.8313030796128617	0.5666995587684533	0.2003112857299418	0.7140974035755088	-546.9883755385495
4355000	3.927909293639877	5.235958931625798	0.8545608265155519	0.5978053700241628	0.2015128435979479	0.7140682311705027	-548.2248660972868
4360000	4.30760123201425	4.365633260077809	0.8652151531521716	0.5850278634184531	0.20383092629421007	0.7228297922010395	-512.1139294108201
4365000	3.8586732877942445	4.014246417049753	0.8976837509491497	0.6089499007115557	0.20045355634180625	0.7384853328861953	-498.0796664346325
4370000	4.145728849648803	4.531009205304245	0.8892335773318107	0.6130515675236073	0.20039692853863417	0.7071803459165951	-496.3223910073786
4375000	4.156915798528836	4.336809084515932	0.8996564542717057	0.6307899567754677	0.2074590625987542	0.7192778600567284	-491.87089042430176
4380000	4.031370992264102	4.207860938606896	0.8748632794581345	0.6088243061430668	0.20246588396554105	0.7688516026532445	-488.47802206363406
4385000	3.736740863463996	5.346252986404301	0.8703130611168076	0.6187073844634982	0.20415656556574896	0.7514979343109075	-499.7151323676421
4390000	3.895404030038368	3.9498285302893543	0.8980969815691217	0.5707990188396498	0.21068312299856842	0.708492232044976	-502.2336808467194
4395000	4.549240125615137	4.746162958949949	0.8158681957851082	0.6349159998492603	0.20874888141459835	0.801513416597566	-482.86592116429006
4400000	4.474860850280208	4.591760974913533	0.8959496802420404	0.5994294815425598	0.20310597601431818	0.7194745853532103	-508.8146000872081
4405000	3.7432158261582646	4.367705474531554	0.8647356339601102	0.6035664971257382	0.2123093088924629	0.7094669704027284	-479.07368786898576
4410000	3.4508391058561476	3.971996707564325	0.8915930106320107	0.6550047555497734	0.2034383656394492	0.8381058913848787	-496.8322833200903
4415000	3.7973568760911838	3.9137372532806025	0.882346414895298	0.6238460335475923	0.20837868197751994	0.763258105877876	-481.66504500805155
4420000	4.613396671648808	4.88238481932174	0.7413556106584757	0.6389818868685231	0.20060502920535067	0.7659725460007117	-507.6987358113925
4425000	4.143406807669374	4.99421684691133	0.8932461250902498	0.6168411893456149	0.20221905492633788	0.7341440048747321	-485.9889745147098
4430000	4.2222923593902575	4.537707008052088	0.8835017361650608	0.6210382421021335	0.20280977254491697	0.7415890068408777	-497.6083614043188
4435000	3.829421650378876	4.69077712532393	0.827029008916702	0.6427271709971845	0.20374961736947023	0.8498695759812136	-470.6707184239127
4440000	3.7987186373455226	4.013494505164137	0.8785234819248692	0.6295409856016784	0.20392449567830542	0.7099262365901073	-481.4751769402453
4445000	4.052716185148804	4.413824654777538	0.8740662416631938	0.6435300332265711	0.20389289269050564	0.7382021983004224	-474.18257672824006
4450000	3.9278850040324214	4.080262072842212	0.8696854392156969	0.6007594994205862	0.20048085553378295	0.7233637919634319	-493.7873714659417
4455000	5.418897516531032	5.469787464029804	0.8919237529712908	0.6026033871445098	0.2078594077789457	0.7008514079894089	-525.7021671918509
4460000	4.962594153718019	4.996856226172375	0.8468653368226055	0.5817954154195522	0.20325829225847505	0.7034825150692946	-549.9227148886029
4465000	4.182770103950787	4.242525761534789	0.78962556031856	0.608455377962355	0.20136444079310442	0.7182825154590238	-546.9491913706827
4470000	4.9793050371742975	6.768915678973593	0.746238237206363	0.6192609308699243	0.20314564557461523	0.739335867334043	-545.9021212040793
4475000	3.8678549505007838	4.306848881875343	0.8715416861249984	0.5899512223604293	0.20804766258287924	0.7050115965020467	-524.0409788815605
4480000	4.07466756603709	4.245727423850356	0.882888050187333	0.5884789481341024	0.20758365863893916	0.717636366081177	-520.0292002926385
4485000	3.7888298075583555	4.63563286548018	0.89612512586206	0.5519807669072382	0.20746349836450032	0.7097311198526949	-548.8282817070354
4490000	3.5215838098110854	3.524476009274289	0.8607774602621223	0.5183678834280933	0.2041737314709622	0.7094543078439471	-580.7806767437667
4495000	5.236576934185484	5.593837359246978	0.8624780632444018	0.5232287553798736	0.20698254010057632	0.7092047307745671	-603.9646977217214
4500000	4.903981808706843	5.39196751382725	0.8590105541726699	0.5529134956487746	0.20323510395027433	0.7041950490659501	-591.433003898172
4505000	4.981042593911592	6.533330418954209	0.8873507091129387	0.5334162690122478	0.20419734094128292	0.7018346239487633	-623.0623086740153
4510000	4.613237444662367	4.624979740824094	0.7797954427036548	0.5546794972930528	0.20682623267213152	0.7309503651443076	-581.5504104405097
4515000	4.832376729043076	5.2510358080751285	0.8941395029903675	0.5402421006754032	0.20239323951853105	0.7081358419896803	-576.1714237610721
4520000	4.5682703128944215	4.65008155266111	0.8204237647392826	0.5483049703089848	0.20207251308789606	0.7032282998158763	-585.5473500638352
4525000	4.799614884303134	6.037067382072457	0.8481742890548369	0.5895644995851019	0.21055266490647168	0.7090644833175641	-563.0944993368291
4530000	4.3229786695117625	5.029098865030799	0.8919796185127029	0.5631602694620403	0.20086002885877724	0.7172794188944508	-546.8852383626449
4535000	4.093227454223281	4.6317127357080885	0.879830419635086	0.5930685512271741	0.2029509943672597	0.7067938251385778	-540.3239209793628
4540000	3.9053221255382953	4.249168239676601	0.8082902029908972	0.6280671059136392	0.20158249010019735	0.7378465039040505	-506.1020601029499
4545000	4.356326560471464	4.489996278300496	0.8919335775469514	0.6047203121861255	0.2016569794666028	0.7966677490294524	-503.7070753524471
4550000	4.383812564437206	7.04034297203643	0.8498878434349072	0.5873624971822762	0.20738711897299925	0.7033096906094897	-500.40798718552657
4555000	4.644120435508669	5.799870568936577	0.8305910503548162	0.6338043712410617	0.2017780735404855	0.7172180649418585	-496.28793577318817
4560000	4.088565842970701	5.684960808533538	0.8455804271280821	0.6291233404085245	0.20019674098809362	0.7654576580516672	-506.1681772607444
4565000	3.8691873211874026	4.174900746930808	0.852857122501703	0.6047992964222823	0.2014404254678297	0.7028212561960976	-497.21697365213106
4570000	5.351551475432923	6.4187167861831425	0.8630906410049587	0.5905717388727126	0.20883477012153978	0.7605169447744244	-536.3174709002966
4575000	4.4354869959862615	4.54704347788885	0.8834214128966799	0.6061764612418402	0.20133896760751055	0.7075605663146817	-507.68704422175847
4580000	4.111215870414722	4.752617046034354	0.8988944911960907	0.5657670072349311	0.21081289334872363	0.7038105544177752	-508.17322784046064
4585000	4.117603234871285	4.406132770098172	0.8189281785611204	0.6172426904599109	0.20686063686022463	0.7421796807402479	-495.5417772919539
4590000	4.116283448022524	4.738349604128736	0.8538541882134731	0.6241207630549162	0.20989800416753795	0.7052467373563996	-502.42277264680314
4595000	5.554665699489438	6.488944764514977	0.8747832297764653	0.557948938360633	0.20351448826209725	0.7139878637970509	-535.5128267272721
4600000	3.8628441413383148	4.177162833671146	0.8954449547698348	0.5848739668308582	0.21033701736435825	0.7274788157500252	-528.02621230953
4605000	3.858684028219796	4.002477361896236	0.7952267430908626	0.6171714982659778	0.20364137860194972	0.7045324218809484	-537.2422094759816
4610000	4.594868600026836	4.959013072109549	0.8960923282855014	0.558222035215442	0.2049147203981992	0.7157874701816183	-526.5113641490392
4615000	3.998287207169733	7.836932547496195	0.8604145634074649	0.611104560278901	0.20279454570913205	0.7520694306382608	-564.9496856267534
4620000	4.446277670276207	5.09353489109172	0.8744401254093312	0.5683115625687774	0.20067286983287203	0.703005093795185	-549.2344625283838
4625000	4.224229111752142	5.648883978150076	0.8705712492910788	0.5573966640917838	0.20947682086306638	0.7058590583161228	-589.5046789677663
4630000	3.8788285918286407	4.618077618684383	0.8835780880546817	0.5663882363507702	0.2139813707962565	0.7068951146571377	-543.9425169892955
4635000	4.080771157648378	4.4118894970716465	0.8963467272033708	0.5735069914066088	0.20212506636515584	0.7164569866542011	-529.2263770114695
4640000	4.302016992606675	5.260148346615945	0.8890965054607725	0.5909997519780925	0.20217274449147313	0.7252893277521246	-530.2566655924853
4645000	4.719908426460111	4.985887956185431	0.7418984943126276	0.6120270488009211	0.20351546479285218	0.7089662546408162	-531.4766766367015
4650000	4.981824677866426	5.54783306273629	0.8797905976770085	0.6198912364253508	0.20262450433871146	0.7912806970529997	-518.2986500685134
4655000	4.7555832366896515	6.6762208400161835	0.8946225633868964	0.5828341545855851	0.21047987336000742	0.7594187617267577	-508.46564100430794
4660000	4.800073789139557	5.489500390870477	0.8663470960089698	0.5977016691465071	0.20225781560498354	0.7457306451444984	-504.6604943704785
4665000	4.176290942646304	4.404470904979641	0.898149127319196	0.537541884051762	0.20186916546237768	0.7203511309979377	-566.4739899501822
4670000	4.360370193039709	5.98526600905033	0.8711325779698622	0.5534443584777583	0.20126635661588393	0.7151479078485692	-569.4765113211439
4675000	4.398730541267082	4.710575104644423	0.8625267426156182	0.5325925443573795	0.2233492967434643	0.7010600980088133	-591.1297687594342
4680000	4.351556529728713	5.711083801595067	0.7825093500548308	0.57690783557887	0.2074428661511289	0.7221550303259306	-581.9864210334232
4685000	3.8950150065805285	5.882293093879027	0.8455871508683532	0.5642795558307233	0.20153814745613335	0.7166117885202617	-571.8326342866959
4690000	4.3239142054766395	4.324430524185829	0.8876677953911356	0.5431697667287401	0.2027243995793196	0.7190450465762784	-548.6253020606318
4695000	4.2239346428917885	4.893569911383564	0.8963432937845919	0.5809727647402954	0.20659677441829621	0.7038647356000536	-541.22252379683
4700000	4.201831956149358	4.684070167844586	0.8188987511522902	0.5575263517357492	0.2060372527434632	0.7312567505394418	-592.9831850378414
4705000	4.231346207840541	4.367028041468507	0.8437088615563719	0.5733087756349509	0.2021542260573913	0.7090621189970354	-600.4649293624851
4710000	4.6285838052371275	4.908986396012429	0.8248571035927598	0.581502912302056	0.20192305118244297	0.7696957608946841	-561.6662998498949
4715000	4.635107437914974	5.068700017604911	0.8986728312011321	0.5690075574859023	0.20398937885970125	0.7262378877081713	-566.4248066239592
4720000	3.621877795761912	4.729428598222402	0.8911056707852495	0.5778858187184754	0.20201848076213383	0.7102175803161827	-525.5050719628446
4725000	4.126462879452866	4.620202254233546	0.8151047995256246	0.5847326489800101	0.20268533270423567	0.7613932435044605	-528.359424510409
4730000	3.7126019715780267	4.158532749994681	0.8782979312136057	0.5941373614472897	0.20391041426061252	0.7135702461801607	-484.70203617468934
4735000	3.866511437850184	4.389491731455064	0.8770828508294567	0.623507211598828	0.20155881703114664	0.768282678841876	-477.6916670293363
4740000	3.697131665597773	4.371092728806681	0.8926753085575405	0.5804032802845271	0.20864673528360358	0.7103577856956653	-503.1277657117312
4745000	3.9813029758375817	4.1570047600805635	0.8701221170076028	0.6015025083351354	0.20181771184872896	0.7227080018764607	-510.7636380368535
4750000	4.558611270983587	6.231314369922916	0.8284552208516068	0.6077763356850375	0.20072682563113195	0.7144806322330202	-522.2290641285938
4755000	4.022188926963334	4.472098088650271	0.7968847302096639	0.584302605328004	0.2057971020334753	0.7091235364538392	-539.0502604372899
4760000	4.6985343389316	5.608321052384539	0.8859932281146854	0.5920344793536193	0.20357306387760804	0.7050627386071628	-534.213507956242
4765000	4.432375192228321	5.9313963496034425	0.8365583849818862	0.6289780044475674	0.20174903336950803	0.7319563800490971	-503.2516685542408
4770000	5.2569974785594855	6.2722956781346735	0.873663584620081	0.5771673206885369	0.2116801445375008	0.7437712469774205	-523.3653611221469
4775000	4.732425092456745	5.019524034963437	0.831551475677766	0.5990869189694017	0.20805479756330433	0.7140620137865041	-550.0287280659364
4780000	4.367780662895331	4.591133241692178	0.8452995823384825	0.614846523884293	0.20238656065334631	0.7595679837505426	-537.8218461546503
4785000	4.4906901481527495	5.413005726811273	0.8532773823598889	0.5875492638944949	0.20061193579841385	0.7427862338123908	-553.0719405314188
4790000	3.68038951540633	4.171329666256207	0.8987418234592145	0.5744952546826985	0.2014001816272863	0.7982502459368662	-532.075864927972
4795000	4.947326041144065	5.071006650142999	0.8965418528149014	0.5753489018202065	0.20244464472472418	0.7367297171078091	-523.016936229357
4800000	3.494618553228449	5.546773274821184	0.8912069304466032	0.5801147278565445	0.20301730913100552	0.7191875408816902	-543.3249187673533
4805000	5.063915723443668	5.341080407892377	0.76519056132314	0.6041076550314373	0.2005259979843613	0.7139493328408529	-565.4389997369632
4810000	4.066383512439354	5.489536842362997	0.8982279632242504	0.553604566025036	0.20436721943106204	0.7000047798217793	-576.5875406065546
4815000	4.578697663084922	4.612708365452673	0.8140963433404746	0.548555828518819	0.2023247997457853	0.7169831257808555	-588.5435031171631
4820000	4.587117037056255	5.493447132325409	0.8510622180162496	0.574065683226068	0.20202488960875434	0.7680267053467658	-566.0695332941526
4825000	4.204016688850918	5.62378495099284	0.8650912319823048	0.5524924422751959	0.21072128484029098	0.7451107730022618	-549.3042474770425
4830000	4.635085617652109	5.256541966293831	0.8489447126177097	0.557140931837113	0.20109812169063257	0.7056739980648378	-544.9092815398272
4835000	3.9325964082897467	4.904209823767629	0.8753671339948378	0.573791216260081	0.20789286929056908	0.7270020520684622	-561.1085448017458
4840000	3.9643820736418878	3.96579020655217	0.8567251746990485	0.583778879530301	0.2072434529399931	0.7128743381512734	-589.7169508142396
4845000	4.150642572899548	4.2640434194230545	0.8766740034973097	0.5070214905576377	0.20415532793587235	0.7074202307960868	-607.9243928053862
4850000	4.096434547302319	4.528032298927781	0.8808640104669162	0.5283527502011924	0.20387089018775142	0.7030060136716666	-572.8691769491237
4855000	4.378504348651908	4.803975565542758	0.8722758215587129	0.5474708936628009	0.20734625032660803	0.7147628833284025	-552.0627982847266
4860000	4.1704537808792415	4.389906386680225	0.890168954370044	0.5952261561393447	0.20023426257933816	0.7207129072373879	-540.0249723199757
4865000	4.386169060803238	6.270674633893994	0.8848242686140809	0.538695259327758	0.2064281178177784	0.727410029008155	-570.0999509585014
4870000	4.927974161032486	5.857545598239741	0.8697920006283888	0.5795573914992361	0.20674557474598115	0.7020495141855513	-558.3108634831993
4875000	4.6945861324863785	4.852091677736711	0.8851780443256967	0.5682431071275369	0.2000386007762769	0.7168011473451816	-538.1028660756702
4880000	4.698697339089095	4.740722402267213	0.8512695749447309	0.5964361340696154	0.20034217322730857	0.7113340534775594	-555.9708056909888
4885000	4.19214308406573	4.441331109754437	0.8172928863418224	0.6194056675013944	0.2000206236771041	0.7127943773242873	-530.2216256938667
4890000	4.086285775599057	7.751837236866358	0.8840656588244198	0.5998321417717225	0.2063023624821696	0.7303629829998258	-508.24939604335907
4895000	3.7671200367837465	4.480444233070888	0.8669889168654826	0.6055320947145697	0.21061713803621568	0.7700448149332575	-489.70279525739676
4900000	3.670430837121484	3.6975881968179927	0.8883543771170215	0.6289657312196885	0.20063300547420165	0.8490814657609724	-462.8183278977923
4905000	3.6831590762946753	3.8046459785433173	0.8995744701670383	0.6199946606058409	0.20067357931108698	0.7025686066640583	-478.38085254463846
4910000	4.88834518173044	4.959888116744107	0.8862246831843101	0.597381860656951	0.20233045882326917	0.7365378871107837	-494.7708842068323
4915000	4.279912006979778	4.464166775735579	0.7950750723949047	0.6080024340813605	0.2027629862023062	0.7749881676382345	-530.3497257266251
4920000	4.802025525238989	4.849133842714418	0.8900097889565038	0.6328815511476525	0.20580695127902535	0.7773477667510709	-501.35377616222183
4925000	5.428279457545862	5.7228484305540315	0.888869427595449	0.6087407128713218	0.2071310431278223	0.7964500495170902	-537.7057857680816
4930000	4.775523057450648	4.881769634433239	0.7821799431227905	0.5597926136648645	0.20174772557144194	0.7070840286702555	-610.0212185723391
4935000	4.823471182648389	5.1634000271835285	0.7956357386395043	0.550532946966532	0.20913517926257374	0.7097470590365855	-613.7482580266038
4940000	4.237377233023447	4.9368228437628385	0.8370342854928795	0.5448777727364519	0.20209897632005563	0.7318266738084187	-594.1349159766363
4945000	4.037122709636603	4.5327463687385166	0.8824149961481966	0.5417871483452908	0.20059434561294748	0.7295147591444718	-557.6535661060251
4950000	4.308573006856061	5.332485234377925	0.7352056018588768	0.6229417573634111	0.20661648340343386	0.7450488061001992	-527.8823704391326
4955000	4.094750285586555	4.097447086910617	0.8814103230019953	0.6036006178162854	0.2017987317093679	0.7133851565613117	-485.99068635346623
4960000	4.092328717881254	4.314138596568443	0.8914799124722933	0.6049806522647344	0.20322524753530563	0.8188287489780626	-492.396901495602
4965000	3.7018748113012325	5.953748490074798	0.890164142577878	0.5867320318138954	0.2144142092968446	0.7090718342828362	-531.4260703384025
4970000	4.4649726786250925	5.03984574176172	0.8882370513185264	0.5955281388656548	0.2028993659901495	0.7135902319227558	-541.0446890164466
4975000	4.4359080585152615	5.344688356051224	0.8459599425578374	0.5496096617776837	0.20259462484379237	0.7014450253449949	-555.5115720456591
4980000	3.9793227785269814	4.653840983063064	0.857933436824801	0.5727756633363095	0.20312811926181779	0.7503033755484193	-567.037425196892
4985000	4.11152205012618	4.172987997769734	0.8422304044487404	0.5846930436520624	0.2016875068909231	0.7397346131803862	-568.5350907853997
4990000	3.966299802805105	5.681493777173033	0.8844966726986724	0.55725237456378	0.20461236588099824	0.7037731279900188	-549.0015260240954
4995000	3.682057774137506	3.993657930947231	0.8757978099171662	0.5996123526964113	0.20233988421418794	0.7194823482613205	-499.3287509046438
5000000	3.6331895927082694	4.479219558836401	0.8811501287848162	0.5488621068827619	0.20318173668636808	0.7793952547402755	-563.9056590422639
5005000	3.542322389463134	3.682977331272424	0.8606034088795743	0.6092984812977884	0.21549189821435535	0.7339955963446879	-534.3952708216718
5010000	4.152389000570104	4.628723676244878	0.8505474265826973	0.5326512790559668	0.20766755783509006	0.7108845036227902	-592.4770021102981
5015000	3.8753933630998474	4.8418862094427295	0.8309809866829199	0.5799660200339538	0.20576807891009766	0.7087217104937177	-568.1444318311026
5020000	3.762308094777188	4.439180013114101	0.8267489195158096	0.6051689042703953	0.21097796194017773	0.7064142743374651	-548.5451193740525
5025000	3.9887410124085747	4.713118957949054	0.8992277856146446	0.6192746923306828	0.20326925055083755	0.7195640445906555	-532.7558000229799
5030000	4.007918240550071	5.258688895223744	0.8758179052761969	0.5757600711283907	0.20023053859924544	0.7022805464859757	-532.8618713059151
5035000	4.221477230307008	4.2305313665398065	0.871398316797002	0.5752558113441121	0.2026222030648326	0.7281134845461561	-537.7112997408369
5040000	5.455507309066381	5.921054926839318	0.8767691973896089	0.6094516985286244	0.2017651545464927	0.7305239404879179	-494.76093389246824
5045000	4.713465228915846	5.768296963869456	0.8918852713371487	0.5922997925482167	0.2055101089109005	0.7675851665633006	-492.9736510189046
5050000	4.768369482712095	5.339814138629752	0.8527252747423258	0.6248691385821917	0.20602893099038483	0.7162039245596487	-524.7859715360187
5055000	4.256642958565738	5.944570488172002	0.8926932152661408	0.5634767101774409	0.20546152640265894	0.8039104629184113	-538.5831712166596
5060000	3.80964349654447	5.571003402385415	0.8695467138017638	0.573064985304342	0.2006436784784982	0.7094115851819691	-536.2962586058613
5065000	4.036978437996526	4.87393273000053	0.8859024964588073	0.5780168056620597	0.20497725983899448	0.7857469688296262	-521.5497913277914
5070000	4.867239670063025	6.164992214941578	0.8486748169555461	0.6083452343775112	0.20350051789889267	0.78114990515661	-537.072365157068
5075000	4.2812326353484735	4.339302044084996	0.8605483709481897	0.6051169801638755	0.20310545027973065	0.7415369554103648	-504.3399744435954
5080000	4.022934749331851	4.326129620352831	0.7481302906996403	0.6634590066813443	0.20360521991779312	0.7384783726990385	-484.0606380193701
5085000	4.105778189603283	5.0239606723141685	0.8806535394851017	0.6240484037831553	0.2018231442223268	0.7448477398488199	-475.8551968878676
5090000	3.8578759449674997	4.280851534879683	0.8882403220741847	0.6086619566576128	0.20292107138589974	0.7201815115380344	-480.95656041700613
5095000	3.8930736208869456	4.113259205213833	0.8559387861242388	0.6083600163847606	0.20112566410961996	0.7864187094649995	-510.916582850888
5100000	3.7571129657544	4.3793237265064855	0.8731034279675095	0.5955998087363409	0.20043139876209984	0.7085099708200847	-520.0480511149692
5105000	3.8667578349119713	4.4000698981679385	0.890982610368355	0.6334305940771808	0.2033573447015307	0.7111427294318747	-486.1871393728357
5110000	4.19261204009282	4.21130684130542	0.8902380574563303	0.6117200301314317	0.20026195880484252	0.7280144248538457	-525.9602190289271
5115000	4.365436246253947	4.521541358244172	0.8469983277259436	0.5958475674247402	0.2042198242943008	0.7242067956169607	-503.79496683278626
5120000	4.418417826938998	4.434802391979277	0.8782997644461319	0.58682299787677	0.21269232057529727	0.7304954618426434	-517.0146861605299
5125000	4.254827808021801	4.513206953268149	0.8876698763804987	0.5960821251391962	0.2077436944197055	0.7078948514392932	-529.6120471404784
5130000	4.3437882513073856	5.1148405634208505	0.8613520497497618	0.622656743830861	0.21262187577184632	0.7925337449698341	-477.5181730902529
5135000	3.9463544180691525	4.17802462993748	0.8928173886688122	0.6108075534279654	0.20981274549467216	0.8042519789040468	-474.4201554768243
5140000	3.8553996293008446	4.791134878450832	0.8962419775407213	0.6129085561300295	0.21183432080866013	0.7302258840486056	-463.9974709750936
5145000	3.6086897966278353	3.7884990000384953	0.815691842764266	0.6428936182896804	0.20648170244189096	0.7204216857074915	-495.8517952156231
5150000	3.752029923302633	4.193214296264396	0.8991440668878538	0.6217104172158595	0.20218723348588744	0.7028615527737594	-459.55465910292014
5155000	3.768673835852526	5.406712694146794	0.8921262852021877	0.6194061840185613	0.2105124447939436	0.8396114970057439	-472.1571852336552
5160000	3.7117430318543656	3.777044306308036	0.809384354490234	0.6444410551155667	0.20113210562107434	0.8171501977522799	-453.9456205147436
5165000	4.427694844478438	5.578381890975504	0.8743371801480511	0.5876375690677571	0.20001819750865615	0.7973349663315557	-490.2031310608067
5170000	3.9807181431959577	4.135902717151825	0.8940455793738772	0.5861537822620724	0.20293635826871256	0.7444517595493682	-497.53632384998497
5175000	4.325158461916672	4.457079040120891	0.8448518602928179	0.6334771988412905	0.20036617301462817	0.7151665959869973	-489.1819449020305
5180000	3.6070179440867265	4.00525889739541	0.8999666458711931	0.6270689819491292	0.2039345275880899	0.7725933090927999	-472.22606210234767
5185000	3.906425680743076	4.077401124202571	0.8910266173365321	0.5582988167825184	0.2074793125573127	0.7128309044243794	-524.0881262100343
5190000	3.866688933603312	7.081744410800014	0.828967664048286	0.596300383500847	0.2001460245696558	0.7440141359509693	-514.4353884136194
5195000	3.9141907498069597	4.866923258788894	0.8131255947221027	0.6210206605669742	0.20547512260542908	0.7149108578773009	-510.204886111141
5200000	3.435180134800374	3.4915903792933114	0.8432914451678879	0.612476719311959	0.2047859037129048	0.7235838429236098	-522.6498890266366
5205000	4.4707870747973715	4.675548431573755	0.8808599759024204	0.5910920160352947	0.20262175348678196	0.7401591415803402	-531.7811026669573
5210000	4.069285537714384	4.839110302444859	0.8061465325348507	0.5938297940326271	0.2024862921684684	0.7304264212491214	-538.1383020804029
5215000	3.898424767970436	4.45051742368424	0.8939828319543351	0.577799275719158	0.20014610571991917	0.7166259290918524	-544.068268130295
5220000	4.550276054165781	4.6561780778996225	0.792281281554104	0.6134431840003796	0.20458545372210224	0.7285035421722653	-547.9478996760743
5225000	3.7334377171090396	4.507649071430368	0.8628568346461506	0.6019157351522683	0.2071271638730352	0.7006049147666477	-518.4589332010519
5230000	4.102565147250495	5.717162233971484	0.8532909261126363	0.6189374417913982	0.20166971704380926	0.7009483689726261	-525.548513881057
5235000	4.099236183632115	5.041122562729083	0.8994380647687702	0.5858467213579516	0.20447713287578334	0.7497023946465573	-552.1590445591412
5240000	4.735002733742893	4.936464658044141	0.7748134241438293	0.5826101062120373	0.2026436947627119	0.702971740348591	-551.2973908542948
5245000	4.100355277672609	4.679750995312844	0.8481722585380249	0.5632491573452066	0.2009979960914918	0.7037101787876675	-587.6513022531362
5250000	3.891023439697389	4.415645462218875	0.8884356278942803	0.5535762792914111	0.21713205925896	0.7106041854976087	-591.228628357973
5255000	5.09058422094048	5.470838820056652	0.8886717026773033	0.5472655511569029	0.20609067867747247	0.7318241964739892	-584.0742153682941
5260000	4.1573496505365295	4.187263743625627	0.8887560902144016	0.5627154423405347	0.20142392698317765	0.7498878162049109	-552.5213531313724
5265000	4.18930219726559	4.482057336024534	0.8422827435560625	0.6326808713366413	0.20175686344724564	0.7844994918636152	-521.3763484115526
5270000	4.034959270389207	4.243094733970932	0.8621696055719738	0.582617090587119	0.20016088317030722	0.7387615524032264	-519.0106071098488
5275000	3.83033084586386	3.954573636892668	0.853922783770011	0.5383929802424077	0.22168638041266348	0.7280417011055788	-556.6477313450074
5280000	4.712980312299304	4.799951780060399	0.8876914039622498	0.536893036835416	0.2082511033394518	0.7014064736163891	-598.9332385824137
5285000	4.773144386818064	5.896417838541486	0.8296919806517412	0.5595191380151446	0.2099295781861794	0.7414888889067908	-596.9581227738603
5290000	5.471147279425456	6.210064728857066	0.8879479662387939	0.5165096404501172	0.21958292573592142	0.7072032255371602	-601.224596659093
5295000	4.089677879141713	6.3786630136136955	0.8599274685310804	0.5609799524288341	0.20550751520359797	0.7015268502744747	-573.4657956798749
5300000	4.56348727451389	4.717671795943587	0.8861338453480172	0.5563748065126576	0.2140260175730472	0.7135230205793351	-583.472123779237
5305000	4.612189705783006	6.212884937348596	0.8998136292010265	0.5290075392545428	0.2017823842077609	0.7141065428220466	-589.9882205700276
5310000	4.081443629810755	4.174781197860245	0.8843334377564017	0.519594621745512	0.21169695110898695	0.7023662609820932	-580.1424514940836
5315000	4.055696901176061	4.294552433250008	0.8973753105372501	0.5847240687883543	0.20101759455935914	0.70683920070312	-547.4918139832049
5320000	3.5335063426975397	3.962976643325061	0.8744001128438074	0.546332700884967	0.20178737669507998	0.7221947811265688	-562.4980784906556
5325000	4.409325862060942	4.818810901022648	0.8854200482705474	0.5651929105247089	0.20717692266615784	0.703280551677291	-568.1266119784369
5330000	4.0792339551826675	4.371131170873985	0.7963098704247195	0.5812933586805712	0.2013228242722084	0.7278057896352017	-571.0463773568297
5335000	4.188051076993941	4.207610855379321	0.8452245137951484	0.5432104883361196	0.2193975333927226	0.721116722336305	-560.212527615436
5340000	4.035416871904147	5.218369118721047	0.890005896759868	0.5592054509881569	0.2063502525536963	0.7023819147719725	-550.8839790188373
5345000	4.325766113686482	4.535219353917994	0.7812380191130489	0.5869699393606076	0.20131435945170084	0.7342388704012258	-557.5900227490856
5350000	4.147643046346271	4.271671338680532	0.8596493888766192	0.5943940741126764	0.21354734460000407	0.7295519641697635	-529.5719819192184
5355000	3.848146157196225	3.9705466378777476	0.8675220752725864	0.6357809170481622	0.20129728086113988	0.7512702895775862	-451.3168084054399
5360000	3.8342977432289986	4.1309619359603	0.8970173492509458	0.5979184629629289	0.21426448283262753	0.7056637694833456	-499.3908046785567
5365000	3.7366042213689368	4.2349407416786375	0.8974145360145274	0.6037635546526875	0.2023328376110229	0.7449358246625034	-474.1194690679949
5370000	3.958004134934559	4.371666389230377	0.8993072662085387	0.5829770108800252	0.2021211079259139	0.7814407806304606	-514.1326909065401
5375000	3.852996110449485	4.366673635631633	0.8859616066788083	0.6036279083180485	0.2019740490480733	0.7193149293454053	-487.31675055497067
5380000	4.084015872079839	4.339881087026684	0.8949554871700394	0.6107600668039471	0.20260872603117355	0.7235970411569793	-481.639807801763
5385000	4.232225138740077	4.720283886959188	0.8861481695603641	0.5943859921214399	0.200209848380193	0.7049070981395604	-502.03740725970545
5390000	4.183537039914967	4.513373021230671	0.8192750931390377	0.6165026306083405	0.20093090696018512	0.7763379583310192	-495.0385067507969
5395000	4.6104654720369425	5.120120488390854	0.8331004461204581	0.6060092566071997	0.21779579936135152	0.7101346420513925	-497.9208952107434
5400000	4.2021941512810255	5.3581120403213065	0.8527189513516108	0.5859614750403488	0.20040433567490004	0.757009227141071	-526.9037323402034
5405000	3.9698979523631266	4.071334015962435	0.8481636073029467	0.6165552980415651	0.21254208436841135	0.7548225787943394	-514.1270048729829
5410000	4.471941879592066	4.656222558614487	0.8678264315402339	0.6258142223482749	0.2066120083301495	0.853659594955739	-491.0542171609884
5415000	4.318416303951868	5.220225519756833	0.8972846107406248	0.6332895861520283	0.20301803605158888	0.7197196890785573	-463.19977450568217
5420000	3.4337053090236678	5.193901675214338	0.8830467981591121	0.6222327610896734	0.20267098664637428	0.7474242938005368	-489.14539526471805
5425000	4.288401683568882	5.162520476016065	0.89163876966652	0.5686393224958886	0.2016507870002842	0.73665994800307	-489.76552736574735
5430000	4.046000059548117	5.277321161772932	0.8686559021444032	0.6051550770766916	0.20753541018844968	0.7030107270224523	-548.4206570273947
5435000	4.091267088437683	5.429364486914747	0.8839854066626941	0.5644956973281462	0.20376602811276442	0.7126108602689465	-511.8926082596511
5440000	4.259955549721814	4.631890596452681	0.8672278890044255	0.5799928698294669	0.21938769170173966	0.7270194614007282	-525.299624247509
5445000	4.203971132819933	4.629179582005011	0.8578179321374062	0.5787342411220368	0.20079581593827833	0.7225846368572262	-535.2431269233472
5450000	3.77366153732011	5.020137755238511	0.8002313519935476	0.6239334867895833	0.2005624367005656	0.7656625102773759	-546.1166982035452
5455000	4.529733212889969	4.694018522561004	0.8831112496252774	0.5845729308261701	0.20149796796240427	0.7031478670855892	-538.9189517040115
5460000	4.585979009250006	4.7681520237601305	0.8928559981518839	0.5983817522110907	0.20067542835472693	0.70481549376511	-560.1814580681166
5465000	5.09512707525864	6.178974964185835	0.8235305563635591	0.5947021021225065	0.2034320286459974	0.7141883999789065	-547.3340571567663
5470000	4.3287746138995065	4.589583698534603	0.8180891130576161	0.610594212186681	0.2046891955262489	0.7059545500629485	-550.5970850530052
5475000	4.112889074752403	4.382108866795288	0.8618623359209211	0.6109128343336372	0.20756812480666548	0.7493196137152773	-513.2749190990604
5480000	3.950784513043225	4.444125243880902	0.7995642189653317	0.6045623228017121	0.20035147445233695	0.7402931640314228	-507.92649887352377
5485000	4.406526099825622	4.433758212453194	0.7916699412466106	0.5899544010514586	0.20074371164942892	0.7147150398082572	-529.3439595966292
5490000	4.23160675627044	4.414495675523172	0.8846205812008108	0.587275142389011	0.20785402902006153	0.7283692285621572	-510.37322084630495
5495000	3.7463474227267115	3.932406924200438	0.8465780454194758	0.633944733764827	0.2112572135413417	0.7623646666655585	-517.5083332902371
5500000	4.442632192983016	4.505238100244618	0.8078595329096263	0.6049337127850803	0.2103740927304411	0.7020642387821384	-509.44250018412333
5505000	4.486856622311255	4.622075543335471	0.8748247911064537	0.593488484959338	0.2077341325505637	0.7339004227889281	-482.9547304422763
5510000	3.951229480129785	3.9649568414304803	0.8522013673267413	0.6251415107512104	0.2166721396384423	0.7082713947044927	-476.7128202645874
5515000	3.9561583745868902	4.706671638774506	0.854442848110448	0.6364757333096545	0.2013864696592857	0.7115037981792285	-477.197271031124
5520000	4.631303142975384	5.891754430523736	0.8231360803918767	0.6275986444303716	0.2126106191306757	0.7882683505967776	-483.29799456900207
5525000	4.781794821740456	5.2851184904243675	0.8907956885263529	0.5796287722504023	0.21022700848941783	0.7007446613263323	-533.0387460862522
5530000	4.534870687023657	4.6966487918034865	0.8935499138127989	0.6064989569562373	0.20196076992862383	0.7712177590661392	-515.8623509349017
5535000	4.2526735694541555	4.408055298355297	0.7940857058520111	0.5965438305492381	0.2055741812851333	0.7358694669134312	-545.2162087906657
5540000	4.084518343680685	4.755677303514254	0.8231042521145682	0.6183557579121476	0.20375297169315995	0.7188957471808136	-530.915591888461
5545000	4.236434744320557	4.412872428378093	0.8735578893830009	0.5857928260600818	0.20295004553625257	0.7416792500930748	-516.1341237319751
5550000	3.6375811147548354	4.447228566889693	0.8918238200062771	0.6053798154875564	0.2015616508281587	0.7087808776874006	-509.3265512507576
5555000	3.783237666383747	4.799044197913802	0.8914315236614434	0.5779542309014668	0.20389752184971668	0.7529139974997827	-519.7927209548081
5560000	3.763587983036933	3.826464496043796	0.7792018131752625	0.6035635430145724	0.20235844728484148	0.7013493796276661	-539.6693669614444
5565000	3.7348254665236413	3.9644864818673002	0.8544303519693154	0.6226717019695931	0.2029676136678852	0.7531796694724053	-513.5929119564483
5570000	3.7032501559208	4.456885781505832	0.845110585098816	0.5888564646076441	0.20962465692441742	0.7019477717742142	-541.7732904796947
5575000	3.72169292448979	5.416176857569181	0.870162857780467	0.5914688460685029	0.20169915896290103	0.71013449985119	-511.7584399661617
5580000	4.059532568819667	4.187464666139978	0.8665163854003718	0.6031514646693786	0.20333786513154695	0.7064143842959604	-539.9442924588996
5585000	4.376839007809728	5.204780608648249	0.8893620103427637	0.5837179869841848	0.20045715834222783	0.7388367060425272	-555.2388723776448
5590000	4.490148553341269	5.003256592974611	0.8802835927973388	0.5708878695215638	0.2036082121479092	0.7160157740541979	-554.526798889574
5595000	4.517639536513298	5.340922580628543	0.847551338499815	0.5721356459859057	0.20199463178089333	0.7099238599099073	-547.7869771783958
5600000	4.010522857520072	4.048881305691797	0.8544035387218276	0.6016387311946584	0.20488171839076882	0.7234169819509679	-515.6456126363821
5605000	3.9582465927975052	4.312761648651187	0.8929084777317624	0.6056107040606765	0.2006774512412231	0.7041901023906202	-494.4692016143249
5610000	4.1227078691271775	4.689199841884951	0.8129388560986683	0.6374958124975229	0.20227743335773624	0.8562415221453179	-476.2839322092986
5615000	3.45410001168359	3.835554303824875	0.8672649748916008	0.6221486203065575	0.20501511455796279	0.7376111731623199	-485.54999506704905
5620000	4.08792441283748	4.361957723581775	0.8474499692675023	0.6122135609113492	0.2056986510784503	0.7182595149265885	-509.39965833238284
5625000	4.028502478114799	4.295803325103471	0.8995308037965737	0.6362793324906805	0.20134893114609662	0.73049861270216	-479.75634639917274
5630000	3.9874299581462798	5.143392833349113	0.8514467475862622	0.6508572553109404	0.20153847323689406	0.7922809660394362	-478.5398103317953
5635000	4.244279216795923	4.649560422246856	0.8791038364767285	0.6296898404680088	0.2046825658740582	0.7284304147709062	-492.9548102976838
5640000	4.164057657822725	4.562081231458245	0.8483260323396745	0.6562194191648161	0.20215602200351804	0.7260112450044047	-485.12793910498436
5645000	3.6191750982054054	5.737948660174036	0.8637980612255354	0.5868547870937045	0.21832621342263653	0.7038041541955695	-499.9107418107248
5650000	3.9816864367079945	4.182866610823099	0.8653728569620518	0.609598039578723	0.20851423913508965	0.7866191372275767	-490.55952664897984
5655000	3.965611658792711	4.0047122134602	0.8980303022267194	0.6006069932372241	0.2012255021323991	0.7655766260401704	-489.6990223393738
5660000	4.24739746510248	4.71776676130022	0.8786556492928617	0.6041536905978238	0.20066274238670875	0.7180867643008946	-472.18781057717797
5665000	4.102142987815591	5.50966842267357	0.8740088957237631	0.6378701810221665	0.20172067328182683	0.7007420345012291	-437.96744786202385
5670000	5.05192397184628	5.27990688116684	0.8965833737107842	0.6441648371224106	0.20229992016667975	0.8090914894559775	-432.9140741078069
5675000	4.227069739947761	4.742673485668592	0.8040838094376771	0.6871546349883756	0.2065619640796402	0.8374860374060922	-454.84035626315216
5680000	3.968252967771671	4.5937741949212185	0.8872301680828057	0.6406129855652679	0.20474484749300678	0.7303923755519502	-434.5125153105564
5685000	4.195958969393008	4.474046320802429	0.7125217449975635	0.6760771826314231	0.21054534739368422	0.8068222298878134	-469.9658704311305
5690000	4.014097379229319	4.153648298267936	0.8464230520596334	0.6329079662310398	0.20365215054699345	0.8018271008317872	-473.1201247584988
5695000	3.5494383818724415	3.57244467657701	0.8642416313294126	0.6352942364545944	0.20744606673395102	0.7972981707272113	-449.655866645143
5700000	3.6800930056612695	3.8241610397911634	0.8853735475611364	0.6495377212836777	0.2096835191201927	0.7052916557844943	-427.6212200898037
5705000	3.626230702981826	4.886412586582818	0.8650363940443407	0.6446831140295677	0.20027108733853138	0.8168970493346636	-422.36015748736
5710000	3.922408256805321	4.344671945571868	0.893322966942256	0.6208813809528925	0.20387976236832556	0.7097836960503369	-456.8140343843021
5715000	3.7000888861069523	3.9948549288309314	0.7877481358261897	0.6395361141470269	0.20105666379523482	0.7533254206152867	-467.63025785159795
5720000	3.875052069832073	3.9593009922048776	0.8052337668272848	0.650895776221678	0.2021881192516028	0.7043891349616084	-443.7011958889468
5725000	3.9144224226512345	4.329732501586423	0.8889879184257894	0.6031157747804352	0.21276643878270537	0.7531977232232556	-490.6223234694575
5730000	4.381872727834036	4.478348452180132	0.8582824709025532	0.605517109030073	0.20022051091941087	0.7045293006734085	-515.9985934494217
5735000	3.679412361517091	4.325835540011771	0.797231990843223	0.6811724556484392	0.20303580424461995	0.7306885604885529	-484.69331437173486
5740000	3.885926673758626	4.351364952477548	0.8802993092438159	0.5782046663544453	0.20843089029020145	0.7511025448023967	-501.7029415418485
5745000	4.358961155952729	4.674007040553257	0.8438308797020413	0.6011326577374517	0.21209617279815376	0.7238386645472641	-516.774303665229
5750000	4.160268542097033	4.454169000516893	0.8911613113229941	0.584647945082904	0.20362141460723762	0.717994792790135	-515.8048837377872
5755000	4.306279401627755	4.542529479225616	0.8927492221900782	0.5678772783440511	0.20096912098792058	0.7892400841203709	-533.4345708493486
5760000	4.30280846975196	4.481071081137081	0.852337476634723	0.6240495717483789	0.20027535014100006	0.7531554888246617	-517.7841455317682
5765000	4.106805206648685	4.157858784293027	0.8735995112324866	0.5545984321402845	0.20540438052236415	0.7396214665483289	-553.4057812236429
5770000	3.9289596392748254	5.772843396690599	0.8811039986919221	0.5904740371152027	0.20058612210020552	0.7471455530283043	-532.7440423050116
5775000	4.044279665558699	4.615676486239256	0.8880242905666684	0.5804755409457677	0.21018734360380478	0.7065116811393412	-540.1148332547639
5780000	3.9308455800578255	4.692620123683204	0.8770006958508492	0.5621770733105161	0.2133452681703054	0.7140102402975074	-557.2045649981218
5785000	4.044206883863578	6.234096970069304	0.8221082579007415	0.5487683003426505	0.20901853344706492	0.72210639037759	-576.9185945311618
5790000	4.7541898463988215	4.8804246540935825	0.8863702279988843	0.5624567350304909	0.2063066884688551	0.7001276735490194	-603.0357681137875
5795000	4.546864735402852	5.6105848023635385	0.896623101378793	0.5568349419437488	0.21111839666022833	0.7481543564478832	-565.7321569975255
5800000	4.480775021287211	4.561543879778469	0.8531950051009984	0.5907929372098397	0.2035187268823251	0.7584652107520066	-537.5570723726673
5805000	4.187612823291538	5.219848231103941	0.8858284097662054	0.6057148376389971	0.20506453710552766	0.7376770156007687	-522.7420362215861
5810000	4.194647012876511	4.202623618184002	0.882924100143616	0.6189513068476771	0.20480279968699	0.7239842815114178	-498.99891621430226
5815000	3.53881843688999	4.770711787024922	0.8360901939093268	0.6330794869479293	0.20117922071346958	0.7604710918634685	-489.6376889074103
5820000	3.522237718167198	3.6056424054283096	0.8198851457993835	0.6505389972195263	0.21466130524467059	0.7205869891168112	-474.02643386627125
5825000	4.0984264845609335	5.468036513845556	0.899903640673498	0.6434444168131286	0.20024244102155606	0.7174145519725985	-461.3628681993103
5830000	3.530693604228458	3.657377359784916	0.8795535364279631	0.6510018172092094	0.20004228907060126	0.7194954886195701	-457.717206635416
5835000	3.976560044040851	4.609654355951029	0.8995963577915131	0.6137789298465736	0.2058615754112076	0.7754143996503465	-476.9109421278344
5840000	3.6851260641039865	4.343881698642906	0.8874128789841357	0.6131149952844254	0.20411955164855652	0.7232045936337206	-473.7351048738853
5845000	4.16693313805624	4.578177908417982	0.8980357371387215	0.6297211137550801	0.20056802456046247	0.7718105050595019	-478.22387583214686
5850000	4.1640847939201455	4.338899561478796	0.8748335457694516	0.5792824979171439	0.20553557367497557	0.7388854500778175	-531.9156231281556
5855000	4.2361090947061575	4.995518622131364	0.8352129543000179	0.6324318942544552	0.20108717912399623	0.755595795180511	-497.05974672558267
5860000	4.0530003229260165	4.272088961147854	0.8781704028623005	0.5923572618659761	0.20852987153759528	0.7193057768718202	-510.3057956987331
5865000	4.738436082081187	4.8505986230640685	0.7759076643003618	0.5922223711876387	0.214761300703084	0.7089750580936849	-537.2843848201612
5870000	4.276207434925338	4.587475822827672	0.8748632455392897	0.5852300982329254	0.20406139354361053	0.7077890275986308	-532.1546122784969
5875000	4.158042918643434	4.520094133673709	0.8637606183092682	0.5588979026085444	0.20348427359091942	0.7096876616346703	-551.839670407089
5880000	4.6279295805594876	5.037934087682876	0.7828366285649422	0.5831543564093232	0.2033960415521843	0.7000699652694778	-606.1931435413657
5885000	5.234236564317465	5.31477119438152	0.8785353950431914	0.5507910380631209	0.21128072674209875	0.7668995933418891	-559.5482060932942
5890000	5.096968952907534	5.813001701236392	0.7862305380612264	0.588879707471422	0.20426443960940432	0.714459212894762	-574.1683495182941
5895000	4.663994415716302	4.920782926436853	0.8458806329084297	0.5904180447012075	0.2026728479404284	0.7077110549367409	-622.7666430206151
5900000	4.099546248565016	5.577692511557643	0.7791822405370069	0.5703720341803026	0.21661073057722802	0.7079072433666216	-591.1016384090224
5905000	4.688469146893071	6.34304450821422	0.7848574273437585	0.5875649743806791	0.2078979972580687	0.7276292778538966	-575.8612299349463
5910000	5.715282441425877	7.998374282619157	0.8248583479321462	0.5543390528508746	0.20145056992607843	0.7132606770608385	-608.2382070319054
5915000	4.6414166679015425	5.594243656443297	0.8420286085063664	0.536920807316413	0.20315418723470874	0.7147518889316488	-611.7405748224983
5920000	4.292934803012078	5.28008344021874	0.7941438146131948	0.5319938435439844	0.20039861056164923	0.7174966947077649	-644.3647869471489
5925000	4.062579389417962	4.411675988418908	0.8313114267459131	0.5611633970011634	0.2068087091116886	0.703458169154666	-599.462169164507
5930000	4.09965017525403	4.375194845623347	0.7887386265541432	0.573723792743271	0.20235933133874312	0.717647931323685	-605.0407889274276
5935000	4.1762878967526245	4.600836566315256	0.8892284448685934	0.559978672661557	0.20301920685465552	0.7255165493317469	-549.9940738733344
5940000	4.033363037741385	4.925307477599436	0.8930638751944863	0.5994878310069995	0.21052475995309164	0.7583290883665428	-541.4356883171977
5945000	4.213137577976741	6.027404029626869	0.8230315293188737	0.6039299392346574	0.2029935825870723	0.7442329229170945	-547.5545415507041
5950000	4.434573523206573	5.622431394700082	0.8578804557139512	0.5475051520354546	0.23208813656453556	0.7126304570717851	-571.8991434135075
5955000	4.22486994141054	4.306839446370862	0.7114299443492405	0.6096768142392182	0.20557111404069922	0.7469356492741187	-556.352183923546
5960000	3.7906494215286504	5.049685312084612	0.8970380219805082	0.534493097565312	0.20183926684105555	0.7147195413698608	-597.0496848657777
5965000	4.756403835131612	5.416664580867208	0.8479097706192144	0.547749411762798	0.20797878365018124	0.7091949200351527	-583.0568462114373
5970000	3.988254489092533	4.784110013724013	0.871643869227226	0.5905727526596015	0.20389653428200427	0.733238133546315	-541.2443096996755
5975000	4.207883673113902	4.4694001061531194	0.8910704375278332	0.5805826073637147	0.20212543111589354	0.7021605098480568	-526.6215652467213
5980000	3.862670801973523	5.544999975283215	0.8859799633052178	0.5727075975902758	0.2007182486607713	0.7054229904041933	-525.4495842953637
5985000	4.498685540891778	5.294008394294099	0.8057491512556195	0.5897588313106534	0.20006501445928693	0.7076068886131389	-560.6437955875846
5990000	4.063318623169708	4.310149117280012	0.7295145368812399	0.6060732803342563	0.20763307669639927	0.781897114785443	-550.9420139104673
5995000	4.037998322953134	4.504222360008406	0.8535845888147707	0.583181441612821	0.2068774079050246	0.7024025222589202	-551.7620507421948
6000000	4.16267763835726	4.640254009261374	0.8854822474373982	0.5468489200677935	0.20130925675754402	0.7004218811379178	-552.4989160894061
6005000	3.8412689342072457	4.306747885792317	0.8516219302290425	0.6040530714352494	0.2130188935094475	0.7263710152261355	-530.5372829415089
6010000	4.400651826922791	4.513033702978885	0.8422252167008566	0.6286027376395268	0.2047535847997956	0.8426010528190476	-536.5609058637326
6015000	3.770760311452503	4.81732997132904	0.8453253602328232	0.624946238818958	0.20369663170974636	0.7595608261734131	-491.63671645302645
6020000	4.844320447889446	8.012730790749394	0.8870111687798294	0.6063813313640952	0.20649640287383592	0.7338681909573447	-496.6015859129337
6025000	3.7491187119098983	4.565900583273329	0.8736993128424578	0.6061202559932107	0.20142522292218837	0.7331858442581448	-500.88135209870416
6030000	4.037848871773275	4.5321830335871445	0.8487060591511709	0.5780164144869745	0.20603014709857964	0.7390048753961451	-544.23320142927
6035000	4.253362903207392	5.698534133759539	0.84619183358278	0.6000837162589403	0.20719036876462935	0.7196234193203814	-560.2638580107562
6040000	3.7955259163085766	5.037108856741629	0.8626878631966195	0.5857721835425341	0.21277090996972903	0.7008022979041963	-545.9871186721433
6045000	4.7338166411163725	7.403443950835996	0.8671158865550944	0.6039667187684691	0.20345575012226608	0.7414553832809788	-552.7261026890417
6050000	5.107229919013839	5.1540313781725065	0.8223895486000884	0.5723415238963389	0.21688569456747003	0.7121499450016896	-554.0158336709882
6055000	4.095561384117172	5.159766203866291	0.8758066658283121	0.5799684309489002	0.2028327534014553	0.701404401062624	-515.1305222200343
6060000	4.92916569407016	5.909510836027138	0.8953705221938792	0.5487930684187349	0.20000884793022763	0.7643059130121285	-556.9532924311951
6065000	4.418066592687728	5.176910602432951	0.8494069530877094	0.5769818409498546	0.2055422562096182	0.7207837975553957	-558.5358745599584
6070000	4.243325954373739	6.666146190279488	0.860141537538917	0.5918832921906786	0.20855140618503373	0.7142851109040972	-558.5878878877407
6075000	4.860854408965953	5.4934220692012685	0.8341437804435665	0.6003363365699481	0.20537305912825465	0.797304902665431	-532.1330588911759
6080000	4.16741929009538	5.7685336432744965	0.8955845160415072	0.5772209683240017	0.2001789076437791	0.7312564154486888	-518.6230806462557
6085000	4.304848613110207	4.770629761694084	0.8914316262598756	0.5943096771475649	0.2082693915257425	0.7023836289187056	-522.0399157288311
6090000	3.662004387295652	3.8709439725709176	0.8887729382091821	0.5948032865124607	0.20013752705927057	0.717300731954059	-487.1410221072317
6095000	4.169111151238876	4.694845244599355	0.843398633207757	0.5924067518977759	0.2138237498815873	0.7249815614551393	-535.2190558553649
6100000	4.844413421923763	5.573719216583591	0.8962915831906305	0.5330588544113541	0.213260481910964	0.7483786204779961	-532.9771131544746
6105000	4.914098966385988	5.51030017164138	0.8792219379994487	0.5963805896848925	0.20206182493194136	0.7111034866199686	-536.4253264804634
6110000	4.4258349591526285	4.561631588984141	0.8614890958252821	0.59288623008467	0.2044437237233537	0.7172393129345275	-534.3272582658464
6115000	4.559907796988946	4.68048054231349	0.8620221750596959	0.5906922014635089	0.20050623437412007	0.7092499009818726	-525.2485973801591
6120000	4.585395298168376	5.240331772969942	0.8630140501636753	0.5926783692722422	0.21005406947415498	0.7035756861956701	-544.815817553577
6125000	4.122999851200292	4.327268769191326	0.8566828517194152	0.5983888056980669	0.20293673430652745	0.7051962004146652	-515.1367423238847
6130000	3.6536487219661224	3.66995094761183	0.8691342156964479	0.5375589877543869	0.20303160507270152	0.7174491817183675	-554.9187347051463
6135000	4.126152603015735	5.118300849013661	0.8027558201478949	0.5958614308744375	0.203791430984249	0.722968507391941	-548.7227132681547
6140000	4.011157133083063	4.834952892323787	0.8608989029581534	0.5425459736989484	0.20070198094819797	0.7093175618010777	-555.8694507429914
6145000	3.816466489388303	4.397646688590881	0.8853840682073169	0.582021367668952	0.20037333637947585	0.7215751936782009	-522.4638558450526
6150000	4.841516109672261	6.160631408630485	0.8942110710775806	0.5867490114176372	0.2060103993543414	0.7465813087145734	-534.3437058276638
6155000	4.685674450447394	6.014865994939233	0.8771053033074387	0.5738568681786592	0.20689653582312792	0.7122084058069571	-530.5410641677736
6160000	4.056993323477569	4.262875719360988	0.7341557303099787	0.618637139954546	0.2011152752540902	0.708096427291793	-528.331202195782
6165000	3.8965630277320344	4.627512021762245	0.805258118491641	0.592524299819611	0.2019909865311703	0.7220082288929953	-554.6022754986212
6170000	4.083572274141728	4.78594216488964	0.8727603139405264	0.5698794563983051	0.20074517580351947	0.7022057256079659	-553.1605968499234
6175000	5.282544636363127	6.5740137036281325	0.8483904734042257	0.5171373531228836	0.2113108401611748	0.7339811383253307	-575.9462772295399
6180000	5.523240536018467	7.273189058119405	0.8587073346080961	0.510536727500512	0.20417105785074946	0.7193495145854839	-601.8567384199513
6185000	4.7758530595843744	6.633766236790557	0.8354164397586877	0.5738771884814523	0.20231296569681795	0.70165771819969	-595.5665484745871
6190000	4.791428117771282	5.842778983310037	0.7427011343122404	0.5697317070599538	0.20026141358630792	0.7284716250771598	-638.7690696455508
6195000	5.120500997434538	6.152661271190346	0.8770757784034464	0.5073615476825671	0.20328523441848736	0.7198046824699641	-621.8195784984646
6200000	4.533561328761196	4.55363517918115	0.8787140839648742	0.5609914830870206	0.20317399059965968	0.7023361879904451	-569.4680590901812
6205000	4.784055692192776	4.924306910033749	0.7858758359963337	0.6184355807950718	0.20118222372102207	0.7282317589484026	-542.848034779009
6210000	4.047715055523253	4.450929804385402	0.8488966320210205	0.5951127206235757	0.2019305552486309	0.7264960204396165	-525.7272045738843
6215000	4.063162771317105	7.946254819503105	0.8913209455042937	0.5993080642949035	0.2058754896301452	0.7479473513969755	-537.7501055326765
6220000	4.578127110267496	5.04443744568113	0.8328751942890632	0.6157684785737869	0.21085663822253461	0.7143507745408154	-528.7400494937497
6225000	4.846631930471355	5.190998732396588	0.8888961479880625	0.609580380879182	0.20145677018719396	0.7889410607414583	-530.1080596141379
6230000	5.236217126797674	5.380012978531251	0.8967463300094813	0.610267957936671	0.20253224299213582	0.7223709605719361	-543.0968233457447
6235000	4.817268026612418	4.857302333783279	0.8716699351547217	0.5702772647642159	0.20039901380559852	0.7002244641850748	-538.9186986846547
6240000	4.274382190930959	5.765286975996318	0.8910578287663753	0.5791827663658452	0.20248579368312059	0.7135882023492404	-522.2576813661879
6245000	4.012775290842041	4.766649990883544	0.8655968937486723	0.6619578830050578	0.20695477921855548	0.7005095940006254	-493.66473878350195
6250000	3.7496280246383082	4.083804069572602	0.8607632020847005	0.6148245801767515	0.2025844125961196	0.7226796982832937	-497.3800549195049
6255000	3.87028439651484	4.1069416415056885	0.891088620115928	0.5773074845519076	0.2077011514859943	0.7369003010295603	-524.6565357973942
6260000	4.00818136812137	4.621227768233148	0.8894338608513058	0.6172141181885645	0.20234966372021354	0.7013216815373813	-489.4382623560679
6265000	4.2694975428905195	5.8706099447027436	0.8750635807767596	0.6202262980077666	0.20235976536794897	0.7145067862524086	-505.2828762904451
6270000	4.295391281746886	4.595005758751229	0.8782277902006828	0.6147634814938984	0.2036284269385816	0.745011886222169	-476.07438538383144
6275000	3.933434742278795	6.330995420608504	0.8993476950625279	0.6113664583989024	0.20852242782668623	0.7022641653402719	-466.7745605439053
6280000	4.232563727546851	4.246148524315924	0.8738373765561535	0.643344206625173	0.20331423607131124	0.759968819725399	-445.5730475833113
6285000	3.868116835907314	4.395581915737806	0.8780752745991827	0.6560001916818928	0.20275186766809758	0.8057806954923115	-446.3810749360389
6290000	3.7837118058410883	4.143862538569861	0.8801910907163351	0.6373649041952174	0.20303360028482118	0.7493081405773229	-446.90629593451376
6295000	3.679255102973503	5.271990515473255	0.8590399713627823	0.6007331321125209	0.2007495695044715	0.7186088411696688	-504.88840254548
6300000	4.0185468303259855	4.1053150537462	0.8236597468374699	0.6161328310831756	0.20499201970431977	0.709076091679764	-495.57487394304974
6305000	4.459483181707851	5.171208314435683	0.8076032123296732	0.6045679763920335	0.2003223250219649	0.7449559366033589	-501.22867430576116
6310000	5.382772357451039	5.643605577785774	0.8986067237595645	0.5993000541323529	0.2015318578261182	0.7806469560965354	-502.53855739373665
6315000	6.808691422296309	8.523991946154442	0.7749312730947587	0.6208215486026786	0.20091113260441215	0.7206107348178525	-531.322164651873
6320000	5.141704060609147	7.228578401131398	0.8810594388668909	0.6074001790022651	0.20046845849020695	0.768430938579131	-535.4093439919704
6325000	4.064242174928829	4.354113367233858	0.8391122760916179	0.6044810305624435	0.20259351117012214	0.7245231719218982	-569.2488648756697
6330000	3.8462618363813736	4.167051546120361	0.8261735407924395	0.6378636587379785	0.214800154028231	0.7658201869945289	-517.067217076774
6335000	3.689409496649925	4.637342152640898	0.8991100681838404	0.6186468763607655	0.2028214412804685	0.8013163535126623	-491.7740189642372
6340000	3.791231241834759	4.016335094262726	0.8247321318129112	0.6171155661403663	0.2048743152829822	0.7164797621814568	-523.5108945608389
6345000	3.709287283310894	4.267115366595509	0.831866754543871	0.5774865387784587	0.20305598822035084	0.7221286853541027	-509.31616936916
6350000	3.747117033551628	4.236586700927489	0.8906143738867479	0.5992604036941234	0.2045162176645756	0.7598136285901864	-507.38582189692613
6355000	3.8853183637582456	4.6321297513994875	0.878890294362205	0.594682878221031	0.20062715578038134	0.7183090398156107	-509.58170433298744
6360000	3.913168158290994	4.874036568217405	0.8511452201471241	0.5734883719362823	0.21365131173685828	0.7360760955290468	-521.0857643358834
6365000	4.0957600652130095	4.29378334965683	0.8397165478084585	0.5600899351808297	0.20753625416748062	0.7214485166471802	-555.3690712347704
6370000	3.797921866385535	3.9373050408729364	0.859105895924062	0.5526425381304626	0.20663647022096313	0.7097817540098399	-584.8557999890007
6375000	4.121285244210426	4.539914269196306	0.8952045041952953	0.5594210408002234	0.20130633550953692	0.7233821839967873	-581.0623741824693
6380000	3.970037016381015	4.683606867071781	0.8733053330000096	0.564059631507107	0.20367437464485183	0.7092812127095304	-562.9901015042635
6385000	5.921674949407107	6.3144535720919865	0.880651179131399	0.595088350145238	0.2016462058754001	0.7040420591672584	-555.4631952044796
6390000	3.6765118166244255	6.1418686613917055	0.7738945816845069	0.6286001051786823	0.20005216946101487	0.7016351519230071	-567.7621706593537
6395000	4.180421664705634	5.97879273218731	0.8893909348585255	0.5524382253811325	0.20395437682856035	0.7164581941770684	-573.2563204360295
6400000	5.019247279157002	6.344139467994247	0.8658288205079704	0.5522840282555703	0.20539775527357185	0.704250454695745	-570.5130287176765
6405000	4.140797000481037	4.177388617175545	0.8552339380989143	0.5632687751988725	0.20381659890277135	0.7077903899669079	-559.1389159619365
6410000	4.077423923719092	4.242693918907376	0.8474386252688829	0.6052637235108815	0.20241916401528562	0.7277927258806202	-539.8477162062295
6415000	3.6334379804598718	3.7763249173686697	0.8795615299370172	0.5810598637856955	0.2019474982074417	0.7080067260942393	-539.9049548075951
6420000	5.171850596391512	5.633386904229085	0.8286662333815145	0.5923989928965464	0.20473238963307597	0.7099917685715226	-531.529810507496
6425000	4.389827673833066	5.004846820241007	0.8375062119810249	0.6196655734976698	0.20995107227187537	0.7123625954967927	-497.4184821291839
6430000	3.679753053299525	4.94041856963601	0.8957477147345911	0.5846343153538409	0.20200638431344392	0.7434760951173924	-487.14233968499093
6435000	4.864874012033598	5.539624265999675	0.8196597271838857	0.5920132129230672	0.2000842789835245	0.7111991519273486	-537.1769678585238
6440000	4.284123907511304	5.343359333530674	0.8796608965170618	0.570324228292378	0.20170607557459688	0.7140306382290822	-542.9997921676597
6445000	4.280351163975409	4.493682273346171	0.8825235455172887	0.5545695694806794	0.20804159004319647	0.7444447968944209	-543.195446459594
6450000	4.891429052552783	5.430111673664703	0.8704175318752565	0.5577131227430858	0.20019978100868643	0.7012472016119822	-552.3659975099396
6455000	5.284521663657845	6.60168415033404	0.8601919028059998	0.5917417443916357	0.20589263552048798	0.7375099170084729	-538.639680321542
6460000	4.760725054635692	4.765374039344413	0.8386271091687292	0.6328567146307288	0.20292390406839536	0.7293735542136818	-481.2605969643313
6465000	4.267905241078199	4.40380098979322	0.7968676843542218	0.6109584448442137	0.20253370615625912	0.7345229720412243	-519.7828188476058
6470000	4.375928825351331	5.707115375545873	0.7495498356321189	0.6448105404835094	0.20345186476992672	0.7617992236615155	-530.1019010591492
6475000	3.9930524466981474	4.157300200210188	0.8664656862300448	0.6014352949603615	0.20306482129169218	0.7146536616374056	-506.68777418648045
6480000	3.9028023977811097	4.416786218838914	0.8603819793577101	0.5771202890358645	0.2003604866054463	0.700408402041085	-527.7630039343977
6485000	4.739411170492532	5.028091113123305	0.8684790064982675	0.5577217758738345	0.20871546642350958	0.7062497784043648	-568.6296961858656
6490000	4.446406134830587	5.609400172921675	0.8508831574615185	0.5359254759067151	0.20655261626987825	0.730662928860985	-598.9894695600516
6495000	4.314801079870822	4.6820729059237935	0.8530328725239079	0.569576238840943	0.21031282613995927	0.7173870195126456	-571.5051880009765
6500000	4.511187965310433	4.57745809355061	0.8134878626040397	0.5947831078511399	0.21338490154574805	0.7559663978579039	-578.3952156660131
6505000	4.037297138799189	5.079923624969763	0.893398990196043	0.5346800941932487	0.2118419582349749	0.719787101886929	-572.513745809852
6510000	4.419282099956935	4.913718665946661	0.8586053924514312	0.5504291561292782	0.2085619366853244	0.7511830284186878	-596.2465939223234
6515000	4.879418637364735	4.931612124410112	0.89625954284395	0.5545420596680668	0.20400415031181682	0.7032565793809484	-572.414383638338
6520000	4.389581506430384	5.091261033472315	0.8688562192326872	0.5763649821581042	0.20322339549894783	0.7035194270540595	-543.5987882854552
6525000	4.8858510340835135	6.275337768581344	0.8088500964311023	0.563542527929999	0.2079225387705027	0.7213473924619971	-548.7096647424595
6530000	4.341193538191925	4.604476675461825	0.8536376925374757	0.5488232414802384	0.2000473550503634	0.7107187590135255	-563.1313151166771
6535000	4.85875448059195	5.843745745810512	0.7081022023676922	0.6529047227582861	0.2023339978334967	0.8336281033978137	-561.9584603341784
6540000	4.616245383827132	6.056404096607411	0.8640930098828671	0.5637291805793657	0.20188293242358732	0.7112612673835269	-582.4872330179012
6545000	4.670232916640823	5.521336825195151	0.8953202142234631	0.5350068198605725	0.20404756220362685	0.7233480454652887	-591.3697688460447
6550000	5.129751106073782	5.660661958562489	0.8458891655009988	0.5534233335675022	0.2019957629098293	0.7231290498523619	-576.6262303215084
6555000	4.9423949512386205	5.224050997728369	0.7882096615850746	0.5551459007740787	0.2038301602766814	0.7338990247991156	-611.8936262792222
6560000	4.679466368102705	5.164009543299571	0.8513716107359944	0.5678872924992765	0.2064807522219275	0.711470750615912	-580.2978061797348
6565000	4.729511955178883	6.335746708753079	0.8135603980470765	0.5891657156842948	0.20062360385693565	0.7271029812151292	-570.8686956700767
6570000	3.917858179680703	4.280623206468336	0.8780964355445668	0.5623648440707312	0.20382341487634015	0.7104951019622455	-552.1436336660557
6575000	5.113545222957368	6.034748632972867	0.883410470928698	0.5968048851522328	0.2043144427769267	0.7221239402690655	-529.5497907854833
6580000	4.013400692967288	4.6400678086237805	0.8390053808283914	0.6061424377015664	0.20101951932276113	0.7430728233469224	-533.5822841886361
6585000	4.578161790885107	4.684625026910099	0.8786912705241295	0.543379430832484	0.20250891052416808	0.7315518240585986	-562.3668031650154
6590000	4.3460859313564875	4.687146893865433	0.8835643501208833	0.5268723276578903	0.20643180237796802	0.713974443934398	-551.0087759151811
6595000	3.863900154324448	4.279328751927498	0.8181337699954983	0.5913425739433376	0.20278855530304932	0.717131010172335	-571.7466195119976
6600000	3.8216778069165636	3.931833858480681	0.876931489882421	0.5232220590770936	0.2135448252059843	0.7002344830065621	-587.1917893737807
6605000	4.026376254236507	5.225870143755115	0.8629714604950671	0.5629259805626158	0.20462160772140975	0.7222294551808669	-566.2354044315578
6610000	3.511096798621933	3.869036538564152	0.8650890247178732	0.5728428327372185	0.20501896038457493	0.7207617063796565	-553.2947814925635
6615000	3.5497933765504985	4.000243192438061	0.8583285842572205	0.556438564904743	0.20284775089399862	0.737205031218718	-540.2470261978099
6620000	3.962027368921867	4.719368005000095	0.8924234546823426	0.5297498822660478	0.20148917446782927	0.7159981624794214	-554.6870946456316
6625000	3.5686941014671536	4.099957463526011	0.8969434735124137	0.5378506861926982	0.21532290707687834	0.7049068995339915	-529.8918769375158
6630000	4.015574329075628	4.439093354685556	0.8858424718564313	0.5820421591634855	0.2067749221195833	0.7113068936455328	-534.8201207671385
6635000	4.3734435541120495	4.904932189864903	0.855580615300937	0.5958755012446602	0.20557527559173217	0.763920473881228	-531.7030194246005
6640000	4.647797695817058	5.009835531341181	0.8707882389847418	0.5636392128968385	0.20206196393624473	0.7067992962118191	-552.555431368552
6645000	3.8855991434826187	4.159763234572177	0.8619971042043807	0.5727828536349737	0.20085608754148715	0.7446453374083424	-543.1935086916802
6650000	4.711218142034131	5.797839644981928	0.8827580014179464	0.5474269173232036	0.20148676460227616	0.7073051206907669	-572.5500107235462
6655000	4.8107047023769285	5.156290236584467	0.8148794064148371	0.5983746781805734	0.20095305629750834	0.7309452064634937	-558.2367746717647
6660000	5.087149187763185	5.410514351001863	0.858863026268487	0.5641483646512537	0.20259668007589812	0.7210530874430311	-544.7385896474954
6665000	4.659046341731037	5.053337802346634	0.7750657790439505	0.575877076120913	0.20835938483312608	0.7208244867254802	-571.1654124069713
6670000	5.239995878884931	5.996960010567951	0.8413135236010079	0.564030539120398	0.20289317556186098	0.7276974094430182	-573.4544629286372
6675000	5.26114669752483	5.485230479266516	0.8850240023446309	0.5351489847153766	0.20555197285913893	0.7020280433662802	-551.3845236637329
6680000	4.407301593976591	4.8295020634820265	0.8666156234518978	0.5544687659217833	0.20138751747966258	0.7267548520435392	-560.0683765058294
6685000	6.2132944390960025	6.6236738029062385	0.7865199752082972	0.589525029936698	0.20035694045743985	0.700989534132738	-571.0179234603861
6690000	4.713662834430374	6.815274527268067	0.7437908721775399	0.6357398810766407	0.20038397367426514	0.704017384742112	-559.6667173842593
6695000	3.9907235162869976	5.8046611473489635	0.8888361192249099	0.5650422231156966	0.2015622196710081	0.7010233900545382	-543.1921726633522
6700000	4.046406984332406	7.3999072870484	0.8599699836617662	0.5543787519357621	0.20169933153447733	0.7098314095219983	-560.319758463087
6705000	4.566541751012592	4.898170834838943	0.7553055791212254	0.554842897116253	0.21606771896000732	0.70168175706169	-578.9035820026241
6710000	4.124045623940063	6.463332382606462	0.8578573980622365	0.6033760843823417	0.2003024367074093	0.7626512560201865	-533.586404236065
6715000	4.551285723735631	5.023240384372721	0.8860510336798553	0.5636540305242483	0.2025354921365395	0.7148397931136491	-534.1585255186515
6720000	4.674005951691608	6.1413429982614485	0.8922695226763582	0.5602102788094643	0.20899833330941273	0.7523121687966643	-501.6619814436515
6725000	5.163792571116351	5.422464645068573	0.8635777328316209	0.6074926101459217	0.20090339691447892	0.7317293841594109	-511.0834564199001
6730000	3.7383483732541247	4.158889406414552	0.8964581390891209	0.6196655551352022	0.20092569099506044	0.7060909408393014	-502.30631421959373
6735000	4.141107829375011	4.219474328161133	0.866544960142578	0.5934460376125313	0.20216064452145782	0.7532808129135371	-506.5698286996746
6740000	4.186795884827456	4.870160031949889	0.8458295725785154	0.615223544774925	0.20196623449847606	0.7009519800146744	-534.6735438934079
6745000	4.054219526689765	4.420134023790634	0.8950718553125881	0.58075252699725	0.20941215590769746	0.7099116704606254	-526.7135162468784
6750000	3.934057227672164	4.178695830863946	0.8457272891725421	0.595746713222707	0.20938013597756014	0.8411422313579683	-511.2583194039103
6755000	3.772884117670566	3.9477202613532523	0.8889217217243888	0.5539683293214106	0.21187518620473111	0.7034593773640166	-558.8958357761514
6760000	4.153221313520298	4.375274313955488	0.8530583242241307	0.5452466566928207	0.20290003080265462	0.7130258461172136	-580.6801664602491
6765000	4.801716658293946	5.832559683518386	0.8097132816309686	0.6091957784119614	0.201547402764112	0.7444656701870213	-571.4252308307894
6770000	4.7909887638953315	7.519996314770954	0.8769045636488796	0.5416967416603558	0.20417052107933162	0.7077226004248438	-583.3725810843765
6775000	4.719888472630917	5.740010780199323	0.8182719741130731	0.5577958493034856	0.20788648827199985	0.7369419371807615	-595.3887260180755
6780000	4.844176334342713	5.094867239803387	0.8811736560574935	0.5350833226892889	0.21001899727254972	0.7079668547354079	-594.252673444566
6785000	4.333243045039433	4.969863683338523	0.749292037592425	0.5880714821925148	0.20444320500040342	0.7016086852769253	-613.0659914050837
6790000	4.122838068531521	4.438261982244411	0.8757290610108156	0.5784570458452701	0.20315025300186054	0.7216481873074874	-558.8319256352042
6795000	4.891276312630421	5.448233012850842	0.8465279325794429	0.5980767239501964	0.202181064405244	0.7031522502792743	-546.6750934205492
6800000	5.005801618778536	5.428723669787584	0.8638727763238433	0.5927601316840538	0.20748479838631073	0.707761518524626	-525.6676755168833
6805000	4.582618708362466	4.981249618961517	0.882427169418149	0.6386821658473452	0.2047572635634308	0.7099212362266216	-495.6932408768697
6810000	3.9169792570085638	4.7090725503941595	0.8524806480480254	0.6051615109801096	0.2060156493276565	0.7454331275521816	-496.77330095196936
6815000	4.842755824931182	5.025654040699617	0.8353737633582435	0.6171342168193299	0.20487009322637673	0.7000483538485088	-545.434584683066
6820000	5.164337414252831	5.6018444840639905	0.8480577349187872	0.5618291655351323	0.20394997580125995	0.7223025258187644	-554.1806962716647
6825000	4.808858801380706	5.504220438535785	0.884117153485662	0.5591191873000501	0.20271681691690543	0.7110041182167093	-561.2553684651006
6830000	4.565260439373619	5.356703310353172	0.8257037953057221	0.6015117440345688	0.20862538572884487	0.7738052738006556	-527.8377627053113
6835000	4.04514240980708	4.4688206513478335	0.8608171256909654	0.5969898184533462	0.202680465103358	0.7032860998568463	-557.6436133052407
6840000	4.5074088953111975	6.196119061010259	0.824770818992584	0.558265248372631	0.21514793993094694	0.7044025881061671	-571.0619504978094
6845000	5.763440656267082	6.863070050105443	0.8336141540836842	0.5603178334021464	0.20381585715870332	0.7437048080058754	-561.9373553058721
6850000	4.509902866699016	4.660446635624518	0.7587354274958161	0.5834166808489848	0.20773558965860464	0.7192130558140716	-597.3220256040265
6855000	4.450337365494361	5.09248195305001	0.7667479059352186	0.578717646329195	0.20067236803138985	0.7012070000084585	-603.357873060792
6860000	4.645784240499938	4.896147948811048	0.8942185576091289	0.5297237503902075	0.2001256739883526	0.7113174224823644	-582.4075185100205
6865000	3.8597958687386043	3.891771620669666	0.8850196607608796	0.5626683061643387	0.20575597394740272	0.7102640727431098	-539.3572850424017
6870000	4.373018491752727	4.533147991434289	0.8603617604165936	0.6206951021724815	0.20343900650525681	0.7249066010131652	-522.1274562583865
6875000	4.2137321712852085	4.731947715116386	0.8112232127565383	0.6302985879159458	0.20056658915292372	0.7079763799531138	-498.75253628318524
6880000	4.4858465563758205	4.61173633649576	0.892932757521308	0.5896177631388515	0.20271348502674566	0.7110156403208495	-519.2453212050168
6885000	3.96555886855851	4.061224585560667	0.8950008706040659	0.5893988881804587	0.20063542655333783	0.7091487423165125	-531.1401624094019
6890000	3.9689720355475386	5.262493027803016	0.8580833106379718	0.5938980763321527	0.2095344354680338	0.7012963328544938	-510.6737496058774
6895000	4.512148985492757	4.678954224252028	0.8860075518345942	0.5870466194209537	0.20882087808378064	0.736637870001358	-536.1471237286139
6900000	3.828651489153848	4.025369592362851	0.8774064819916623	0.5919593395649428	0.20685573306561367	0.7182810044704773	-511.7656342004107
6905000	5.385171608181213	6.172020555322435	0.8540060829274538	0.6137826363514455	0.20156057920475093	0.7142768212446199	-516.0749102869395
6910000	3.5100609452449554	5.472972096969538	0.8509069801044686	0.6006280922502423	0.20510972421785206	0.7679008158161204	-517.1670142038743
6915000	3.944634163954708	5.155265544579662	0.8800273839568559	0.6222072227110699	0.2034941526002269	0.7409635377929003	-515.6315623271472
6920000	4.3305638392642996	4.5194205141631105	0.8756815122751006	0.5996580424234103	0.20762337271177514	0.7426628876551364	-514.9059582735516
6925000	3.8890452353395033	5.5632836173235924	0.8660810144633093	0.5834123720326637	0.20441206905198464	0.7151220681457209	-533.1520392460989
6930000	4.265660764524878	4.785636600050673	0.8388255244132714	0.6105117984675825	0.20255859768288856	0.7060476636834273	-533.2398397064517
6935000	4.016029982569606	4.550375030896212	0.8550003730931536	0.575779243862029	0.20113482308417524	0.7190611584090353	-549.6115211802753
6940000	4.208301115773505	4.669703372768999	0.893730100166799	0.5789854712344707	0.2014160550120111	0.7303409031203024	-517.8481428053706
6945000	4.422026987471563	5.167452066920957	0.85830892032315	0.5915175131277066	0.20086942025469529	0.7436281646431508	-542.4453798775829
6950000	4.233638967795871	4.261112659628852	0.8791556595722362	0.5918725703463206	0.20073142007753667	0.7197473276128991	-542.8706901817567
6955000	4.110477176296251	5.796655757364477	0.8444649617947605	0.559743462267948	0.20053722092174273	0.7179949342216848	-559.3758086010063
6960000	5.330121894733979	5.443233708775882	0.7892485475670408	0.6105648764796132	0.20448744776825742	0.7439074031914025	-542.5691671578666
6965000	4.383663554645172	4.618381539653004	0.8891606512041883	0.6038141981625881	0.2009971916686717	0.8086379823460257	-494.2668329601292
6970000	3.6813500579371037	4.561195041201035	0.8731278863959306	0.5845543358214653	0.20520243841904473	0.7153055475124386	-537.3438060217419
6975000	3.967991937737706	4.286138873293929	0.7942822354471551	0.6389926267698092	0.20081290903319474	0.7150184490976864	-525.6134544423862
6980000	3.652943950438179	3.8307080575546735	0.8400619695687396	0.5925610704036383	0.2112607339135469	0.7943435566761413	-517.6820883212589
6985000	4.18755722277406	4.520088799175807	0.8794655698600915	0.6005667348194121	0.20488681838117004	0.7037237321428383	-533.8291883312535
6990000	3.873885385723634	4.258362017769715	0.8663457849493834	0.589625770121738	0.20816734593487374	0.7223163709097754	-541.9597103716577
6995000	4.3637767387639546	5.468431545013918	0.8575957356517884	0.581609941707926	0.20263595520417949	0.7279038578395496	-506.30651425875936
7000000	4.428031042345357	4.967140987477154	0.8183112732784512	0.617606070485569	0.21050951784574448	0.7158110637982106	-537.374985708659
7005000	4.77968994975057	5.139975822224904	0.8585697096313171	0.5691450575773713	0.20257236626462305	0.7170265478779622	-522.2107954054279
7010000	4.79735674557048	5.3265843312905	0.8605406161682466	0.5604469638344239	0.2134479550311665	0.7082750921613833	-536.5074958304294
7015000	4.669828217116667	7.403166077431298	0.8696072186486462	0.586420368920331	0.20055090542979045	0.7080184246816176	-549.1327768266495
7020000	4.379469137023181	4.638254519256789	0.8752539192806044	0.589503564272182	0.20731501979460218	0.7432795897461876	-548.7001399858614
7025000	4.07873249997495	4.546861892305944	0.849029841069797	0.5937183183288933	0.21294032325944073	0.7045061495431256	-550.3718095826299
7030000	4.0156629469173035	4.951637101519206	0.8834798510055952	0.5863735257744556	0.2007636128806427	0.713454247320396	-533.1638089149582
7035000	4.002427965122075	4.021452237893009	0.8668518037530137	0.6042875648337728	0.20427101662844463	0.7231348159796488	-508.32329709906776
7040000	4.9137543465971625	5.051238387978886	0.8642143781931829	0.6020899622923	0.20357679132151982	0.7134142568976314	-513.0605408883222
7045000	4.662861788857106	5.487440838951973	0.8612123876730471	0.5849155977063774	0.20923303525751522	0.7195703950604279	-537.8520141484121
7050000	5.23196733080906	5.367627074489054	0.8695668412818381	0.5223196990824704	0.21036325524799354	0.709299496918363	-588.7221889156748
7055000	4.863464563786891	5.17366618407	0.795924334031813	0.5577739372262869	0.20463677014069584	0.7182174035792134	-583.1913138973354
7060000	4.374622696215958	4.886750103437676	0.899398444038994	0.5406480555901949	0.20123240514430438	0.7248868049810918	-557.3257728153112
7065000	4.4460197358856615	5.633601940046097	0.8293726785453183	0.5670142468094305	0.20059809792808972	0.7172347473910587	-561.9702871882732
7070000	6.550678799606995	6.88672988503746	0.842756129301412	0.6017705987497037	0.20005411954389565	0.7071394511805315	-562.4339982464471
7075000	4.228383917400217	4.370182082808274	0.872062262948314	0.5801788045879589	0.20692242255037663	0.7071723214459179	-543.7144467743144
7080000	4.138083688470808	4.902068441904802	0.8734782283720953	0.562180862666439	0.20553846648207122	0.7253260339929558	-554.8886935370257
7085000	3.9227915504727773	4.958360122890425	0.8746165317330128	0.570964557452611	0.20037778064867542	0.7042726726978462	-558.5240647088636
7090000	3.762199502355392	3.768323167879263	0.8985900105349603	0.5669221157976144	0.2025533561381099	0.7191710885911101	-572.713900965535
7095000	4.441591396231719	4.80333454508442	0.7605234074822957	0.6011351395237866	0.20097967638195494	0.7000415437936414	-609.2040219762092
7100000	4.474444236711147	4.685338465065479	0.7976229529679181	0.5149779116726683	0.20500250213853938	0.7073972763779538	-646.0668236134929
7105000	4.389100400108444	5.091885460870711	0.8213522552131548	0.545761182797458	0.20229341851257687	0.7146358119494599	-606.2419778687432
7110000	4.285708132196634	4.947595363083776	0.8690744230056392	0.5657137329011319	0.20313457344396352	0.7241847987448596	-583.082523189907
7115000	4.332909122832506	6.349249310751994	0.8384515183209726	0.5766138176264961	0.20856810336526266	0.7108316598643778	-557.7168798538274
7120000	4.592565970073925	5.135246123137961	0.8559980535896249	0.600084760872429	0.20488112099420946	0.7637942238362405	-539.6593082850609
7125000	4.650216069308743	4.9354478117060765	0.8710694772016994	0.5760157397788738	0.20150666697371586	0.7104564633302721	-534.2965199007335
7130000	4.688729744753967	4.884997214676288	0.8177964287720348	0.6111076220068433	0.20536072416699652	0.7245328490425822	-536.9522525685991
7135000	3.93818007894544	6.237562575396701	0.8876365305924585	0.5699161978725884	0.21114037356672571	0.7335072912797763	-569.9832244977225
7140000	4.690779348457856	5.832835844689201	0.8721699080684886	0.5521704599507522	0.20606439569104515	0.7241432702395646	-563.7350332360148
7145000	4.625415984561419	4.875514508587895	0.8641148577753559	0.5573686142565483	0.2098151289771477	0.7102142484926003	-567.7181837668095
7150000	4.7296390444750465	5.598739408786356	0.8755997352105126	0.6075790297865123	0.20408885622700682	0.7843962361383051	-561.0629660269655
7155000	4.796188529239342	5.275426768161344	0.7437339293782194	0.5992782723823322	0.2066095415181963	0.7088789836207677	-571.2494959478038
7160000	4.071081356930281	4.386019080385732	0.877251587220144	0.601526439658346	0.20004642175172913	0.7433436259080645	-571.2816358349238
7165000	4.467759373358027	4.6112374202559	0.8852929737865811	0.544971027534484	0.20304981239361858	0.7346927859289843	-551.5201659370192
7170000	4.354973572170232	4.587956008553969	0.8643201076849174	0.5962338579091729	0.20537472154641767	0.7170532750135514	-559.572617355622
7175000	4.12798944647028	4.131769023230414	0.817374116961271	0.5851252635960905	0.20596277363643437	0.7380184845616774	-533.6922038523987
7180000	4.150369417052776	4.369343634696384	0.8582411125979572	0.6093479353470274	0.2009588570468196	0.7059848425931832	-483.2218053765376
7185000	4.491616384994652	4.652173614842855	0.8500244897586078	0.6004129321768775	0.20598067337759088	0.7498366584873521	-507.4873276785426
7190000	4.781707908485167	5.640053989126067	0.8763581876610457	0.5957682412368591	0.20141053023204464	0.7373096530791865	-537.2930611011475
7195000	4.138625844207333	4.462792143707916	0.8532711718767267	0.659806283091168	0.20258545071404133	0.7162506108848008	-487.45632203016413
7200000	4.142856927886703	4.690592576467394	0.8912520921254063	0.6109362085496528	0.20400340575071627	0.7757477083708542	-483.9207650824335
7205000	3.7588678490522014	3.9846672927491293	0.8993030914052721	0.6131477779100163	0.20779403347688863	0.7509024769441115	-497.94431185113444
7210000	3.707300746214984	3.816558276764318	0.8825327984585994	0.5866719696936017	0.20216807812066134	0.7319381414423991	-476.1162859565701
7215000	4.06952252991868	4.1675471991559965	0.8883925409304874	0.6449216528696554	0.2017568848118275	0.8187173070887699	-454.55968447313563
7220000	4.582766855540098	4.868629594013485	0.8630438872304471	0.6453245176156123	0.20061063370665122	0.7203688886829676	-441.518046344779
7225000	3.776044578678263	3.8748873693558004	0.8806357671866215	0.6211897243165566	0.20250941933642674	0.7209591932224487	-457.98417772116505
7230000	4.0690288156567975	4.168067052379989	0.8909525308531706	0.6181686917617619	0.20070889507548334	0.7773871871150416	-470.614318669791
7235000	3.891808393078048	4.9111589620316485	0.8500412412310845	0.6393191422604073	0.20264982951234148	0.726955679178376	-451.95652704076
7240000	3.603375175342152	3.975718534516628	0.8634803843943248	0.6517094970205984	0.20287968993362904	0.7072590220959319	-473.15533349898
7245000	3.533724682877889	5.078279944066875	0.8646283271883942	0.6277929096301559	0.20584340114255983	0.7338752124759936	-458.1451627490018
7250000	3.38829505824506	3.6373132562539703	0.8905619110048592	0.6263868776440168	0.2018703684972469	0.7419580519025334	-504.3523447062272
7255000	3.8568616217346157	4.4356063940010975	0.8223786658218354	0.6025787510264006	0.2081060038536971	0.7118685462639949	-479.19024444137204
7260000	3.894067170897019	4.25689350202645	0.8578118091865673	0.6119827791313741	0.2090229421053846	0.7303980702485401	-512.788309361796
7265000	4.639755116448786	5.554409631208942	0.8290425399472896	0.5577432959957843	0.2128803002230333	0.7199071464340249	-548.8887650788937
7270000	4.22771931275917	4.613443982994179	0.8251673409809327	0.5861688497949815	0.20075877069469203	0.701758681111327	-560.316952326824
7275000	4.54399333149639	6.079347208474539	0.8749369973628826	0.5540406872121014	0.20115256028348236	0.7082704525023331	-570.8339930564412
7280000	4.226875716308329	5.561057289444712	0.8954458463788717	0.5834952870289343	0.20006406063839957	0.7107607208672392	-516.3687605778423
7285000	4.214074742850666	4.53908931594355	0.7984306433090806	0.6443882842935801	0.20208988000043523	0.7501129739855941	-541.0199885028494
7290000	4.658908305402256	4.833605039083809	0.8636950661162931	0.5676195888981104	0.20550547698812052	0.7014818006126672	-525.4763733185358
7295000	3.6671330169224152	4.17465363396436	0.8552598861898482	0.5978464898330039	0.20379580295691568	0.7064648764313526	-521.4106835034753
7300000	4.2079817174020295	4.878356821413138	0.8378701133448428	0.6169656808500256	0.20076743605979372	0.7397522447384752	-518.9360113125198
7305000	4.148076984031826	4.427008448460083	0.8349922543723121	0.5783552354763299	0.21054108675248737	0.719760722240755	-559.4265703023096
7310000	4.169620759553521	5.078160033952935	0.8714956769938327	0.5369405252943971	0.20189858451207235	0.729609589483738	-600.8236536676092
7315000	4.9838342594168425	5.55244055134346	0.8646141337883075	0.5652339092210555	0.21556087092105175	0.7385332130462846	-568.5183083691292
7320000	5.299603270067581	5.677469973399964	0.8415240401786431	0.5580445903952435	0.20343613189742712	0.7341813027633896	-563.210665377792
7325000	5.120073423074091	5.641905287831384	0.8649550174032593	0.5779649406014313	0.20114503292560973	0.7712243792324727	-588.8332284379467
7330000	4.515895217512236	4.588965993251612	0.8158480716728921	0.5671792724923418	0.20517394021730642	0.7042779638439567	-582.3290333408198
7335000	5.341514902193061	5.873550923959675	0.8748555672896383	0.506683996371789	0.21171570340667953	0.72659669091773	-621.3174943459535
7340000	4.692279886389992	7.180786333097313	0.8298778812478219	0.5183727148009653	0.20456526797292102	0.7052478803084068	-621.1922491677391
7345000	3.9937421185303994	4.06290636615265	0.8576979619700003	0.5509824106202745	0.20940102546087308	0.7183128877949313	-598.8255527269777
7350000	4.045819599365866	4.249272989331717	0.87020956344189	0.5644308297078336	0.20534685401598993	0.7434430636074333	-566.2907612753983
7355000	4.156237533606017	4.246865592538304	0.8958218137825983	0.5776950220715641	0.2097599009924895	0.758882097762231	-540.9364739701293
7360000	4.037613978832356	4.81732181499656	0.8862774716943901	0.5747328756822113	0.20838851483093696	0.7721137666416955	-524.345686845664
7365000	3.600340539257786	3.925086813281089	0.8762885557254309	0.5860861414346984	0.20222591616811944	0.7119172671201247	-510.22250946349567
7370000	4.139180432919907	4.992462204381339	0.8345248788878802	0.5757731294309146	0.20053778275757816	0.7004487144651156	-541.3506392770431
7375000	4.309745997809573	6.572414570034259	0.8788371972899132	0.5827344840229176	0.20005680815859644	0.7732477152272246	-523.2815020800347
7380000	4.326082687644088	4.751120742533944	0.8586205812122326	0.5717816032650106	0.20120184737236715	0.7191215931226598	-547.5177532313843
7385000	4.539470432770831	5.459801016550039	0.8926357668565122	0.5762144268197131	0.20248350867346196	0.7279087054951646	-557.555933853871
7390000	4.413245976747378	5.16904396959071	0.837090572817145	0.5953927877535513	0.20271522779384754	0.7339450378816934	-551.0412851224172
7395000	4.787885464689977	4.800690208300792	0.8684982321802195	0.5579232671047378	0.20042390159692317	0.7050699403897297	-558.9117493475051
7400000	5.0890278621018	5.1731956285823	0.8987849725677892	0.5368361389665428	0.21695863571618493	0.7199301973917548	-559.5478754419221
7405000	4.510522899061741	4.519805048308453	0.7521728946303979	0.5886558317798005	0.20161987057935465	0.7180740979221144	-584.1213095457075
7410000	4.060318704401265	5.33486455443994	0.8428411897641958	0.5455573332877253	0.21899306749606776	0.7054795513524363	-570.5112136051259
7415000	4.3868681019922215	4.418201516205274	0.8556532146730043	0.5912151376877915	0.21059715217341826	0.7550809693440094	-564.545400621057
7420000	4.1617981254246414	4.4249101366524926	0.8591415489913397	0.5586037845349207	0.20180378997640064	0.700361961992327	-584.9743192142785
7425000	4.063856431254162	4.170327655724503	0.8395139853300164	0.5919607895922332	0.20734174220933163	0.7816111156661506	-538.8326490237712
7430000	4.148224424957108	4.486129504547864	0.8334691458448837	0.5945207278435601	0.20273893788200562	0.7677747852333304	-537.1984166473468
7435000	4.264612762039112	4.786006847115908	0.8830236281575352	0.593085106756674	0.2169774890534198	0.7385938240409708	-521.9700641545145
7440000	3.950579820919628	4.122685083968632	0.8509464147929242	0.6181665012440264	0.2051151867645137	0.7647303440594005	-502.24899704816346
7445000	4.6223294469848835	4.9229682107957276	0.8688076598510092	0.5890392320351516	0.20071987854733853	0.7369274582582989	-522.0539166637344
7450000	4.272010914902885	5.871875712095706	0.8698044088261785	0.6145581619168495	0.2016094890858444	0.712065058668093	-498.27255337097057
7455000	4.35379277131248	4.6170855841624645	0.886999596242292	0.6284837382822595	0.20764455057118528	0.784826230507875	-476.24241743468735
7460000	4.458729255920788	4.540561641027472	0.8596816975370315	0.6384505379674422	0.20210171442083308	0.7442633041130313	-467.19617407154806
7465000	4.223015789009016	4.223062892200649	0.8081812022983614	0.690489632371338	0.2027191736293688	0.7243347219086576	-440.07482607705685
7470000	5.14269637617282	5.367321102231416	0.8994153680028689	0.5995631771984526	0.2116916457806269	0.7261847199110666	-489.90315115091306
7475000	4.453729872477448	4.579244679916815	0.8275929057889415	0.638729026561078	0.20212956191128306	0.7139485284057702	-497.69232419271185
7480000	4.576894412736011	4.872084823160333	0.7694041270353269	0.6266235503782022	0.20254376750627806	0.7049328871547559	-535.8620483470442
7485000	5.091466259883278	5.161463985124571	0.834331080067519	0.5647389458359009	0.20423160427837092	0.7047642766012214	-542.6515011507146
7490000	4.368840808010883	5.134447317144496	0.8604638878031404	0.575700501224855	0.20910746799866844	0.7163445879885179	-536.8053029616136
7495000	4.718630794631716	5.14592186321752	0.8732081558144228	0.5823684139834026	0.20344099239238772	0.7521693651241694	-528.6279167031265
7500000	5.055858622679377	6.535835567411876	0.8561163760542982	0.59626525094392	0.20277102076132264	0.7278782257602229	-526.3260874735919
7505000	4.726980417895172	4.735962689972678	0.8577468972147223	0.5943354722864517	0.20423922737665126	0.7115432957137156	-537.024888376116
7510000	4.69001397744044	4.930731094483148	0.8960657775651254	0.5837000157344671	0.20657843678041687	0.70373684603349	-506.755116912856
7515000	4.0866536446395445	4.416686156854081	0.8774950378898458	0.5860210958370549	0.21446906106607194	0.7477375045268276	-514.8521281343162
7520000	4.299851453212091	4.826362859348085	0.8924998881802886	0.5968914863750884	0.20064523547367055	0.7314881369871593	-518.4735804295502
7525000	4.021426834454043	4.166234610219815	0.8804255252623785	0.5892082573484949	0.20875739978697713	0.7139203027420823	-502.0940664092174
7530000	3.8900586790554232	4.835698543232219	0.8578680416233054	0.5870770401780092	0.20008565560228359	0.7084635353385944	-548.009839437836
7535000	4.090735013231663	4.174873437549385	0.8574211427013152	0.5980896292577641	0.201901745163333	0.773294903429833	-499.4596519068594
7540000	3.560526180676858	3.602664584932334	0.8054028329167654	0.6165522304998969	0.21161749130911378	0.726078952821202	-528.3697397044607
7545000	3.7090179890858477	4.234236110467604	0.847098358881816	0.6082937334460752	0.20096840577318614	0.707271528912285	-517.7328938796097
7550000	4.775247206139138	5.150138571079521	0.8693841950427266	0.6086825636369257	0.20674042311856813	0.7568064890417986	-517.0110741377412
7555000	3.9944162704338217	4.682616450117554	0.8472310674107608	0.5863024802811471	0.20483037428851444	0.7259816510613657	-530.3870776007178
7560000	4.9365974591804695	7.944972158648481	0.8611250250386697	0.5759312090252809	0.20324601453295227	0.7243352321785034	-558.1361295263093
7565000	3.929091215117088	5.5770742935657225	0.8723478672733853	0.5431412658915737	0.20017032976799407	0.701073958336835	-569.8248154864647
7570000	4.011230871517812	4.3446322206159955	0.8610192567467956	0.5598856680536063	0.20824688893003235	0.70968005453307	-571.3219206145942
7575000	4.0907934429075645	4.530250737139586	0.8602465077994182	0.5691625445847974	0.204200271877883	0.7010543241675228	-550.0997522733207
7580000	4.906031963690834	5.403279083994904	0.8308265805251314	0.5894829447088307	0.2038470590475294	0.7370899069665916	-558.4859464513632
7585000	4.8366370008488655	5.2052070301847255	0.8285469632999042	0.5942261833482285	0.20055371694063667	0.7017780461357219	-554.7044668740373
7590000	4.9493294340912435	7.2124788271860085	0.852922750403633	0.5602432839379701	0.20292165902257894	0.7067784321032233	-586.5396270731817
7595000	4.7572048070669934	4.862368638382754	0.82130977585138	0.5910299150964304	0.21234702053686258	0.7326245493568789	-543.5220513138327
7600000	4.560895229210482	4.591988999824339	0.8813833631272965	0.5923346411897981	0.20028907047868671	0.7028923019116102	-518.0888990843373
7605000	5.048954081807108	5.547908054254411	0.8277463826143961	0.581730489508874	0.2167352495545814	0.8316324889917301	-546.4616531100622
7610000	4.754985762624077	4.764481414414814	0.8671774115069293	0.5775390139421684	0.20476445164295912	0.7103499625989788	-502.27466010389537
7615000	3.727039773861501	3.8482089090769795	0.883950985984944	0.6173943492903641	0.20165248275390413	0.7132564200349485	-481.1872259285505
7620000	3.8956641395910556	5.172270195412495	0.8237679737947922	0.6562518601835164	0.2003515417793907	0.7334784930347958	-458.9531116386844
7625000	3.925671486497003	4.738609861335954	0.8442650088313595	0.6556333569747161	0.20187168470115333	0.7512037204922427	-450.0932971692442
7630000	3.733377519676748	4.062767703857258	0.8483357137058756	0.6536876104394485	0.20585052012154556	0.7590611522585544	-436.6618067236723
7635000	3.6419353528679004	3.869412502040396	0.8905943671506061	0.6808664622333548	0.20149427222894764	0.8052599014724181	-406.46988019875255
7640000	4.092471494340782	4.439348140590176	0.887747552562369	0.625524600116529	0.2008558670173793	0.7445387494158292	-436.96998297865184
7645000	4.24865380729878	4.695680056352196	0.8967109822307674	0.6565533568448183	0.2014522428919369	0.7282414930053054	-393.13531556737837
7650000	4.543647772006482	5.0952687583574745	0.8758868149850825	0.6914856162985207	0.20537391578125955	0.8620355324998288	-390.65795453754066
7655000	3.519206883856754	3.6387441208338687	0.8825415736287621	0.6822235157682301	0.20011330333507604	0.7841267750782572	-385.0310638632172
7660000	4.3879037073988645	6.146615776735203	0.8126977082585712	0.7065080086502723	0.20018704117311184	0.9091657962186098	-375.7352717154556
7665000	3.741603849540791	4.670884059003039	0.8719955791178019	0.6906040131419373	0.20328784624796448	0.8833220793756303	-359.5017294062329
7670000	3.724069830319553	3.864454884030927	0.8544278984541794	0.6841878052171738	0.2053932688381018	0.801230237368696	-397.0224177387705
7675000	3.760518651972996	3.9613291469739873	0.87684980559809	0.6863692097474222	0.2054641668735884	0.7698557980672395	-374.02139901217186
7680000	4.230896991726758	4.753908661047045	0.8486361931192093	0.664761404726742	0.20318764262457717	0.7711988802999573	-427.9032330696997
7685000	3.8204950460082228	3.902970991367985	0.8573462823743004	0.6590762350642518	0.2017295912138953	0.8379679646534135	-417.29282333806435
7690000	3.5975335102338017	4.089630894462936	0.8793696324608705	0.6518527619356634	0.2076365664753785	0.8089520267048099	-399.28581739288865
7695000	3.434973497566919	3.5444296794656163	0.8392232505644907	0.659136115294431	0.20417217156328768	0.8919934315723871	-409.57944516395435
7700000	3.4846636481032744	4.15601285344424	0.8737300574157543	0.6668467872737118	0.2025235900867297	0.7456277703335866	-440.06261047692055
7705000	4.37647135344024	4.456172991320244	0.8925726889351293	0.6606581725702734	0.2006315040461207	0.7961371780606205	-451.3776766067494
7710000	3.487293751747026	3.5401313912207946	0.8772249000644035	0.6261693992815686	0.20032291708767183	0.7472902121865902	-439.15593878636105
7715000	3.4297679963854026	4.928264041044278	0.8923568320972247	0.6313999069557027	0.2061884093780101	0.7238226672532211	-420.8164291036719
7720000	3.6646092345924384	3.853945799409192	0.8779109378466079	0.6883371182370811	0.20098646642079762	0.8631801654102033	-415.01518831473675
7725000	3.5448060052481463	3.9341493761171025	0.8857804644703374	0.6355259931589051	0.20341928163623763	0.752861719497666	-428.09362422341917
7730000	3.797718824868213	4.507449783087784	0.8863025086394953	0.6526010384176322	0.20116753915192	0.7334557525720632	-424.21709835742536
7735000	3.678353373721253	5.29538905575883	0.8598588907124425	0.6559054749014692	0.20591371282444454	0.8530923414568548	-426.80521844395105
7740000	3.901686353570455	4.05243814326185	0.8057934562111059	0.687203111746462	0.20105202591121313	0.8154854950391066	-414.362536749039
7745000	3.879990694490552	3.9717439451349272	0.8951002605310552	0.6779598479451595	0.20127637117354352	0.8536766582230603	-382.38155390922464
7750000	3.740370202749691	4.659487927022935	0.892651206827235	0.6770804391130856	0.20442954037090164	0.9079300532257327	-375.77901389083996
7755000	3.749659399125408	3.9048017349493747	0.8340784101610421	0.6679243784220602	0.20413263797753972	0.7912932758550965	-421.20989443575183
7760000	4.162574106244046	4.311398784879254	0.8863907709989338	0.6419953721148544	0.2014176505447026	0.9074640602052874	-441.3332723488925
7765000	4.609030018952129	4.954918017132605	0.8350423140970612	0.6389173927156182	0.2032600522759793	0.8422822538616204	-437.2540110066959
7770000	4.813982907638528	5.2374664470407994	0.8121728010610302	0.6604687728891275	0.2045248190904494	0.8151426262562081	-446.0832313277992
7775000	4.232970699212314	4.606397908134087	0.888311847293828	0.6537386503060322	0.20027946779594738	0.7858175705709418	-415.7808736962774
7780000	3.846195469914633	4.652144694222198	0.8993943503175246	0.6593088140079946	0.20827964508202998	0.7629630356301691	-405.22824310536623
7785000	4.064901976858711	4.1954422229436	0.8452490627307264	0.6680066478205172	0.21024195281838068	0.7812444964585631	-429.2556163097295
7790000	4.486576757104652	5.549775576064205	0.8689349440391967	0.6377216512869102	0.20004842060724598	0.7533277175241299	-454.5902636767573
7795000	3.7360175599843473	4.184452731420694	0.8868712817230635	0.6674553744176008	0.20242153006455232	0.8035212433244915	-411.4938760423262
7800000	4.132216446511613	4.201376007248238	0.8594637621361039	0.6880325837352542	0.2068562943659336	0.8405725569593835	-385.26897076012256
7805000	3.660099619752862	4.837234587636519	0.8546391227271337	0.6636083741927925	0.2070003984799465	0.7935907599813058	-393.16023719824227
7810000	3.4923380386445797	3.917280737214186	0.8975594069928632	0.6635864996458459	0.20366592134919273	0.7003946660332575	-400.6195381269695
7815000	3.38829505824506	5.104861304688978	0.8970056616096614	0.6722979338468109	0.20113858926543207	0.743740455607383	-407.73578931678867
7820000	3.649852313977095	4.026443308651561	0.8793433780035957	0.6663780255717403	0.201735024332473	0.8817599071845857	-395.9977096400985
7825000	3.544492569047401	3.79232019039549	0.8776359665890437	0.6951142723083436	0.20202518000065126	0.8574758999611443	-380.14098103621615
7830000	3.4975123044801446	3.6351310425404177	0.8248105936298104	0.693313065384902	0.203563462145869	0.8577800026414206	-374.9055766713257
7835000	3.7442976574466975	3.8972405551063796	0.8985605819882689	0.6623732388374874	0.21497257438804485	0.8824807353064728	-379.00906307443375
7840000	3.6255838011463983	3.714716346917709	0.875381181358327	0.6535261854439972	0.20254644090752255	0.7748634520569134	-428.2336487517241
7845000	3.8801641447556747	4.150332597348966	0.8949141143394305	0.5923262382938618	0.21609906346673668	0.7907868511345628	-471.7467308521666
7850000	3.733760299203288	3.7614100348622976	0.885108748739628	0.6220015577053345	0.20118820926446015	0.8267697924682422	-447.8529408020059
7855000	3.7748542373115166	4.29136887460645	0.8949840819642301	0.605576894043953	0.20488443673694617	0.7444799268270569	-479.3660088828013
7860000	3.9466157243806235	4.125372731335226	0.8918498850248862	0.6358138403505305	0.20294872147447224	0.7776135552594897	-456.32381022302576
7865000	4.173083673459858	4.54182192134359	0.8881009009069472	0.6385319644851063	0.20413368865804452	0.7787568707569305	-439.9187585431783
7870000	3.835638227245793	3.842855199541049	0.8678350238382603	0.704206168075223	0.2022319526199764	0.7487843959003803	-435.3301207973704
7875000	3.7603675217066863	3.8724177820961967	0.7978944008690363	0.6689925459031452	0.20689767919832222	0.7807455306982198	-436.0578760032482
7880000	3.7589359398615807	3.7770483504404067	0.8821807250281763	0.6541687321567997	0.20348710449939458	0.7063023043021674	-434.8715260365372
7885000	3.8228841801323163	4.339068851473208	0.8832022072385508	0.6586134265097592	0.2021655718259722	0.8066100087577119	-422.25737519507584
7890000	4.000760700332278	4.690088709096906	0.8462160744211519	0.654548943269435	0.20249107956974646	0.7244398211745937	-447.2495574011654
7895000	3.85059119065047	3.876493948551906	0.7797421118325892	0.6501890192122882	0.2047256387566049	0.7241232383702694	-494.9268485933734
7900000	3.748893128678665	4.117475386473795	0.8992767962573746	0.5806968495138551	0.20341681657931973	0.7337965115843375	-529.2230658058039
7905000	4.649693570886078	5.694537664792894	0.8759609249097219	0.5644723034675492	0.20289456629351268	0.7101288720528298	-547.2636168347344
7910000	3.767602704026952	3.9969469884828035	0.8589733038753924	0.5896405129274755	0.20521324305363509	0.7054748358031477	-504.9930274995491
7915000	3.8250972135619037	3.8544249384033495	0.859852122511604	0.5880733747086765	0.20662373963408506	0.7140927497259918	-526.1313327137185
7920000	4.130814289352455	4.5952159883115815	0.8680346637937105	0.5886066019163173	0.20019103483370582	0.7414420369246609	-534.9169948669893
7925000	4.3261299433854985	5.119974383093514	0.8500857520574934	0.6123764923102049	0.20095661857702116	0.7201998569328554	-534.7043723106548
7930000	3.808896622071791	3.9789097006044347	0.870205517703919	0.5903800948571337	0.20803316857735404	0.7810875017334588	-474.7877081738138
7935000	4.274491333062129	4.4417551169124785	0.8046158695902317	0.6601188283369793	0.20320822026426458	0.7178333165157027	-473.20152334671184
7940000	4.108555772939069	4.6565434272034105	0.8545829792031285	0.628414044905922	0.20363600998988057	0.7107506458885133	-481.00722889440726
7945000	4.239363285469947	4.799042887383735	0.8974647632930868	0.6112940295787901	0.20473584359788047	0.7805628824659796	-480.1347122506127
7950000	4.377496578220143	4.534358768299117	0.8813220675113961	0.6311789603037801	0.20101637342262188	0.7070113079231813	-497.8900924704442
7955000	3.8623802999459933	4.234394172705469	0.8550953436237162	0.5959117200671769	0.2068971726825936	0.7284392228881694	-519.0063065880086
7960000	3.9728951034352193	4.199002021383267	0.7835420162265837	0.6505076882842554	0.20244579578670874	0.7666554191010857	-503.3537541123326
7965000	3.737771018651591	3.9627103487745954	0.869510277097963	0.6285028057050276	0.20550072415469547	0.7542957335647611	-485.55089043919077
7970000	3.9110227716354165	5.579709363703553	0.8653345253451156	0.6197490829009851	0.2038869651233687	0.7332126565954529	-493.39089851261946
7975000	3.886916057919253	4.63037700510352	0.893285754207932	0.6147927281364556	0.20002870534593406	0.7060267889170626	-481.8199656873153
7980000	4.361683850283949	4.586032962680543	0.8576928918926569	0.633789011173945	0.2003367329726515	0.7769357952984439	-488.54105689647565
7985000	3.9811129593075365	4.297347223544815	0.7618841096982406	0.6558479316118783	0.20251113147930383	0.740129590064701	-496.3992595517993
7990000	3.712623411478183	4.282243479393931	0.77198129092994	0.6398201805943033	0.20039495566628257	0.729368747994236	-503.6693591244054
7995000	4.335476785439808	5.112363858222043	0.876638212777718	0.5713662691452615	0.20055668387087838	0.7168421950234011	-524.6954061146934
8000000	4.379811815282137	4.929815887899892	0.8990958719027303	0.5822843688711349	0.21190419529271295	0.720926648835852	-505.18440678590576
8005000	4.00167028085576	5.73657763664621	0.771472359123273	0.615356561919266	0.20057150820918646	0.7220366530689641	-524.1348993053773
8010000	4.182476525436505	4.337914377501186	0.7193533419203946	0.6341503627877432	0.20771998171912207	0.714500058016814	-540.0724172592444
8015000	4.117366116079474	4.493143633162076	0.879421372601498	0.5543109679970288	0.20146311513564452	0.7080960056568135	-551.0530731874333
8020000	4.325939475761314	4.525033320163994	0.8513863980362508	0.5818954367293432	0.20393755469565494	0.7327085494771007	-553.9312103536266
8025000	4.671435819567894	5.320372891291856	0.8253719918250053	0.5779863080048212	0.20415571255352044	0.7370142799227953	-592.0695659052313
8030000	4.680765722025513	5.481688445626353	0.889046491002087	0.5584227200198995	0.20694754735283666	0.7766766575029902	-562.856106262307
8035000	5.125004484971498	5.406336530727567	0.8912946753562906	0.5102138765693784	0.2311685716769294	0.7072191164149575	-595.490123000882
8040000	4.493277659539317	4.637020868049191	0.7626764288664729	0.5666012389074978	0.20879858083851927	0.7319275044300069	-597.0121277084003
8045000	4.541330490574496	5.84243233734296	0.8713935979925432	0.5982226769924711	0.20172666926560698	0.7277192640648736	-529.5485039531512
8050000	4.9989286948542935	5.543350139849806	0.89206683389515	0.5452232363773827	0.20499291289516905	0.7181945088203925	-568.2719660916053
8055000	4.982168043411008	5.3692708781829275	0.8795463970399042	0.5380787787429537	0.2041833587376022	0.7288447538648667	-568.912675986781
8060000	5.084645959276438	5.304589302058313	0.7958078883101588	0.6116284167877103	0.2038834242105596	0.7401333912724475	-560.315702611469
8065000	4.0630918662696605	4.667313590358659	0.8448386167535734	0.5890219181421881	0.2040324213426697	0.736455195180858	-542.6171109904344
8070000	5.014419571281825	5.020843017977508	0.8994579595131722	0.5426256069848235	0.2011483930798445	0.700875701290347	-543.4378881779437
8075000	4.966642493197392	6.069805560618016	0.8910873403847669	0.5800189152494851	0.20208242116562974	0.7173949121228596	-550.6891288983126
8080000	5.129054727291509	7.598867978405168	0.8856086989153378	0.5601911228407183	0.20857708135177627	0.7119835399311014	-556.5043853770165
8085000	5.670438343096728	5.791941843519368	0.8912521298824571	0.5631415859213017	0.20006419197289685	0.7083907818682685	-541.8673679608045
8090000	4.327992702191486	4.643905384704276	0.8800047349566398	0.5754885993299976	0.2020059034162887	0.7128470228590518	-551.3979677940051
8095000	4.316612876749232	4.902756009526742	0.8351558445777773	0.6099993760253303	0.20381818819961395	0.7155182926942294	-515.275727216335
8100000	4.676396149023714	4.871653357189847	0.8604685991315543	0.5919119887312727	0.21358742191741914	0.8334617577000224	-535.6766599617325
8105000	5.084463427125101	6.07210571989682	0.8493974956612494	0.5524814223122637	0.20348215628415986	0.7104569705476724	-571.4124907846235
8110000	4.735941827914677	5.741608360880364	0.8998505241667947	0.5372970898610894	0.20953318004060192	0.7050800653130573	-560.5726768698339
8115000	3.863581162814477	4.647696038096089	0.8997213058189025	0.5809305505224437	0.20046641542849822	0.7117914235450751	-529.632858876381
8120000	5.501454486745527	5.655670089385906	0.8651917538099151	0.5749649042137219	0.2007201065787489	0.7004084763437847	-528.1346311286061
8125000	3.9307953003011256	3.9476486476206962	0.8972344951505337	0.5484504559450168	0.21621230055495752	0.7031351755867398	-543.7399899705001
8130000	4.537416133326801	4.963776439979894	0.8139025206704499	0.5969657649573592	0.20803078608731207	0.7015827085665503	-528.9948936367983
8135000	4.863501771018935	4.913574688582868	0.7816650836920265	0.5982572063342833	0.20174968313397737	0.7535231639142839	-522.3552635629544
8140000	4.051864273040038	4.801564966662294	0.8669396967628906	0.6262302124114331	0.20032481133755373	0.72032634295463	-512.2243736606617
8145000	3.871996240479471	4.005968219230531	0.8967791109727444	0.5757545125240757	0.20537537812430534	0.7293326481116377	-523.148526577609
8150000	4.498241849758676	5.603160362436947	0.8848897636109235	0.5470540615472187	0.20562462719002764	0.7315452989647193	-542.8008412150758
8155000	3.797662304784317	4.203909867813783	0.8362245974953969	0.638419374080475	0.20206443437139424	0.7427154495547273	-515.2431501408558
8160000	4.374359982740059	4.7083597659005285	0.8430543320630774	0.620356871712592	0.2001110374215254	0.7293976551131235	-502.1061212057361
8165000	3.968494556152118	4.144191516572083	0.8639712202499897	0.5748697125435447	0.20529670116557622	0.7031547521881513	-538.3176188207397
8170000	4.252667786651318	5.513934790058855	0.8930504564810569	0.5677776909111955	0.2042187745494665	0.7337920412149612	-557.1742644691569
8175000	4.3154193585261575	7.196324881797451	0.8199519020605828	0.5701177199916461	0.20132783859102996	0.7159716798001168	-581.7641468428113
8180000	5.094181340710275	6.140646465286138	0.8384435957981262	0.5664411413525561	0.20270568551549498	0.7050743552219251	-585.0075614930946
8185000	4.894887963222367	5.003640905209657	0.8500633439128348	0.5718398982538849	0.2019509403186851	0.7104674198216883	-553.7402261056759
8190000	4.634159871813857	4.799531112231901	0.8220830036304606	0.5904600597044757	0.20706742725803753	0.7120776742354913	-546.960136480537
8195000	4.605257442922203	4.916309541475344	0.8765992042247905	0.5730334832508941	0.21542876402605218	0.7306990449855842	-546.8112018894802
8200000	4.35226703823182	5.2297450013240026	0.787614097553549	0.6289969389762599	0.2043002925033167	0.7511230421100743	-533.8053376546882
8205000	4.8593366578952635	5.210126412348131	0.8573499222597603	0.596974178254681	0.2102358834679026	0.7171900012849948	-548.2300552627173
8210000	4.704641033032867	5.636920375743476	0.8408877526575985	0.58353137412178	0.20172584185814085	0.7003654493870538	-551.460412852662
8215000	4.204255037983627	4.553053221502443	0.8861557257673311	0.5647915640765522	0.20778793937792542	0.7501928692873056	-515.6546764598121
8220000	5.441577679441672	6.584126508968887	0.8645494410807038	0.6125983614800401	0.2001888329154024	0.7177331123919062	-517.4479451611669
8225000	5.091473512988109	5.5734364434308015	0.8599727033551512	0.6093003926731183	0.2022473679251214	0.7272227453100605	-530.1474766161243
8230000	3.7484514387548997	4.1177487740774765	0.87968924401831	0.5900612500160342	0.2125457900142631	0.7161920699644391	-562.6838910851794
8235000	4.704769543538851	4.983010594326432	0.8391445651048074	0.5465433907462702	0.20951347270461546	0.7267067081516025	-580.1719978832516
8240000	5.133307923976427	5.6169788521979225	0.8284186662482037	0.5578840031390107	0.2150688395149372	0.7221337414659075	-560.486001141625
8245000	5.089774306777263	5.114466166260228	0.8869113479795246	0.5135424808179601	0.20394994217384263	0.721508733208066	-562.598951046412
8250000	4.35278192549811	4.888155872726249	0.8989288534935235	0.5687893292374389	0.20311354293345762	0.7491482586701047	-555.9997136679414
8255000	4.485729227394321	4.709467631854727	0.8906364799958135	0.5241980821569254	0.20619424125216593	0.701551182096684	-591.1716143896228
8260000	4.5352828753353815	5.501322341891946	0.8491011810946618	0.6058530913027519	0.20104213344547306	0.7405127331341305	-569.5169677861443
8265000	4.676363402510814	5.094243886434594	0.8821740471419154	0.502430342506997	0.22807481539857447	0.7052461347009877	-598.5759503940787
8270000	4.131086337969789	4.276364057339169	0.8490191043679955	0.6187974687269382	0.2010693799658147	0.7167537254364144	-526.7342722651337
8275000	4.124149318695001	4.824636901775288	0.77148864795143	0.6100263775825258	0.20838386680143228	0.7160542965315487	-553.4842344304427
8280000	3.9088317800073886	4.4067972349509414	0.8900483631172468	0.5535077994676745	0.21077445965723396	0.7024244519773002	-546.3070331237387
8285000	4.343038724332814	4.355308025604481	0.8179233135174472	0.6179935872354515	0.20058087322144605	0.7310672193623594	-539.7504383148347
8290000	4.104393970645214	4.452733678293881	0.8552636872062248	0.6200212269841459	0.20117836588150353	0.706530637107769	-508.1726228273259
8295000	4.494348964618697	4.503164939023262	0.8586786753921906	0.5846694508177652	0.22278576318135615	0.7426961154351999	-505.22986272913664
8300000	4.3381962965052665	6.104500211251583	0.7883419315367252	0.5891618856927797	0.215957428312083	0.7372623450626019	-530.3491147939469
8305000	3.7564948841825667	4.589663451433328	0.8691391686047899	0.6217204199054963	0.2062145900608377	0.7386747815285258	-488.65280998268986
8310000	4.242129489053694	5.191723332879458	0.871782432579613	0.5827413900247796	0.20141173311114283	0.704092773769155	-494.7164061005277
8315000	3.835949519575451	5.1722930098584685	0.8522447188969322	0.6079196999399096	0.21004112229563446	0.7364874234520618	-534.284306534739
8320000	5.3467441026901374	5.4342478872096045	0.8950906376211905	0.5654635405101084	0.2021763743686942	0.7276094957941743	-531.834448604442
8325000	3.804816883153261	3.8275694854209235	0.8603795743326763	0.6164216013978046	0.20221470555300677	0.7765588242126167	-518.9254857310419
8330000	4.088146989918832	4.106292032104443	0.8547621014816371	0.6492618324077248	0.20701044524777293	0.7915694010251806	-495.66442957638344
8335000	4.129443507291719	5.885553913991785	0.8750420237815043	0.6017697458052761	0.2044305830417755	0.7094911871652185	-504.70904322210947
8340000	4.890670770392023	6.01442866820714	0.8510265389568107	0.5617169350794721	0.20027384695534156	0.7052451257647376	-549.9292368744377
8345000	4.904825752245843	5.0616535501254765	0.8488813438647929	0.5813423344823848	0.20119561405866868	0.7243600582572302	-548.4691316946744
8350000	4.248106434383469	6.397844093025958	0.8895494312051649	0.5483894712073634	0.20682664503342063	0.7002863247634102	-549.1604441099123
8355000	4.776616340974528	5.080560379133426	0.7874960811958769	0.5853756334540925	0.20282055481958178	0.7187792979129327	-589.5476090362738
8360000	4.575725681452117	5.004670367731302	0.8993365494884078	0.5061389352775356	0.20050491264218026	0.7009612947336009	-614.7592708946927
8365000	5.008627784147213	5.172470374716688	0.7949679626754691	0.5410699898043861	0.20529316864797917	0.7125175724927327	-626.3088942818832
8370000	6.00440177904198	6.0788715057631855	0.855898751100334	0.5282887496936376	0.20610648849718366	0.7000767893440762	-631.4651694388866
8375000	4.157363062444446	5.037864595994883	0.8441346993991398	0.5565941047219677	0.20285873481752748	0.7680409903254042	-625.4462106401144
8380000	4.859741348244292	5.393599069592279	0.720154780821856	0.5756140052693569	0.20858713046246088	0.7110470166181513	-620.7606032007926
8385000	4.278110527073807	4.453079438030435	0.885958475239551	0.553738363208425	0.2003934411926241	0.7717379571548619	-599.779406827862
8390000	4.4519587821969	4.952076046341194	0.823898254195965	0.5926649154127375	0.2130544765396892	0.7008625267583221	-572.4441191588759
8395000	4.073997800170152	4.645118443124525	0.8371340982652099	0.606670974153134	0.20065422791951887	0.7247271842492328	-530.1148563130674
8400000	4.1060444048107625	4.247919177573651	0.8815787530093612	0.5887647169937111	0.20181612059148032	0.7094324041733666	-545.3723532778364
8405000	3.5832859961699923	4.2930520725631265	0.8974297383660336	0.6072458283023852	0.20084453950644338	0.7177740232493203	-500.19805578502564
8410000	3.6251201515558087	3.7159907855098044	0.8478036455126869	0.6276746316119621	0.2001516278155975	0.7242510475805851	-519.2191300174753
8415000	4.583966874609439	4.743740662560289	0.8308395564140229	0.6137156959244435	0.20470397774348736	0.7441910924050735	-503.21257592918016
8420000	3.9885485568378516	4.899742990500352	0.8934685844412226	0.5867099240925512	0.20390799950358307	0.7516179002162806	-498.16060048744794
8425000	4.226861440655234	4.518684005073373	0.8079526319671229	0.6437819631609197	0.20766739421969285	0.7600634488362922	-490.2269985639459
8430000	3.6393954931473522	4.739887734413876	0.8850935743095436	0.6373254642911144	0.2102816061012689	0.8495578922700124	-473.8598941394769
8435000	3.9135858642125663	4.098828272575586	0.88148893055574	0.6149677269132219	0.20370940474670265	0.7251506019057192	-503.3890860611954
8440000	4.966521444705344	5.672141951363887	0.8761282178457257	0.6077227821081896	0.20774156564145768	0.8128047561692223	-517.7915152867464
8445000	4.349507511662669	4.470053118740894	0.8168690283471397	0.6240228810993632	0.20004209033156806	0.7198414207821625	-508.56724737584454
8450000	4.476501907703919	6.182223417298689	0.8334222269438738	0.6379397274408403	0.20475658378359757	0.7394870586609708	-494.68366323778633
8455000	4.839532181118812	4.8830352224023645	0.8977587985126282	0.5742170437263621	0.20177416294236153	0.7497567042655352	-526.6380553872724
8460000	3.9622659540213427	6.624951110979321	0.8503522292195476	0.6182570634791905	0.20992536926854896	0.7119827344065819	-512.2966093423399
8465000	3.784142730279335	3.994540600174188	0.8868199817757128	0.597988631228761	0.2071335753189744	0.7339340271545746	-522.9093284094592
8470000	4.12491350486716	4.400571502502678	0.8971979517959479	0.5966940078848157	0.20314398351434876	0.7233179819615718	-523.4057434074228
8475000	4.602433755211646	4.696965801898154	0.8712761368584897	0.6121561616938435	0.20483906440294472	0.7114517705392507	-508.5586992979323
8480000	4.389431760891907	4.515744386093172	0.8648410290216424	0.5775258802529393	0.2035834216325153	0.7186785831194189	-504.44382892710644
8485000	4.329955083087485	4.652297086766012	0.8688703119606055	0.6081645938561542	0.2090318614346446	0.7431009177798736	-490.55931524400074
8490000	3.625559344554969	4.1161315787969865	0.8747819611247345	0.6336518224277526	0.20053044953837668	0.707568222222317	-466.5273830161565
8495000	3.4978673897271553	3.6721046668340844	0.8827491883591975	0.6631799527422729	0.20102937180109812	0.7415405629254066	-439.58978923451696
8500000	3.5733808841525123	3.754655991636094	0.8270611561522068	0.6610600893085403	0.2002918248311504	0.7328842251722184	-452.83204661931563
8505000	4.309938305672755	4.648610258676971	0.8802125943589519	0.6019241977969589	0.20446850739987538	0.7381631450630424	-474.96929191570206
8510000	4.0304137747022954	4.177563967717835	0.8450488803719398	0.659427670703357	0.2010391962941994	0.7709353262142363	-444.4371765046502
8515000	3.867022669405253	4.84902223015392	0.8448524533758793	0.6712276430495495	0.2024579537031795	0.7897213458250953	-434.8537470184491
8520000	3.951068601363197	4.178426366124783	0.8384588891254583	0.6428317945259234	0.2001404424526192	0.7231542266574446	-464.1947166897039
8525000	3.6865231587884626	4.43498066398726	0.7712833687260535	0.669473400517389	0.2003537993536956	0.7663074816799912	-466.3777427229723
8530000	3.8504729362538734	3.900054186992063	0.8797888762896512	0.654266503350751	0.20968483968801416	0.7413819130800062	-433.8202837539237
8535000	4.264968170182795	4.576525297306546	0.8514015487204066	0.6381466065490917	0.20574062518773542	0.775627672892338	-442.3110824104474
8540000	4.442281732535685	4.842087956097083	0.8805553937913008	0.6497788617344329	0.21183285838932045	0.7648465017836571	-463.1007930513813
8545000	3.7338867041044668	4.0637860694995585	0.8985866874608252	0.6047137018838198	0.20455100123202893	0.7016098486967898	-461.2559629628185
8550000	3.8392593469603367	4.631968748368011	0.8303916984129319	0.6440250607926006	0.20190714195083806	0.7822072672834813	-462.3813040921819
8555000	3.6040646183446405	4.7122154702025805	0.8841023511957542	0.5787715349178786	0.20627935233968603	0.7034310631265357	-513.1197330072694
8560000	3.992151178225373	4.255532683935337	0.8849192251060164	0.5837238100794396	0.2037838693045959	0.74624868203359	-518.3723945222252
8565000	3.9107437410419355	3.950097478549044	0.859492455089085	0.6173227401862946	0.20190444047044676	0.7136104104235849	-495.9968299870615
8570000	3.884154737218118	4.593760358564815	0.8664809391598665	0.5901343929979698	0.20057149937279373	0.7168927440337027	-532.1134751546297
8575000	3.916936710755085	3.9361491204112555	0.8824273441207873	0.6212489336802016	0.20020189565812363	0.7110272442554818	-495.04675500728507
8580000	4.190825570023576	4.397586334013428	0.8122959186711942	0.6522828409807093	0.20144113049301043	0.7116799396632155	-446.4823526431693
8585000	4.034047541803908	5.211253501568573	0.8744678928766197	0.6691093591078006	0.20145922482134648	0.9051083017458934	-391.4663715018847
8590000	3.820385337442619	4.07620643160603	0.8449176523906611	0.6965483762678649	0.20004407370864907	0.7398610866815221	-400.85638474906693
8595000	3.5090423939150535	4.3698434474515375	0.8930277436694936	0.6322202742712726	0.20867304835998096	0.7604981857984645	-448.1225126354099
8600000	3.4813160484867756	3.615114757030015	0.8496131644295025	0.6683856353187092	0.20215765077578496	0.796540370192189	-418.3538033292831
8605000	3.973240357781717	5.212609471588441	0.8487217085338956	0.634328762312878	0.20227181435524264	0.7959472720857538	-478.5889696303847
8610000	4.009072339335953	4.209294532757624	0.8555264431118236	0.6254854235863861	0.2009544455583959	0.8381290814168747	-527.3377656678648
8615000	4.300155622245727	4.372613692739009	0.863646596586425	0.6333516869464716	0.20152097567844052	0.7613808404637435	-469.63869764058285
8620000	4.319424906065881	4.423963206771192	0.8901083817625529	0.610501248502081	0.20833241195487404	0.7151786982634355	-498.77878101164134
8625000	3.9141162721753093	4.190353960599455	0.8384340332002369	0.6288323316139857	0.2000355385931867	0.8208717610503311	-498.4958630544263
8630000	4.062736387208116	4.771568985774693	0.8935700166333876	0.5862569870875528	0.20276253596764615	0.7474551156468099	-500.0195406131629
8635000	3.79292612120236	5.102988092593242	0.8295762828027468	0.6369939221554293	0.20081819346932986	0.7049683321245706	-482.91463011802875
8640000	4.297703581918093	5.134961719806917	0.8716110666210971	0.6085431791804923	0.20279071994578626	0.7704397837504816	-505.81463160654727
8645000	4.413853973371627	4.50328400375752	0.8475245493410635	0.6255371839056325	0.2029209027633934	0.7408883952655896	-454.4881093705593
8650000	3.7060162522303126	3.72891323049152	0.8751533369047056	0.6314242423199331	0.20291452176390815	0.7414444240745833	-480.6937436855694
8655000	4.05201111369467	4.939631638400566	0.8883592686204387	0.5906166110580373	0.20679682236120642	0.7615045809588233	-514.4514933696814
8660000	3.893530236875004	3.9718325589840626	0.807145230538127	0.6269625471533742	0.2020766449682407	0.7196560434602437	-524.9929043807443
8665000	3.918288963900891	4.376054164819436	0.8709923124282479	0.5439685044218575	0.21656036196970563	0.712255697419317	-542.9068889178575
8670000	3.5137626726614735	3.688291374370079	0.8848677199785654	0.6171235896940636	0.20392874890694584	0.707144013030371	-519.5832692967217
8675000	3.5953732677028993	3.6184857684447347	0.814723192516615	0.6338869818501307	0.2042587324333021	0.7193270589719937	-485.4588117352922
8680000	3.7263564977997183	4.511445319608889	0.88576238474183	0.6047753392740469	0.208768954174688	0.7022531983964518	-498.719241697875
8685000	3.5730343412202368	3.9514332689811105	0.8846783818268013	0.6471329816731644	0.20395706578130401	0.7056178559933713	-448.94674848679915
8690000	4.031000042311481	4.068572323606565	0.8788640889526257	0.626920209751966	0.20174892827593474	0.7844282287200327	-464.10920775678073
8695000	3.7950089150096944	4.036278773938095	0.8202784875277739	0.6766532508118505	0.2041584346538122	0.8359314239526955	-428.1596036308442
8700000	4.359553897291533	5.004797963957989	0.8740136844858265	0.6288911621701657	0.20043785938868494	0.7431886881773209	-454.0068188176452
8705000	4.211212554104619	4.721198186841849	0.893120767699375	0.6283120326004656	0.20074508535568106	0.7513164951711409	-448.9978943482319
8710000	3.8392569317264793	4.2612937651959815	0.8914666559512721	0.598396405351609	0.20107754929288657	0.7214343460270226	-476.77805179765625
8715000	4.640782864699694	4.775443410614854	0.8864439935076588	0.5879396216585091	0.20312426121009075	0.7107087721357219	-511.90736404495846
8720000	3.856602515326479	3.8772445177932573	0.8918515458721135	0.6055010016748948	0.20206103215720034	0.7698382734140781	-504.3726489453989
8725000	3.6990380054572087	5.601202117391591	0.8910585743158104	0.5946451776814362	0.2005606947759234	0.7194647129169232	-496.3215416175489
8730000	4.6433426286134045	4.692325581581656	0.8051240923169932	0.6413497101754397	0.20348157371512257	0.8335148458530403	-482.64080458503355
8735000	4.151998335792121	4.421040728141919	0.8928668035792285	0.6479296768975554	0.20136277740096337	0.7883097151510324	-449.0519681340855
8740000	4.638067018937935	5.042496863557659	0.844516864723744	0.6311379527407497	0.20230192572409708	0.7068363730324685	-456.91265169425054
8745000	4.780285675523876	4.985719798645712	0.8870970414146291	0.6120773426371814	0.2158214311822257	0.7786007706762216	-460.0441249752618
8750000	4.327196222294358	5.516157975233594	0.8850446271409517	0.6548962984849117	0.20049151890593697	0.7303729459797995	-468.19235157154793
8755000	5.161003851405543	5.679086039737068	0.8134311409937806	0.6457026322261386	0.2028896859785833	0.7991267241195767	-472.1904149723033
8760000	3.91251069557139	4.4885754951820385	0.8544480007182597	0.6237452753986484	0.2050076228096747	0.7102553122935833	-450.6941639442445
8765000	4.582892497820811	4.810484947986512	0.8864738477101027	0.6476165319748561	0.20475614172771053	0.7502565385770127	-426.7307346833049
8770000	3.6766608549359687	4.185826504678742	0.8621536611411966	0.6488650018852271	0.20618013461136114	0.7631541933931258	-423.3796444288994
8775000	3.8284973013279253	3.9611096760816866	0.8893650091890037	0.6468476558769894	0.20367886868261034	0.7287393127278307	-405.9700577849239
8780000	3.8385319933727255	4.2538767623803615	0.884218618788487	0.6629645797449675	0.2022122217846837	0.7384051402223273	-400.2706857989986
8785000	3.732697377508292	4.063375412299355	0.8547585273609136	0.6745864524443471	0.20049256608672653	0.7471630132253765	-439.50676556003253
8790000	3.749200886260996	3.9297835972510793	0.8887595229191666	0.6006372063037628	0.20782454913980197	0.8647248344193201	-483.49712043938456
8795000	4.112879771249763	4.343418062746222	0.8706838624573704	0.5882825774558271	0.20048419145279325	0.7476012433177136	-500.5726515596775
8800000	4.144891713244288	5.94920678367491	0.891008544021354	0.6115531002044	0.20693493458527293	0.7100745741301422	-474.89568614317847
8805000	3.5690496468242534	3.6195226822056563	0.8955669881626622	0.6375567333336776	0.20101838132488073	0.7626514963141081	-438.18151055099605
8810000	3.572291344075368	4.9597226509805035	0.8931671618065745	0.6287293076636972	0.20206171765366027	0.7121408680352449	-437.9862526197746
8815000	3.4072666155551583	3.462988569075563	0.8939020111137607	0.6204227222888796	0.20007395111572834	0.8428139595750345	-444.01983191033605
8820000	3.666451721244073	4.023610169482428	0.8766041347936064	0.634164318136902	0.20446642809539467	0.7491721579944135	-469.13239895736496
8825000	3.4824999674027737	3.889620951284061	0.8762832242228971	0.6577107004912885	0.20096654932484084	0.7629930332795942	-427.3493315517647
8830000	3.38829505824506	4.389586589676995	0.8717105291309699	0.678222294808077	0.20344701977559065	0.8894138504316217	-395.9711227146706
8835000	4.270240495586742	5.1112080161861275	0.8378172360493662	0.694576095811981	0.20263518196733635	0.7469205128379658	-405.1874452105831
8840000	3.5069317668505398	3.846184028232404	0.8870146459147086	0.6796706649566967	0.20242473733731953	0.9371356720670585	-402.32330647212683
8845000	3.8838987845785398	4.3080163682132095	0.8977757926803311	0.6448935420437247	0.20629110814896862	0.7127348916146345	-399.39684879377904
8850000	3.454781433248626	4.193406924999234	0.8998617997467683	0.6203945792023684	0.22449336339092835	0.8475792110284786	-413.5894147486963
8855000	3.9685913455685347	5.337407115536877	0.8586869977556767	0.6649447720925011	0.20304560533136887	0.8155584308167969	-435.0706453398852
8860000	4.137762442316251	4.510554534959303	0.838335330122377	0.6720151567793164	0.20231644219037503	0.7672430549113094	-441.9797561664205
8865000	4.264573540688384	4.431098745929029	0.8849552723603633	0.6182035499765106	0.20018363577335643	0.7183255925270111	-503.73628439180374
8870000	3.835102763241403	5.655789300903637	0.8584503530707085	0.558708078373747	0.20057490583238746	0.7164213121448686	-530.7182393432475
8875000	3.7219121510150504	3.8499260241184086	0.8558219897941478	0.5996908610349715	0.20300530996206517	0.7041759806420852	-537.4734252244202
8880000	4.1736302305305255	4.498205333000951	0.8473324267967715	0.5987623455999173	0.20468912539553125	0.7279525725507464	-499.1906844550189
8885000	4.055234803822841	4.254501071654494	0.8674742779765603	0.647614838995453	0.2011172596089145	0.8146787747409586	-469.7351386507943
8890000	3.9668014400344545	4.2570575562304125	0.8754894438969013	0.6011085702300297	0.2014877383801633	0.7875438150320417	-468.05831593301485
8895000	3.879152664920174	3.9645321860900915	0.8948025154337456	0.6428316865328145	0.20022278771741872	0.7718950775614458	-453.75247055781824
8900000	3.747101938273841	4.4386715783028805	0.888662404302785	0.6385883326564903	0.2016823909613895	0.8439261860205626	-429.9140133551
8905000	4.1443332429562965	5.636883289874139	0.8728121897915891	0.6342827139463384	0.20195591020670284	0.8048529450679902	-448.71656698316525
8910000	3.690349234185948	4.181037631077868	0.8985049533798891	0.6647038254878361	0.20066591490263733	0.7618369694580829	-439.013674549826
8915000	4.055110508883106	5.065756026441625	0.8767113270072472	0.6237559470436189	0.20384392431691126	0.7041853383553894	-430.0760218128386
8920000	4.068234549925172	4.754291833324097	0.8573108332143023	0.6321217606544591	0.20434983233426363	0.7832853822111864	-452.5585151496798
8925000	3.709852334567283	6.627800838463531	0.8410507791863143	0.6313327074300387	0.21310131890964107	0.7423399541587211	-447.9616222586074
8930000	3.38829505824506	4.797472922851662	0.879272475716146	0.6130366521343105	0.20900186227779669	0.7674558812718933	-482.2799859140341
8935000	4.002679035168962	4.652379806468483	0.8595580892213127	0.6345324038273128	0.20087833013640446	0.7141527695359776	-469.088755924248
8940000	4.023877030845611	4.53334528214028	0.8912793772645814	0.6205910347887929	0.20202209116548564	0.7459563994673882	-453.9648701215537
8945000	4.1776656739582485	4.570821667932969	0.8977214945925713	0.6010925473980043	0.20198706525407825	0.7034042858862787	-471.57211735746415
8950000	4.423196402120903	4.754884233244413	0.8853410287748579	0.6439572348531258	0.2008528561133451	0.7987734943965098	-453.1175300041003
8955000	3.433695614893737	3.6088219900315144	0.8821279784988318	0.6261718026368385	0.2035553972558331	0.7013174946830959	-482.2009591792043
8960000	3.4195416608223677	4.040810397810417	0.8545019531393071	0.6162613458080388	0.20073477559860897	0.719285178172592	-507.5711825901544
8965000	3.556136803756894	3.6583377702697075	0.8974328446998177	0.5923889148096174	0.20077549129650812	0.7112337722644705	-525.9093612080433
8970000	3.4955105372631454	3.6843183675491624	0.8635189685772963	0.5993735138100653	0.20544584759324283	0.7108513531652433	-526.0128991307939
8975000	3.728260292614963	4.323228763180449	0.8287230766334034	0.6334221212124719	0.20903472298448045	0.7813498051896715	-528.156488336097
8980000	3.9158861583356344	4.585769322385197	0.8929429274130661	0.5620935810132034	0.2102578463097364	0.7755125824682451	-517.673024546368
8985000	4.70447122036649	5.610755008362252	0.8466591494114319	0.6312241619514017	0.200288271340059	0.7342369670454014	-517.1071364320387
8990000	4.133391304167267	4.257172841818147	0.8896935983470751	0.6113803102913837	0.20005442823102695	0.7134395959335311	-500.32932363252905
8995000	3.854550940165041	6.040511832839484	0.8822476392276789	0.6227773181177995	0.20119400397582904	0.7341787413200033	-477.8767104915122
9000000	3.692819835927869	4.1282584687606985	0.8278380897747057	0.6374418761944411	0.20044638529178138	0.7179805829130281	-481.375759819316
9005000	3.4750929616982282	3.8272799145169705	0.8962325732773729	0.5870854458037883	0.20010249594315796	0.7591073739168542	-490.386295048945
9010000	4.67768098054502	5.002582333496776	0.8810547673229244	0.6387541673094745	0.20025712684649832	0.7037505926974704	-462.33806853963364
9015000	3.566502172976545	4.874142672405765	0.8165571314854886	0.6335611224089776	0.20048322786182754	0.709692610147482	-485.94628754321616
9020000	3.616600763218545	4.897674743711306	0.8291445531187821	0.6516236595472504	0.20009095635248023	0.7381985341055518	-480.04631576168117
9025000	4.143192593899469	4.804575686833529	0.8868667844515471	0.6061489670668869	0.20653309558800093	0.7413716645529623	-466.86869814460965
9030000	3.8428126267957188	4.034859888143542	0.8650844394157572	0.5753098998246351	0.20223260035052087	0.7344346916751849	-499.39374569429145
9035000	4.295850884345348	4.977497557210317	0.8839604492407421	0.6156811282048759	0.20114846242390433	0.7721026389063215	-518.9943829385646
9040000	3.79491550423317	4.429504399948883	0.8037574495469448	0.6262444169835553	0.200386646339891	0.756087660756297	-488.5772658877327
9045000	3.9039451749066933	4.044800189570829	0.8857881676183187	0.5579745007930605	0.20452605494260867	0.7011733806148195	-513.0795126473118
9050000	3.761572870785697	3.784799606401973	0.8786334337754994	0.6103219076738982	0.20269898150457047	0.7568351738617203	-501.6219741485113
9055000	3.648559493926356	4.336724636234315	0.815151786187171	0.6608285374791654	0.20514698831357406	0.800485509813637	-463.4918129686649
9060000	3.9252709133521853	4.0640137882220175	0.7083019077073752	0.6711192702338005	0.20094551079911596	0.7664287454669245	-509.7161466061941
9065000	3.936108984966477	4.029427063504883	0.7658194753618921	0.64614464350481	0.20528163857338314	0.7365620799560415	-545.1164391466423
9070000	4.087808281213064	4.135736386405061	0.8397423639754674	0.6195967766406141	0.20032326643190224	0.7002936255896193	-511.46106497786303
9075000	3.9869505389039985	4.3789855882300674	0.8754095659708087	0.6013885980445977	0.2023348167051968	0.7317299176157046	-458.85844746124474
9080000	4.750781304297553	5.3353248610044695	0.8718221913123355	0.6483399979051067	0.20112833298879132	0.7575045668899844	-460.94481693780875
9085000	3.9789060427729006	4.379110979791806	0.8605503231772339	0.6430451030408142	0.20052876340532902	0.8061446680507205	-437.1060802424429
9090000	4.115672840060825	4.536508213301776	0.8644870744076483	0.644239506222205	0.2046360212933103	0.889473533937385	-432.9867477803604
9095000	4.213615001347357	5.356175004228977	0.8949200443822637	0.6815124377534203	0.20211948222668794	0.9264233147939602	-415.1198081736208
9100000	4.100629294036784	4.352213250951225	0.8836229693955698	0.6758467743343356	0.20295932338776018	0.8301284668201536	-388.86334847788413
9105000	4.040819872778992	4.257913937378023	0.8734129955473768	0.6350001527756256	0.20190760686987455	0.8785458250281154	-420.0496433614186
9110000	4.014588180023705	4.6193367130545715	0.8582376573118621	0.6836798067072537	0.20178841351382706	0.7446356240970549	-387.80489537470606
9115000	3.8608663081485917	5.223530995242415	0.8361196071890306	0.6724676125184776	0.20055795238244228	0.8264446687886653	-427.19789085043595
9120000	4.088389121463583	4.27732723682849	0.8120588182419125	0.6980347537457203	0.20070533223933698	0.8515632373776525	-411.1598191195894
9125000	3.55896622538998	3.722119731767496	0.856024941049999	0.6581072607554003	0.20126166565676626	0.8063627317049091	-384.7031421708066
9130000	3.6800956225963533	3.83143492513591	0.7928497805959023	0.7105088606160975	0.20023415518776633	0.932185018385719	-382.53834282139496
9135000	3.8879931432385626	4.005068909117207	0.8365345501053866	0.6524690305952993	0.20041956062315505	0.7485470258115691	-449.57760218812507
9140000	3.6766114379185826	4.266692697837105	0.8901415102155656	0.6171535792771718	0.2027619129348834	0.766132652522818	-458.5979403269672
9145000	3.8860194336825913	5.683459684923381	0.7574390195107985	0.6296156130663582	0.2024414038913768	0.8401377995618222	-535.9312859888552
9150000	4.042926399238318	4.903805083219834	0.8859698027837697	0.5315507244195355	0.2123839530630636	0.7179323608432979	-553.0453409734904
9155000	4.452293441523685	4.86295598065033	0.8865938341617343	0.5961220064667669	0.20210590491723557	0.737045872889673	-546.2988476503335
9160000	4.9309739473116645	5.411639766648325	0.8992787924821657	0.5923909549497505	0.20738820377561457	0.7044824542900019	-535.4943369299172
9165000	4.213868750652765	4.587500208772743	0.8832785960211889	0.6146972994206183	0.20661016557144168	0.7228673437968834	-498.48025756368696
9170000	4.113374673079464	4.1315273279466584	0.8526315191460168	0.5999345533284851	0.2050663331966665	0.7087382079877719	-515.9782412042097
9175000	3.7523875033633374	5.000899866828796	0.859739863326765	0.6100470619115758	0.20113333030883582	0.7534098095386196	-520.9483094676104
9180000	4.347955862906246	4.366555379725937	0.83712805284381	0.6171508325462333	0.20403041747801098	0.7272024077727092	-504.6314939712392
9185000	3.7354075727787723	4.292368038598051	0.8416617610780744	0.5772821847861388	0.20058791482682906	0.7068386624258358	-520.0544030753928
9190000	3.8355076472377476	4.019737860092242	0.8650402168241135	0.612937550355988	0.20101605765745525	0.7217302344763388	-528.9473810888021
9195000	4.468985240637229	5.726929343590337	0.8822545332348786	0.5842020876215888	0.2037047405402701	0.7470300561555333	-557.1317235547764
9200000	3.9704075158650376	5.329481031976072	0.894208450789241	0.5599025242244874	0.21759074866313002	0.7598420480075861	-550.665889529863
9205000	3.8342958559870897	3.9178511205750257	0.8110910698786391	0.6052117695448277	0.20014452660036947	0.7100739495534137	-557.9981150682044
9210000	3.682616688279559	3.7593927660664073	0.8565289337746083	0.5695701969461483	0.21371661058522662	0.7190721900266753	-562.0799466645202
9215000	3.8462412775093924	3.904855331886908	0.7708000063828511	0.5678526068202393	0.20493876879102776	0.7218199385089296	-560.4903385578425
9220000	4.3132034851870955	4.584331344523858	0.8667383946629776	0.5582676672860853	0.20398507848329894	0.7016926156263574	-577.4416784801509
9225000	5.490738388273222	5.606333690982307	0.8395207112568825	0.5809158656381932	0.20037717753643194	0.7129225890160003	-570.6127871767175
9230000	4.196947917899334	5.817098614569818	0.8796956646478721	0.5807351573510754	0.20054290377699266	0.7338669230798642	-538.323505609962
9235000	4.46212526744095	5.739304795961536	0.8948388499235888	0.5807330454830893	0.20718129503327648	0.7506693452687961	-525.9391121432544
9240000	4.205485627144842	4.634620163154919	0.846901419935604	0.6113750494645626	0.20075609952401272	0.7097657165284678	-536.2109562527243
9245000	4.49570029118459	7.0035964403905595	0.8397065694737659	0.562135840838434	0.22044132609953498	0.745994061258412	-584.9802068367742
9250000	4.231536581402155	4.374583502638595	0.8576068340748387	0.569235505019294	0.21398214660572148	0.7293185141935542	-589.2116084054029
9255000	4.584185098945362	5.491731419593927	0.8896515688226362	0.4978036255419614	0.2002982468001256	0.737189891841408	-598.911222587927
9260000	4.148519948226323	4.859589730272282	0.8677316236204835	0.5245017557141127	0.20095864022274038	0.7092485505228164	-607.5543991170147
9265000	4.423811775288703	4.8907693564336165	0.8714011620287229	0.5443095509761979	0.20226134695301007	0.7116896470865556	-579.1817488184835
9270000	5.066767739748838	6.658151993949535	0.864492462465031	0.5134406821368935	0.2001046894841532	0.707685907464279	-623.4030737440622
9275000	5.476087558887926	7.482519222132965	0.8628501807749753	0.5137214398095676	0.20625758472750522	0.7169053224584413	-633.9055141822522
9280000	5.136563704617119	6.02116159006368	0.8092807013385729	0.551154149138691	0.2019805586578234	0.7051367537866555	-647.7409776006887
9285000	4.817412041166444	6.5400396892812624	0.7709524221434955	0.5535999218505983	0.2064374730741716	0.7010096133573672	-645.6191854075137
9290000	4.681887308295653	6.194904979490019	0.8783786080804405	0.5229017498560941	0.20018531633823822	0.7187683269405771	-617.9723304203566
9295000	4.32281417981176	4.889317163427004	0.8405648804461994	0.5682063853148305	0.20187609015782723	0.7221096577408863	-629.513926162321
9300000	4.877525302878164	5.130494767840926	0.892934606200983	0.566298993466675	0.2008792590452734	0.7216923330930555	-572.6427741783122
9305000	3.770080002732124	4.547726317104224	0.8704077782981465	0.5978359748932627	0.20101941358780354	0.7108050270851162	-530.8791550843681
9310000	4.436668550096262	5.303735493353891	0.8882601440524042	0.5797345509021751	0.20228961244920754	0.7102129963994298	-526.8804237262076
9315000	4.4369155618728024	5.130849022413229	0.8973234188068759	0.5773462839023774	0.20077838183825059	0.712321781048874	-491.50309027547144
9320000	4.6714828213230755	5.19436819871197	0.8795537434006351	0.6084089702764487	0.2036770286210681	0.7082742905945713	-477.11541162128015
9325000	4.562478481235349	4.7471037162797	0.8551599248905271	0.6166039282960729	0.20066192084716913	0.7222540579799888	-497.0459110060988
9330000	5.104164987989876	6.367482420856043	0.8934651894280748	0.5882110560387992	0.20082752369002954	0.7224033041413652	-526.4460413530309
9335000	3.8394089328545937	4.845630535277839	0.8293900259947294	0.5791723231361591	0.2069763283037628	0.7015069592937567	-532.0447983083768
9340000	4.203011802540695	4.69186251464969	0.7465471166595713	0.619777091591194	0.202634970592527	0.7095375301889163	-550.519697621076
9345000	3.632822423960936	4.049391446631039	0.8713535742162957	0.5812232062373628	0.20418236463888628	0.7246285829760322	-520.4411721201867
9350000	3.816328018923058	4.149510651728405	0.8851459177945686	0.5953116498228455	0.20319490991855343	0.776427210620541	-497.5696629362902
9355000	4.160255085376177	4.2404602638307685	0.876572636764111	0.5677683674722218	0.20900449333139956	0.725233294579796	-511.4904102432741
9360000	4.943858870509415	6.8043247584434265	0.8231059025365703	0.5671455134712343	0.20763148100010517	0.7342689491684565	-537.9127161755631
9365000	4.1162332847897956	5.8039136829997595	0.8703567385033274	0.6392788847130698	0.20169943628295153	0.7344697843706938	-486.45923542489714
9370000	4.507267382674816	5.043223673312219	0.8529779815404539	0.6358439974635388	0.20042373331145388	0.7328748471448425	-501.29909637718424
9375000	4.70205671865264	5.551693936755458	0.8948888898351741	0.5686054336320305	0.20757776272292935	0.7434107709060014	-545.5165290914548
9380000	4.43752124405928	4.590543412050522	0.8227080157088257	0.6168435571669697	0.20805750046368973	0.704212485306351	-548.3342820317351
9385000	4.142119524146239	4.235286532622012	0.8516141056651392	0.5834465505584864	0.21197202847652472	0.7187548320522886	-528.7069968780373
9390000	3.7312764301762886	3.753985428166525	0.8920182888889252	0.5647530406657739	0.20101097087757777	0.762528785313637	-519.1117538909048
9395000	3.7005562782022787	4.009021597696838	0.8427661980484821	0.6205574704862559	0.20644428767813217	0.7310234213669551	-522.230830055551
9400000	4.265882834159866	5.266050778020606	0.8524380077580767	0.6232438131834755	0.20283398629681781	0.7896954917719098	-517.4553730989811
9405000	4.64751231285158	4.6539180634255075	0.8014374361351995	0.5579504172699281	0.2034896660287028	0.7481259902607219	-563.9401269821354
9410000	3.9646400813009803	4.4700907819432265	0.8649358143826972	0.5636509603411606	0.2045757328072189	0.7551820638850371	-546.1113936888206
9415000	4.117691939925057	4.450836161981087	0.886604630912072	0.5747622530977236	0.2102811026500669	0.7315995198604406	-521.9129046747212
9420000	3.9130324304558357	4.098096476220126	0.8642151811260879	0.63094771886038	0.2021560069071514	0.7636713103001497	-519.5587926408249
9425000	3.9923063109376837	6.467155418776856	0.8910216832796494	0.6026407482298558	0.2013483657305439	0.7392426288735593	-496.87281298416866
9430000	3.746012681823677	4.330038725278125	0.8727947907259292	0.6209637981730827	0.20354434982759076	0.7688245324987935	-496.80460856583255
9435000	4.826364926668197	5.094452867078625	0.8965090567739734	0.5929661436390553	0.2029638999323018	0.7236053485601363	-488.3361426607748
9440000	5.408575494572226	5.535953899728525	0.8907814496436111	0.6313008620921903	0.2029056488687234	0.7370413920405056	-485.3489686379736
9445000	3.557002369395318	4.1731813779700895	0.8944708528738835	0.6440103841034458	0.2099311578382349	0.7363655722902205	-433.42248258118235
9450000	3.9769889916124064	4.064631685164582	0.8387788157436746	0.6562421434023876	0.2051464710556098	0.7992933167372802	-439.3944724278607
9455000	3.6603314216403375	4.175396923693977	0.8559508183601724	0.6114961119633735	0.21354730557482288	0.7310253954867509	-468.5681431187462
9460000	3.7960818186994008	5.854094333267505	0.8908452235685891	0.6321516291186382	0.20012453906079009	0.7512881634593993	-469.9844921699623
9465000	4.108159632345045	4.466603656916413	0.8505898563012011	0.6427513046131638	0.2005821385715241	0.7716071060169162	-480.7846459213117
9470000	3.8666737125038813	4.178581555809933	0.8572421163407793	0.6109159380893682	0.20232151164651319	0.7301046689809257	-517.2137687744504
9475000	4.152879115704756	4.982239396280836	0.8802596431845339	0.6336191644690963	0.20112303393232892	0.7591509837492213	-498.7798411217393
9480000	4.000579778609264	4.037517041160565	0.8899226777846836	0.5745566768511015	0.20173417623767548	0.7037382327533979	-529.0064973615056
9485000	3.7708443899505437	3.9367024272447417	0.8363573017075038	0.6232982626532757	0.2010747980376074	0.7132953069607854	-530.1023464166217
9490000	3.6125682461551274	3.6579106482562667	0.8517150100384178	0.6227729060365575	0.20910283926541043	0.7369490042081851	-507.3336538917322
9495000	4.08329376780593	4.420877966204404	0.8415428847705272	0.6047551830983697	0.20964905216773988	0.717992146062418	-533.8390482643208
9500000	3.8235665838902526	6.201698650755044	0.8673644998252865	0.5887861806664858	0.2002179755893582	0.7516458679900058	-509.7283916736635
9505000	4.105579033240599	4.458195159066707	0.8677739174867171	0.6185154316186925	0.20006674990390294	0.8195876968162485	-484.076227403598
9510000	4.506826844194655	5.82652369193199	0.7901001296471194	0.637782058547343	0.2009488221627249	0.7443958367755255	-485.422117327945
9515000	3.8942874208651697	4.436624980387926	0.8271352899596226	0.6423080768761478	0.2005670023866136	0.742617550795863	-471.824819831766
9520000	4.80064913334294	4.843566864842511	0.8987250075625586	0.6054172231439117	0.2026779358075768	0.8365055601258956	-486.52331900760765
9525000	3.804153731283112	4.618612479631787	0.8691799557372022	0.6141364626347579	0.2010725335650004	0.7324910698450559	-490.08316007608374
9530000	3.6735973966773154	3.7910678497719297	0.8047618092504158	0.6171510517272097	0.20027841410073227	0.7293451498494193	-500.3023947078297
9535000	3.8343333285101657	4.312129706552089	0.8663026794675277	0.6277213194447301	0.20411585215512762	0.8319518613805963	-486.67823755289527
9540000	5.369418601369469	5.896785646681691	0.7990643543358927	0.61083706262347	0.2140264626067904	0.7561091641896254	-535.9958385626524
9545000	4.403639012803481	4.837447440104	0.8767417530082963	0.6101976057191277	0.20278657874134828	0.7563925376560751	-533.1511379537527
9550000	3.933284540682535	4.296787814897563	0.845088780107246	0.5922855479692918	0.2019504632466159	0.75082482291523	-562.6631266331813
9555000	4.168507890962688	4.245427176451268	0.8798722918222818	0.5472421572645734	0.2031595069034291	0.7141481589121064	-555.0630387082846
9560000	4.975918263561939	5.534489620644073	0.8719630883709368	0.5421911902745368	0.20714322608067165	0.7365984617420994	-582.7622734930455
9565000	4.394326101438257	4.9018769761763705	0.804726856939575	0.5854960639885043	0.21823843434996879	0.703839022161364	-588.5073598460266
9570000	4.043160936155633	4.137414744129089	0.8708134854515805	0.5429221092378796	0.2013043249181353	0.7165071586749787	-554.1131516072373
9575000	3.9517248840626302	5.053832420813098	0.7970820418512521	0.5960776898164195	0.20021648432105912	0.7212577429727066	-590.2075519803327
9580000	4.017882177214247	4.118211530335434	0.8239870259273809	0.5914301783793607	0.20213958836211507	0.7949768227131635	-572.0630124473859
9585000	4.562022606783829	4.8388120730002315	0.8748324142774662	0.5226811869165671	0.2035626745700984	0.7013454063990389	-549.7252075718427
9590000	4.139495638062941	4.230859061396112	0.8618675065756995	0.6130555068663442	0.20079806170216058	0.7494046615513142	-559.0699949595197
9595000	4.766733656954342	6.918204560697593	0.8664629170982427	0.5428738889779707	0.20296057952709268	0.736063707156816	-554.765252189629
9600000	4.004641714134639	5.470763502507341	0.868435384333235	0.5766286746001177	0.2013313688708014	0.7006602673800458	-556.7729925132131
9605000	4.144774459770786	4.337526816740985	0.8879590717616759	0.5917080979493854	0.20181382683382967	0.7105791674951355	-522.4242183906766
9610000	4.165248828075111	4.734889516023157	0.8384454689531626	0.6271423579867607	0.20034007142037144	0.7021605614143033	-500.64784864046896
9615000	4.54530576102134	5.225761426431638	0.8703473671581033	0.5664639932065553	0.2026273571037343	0.7190856890295354	-537.9703335480424
9620000	4.248338008586244	4.640738062442413	0.8342397667106674	0.6109684495082391	0.20911332634874089	0.7036635550211499	-518.7517859995745
9625000	4.354018167057498	4.659207846532332	0.8787829830839669	0.5991583595549266	0.20471153388683747	0.7596147042653415	-514.9780973178204
9630000	5.239301600040696	5.371423441306622	0.8582320218770942	0.5933101621937464	0.20467982901431406	0.7091007710611261	-518.9365757836736
9635000	4.142440151168141	4.5041355232732805	0.8157299923805058	0.6157912889774216	0.2028825218400166	0.725850987706925	-528.3309293521164
9640000	4.4437882194110685	5.8141173982710574	0.8834950777361132	0.5847498784884144	0.20188386053500385	0.7420158085848789	-521.2176949104453
9645000	3.58104104421414	3.9328125000393483	0.8851025405822763	0.6191325476033952	0.20230153477226093	0.7455983127062841	-496.38028857379294
9650000	3.6848731138228397	3.770491804499546	0.897832284360733	0.6038532561452071	0.20160407073775238	0.7030600300611616	-501.42512621059916
9655000	3.5135169208461914	4.071945914795893	0.8668097147333522	0.5927411156800241	0.2048698148595835	0.7130871393004189	-522.0386440901806
9660000	4.1821229077362565	6.426438637004188	0.8670188419376211	0.5213952681111861	0.20391259469582068	0.7014885576986166	-579.2691629898583
9665000	4.320045097422047	4.4732720452139825	0.8833613894699694	0.5661784167375365	0.203564342504714	0.7036502294150137	-564.9022679887019
9670000	4.383885033278595	4.802532150872558	0.7831989228815407	0.5836423784267811	0.20337606385364543	0.7027169110050842	-615.0273174693253
9675000	4.361955727303099	5.089639262657038	0.7997475211238558	0.5680038263648551	0.20849132321079436	0.7043200370243249	-590.2166807812579
9680000	4.793573198859018	6.402024913839905	0.8103329048975771	0.5741754871039818	0.2138580782212526	0.7053317512998644	-590.3068280056434
9685000	4.485393043471104	5.753216784774113	0.8538211991486329	0.5714858050777719	0.20208188108626532	0.7109396420920276	-578.4446956443068
9690000	4.310419464154899	4.619832978217477	0.8746511762522758	0.5850760189840066	0.21026845116375392	0.7336395362084622	-558.0391984614129
9695000	4.117072980236359	4.523270321094599	0.8716725044223751	0.596982907911863	0.20297311218483502	0.7214222100462384	-538.7874707481301
9700000	3.8257864475196484	4.4530019560792775	0.7760474974711866	0.6511411972709349	0.20096986665052366	0.8100115700021999	-490.9889691533932
9705000	3.946588772684761	4.085490837659393	0.8382219940077735	0.6470710027777887	0.2012629240450095	0.7123403516053081	-467.1022445448201
9710000	4.400772418920582	6.538568656516111	0.8844515500088769	0.6210646220995506	0.20084567072402973	0.7053101666352385	-480.89960995900185
9715000	5.239032110220352	5.239199822763829	0.8668669997157631	0.5971212032232505	0.2074293701693493	0.7058303732786086	-540.4328365690932
9720000	4.897793893164728	7.536700851908667	0.8454487177670149	0.6006701407106316	0.20055270251904364	0.7833934616780035	-534.7409068295754
9725000	3.92260462881732	4.164002991775448	0.87704409741459	0.6127537769520331	0.20640415634295678	0.71411913409817	-498.88316064865006
9730000	4.496517337868281	4.632426029825818	0.7415304789502847	0.6539744358225529	0.2053306010047417	0.7323612499560986	-514.0507004957893
9735000	4.420361573037482	5.2240381373912665	0.8958550520131076	0.6141549332798926	0.2013282127576388	0.7909934271731495	-477.8033066026205
9740000	4.391322980473023	4.396395200933637	0.8083918498444987	0.6318616439394991	0.21172640747340035	0.7189174821128577	-513.2359257366969
9745000	4.805920121792247	5.052779698044885	0.890841306397898	0.608242349673	0.2104118856613972	0.7084655053622692	-500.3148883995511
9750000	4.021838120474932	5.632546385008109	0.8134601150894373	0.6348902087275424	0.20152977006400463	0.7307143444437653	-503.9741735649821
9755000	4.096307338195405	4.77328953322001	0.8893866220221669	0.617547124823157	0.2029375268141093	0.7089351305720657	-506.77720284514913
9760000	4.533931904119895	5.0715614538653915	0.8874966241650412	0.6110142959003659	0.2047016981560231	0.7025058058814619	-499.7644125059123
9765000	4.278893046954645	4.603799673438337	0.8712215043398441	0.601292129827573	0.20045021532430446	0.7325382229993573	-479.2521738058438
9770000	3.83367388200456	4.269905971231389	0.8720014512683302	0.6212524555068025	0.20422765716250182	0.8246409395434067	-467.7529799121029
9775000	4.207033484770841	5.1339442589300965	0.8749838104351985	0.6110692745257582	0.204239773072851	0.7330756510661901	-471.24515898668216
9780000	4.136304493408368	5.44940589256717	0.8867370307179802	0.6314884439846704	0.20188701715020402	0.8028517835570521	-446.1687353219666
9785000	3.6520240042213277	4.009741785163721	0.8863691806946863	0.6555691004070331	0.2014099955942034	0.7957628085329274	-422.26992365807047
9790000	3.4977416720322423	3.8424595847525027	0.7928302084832595	0.6882768605964675	0.2151452856695103	0.843012217288587	-421.437967029883
9795000	3.438984641089427	4.730487133531631	0.8893501402373902	0.6170737889200864	0.2050695419765548	0.7423990915228695	-436.759423661151
9800000	3.942647763884754	4.065848899146722	0.8344419625095526	0.6374059198352215	0.2020772014998432	0.766120290085199	-457.03594117667467
9805000	3.905710228960105	3.96359563362603	0.8987536975614488	0.625843690548318	0.2026179558734012	0.7815247626187256	-477.1481835376945
9810000	3.7628692006877476	4.13186978043288	0.853635500472546	0.6494175197114501	0.20313172759097212	0.7821239558300216	-415.5171546099855
9815000	3.461263580124628	3.9312854991702078	0.8357430805684851	0.6662369369231618	0.20042429078604518	0.7179474506982533	-419.0128737023001
9820000	4.138477431507178	4.191370901080222	0.8727867126752532	0.6698623767319806	0.201944104927688	0.7502890211815454	-430.4771532194694
9825000	3.8499675272107776	4.403730293196026	0.896088606556331	0.5870909898386385	0.20199693261432178	0.7153860624874115	-484.3209273052037
9830000	4.014941017773518	5.3280701976658875	0.8469595937464376	0.6348321695415438	0.20507890981544605	0.8108034182529871	-490.16981760717624
9835000	4.185627971939089	4.5242791706263805	0.8966458143573748	0.6169487783190877	0.20048013533870543	0.7030668929564535	-482.17120170546707
9840000	3.7484001518396184	3.9401141663924344	0.8391603320105548	0.644028507917469	0.20137657723021515	0.758544788376038	-470.0697795021459
9845000	4.147974794532557	4.552549550670611	0.8576861812439054	0.5974492929924645	0.20339687929317854	0.8086531419761978	-521.9127105756639
9850000	4.869102562863641	5.356267468056209	0.8925872376452672	0.581489311435842	0.20873276496664903	0.7047795738468855	-542.5084650609782
9855000	4.380533635777632	4.673017647857235	0.7801272704713467	0.620955674409111	0.20530841938473504	0.7315664639496866	-551.3017837007893
9860000	3.89595677495116	4.567289314818949	0.8989652777807091	0.566351105422069	0.20135311335831543	0.7324069609651686	-529.0884434377144
9865000	4.332497000660428	5.115292753561136	0.8649945084289717	0.5873015685646454	0.2045375450650119	0.7167807225865898	-534.4814372213921
9870000	3.7214647588454466	3.9978162658805045	0.8825015583776366	0.5654664276976076	0.20025146509263056	0.7375679191950009	-552.2355267679118
9875000	3.625689454901339	3.739803420686089	0.8967239127980438	0.601186311696595	0.20106873376710044	0.7219702046187774	-497.7217694998845
9880000	3.8697160772483143	4.564408151852967	0.8922178885247618	0.5795404798632658	0.2100181473674738	0.7365872491045711	-508.7921240402842
9885000	3.596663752841865	4.48606791232753	0.8880387263590257	0.6043466654958912	0.21095884903172712	0.7015059723256963	-500.3390007542745
9890000	5.201910914536077	6.358303844294146	0.8482145533094518	0.6048180770475072	0.20113816542657537	0.7036181062094994	-504.5718309440665
9895000	4.337486922926506	4.397442607238828	0.8357218941571759	0.6379746490360694	0.2068393940311846	0.7040429278170526	-488.02157776425776
9900000	4.40890535928774	4.717461030505541	0.8891239196682713	0.5969877798435582	0.2097147097353962	0.7477883705955893	-487.4935683556319
9905000	3.5817305349205713	4.462154529776125	0.8799228381628188	0.5848190715165977	0.20046515253088412	0.7000490401544649	-507.90308089037393
9910000	3.885095392318562	4.111407129838074	0.8817435608284065	0.585666675304771	0.20387363847506948	0.7254957207773586	-527.1202243006596
9915000	4.203902271202192	5.075302513555004	0.8932396831819686	0.6213506421046563	0.20272162929823767	0.7147875181558083	-508.0458764105057
9920000	4.379679351198869	4.68018087411702	0.8552314830428975	0.6316083563871554	0.20260146440861102	0.7367095939626572	-495.516062836684
9925000	3.9468520748606806	3.967751141684434	0.875199774006679	0.630811947571656	0.20864312158713744	0.7292152931263002	-457.1159873075139
9930000	3.604672326427217	4.288889808632565	0.8146722375262131	0.6236820634700003	0.20083711677712862	0.7525398726359227	-483.21319600097803
9935000	4.4816798325423415	4.6381448039610405	0.8867240303590789	0.6198991493969276	0.20020747492610536	0.7015061251367755	-529.0247226556963
9940000	3.4306468441665596	4.275213210430946	0.8976070678224571	0.559102249986713	0.21084310469709824	0.7004700938370031	-518.7699659509537
9945000	3.7062059300283536	3.79655283442527	0.8845035601125918	0.572215606181714	0.20682034396461976	0.7066442590881238	-526.060749193987
9950000	4.738439344326159	4.897773954626613	0.8735219599319618	0.61033350143285	0.2029176752151211	0.712478723545775	-526.1092596272557
9955000	4.538846374106278	4.76551740770747	0.7698937209252744	0.6266963394045717	0.20152947802438081	0.7019286573741901	-507.2976566432826
9960000	3.9107168909683354	5.276849779100809	0.8891359615892447	0.5770712244163255	0.20027522253783284	0.7123373887844712	-530.7782090876185
9965000	4.744323297360545	5.262538508000567	0.8430019139918489	0.6293000997337693	0.20319048276730076	0.7491958900258763	-510.86823681657523
9970000	4.03404649544106	4.83170710541092	0.8990156868035197	0.5960389018237973	0.20337587901851212	0.7052959652311687	-522.3675399395853
9975000	5.223901840671028	5.816361102638776	0.8760999732956962	0.6173920788420966	0.20346943964167888	0.7751339512406057	-499.463446551009
9980000	4.136862274014115	5.1106450875958505	0.7609577370125703	0.6418558617496462	0.2060590598786505	0.7121940004228873	-535.0175122277899
9985000	4.545344890528067	4.918819133434136	0.894940720643806	0.5520465540156503	0.20048470592592804	0.7048349844247112	-559.3260444187088
9990000	3.916107319132015	5.101862810586059	0.8921804168815125	0.5771627783579135	0.2050575805396608	0.8236069090067744	-536.7955536131487
9995000	4.662571725138582	4.770693699637704	0.8594442568396083	0.5868650853593268	0.20329075664105706	0.7527254448707285	-520.126188928602
10000000	4.26641051898605	8.318860983481194	0.8493928438720193	0.5819503619236807	0.2003805349006314	0.7053605526942491	-565.3435646110388
