#
#model:
#
#<?xml version="1.0" encoding="UTF-8" standalone="no"?><input id="posterior" spec="beast.base.inference.CompoundDistribution">
#    <distribution id="prior" spec="beast.base.inference.CompoundDistribution">
#        <distribution id="birthDeath" spec="ssr.speciation.SRangesBirthDeathSkylineModel">
#            <parameter id="RealParameter" lower="0.0" name="intervalTimes" spec="beast.base.inference.parameter.RealParameter" upper="0.0">0.0</parameter>
#            <parameter id="origin" lower="0.0" name="origin" spec="beast.base.inference.parameter.RealParameter">367.442986686939</parameter>
#            <removalProbability id="Function$Constant" spec="beast.base.core.Function$Constant" value="0.0"/>
#            <parameter id="rho" lower="0.0" name="rho" spec="beast.base.inference.parameter.RealParameter">0.750812141271308</parameter>
#            <parameter id="samplingProportion" lower="0.0" name="samplingProportion" spec="beast.base.inference.parameter.RealParameter">0.218341776169837</parameter>
#            <parameter id="netDiversification" lower="0.0" name="netDiversification" spec="beast.base.inference.parameter.RealParameter">0.739534649159759</parameter>
#            <parameter id="turnOver" lower="0.0" name="turnOver" spec="beast.base.inference.parameter.RealParameter" upper="1.0">0.318249361682683</parameter>
#            <tree id="tree" nodetype="sr.evolution.tree.SRNode" spec="sr.evolution.tree.SRTree">
#                <stratigraphicRange id="r0" spec="sr.evolution.sranges.StratigraphicRange">
#                    <firstOccurrence id="t99_first" spec="beast.base.evolution.alignment.Taxon"/>
#                    <lastOccurrence idref="t99_first"/>
#                </stratigraphicRange>
#                <stratigraphicRange id="r1" spec="sr.evolution.sranges.StratigraphicRange">
#                    <firstOccurrence id="t58_first" spec="beast.base.evolution.alignment.Taxon"/>
#                    <lastOccurrence idref="t58_first"/>
#                </stratigraphicRange>
#                <stratigraphicRange id="r2" spec="sr.evolution.sranges.StratigraphicRange">
#                    <firstOccurrence id="t13_first" spec="beast.base.evolution.alignment.Taxon"/>
#                    <lastOccurrence idref="t13_first"/>
#                </stratigraphicRange>
#                <stratigraphicRange id="r3" spec="sr.evolution.sranges.StratigraphicRange">
#                    <firstOccurrence id="t65_first" spec="beast.base.evolution.alignment.Taxon"/>
#                    <lastOccurrence idref="t65_first"/>
#                </stratigraphicRange>
#                <stratigraphicRange id="r4" spec="sr.evolution.sranges.StratigraphicRange">
#                    <firstOccurrence id="t20_first" spec="beast.base.evolution.alignment.Taxon"/>
#                    <lastOccurrence idref="t20_first"/>
#                </stratigraphicRange>
#                <stratigraphicRange id="r5" spec="sr.evolution.sranges.StratigraphicRange">
#                    <firstOccurrence id="t33_first" spec="beast.base.evolution.alignment.Taxon"/>
#                    <lastOccurrence idref="t33_first"/>
#                </stratigraphicRange>
#                <stratigraphicRange id="r6" spec="sr.evolution.sranges.StratigraphicRange">
#                    <firstOccurrence id="t69_first" spec="beast.base.evolution.alignment.Taxon"/>
#                    <lastOccurrence idref="t69_first"/>
#                </stratigraphicRange>
#                <stratigraphicRange id="r7" spec="sr.evolution.sranges.StratigraphicRange">
#                    <firstOccurrence id="t38_first" spec="beast.base.evolution.alignment.Taxon"/>
#                    <lastOccurrence idref="t38_first"/>
#                </stratigraphicRange>
#                <stratigraphicRange id="r8" spec="sr.evolution.sranges.StratigraphicRange">
#                    <firstOccurrence id="t4_first" spec="beast.base.evolution.alignment.Taxon"/>
#                    <lastOccurrence idref="t4_first"/>
#                </stratigraphicRange>
#                <stratigraphicRange id="r9" spec="sr.evolution.sranges.StratigraphicRange">
#                    <firstOccurrence id="t35_first" spec="beast.base.evolution.alignment.Taxon"/>
#                    <lastOccurrence idref="t35_first"/>
#                </stratigraphicRange>
#                <stratigraphicRange id="r10" spec="sr.evolution.sranges.StratigraphicRange">
#                    <firstOccurrence id="t54_first" spec="beast.base.evolution.alignment.Taxon"/>
#                    <lastOccurrence idref="t54_first"/>
#                </stratigraphicRange>
#                <stratigraphicRange id="r11" spec="sr.evolution.sranges.StratigraphicRange">
#                    <firstOccurrence id="t63_first" spec="beast.base.evolution.alignment.Taxon"/>
#                    <lastOccurrence idref="t63_first"/>
#                </stratigraphicRange>
#                <stratigraphicRange id="r12" spec="sr.evolution.sranges.StratigraphicRange">
#                    <firstOccurrence id="t5_first" spec="beast.base.evolution.alignment.Taxon"/>
#                    <lastOccurrence idref="t5_first"/>
#                </stratigraphicRange>
#                <stratigraphicRange id="r13" spec="sr.evolution.sranges.StratigraphicRange">
#                    <firstOccurrence id="t79_first" spec="beast.base.evolution.alignment.Taxon"/>
#                    <lastOccurrence idref="t79_first"/>
#                </stratigraphicRange>
#                <stratigraphicRange id="r14" spec="sr.evolution.sranges.StratigraphicRange">
#                    <firstOccurrence id="t81_first" spec="beast.base.evolution.alignment.Taxon"/>
#                    <lastOccurrence idref="t81_first"/>
#                </stratigraphicRange>
#                <stratigraphicRange id="r15" spec="sr.evolution.sranges.StratigraphicRange">
#                    <firstOccurrence id="t68_first" spec="beast.base.evolution.alignment.Taxon"/>
#                    <lastOccurrence idref="t68_first"/>
#                </stratigraphicRange>
#                <stratigraphicRange id="r16" spec="sr.evolution.sranges.StratigraphicRange">
#                    <firstOccurrence id="t52_first" spec="beast.base.evolution.alignment.Taxon"/>
#                    <lastOccurrence idref="t52_first"/>
#                </stratigraphicRange>
#                <stratigraphicRange id="r17" spec="sr.evolution.sranges.StratigraphicRange">
#                    <firstOccurrence id="t103_first" spec="beast.base.evolution.alignment.Taxon"/>
#                    <lastOccurrence idref="t103_first"/>
#                </stratigraphicRange>
#                <stratigraphicRange id="r18" spec="sr.evolution.sranges.StratigraphicRange">
#                    <firstOccurrence id="t93_first" spec="beast.base.evolution.alignment.Taxon"/>
#                    <lastOccurrence idref="t93_first"/>
#                </stratigraphicRange>
#                <stratigraphicRange id="r19" spec="sr.evolution.sranges.StratigraphicRange">
#                    <firstOccurrence id="t51_first" spec="beast.base.evolution.alignment.Taxon"/>
#                    <lastOccurrence idref="t51_first"/>
#                </stratigraphicRange>
#                <stratigraphicRange id="r20" spec="sr.evolution.sranges.StratigraphicRange">
#                    <firstOccurrence id="t11_first" spec="beast.base.evolution.alignment.Taxon"/>
#                    <lastOccurrence idref="t11_first"/>
#                </stratigraphicRange>
#                <stratigraphicRange id="r21" spec="sr.evolution.sranges.StratigraphicRange">
#                    <firstOccurrence id="t71_first" spec="beast.base.evolution.alignment.Taxon"/>
#                    <lastOccurrence idref="t71_first"/>
#                </stratigraphicRange>
#                <stratigraphicRange id="r22" spec="sr.evolution.sranges.StratigraphicRange">
#                    <firstOccurrence id="t47_first" spec="beast.base.evolution.alignment.Taxon"/>
#                    <lastOccurrence idref="t47_first"/>
#                </stratigraphicRange>
#                <stratigraphicRange id="r23" spec="sr.evolution.sranges.StratigraphicRange">
#                    <firstOccurrence id="t45_first" spec="beast.base.evolution.alignment.Taxon"/>
#                    <lastOccurrence idref="t45_first"/>
#                </stratigraphicRange>
#                <stratigraphicRange id="r24" spec="sr.evolution.sranges.StratigraphicRange">
#                    <firstOccurrence id="t94_first" spec="beast.base.evolution.alignment.Taxon"/>
#                    <lastOccurrence idref="t94_first"/>
#                </stratigraphicRange>
#                <stratigraphicRange id="r25" spec="sr.evolution.sranges.StratigraphicRange">
#                    <firstOccurrence id="t21_first" spec="beast.base.evolution.alignment.Taxon"/>
#                    <lastOccurrence idref="t21_first"/>
#                </stratigraphicRange>
#                <stratigraphicRange id="r26" spec="sr.evolution.sranges.StratigraphicRange">
#                    <firstOccurrence id="t101_first" spec="beast.base.evolution.alignment.Taxon"/>
#                    <lastOccurrence idref="t101_first"/>
#                </stratigraphicRange>
#                <stratigraphicRange id="r27" spec="sr.evolution.sranges.StratigraphicRange">
#                    <firstOccurrence id="t85_first" spec="beast.base.evolution.alignment.Taxon"/>
#                    <lastOccurrence idref="t85_first"/>
#                </stratigraphicRange>
#                <stratigraphicRange id="r28" spec="sr.evolution.sranges.StratigraphicRange">
#                    <firstOccurrence id="t100_first" spec="beast.base.evolution.alignment.Taxon"/>
#                    <lastOccurrence idref="t100_first"/>
#                </stratigraphicRange>
#                <stratigraphicRange id="r29" spec="sr.evolution.sranges.StratigraphicRange">
#                    <firstOccurrence id="t36_first" spec="beast.base.evolution.alignment.Taxon"/>
#                    <lastOccurrence idref="t36_first"/>
#                </stratigraphicRange>
#                <stratigraphicRange id="r30" spec="sr.evolution.sranges.StratigraphicRange">
#                    <firstOccurrence id="t78_first" spec="beast.base.evolution.alignment.Taxon"/>
#                    <lastOccurrence idref="t78_first"/>
#                </stratigraphicRange>
#                <stratigraphicRange id="r31" spec="sr.evolution.sranges.StratigraphicRange">
#                    <firstOccurrence id="t42_first" spec="beast.base.evolution.alignment.Taxon"/>
#                    <lastOccurrence idref="t42_first"/>
#                </stratigraphicRange>
#                <stratigraphicRange id="r32" spec="sr.evolution.sranges.StratigraphicRange">
#                    <firstOccurrence id="t49_first" spec="beast.base.evolution.alignment.Taxon"/>
#                    <lastOccurrence idref="t49_first"/>
#                </stratigraphicRange>
#                <stratigraphicRange id="r33" spec="sr.evolution.sranges.StratigraphicRange">
#                    <firstOccurrence id="t6_first" spec="beast.base.evolution.alignment.Taxon"/>
#                    <lastOccurrence idref="t6_first"/>
#                </stratigraphicRange>
#                <stratigraphicRange id="r34" spec="sr.evolution.sranges.StratigraphicRange">
#                    <firstOccurrence id="t104_first" spec="beast.base.evolution.alignment.Taxon"/>
#                    <lastOccurrence idref="t104_first"/>
#                </stratigraphicRange>
#                <stratigraphicRange id="r35" spec="sr.evolution.sranges.StratigraphicRange">
#                    <firstOccurrence id="t10_first" spec="beast.base.evolution.alignment.Taxon"/>
#                    <lastOccurrence idref="t10_first"/>
#                </stratigraphicRange>
#                <stratigraphicRange id="r36" spec="sr.evolution.sranges.StratigraphicRange">
#                    <firstOccurrence id="t18_first" spec="beast.base.evolution.alignment.Taxon"/>
#                    <lastOccurrence idref="t18_first"/>
#                </stratigraphicRange>
#                <stratigraphicRange id="r37" spec="sr.evolution.sranges.StratigraphicRange">
#                    <firstOccurrence id="t55_first" spec="beast.base.evolution.alignment.Taxon"/>
#                    <lastOccurrence idref="t55_first"/>
#                </stratigraphicRange>
#                <stratigraphicRange id="r38" spec="sr.evolution.sranges.StratigraphicRange">
#                    <firstOccurrence id="t76_first" spec="beast.base.evolution.alignment.Taxon"/>
#                    <lastOccurrence idref="t76_first"/>
#                </stratigraphicRange>
#                <stratigraphicRange id="r39" spec="sr.evolution.sranges.StratigraphicRange">
#                    <firstOccurrence id="t46_first" spec="beast.base.evolution.alignment.Taxon"/>
#                    <lastOccurrence idref="t46_first"/>
#                </stratigraphicRange>
#                <stratigraphicRange id="r40" spec="sr.evolution.sranges.StratigraphicRange">
#                    <firstOccurrence id="t37_first" spec="beast.base.evolution.alignment.Taxon"/>
#                    <lastOccurrence idref="t37_first"/>
#                </stratigraphicRange>
#                <stratigraphicRange id="r41" spec="sr.evolution.sranges.StratigraphicRange">
#                    <firstOccurrence id="t28_first" spec="beast.base.evolution.alignment.Taxon"/>
#                    <lastOccurrence idref="t28_first"/>
#                </stratigraphicRange>
#                <stratigraphicRange id="r42" spec="sr.evolution.sranges.StratigraphicRange">
#                    <firstOccurrence id="t43_first" spec="beast.base.evolution.alignment.Taxon"/>
#                    <lastOccurrence idref="t43_first"/>
#                </stratigraphicRange>
#                <stratigraphicRange id="r43" spec="sr.evolution.sranges.StratigraphicRange">
#                    <firstOccurrence id="t39_first" spec="beast.base.evolution.alignment.Taxon"/>
#                    <lastOccurrence idref="t39_first"/>
#                </stratigraphicRange>
#                <stratigraphicRange id="r44" spec="sr.evolution.sranges.StratigraphicRange">
#                    <firstOccurrence id="t2_first" spec="beast.base.evolution.alignment.Taxon"/>
#                    <lastOccurrence idref="t2_first"/>
#                </stratigraphicRange>
#                <stratigraphicRange id="r45" spec="sr.evolution.sranges.StratigraphicRange">
#                    <firstOccurrence id="t48_first" spec="beast.base.evolution.alignment.Taxon"/>
#                    <lastOccurrence idref="t48_first"/>
#                </stratigraphicRange>
#                <stratigraphicRange id="r46" spec="sr.evolution.sranges.StratigraphicRange">
#                    <firstOccurrence id="t31_first" spec="beast.base.evolution.alignment.Taxon"/>
#                    <lastOccurrence idref="t31_first"/>
#                </stratigraphicRange>
#                <stratigraphicRange id="r47" spec="sr.evolution.sranges.StratigraphicRange">
#                    <firstOccurrence id="t72_first" spec="beast.base.evolution.alignment.Taxon"/>
#                    <lastOccurrence idref="t72_first"/>
#                </stratigraphicRange>
#                <stratigraphicRange id="r48" spec="sr.evolution.sranges.StratigraphicRange">
#                    <firstOccurrence id="t3_first" spec="beast.base.evolution.alignment.Taxon"/>
#                    <lastOccurrence idref="t3_first"/>
#                </stratigraphicRange>
#                <stratigraphicRange id="r49" spec="sr.evolution.sranges.StratigraphicRange">
#                    <firstOccurrence id="t7_first" spec="beast.base.evolution.alignment.Taxon"/>
#                    <lastOccurrence idref="t7_first"/>
#                </stratigraphicRange>
#                <stratigraphicRange id="r50" spec="sr.evolution.sranges.StratigraphicRange">
#                    <firstOccurrence id="t84_first" spec="beast.base.evolution.alignment.Taxon"/>
#                    <lastOccurrence idref="t84_first"/>
#                </stratigraphicRange>
#                <stratigraphicRange id="r51" spec="sr.evolution.sranges.StratigraphicRange">
#                    <firstOccurrence id="t89_first" spec="beast.base.evolution.alignment.Taxon"/>
#                    <lastOccurrence idref="t89_first"/>
#                </stratigraphicRange>
#                <stratigraphicRange id="r52" spec="sr.evolution.sranges.StratigraphicRange">
#                    <firstOccurrence id="t87_first" spec="beast.base.evolution.alignment.Taxon"/>
#                    <lastOccurrence idref="t87_first"/>
#                </stratigraphicRange>
#                <stratigraphicRange id="r53" spec="sr.evolution.sranges.StratigraphicRange">
#                    <firstOccurrence id="t17_first" spec="beast.base.evolution.alignment.Taxon"/>
#                    <lastOccurrence idref="t17_first"/>
#                </stratigraphicRange>
#                <stratigraphicRange id="r54" spec="sr.evolution.sranges.StratigraphicRange">
#                    <firstOccurrence id="t40_first" spec="beast.base.evolution.alignment.Taxon"/>
#                    <lastOccurrence idref="t40_first"/>
#                </stratigraphicRange>
#                <stratigraphicRange id="r55" spec="sr.evolution.sranges.StratigraphicRange">
#                    <firstOccurrence id="t32_first" spec="beast.base.evolution.alignment.Taxon"/>
#                    <lastOccurrence idref="t32_first"/>
#                </stratigraphicRange>
#                <stratigraphicRange id="r56" spec="sr.evolution.sranges.StratigraphicRange">
#                    <firstOccurrence id="t1_first" spec="beast.base.evolution.alignment.Taxon"/>
#                    <lastOccurrence idref="t1_first"/>
#                </stratigraphicRange>
#                <stratigraphicRange id="r57" spec="sr.evolution.sranges.StratigraphicRange">
#                    <firstOccurrence id="t82_first" spec="beast.base.evolution.alignment.Taxon"/>
#                    <lastOccurrence idref="t82_first"/>
#                </stratigraphicRange>
#                <stratigraphicRange id="r58" spec="sr.evolution.sranges.StratigraphicRange">
#                    <firstOccurrence id="t30_first" spec="beast.base.evolution.alignment.Taxon"/>
#                    <lastOccurrence idref="t30_first"/>
#                </stratigraphicRange>
#                <stratigraphicRange id="r59" spec="sr.evolution.sranges.StratigraphicRange">
#                    <firstOccurrence id="t29_first" spec="beast.base.evolution.alignment.Taxon"/>
#                    <lastOccurrence idref="t29_first"/>
#                </stratigraphicRange>
#                <stratigraphicRange id="r60" spec="sr.evolution.sranges.StratigraphicRange">
#                    <firstOccurrence id="t50_first" spec="beast.base.evolution.alignment.Taxon"/>
#                    <lastOccurrence idref="t50_first"/>
#                </stratigraphicRange>
#                <stratigraphicRange id="r61" spec="sr.evolution.sranges.StratigraphicRange">
#                    <firstOccurrence id="t102_first" spec="beast.base.evolution.alignment.Taxon"/>
#                    <lastOccurrence idref="t102_first"/>
#                </stratigraphicRange>
#                <stratigraphicRange id="r62" spec="sr.evolution.sranges.StratigraphicRange">
#                    <firstOccurrence id="t14_first" spec="beast.base.evolution.alignment.Taxon"/>
#                    <lastOccurrence idref="t14_first"/>
#                </stratigraphicRange>
#                <stratigraphicRange id="r63" spec="sr.evolution.sranges.StratigraphicRange">
#                    <firstOccurrence id="t27_first" spec="beast.base.evolution.alignment.Taxon"/>
#                    <lastOccurrence idref="t27_first"/>
#                </stratigraphicRange>
#                <stratigraphicRange id="r64" spec="sr.evolution.sranges.StratigraphicRange">
#                    <firstOccurrence id="t25_first" spec="beast.base.evolution.alignment.Taxon"/>
#                    <lastOccurrence idref="t25_first"/>
#                </stratigraphicRange>
#                <stratigraphicRange id="r65" spec="sr.evolution.sranges.StratigraphicRange">
#                    <firstOccurrence id="t74_first" spec="beast.base.evolution.alignment.Taxon"/>
#                    <lastOccurrence idref="t74_first"/>
#                </stratigraphicRange>
#                <stratigraphicRange id="r66" spec="sr.evolution.sranges.StratigraphicRange">
#                    <firstOccurrence id="t56_first" spec="beast.base.evolution.alignment.Taxon"/>
#                    <lastOccurrence idref="t56_first"/>
#                </stratigraphicRange>
#                <stratigraphicRange id="r67" spec="sr.evolution.sranges.StratigraphicRange">
#                    <firstOccurrence id="t8_first" spec="beast.base.evolution.alignment.Taxon"/>
#                    <lastOccurrence idref="t8_first"/>
#                </stratigraphicRange>
#                <stratigraphicRange id="r68" spec="sr.evolution.sranges.StratigraphicRange">
#                    <firstOccurrence id="t62_first" spec="beast.base.evolution.alignment.Taxon"/>
#                    <lastOccurrence idref="t62_first"/>
#                </stratigraphicRange>
#                <stratigraphicRange id="r69" spec="sr.evolution.sranges.StratigraphicRange">
#                    <firstOccurrence id="t59_first" spec="beast.base.evolution.alignment.Taxon"/>
#                    <lastOccurrence idref="t59_first"/>
#                </stratigraphicRange>
#                <stratigraphicRange id="r70" spec="sr.evolution.sranges.StratigraphicRange">
#                    <firstOccurrence id="t26_first" spec="beast.base.evolution.alignment.Taxon"/>
#                    <lastOccurrence idref="t26_first"/>
#                </stratigraphicRange>
#                <stratigraphicRange id="r71" spec="sr.evolution.sranges.StratigraphicRange">
#                    <firstOccurrence id="t95_first" spec="beast.base.evolution.alignment.Taxon"/>
#                    <lastOccurrence idref="t95_first"/>
#                </stratigraphicRange>
#                <stratigraphicRange id="r72" spec="sr.evolution.sranges.StratigraphicRange">
#                    <firstOccurrence id="t44_first" spec="beast.base.evolution.alignment.Taxon"/>
#                    <lastOccurrence idref="t44_first"/>
#                </stratigraphicRange>
#                <trait id="dateTrait.t:tree" spec="beast.base.evolution.tree.TraitSet" traitname="date-backward">
#                    t99_first=0, t58_first=0, t13_first=0, t65_first=0.224451568601135, t20_first=0.635083032285975, t33_first=0, t69_first=0, t38_first=0, t4_first=0, t35_first=0, t54_first=0, t63_first=0, t5_first=0, t79_first=0, t81_first=0, t68_first=0.173017702652874, t52_first=0, t103_first=0, t93_first=0, t51_first=1.20019989034331, t11_first=0, t71_first=0, t47_first=0, t45_first=0, t94_first=0, t21_first=0, t101_first=0, t85_first=0, t100_first=0, t36_first=0, t78_first=0, t42_first=0, t49_first=0, t6_first=0, t104_first=0, t10_first=0, t18_first=0, t55_first=0.528224054796906, t76_first=0.415810882390268, t46_first=0, t37_first=0.388311769139398, t28_first=0, t43_first=0, t39_first=1.05554974574961, t2_first=0.806145191175855, t48_first=0, t31_first=0.91616874116007, t72_first=0.841281808013577, t3_first=1.14363631329996, t7_first=0, t84_first=0.140225019363602, t89_first=0.584737886870982, t87_first=0.959006508934952, t17_first=0.100176553763031, t40_first=0, t32_first=0.472482161971326, t1_first=0, t82_first=1.04169446590102, t30_first=2.31143673357296, t29_first=2.26818233275711, t50_first=0, t102_first=0, t14_first=0, t27_first=0, t25_first=0.284843235923693, t74_first=1.40057322679905, t56_first=0.336094828711762, t8_first=0, t62_first=0, t59_first=0, t26_first=0, t95_first=0, t44_first=3.02281798569417
#                                    <taxa id="taxonSet" spec="beast.base.evolution.alignment.TaxonSet">
#                        <taxon idref="t99_first"/>
#                        <taxon idref="t58_first"/>
#                        <taxon idref="t13_first"/>
#                        <taxon idref="t65_first"/>
#                        <taxon idref="t20_first"/>
#                        <taxon idref="t33_first"/>
#                        <taxon idref="t69_first"/>
#                        <taxon idref="t38_first"/>
#                        <taxon idref="t4_first"/>
#                        <taxon idref="t35_first"/>
#                        <taxon idref="t54_first"/>
#                        <taxon idref="t63_first"/>
#                        <taxon idref="t5_first"/>
#                        <taxon idref="t79_first"/>
#                        <taxon idref="t81_first"/>
#                        <taxon idref="t68_first"/>
#                        <taxon idref="t52_first"/>
#                        <taxon idref="t103_first"/>
#                        <taxon idref="t93_first"/>
#                        <taxon idref="t51_first"/>
#                        <taxon idref="t11_first"/>
#                        <taxon idref="t71_first"/>
#                        <taxon idref="t47_first"/>
#                        <taxon idref="t45_first"/>
#                        <taxon idref="t94_first"/>
#                        <taxon idref="t21_first"/>
#                        <taxon idref="t101_first"/>
#                        <taxon idref="t85_first"/>
#                        <taxon idref="t100_first"/>
#                        <taxon idref="t36_first"/>
#                        <taxon idref="t78_first"/>
#                        <taxon idref="t42_first"/>
#                        <taxon idref="t49_first"/>
#                        <taxon idref="t6_first"/>
#                        <taxon idref="t104_first"/>
#                        <taxon idref="t10_first"/>
#                        <taxon idref="t18_first"/>
#                        <taxon idref="t55_first"/>
#                        <taxon idref="t76_first"/>
#                        <taxon idref="t46_first"/>
#                        <taxon idref="t37_first"/>
#                        <taxon idref="t28_first"/>
#                        <taxon idref="t43_first"/>
#                        <taxon idref="t39_first"/>
#                        <taxon idref="t2_first"/>
#                        <taxon idref="t48_first"/>
#                        <taxon idref="t31_first"/>
#                        <taxon idref="t72_first"/>
#                        <taxon idref="t3_first"/>
#                        <taxon idref="t7_first"/>
#                        <taxon idref="t84_first"/>
#                        <taxon idref="t89_first"/>
#                        <taxon idref="t87_first"/>
#                        <taxon idref="t17_first"/>
#                        <taxon idref="t40_first"/>
#                        <taxon idref="t32_first"/>
#                        <taxon idref="t1_first"/>
#                        <taxon idref="t82_first"/>
#                        <taxon idref="t30_first"/>
#                        <taxon idref="t29_first"/>
#                        <taxon idref="t50_first"/>
#                        <taxon idref="t102_first"/>
#                        <taxon idref="t14_first"/>
#                        <taxon idref="t27_first"/>
#                        <taxon idref="t25_first"/>
#                        <taxon idref="t74_first"/>
#                        <taxon idref="t56_first"/>
#                        <taxon idref="t8_first"/>
#                        <taxon idref="t62_first"/>
#                        <taxon idref="t59_first"/>
#                        <taxon idref="t26_first"/>
#                        <taxon idref="t95_first"/>
#                        <taxon idref="t44_first"/>
#                    </taxa>
#                </trait>
#                <taxonset idref="taxonSet"/>
#            </tree>
#        </distribution>
#        <prior id="originPrior" name="distribution" x="@origin">
#            <Uniform id="Uniform.origin" lower="1.0" name="distr" upper="1000.0"/>
#        </prior>
#        <prior id="netDiversificationPrior" name="distribution" x="@netDiversification">
#            <Uniform id="Uniform.div" lower="0.7" name="distr" upper="0.9"/>
#        </prior>
#        <prior id="turnoverPrior" name="distribution" x="@turnOver">
#            <Uniform id="Uniform.turnover" lower="0.2" name="distr" upper="0.8"/>
#        </prior>
#        <prior id="samplingProportionPrior" name="distribution" x="@samplingProportion">
#            <Uniform id="Uniform.samplingProportion" lower="0.2" name="distr" upper="0.8"/>
#        </prior>
#        <prior id="rhoPrior" name="distribution" x="@rho">
#            <Uniform id="Uniform.rho" lower="0.7" name="distr"/>
#        </prior>
#    </distribution>
#</input>
#
Sample	TreeHeight	origin	netDiversification	turnOver	samplingProportion	rho	posterior
0	3.0980803115572746	367.442986686939	0.7820388090409183	0.6763033033487097	0.4873250333678583	0.750812141271308	-1474.6471641507014
5000	6.869782249613219	106.36404385629028	0.7038004344395306	0.20053743660260517	0.3160584526145407	0.7091634535892495	-288.71968818661514
10000	6.294681892776187	23.965548719710235	0.7553904049609075	0.3028309708099619	0.35601691188965795	0.7247898883062445	-192.04583316170928
15000	6.879653841412766	7.2603177733922495	0.7759195589923483	0.5253838416311412	0.20946020044328373	0.7762319224377071	-164.1710327218901
20000	3.15524255041452	3.3943902001672877	0.8877536938890511	0.5733341216843393	0.20157745126021456	0.7241272299904615	-126.6633320230114
25000	3.2580031898233015	4.083687094943066	0.7955961159444106	0.6315326195420148	0.20025338802106754	0.7987022636031034	-117.30635406470711
30000	3.0808949845366076	3.468991295931714	0.7271338423815557	0.7361675834918842	0.2005451342804765	0.7238163265385346	-95.19082550961784
35000	3.3065322262603085	3.3518306533303632	0.8116284688995318	0.7176890174779272	0.21436555322777026	0.7622047202693053	-83.32014493791189
40000	3.02281798569417	3.2716561644174904	0.7992628425723004	0.7022354725469024	0.2034889567918916	0.7878512669867918	-92.8246044001051
45000	3.02281798569417	4.158029568610884	0.8372457697406932	0.6808902973287857	0.20369387019097399	0.7578494174821019	-94.80264848353079
50000	3.7021512492082094	3.7040634639105057	0.8974491584893313	0.6366106785554312	0.2316258748605194	0.9680962774504428	-74.40922234181818
55000	3.502493962579115	4.075273955157772	0.7624897098161163	0.6671031702364345	0.21520108954936362	0.7165683729790321	-105.89336835473941
60000	3.860276970300842	4.576253572735846	0.8878235318070515	0.5657352421471541	0.29051895166235986	0.8005357798236152	-117.70800958447404
65000	3.134446552272726	3.2177395790511434	0.706260212170499	0.7134261335770916	0.2205725726163588	0.7385957781232037	-90.861230279706
70000	3.0509718343110657	3.1833096526782683	0.8747631367555617	0.6590716011032972	0.21452750801213522	0.798615387982421	-83.83788583721491
75000	3.6504665323341188	3.8156864154195653	0.7079949661945478	0.64740079463931	0.236434167043529	0.8004834461692192	-126.24905961858201
80000	3.02281798569417	3.374793803548085	0.8073091923665703	0.6817163840720437	0.20901792331470476	0.7278410826918109	-98.62474285747393
85000	3.0304368071496803	3.480711457672955	0.7472152259636631	0.6702273059626603	0.25305622549593865	0.9497656904907925	-100.47919973182726
90000	3.02281798569417	4.071135961032483	0.8128255211630847	0.7552168969052845	0.2018074594968071	0.8168844837098261	-80.95071041384574
95000	3.02281798569417	3.0583710843924132	0.7018490129733584	0.7120423825323954	0.21101713499447858	0.7780982384679529	-103.36954742587068
100000	3.1058983339865756	3.2072929937945087	0.7961131656951513	0.6785446237969416	0.22435698419687078	0.702461997773563	-85.07867386854775
105000	3.02281798569417	3.805540226927152	0.7614680800633047	0.7935769456267899	0.20098212026574963	0.8254092897584488	-60.92376367425998
110000	3.0501492070129754	3.1700265615839602	0.7112502960387324	0.7673406293840345	0.21085010792539555	0.886650122239072	-80.37628054276794
115000	3.0462895265868037	3.0536739256509615	0.8476854921554368	0.7881443975310252	0.21067519594695505	0.8330341477487601	-74.75313139168148
120000	3.02281798569417	3.1379454845446486	0.8115296065097037	0.706554408929312	0.20685821706377217	0.9407870313836086	-88.96827592943387
125000	4.321617042544806	4.9989880574492425	0.7417448105969185	0.6987844763094119	0.2255822204851395	0.7867445281850828	-111.92841917194383
130000	3.538673819623586	3.580784320310779	0.7982728438981777	0.5510249952686614	0.20966589896560656	0.7143669609201764	-127.69579643150215
135000	3.604158649704166	4.394928558643727	0.7427816456907086	0.6645771647471385	0.20285047099083436	0.7118027108238335	-103.87276200120223
140000	3.2324028240985405	3.2477206191805346	0.8023864576769065	0.6562683713638189	0.2209608099854602	0.9761486453511009	-99.59636265832052
145000	3.052045301108578	3.160911794593532	0.8836212654493456	0.7326890767602726	0.20679439610551248	0.7736360399378344	-72.75477732445898
150000	3.139150477481708	3.1629413335705556	0.8687878938766436	0.7427862304028593	0.20844728269150192	0.9310007524226169	-66.57747805813821
155000	3.034687802356703	3.395796457093085	0.7667511850063163	0.7471552903023764	0.22812096394385192	0.7951903330680957	-63.61552751085711
160000	3.0904753538358882	3.7869569827153033	0.7120879532848422	0.6760328849788011	0.23357042389519345	0.7812167352869555	-92.06384215141676
165000	3.180600447995761	3.2239868822164928	0.8940310893316994	0.7161214331117473	0.20041202683570547	0.7944164986655974	-66.41793918011419
170000	3.1693686194356587	3.386609813401508	0.8736842338904652	0.7066239428894465	0.22234828678157598	0.8321315623829747	-77.4170583148152
175000	3.8328433777481266	5.70188082962283	0.7889438735549335	0.7152888049612685	0.20072286035025372	0.7252288375714346	-93.11518450345972
180000	3.02281798569417	3.3986541206162273	0.7526385886567383	0.7041369681182812	0.21844791294608176	0.7236548953261714	-97.33909539789715
185000	3.047253894808294	3.2363664009039717	0.850085265213471	0.6407936751854608	0.2585306936058282	0.7356290355799084	-99.88746407482896
190000	3.02281798569417	4.085371676969994	0.7781511583591686	0.6837526139967491	0.20821005840349618	0.755751593212793	-111.62133072462876
195000	3.02281798569417	4.040045616631941	0.781063675928467	0.6276482665131028	0.22671720161367817	0.700950276475702	-108.41458206942627
200000	3.339481625643162	4.127432757586578	0.7526229940843367	0.7309179419496195	0.20426412545411146	0.8476886566247428	-96.47896363508227
205000	3.551085435334802	3.8145956052026024	0.8798624728964063	0.6467286733703769	0.20599693162251287	0.8072543076343086	-92.47580398684929
210000	3.0575099874404357	3.4434111917883015	0.8437026884343076	0.7214581656038555	0.2003201388634185	0.8503874640691346	-56.85830909456347
215000	3.02281798569417	3.293006380918361	0.7050696657477329	0.7331715667134103	0.24949666096599973	0.8636325809302967	-80.24825655650216
220000	3.098135872007375	3.1218946168116983	0.7334260585984109	0.7588760830172631	0.2315562867552363	0.736955624116813	-92.41787832567144
225000	3.720403057058951	5.010397741152607	0.7417084237250506	0.7159890550423318	0.20686381503111784	0.7024434178966072	-105.84356964200444
230000	3.6231836860911093	3.641713612997068	0.843440521256201	0.7144576482331914	0.20839114256680172	0.7365332550773812	-71.94186510334293
235000	3.02281798569417	3.573925467140102	0.8820594329282557	0.7002339472710196	0.22188279726983945	0.7740446804253192	-90.30459563434698
240000	3.02281798569417	3.0426747485257803	0.7206015561408992	0.7810212843765068	0.219323600642368	0.9416616392614067	-65.50884006156787
245000	3.02281798569417	3.0733982719209103	0.7366496712708522	0.7262586215809311	0.2501761870294884	0.7023411892849439	-90.76383313567575
250000	3.4609398584272704	4.010517434236639	0.8022096840851618	0.6400262937442093	0.20807648839484702	0.7615706328357104	-106.56138518981658
255000	3.02281798569417	3.059567280463621	0.7382901425948137	0.6618899844552378	0.2040974134725042	0.768457571478415	-117.60730562943485
260000	3.0733538977988655	3.385317441099528	0.7497357587278551	0.6244655601590442	0.24173293742225888	0.7361228907795099	-112.56946371464929
265000	3.197913913612082	3.337562804836727	0.7446530770626303	0.6945266565357118	0.23361611351047404	0.7403602163135725	-91.74498017775286
270000	3.3816390376795664	3.5455913239888277	0.8225001783153248	0.6656858948181817	0.20316541673381938	0.7020169419792898	-109.80583272423215
275000	3.1817176473993194	3.226375676252337	0.8527602290758015	0.67547567937653	0.21439496766187066	0.7218131991511125	-85.27827703943993
280000	3.6159428751812595	3.7442876807326213	0.8312789642177653	0.6935074596848372	0.26385105758706756	0.8528344801512004	-72.28306992749077
285000	3.02281798569417	3.34652154531475	0.8718585984128236	0.6762882707454966	0.242223587387879	0.7128998244170591	-105.23519333932117
290000	3.02281798569417	3.556496490994863	0.8879630821766982	0.5469424155182595	0.2771709053225352	0.7770983456619174	-99.67072373134621
295000	3.02281798569417	3.703003576728734	0.8363875766002808	0.7946107679053318	0.2163132895691101	0.9544991411380859	-60.22946724469353
300000	3.3114258346614096	3.8222053896907147	0.7583890967536125	0.6461775045080108	0.22752433387240903	0.8741375136297765	-112.36467902294427
305000	3.02281798569417	3.177339097432469	0.8638304464434635	0.6392322217093747	0.2155313182642641	0.7293894512302765	-103.56202025618776
310000	3.02281798569417	3.205993957008351	0.8456001570602059	0.7985679480960224	0.20598626084297716	0.7490750838898591	-48.46705038723967
315000	3.16013895330947	3.212235256059289	0.7884387199640898	0.7535032725466488	0.23903131558372787	0.8795860038792025	-82.55248885757098
320000	3.02281798569417	4.0853142662420145	0.8356399304343267	0.7369399547024535	0.21411491478391287	0.8118288228004341	-86.08418547209803
325000	3.02281798569417	3.465930642589134	0.8176521860421179	0.7145556722886012	0.2529191986019627	0.9994186124915613	-67.72366955555773
330000	3.02281798569417	3.15791748271526	0.8732977329602769	0.792611929699713	0.20619011263319348	0.907231754567129	-46.88963979904958
335000	3.393745031599641	3.8487909498034	0.8540140338251313	0.7060991605246306	0.2108561770240366	0.7307338238495231	-78.179377237202
340000	3.247275933548708	3.4806152684207587	0.8669622375061167	0.7099120656676992	0.21732886722456854	0.777287120320448	-76.55492896280765
345000	3.02281798569417	4.143984583397139	0.7733605212958111	0.6727942503882385	0.22942764996178458	0.7851935528757852	-94.54037286517149
350000	3.02281798569417	3.0258030048090134	0.8517706852659208	0.6412629527828105	0.2167129911485144	0.7713826757469515	-109.78557797079765
355000	4.069528431113841	4.194778748227076	0.8073767190740531	0.6788729253954086	0.2063398323703198	0.7158854818274937	-112.09489265202646
360000	3.440421172487175	3.9213292767151167	0.8054835770033357	0.6506934075314824	0.20842252221170884	0.8756840862324178	-99.34485250858509
365000	3.2798403579630286	4.070863025903874	0.8786575653260814	0.6275022189226938	0.2030290752500893	0.8446343729245719	-112.57184079685601
370000	3.407867730313389	5.304179337277791	0.8596180512047178	0.5010616397009999	0.3227347460387172	0.7001276291592566	-128.68097324290193
375000	3.2078633552304954	3.403179268065812	0.8262288809160573	0.5967734008512907	0.20829307434282482	0.7056738044707369	-124.87511360596918
380000	3.7239632781793235	5.284698636343953	0.7790665443992784	0.5928200470703292	0.20921656316113735	0.7133750017224569	-128.80310107823752
385000	3.2236705966262065	3.513048366637467	0.8603744494367531	0.5175678017360185	0.22268188694604546	0.7964331029622557	-129.55593849453643
390000	3.352455439439843	3.514878132447733	0.7476910883357919	0.6175009625154549	0.2504368531588399	0.8536804421187647	-117.8774667355028
395000	4.191822979823531	4.255635887069645	0.8520896139470798	0.5491042669651223	0.21361928814658226	0.7362520999142457	-149.06290541227145
400000	4.12440787801519	4.363612796886743	0.827308047783084	0.6386360288296117	0.21079364775723253	0.7190545442562305	-115.48916688134173
405000	3.02281798569417	3.311741445922802	0.8535374165885832	0.7301949765378654	0.20457167860869482	0.7037477776959499	-75.94811504256492
410000	3.02281798569417	3.114684447058265	0.8446421381215866	0.7404374274343426	0.21650307577680833	0.9522816069768266	-73.59936380370124
415000	3.02281798569417	3.180895641432439	0.8085987537270729	0.6832977417255214	0.23504131736831854	0.7795044590931061	-98.67556548756122
420000	3.02281798569417	3.114555320455726	0.7502787427904015	0.6173292021127257	0.2386249687843385	0.7054747699867119	-126.1007292016152
425000	3.0855433435722253	3.681573567411633	0.8819828925147072	0.6030030041172685	0.2524406004322366	0.7182424640447679	-98.29818261263503
430000	3.02281798569417	3.886111959359636	0.8439362430014371	0.7085194364046251	0.20335063543433549	0.8593292190018189	-95.84633003227941
435000	3.04329232184058	3.0699436918885326	0.8597971139953371	0.6023569326957591	0.26933240337651404	0.7799121238793365	-111.86432809481516
440000	3.02281798569417	3.15123207143065	0.7399208608662539	0.6007203276157475	0.29166543376622683	0.7741496505590743	-122.58158840171191
445000	3.157924801123538	3.2669010894411685	0.796481474673854	0.6429118259328207	0.23938869141561508	0.7194196605252022	-119.93972754579679
450000	3.5714841265657857	3.5906975532785044	0.8601030497067351	0.5689708967456644	0.248632963986525	0.7236931375111241	-114.35709753956795
455000	3.345478878282627	3.353426003765921	0.8817030892253233	0.6932483515860093	0.20160830453456918	0.7256452565691147	-93.2185435686074
460000	3.184066192088698	4.0526144340517	0.8096949981907844	0.6998454947318572	0.23870697966316523	0.8180510299697509	-104.081683178817
465000	3.737999954444657	3.8221014765653285	0.8516364470041413	0.60501310577402	0.2036190351020804	0.7408528967443069	-115.2240568696368
470000	3.2426722216123935	3.46792429241225	0.8457618609088535	0.6808856109474889	0.21508948154843327	0.7715203643201487	-82.93808837245399
475000	3.02281798569417	3.638028070687396	0.8756881557019621	0.613340175176019	0.20407607389500376	0.7006971309324527	-111.61016596542242
480000	3.043289546442552	3.1356986263821236	0.7868303735087606	0.6354184140441016	0.2599189462783405	0.8069473077050763	-97.7695457391616
485000	3.4299221991476205	3.539849842826397	0.8960858350666961	0.7144765671111313	0.21711426598363942	0.9052158356800513	-82.3713552873401
490000	3.0568223857481334	3.142560487495027	0.7604334848055352	0.719435337748433	0.20329055090909823	0.7001290103150686	-93.91567436975444
495000	3.5858082722763784	3.684675989001407	0.7469013884848547	0.6412741507749515	0.21731263300668657	0.7104136620578088	-119.16606869065885
500000	3.02281798569417	3.0789871311259978	0.8161069362898932	0.609555708577589	0.2598433267713221	0.910652300565403	-110.52682431266729
505000	3.02281798569417	3.130772124369748	0.8982812951477004	0.7267998895516288	0.22770700006428152	0.9768223297022437	-64.75809101511962
510000	3.1309151653395535	3.4781160003260734	0.7694499226770442	0.7697487534789189	0.2018347805895716	0.8791931910746642	-56.71974813159217
515000	3.1014782826746816	3.1026248387054647	0.8238413033131572	0.7029118397218461	0.20226665855906206	0.7151354776742607	-90.15019942532851
520000	3.02281798569417	3.074118867918768	0.8937302198557924	0.7348257505278072	0.2208018508149153	0.7954861032498116	-70.87748785174617
525000	3.196040124269596	3.2178947622859746	0.8624065916573839	0.651586710620454	0.24115246646583213	0.7924497740383856	-108.89767958097849
530000	3.3136400898895806	3.580036437027199	0.779560626624134	0.5993433257610178	0.21412905243293776	0.7111086463824744	-107.1681417061954
535000	3.29405786892185	4.6377646858901596	0.8897751885052239	0.6589115667716252	0.23926333903714017	0.7270366552003004	-87.36015466561508
540000	3.115182496520687	3.891532730322833	0.8890676781996077	0.6638833839844479	0.2010619620997256	0.7130603346215668	-89.93854931619973
545000	3.4337821238563024	3.4419139042397124	0.8350671133060744	0.6674332610528729	0.22026970681395117	0.7112069146899536	-99.71446231457725
550000	3.097673167045211	3.2881636832039693	0.7768672586957549	0.7233768611013763	0.22222842583725141	0.726768888032258	-83.1583889352058
555000	3.02281798569417	3.7954777792099748	0.7413330019854408	0.7856963307584621	0.2033819452898191	0.8881621919446276	-52.11268233093223
560000	3.02281798569417	3.5529361494754195	0.8701816004405658	0.7785573871606357	0.22022407052126233	0.8175513897710608	-69.59006340239225
565000	3.02281798569417	3.897538332098513	0.7465957912870369	0.7160677784165959	0.21173797044861203	0.9300313086848614	-74.2602666856896
570000	3.086819570928722	3.599708867649954	0.8368596695865013	0.6853236564597107	0.20700337345774264	0.797538837015638	-100.8705523147811
575000	3.149201045747003	4.024311024830504	0.7093670449444557	0.6570679480821053	0.30423640877139846	0.8545534730930986	-101.56051971916395
580000	3.02281798569417	3.024223628511995	0.7836867790605194	0.776462235789162	0.22222634130903157	0.9558154432557971	-61.1283691884206
585000	3.02281798569417	3.360163577525799	0.8122595633770516	0.747107281378144	0.20859595448381185	0.9098342825418306	-71.92706538676327
590000	3.02281798569417	3.373451877006327	0.8183261646687504	0.6717009781283811	0.26735546813578986	0.9051206479774767	-71.39703322801583
595000	3.533331373443828	5.277625125202526	0.8039387514530298	0.644894489138188	0.22746414750639068	0.7607257935612028	-118.55065691486001
600000	3.0327139132791854	3.3563966148210302	0.8745670233367681	0.5696615168570538	0.2191996042861629	0.7192080028112544	-116.77011713476983
605000	3.838287329531253	3.8587667993890884	0.8270146346447662	0.5591506086738093	0.20628684850959716	0.7725931139198126	-139.065852602964
610000	3.678286806493129	5.716870014762316	0.7363376204392745	0.577171690007875	0.20863521991067752	0.8314024550060997	-130.75374733004506
615000	3.6630497937192037	4.247526875040099	0.7098009416430757	0.6672034301869674	0.20281810893631372	0.7192768386278746	-120.62368855776839
620000	4.301352716382621	6.7775136753805265	0.7633098122839215	0.4586942132543607	0.2241054211924426	0.7081918673547194	-160.78788510705817
625000	3.2478838810507855	4.081562233217811	0.7003320830238975	0.7074348254881376	0.21526467498332377	0.8245327412135423	-123.53771256067898
630000	3.4089133114122414	5.951689105269749	0.8397441185525022	0.5588411970296272	0.2090208914661565	0.7910176014952035	-123.20163281332367
635000	3.803012286743602	4.073357909451464	0.7312939593090844	0.5704746873631711	0.23034232771226854	0.7327230839223833	-146.6101884981441
640000	3.370382741320252	3.6085232432483627	0.8636302288158432	0.6412424156231514	0.25250985506550233	0.708488524089663	-100.62231138606259
645000	3.1266397412487947	3.8719571442798633	0.7573251168442943	0.6567893745654346	0.20603844116987202	0.7634304580136239	-106.05343759694276
650000	3.894730627754454	4.403711600833415	0.7549345271161815	0.637794767000602	0.2125635476091308	0.8247865324510999	-121.44135438499762
655000	3.067202085859219	3.082071838483451	0.785337437166254	0.6029099103771332	0.24863475055282325	0.9136522593865208	-120.94310800575946
660000	3.229524456610916	3.2549041902407043	0.8566372576740653	0.6440858767152351	0.20875481434575585	0.7543228518439185	-123.91228770793592
665000	3.02281798569417	6.36283955104243	0.8074459274205965	0.7036441272156908	0.2058853386640407	0.8351750154878906	-94.76275857381657
670000	3.077409559320157	3.2344520702148762	0.8827616881533644	0.6656967342752287	0.20574721473682647	0.7922212325999068	-78.79115176201688
675000	3.2750003695576684	4.739880840342824	0.8641810047957879	0.7677558499535615	0.22058763704460305	0.8700468934526363	-64.73265844871682
680000	3.02281798569417	3.9006045856412475	0.7200285194520523	0.7313673447112872	0.20741989022629845	0.7821401619874189	-94.30346406232351
685000	3.02281798569417	3.5787994891160504	0.8413847407856695	0.7602598142152314	0.206554999298536	0.9174216348634535	-72.29709924397943
690000	3.041113943935369	3.5588885997413366	0.8687591243654577	0.7243291571206316	0.21614172659399164	0.747784327727929	-76.09830283153681
695000	3.02281798569417	3.4674696606911812	0.7888521646453202	0.5700133037186187	0.27089925149198596	0.8304033445327049	-109.58098498403672
700000	3.1850247487939547	3.1911327763814943	0.8860787726705974	0.7462198507721165	0.20059964701387417	0.8752594704922426	-81.24435791622517
705000	3.175968037298041	4.086819330732778	0.7769443338839117	0.7273563416243742	0.2135998274133498	0.8666382763179975	-83.38247059032116
710000	3.626772569399691	3.6300747045339543	0.8352863751164967	0.6567126475315525	0.23354837076811946	0.8585749582463084	-116.94319816800842
715000	3.02281798569417	3.951195486308625	0.8911663338050865	0.6721703127320134	0.2146290471252935	0.7364574899148518	-109.45379700339137
720000	3.2029077386109743	3.294867493224348	0.8534008586888678	0.5943570447842327	0.20497825167443076	0.7254540131859156	-115.82626841210222
725000	3.404227994951112	3.844311987588829	0.7473199995900435	0.6327482032889629	0.20569283163270366	0.7285118734568241	-121.68956615914638
730000	3.1719153286695376	3.658801435532542	0.8369393465182496	0.5769245618783576	0.20258940545591167	0.7055934515520703	-110.88728563446682
735000	3.02281798569417	3.400672884316242	0.8664011901334558	0.7812073202670434	0.20714458210836026	0.7274107081663734	-53.91418050957508
740000	3.02281798569417	3.103386332409025	0.8255795573285822	0.7507781590427809	0.22923311803571522	0.729265164930547	-80.24378763373974
745000	3.214235575032254	3.2709764578623077	0.7281131202087345	0.6046215968776807	0.2591755084989179	0.7440257137146308	-101.2250733828001
750000	3.02281798569417	4.211544666662886	0.8387028044023307	0.7288706244581576	0.23616915037119174	0.8132833286223815	-98.18361365168832
755000	3.02281798569417	3.1024710503419173	0.8805058664277328	0.6533619343248893	0.25374885039798956	0.8131590175824573	-98.5726795798351
760000	3.046372377694137	3.2889718060040662	0.8255558983653757	0.6352727140448693	0.22016295535640495	0.808124906037989	-111.80570849974302
765000	3.059035677408623	3.3697208593713586	0.7309921255949918	0.6577800427900485	0.23706208966827574	0.7320499566497074	-100.31199513078116
770000	3.5227917677253604	4.471486140696563	0.7453205313389637	0.6357795688818176	0.23389297733928388	0.7466638121856001	-119.85409707127528
775000	3.524067941448892	3.6144378475444032	0.8635993581164524	0.5999789910800155	0.2053468558920516	0.7701773510705503	-121.0222160069934
780000	3.02281798569417	3.026101250195235	0.7280021826289674	0.6819478671836919	0.23247122450925836	0.7753084466937396	-97.9453735878651
785000	3.7841912706962773	4.442816655248238	0.8871318742106061	0.6535842532861124	0.2038037324431472	0.7674594306041792	-106.08809572644
790000	3.2780964748171453	3.924790988557125	0.8109835910066763	0.6710217118209891	0.2431375700012748	0.831446559439099	-80.34128953768098
795000	3.38149952118582	3.4534192352754367	0.8210648093682836	0.7268434188587358	0.23004465866180812	0.7191003497810019	-89.899289230081
800000	3.02281798569417	3.8620120652886807	0.7020428285755033	0.7010443483530665	0.20028053877528615	0.710904559424736	-105.302710724599
805000	3.02281798569417	3.084451205283271	0.8908590726024256	0.6931978906241254	0.22002433876115465	0.9298249487521144	-74.88161234262816
810000	3.02281798569417	3.33521959994429	0.8033422065008007	0.6684926593497175	0.212002995983844	0.8352372069476226	-108.03895188277332
815000	3.351675037738969	3.371081962011364	0.7075256087992623	0.7224202452438896	0.20374958379726868	0.7052791033047624	-87.0657456153852
820000	3.2384064363211014	3.3591253173791515	0.8831947596988747	0.689110499923122	0.2148685086626176	0.7680196477827449	-92.95506302152606
825000	3.0721287402725226	3.0828495867627046	0.8526181721137654	0.6610815750219955	0.23246849251144636	0.7083127631930144	-89.18629040546577
830000	3.290774746393663	3.3708165344457672	0.8915708459434654	0.6614382681471596	0.20313872511381614	0.709367471063236	-109.71155498773112
835000	3.2100467300941964	3.707001171985757	0.7352912115586446	0.7418310065821413	0.20396962344888994	0.7721418854739618	-81.37267609580996
840000	3.0311105727773358	3.2476352892099705	0.8859213375122422	0.6717525638777225	0.21855936520967817	0.7292666104695924	-82.81994006990533
845000	3.3645593580020874	3.476858336657459	0.8680982959177379	0.6615174945711768	0.20031683990724108	0.8319010120016028	-83.55522918695121
850000	3.3715562804287327	3.432802542884121	0.8704012210661077	0.6923277425771245	0.22240110726801682	0.8478836331382609	-94.40138687387136
855000	3.099497084931857	3.1700949878863485	0.7797652322585821	0.5780990724125018	0.23738149656309412	0.7351335049364294	-114.21787922242791
860000	3.4054568991348537	3.8723137159532093	0.8782097298404585	0.46989067857870065	0.280673560791041	0.7074158113786729	-123.13845976228541
865000	3.02281798569417	3.1330390050941053	0.8000216998639581	0.7245222417744287	0.20423031192900168	0.9187252818130299	-100.12411854223208
870000	3.02281798569417	3.0285612940854203	0.8607045423987162	0.7608926117802817	0.21762014340313113	0.7478210917864578	-70.37041237763148
875000	3.02281798569417	3.7966886347571442	0.8309468237790325	0.7823290854513567	0.20625653781256664	0.765183884603364	-58.83547287087856
880000	3.02281798569417	3.12464292818847	0.8367396961283535	0.7326315780302969	0.20644569858791736	0.7304394050940565	-80.96764307428742
885000	3.026421026964768	3.084722182816653	0.7831330353983849	0.7751653428664704	0.21648688931236165	0.9881438985497407	-43.72161458560662
890000	3.02281798569417	3.694206849762655	0.729064666974934	0.7662342731550283	0.20272538446612623	0.8067050712747551	-78.38394624686535
895000	3.1849907821031693	3.642076080453638	0.702296670091929	0.7194830647930391	0.20825641182355656	0.9627002359559435	-99.1534287298089
900000	3.02281798569417	3.382644883533339	0.8805541680866904	0.685266548772441	0.21237077296806983	0.7018264464950792	-86.05581972849274
905000	3.036697635043953	3.5991563854831274	0.8947847879425869	0.6795241383622808	0.21105148160976678	0.9974656393751093	-102.68526200325084
910000	3.256864178289871	3.259151848162043	0.8104166168707967	0.6861381690917729	0.21631173791471392	0.8208693147340028	-78.53744367813937
915000	3.1000326381520034	3.1243125796676865	0.7814437370809661	0.6814381002921783	0.21977030887803803	0.7444734142655361	-88.31527427610939
920000	3.2812072919651403	3.293686271124702	0.8195648312215049	0.7354521461720114	0.2563651413401595	0.9433242270348561	-65.82720083959441
925000	3.32891785535544	3.769164466543287	0.743577085593047	0.7341031116248996	0.2412086012483506	0.745528899665438	-92.9359655030427
930000	3.4732075114617507	3.6885434982233316	0.8593427361920384	0.6642395929839866	0.20507198607776908	0.7544258474217715	-87.07252188410709
935000	3.02281798569417	3.182637255224023	0.8008464902207759	0.6742096322602479	0.23505249471215814	0.8664943847725672	-106.64112446182031
940000	3.4119563527065147	3.6830732872895795	0.8139991280135379	0.6450060633427704	0.2010782310078575	0.703832841212869	-118.68529886338337
945000	3.286272511434905	4.243927166131615	0.7524086778834683	0.6754559105919614	0.21611618720633977	0.7200156623199103	-103.96241008185675
950000	3.0270748826881597	3.7317773763276016	0.7805799970702738	0.6600158267257813	0.224724315556745	0.7630576346751873	-110.56917636881306
955000	3.78048792752856	4.171772023069626	0.8208934924655751	0.6996638923115097	0.20593099241803142	0.791934792489401	-90.63054811345333
960000	3.0438194165181782	3.3357993492929765	0.8885543608638695	0.7215563902492079	0.20320917849359707	0.9491291332523749	-78.72859796333199
965000	3.0959616576050744	3.204707787064415	0.8409605111724107	0.7021033998883436	0.20900341594553085	0.875074144793174	-99.7395018231125
970000	3.2766464311482055	3.4552130940365147	0.8019366878777091	0.7599340267985136	0.20443187565864862	0.7647047411773951	-84.51018338407283
975000	3.02281798569417	3.3786315630274264	0.8018703360127418	0.712545561507424	0.2067972177839063	0.7577196827146223	-95.21199225508448
980000	4.242884023321943	4.721681403122896	0.8495735702669543	0.6749778785401739	0.21509433168175393	0.7286098967931901	-100.05932224509456
985000	3.02281798569417	3.161286185165019	0.8274152131431165	0.6926791636583315	0.20988757324224577	0.7453123364023769	-89.9860794735284
990000	3.504018059296503	3.758979840050898	0.8156285985259761	0.7706919970863708	0.21555129108686913	0.8932570784070402	-83.99386994432635
995000	3.07153465264885	3.368791411115133	0.8928523495749057	0.7640383022326197	0.20668050506215094	0.9572587759576534	-56.82632294629333
1000000	3.0856248701941644	3.486290000622237	0.8128388124424266	0.7363463592985868	0.2319901773788207	0.9101942910100829	-89.84542754729401
1005000	3.4832823939447786	4.319096976417643	0.7772934068195644	0.642362407632069	0.2133685359698322	0.7281082839030555	-118.91742589420033
1010000	3.3746568841220634	4.331444648375518	0.771148508197795	0.6127365572676734	0.20400286054642805	0.728618523204455	-125.81417813437548
1015000	3.4404018281174773	3.5017396874441062	0.7850322765382215	0.7115682048220744	0.22806595062240947	0.7268304271879003	-122.41228808626082
1020000	3.431187596455027	4.064492407574142	0.7368688965236359	0.7258149081267987	0.20362126914831077	0.7261018701867363	-95.80540046088501
1025000	4.113360932067452	4.290104046253526	0.7166324319857764	0.7288389548486576	0.21214360896941015	0.7181213628068049	-110.85785753462022
1030000	3.7119778773953294	4.182302280038353	0.8075235253068249	0.652558635041521	0.20353999837775427	0.7033072121755625	-118.3703004173432
1035000	3.460276940978694	5.1865451021390685	0.7965916219374546	0.6751997649939414	0.22059920137674816	0.7380509544236807	-124.27765652309421
1040000	3.088078653578326	3.8177939287378044	0.8512748529220472	0.6704396364510586	0.2205231648271865	0.9783858424954904	-72.28905702884626
1045000	3.02281798569417	4.1422136306006365	0.8168303668327905	0.7150310405683235	0.21803722571792913	0.7699600440065814	-81.91981953187482
1050000	3.02281798569417	3.178123101797293	0.8506045129493354	0.6901481499015834	0.20294931700193894	0.7393329986787425	-103.65999989724622
1055000	4.203723170252368	4.368154175974577	0.7560587786140356	0.5063589827647536	0.2613044199265493	0.7033424163410582	-148.11143598922092
1060000	4.270163179790375	5.771036981714643	0.7518840796512628	0.563003519733492	0.2590750279350571	0.7068924290892228	-135.51665809089002
1065000	3.02281798569417	4.1409739344732	0.8763221971426197	0.6100628573294119	0.20893932057237938	0.7814281776943494	-130.2418810963355
1070000	3.0901738812791844	3.5321211470154776	0.8655856825927923	0.5859655374288568	0.22817748531470403	0.7001311710015312	-120.2979730523698
1075000	3.5849870659205587	3.6688666057891703	0.8215251658997207	0.5578305931567789	0.20444443391313227	0.7522667539125724	-136.70166204575477
1080000	3.8460136375511613	5.169027700529783	0.8103906009285095	0.6292061993367445	0.20503613192545964	0.7158224255992077	-134.00733827401825
1085000	3.02281798569417	3.5765986231986715	0.7495227079586367	0.7523166451819691	0.21032148053760433	0.8757234958371912	-80.16643050645274
1090000	3.02281798569417	3.959966690233053	0.8311678705065525	0.6828190380354605	0.2161389791015387	0.8370259525328474	-102.79802639062794
1095000	3.341905705151241	3.53667770879924	0.7604881886785457	0.722221535874571	0.2159745370129626	0.8370773865739572	-99.6776527379566
1100000	3.4386444638130467	3.694646027240056	0.7480548709107272	0.7284887096660109	0.20664391538492416	0.8675757544929766	-74.60056731816113
1105000	3.13364830518925	3.582198117180492	0.8683762908422752	0.7380987433164481	0.20707960654719018	0.9526076287404573	-63.81691995808787
1110000	3.02281798569417	3.036743506660484	0.8712319129358138	0.6902993406333253	0.20846887210465198	0.8627729101008316	-97.14892992310035
1115000	4.2652420528715975	4.387479932581223	0.8431676614990554	0.6598348240189826	0.2101278843298004	0.8180423792278174	-100.2778377239188
1120000	3.168196659147953	3.8251918071036886	0.7688105496439303	0.7569278268576805	0.20230443564267564	0.729667744594745	-92.97314327391902
1125000	3.02281798569417	3.580880622603059	0.8170008938974598	0.6770347016250878	0.28827469004889794	0.7840168690383132	-80.29353955581047
1130000	3.02281798569417	3.3785763375419733	0.778947858120894	0.7456129435102408	0.20039841270854256	0.7367872040027941	-98.1277078729241
1135000	3.0804495889952728	3.8029531240232224	0.8748243208810229	0.6859814727098723	0.20845378137738246	0.8609992187978126	-90.87628422014976
1140000	3.04410017487622	3.5066456443537697	0.835942366056456	0.6772317041786311	0.21013795904280483	0.7110803923207569	-83.1509490193676
1145000	3.235148554761993	3.328789168849243	0.7731353531486048	0.6346576115662538	0.2599584021479798	0.7251700348773172	-101.0237554083244
1150000	3.02281798569417	3.421228274187499	0.8481297691617362	0.6500490600663099	0.22063514268121906	0.9148572624721961	-83.87186365408056
1155000	3.02281798569417	3.292315370912268	0.7188646885664692	0.7331982920894218	0.21384217570446398	0.7414377306048933	-85.75251220012157
1160000	3.046067645470643	3.1130759312448775	0.8264722442614051	0.6874088801570641	0.2193803900537036	0.7346232744897551	-72.46812407155238
1165000	3.02281798569417	3.773073920372545	0.7808884452312072	0.6510991536428941	0.22248682853490526	0.7473581819535471	-122.4218088909852
1170000	3.3044434654298436	3.9419099778215094	0.8104196356229082	0.6711827937367508	0.25143015438470345	0.8114625358532139	-103.0314796533699
1175000	3.02281798569417	3.3314293138549056	0.8850598098107018	0.6882068289857042	0.20026060664621742	0.8039397795904217	-95.17536310975927
1180000	3.046104591152759	3.602313811373128	0.8741225144843635	0.6056225382910364	0.2862154186117793	0.8517969328305867	-99.0821612020469
1185000	3.0275886438119244	3.099107595112528	0.8120761057379206	0.7290704441118175	0.2030976208868857	0.8614744592045175	-73.48296209130146
1190000	3.02281798569417	3.591906543620046	0.8757344587519613	0.7210155745739473	0.21393394786214145	0.8089774975232736	-66.11338911229822
1195000	3.02281798569417	3.054514230051322	0.7132736722029549	0.7645500805700894	0.20411891678414523	0.7463453197946284	-77.71531016434812
1200000	3.02281798569417	3.19619923265299	0.7813945315184817	0.7222744532567863	0.20444675006234603	0.8215716207029834	-87.26537201903614
1205000	3.02281798569417	3.1391165626890514	0.8901690493009546	0.7147901918598539	0.21157429124857885	0.8612232524000362	-73.95956592855597
1210000	3.02281798569417	3.188784246185871	0.8038457664361142	0.7050091479175858	0.21130359027834164	0.9559920772844531	-76.9114806190141
1215000	3.1437524598597686	3.473031856579179	0.8928910995975046	0.6242684529145311	0.23968906331676407	0.7325387102286962	-105.61838556424092
1220000	3.2412643080789243	4.009551081618969	0.832931654204256	0.715609346486407	0.22019072239033596	0.7097199732150485	-87.57826231034343
1225000	3.7026964330431813	3.8997755514374997	0.7826635995169987	0.6139179426438625	0.2779208626799405	0.7031863974213362	-110.18698175274949
1230000	3.02281798569417	3.2029364999618077	0.7878728361051588	0.7039557151119087	0.20745288277489096	0.7475859246507821	-98.08361469464788
1235000	3.041573293434146	3.080189206836014	0.8920354565115518	0.6964119810256238	0.2210579290870891	0.7113452605453682	-80.08429389199003
1240000	3.1234951390494468	3.6601599952716466	0.7549789196491845	0.7338748135390023	0.20033868153533088	0.8355799461850145	-84.67689227311502
1245000	3.371564550778804	3.8965185430357345	0.8880564884397119	0.6507118557439238	0.21995698415139736	0.7754380763155958	-108.06591984467889
1250000	4.6524581448683815	5.457998578754251	0.7699737530479069	0.5896787777455985	0.21817756854501494	0.7047713998616129	-133.27477369576232
1255000	3.539857527963517	4.019483694379569	0.7613159778889516	0.48161458174607974	0.22708573158461123	0.7040197874921785	-155.17763801008874
1260000	3.852678171256725	4.560484314049245	0.8683006620911666	0.5664290495432297	0.20297895774278057	0.7049971144274348	-129.84104722297135
1265000	3.2389854992884883	3.5896848666274885	0.8681718378755242	0.6315309931316081	0.2329285949348195	0.7395486547793151	-111.97138138713564
1270000	3.534693918480063	3.642487066386461	0.8179752702904254	0.6329246584627299	0.21581247118363378	0.7844509349779522	-99.9111092408942
1275000	3.02281798569417	3.5504621618730194	0.8171204158022138	0.7217102029066538	0.20437106404817407	0.7674415627303383	-86.34290663086276
1280000	3.424313549600093	4.187428069602209	0.817701274617332	0.6686173443704618	0.2036469045325397	0.8261947092675347	-105.48811241145765
1285000	3.02281798569417	4.152002322640703	0.7296801100885133	0.7141922274870113	0.2064777808275522	0.9037069508000058	-105.56768872537717
1290000	3.02281798569417	3.1364435701063624	0.8782737409327309	0.6524422877041804	0.21466295756214052	0.7170587356096424	-107.19017279643475
1295000	3.5944143986444868	3.8911693639303495	0.7555669020295901	0.6862436063027226	0.23894903703107226	0.7805510195084526	-96.442855864384
1300000	3.8321681216322685	3.894582429167998	0.771932017131774	0.703714459947791	0.2046864054746454	0.7279656965781657	-97.28154163928696
1305000	3.02281798569417	3.19007556214967	0.7240691420440261	0.7552696550186826	0.20043838462830654	0.7329114670846957	-85.11999178319047
1310000	3.02281798569417	3.21177111158361	0.7511366432433688	0.687398555354139	0.22183927241290913	0.8584988683188306	-87.91699627836815
1315000	3.02281798569417	3.0938505911075143	0.7906574726795158	0.7148373268571885	0.22185051426506752	0.8942778890586793	-83.65360144032044
1320000	3.844120816291335	3.973437387722367	0.8924065372771465	0.5389466486139879	0.22713562472861595	0.7252737214845836	-109.20128252345455
1325000	3.3219495082129766	5.742745008162208	0.8625567227331351	0.5974747719048163	0.25781775512887223	0.7930639955484399	-116.78677764545299
1330000	3.356263098578728	3.468549542235875	0.8760910389573554	0.6764534465257205	0.21432582115707613	0.7146953330477778	-106.0519362164006
1335000	3.0783183748314187	3.930471272049914	0.8724748922313298	0.6387700291777846	0.20112970598959612	0.7694182776083452	-119.05461872571865
1340000	3.242043462887693	3.4132364963509296	0.8011936587910421	0.640900263598305	0.2577444762373959	0.7603952420629095	-96.54740427249311
1345000	3.1437343072084167	3.3130513789126175	0.8071336413969218	0.6179905392782332	0.21309095899874347	0.7553568145033471	-118.39270099614166
1350000	3.42413641628985	3.933543897552774	0.7212667065350848	0.6947748330711294	0.20635503035710676	0.7226987461824894	-99.69427940818602
1355000	3.152020839080214	3.5414105918283645	0.818419608688953	0.695650077409659	0.21844528405704278	0.7265543717133134	-93.83628348151043
1360000	3.02281798569417	3.8777100120906014	0.8588900793341676	0.7645787617772534	0.2033328942908494	0.7248051998924662	-74.95712800038956
1365000	3.02281798569417	3.1848978448586927	0.8395958952703655	0.6830842633099905	0.2194771030639781	0.8538697938364713	-101.42988342385647
1370000	3.02281798569417	4.132316907237752	0.7585843295454848	0.7123039497454743	0.23210941575628122	0.7079769078233277	-76.85587153058563
1375000	3.120255245280044	4.588605438255894	0.7405932670922625	0.7035120029147209	0.216471800450978	0.7070822076399467	-102.97520334110322
1380000	3.37435300011822	5.303099379394632	0.8448021132798232	0.5680821217221835	0.23246430874911603	0.8200294721631276	-121.5082498376023
1385000	3.292399211684801	3.323891405620308	0.7413678942580949	0.7254252426604033	0.20960302307756953	0.7264303619293166	-99.29428570280288
1390000	3.4034408042985205	3.679575698963099	0.8995033942214195	0.5966676801634523	0.28059086892083324	0.7643635514916984	-113.94585164366637
1395000	3.02281798569417	3.733399272186818	0.7190693185409636	0.6852865174481325	0.20861515084289967	0.7044698926044197	-104.26918508257458
1400000	3.235979627176742	3.5104001248209693	0.7637726095275841	0.6603173719124157	0.2235435085319614	0.9484694213365943	-111.4626027375121
1405000	3.02281798569417	3.0431559988633285	0.7898098617381515	0.6709090571858071	0.21109002351024206	0.9080773694403418	-87.7139846476172
1410000	3.02281798569417	3.4272095475120166	0.7204886251770364	0.758282005229845	0.20432994841431681	0.818326065583039	-79.12227680859797
1415000	3.060722765498575	3.6261866531544484	0.8474599786608222	0.796556469974926	0.20825180401252846	0.7356593108406587	-58.1228209654218
1420000	3.6474847678537183	3.8533600946786115	0.8832662280566272	0.7010826722942796	0.2005518089737911	0.7283404648589401	-84.6357225057003
1425000	3.3530057945694334	3.68935779546051	0.7916141904915441	0.7343396388066122	0.23608727959616504	0.8049433038622296	-89.2784293230113
1430000	3.1476763194817448	3.372483323078817	0.8444280990051444	0.6093181729559937	0.2024072160245361	0.7012422554268629	-109.87321514041935
1435000	3.8222215156670476	4.563285632744395	0.8760616698507383	0.5903572740137238	0.2151084283569435	0.7236640648965151	-130.52644922911892
1440000	3.02281798569417	4.362215131631988	0.8220156936650823	0.6154110335898177	0.27888295404528246	0.7264438498613138	-111.50293865337707
1445000	3.36104248299993	4.032721383681238	0.7434689254355031	0.5598993973259098	0.289967842991236	0.7657793333323917	-127.98651460718247
1450000	3.553134266844044	3.7796875791399787	0.7048693636604659	0.709362601038031	0.21024000343647267	0.7598906539484405	-98.32943565734374
1455000	3.1051024275527843	3.2541295427883163	0.7650307772492366	0.6917038889111241	0.2019658170550511	0.7023068340340154	-99.24159498766545
1460000	3.2232352517194904	4.040354086598513	0.8582274918875404	0.6257384222006035	0.2414556991418833	0.7184307235452772	-103.73775876430463
1465000	3.02281798569417	4.732997532114688	0.7077816182269531	0.7330638355998188	0.21365957471262076	0.7812929825385866	-99.80663727455857
1470000	3.02281798569417	3.0985191230566116	0.7273031586958734	0.6966825724938563	0.21841458679347753	0.7936905304713407	-94.44495399081174
1475000	3.5022504002024024	3.7919115053735104	0.7872134374367858	0.6593663381772914	0.20457969008912252	0.7790723779845614	-97.88983246294111
1480000	3.02281798569417	3.2634993030598682	0.8917763280165512	0.6898920858142645	0.21022865469796184	0.820978445817682	-79.42784346703598
1485000	3.02281798569417	3.703156542863176	0.7536391965234485	0.7774380562882447	0.20908651051413443	0.7593194456678692	-74.42236325306573
1490000	3.02281798569417	3.060733444763087	0.8601495589760374	0.6368718333838241	0.2551620186540022	0.7479078989162653	-99.10049926188816
1495000	3.432266580777694	3.7307698968080554	0.7901129934533186	0.6688193118710783	0.25607618273351845	0.7158863848242095	-113.01646908222216
1500000	3.6536491995592635	3.926655650463346	0.8013648612267043	0.663550058265996	0.2358390889464477	0.7598038645660495	-106.12146556829231
1505000	4.361397421945057	4.8800045091268665	0.8746615221532792	0.6241338345059999	0.23549675901324318	0.8746247029074679	-107.67166923203078
1510000	3.02281798569417	3.0286179457402387	0.7577536871299495	0.7189645889932219	0.2050985019954468	0.762534513089922	-109.6326879372937
1515000	3.104362197303376	3.4244555017885414	0.7959837239673773	0.560607878474042	0.31312514230707156	0.7058483276120647	-100.50732113600083
1520000	3.1702696870789864	3.5482583540655983	0.8681496062957423	0.7274373027537732	0.20162143061331436	0.7232025903646108	-87.18345761503085
1525000	3.02281798569417	3.2501335979109687	0.8888362358070535	0.6731840726492767	0.2145075583605631	0.7077562569785083	-97.89832116615966
1530000	3.1033993678125467	3.1732462328546167	0.8291889089699374	0.5981144256381985	0.2539837952925639	0.7493670299596981	-90.25622476266832
1535000	3.3596682787809304	3.7838078010863154	0.7475366781340005	0.7517278038404359	0.20795286383141767	0.7416267395873447	-77.72364846932987
1540000	3.060506026712239	3.163838843419251	0.7474222283029412	0.6900946448153897	0.2108953685173482	0.7458573148465844	-125.02719773313405
1545000	3.5213638858814456	4.259378863743099	0.8895550374889171	0.6111030512251157	0.20004540981848268	0.7271668603208757	-126.33505513739655
1550000	3.3356177697505887	3.5208317848477497	0.708121371778716	0.7320095707070517	0.20163331025823644	0.7970735465966593	-103.33276049144663
1555000	3.1429457598487867	3.7183621234180673	0.724630203582924	0.7581375325128712	0.20351759610743225	0.7547202238512665	-98.23437968923196
1560000	3.7925464236574467	4.378890635692185	0.7970666961160513	0.5631687949736579	0.21061185478156827	0.7351969505740894	-136.48881312680808
1565000	3.0952536569965297	4.1657512076742895	0.8625028701138135	0.5192665844287969	0.24678034269737087	0.7423187086166952	-133.10429475718638
1570000	3.313774833839284	3.9398971529508273	0.8275243596137236	0.5760208440344053	0.2251058280569686	0.7664720979849725	-119.05853130539751
1575000	4.045305329009764	4.757275574625251	0.7292690167814083	0.623953578788271	0.21116851726395752	0.7062773778466847	-124.29452272580659
1580000	3.6627352408604383	3.98372553681921	0.8829974070300075	0.6905585276462031	0.2122449188558671	0.8732110437589665	-98.16058309144628
1585000	3.3902677825251133	3.8742677973151785	0.7946945094731347	0.6391232180256711	0.20200005483207684	0.7086742505516168	-118.86914862050381
1590000	3.126212223296502	3.690086417696217	0.8209024424689035	0.6671591587948903	0.21178383701464898	0.7883909077863305	-109.65427969231303
1595000	3.02281798569417	3.0987094845482854	0.7662429534045825	0.6343695914969196	0.2137777303731165	0.743181600644877	-106.07373240785776
1600000	3.23181018636325	4.100376732636017	0.7590152634041563	0.7589056963181708	0.21065595960559824	0.8606635986516101	-100.7096177764468
1605000	3.0439733024956057	3.0938953942280563	0.8681893650754499	0.7022269510188713	0.21749966003493532	0.7652379645109683	-92.89843874722553
1610000	3.055877623019996	3.2161873791259947	0.7100399265246152	0.7999724500390155	0.2074324183768289	0.7171977530837693	-63.97468278831651
1615000	3.3162802338281185	3.4582223576538045	0.8327640665956926	0.7438591430360453	0.22724565548181852	0.8988527903464019	-69.45456539866598
1620000	3.02281798569417	3.1880359122775572	0.8293454748067525	0.7174934858850149	0.21975927143852914	0.7359950992718125	-85.24706145338249
1625000	3.02281798569417	3.1049146421210194	0.8268553609547833	0.7287891883205426	0.21174420406178085	0.8773742638854433	-82.98580218904075
1630000	3.16916296138304	3.3030759582294777	0.7298414721127607	0.7446302129307293	0.20775334613326596	0.7053791916924492	-116.77549426322327
1635000	3.02281798569417	3.5861100334466776	0.7803700772801084	0.6293454856777593	0.24997210160748315	0.7151258673675747	-94.32184040933996
1640000	3.047053314198844	3.656216619321352	0.7506840314215473	0.7440191888791204	0.2029863996047295	0.8320366134700613	-96.11301835409094
1645000	3.02281798569417	3.13672636576163	0.7568308320673167	0.7647879825573848	0.24958802807435002	0.7073150137111537	-53.43244479719906
1650000	3.0651751800734077	3.8297503717807855	0.8952578512910073	0.5088120545823265	0.25042030282771965	0.7031639201980626	-138.66240762177685
1655000	3.290976946312098	3.356541519213012	0.8576929435681911	0.642843934430474	0.23056953340526518	0.7581225249478653	-87.54058626185363
1660000	3.2332647580271745	3.234612585914413	0.8344563038342722	0.7100684151441753	0.22096407866523515	0.7693048388835964	-75.1017413034414
1665000	3.1581534002281964	4.059453976034507	0.8305171759670454	0.7135017272236742	0.22005580564651545	0.9021475575116848	-90.29108371296064
1670000	3.1654329174437597	3.6088675507069934	0.7765552369377197	0.7544714254262245	0.20533442384267925	0.9628008071764408	-62.37255821351532
1675000	3.1001791760076673	3.279604414864626	0.7912491494079146	0.6641837961127343	0.24109351539413357	0.8069058803397664	-91.21487272290523
1680000	3.02281798569417	3.0875948944265352	0.7681263765524041	0.6948748539877202	0.20948690318628488	0.7512913042114449	-85.42510764301599
1685000	3.02281798569417	3.1195693668893854	0.8944347109595344	0.6268479379870163	0.22484595618525638	0.7000675889929119	-108.41758454007044
1690000	3.169480073233785	3.4524862250722306	0.7036150845950336	0.6552972203288149	0.20336740150376856	0.7492677066221924	-115.68743606154115
1695000	3.532225695229162	4.439889807026116	0.8805265772001616	0.6289546687857317	0.21812297060750774	0.739604084236119	-110.83644237005578
1700000	3.5212710652087957	4.730964466318729	0.849027094228367	0.5112085201108503	0.30512451155064363	0.7115358769828145	-120.90556241555396
1705000	3.02281798569417	3.3046472580634547	0.8250699736309354	0.6341219156598726	0.2137725849970584	0.7019176332829763	-115.76026034782751
1710000	3.2417852762772497	3.267709500597364	0.8711953807873948	0.7099835992846623	0.20389515158621824	0.802349102314431	-89.55006671830154
1715000	3.376069883202692	4.3000972676852065	0.7175736413118462	0.6940247963979883	0.2135536545623896	0.8301719841709176	-88.98813268506447
1720000	3.17005640284589	3.982159618340745	0.8678709462661748	0.6549413503969637	0.26976122716471973	0.807579670441979	-103.95474732073541
1725000	3.0513366068566565	3.2242774846885687	0.880708000060177	0.7077872646467313	0.21147305669718727	0.8238312617780602	-95.97870725569163
1730000	3.5241513231386086	3.8317719869491373	0.7865701451095864	0.6798950396012262	0.20591004634078716	0.7032903734348556	-102.46238046662415
1735000	3.13306795004332	3.205013819892335	0.8522313910871329	0.703687986167988	0.2073293174316145	0.7167681654556475	-97.17913999210768
1740000	3.932521486932334	4.631599055244894	0.7380201289476693	0.6695726104993768	0.23399704551603154	0.7396760614491492	-106.86357345983387
1745000	3.02281798569417	3.071537718048771	0.8773216429200503	0.5701930372681289	0.2133036926364134	0.8131509227699629	-113.84465018338943
1750000	3.191722076166479	3.2304057993714492	0.7396491522002164	0.6792768537689798	0.22990800897177968	0.7465906149453323	-96.91740914114149
1755000	3.02281798569417	3.1442348025455167	0.7756437400464592	0.717259168042544	0.22148108004439584	0.728009209591624	-88.17575002651276
1760000	3.2837032633860592	3.587582250195946	0.8344260790012811	0.6912449143587495	0.23033038346895304	0.7534510950400943	-85.79375391367117
1765000	3.02281798569417	3.1148191177390654	0.8614905006389799	0.7195799847816755	0.21895986006171345	0.8292827793381965	-87.72099507850845
1770000	4.359754361462698	4.947216064694448	0.854679907422656	0.67891418729145	0.20749971626439706	0.8175325436081248	-114.44456247692358
1775000	3.02281798569417	4.533283266864472	0.8275745999257199	0.6288193950062092	0.22087124018585574	0.7322521380233024	-113.17456221622561
1780000	3.2089295089411816	3.970982943037159	0.860955012467803	0.6700099627149879	0.2225051882821965	0.7119624473628339	-98.84913522091375
1785000	3.247605448794101	3.2794533819677767	0.8651135387391949	0.7230154730018623	0.20561962949476026	0.8316991348374284	-75.76818843487749
1790000	3.02281798569417	3.4420492255935615	0.740667162306526	0.7249430074943617	0.21480419589543248	0.7250780703434521	-90.83209341684727
1795000	3.02281798569417	3.0281585534149413	0.8355882615859416	0.7213136037508538	0.21883248060213417	0.9906218432025259	-77.70793150883301
1800000	3.138887624345368	3.2907498583872288	0.7862079223118895	0.6323320394437736	0.2250068916121993	0.8075977216107533	-107.63678190002506
1805000	3.02281798569417	3.421504950038593	0.796644544044027	0.6748284673203663	0.20257520692505832	0.8379525397584257	-101.09290261682915
1810000	3.5509952429801146	5.924536468629221	0.8402775515420041	0.6545651728573645	0.2328361199095863	0.8539480848891591	-92.17705599034244
1815000	3.7144758426939126	4.383086652958842	0.8983311264785566	0.5555118738899228	0.21510799591812757	0.7213992478495526	-120.7031902611667
1820000	3.0736035563743633	3.297244891333607	0.754304695720371	0.711494705319545	0.21178619421480732	0.8513363198371114	-79.79242219363093
1825000	3.02281798569417	3.933548240781404	0.7367350257227178	0.7758934550201833	0.2067838936717392	0.7664560271248111	-76.94694136774234
1830000	3.2402902750136096	4.396127270587595	0.8990674873735863	0.7009654630524614	0.20538995039483077	0.7423728204151778	-80.56196697034204
1835000	3.0257967075443846	3.3502345376365787	0.7190270514765217	0.7757867741085895	0.2021525229710205	0.7413447032587539	-62.72765444330153
1840000	3.1387043595749375	3.1845364423003266	0.7435667653089816	0.7413604085423608	0.20458523356041874	0.8400456874181186	-74.67791759435886
1845000	3.02281798569417	3.140241099811375	0.854032372180686	0.5805899269536248	0.21942488782292532	0.7072062806759549	-117.10164518118461
1850000	3.02281798569417	3.0367492388136292	0.8119102609337249	0.6525335254792076	0.22759826635091918	0.7142460760980909	-118.10146810211418
1855000	3.2072273243202303	4.1665334006901755	0.7740512206124988	0.5793920010025434	0.26724031678780763	0.7073202718513828	-135.61556551935115
1860000	3.02281798569417	3.126626921549067	0.7759008941737976	0.7189452235496706	0.24228682293941964	0.8285517237427544	-91.09124119634353
1865000	3.1932111203279465	3.3613279802937726	0.8674111071024534	0.668690629749328	0.21998689631197052	0.7403581132239281	-86.73882880178132
1870000	3.02281798569417	3.632351763212063	0.8518544576382622	0.7042145051621534	0.22550432964089087	0.733658491839947	-75.85028999484601
1875000	3.02281798569417	3.770525669920492	0.8042993082563736	0.7401024535200985	0.21433752289191213	0.9974227016574614	-69.69711739565989
1880000	3.5727380662628745	4.111107409641553	0.7740433470325608	0.6762500521714991	0.21556909378487485	0.7288054875977275	-105.80743569903225
1885000	3.0232997208253263	3.6166192043142797	0.8732300018430764	0.5641918463025866	0.2273042312877219	0.7069473384313305	-119.93141229361854
1890000	3.02281798569417	5.020924299266084	0.7800097740806923	0.6844466865408917	0.20221464493670005	0.7880679469985509	-112.24689995893209
1895000	3.02281798569417	3.1222434616360317	0.8618802003784934	0.6458047358961493	0.22324936943166163	0.731900159204925	-122.26290539588462
1900000	3.1961065459329667	3.2314464672357013	0.7466675481134297	0.6710534943129818	0.20253427259305437	0.7994831892785004	-110.39513374334305
1905000	3.5051366649536657	4.262993169636137	0.8588771676810834	0.7282064475297365	0.22851828073450195	0.866579922374369	-90.68615862649384
1910000	3.02281798569417	4.656370205463794	0.8964005460821641	0.7608975838825583	0.20505466311915338	0.7625401537939525	-71.35213041034197
1915000	3.02281798569417	3.269517089027798	0.7293357139814198	0.7947713923305683	0.21063238811179155	0.9252843190639017	-63.58701511147597
1920000	3.02281798569417	3.461314596967732	0.831106389774224	0.7677543923302772	0.20609236553643423	0.9481592071290961	-58.94115649268826
1925000	3.1004402703979426	3.3106894644367193	0.858779073538163	0.6749721423337478	0.21959335175217376	0.7961064191039955	-92.3294110674569
1930000	4.175172897722816	4.200563529882095	0.7839394583206708	0.6866081175169679	0.2126794091188651	0.7595163133461444	-99.80136568718311
1935000	3.156737913769342	3.4079239809604673	0.8679475044387888	0.5930243453874333	0.2490324630434715	0.7032100759502686	-103.6602155921318
1940000	3.2100996391724137	3.6695961214885546	0.7979752242779693	0.6635790522634633	0.27244141185985893	0.7433024447962476	-112.474605890384
1945000	3.02281798569417	4.169072466746452	0.832679051749181	0.6644416382525639	0.2565500262212793	0.7807188838590241	-103.04730619149308
1950000	3.8587664082326523	5.154218797244258	0.7448928106448043	0.7059623236678886	0.23117955107062757	0.7244271185656227	-119.95004857704163
1955000	3.2328480761032887	4.363606973953927	0.7338310268717297	0.6676474937889922	0.20656790166092115	0.7712736887449136	-134.02855459181075
1960000	3.1677335820801256	5.418441224918374	0.8420001897427681	0.64252460109659	0.20350754806219534	0.7434450422139578	-104.06621755055181
1965000	3.2581265645809157	3.3233823167779626	0.8298394733249429	0.7280303086265513	0.20029699661467748	0.8406278266266198	-82.35031148649804
1970000	3.5300594277836876	3.5703227324047853	0.8503281238000472	0.608476158587808	0.20422348332703133	0.8172831776541977	-110.62621473919418
1975000	3.02281798569417	3.2551160653280604	0.8795857618758044	0.6586145217721087	0.20964419606014276	0.7471811931892008	-100.3940564484763
1980000	4.618327332759615	4.62856708670738	0.8667593752591578	0.6250530884473262	0.207145102119102	0.7084432793403164	-113.6805437016857
1985000	3.1775195689121003	3.282245238810748	0.7816513179687463	0.7271037815695574	0.20501681507870118	0.8962697799880162	-100.08191388034211
1990000	3.2325365958381336	3.3389639550731878	0.8929276089940944	0.7296707637927734	0.21829133017961788	0.9731293713912337	-62.77822392921712
1995000	3.1320693151035677	3.7566392847117878	0.8319105661999333	0.6606923466157107	0.2036650569067322	0.7519118151884713	-99.38009612141428
2000000	3.092239931768709	3.103049721282071	0.8930126204172341	0.7126555897766922	0.25138299854020074	0.8437259192354254	-64.26573429958955
2005000	3.02281798569417	3.1543088886543686	0.7410801695910101	0.755605700398431	0.20555481279116328	0.740771459921151	-79.91034371977727
2010000	3.3541004392952827	3.522052020239961	0.8274187368607431	0.7153138064485429	0.2055745953115314	0.8124461743699521	-84.04775487228028
2015000	3.02281798569417	3.2162131047035114	0.8784548218163815	0.7575665312627022	0.21432545838590958	0.8341527835327152	-67.2073877411822
2020000	3.327697218383687	3.9933566495804036	0.8815597960213778	0.6673110876595965	0.21259495655785007	0.7535933720077547	-100.75979256108712
2025000	3.1369418137429275	3.4867978649971074	0.7514881318793345	0.7619702925366576	0.20082924742458086	0.8292991518355058	-81.30051605168345
2030000	3.5987249444007676	4.192251563298117	0.8927672818354494	0.6044670363728782	0.21537192933852906	0.8160752764793301	-112.80173157407597
2035000	3.149563626455107	3.440992656539795	0.794912053394217	0.7290186971690183	0.2514140785053268	0.8328719035131302	-83.77939465949137
2040000	3.02281798569417	3.2379802881257707	0.8451905704936483	0.77251802132592	0.2063368649145964	0.9767582760394863	-62.63260063295526
2045000	3.095666108984088	4.141908461662711	0.7880067392773397	0.7811998783430953	0.20400701342792607	0.7825258684785986	-70.11175753234406
2050000	3.375767177667712	3.64546799950295	0.8534846039252699	0.7776897765913869	0.20250458623869996	0.7665306028953748	-56.215793052811485
2055000	3.388475623002911	3.4245076431895978	0.8395786362949383	0.585736923010692	0.2421651023255146	0.7392167274276856	-113.39844390092676
2060000	3.02281798569417	4.174809371868806	0.8148575879197968	0.6188262583521088	0.23186961646960116	0.7003715856733714	-126.88737758698488
2065000	3.2526240227315637	4.280379692972375	0.8784339142815552	0.6207937718202222	0.21693384976618807	0.7088304018369651	-105.58582158898275
2070000	3.615580123415795	4.161533054886177	0.8683451759220933	0.7072978270636686	0.2003105231881933	0.7440251076930118	-97.13909357260906
2075000	3.3483940443108824	3.6743230456655698	0.7671128210121791	0.7298106450842946	0.22339548333053172	0.7013619666104733	-91.7089682145781
2080000	3.2678069232237807	3.917085873564711	0.7699619509827177	0.6788791205943956	0.2527652811088754	0.7073950917719761	-92.71819407585599
2085000	3.02281798569417	3.3506072152876443	0.8979859812967912	0.600769467300127	0.21561928512447218	0.7334610332660955	-114.10123968752646
2090000	3.6396162894120825	4.149172646129496	0.8168504995293712	0.6501983192275729	0.23575657254818239	0.7087029182332822	-104.10599856086097
2095000	3.495332059730136	6.939258854533846	0.8880350530188124	0.6090420666142589	0.20073131714265935	0.7077140668595343	-123.60266733240243
2100000	3.02281798569417	3.6300440525736466	0.7467328048666895	0.5801997333806334	0.2269291931086296	0.7535602505565723	-134.21405610080356
2105000	3.02281798569417	3.2750252822481802	0.8453737560722938	0.6201997114238798	0.21044096748790617	0.7039750204687456	-111.63848102828948
2110000	3.312973488727898	4.294871971989545	0.8355228146628414	0.5711184913545098	0.23992879579663465	0.749337994765453	-119.23341880837222
2115000	3.215039307787788	3.257920655158288	0.8101911096421608	0.7062481360296623	0.2144805540736651	0.8477274522676553	-96.6562168306009
2120000	3.2454150689607646	3.6480778515808696	0.8132765915901532	0.5729142078029236	0.24553760642132946	0.7332163776719101	-126.82081790252477
2125000	3.834828970124095	4.18707649027823	0.7796565781512428	0.6382758473075433	0.21784525553700415	0.712858489483644	-119.6018183132239
2130000	3.304435548789634	4.073228495653787	0.8379782598495863	0.5932816743160699	0.2080200816103348	0.9445845554115757	-121.84059143819212
2135000	3.4795361703215777	3.6053290501975286	0.8170781000245437	0.6718531946125442	0.21475150533350212	0.738861929893107	-105.8121406713457
2140000	3.515964249610704	4.16519434039564	0.8846197439545282	0.6318688039877876	0.2349054007583996	0.7046465664585019	-94.00027195776534
2145000	3.172268171794638	3.212047553921132	0.7607645881670442	0.6695606649677035	0.21217432317023763	0.8196445439495318	-100.12853280430215
2150000	3.1679750847305024	3.7026814403736017	0.8323495860714218	0.6601927996744911	0.21152118962813796	0.7415614556365552	-101.3499020041013
2155000	3.02281798569417	3.3611955383571606	0.7812352622405777	0.7626579355400854	0.21413762008240655	0.8069949909505436	-71.77545182437947
2160000	3.02281798569417	3.1556190052903417	0.8922010286914442	0.6411769513206467	0.20887483743157806	0.7148148438362082	-100.78385816906138
2165000	3.388360982707675	3.601246369492892	0.8537277245019332	0.5865040669272572	0.2000273466089929	0.7109024065163386	-108.80566753933218
2170000	3.02281798569417	3.136777260725028	0.8647222257842009	0.6074597626857505	0.21280902093453746	0.742490175187122	-104.99678948757267
2175000	3.3766608471190533	3.5288037061992075	0.8314454688727827	0.6439350670255953	0.20034597416259273	0.8119362245836638	-100.95631942905362
2180000	3.02281798569417	3.043763152404797	0.834226888274699	0.746919146984521	0.20248825099228476	0.7526591543879116	-58.580233886105304
2185000	3.02281798569417	3.3131390371674403	0.7927974844643074	0.7385986072774555	0.20759226243170967	0.7618818894510271	-64.63842922668906
2190000	3.1029294283325886	3.1952075237029667	0.8610104454273404	0.7458005269062604	0.23780716180792524	0.8663523528540481	-67.04834138963187
2195000	3.1214132611999643	3.1316511709883685	0.798424126590694	0.6885681990337453	0.2445574226256954	0.7605411941416881	-98.31955464901313
2200000	3.611309889034163	3.836636001114004	0.8993414642676597	0.6989303196767962	0.20454633928156957	0.9194665991006383	-99.14808401747374
2205000	3.1128247189835156	3.7591830197990768	0.7859578643949823	0.6803894448200161	0.23062716598393224	0.7378957666997299	-108.0511273373483
2210000	3.02281798569417	3.5086451780865056	0.8883730132470973	0.6265407292864336	0.22401908459831826	0.8004946082204536	-108.94806029710753
2215000	3.0544942625997824	3.4386039328301945	0.7280001314545869	0.6200711673535062	0.20280226278893046	0.7478751025436332	-121.6999915335272
2220000	3.02281798569417	3.306410533659265	0.7853512665091787	0.6198865368915519	0.22700345440243297	0.7258673679517511	-92.27318393366579
2225000	3.266187918974834	4.298548987473796	0.7046709797148935	0.7622086427762299	0.21289156988171878	0.7914290821408434	-107.31682297247079
2230000	3.0657359290991653	4.078614378109528	0.7132231816135254	0.6396933097935984	0.2120313759847252	0.7274664138324649	-117.24432836544074
2235000	3.353008760517265	3.5835284357791894	0.8908001170073021	0.6507085142599707	0.24999555849786823	0.7294470866838884	-103.22015125929687
2240000	3.4993749883226952	4.640658516660252	0.8722146215203795	0.6065566891067842	0.20936256768259243	0.7184241560571205	-98.5736891685118
2245000	3.02281798569417	4.769487582337886	0.7745952723783764	0.5201153320730432	0.2066319945529226	0.7090598640981938	-128.52931249046333
2250000	3.02281798569417	3.445488091319241	0.8694954501801658	0.7150461931830935	0.21798159440866696	0.7825527716770638	-84.27487126209317
2255000	3.315331177360919	3.6294163757019375	0.792876369126402	0.6268965335556809	0.23148017615189007	0.7328261520023396	-104.5862732926634
2260000	3.02281798569417	4.249718007666382	0.7559716071485505	0.5688718848779192	0.26368879937903994	0.7354621696000277	-124.00993302091337
2265000	3.02281798569417	4.647018056088235	0.733644237555818	0.6418970113457212	0.21504138478174692	0.7082477749479962	-119.2155339630987
2270000	5.131482082168419	5.603615056472676	0.8669432654729737	0.49153108561007997	0.2601385348059837	0.7019733156737875	-142.35832356742534
2275000	3.5154612951819235	4.045972730585496	0.7502056580314083	0.5991745533098699	0.22888985437760115	0.8155476436541949	-132.22583865416598
2280000	3.16742359137536	4.570718828754531	0.8846477935502871	0.7140076804479406	0.20059265115805353	0.7712763176495839	-90.43398827003548
2285000	3.2877269070048443	3.556867590217208	0.8176720974106348	0.7455531120503406	0.20753747676617923	0.883221268634866	-80.26872340596759
2290000	3.0552821469140525	3.5988326090890284	0.8153625865355955	0.7483150608568275	0.20618539526663418	0.8296248209074909	-87.42162772561991
2295000	3.02281798569417	3.094979633884895	0.7993894403590351	0.7972689368858216	0.20133129821870444	0.7204806627252814	-70.86679013228178
2300000	3.287025473596701	3.3605751693860113	0.8769963312690205	0.7502183670170995	0.21345383492928746	0.724299844959035	-90.08137645961907
2305000	3.175586664949715	3.7641359747445278	0.7223000459761642	0.7349631646651285	0.2341781621135801	0.9454681233200377	-71.35863329570063
2310000	3.1752995683303906	3.442027372012805	0.7682384685895027	0.7006285192707371	0.20858532079843226	0.7446180491592145	-91.8053442715343
2315000	3.053759128887934	5.578046691695169	0.8955716242264362	0.6115356652965234	0.2752783186248952	0.8164093655061416	-97.41861354758964
2320000	3.407558717327678	3.466255295911768	0.8578049667729609	0.6513065071194418	0.25617743415101146	0.7515674442448568	-86.19550085472457
2325000	4.0089934433068235	4.1447567087018955	0.7194352084880141	0.563789765299117	0.2140302366244607	0.7683641770313988	-126.71578000570918
2330000	4.415524204989667	5.572842629666831	0.8325005672505291	0.48525645480072843	0.25119117140535274	0.7057689169387308	-156.468523922945
2335000	3.914795097420555	4.406397969547521	0.7779568591464046	0.623985503936323	0.2516404788310598	0.7516693717860077	-118.40321369253894
2340000	3.02281798569417	3.1802636076540827	0.86093826347514	0.5773911989154029	0.20124522109942158	0.7055531887584817	-117.2553055332601
2345000	3.0559986561137813	3.132310643289907	0.7603359576811791	0.7057875837379175	0.21030655763456005	0.826879967411088	-93.92790259145889
2350000	3.7336581954408206	3.93290636278244	0.8752587666964652	0.659229431640704	0.20531382096805365	0.7723708571956414	-101.24175757529582
2355000	3.118533274709329	3.821863388593044	0.7272633389600399	0.6363667403289534	0.2245308858321806	0.7467754345107739	-115.14394783136282
2360000	3.6956799122551174	4.019889722599357	0.8443131905605379	0.5452102971043079	0.2275901602255674	0.7106075925483755	-130.41548037503333
2365000	4.231537409551372	4.555731788036161	0.7047009475667898	0.6775588754002513	0.212341882309873	0.7387109415245733	-99.66902665447114
2370000	3.02281798569417	3.336230386439003	0.8975914571815766	0.5927852940387487	0.20298433003508673	0.7301904545626519	-112.27968917013911
2375000	3.02281798569417	5.23428715948615	0.8113916431283147	0.666714730267759	0.2414384844340533	0.916100771425337	-114.25040941999876
2380000	3.3367643896403005	3.865689826860103	0.7737720344376973	0.6649418110569595	0.2061880944192167	0.7895602991030748	-122.2289605108142
2385000	3.4029819044632896	4.187306675510509	0.7982163012227181	0.6026528568346408	0.20025044841182202	0.7046646084451051	-127.70988277726187
2390000	3.212214754479987	3.7041840051187225	0.7912064299642066	0.625646933840253	0.25367619450282547	0.8036489210973751	-99.48937530724936
2395000	3.485803629964363	3.72950677461686	0.8283491288097765	0.6695993417465649	0.21052891080780195	0.7041077394500899	-112.4318918727376
2400000	3.02281798569417	3.4772008230792153	0.7074412624175361	0.7677571477038883	0.20911686851013525	0.8330454367148833	-82.71478881727842
2405000	3.02281798569417	3.078347049541394	0.7155747279214261	0.7779468444884824	0.24345565797701899	0.9079434676914699	-80.75154158787657
2410000	3.6691717599836404	3.8923057765506512	0.8525693732989489	0.7418875643183648	0.2144777171282614	0.7103681190916993	-79.54026246865092
2415000	3.02281798569417	3.3363796093238425	0.8757268785460973	0.7186218949578215	0.21342210553202945	0.8712506550066622	-75.7599571595268
2420000	3.39941707132408	3.7079169054145096	0.7215798771824158	0.7401627321849107	0.21289797410819075	0.768648175255871	-94.10312245499117
2425000	3.361617317925616	4.550837165108078	0.8769757977733579	0.5662601888467785	0.24233212840464954	0.7061276428960267	-111.14869750423082
2430000	3.9762728192485968	4.827833395670743	0.8010002988824965	0.5950656426961981	0.2313670296937306	0.7319322584838153	-119.58982849608864
2435000	3.02281798569417	4.2260932041528845	0.7485151843602338	0.6496440816998927	0.25277015433754213	0.7531114171443543	-102.29869813148449
2440000	3.9193430260980477	4.217451097682418	0.7504785321632282	0.6189637662218617	0.21651968007405498	0.7933263680605893	-106.57757728121015
2445000	3.645644914188355	3.862376339781241	0.7351308755302214	0.6412127464327683	0.2448419403367686	0.7179958421922286	-108.54057646982929
2450000	3.02281798569417	3.763294451801956	0.7699314156780035	0.6981823853249501	0.2187925132324863	0.7279276915795528	-87.96223402185291
2455000	3.02281798569417	3.2455654680786323	0.8698671138303248	0.6899791378466762	0.21581218937825694	0.8173029894304491	-87.64898418602019
2460000	3.151620721065927	3.6234451785865165	0.7475251511718722	0.7194957680910679	0.20261197285841617	0.7100620160455461	-91.1219668147321
2465000	3.3415535169654045	3.6806883898685654	0.8837224860782503	0.7706067452827638	0.20286611044774422	0.8585631749961619	-56.251014082755134
2470000	3.02281798569417	3.1199271860276436	0.8963914910956162	0.7526192830541384	0.20871885290563136	0.7955029297034476	-66.297474492542
2475000	3.027755779753881	3.858877208489666	0.8785137152165207	0.6784501746830628	0.22164551856626544	0.7377813072821744	-81.03392558250209
2480000	3.332144762989979	3.4616093809634063	0.8316276134059135	0.6344043753909802	0.224297951275249	0.7658232351732215	-92.31738288997991
2485000	3.7096732766755762	4.722560978774427	0.8420023489707805	0.6347099051582449	0.23068324528813627	0.8048949562439586	-114.30074555246156
2490000	3.02281798569417	4.001741609065433	0.8685760150857945	0.732356461821654	0.2192002784556496	0.8823038610249433	-89.96288249938291
2495000	3.148851466124163	3.41211247534709	0.8968801150528899	0.6512108682799295	0.21321844900969972	0.7043906785632689	-97.73751388692634
2500000	3.3025038342797095	3.950313103316885	0.8657154562564136	0.6964320050413185	0.22062382376187312	0.7372974727793354	-93.48636098557003
2505000	3.02281798569417	3.7464206977524355	0.7147851826355864	0.6899591919327845	0.25663105883321347	0.7002956092963218	-102.14906995553014
2510000	3.153582289688725	3.312253873882198	0.7724699574347246	0.7111843007511712	0.20644168192229728	0.7019092121967179	-86.01141634703595
2515000	3.1759497544859574	3.874291249750425	0.8674645298171371	0.6056223925097802	0.23151155788133423	0.7046123943228905	-104.36913434957364
2520000	3.311279853859598	3.764914811932072	0.7361885719793339	0.7545194804031579	0.21187499861629425	0.9083968116087094	-92.20799992435346
2525000	3.0992099168526615	3.643269746475135	0.7465417954869462	0.7743911380797817	0.2236034793947259	0.7629667251868189	-70.29173571615868
2530000	3.044043464817653	3.1335239886508908	0.8880530424419362	0.753111934742291	0.2212921235855934	0.9176375125351758	-66.54961535492336
2535000	3.02281798569417	3.8971773774822713	0.8676346430756589	0.6417251149431296	0.20558984676541092	0.7560805227971965	-111.62309036904605
2540000	3.599804619520451	4.948154917124987	0.8041500272772589	0.6822855850395749	0.22890148464216187	0.8014472018899885	-98.54904811359901
2545000	3.0557946330895716	3.646479866255422	0.8219067835599264	0.7301125258261543	0.20318241553045654	0.7129360373061756	-86.51011862949224
2550000	3.0813090052695755	3.1348438245225907	0.8004337198087756	0.7314078525004216	0.22143881930542156	0.8274265075043151	-79.97205719119785
2555000	3.02281798569417	3.1954903273504875	0.8610723043303158	0.6460127965061984	0.2253267419513962	0.7223302893778877	-98.16040478453408
2560000	3.09577556160318	3.3253573677367556	0.8370743915442355	0.6825339216823425	0.25744477647488345	0.9142710540228083	-82.234690901736
2565000	3.02281798569417	3.4818697674224484	0.8102410019921865	0.7145047987574438	0.22256999156872276	0.7272850203255788	-86.69204750670039
2570000	3.1365938790604693	3.8243787792093724	0.8892919851811454	0.6417910856490998	0.2458616474705344	0.9042121101292176	-84.73465496970445
2575000	3.0789807338023008	3.4974465126656105	0.8525335496133489	0.6175466900378427	0.249758556655706	0.8376149018725622	-100.37936903833639
2580000	3.367616673705441	5.11247340850694	0.7520417573688079	0.6904981500305652	0.23776101140807737	0.7404787413124643	-104.31317180049763
2585000	3.02281798569417	3.3976356341282994	0.8457206433800029	0.5875779559752701	0.22530775738769193	0.7217549192081196	-120.79364403112677
2590000	3.220473364893989	3.825675027855536	0.7761029717491444	0.5927998802656953	0.20551723518442994	0.7225393536948733	-119.1552544781137
2595000	3.3153392310502783	3.8780379750116434	0.8146017982233731	0.7170556258652475	0.2028139018850067	0.7163322554538113	-87.77250026480934
2600000	3.5385543556052323	3.6390736871151175	0.8864321012110222	0.5695434828787643	0.22312264554346398	0.7346772036196357	-119.96245156737098
2605000	3.02281798569417	3.13345745613819	0.7536224735726111	0.5992449336879876	0.2553602987445278	0.7288892224242018	-103.70717401985542
2610000	3.02281798569417	3.047509838769932	0.884003040950935	0.7305927533965618	0.20321422849909415	0.7860091343918085	-82.2380779460473
2615000	3.2472845362548686	3.3965200522994157	0.7456165592487308	0.7553935783833918	0.2042691333133263	0.9258696059747455	-86.72703825360242
2620000	3.02281798569417	4.744258442808555	0.7553572195704413	0.6668451233993145	0.21945355103251796	0.7387588978718134	-100.2031034176974
2625000	3.02281798569417	3.1945817520590154	0.8283964172547404	0.6973568923412045	0.25084229894837956	0.7074153037451466	-83.16628164417753
2630000	3.02281798569417	3.459158354875123	0.879054173134921	0.6321489090626898	0.25481637080721625	0.9446713632359203	-87.5858502801216
2635000	3.105610639761623	3.2063243570465887	0.8163034365432167	0.7655137857123681	0.20757287113421422	0.8637073446288338	-71.89322508339234
2640000	3.1401973831204217	4.6040116121882235	0.753755871038803	0.7453024487274543	0.21934249960684352	0.8466756684075654	-88.52664634152464
2645000	3.2701909561112776	3.9693198269382486	0.8542598854104643	0.6263476492098142	0.20060344988947015	0.8044001626987748	-105.35054103858022
2650000	3.6245384142969646	3.7379257641045247	0.8257495922348348	0.7262294900147638	0.2123324643631896	0.7710692565334194	-84.76586454922656
2655000	3.524306742826386	5.169822773530698	0.8755736630065979	0.6602754770090017	0.20263025172565882	0.7674369070272951	-111.58204976773183
2660000	3.325093123469477	3.5092526693654147	0.8811139996469519	0.6694157171743916	0.2117371709443353	0.7485258054933656	-99.29563861217326
2665000	3.02281798569417	4.163181583496883	0.8443869655968158	0.489820492258799	0.2073294911780157	0.7013279572019142	-126.0462780922962
2670000	3.058376171902079	3.2711374118805736	0.7755290691967469	0.7414972795325261	0.2261650225606401	0.7608130912303301	-87.88431387939329
2675000	3.02281798569417	3.6034251971864957	0.7159463893294246	0.7420562711427909	0.2077454888573896	0.8372483375101437	-108.05124881542298
2680000	3.191874356702365	3.8873907078536494	0.7802788116667668	0.6531082279127673	0.2199033495997386	0.7619462228321977	-118.50457763988166
2685000	3.1566572681091256	3.537007889568439	0.7663427602162796	0.6852513271143151	0.23064236234868768	0.8154194942338983	-105.86222550224886
2690000	3.02281798569417	3.3232376730382174	0.8007095620439738	0.7115847253557719	0.20414208560502894	0.786477682126369	-91.24964378311248
2695000	3.4587563129238084	3.4964031721370348	0.7252923423520454	0.6828176157022017	0.2012606708654033	0.7322770601968943	-96.47753789694411
2700000	3.02281798569417	4.31671874165479	0.8326828643589438	0.698889870993415	0.22304447164926108	0.7564482357602645	-82.67385073344101
2705000	3.02281798569417	3.40424170056848	0.7854973925708612	0.7720996847830339	0.2147958876840397	0.9282524679769505	-50.380128915871154
2710000	3.02281798569417	3.1700477822031337	0.8646281990630078	0.7190212618749671	0.24288903869561634	0.8316148480681008	-82.96773002187706
2715000	3.02281798569417	4.807736185611664	0.8585572332047414	0.6212060722089241	0.22888856328964846	0.7386949021004258	-104.67307691611637
2720000	3.1980144258866425	3.6125127155699355	0.8197150227244882	0.6973489675055705	0.2454286648306789	0.8295013964701177	-87.63665223934652
2725000	3.164373345436373	3.2366393471911152	0.8266645277237279	0.6329664404374602	0.20726374930362437	0.7452609285515116	-93.92380144795604
2730000	3.164248976823299	3.1818434033053844	0.7856359257981246	0.7125622814443334	0.21290920068196942	0.8297333812138359	-98.6765738261978
2735000	3.839835779243348	4.44334034265354	0.8921408603410175	0.6029411174741168	0.20876356387761508	0.7324935985440907	-128.7291319565707
2740000	3.02281798569417	3.599405599394954	0.8272625822359804	0.6622401508833161	0.22721945562559018	0.7231484413263249	-94.07928747008975
2745000	3.5100362869450716	5.258122709595835	0.8553952918877941	0.6683837098204948	0.2087923448201806	0.8370329143946822	-107.69286550211493
2750000	3.5708369576109633	3.8359412223301494	0.7441541543427922	0.6544703478317667	0.2576627234221292	0.816183174686479	-106.0175231223916
2755000	3.02281798569417	3.142945376384845	0.7081537938480174	0.7361618060557628	0.22685012749880684	0.784179481308113	-84.67940027262784
2760000	3.02281798569417	3.080670136764397	0.8787628553510382	0.7253432237264986	0.20765231285865832	0.8779839683215773	-81.18580920761744
2765000	3.02281798569417	3.207325442455102	0.8475606279267195	0.6510419942772993	0.25153336655343017	0.7728059929336097	-90.01532882733932
2770000	3.02281798569417	3.275884277812693	0.8938536969225861	0.600982474839278	0.2247320426755177	0.7206688632537749	-107.57769594850018
2775000	3.085253944701934	3.4031441649304432	0.8151366016910566	0.72877549318128	0.2240310583583517	0.7822182166523044	-67.89317734719845
2780000	3.3061803648679544	3.340593898044616	0.7221143801065604	0.7684694779300542	0.20175919363826572	0.8060847722609564	-76.48470385342932
2785000	3.02281798569417	3.8612832411289415	0.7373679564157783	0.7220166913923186	0.21579963046367026	0.8764741506952645	-71.18686794964307
2790000	3.02281798569417	3.057180829010655	0.8855325887677535	0.7105403900204155	0.20300407157531283	0.8707991314343029	-76.74413140682904
2795000	3.33488866642783	3.602064613567931	0.8623145000328182	0.6267264599916528	0.21355915831763356	0.7060275284252009	-114.97867305473508
2800000	3.02281798569417	3.452656416364115	0.8806744390994782	0.5839562144839171	0.2620450542039012	0.7395793667217264	-109.09978296077631
2805000	3.02281798569417	3.0331698710965274	0.8452741252972794	0.7200389124052775	0.20731113995895245	0.700082675546571	-79.3206118886306
2810000	3.1108719487160745	3.2469082269831366	0.8638050648676607	0.723667059979437	0.23873871761879187	0.820703657262137	-75.95305564762643
2815000	3.02281798569417	3.3894722961033255	0.8025070422330016	0.7982562740353905	0.2072829368728256	0.7606182777150278	-45.931461696417514
2820000	3.0614640360269685	3.7265140924815388	0.8603855147970445	0.653040615954702	0.24006849902142655	0.7364912964996178	-101.76224217184568
2825000	3.02281798569417	3.069877886130192	0.8596533624120183	0.7563036603127306	0.22427705590096136	0.7045239378773858	-71.28141685246828
2830000	3.1707462077399193	3.3303685151853486	0.8308970632390789	0.7035478249484091	0.20105648423682723	0.7426656121751496	-90.86613444607585
2835000	3.02281798569417	3.0526937563755547	0.8781332707820214	0.7047744386363278	0.20553594444879025	0.7217303311198351	-92.18114200485178
2840000	3.02281798569417	3.62528032329002	0.8708740357365377	0.6662974985626214	0.23859142647839915	0.8204158923588504	-93.4429976010853
2845000	3.7979764096629665	4.4970983018607384	0.8502439818780743	0.646880822084483	0.2169361875528949	0.7861090850371774	-132.64121777568863
2850000	3.04642116069183	3.098561119402714	0.7169973665034067	0.7178305707279751	0.23312891990027024	0.800206719533001	-110.6078191284918
2855000	3.2568339605920036	3.824545611923551	0.7434495584185469	0.7060456139804749	0.20288931177312308	0.7053353389001041	-99.61365748990184
2860000	3.0877581000799603	3.156216104346252	0.7591564182420381	0.7357922558595346	0.20132871117624615	0.9543648761704937	-75.03401484760155
2865000	3.0272399517077684	3.631411170328578	0.889012044137975	0.7108204791549756	0.23479670913672124	0.7435768125079911	-82.03571587491933
2870000	3.299471433937994	3.368917649031253	0.8217852780434939	0.65563624205817	0.2597242297794416	0.8785693064422494	-91.2019568349748
2875000	4.104311965152204	5.423862967133734	0.7821057875309211	0.6803935924876242	0.2097622774122402	0.771931875682146	-113.80156737362381
2880000	3.5760054398590704	3.8165611829956223	0.7933086486949428	0.7120601837658098	0.2617393960654312	0.8164670569129066	-88.03843329832642
2885000	3.02281798569417	3.2483559596299845	0.8934236022898127	0.6847936021629024	0.2153875289591985	0.7739085574932996	-86.10478002499295
2890000	3.04195604236332	3.5786211673500476	0.8285573657613304	0.6555689776814362	0.20001948609987652	0.721166513244753	-97.94536222783577
2895000	3.02281798569417	3.18796415333394	0.725735010966204	0.6863192418459145	0.2198847605049892	0.8185475490202547	-107.19541692915362
2900000	3.0768884626999564	3.2689655955725514	0.7159431920121543	0.7004108803083363	0.22300238824059285	0.8053958246011444	-96.1828034347443
2905000	3.4506689236659627	3.6614469820135103	0.8556658705686809	0.6195362240391157	0.22532056240907333	0.7163724171724731	-116.80769793155855
2910000	3.314657030341173	3.357798413083394	0.8192275458351278	0.5993978786306667	0.2244145627481763	0.7802028290796384	-137.69650166786894
2915000	4.501358935750165	5.015473140011557	0.8409922838818051	0.6496816081069898	0.23486892271991602	0.7438248991871268	-120.31438025972031
2920000	3.02281798569417	3.204748292588389	0.7624593097841262	0.6800243869705673	0.21609236512358956	0.7623980597212282	-108.86612723327312
2925000	3.0428159308106655	3.5397271033129174	0.7996214987736652	0.5826672625607345	0.2960808635006736	0.7279641198472676	-110.89219749366669
2930000	3.2699348222745197	4.020779246562379	0.8918491138119873	0.6629465435345736	0.21276071135861713	0.7129994906442941	-102.8709006717799
2935000	3.02281798569417	3.172204486191206	0.7649585727199693	0.7341541329998492	0.20693541164865598	0.7572886012561839	-91.44159587923511
2940000	3.02281798569417	3.367747223242795	0.803187410962778	0.7408763892831334	0.2174623512286857	0.7384164195834966	-84.24356699437709
2945000	3.02281798569417	3.0523540955098625	0.7871593412719675	0.7514020713547643	0.20269247682672584	0.8397551349588657	-69.80717272196594
2950000	3.02281798569417	3.1643520893820543	0.8738463645084281	0.7670316464523108	0.21742938522805502	0.7392287222478122	-43.81475954733236
2955000	3.02281798569417	3.3963565932784276	0.7189630039280948	0.7967623039333995	0.25180561544474545	0.927084601544014	-76.03816008658234
2960000	3.02281798569417	3.05927435435911	0.8989424256739931	0.7623464535789626	0.21491990387483512	0.9414371518433781	-61.45559270313695
2965000	3.1881440782659958	3.333763818959092	0.8952886132836001	0.7478384036002413	0.20995441141929416	0.7236357064971324	-83.0047720369653
2970000	3.0355390413091614	3.193180770858185	0.8999801809020114	0.7320439887742026	0.2123055845561127	0.7962266903739992	-66.40105770538523
2975000	3.209860415513062	4.686256786701748	0.8489413711368547	0.5799251196275352	0.2250258640775203	0.7867200802206402	-119.4562161956649
2980000	3.325585058709995	3.872203746232782	0.8200215803836707	0.665310363572582	0.22285498955345617	0.8250054459690969	-118.08068097927003
2985000	3.1445944387599454	3.1711526127105727	0.8787754947772976	0.7078026473312081	0.20825585882527348	0.7667892486852175	-86.50114824101453
2990000	3.02281798569417	3.028233388573189	0.7052769555988869	0.5702052326164635	0.31205106107275465	0.8460865545854249	-130.76121000822684
2995000	3.382672517802025	3.7344566596262796	0.8878345822889384	0.6133704373793973	0.21511774981222134	0.7250385810035908	-126.43819798880406
3000000	3.02281798569417	3.045923902857519	0.7202395993826881	0.6203477036563048	0.2908680724275791	0.7030492039772149	-123.06643479855452
3005000	3.191345146521511	3.813254193703019	0.7391927207089025	0.6842061321222673	0.20945394671396234	0.7936000419002318	-108.6513100558202
3010000	3.02281798569417	3.991384297975777	0.8611195148053297	0.6848555682073842	0.21379972461872754	0.8219587105335812	-101.89277865391415
3015000	3.02281798569417	3.244662236919909	0.8562582085586726	0.7162379749379488	0.2505051218588985	0.8289663319093256	-68.59449702365248
3020000	3.196391454291282	4.04923760667724	0.8678897917253858	0.6257530525436322	0.230346227309346	0.701718869656941	-102.84120701386476
3025000	3.2775662699279176	3.337189447003337	0.8364891929579547	0.5944802042950954	0.20879353695497824	0.7016871732085614	-116.546034230543
3030000	3.098442043974555	4.429576043387853	0.8883101326015752	0.6531354868336766	0.20102488922055659	0.7523132211084783	-113.09395761521836
3035000	3.1098723995703574	3.8191193759847955	0.722522672881901	0.6592822443855604	0.24260570496840392	0.7140904160991234	-128.4314609304492
3040000	3.2229502081554187	3.946022813999971	0.8308270528148374	0.6342178535519122	0.2406769337368424	0.7137989463857501	-105.95836184576933
3045000	3.3197871613592964	4.32020334469384	0.8051174635378566	0.6254584604387208	0.23354332642201472	0.7011748579605318	-123.91588383474166
3050000	4.094614914156904	4.301747365134729	0.7633840232633892	0.675623556234427	0.20021110138640477	0.7396881201688688	-117.81602303493008
3055000	3.2761926374015737	3.397498953334538	0.782849430940497	0.7031387185297744	0.2633679738114052	0.8757283141920884	-74.41378046074365
3060000	3.02281798569417	3.177270033096434	0.7553765368619796	0.7256508063198418	0.24543353245747035	0.9099515296780357	-71.62666379450053
3065000	3.37759288048326	3.390451374446845	0.8160192026037673	0.6219763927537737	0.22000542322539898	0.8462480400821168	-105.811244610422
3070000	3.027768003232636	3.2139360299232735	0.762586917846058	0.687897431845916	0.20321070040344177	0.7170069656508246	-110.01396018354228
3075000	4.374890197485652	4.696618778588337	0.8764480070854119	0.5705070349954197	0.27852632146370193	0.8743334616724481	-120.10544229871334
3080000	3.3212686434635064	3.51854397938421	0.8206689149687556	0.6181629091500045	0.22774365997813437	0.7124164860290105	-108.81416678635927
3085000	3.02281798569417	3.447067876521591	0.8909975724372627	0.5233170173866627	0.22218130785885032	0.7123147923078479	-126.3023239156939
3090000	3.199632461103645	3.5671062053069917	0.7589560685914376	0.6806664645075012	0.21240926071329486	0.8236811996753729	-107.01939628569806
3095000	3.02281798569417	3.6952475876697184	0.7646884885117954	0.6955430113160204	0.20308727338452864	0.7823171104958615	-89.69195997349314
3100000	3.121574714793532	3.280669511653041	0.8558497306880206	0.6184652601943328	0.25929672200801507	0.722650957702405	-104.21231991186511
3105000	3.02281798569417	3.0734999084813013	0.8805138753480771	0.6334331122949036	0.21580809858603373	0.7015335688130168	-109.65369702116661
3110000	3.511488926294147	3.7255697822884764	0.8221187359887387	0.6462559590702545	0.20389448776376595	0.7069630384592521	-103.3913078696564
3115000	4.495835402925981	5.2690914919476155	0.7093263451264746	0.6529966381567343	0.21704013784870133	0.7083980349726113	-123.28450954158981
3120000	3.1575225705913517	4.250039735575513	0.8740657705258863	0.5960385909845491	0.23681436745211876	0.7432932739400546	-115.16325916514538
3125000	3.02281798569417	3.3668087030594918	0.7697787091157056	0.6586203939393503	0.2027861974066555	0.8162091112448143	-111.02300851200704
3130000	3.460793195007901	4.0365463767836856	0.8921797706488995	0.7178819471582731	0.20407083057551825	0.9015045849211025	-79.4264548232295
3135000	3.02281798569417	3.3701147889383267	0.8794815445100442	0.7643886519403552	0.20056128437066495	0.804471030779675	-45.36608315648276
3140000	3.151940276256276	4.513779341431367	0.7358725769729609	0.7055503406600976	0.20748730587757974	0.7668986647347881	-92.5825550645433
3145000	3.1422833423079704	3.2780587676609674	0.890525145570865	0.7361417381673511	0.25011106299993285	0.9919886277610099	-56.205094350201854
3150000	3.02281798569417	3.1549064107409146	0.824974609228301	0.7137781796675728	0.2164954042936461	0.7146408636583098	-85.15483339713919
3155000	3.062461684058867	3.092446178754838	0.8575573489270517	0.750217460361284	0.2042175399621795	0.7810256492899009	-50.93797941862354
3160000	3.02281798569417	3.076152766157265	0.8403915656674418	0.69170375217977	0.21583145650611002	0.7624176821340654	-77.57901171094286
3165000	3.1286029480622872	3.5739515101373844	0.890405945829706	0.6910217402811814	0.2288545124641448	0.7109948866808123	-90.9610748101
3170000	3.203928031688783	3.7064184342374866	0.79725225829441	0.7285398172436256	0.225743578630686	0.7904962576399048	-80.7957631264301
3175000	3.208896688581925	3.2815803794490987	0.8733025289110758	0.7406992055745537	0.20007177868178694	0.8072044198460314	-53.89506162174797
3180000	3.02281798569417	3.184115734562846	0.8697249124383309	0.7722570860877424	0.21237652195460963	0.8544540796249139	-52.876929778845046
3185000	3.0620378568932707	3.20679733257458	0.7490092323466058	0.6487770880570664	0.22614019993591536	0.725863846733542	-124.96794803799037
3190000	3.2926114363002257	3.71831491843848	0.8494001419903888	0.6564322903459929	0.20764194774312	0.8039390989953968	-107.69192269721873
3195000	3.505889072132306	3.9890264119733327	0.8173137464331129	0.700925015385123	0.2512019066015248	0.8628700076507971	-84.32242162517008
3200000	3.02281798569417	4.215496983052356	0.8702128687484816	0.6713322575314119	0.20994971318693795	0.8468753326491106	-111.8619934028446
3205000	3.312513971025959	3.365905226226584	0.7281341374855079	0.7079616584298236	0.2037008599705541	0.7954502362787091	-111.76030651757412
3210000	3.196551661781244	3.2847708995278704	0.8480224018456005	0.5794890762705677	0.2001762806353569	0.709488104423617	-122.44607467534158
3215000	3.48403225922955	5.0445001615044225	0.8811079691511108	0.5030805601171895	0.25525390301811046	0.7918318142507929	-128.55037120571913
3220000	3.7345765670195448	3.8702765288466456	0.8878415805781764	0.6112406658722539	0.21406231311363938	0.7190537531756305	-123.96562876945757
3225000	3.648719877454177	3.7206610507692583	0.730446223028669	0.7260060513765709	0.20467264083002354	0.7078705172578365	-93.91240660628478
3230000	3.084872804164964	3.1246006056416884	0.7822759808814232	0.7182366448817495	0.20632590134748718	0.7925471450173217	-79.3811530759213
3235000	3.02281798569417	3.1080689793658376	0.826629547675361	0.7008170794566688	0.21386189493978938	0.8826152616052144	-77.53044628520772
3240000	4.006409290189549	5.328154629114708	0.8619811118665411	0.6726629624320027	0.21483791921885484	0.7465865015956415	-84.23130831360416
3245000	3.0820744159283198	3.263474465732445	0.8412515241936127	0.761571921332429	0.2121125020535028	0.9532012824352927	-70.00163369690065
3250000	3.1045805278907723	3.1355264469887576	0.8185102056729442	0.6593129563751299	0.24840443236440446	0.768512754059397	-90.50049685654753
3255000	3.02281798569417	3.1301394796371445	0.8703697918495619	0.7925211573688099	0.21455116969212285	0.8057806937213543	-67.4987362707549
3260000	3.02281798569417	3.1222744219731307	0.8450888729524737	0.7659406106745926	0.2125191291689165	0.8593864046705444	-68.32209351918294
3265000	3.02281798569417	3.1799296271058854	0.7109165592987294	0.708313752034032	0.22079904138882137	0.7103849623276857	-91.5629953078867
3270000	3.2388993832077047	3.2697394440683016	0.893436487200003	0.6650742472207032	0.2079855417182353	0.7737497665336524	-105.03835580818148
3275000	3.02281798569417	3.66427273593023	0.881681495953648	0.7326744820953475	0.20818920034054017	0.8821459167545875	-74.86737726566051
3280000	6.15480423793378	6.644738425086689	0.846626334665534	0.6435943204775653	0.20764475341815475	0.8860797543837856	-102.74277981152065
3285000	4.280539623651197	4.3476164806283695	0.7430851010958781	0.6981928861381733	0.20610683223434037	0.8386785446256309	-110.14202126114563
3290000	3.066520411230575	3.2246682968041602	0.7825417473403055	0.6813594977187277	0.22213747368196315	0.7375246627521727	-95.5651836350454
3295000	3.02281798569417	3.0943591812952254	0.7073387673116558	0.7154410487009947	0.20493873673804153	0.7773944620471518	-84.70659447592033
3300000	3.1829597075431293	3.338327984405381	0.8047880559373889	0.7117820360107066	0.25612816664990884	0.8842279266432501	-73.94722187176149
3305000	3.0572231295184564	3.677222461409267	0.818816303253735	0.7186881155412487	0.2009272655552219	0.707065577220257	-80.83093352066368
3310000	3.02281798569417	5.54332256958526	0.7021196976255885	0.6760399660481695	0.20157397527355952	0.7790466560441726	-112.56215608918603
3315000	3.02281798569417	3.107632743714042	0.780504069419582	0.7409206198112311	0.21066857592709862	0.7332362977898674	-99.30610638111241
3320000	3.02281798569417	3.1041761761623197	0.8524549726394698	0.7709596766847705	0.20491069172895054	0.7152754605363026	-64.48287680722245
3325000	3.02281798569417	3.0400052555704877	0.7454392226570177	0.7725319754961826	0.21029481983980594	0.9345032356987846	-62.62788708470745
3330000	3.6567648830995494	3.7752302763139376	0.7705538866567306	0.7204221194195799	0.20774783787682333	0.7318589435167392	-88.07428592083878
3335000	3.1318273172578848	3.559223189003122	0.848354955216791	0.6140462145133444	0.23044322811663465	0.7851701691702437	-110.6728507871077
3340000	3.107280603736648	3.415898246993236	0.7693247822535675	0.6297564312865356	0.21091252025993246	0.8668585041150786	-129.73646770725193
3345000	3.4272077824844493	3.5327601229498264	0.838748420010056	0.6170847893486477	0.22686243439614967	0.7309697235090364	-116.16305808869129
3350000	3.400754642859367	3.557962717881798	0.76697703642242	0.6251421333893509	0.23740079167230232	0.7521105617440842	-132.7051704749092
3355000	3.4969629995791687	5.240785526195438	0.8788592898235246	0.6101725622345331	0.21134616274280743	0.7909813257247766	-125.05512608827146
3360000	3.2908551549048117	4.076323767565265	0.8051838735735241	0.5505531384449306	0.20120685977363328	0.7348652949358714	-137.7105113597221
3365000	3.28363570177265	3.995841639286449	0.7518020101618832	0.7107371498670327	0.21694313613155705	0.9605599835775843	-112.68066162429406
3370000	3.262274439818461	3.3819474625459542	0.728154863159514	0.6820857465744224	0.22659281818307178	0.710999642670075	-99.89400845475089
3375000	3.3316094031789296	3.968711476840035	0.7621599388834396	0.6644493102259689	0.24584741279056882	0.7377303420978504	-101.456862329594
3380000	3.6473422711265155	3.740885363236646	0.750794102861004	0.5857357563904246	0.3009750249737409	0.8032203309897972	-122.24246572329193
3385000	3.3171257919758075	3.4239100335068815	0.8806900759094434	0.612811804890277	0.2545480778467665	0.7116247502358339	-116.57176349607292
3390000	3.2849205790780713	5.853980130107257	0.862851237284504	0.713754037117546	0.20225524158205896	0.718001208938622	-98.4085289101182
3395000	3.485073710601203	4.093589488732303	0.8831323080449501	0.6634581891991065	0.22771866069250185	0.7820992171124058	-94.54595829260987
3400000	3.19565800892505	3.272609289777347	0.7511759697875151	0.5999789568707017	0.21457369049589703	0.7413693249034266	-123.60324216751181
3405000	3.02281798569417	3.1866225326981814	0.8477596350113381	0.7113487606799941	0.21138678387778329	0.8202773158157863	-88.08864568103067
3410000	3.1094996763986664	3.3933645437059106	0.7744809364307482	0.7247218632549342	0.22380450207025043	0.7049094450841854	-89.28487194362492
3415000	3.0312802716855467	3.761167308500665	0.8618969534800719	0.6765460453771905	0.2158531322906232	0.8332103681652934	-113.45572138474782
3420000	3.1949306740358563	3.7287095999811646	0.7458588077853744	0.7929571763008849	0.22009329186971105	0.7459513152181679	-75.39519272510796
3425000	3.0593246749548726	3.425609889599853	0.81375470663546	0.7574481381851013	0.2284694904712304	0.7119206773677674	-73.27622254151919
3430000	3.02281798569417	4.2430734551078375	0.8200694510794697	0.5702856281662898	0.25869796200476736	0.7627311283946079	-119.1552841576721
3435000	3.5004178316713266	3.7932429509727554	0.8739770826167399	0.6220945716362071	0.22111133818381665	0.745623850921162	-120.55574356601045
3440000	3.995645780141659	4.123911551142662	0.7791651595884601	0.5687272386144989	0.2699476260237177	0.7486612077751246	-117.51543959441165
3445000	3.2915874338373916	4.110952629175037	0.8287395233569522	0.6673489672622351	0.23120574944854844	0.7688951530763497	-98.44938950406399
3450000	3.1929738117595226	3.655438368281571	0.8780423505776243	0.6133164512126328	0.20164275863350184	0.756825142154471	-108.96807474691039
3455000	3.150267210639894	3.1892561192302553	0.8541278689278049	0.635378719625007	0.24198014074490556	0.7648145267487033	-97.48889096157504
3460000	3.1251213431454534	3.3986237303435094	0.7495889390988157	0.7477760514223486	0.2083677269122927	0.9238312328218133	-69.44251239214125
3465000	3.02281798569417	3.0575530949499803	0.8406941330788502	0.7491252537700941	0.20917832483593823	0.7275234505102257	-73.54927536399049
3470000	3.1875310650214197	3.3716634859189516	0.8099052932967138	0.7922123432035961	0.20571090653778704	0.8587896676637035	-52.31463046823278
3475000	3.1850850118496963	3.6075343377478686	0.7655125885366161	0.7293118370451717	0.20578174183551481	0.7122566294376272	-85.65429197194243
3480000	3.079108511756773	3.091779365551607	0.7196616629035651	0.6604388524867288	0.20162187108650764	0.8085494474694799	-119.1314451247992
3485000	3.916030149788086	4.03115096258437	0.8941030696508491	0.6649685855623926	0.21063931801211583	0.7290924432557029	-103.49953697403583
3490000	3.02281798569417	3.3779471100171317	0.8786615089174734	0.7293469138494695	0.2537504599380102	0.8014703086668055	-78.2040164689378
3495000	3.4840583395405145	3.52547728791695	0.7784036765525303	0.7176353957572449	0.2149176096757671	0.8539680356933607	-81.56460954289429
3500000	3.163647997708762	6.480243059788097	0.7967239110224617	0.636477772331707	0.22665152383406761	0.7367833011206072	-114.88710644471706
3505000	3.5082704959456197	3.79584028160073	0.8465404525985848	0.5903322986763162	0.23484754904066063	0.8275051067066567	-127.57435537066902
3510000	3.2088970553590426	3.8301389718811825	0.7998280371927335	0.6056208543590453	0.2114796773059198	0.8395853003312767	-112.97198419362627
3515000	3.0826336650979913	4.576064623129265	0.807126557777642	0.7088172554165431	0.22971500191544614	0.7898435750700942	-101.58586008131152
3520000	3.9146142134976754	4.033334616524366	0.8995495429672091	0.6953017023520844	0.2119173045274471	0.9454817250060967	-92.85828566319697
3525000	3.4006507554839707	3.661245304030911	0.8807561631421564	0.6031252175915092	0.21061711684543036	0.7442809663641672	-113.61309518204848
3530000	3.941753469398382	3.9585872971204146	0.8776429385844244	0.6120694067271546	0.21020464842895004	0.7485356588788268	-105.1216416702579
3535000	3.02281798569417	3.514980385471064	0.8424410583598597	0.6461312307713555	0.20074444736515235	0.8329444697345731	-125.20816132429752
3540000	3.2509815266234106	3.2553188839280507	0.8280671705813684	0.6939048950640547	0.20466047522200104	0.7821234163604859	-106.92565255064179
3545000	3.649336989691138	3.768108164718332	0.8162717718782078	0.6692875387564713	0.2080316756756552	0.8831676720330899	-93.01865567972501
3550000	3.1698787897391556	3.525812909477432	0.7593818583030706	0.6839767460267091	0.2264011089914675	0.9163981959253219	-103.49009881708221
3555000	3.02281798569417	4.240405839565099	0.8817913678013735	0.7180810076732987	0.20076283939394401	0.7050645486979085	-96.25991682996789
3560000	3.02281798569417	5.683078356072049	0.88793542219845	0.6268851877451371	0.23023323777109136	0.7366656427730621	-120.71832669237182
3565000	3.02281798569417	3.7125264044333934	0.857515824178484	0.7270764002172013	0.20558006515486157	0.9224392737702438	-89.37451854276358
3570000	3.7563466182412837	3.935128733895637	0.7658636111937186	0.6928511292497961	0.20892207405314314	0.7531862428349543	-103.80783533981074
3575000	3.5791600706420565	3.745417279952317	0.7001390029808838	0.7264109565274278	0.21600227493949983	0.76198754008976	-83.28421318307599
3580000	3.035187844071967	3.1426894435336754	0.8104658403127569	0.7000002319370409	0.2139089594592134	0.967965966821806	-93.12523893092293
3585000	3.02281798569417	3.3680275741061383	0.8994124829225596	0.7260647087430842	0.2034602769556807	0.9813593357427212	-95.12302692998591
3590000	3.0608760555297327	3.094365412685363	0.8530687019403762	0.7259826257783987	0.20709211215788517	0.8934143773109234	-69.1017523205384
3595000	3.02281798569417	3.5268308693755195	0.7454815097550123	0.6845238065649355	0.20082357720968266	0.7493326593256596	-95.03685186082811
3600000	3.24466875922502	3.425066640755847	0.8329593090240661	0.6463198942307109	0.21400237422729268	0.8099431714816275	-111.90020842011216
3605000	3.122751505875036	4.003397378931462	0.8403615887977278	0.5713782271181221	0.23232978377064667	0.7601851417397192	-122.71990953167733
3610000	3.02281798569417	3.930999414855302	0.764162117167188	0.6645802667401186	0.24364142012503393	0.7088158457943705	-99.61596529093302
3615000	3.318391036405101	4.494005931005423	0.8589200895188513	0.5942360015179515	0.22385129633721013	0.7116313738349064	-123.42718088975698
3620000	3.2836203129112387	3.514012532759557	0.8892729504307457	0.6512528586087329	0.23800353635610766	0.7002085368398402	-90.74261640384802
3625000	3.041491609367912	4.212857552958061	0.791690462451456	0.7408635025287361	0.2084154094613578	0.7983200166185764	-89.58822504997161
3630000	3.180553926292147	3.360350769358156	0.8007649508236574	0.6424459427152165	0.20747779001791838	0.7464373782559088	-114.86032470367542
3635000	3.0890690336895705	3.237837564472486	0.7677513049521786	0.6710267422800107	0.20069140468085944	0.7062750876972054	-99.78198869000732
3640000	3.02281798569417	3.4888944658972965	0.7235417257801043	0.713631420547814	0.20831143482266623	0.8046413017362903	-99.13313597205229
3645000	3.320793375247917	3.780363321725023	0.8344663357443072	0.6536691576885325	0.2000309968291476	0.7260106769043108	-103.51547471605147
3650000	3.5510587935070954	4.081654541187554	0.8058060684654961	0.6300175547019937	0.20629525335914944	0.7140675002349961	-123.90427701241205
3655000	3.2601987140938107	3.516660356689761	0.8962113881580043	0.6007755734732839	0.20380852012490241	0.7580874108199557	-125.82031400981899
3660000	4.215536948527908	5.14938327461284	0.8814654269523234	0.5307876195003374	0.2794450995270589	0.7525754163430555	-136.7108368076362
3665000	3.5975335718881034	3.6950312127805724	0.7026554667537098	0.7024136931820069	0.22564698980912754	0.8738186719356096	-106.18055692060673
3670000	3.2974794169539217	4.441929628463519	0.7111934770506191	0.6910056345168352	0.2428334934926097	0.7141252366432065	-119.80069203367157
3675000	3.02281798569417	3.5174891587728747	0.8683031762551947	0.5911351966508678	0.303683709060636	0.7957583622014485	-102.39194319500845
3680000	3.194337830064453	3.442075612835256	0.7332386512250526	0.6234881687973103	0.20736571955430388	0.7793323235161378	-121.74695362782296
3685000	3.720948702009766	4.167047150410933	0.766775391395532	0.6592701369984192	0.20841639284921354	0.7108067303355043	-119.0466946727941
3690000	3.02281798569417	4.088539551401774	0.7779015104802551	0.64192906770934	0.2166123241824524	0.7439771392471614	-111.06247745951703
3695000	3.1950918492485325	3.897455204918383	0.7098242850697821	0.6802758866602827	0.2239913270340969	0.8193075066533475	-108.60848653714038
3700000	3.187021970827698	3.641267160588436	0.8604592070862052	0.6837533324274095	0.2214437423083892	0.8193857371787847	-88.44834455158878
3705000	3.357552289431733	3.690373555738445	0.8498220451714519	0.7563736068095719	0.24885481321322941	0.782960800566553	-61.863353037162845
3710000	3.2000122849869306	3.366900576122145	0.7298764162148854	0.7991580467439844	0.2065508940150402	0.9271889259814984	-74.42653854395641
3715000	3.02281798569417	3.5599429357972943	0.8122684596289671	0.6930778517357234	0.24195308251788541	0.8908999935141033	-96.08457597925002
3720000	3.0839053183867624	3.497303161272813	0.8205793855755948	0.6711487534350048	0.23182971626834303	0.7892517222551031	-92.98276028652614
3725000	3.02281798569417	4.0725800039214235	0.8268978311496247	0.6523937689120749	0.20112108634888404	0.7982018339399122	-108.63858727040824
3730000	3.052348853156856	3.3992697631866435	0.8349897934224941	0.6564329394732491	0.21361342060974337	0.7492556271076175	-101.78326530327277
3735000	3.0399322060741327	3.6180559805818344	0.8490036789638259	0.6800717617911786	0.2052014905254654	0.8987326883439298	-81.56617372715246
3740000	3.02281798569417	3.4242471871807147	0.7021608595359594	0.6537183999206849	0.23220571558880726	0.7248434991514585	-102.13680696781466
3745000	3.02281798569417	3.1759183819177124	0.7838692780942244	0.6977288070373716	0.2165685787720484	0.8520228533479732	-98.62045838057568
3750000	3.02281798569417	3.2354857454113617	0.8019235423363548	0.7239464063691217	0.21012259024787555	0.8093185823325534	-76.79525524178467
3755000	3.199843850746399	3.3023026476772332	0.7620354959549143	0.7422035539944949	0.22189315905718593	0.8502239404123174	-81.58361085415339
3760000	4.2324366503164566	4.331667573661067	0.7549025050512509	0.6129205504952147	0.20984510743826618	0.7127741045165115	-122.22077254388037
3765000	3.406965325286357	4.192499112548704	0.7639464154446067	0.6257598985239732	0.23202181521285048	0.8137420740527436	-116.4400728365261
3770000	3.5678089021575485	4.178799256098683	0.8566651667084765	0.6962246502018656	0.20639130420204474	0.7334334846729723	-115.27497682660399
3775000	3.651879905005845	3.837633725111611	0.8195703301110012	0.6184714365973661	0.2044702304093227	0.8021923849169779	-121.75089813837607
3780000	3.5647612015491146	4.2074484905505445	0.8799810534621828	0.574202568921332	0.20543974497782996	0.7398986850263807	-123.32754074793013
3785000	3.02281798569417	3.1698187094054364	0.889005551900254	0.63778711868814	0.21353156721346253	0.7016246549786281	-100.9570781564162
3790000	3.716960916787892	5.151484904590356	0.7309113414485164	0.6621372506867553	0.22873125124618457	0.7489097618752769	-119.3480804146516
3795000	3.3616831830486364	4.246743330511911	0.8806516693603214	0.6496403456509396	0.20534542081394225	0.7220683576785153	-122.43581904549598
3800000	3.02281798569417	3.51153550414772	0.8588665067749642	0.712065175216656	0.2013208264354886	0.8405393867201627	-95.22321411103192
3805000	3.2040710885981976	4.715721722925113	0.799307073671266	0.6903091901194387	0.20251855003296187	0.7211521262980165	-112.92769911466794
3810000	3.323364560187453	3.7312324328172495	0.7870180863567137	0.6673449586612172	0.20909177764806272	0.7097234242267254	-113.58456745500703
3815000	3.449468734480085	3.6385208995172618	0.871921682796688	0.6938844917812099	0.20623336020218508	0.7112157378036955	-93.96408936877151
3820000	3.1029304423270947	4.672164674258002	0.8130722977020148	0.6897901895582159	0.2146736060569671	0.759952569489264	-104.33610019504653
3825000	3.172869748272133	3.438425863932244	0.7667652267147397	0.6318078998823073	0.2002080658610775	0.7588311236292666	-110.62491298456791
3830000	3.337911200072049	4.855905005796321	0.7283959743607182	0.6890948760914756	0.2506529883552098	0.7632824179578934	-113.43431458442507
3835000	3.309783478535977	3.33482254091607	0.8833075969812787	0.5712660985176026	0.27092124106969323	0.7802151371364021	-110.8805235893413
3840000	3.0998335089485027	3.11272492502571	0.7781720678557282	0.7201579848088979	0.2340271511658507	0.7473069406337457	-95.509339151615
3845000	3.02281798569417	3.2718228009074304	0.8088718210764503	0.7260863121847895	0.2017115135654727	0.8869622014310039	-86.10419637106901
3850000	3.02281798569417	3.235742605648382	0.7400178598933688	0.7886612242900405	0.20345577712703647	0.8154196915370641	-61.125172098526484
3855000	3.02281798569417	4.018488871624355	0.8815705527265181	0.6949841524743386	0.20176880408866554	0.7126938094063986	-83.24377123284481
3860000	3.037649049377247	3.409034042227996	0.8354928006302245	0.569951229041689	0.2269823451270973	0.711804429999579	-107.31701573336565
3865000	3.02281798569417	3.141346127851474	0.7958654414404974	0.7106578835134011	0.2189393069279237	0.7233558697486261	-89.57840177026023
3870000	3.4761652413850515	3.627964438077096	0.8256385669404279	0.6404365110832106	0.22021314750737958	0.7836536310873226	-101.31586681217766
3875000	3.289871786603347	3.9471839270568987	0.858325696230475	0.6112553023044787	0.2294964713130092	0.7870620725995847	-101.2150971725905
3880000	3.3416384752426875	3.6295860584973245	0.7276663415185871	0.6772361693156697	0.2750458940295612	0.7638053147101408	-110.07189692566587
3885000	3.283709799142831	4.233137571325756	0.7998687011527575	0.7176395337894373	0.22224150289756706	0.705293090647035	-82.86473937491135
3890000	3.02281798569417	3.541890968249442	0.7886521433098848	0.7392849743952562	0.23912857491899356	0.804905298837942	-82.90312416182883
3895000	3.3629338056563762	3.494511992110956	0.7514989061956746	0.752685859145177	0.20156681748518265	0.7114334236873494	-80.98415982602731
3900000	3.20707487615867	3.858731030378755	0.8586511268402363	0.6856131589269459	0.22290451840489173	0.9054679891612664	-80.19800794235104
3905000	3.02281798569417	3.2389781285804715	0.8684476812529482	0.6070001008919454	0.22470262966173968	0.8921373791951737	-112.81599455879712
3910000	3.599444707667273	3.6644209275408537	0.7497987195676804	0.6443751754039925	0.20575366851508844	0.7564596150024531	-118.75488167845472
3915000	3.1233533787756946	3.1693597390119916	0.8582063222937006	0.5781638790406947	0.22767602459820122	0.7435437238677008	-129.1872308713076
3920000	3.1815050921709997	3.464952806048648	0.8278668794759726	0.6373988486713584	0.21512577926903192	0.7032652734203751	-119.08558410351125
3925000	3.1641854357074104	3.210142973637928	0.8689183169234157	0.6621893505218686	0.2680418438793176	0.7245373399938617	-83.18926465741666
3930000	3.2102080691104886	4.0855338963681715	0.8436110206680303	0.7353541262887687	0.2173665738617036	0.7011324530546497	-97.21412498955445
3935000	3.5546450088451484	4.44234781117844	0.8946219441867119	0.6369157138905308	0.20113745674709285	0.7929463936327703	-98.60496244536552
3940000	3.1225400018849876	3.2824869326959045	0.8843689590049089	0.7128002543788676	0.2386936370864843	0.7253624244893631	-86.34390505399367
3945000	3.1144401748323296	3.2110839342077893	0.8608576262592703	0.6808176266801256	0.21482155121334864	0.7302263195124091	-89.54427515485838
3950000	3.080050307101305	3.1817991909503296	0.89177082703913	0.7601976544648589	0.21002636749571307	0.7955302764778912	-80.74184126098825
3955000	3.670768204920533	3.996985016559085	0.8062037204336443	0.639128605904157	0.20086819933473216	0.7008025107800935	-99.32618540635605
3960000	3.6878772078712374	4.407625684865497	0.7609415131012626	0.5859715969804534	0.21808113157592499	0.7314663830703485	-127.3123579650102
3965000	3.2298078281531963	3.2532364061842824	0.861060759628275	0.7228316887923106	0.2000284891366629	0.7366579796442362	-95.5577614173852
3970000	4.600058494387102	6.584448302533102	0.7254146184690816	0.6381766844733577	0.23268162486768668	0.720954946519364	-119.1293395244752
3975000	3.0780305017174565	3.2434150355547997	0.896293632394929	0.7017662633137547	0.23509500634474803	0.8671541651854772	-87.7635562267084
3980000	3.02281798569417	3.2817725451883035	0.8732384578261828	0.7153474267590171	0.23759432444185805	0.899029699782655	-73.32443640804252
3985000	3.2363170430864154	3.3875925851167765	0.7217266338580338	0.7826295338301742	0.20015062468891792	0.8517738228695174	-69.96121983286983
3990000	3.02281798569417	3.6202083100940854	0.867842549888702	0.6962315719917099	0.20897377791749186	0.8660900803976284	-111.76193325815669
3995000	3.2107547697173198	3.6065104233591745	0.7992450168117748	0.6564893466395574	0.2010886959439255	0.7143198252812587	-128.56869927917057
4000000	3.4379007428116326	3.686350911151454	0.8656489545087095	0.6107760443992444	0.20662937293477648	0.8912859278608192	-104.02219276146965
4005000	3.02281798569417	3.3873755961324123	0.7709181308563723	0.7349834579348762	0.20075591694301995	0.7722474458427346	-84.10707721489442
4010000	4.268409749532744	4.302764626886285	0.7609781639432617	0.6489763961549179	0.20621808283512505	0.7534316408618963	-99.53790510932527
4015000	3.102794599817342	3.438316532540432	0.7061942785642156	0.702760238862889	0.20742390244807887	0.81838496148389	-94.66226027799058
4020000	3.346783936641938	3.8379347875439898	0.7925649641331549	0.6193263575463247	0.20460985015880034	0.7489228592090584	-113.94166504317766
4025000	3.5743416740280667	4.335525397367561	0.8360322318165223	0.6367698943983148	0.2343009039670401	0.7377398328412358	-106.09859907658017
4030000	3.4766851449446596	3.911160654089559	0.8125131640565163	0.6911401497833938	0.22973559107747804	0.7317668585777057	-94.87999072294807
4035000	4.321061057026416	4.352271742758102	0.8329891054446581	0.7182824623222119	0.20280633967435305	0.8457396992777355	-89.07562625013028
4040000	3.4184952117743013	3.4481755726520364	0.7515487683384312	0.6701371880940525	0.20870893085962391	0.7314693415242677	-111.05968461541758
4045000	3.672849560148145	3.7007754959469965	0.8889859243128054	0.5634315788611057	0.209630112815652	0.7537940526197364	-115.83331408503088
4050000	3.02281798569417	3.6667839512381946	0.7264501325061531	0.6725190914006336	0.2063873993957244	0.8129158502895081	-99.04102445592173
4055000	3.1190254327051905	3.5828991258324665	0.7956649323947906	0.6545029297016975	0.22164840614577977	0.7424062115615441	-108.844420798812
4060000	3.128217910782583	3.2338621642416863	0.8440216285877238	0.7206323397315282	0.2140056563112119	0.7195509737546779	-88.90513533090791
4065000	3.02281798569417	3.0706039285779188	0.7831625550550303	0.7298070706394331	0.22506185272084236	0.8705329069991297	-85.43346163478358
4070000	3.02281798569417	3.3106276732956883	0.8394910855091456	0.7193939058882795	0.2477413514416133	0.7254850844992877	-68.64205019771052
4075000	3.05802344773358	3.3334889393736473	0.8894970792174254	0.7373843742914739	0.2313275467872354	0.9320256825340154	-58.39313819471092
4080000	3.02281798569417	3.066851046335832	0.8647884271303037	0.753624562431222	0.23015159802899762	0.9960566273649677	-53.52660211137342
4085000	3.02281798569417	3.4847926648307626	0.7563291275487929	0.6387040371733572	0.20752117324244698	0.7160079084083286	-100.54384560044662
4090000	3.2515706472093684	4.277844046648302	0.830207903865025	0.7011238307401924	0.21019963903375147	0.7507549942553051	-107.01501600104976
4095000	3.3595200273355426	3.74030824118724	0.7053042518345917	0.6358727589394912	0.2609023396501115	0.7012103079679802	-114.89753459593416
4100000	3.0273053712432385	3.044296615113241	0.7869950493944757	0.6150391975679302	0.2545228989770509	0.7049695826159004	-128.00895051575787
4105000	3.899598421878	5.460156662564167	0.8987925308917998	0.5857184099772792	0.21844116117022283	0.7332448800574598	-122.94315195079085
4110000	3.02281798569417	3.38396555945189	0.8223802058678106	0.66545772403317	0.22770078804705102	0.7227577486463187	-102.76040237875546
4115000	3.02281798569417	3.976618311633883	0.8034802680283466	0.7323901908160675	0.21617880933612268	0.8113484991760176	-73.23057223774308
4120000	3.2919631839697776	4.0472096112961395	0.8142306447853098	0.6724080555485136	0.23044908212669615	0.7354831782993447	-100.27508429893794
4125000	3.2092648086138307	3.570851721297556	0.7815721068985224	0.6085482722119576	0.22840620856270197	0.7156196180616564	-132.8146878666375
4130000	3.1666089555608057	3.4198148758529605	0.8896620567457102	0.6897808251837275	0.20262533033196067	0.8095471118053869	-107.55485616178359
4135000	3.06770326278932	3.6704103351977437	0.7334873748285833	0.7394247589526846	0.24674871393391468	0.8085641496211614	-90.56104667378648
4140000	3.338774582637954	3.664022197818903	0.854837265240454	0.7099410866873511	0.20599823753756202	0.8542195619601397	-96.37716741583395
4145000	3.585535142241724	3.7334572980368774	0.8812293059663238	0.6424946444384815	0.23529140247575392	0.8325419671723179	-99.39514335421941
4150000	3.08780288223999	3.26626306967555	0.7628038199811396	0.726937938475849	0.20964800936710792	0.8621758137969358	-81.2296955830052
4155000	3.2403187860018425	4.1701102808330335	0.8091274259910539	0.6931549780927404	0.21518708796842817	0.7245167954215074	-94.2419058510969
4160000	3.02281798569417	3.439934909444709	0.798110851159602	0.7787099248701169	0.20636955538781507	0.8200795602785558	-63.51802189793653
4165000	3.02281798569417	3.308147657500863	0.8455940664285295	0.6764829311886019	0.23704327718258547	0.7352765049193833	-92.31329286545915
4170000	3.02281798569417	3.136943495094997	0.8508910827350115	0.7085738370760577	0.22615312881060645	0.7314291965913076	-91.89496676259415
4175000	3.02281798569417	3.1887320283326446	0.8115019000891248	0.7963783423545284	0.20207182829233306	0.921185373678193	-46.80542122928285
4180000	3.4647242311459117	4.460239947784664	0.8163283745289319	0.669055603820209	0.22151133155647398	0.9694916059073704	-94.8906111369266
4185000	3.4195319930711854	4.0420394886108975	0.8625164436373914	0.7607353991841352	0.20650942626562316	0.8233797777941448	-66.83782450520789
4190000	3.3246426890326894	3.401702625065585	0.8766823308539072	0.691418214892592	0.20497029288412963	0.8520175838422404	-81.56343303842533
4195000	3.02281798569417	3.1597802538572064	0.89347076349241	0.6768281795425387	0.23102263903673176	0.7424047901034808	-90.26542381467743
4200000	3.2725369130451027	3.7417748885332163	0.7929025832758884	0.6906390408160027	0.21093885066336818	0.7569107894450657	-93.94628710516923
4205000	3.02281798569417	3.0452185376574983	0.8547502573575433	0.6648886021624761	0.2702656232851516	0.7062527652991715	-100.56122313239388
4210000	3.1784994250629284	3.681187055172502	0.84661567079959	0.7001902062437808	0.21848246505977303	0.7456677513643505	-83.68404746613919
4215000	3.2991937406771705	3.3020304939188296	0.82061813755564	0.704987481262924	0.2057941178496522	0.7587792331440465	-75.68365864059098
4220000	3.043224822030024	3.07209103320876	0.7162108574458605	0.7423830040605179	0.20294011303891277	0.8219396739805334	-79.24814148245306
4225000	3.02281798569417	3.3143322782752627	0.8865387068072919	0.7174999182921777	0.21828174050129412	0.8515691167174356	-70.11699308971058
4230000	3.02281798569417	3.459930978751122	0.8196845953565217	0.7313670500613942	0.21179026005165524	0.7318872830903297	-67.57304481656237
4235000	3.033060915852577	3.05539171383374	0.8762887780162483	0.7499462185245567	0.2006191095554964	0.7498227212649254	-66.64420920360695
4240000	3.02281798569417	3.327786577631411	0.7013808523958753	0.7037812936964162	0.20343264480673948	0.8466530674982972	-102.97704270132212
4245000	3.0706277696029596	3.234559567925166	0.8837092218654803	0.6370147431675157	0.2071344451600792	0.7132361553608534	-89.24081931665847
4250000	3.02281798569417	3.2536195196422284	0.882217567087336	0.603741178037097	0.2538253175212584	0.7016639606032855	-108.65952351067202
4255000	3.02281798569417	3.738342571074915	0.8568404836393386	0.6825212242795697	0.24322347218494708	0.7637291315502222	-84.57464276251278
4260000	3.02281798569417	3.963867986354337	0.8543011300661406	0.7290795440567044	0.24500519675158314	0.8590391724389141	-58.00714831200343
4265000	3.230558778480975	3.5377824517701297	0.8587014496972679	0.7771402462739478	0.20133767465455932	0.7929265882123847	-67.70114437879536
4270000	3.3640544897365547	3.6692916551620325	0.7834532097783403	0.7413253231885661	0.2021754866959457	0.9028646532601372	-61.79623483856404
4275000	3.325763734106008	4.084647398361847	0.8994299503219314	0.677895910905686	0.20463944521994243	0.7916506525337105	-94.40939757395807
4280000	3.02281798569417	3.090132687054145	0.8524400308027814	0.6867130523168977	0.2044850502055245	0.7868580115382103	-91.87744662222653
4285000	3.02281798569417	3.0377582454362857	0.7049444498979875	0.7461577026142427	0.26370607406578317	0.7208970145103429	-85.60335964994314
4290000	3.02281798569417	3.829086886902289	0.7055895288501618	0.7884442264795538	0.2093658672222042	0.7798111174366892	-67.45647891099168
4295000	3.207299124637509	3.857991333922956	0.8005314108230116	0.6398582527016459	0.200168825507218	0.7431994861060027	-108.7012603916389
4300000	3.0649593569300664	3.8241115908155354	0.7495222939302963	0.6340956671351795	0.25850043508194703	0.7008822387430335	-112.95297518445776
4305000	3.02281798569417	3.4823222426492326	0.7988038461565387	0.6558900491669928	0.22104336460174256	0.7201244613669034	-106.25327728728132
4310000	3.229785139399552	3.4408458347808355	0.7445270978301739	0.6252166924565186	0.24487762637446922	0.7314098012016664	-132.4510841604487
4315000	3.820184126560828	4.405590640885377	0.8791382736513886	0.6031309856375627	0.20633329367178777	0.7005131202611925	-113.58624332995069
4320000	3.02281798569417	3.3359230208307644	0.755006004417288	0.6833190797858365	0.21585045403175043	0.7056118254378574	-85.6775091780166
4325000	3.1040541362825493	3.773547524457269	0.8325131457292846	0.7329194838341555	0.207552033063182	0.7509418816578058	-74.20978294216695
4330000	3.1588880788204468	3.25416604272266	0.8370095033419163	0.6556493329714017	0.20923458127816477	0.8509425168950451	-111.48252187513884
4335000	3.0368607883111967	3.0683901448185895	0.897319835047847	0.6768492303152748	0.20670712623818002	0.7295102052785172	-79.53860216167891
4340000	3.177373653577779	3.4288105518176466	0.8377992724720434	0.6906492129434084	0.23507558415680094	0.8986876914477268	-81.04722393977045
4345000	3.02281798569417	3.062599273056371	0.8659909673907992	0.7482185054032332	0.21323622346750545	0.8945675508935872	-77.69037627684204
4350000	3.02281798569417	3.162675244515931	0.896919249335443	0.6391448541221257	0.22089526299740295	0.722461793622176	-104.14752178429697
4355000	3.02281798569417	3.6581277555869445	0.8678339917008284	0.6876041271765785	0.20548405053985888	0.8156394003381864	-111.16972230374745
4360000	3.1100565758395033	3.1474664941015016	0.8487567123996937	0.674760152780669	0.24365323883822157	0.7686992083616179	-85.23198636412383
4365000	3.07457314131422	3.377867198983757	0.7460720290233137	0.6807536065819368	0.2078861632417931	0.7765555249084082	-115.39078815102357
4370000	3.02281798569417	3.2021624661902166	0.7832783192852554	0.7345009953458572	0.22493711366626276	0.7338134117765025	-76.7735497904792
4375000	3.3842023106299215	3.751779736910559	0.8315813542787297	0.7058544334515744	0.21660896217751544	0.8013809602483057	-98.8844709024064
4380000	3.785605773230028	4.6048596603658	0.7068927623308162	0.6437155190170859	0.20280027073465315	0.7833844104567498	-122.27848548483746
4385000	3.02281798569417	3.5413180916002394	0.8435230835610572	0.6273233066155819	0.2337113635866606	0.7611803001892918	-103.45773818698362
4390000	3.4765476341882393	4.375507253000185	0.8802400150516188	0.6161451556192349	0.2077015793826146	0.7802298344569384	-112.06719616446301
4395000	3.0914472584998607	3.337117726049837	0.8637748139990625	0.7188097030503137	0.20436119217497029	0.8962096721025565	-84.56586984715895
4400000	3.2998615498284596	3.369975167078797	0.8255219064601768	0.7110522749790718	0.20422577703279132	0.8568677265644288	-80.84299815744214
4405000	3.1510424429366757	3.6018010512772265	0.8817602667983512	0.6299712171804474	0.25783745909769196	0.7479667726917337	-110.58679643347665
4410000	3.457460210414039	4.025198370482057	0.7862746829780675	0.6557831646118728	0.2236846203567619	0.7064276373195614	-108.65157865698117
4415000	3.3038387339026323	3.627235553331074	0.8319336367672483	0.6301023778524808	0.21387484118147004	0.7227477431742301	-110.87821233765018
4420000	3.7321293380024056	4.36506761136714	0.8020013474193921	0.5714132783331091	0.22106493727596638	0.7014918031317179	-129.26835898442909
4425000	3.3828121192117555	3.6485976122180053	0.8501647068719519	0.6839891377972417	0.21731108731134055	0.7172822427930268	-93.8970076684422
4430000	4.627415080999656	4.73369510148698	0.8288130954553559	0.624684530417232	0.20660694399268978	0.7473870537311669	-106.54677065648013
4435000	3.02281798569417	3.088818447372447	0.7188518858044554	0.761750520329793	0.2078953919727149	0.781461733434333	-95.09823908233679
4440000	3.02281798569417	4.4037714468764975	0.7473133106837572	0.6903128845974826	0.21480226613470493	0.7906342268341284	-101.89597758985522
4445000	3.02281798569417	3.118826632915394	0.8496415862978427	0.6713892134786236	0.21112957508480532	0.913995622092868	-93.33520911977192
4450000	3.1368978824919562	3.148489960616996	0.7042199379579167	0.7943042656651714	0.21512739397929234	0.7044774514545985	-77.23672580408572
4455000	3.02281798569417	3.145888369636775	0.782480395086806	0.6990714608892514	0.22680658388135885	0.7184014326060629	-103.42618025541691
4460000	3.3214976683638895	5.125582721439312	0.8073082766110846	0.5769415408696164	0.27093293704260046	0.7364735153069208	-121.51621742430035
4465000	3.238915514612204	6.693042787729078	0.7976799818305781	0.686409726064239	0.22444312196581032	0.7203438932129699	-98.95821018346524
4470000	3.02281798569417	3.5915830305270173	0.7778494388928457	0.72946864904697	0.20176329659641207	0.7286337908572287	-80.49886659861801
4475000	3.1157471172200286	3.1968667728252176	0.8203365513925748	0.6652459335148981	0.2168946795134642	0.9403600922532671	-94.6975773714824
4480000	3.376832226489119	3.8932511576606945	0.8236261250279001	0.6925786791803955	0.20221609614734237	0.7769629049663908	-100.11589406527426
4485000	4.270089177781464	5.856026083518338	0.7552168827848452	0.5753981950334123	0.2943560930665625	0.7074515661956048	-119.55906148056619
4490000	3.5402256021373	4.04821587103666	0.8913612845618588	0.6435910587781567	0.2264899623472261	0.7549603355169424	-111.51855866271711
4495000	3.3743806252676065	4.358191059435133	0.8071846944911644	0.6132799757423679	0.20639037988813563	0.7317253894872924	-117.18559119116796
4500000	3.3985750745332335	3.5169696546994618	0.7159180081065679	0.7179736192678491	0.20238925696847104	0.9133486501975203	-94.69231575813495
4505000	3.02281798569417	3.380904510670537	0.836752928697239	0.6483690381792827	0.20395377657492914	0.869449923607073	-103.99959904982893
4510000	3.5601880643691564	5.004896622444687	0.8759306403042917	0.6493699628849322	0.20019306806108997	0.7961912802504695	-98.33549880432156
4515000	3.1246490005255	3.224855836241007	0.7985425462480434	0.7534936544600218	0.21514166095705908	0.9923901299007973	-84.42625621286567
4520000	3.150714082231694	3.4314437092233754	0.8015092770089896	0.751718949443718	0.21308015824216356	0.7094497644188794	-80.39222749501266
4525000	3.3447457583390405	3.775953380002646	0.8420330011109475	0.6137273484495257	0.22785409216062594	0.7312514358861575	-95.42105136000038
4530000	3.440945142561678	3.709961327538763	0.7855099599972829	0.7441348526586042	0.20296333151476098	0.9072247698183565	-79.21967674944719
4535000	3.2001675966688485	3.4284248730359868	0.7839347918939876	0.701894881896533	0.22467802119156288	0.7884149340378039	-78.13743204731685
4540000	3.02281798569417	3.470916222734716	0.7525165000744576	0.70249096016632	0.20092618006725133	0.7381744744420972	-109.83017670009127
4545000	3.243161650454626	3.332441179800261	0.7302330488755366	0.6690284320832015	0.21825946679048658	0.9287477930286434	-114.22792667520645
4550000	3.424662596525016	3.799775954391364	0.8178501093585198	0.6405119347895555	0.21589557313621324	0.8231319295713158	-107.30316352339844
4555000	3.02281798569417	3.1668339006843813	0.817069066872136	0.7184150573298516	0.21990193463933694	0.8053313357939037	-89.7447883581992
4560000	3.0974318661469376	3.5097294802040446	0.7628295635371736	0.7670937314835359	0.23759424478135086	0.8586210066096619	-58.56892612036296
4565000	3.02281798569417	3.1042837473540446	0.7795360298806201	0.7121017619930325	0.20342776934159557	0.7585140508886454	-74.84627064359958
4570000	3.0475567379772657	3.3816161464977683	0.7937621952332656	0.747147757052354	0.217303109859527	0.8827215820581924	-78.4175546816839
4575000	3.02281798569417	3.2246154247719767	0.8393670481591108	0.7071863727547135	0.20400659936740664	0.9408958165992226	-82.0804008440447
4580000	3.26433874031056	3.996135999677144	0.7130012643779571	0.7701538073602847	0.2017310523534945	0.8796639263022029	-73.08933326773433
4585000	3.02281798569417	4.464854136928135	0.7418660976988766	0.7188801921473991	0.21797919552901907	0.965838952034216	-79.02829353867656
4590000	3.02281798569417	3.1081328558413595	0.7912667313312919	0.7528897958292134	0.22564723236677892	0.8057120371988536	-62.228835145919355
4595000	3.345329017806175	3.833788697602449	0.7905048015661464	0.706291312636056	0.2089731733273474	0.7348501924024079	-97.86924145460159
4600000	3.1476197354658413	3.7243512529637277	0.8605147457572047	0.6438103205084388	0.2039465230763566	0.7199801153184329	-101.88357139132253
4605000	3.02281798569417	3.1329480507262684	0.8677517393014829	0.7678150409384308	0.20920370534949748	0.8389713407033421	-64.54336618595445
4610000	3.02281798569417	4.415457622110349	0.887274912654475	0.7423909552211755	0.20580407291243077	0.7961317780889995	-74.14149220625396
4615000	3.02281798569417	3.0620496335763687	0.7704904276731585	0.7828828902303897	0.21041929148544933	0.9133986599077525	-58.12726201855958
4620000	3.470423827896174	3.4909580208395115	0.872671101633505	0.7165825726561336	0.23168199892143942	0.7048049233676982	-59.083250614587655
4625000	3.17622895468964	3.916095626837112	0.8772027927837832	0.6876876134419657	0.23690300671884906	0.7800878190411912	-72.30654283167357
4630000	3.02281798569417	3.6796443763932314	0.8177079208827601	0.7251470522291132	0.21291795229068544	0.8373086445451463	-83.40529176235535
4635000	3.039122794579039	3.4272632741613394	0.8637769012342289	0.7024911854252409	0.2561258961678135	0.9006570348378481	-81.08558443470201
4640000	3.147088759604886	3.410581477988043	0.7437651103309582	0.673599201952998	0.20193335990350716	0.7436220967161676	-94.6377576644544
4645000	3.1400625423374118	3.1635134629929462	0.7382199283751176	0.7607019497214833	0.21137251412568686	0.7929375824321752	-86.74844227414164
4650000	3.02281798569417	3.1146848676675583	0.8052205133938517	0.7628919063532205	0.2067735714906969	0.8467672393169686	-84.1527584184814
4655000	3.02281798569417	3.0584765083310725	0.8620312998680123	0.718248240893636	0.20254135853546254	0.8712692352975707	-83.13532611275917
4660000	3.1201432208144597	3.9262444648501478	0.8757442089756701	0.6785030114546997	0.23313898598222701	0.7357628530488622	-91.9270927378235
4665000	4.026680821568759	5.002618902208438	0.721207681490509	0.6322248832021208	0.20755521306519342	0.7375205497197856	-129.2163136915541
4670000	3.6492567961176756	3.7702165004042407	0.7811233740795932	0.6575415809318998	0.22490901240861536	0.7753860884758035	-98.9893385075546
4675000	3.1405903923029084	4.60353178804432	0.8180106756004208	0.6503582927903586	0.20868348406110324	0.7381605221865282	-117.0590566764044
4680000	3.0860265171736283	4.5329014597745045	0.8697541721207368	0.5895293776784082	0.20307140659894102	0.7439811659046943	-119.04985158508325
4685000	3.02281798569417	3.4522761577234027	0.8419353536192749	0.7149772227461281	0.20708000447608663	0.8284882847016249	-81.79426605872243
4690000	3.02281798569417	3.0938759213675993	0.8245877317064756	0.7527380779781153	0.22337672302172895	0.9090316165235193	-68.67687680946489
4695000	3.093283157483674	3.11667293563905	0.7080549162390407	0.7937947730446508	0.2107771216792032	0.8274084308477153	-63.16810548208917
4700000	3.0890633166539687	3.170942279115892	0.8703311742989662	0.6722723605772424	0.20054029567176943	0.8830356206179298	-80.2745010501238
4705000	3.216795168234425	3.4975201996880845	0.82960364762127	0.7194639565449709	0.20367129033112405	0.8340096184631961	-93.54159228942285
4710000	3.094136529562508	3.625113896558485	0.868112676319656	0.6251703115072224	0.2095113347619785	0.8252243746151335	-102.76611379719165
4715000	3.02281798569417	3.4637458591984496	0.7563935534994614	0.7331117204201771	0.2009885854520095	0.8796140581966441	-95.75430418875027
4720000	3.1301296230476208	4.9241911410134325	0.7092863047591004	0.7423251727686985	0.20143566400706153	0.7365349502915032	-87.6825102954175
4725000	3.3498665114907986	3.880992457945577	0.8358579216986445	0.6792722785822355	0.21080031791808307	0.738226717915072	-95.61137377491312
4730000	3.032087769949181	3.692225321566788	0.8667280282539545	0.6745998897419633	0.20947972579563948	0.7268386649220687	-99.12473249972894
4735000	3.6353263057139125	3.8078479564776626	0.8727120191198938	0.5420697531038522	0.2353279424693985	0.71698193189977	-129.9084290929524
4740000	3.3325251499116844	3.9339507638792974	0.829428030305622	0.5834795914925563	0.2184857795123683	0.7055809304626348	-123.80709477991758
4745000	3.4125204519513206	3.5318287487242137	0.878518656916651	0.5981356361161702	0.20002506918704938	0.7578313644329807	-111.47190125611871
4750000	3.2944844876402177	3.337909813903774	0.8631927980805173	0.7183929280592823	0.2783279760046129	0.7126283326924988	-91.00013723999126
4755000	3.786818099310979	3.888351141722269	0.8694926286229114	0.6023132455642276	0.21520932594637118	0.7809263469306463	-95.95016039302658
4760000	3.02281798569417	3.5480017670322437	0.8139071361544935	0.5517542759469014	0.255727716966347	0.7322420373739196	-113.34012934176087
4765000	3.474730839168839	3.688888297056353	0.760768257712887	0.5567390996916043	0.22621945122252837	0.768832182083526	-145.53116345449456
4770000	3.8028124789713513	3.8860484428995963	0.7934195290976455	0.7003082933422077	0.21317431549306973	0.7414059330229716	-98.76095508076341
4775000	3.02281798569417	3.411833123244343	0.8245999930741088	0.7083731181426174	0.2166417260212567	0.8977038150971152	-92.04036399157755
4780000	3.399803060607038	4.042407594500088	0.8018127749969005	0.7279017963438994	0.20179106724789708	0.8982485346547454	-74.82283404204193
4785000	3.02281798569417	3.2300329519954056	0.8896659531649178	0.7211338945667367	0.2109200206343995	0.7042512983766145	-79.76161005471687
4790000	3.1540150496819592	3.944855423818509	0.8959510371366463	0.6569601807851807	0.20056792084473143	0.7194276086293515	-98.1355672884477
4795000	3.2586983268189043	3.7714187020093717	0.7850558928756132	0.7088203999977295	0.20104923346424317	0.8501382213354486	-93.66794793563835
4800000	3.1250799718959152	4.6254083172478415	0.7899052923520653	0.6588472281128234	0.218212329533569	0.7485349124016482	-101.4305153445508
4805000	3.0451770545734824	4.2724493815121125	0.7623691720994472	0.7352293465705223	0.20719118683955676	0.7824865717319018	-75.73011663617532
4810000	3.02281798569417	3.660159394857692	0.7273587710922207	0.753665702562765	0.2140872127853931	0.9205266757744082	-76.39281148340248
4815000	3.3802979394474995	3.703430890971682	0.7276180933464477	0.7666847046331364	0.20192337017797393	0.7216700764924128	-79.26100986929703
4820000	3.0815111367537074	4.506986034982096	0.7669406693245356	0.6518345855833838	0.23318911334148668	0.867761637176003	-101.80669516668996
4825000	3.3945069331489273	3.8459610303691014	0.7451760065031687	0.7088556152329193	0.22385796321619708	0.724853455278463	-102.94455849827625
4830000	3.0726937409985755	3.5088082498647273	0.7652997052175655	0.7424347352832844	0.219103591167849	0.72832318166928	-86.10227277886173
4835000	3.02281798569417	3.039280413867921	0.8690423926994545	0.5862257159632714	0.2024504918798492	0.8542281786152726	-107.84486900439077
4840000	3.02281798569417	3.8620173704460834	0.7786476663992079	0.6938482893710196	0.2654038082963606	0.8894732875782252	-98.45093976288027
4845000	3.02281798569417	3.81657495749783	0.7387882579893893	0.7209370843843392	0.20233348377809726	0.8074944097353103	-90.94829410846015
4850000	3.6560839832221803	4.620056155102373	0.7414864853889622	0.6395810578929944	0.2918317153534769	0.7857177228831671	-118.92444097605036
4855000	3.02281798569417	3.1325373876811007	0.7803105812129052	0.757001682381565	0.21663966260581555	0.7922087604997001	-85.1021125260967
4860000	3.02281798569417	3.2335520042129002	0.7045082599190765	0.7477509081952182	0.22278024606556346	0.8318318321837374	-94.84928561052743
4865000	3.02281798569417	3.0332983189624363	0.8281593400293115	0.717314886926455	0.20394801734079732	0.727856876461731	-89.7349702541967
4870000	3.02281798569417	3.2505104451075324	0.8725017931137571	0.7477776035115083	0.20623443414714973	0.8338223333141889	-78.79597541429106
4875000	3.5374569658984276	3.7857129812335266	0.8068273925050433	0.6857268026420684	0.20858255265541273	0.8706827406025335	-100.11270730633194
4880000	4.845139838252092	5.101547477940365	0.8079568506707524	0.5472428007117731	0.2095226930952181	0.7082901528815398	-148.64442817465945
4885000	3.5839460179738647	4.3990938377597955	0.7292711790399732	0.5580109736079796	0.21369353332083207	0.7079654280146783	-143.57743367867172
4890000	3.685894119290095	4.057846254280298	0.7719265497672437	0.613567061563195	0.2058767427882604	0.7138672200242601	-133.93580938269304
4895000	3.2529399501143037	3.7163007494701676	0.843370184872205	0.640333452685453	0.20927194937145205	0.7788737596298213	-118.58951879560323
4900000	3.02281798569417	3.2223103660280517	0.7203020552588609	0.7945556549166284	0.20941815328156568	0.9729471902504812	-72.01648145857786
4905000	3.02281798569417	3.234279991670183	0.8770406109486906	0.7027341472614359	0.20457805398321435	0.8350635929935117	-81.17572959539723
4910000	3.1389281378557485	3.3531340273051176	0.8408494645929846	0.7174286875434401	0.20289828821682435	0.9182554284709129	-76.46040390481778
4915000	3.3623067324712843	3.590705985446065	0.8112341120326331	0.6116702508966916	0.2031486019685593	0.7058339686269861	-119.16443848675937
4920000	3.7591064665995972	4.1630239110764204	0.7555735625365522	0.6333756086118232	0.2366149122526376	0.8123787723792197	-116.6498966824941
4925000	3.7452749761580253	3.8635369527219874	0.8349325488039402	0.6619148981503467	0.20268297078772388	0.748736050565363	-98.9839965538915
4930000	3.678475652883799	4.946081674346028	0.7770706776603201	0.6452125052681171	0.23288933931960795	0.7583052542630869	-119.07519388987225
4935000	3.137768773037981	3.2575113267856044	0.7666270731149961	0.6193624803369855	0.2215515873531545	0.7000460621876137	-123.0735243925773
4940000	3.124312247950365	3.2401076984322943	0.8871875436814832	0.7155215568038212	0.2181579294364493	0.7140921471621696	-82.76525126048733
4945000	3.02281798569417	4.294837885845635	0.8042036355987064	0.7056386491011086	0.21600733863585167	0.7844339932117917	-84.57249757325872
4950000	3.02281798569417	3.1244301238821346	0.8307687987235439	0.6854773037161933	0.21200242105531214	0.9344789745150974	-77.59016625777491
4955000	3.02281798569417	3.902101553324896	0.8671194493759928	0.7638086869965676	0.20246645691367268	0.7554774392130863	-52.23310633980221
4960000	3.4099768813810125	3.4150723859482075	0.7969132745456836	0.7311203683552039	0.23897389466990626	0.7690799946256898	-89.22282971068412
4965000	3.02281798569417	3.113956826907569	0.8896580496533161	0.7085213761574612	0.22334187394399965	0.7252964470452278	-89.96868300849675
4970000	3.0775461224024316	3.359967575241538	0.8452023477992491	0.5317511274361237	0.2780890645544905	0.7526819228876055	-120.22651883521988
4975000	3.3429061662928654	3.7268819815641603	0.7980035248682191	0.7154534648843062	0.21504067513723454	0.9453490329455749	-85.54839584454504
4980000	3.0417468161942103	3.339004950749202	0.7280900682665981	0.7263398350503234	0.20220162522785795	0.7331685920942423	-81.19339643704811
4985000	3.325972229348373	4.309604139375652	0.7871352401362329	0.7299280985577574	0.21389152994045957	0.7030487105824017	-98.34175767409783
4990000	3.232032112710886	3.4335579606985696	0.8127998366061265	0.7073032308747782	0.20523538607630762	0.9219713270925387	-93.08476542001253
4995000	3.3718651149477292	4.317923136467736	0.8842770404991216	0.7757026682866139	0.2021004033360472	0.8788495970940702	-56.6396792942725
5000000	3.02281798569417	3.1345035022949586	0.8800317238495502	0.7614244794353762	0.2625446025672574	0.9237851812513042	-43.95797101987888
5005000	3.2080115254188737	3.275077592263663	0.8533601674696815	0.726988138222523	0.21404516223711262	0.9148332651642181	-69.36140765453064
5010000	3.02281798569417	3.328072122781259	0.878702148392651	0.6864127568831626	0.22196820832250963	0.8777230672112332	-87.75274101644166
5015000	3.02281798569417	3.050349706651129	0.7868377410849777	0.6940277551838887	0.20525092658007046	0.8237191014284815	-98.53973232003753
5020000	3.02281798569417	3.6774775119433625	0.7245890729090362	0.7780723230523582	0.22397046100295287	0.9953765555504065	-60.96119705484252
5025000	3.02281798569417	3.082648818661729	0.8926329530131545	0.730163713073847	0.21783920672787965	0.8375900537184658	-74.47258240608119
5030000	3.4866971641915896	4.263412445145688	0.7408806308876488	0.7477690802421288	0.21266919669038375	0.7708443947466976	-74.48724108540759
5035000	3.02281798569417	3.067510307857438	0.8987403885334685	0.7171304625931972	0.20275521077598638	0.7936248371575579	-89.70478251672142
5040000	3.02281798569417	3.116496295974518	0.839966435909667	0.6223291249867023	0.21883409298229936	0.7281023965745258	-104.7429862014817
5045000	3.02281798569417	3.2795060952802135	0.7907480071683417	0.6366597522852682	0.21143505530072804	0.8644572974313566	-110.32400966460514
5050000	3.7134559058310828	4.453630252183341	0.799165543195305	0.6641442266008593	0.20709277352967712	0.7614336064005813	-111.72915817262981
5055000	3.183316841353548	3.2192448587329006	0.7157582673142744	0.70927976341902	0.20136237525181072	0.7708485609438112	-103.3704870776136
5060000	3.1674697746866727	4.010521435679797	0.7297076148832803	0.6529884320725194	0.2541756697917058	0.7189588865557451	-127.14735281241724
5065000	3.1304292392321917	3.315527272980428	0.8288073171655386	0.6115924083324352	0.2281300045185657	0.706601823973691	-133.88549655181106
5070000	3.3002233407810717	3.31598537408922	0.7357214681131838	0.6217844461194303	0.22810600259494201	0.7498476871719599	-123.21886901417977
5075000	3.226643497643911	3.3255862579272235	0.838820870492632	0.6872641798180141	0.22350195476753204	0.8166111729975097	-78.35271565044008
5080000	3.3678084485479447	3.449234402574081	0.8371726779863666	0.6822502091357211	0.2220777113083623	0.8315764766439951	-115.27075627091423
5085000	3.135506201589392	3.4429690554274783	0.8666219393786779	0.5782155933538359	0.23662325039839033	0.8387432821874854	-118.46768652463646
5090000	3.02281798569417	3.8644221130623584	0.730586520614487	0.7644266583900504	0.20185255757669288	0.7635563007185752	-85.61976414989493
5095000	3.4257247898208507	4.068599274856916	0.7647877369697459	0.706467805360846	0.21400748512001863	0.7248838542056139	-84.8828532094526
5100000	3.729330820294005	3.8389187972977536	0.7097677990056176	0.7165567629887335	0.21268669089173756	0.7942415142040962	-116.14837716560382
5105000	3.142544693991194	3.2220054091950256	0.8800296580240535	0.6241744092241112	0.20390727147581855	0.7365588122317552	-96.90471726089228
5110000	3.164127253057616	4.4728414470613025	0.8500149369983533	0.6441015547756684	0.22262115597571955	0.7490890771202926	-104.99321230702591
5115000	3.0821304803239142	3.1171492129222464	0.8015238811564089	0.632074319532468	0.2309776552292733	0.7440018783561339	-116.83014338289797
5120000	3.8805031285932783	4.115522473746345	0.8095232987607911	0.4976999464102408	0.2526288114681333	0.7068225490923924	-136.08801387102113
5125000	3.420891198419526	4.147632287852909	0.8394260200662053	0.6201050131767584	0.24598118020323842	0.7427705124766835	-123.6104470280138
5130000	3.5586200937451458	3.8339437655287747	0.707199703278674	0.7166940236278335	0.2038611273211925	0.8384915600897136	-99.98488196440354
5135000	3.02281798569417	3.0813764608912706	0.7824140566237746	0.6459238392299196	0.24480088767535926	0.8687538827312216	-98.07175361247596
5140000	3.5394186484581893	4.472819887704674	0.8734471406786355	0.6812404079379901	0.24431399414863061	0.7664119605674972	-92.91960684904524
5145000	3.1101650151039584	3.3326947493229837	0.8877713048484037	0.7872100563752302	0.2047744318759598	0.9025812950259097	-37.8322593897147
5150000	3.1731916768246604	4.116254075529166	0.8538631813910316	0.7571609606195298	0.2135357623175802	0.9774357612966541	-74.28838831206824
5155000	3.19071523562819	3.3759058668940543	0.7854608084763304	0.7142850652699122	0.22080119936979775	0.8444518187859359	-77.3347915299471
5160000	3.5307848114866465	3.624927944941429	0.8346175683998442	0.663225770139455	0.20898533899762695	0.7581791681580935	-101.88227207147784
5165000	4.191725573617611	4.192517062720847	0.7858243285855836	0.6149696291414659	0.20153691087191056	0.7213302734005737	-117.41694775505181
5170000	3.306452969094216	4.62611285588573	0.8979546602323385	0.6206965247889797	0.23927960512742888	0.7208980608926643	-115.0212999115009
5175000	3.0255785984748513	3.5805131790801425	0.8311617189967918	0.650127818602003	0.20430562022424745	0.7534546030323098	-122.71832402039897
5180000	4.248555782908648	5.206608623797137	0.8049601563516751	0.41801542487954635	0.26777908707126113	0.7113513726990947	-158.88854529920738
5185000	3.8771027559354305	4.95198808867788	0.7958727155183069	0.5584383389280883	0.2104712601675977	0.7713357034372478	-138.47974721919707
5190000	3.066091016151061	4.219095572769663	0.7627767277323577	0.5702111897073343	0.22807036641967854	0.7191072441211542	-132.36972059627283
5195000	3.3570812671024512	3.5929624467278973	0.8456166125735561	0.5993187188396139	0.239724044336875	0.7024086007203995	-104.1921289807297
5200000	3.0678911392580974	3.1927991336840913	0.8200780347805233	0.65315139268699	0.23207295832143698	0.7144054585639928	-101.50153875915811
5205000	3.5303939832051907	3.59504744122911	0.8314737288425924	0.7232864850720767	0.21740643515740687	0.7882436214706637	-85.40309955246414
5210000	3.02281798569417	3.9953728015167713	0.8476022033786764	0.6348223882138389	0.23254506951859433	0.8187937805114877	-104.12021396460364
5215000	3.0624202891795815	3.1573207195410786	0.8527278939706762	0.6905276548945771	0.2265715051108071	0.936757987090485	-82.61426857652341
5220000	3.269392886820677	3.2868096283987343	0.8581107187850576	0.6935118858575999	0.21046609930209456	0.8038103342330571	-71.39484699343728
5225000	3.02281798569417	3.0548441550432788	0.8242486364434377	0.6737483660425465	0.22369515648357804	0.8193837287799041	-105.76112857661937
5230000	3.02281798569417	3.321813740114087	0.8545877539174627	0.7194737719749807	0.20447592926058564	0.7335223367334742	-92.59585984072936
5235000	3.02281798569417	3.307018442578913	0.709473053059291	0.7815987713699619	0.20641572250972368	0.7975919881671392	-83.4831520222915
5240000	3.2565227943888377	3.371020510521872	0.8919985204946652	0.590509230771559	0.2586772092978793	0.7349887882870019	-96.10002829134481
5245000	3.1380796925312486	3.4491635232132642	0.7431745951908448	0.6008458269260308	0.20820267822896585	0.7503669785390332	-123.91225371636125
5250000	3.265149986836193	3.776798593898666	0.8324728478663793	0.6032367504993	0.23139012130277997	0.7364075293230838	-119.6482159878922
5255000	3.269770456427523	3.325379772879205	0.7904251645595927	0.632469739651787	0.21168957433669439	0.7457680079055246	-128.72510214340235
5260000	3.1765018085262833	3.3393744194657846	0.8179370491148027	0.715382590448763	0.22133478383222466	0.8564650326113379	-77.67755121331098
5265000	3.975573047631226	4.4924144161326325	0.7313065584857983	0.7017192006103685	0.22429430871314626	0.9392493613630076	-86.64505606630132
5270000	3.1849317428098587	3.270491389549988	0.877754407112676	0.5864932442196568	0.23584497005767305	0.7033331793026449	-114.27429682546341
5275000	3.698701190979171	3.9824265781304207	0.8463694338178392	0.5793410044578444	0.24225852512303944	0.714701975546686	-118.39630605517249
5280000	3.7035754187368637	3.8265890311776825	0.8532800711900942	0.7206342660133781	0.2002116513066379	0.720350750384786	-94.0010203813321
5285000	3.02281798569417	3.238239527569452	0.7760975902552885	0.6344788904737348	0.21802261818188542	0.8083287401033059	-107.72170836108157
5290000	3.1107320933746543	3.356652524860952	0.7163626204094473	0.7126392482318641	0.21105283693314358	0.7170749053684301	-114.24059221355103
5295000	3.02281798569417	3.102273647932436	0.8013229141590813	0.7345535570683416	0.20190381188817536	0.8096403357575936	-80.257188503815
5300000	3.1450612472394224	3.1473020206474356	0.7551831008824589	0.7114802424817678	0.2166970119808156	0.7787642549003322	-108.33677290333173
5305000	3.067456760336325	4.594998135717294	0.8799091722795217	0.6623518464523536	0.20541684670233987	0.805844506962325	-94.26921042242725
5310000	3.02281798569417	3.26498774263896	0.8240835877554418	0.731184231949333	0.21754491560383318	0.8017754900727779	-82.62468835309306
5315000	3.0720881329764733	3.3329904616715385	0.8845298389855583	0.6458467441682514	0.20202252695194053	0.7767952256468867	-92.74972246208443
5320000	3.02281798569417	4.548427259089178	0.7701203735785422	0.6011704907988501	0.20128155692552266	0.765132916381323	-124.79070768601926
5325000	3.0482936580085394	5.621777408600966	0.8815927541915953	0.6182832441967713	0.2274277783780812	0.7151231679213675	-109.72713676727355
5330000	3.02281798569417	3.4393912240913016	0.8843968994863447	0.5177678265921322	0.2847651863087216	0.7350330321447025	-119.48182071489191
5335000	3.0655245958021156	3.0908366958952227	0.8616056033739496	0.6057790786616978	0.23414295601696314	0.7299569716296214	-101.5893684212142
5340000	3.02281798569417	3.4253736055107296	0.7745286475087702	0.5644975881490838	0.24470076611098124	0.8056837104423796	-118.79996974755102
5345000	3.02281798569417	3.7261631736006393	0.8437113562322051	0.609982194287666	0.20979979826962356	0.7064591515751873	-105.95920545516532
5350000	3.120513573511667	3.3736883019842803	0.7672531500643751	0.7272067308359744	0.22125103524822964	0.7293247504718068	-74.09543402192742
5355000	3.8054471926140856	4.38542464142907	0.7746855896077529	0.7208941727895034	0.2019045804813386	0.7399694942890036	-93.11203174918342
5360000	3.455149413544347	4.1076043743605455	0.8115730868678972	0.562130011027965	0.2596001114834457	0.7189777371440939	-136.04302588333235
5365000	3.2200939530820696	4.248525217842514	0.8183594137884969	0.657720942000325	0.20269409074452377	0.8323370859064554	-119.75275059509787
5370000	3.962202453630298	4.222658997552958	0.868508174219242	0.6254931326600741	0.2365399646374418	0.7109730733432112	-103.71197954886463
5375000	3.1261512328346877	3.3674727206038173	0.8411289169537507	0.7467615280093055	0.20540035642044072	0.9657703435378985	-75.28797691502317
5380000	3.1939758431587113	3.371518421285589	0.7018872379682218	0.7953328412847568	0.2090256584413362	0.8702705706599463	-64.3774661866469
5385000	3.2138062920419843	3.3088308237927104	0.8112522202418643	0.7656119098883951	0.2300810349767082	0.7041625546425243	-75.00670765136331
5390000	3.02281798569417	4.093397125515242	0.7369507942878989	0.7057202370030938	0.21788217295710186	0.7469585725297275	-97.94862598843
5395000	3.1651824314911505	3.669331546144196	0.8222483619918786	0.5977103460439327	0.2276913806430006	0.7217389466330196	-116.79005810602709
5400000	3.02281798569417	4.3218592512419765	0.8954835683383929	0.7187174278222773	0.20521566611369968	0.7159659906378828	-90.60228911443116
5405000	3.02281798569417	3.422052820754476	0.8948941492247866	0.7179258424322377	0.2090881826831069	0.7849758430565772	-74.35141478692591
5410000	3.02281798569417	3.277327626755456	0.8991567857689964	0.7316866687114826	0.22649243450307244	0.8289290229114835	-67.15522631267478
5415000	3.02281798569417	3.3255535193461196	0.830596070162467	0.630548506572657	0.22969538290949426	0.7442619914066181	-88.23835638226112
5420000	3.0629644311894313	3.6273022045542063	0.7330291430052936	0.6897914191377809	0.20949670284969366	0.7533028266866207	-104.22298148626754
5425000	3.02281798569417	3.2193250315283617	0.8717973252442955	0.6434682131556873	0.20115662599807121	0.7072066237684236	-104.54765410357169
5430000	3.1979917453104822	3.3261046943296075	0.7598474845244381	0.7286665191687285	0.20985025953629077	0.8111813703761813	-81.91103158733199
5435000	3.02281798569417	4.222602568578845	0.8844575666577407	0.6356564547844267	0.2173804630654724	0.7793287559788395	-107.82042263527947
5440000	3.02281798569417	3.2049032831813595	0.8496522122750647	0.7043637001535427	0.2372093246683862	0.7353885064236725	-72.76666225179991
5445000	3.02281798569417	3.725928155871023	0.8890487710931662	0.6881920595250839	0.23219678177932446	0.7018836558965413	-87.97967137113545
5450000	3.0908720357710564	3.2523605505877855	0.7708145465412232	0.6894603644423412	0.20421785541199172	0.7766417158689168	-99.80608583671608
5455000	3.090305080244595	3.4567406846457	0.8986316861845481	0.5721836584563377	0.2142519789198688	0.7982479991947876	-117.82920265102686
5460000	3.179772491269109	4.277187487181414	0.7881574106959008	0.5677424279752871	0.27573333733225497	0.7273368633125851	-112.70747077582396
5465000	3.2080497339997582	3.337671019802946	0.7106721928226479	0.5732386453959383	0.2398686086938696	0.726378327700514	-124.89689515122922
5470000	3.0860797345804096	3.189967707739751	0.8007512676119661	0.6869470976132436	0.20767221456058213	0.9286110973632488	-107.03830021438984
5475000	3.02281798569417	3.2403084117956116	0.8775860198478065	0.588560781198989	0.2063357711944923	0.7252889672078806	-120.2598084442269
5480000	3.1061898885628447	3.731207446374252	0.8204509930960483	0.6113283388307387	0.2172942154981944	0.8064660646412121	-108.54287966429177
5485000	3.0860999911981457	3.2913797770467603	0.8718070319577587	0.6749745114354646	0.21912449678574966	0.7930416292025236	-77.29607411705118
5490000	3.028597030010742	3.3522948734202207	0.8437434235604006	0.7906825784544513	0.2184193224802475	0.8106079453560853	-68.57911226224172
5495000	3.115066604575622	3.1922285789046354	0.7326206043691281	0.7751603570473462	0.22107018189782718	0.7574764720571407	-68.19159239456877
5500000	3.02281798569417	3.5219494842434824	0.8466037681254552	0.7857008892617451	0.20482852830479611	0.9432826086150413	-73.25459994737724
5505000	3.486961536815183	5.3345261902819825	0.7475262424838581	0.6829926028772477	0.24539822897526598	0.7032039509852233	-100.15333220737563
5510000	3.260583717640005	4.517516209565578	0.8003045610204637	0.6569635412983291	0.20279402216382944	0.7260065334978874	-105.87607147257782
5515000	3.0656210412803273	3.075483066605173	0.8302955358976618	0.7731045516924886	0.21113601126158646	0.8897676605960516	-49.86952839298754
5520000	3.1674869912233747	3.706544264645633	0.7905372557925648	0.7733088627765355	0.21941363199195246	0.7334122616039674	-58.930791716916545
5525000	3.02281798569417	3.258494123398195	0.8983386204895796	0.7111328929391931	0.20998065635868188	0.8287148298306398	-70.84143682117164
5530000	3.135623692643939	3.4963308432427764	0.876625831471285	0.6805355657847886	0.23548968627493833	0.8049149758571005	-79.66667963601498
5535000	3.098221566968562	3.10261769253493	0.8831856398838374	0.6476708867695635	0.20998364340255737	0.7822893357950736	-97.31305542065647
5540000	3.6989206755828654	4.59410639131768	0.8741451620042202	0.6212016517030337	0.20408180643752932	0.7310477010310287	-127.53584638631173
5545000	4.173074869010373	5.104076963361628	0.7083160572235367	0.5833804314782103	0.24101525273746593	0.7329007265693469	-146.2191669839506
5550000	3.02281798569417	3.2504122926790524	0.8333330847067679	0.6474614928655053	0.24457702668522158	0.7904680902307916	-112.58016575042112
5555000	3.2823091843079037	3.2968986538877654	0.8644988398469905	0.6874024004876321	0.20193950464258445	0.8065227237818529	-86.38277049471768
5560000	3.0681445260238225	3.875346085635972	0.8945639283766936	0.6595730962055757	0.21724655166620163	0.7149592526630756	-79.44755141760913
5565000	3.266087522430021	3.352735840617532	0.7943519913803162	0.6713644792583081	0.21314495055947644	0.7663777786103976	-107.00800677335599
5570000	3.148629369367934	3.1949670628524833	0.7532308089853321	0.6431114712276615	0.21328732312694168	0.8486523502272428	-109.26427277156455
5575000	3.02281798569417	3.3616226109117138	0.8602016106213036	0.6672756075089677	0.20497704220166926	0.7771024649604024	-81.20871174831197
5580000	3.3964200561803772	3.832923184657522	0.8784837555382906	0.5859866824176375	0.24443857102660874	0.7482449387689314	-102.59984057994922
5585000	3.9391505637702675	4.110947462093634	0.8781451467808308	0.5891959319892098	0.24758179612142558	0.7096067153581835	-121.73566482843725
5590000	3.7299041961806623	3.9914417146541155	0.8763421463566706	0.5699090169688187	0.22896752357085212	0.7414703355171611	-106.31352820967331
5595000	3.310058596416486	3.45582537493789	0.8481718467358432	0.6999022701194533	0.21081619560235598	0.7558319956854684	-75.41862860952568
5600000	3.3379818244861923	4.1420178435237665	0.7922024432946989	0.6461843481981082	0.20661649430314694	0.7322286510830983	-100.02384995723423
5605000	3.02281798569417	3.336000616063509	0.8929417245017232	0.7101263640794666	0.20302803716077425	0.8416409487949932	-77.78370582386415
5610000	3.170980670128835	3.491597523588811	0.7664219043478314	0.7348915231765892	0.22539933781542482	0.7281885719481145	-80.760938741816
5615000	3.1905829862980912	3.4516153053688403	0.7506162638645987	0.7718547201092484	0.21744448528396806	0.9116526028973542	-82.94873907711198
5620000	3.02281798569417	3.4256745705945426	0.8239910066961273	0.772479916163281	0.217153186473342	0.7715865318142998	-47.543081541688906
5625000	3.1578856381485814	3.4740084258794486	0.8148800555428768	0.7029284703994344	0.2131670482883364	0.7586670551935625	-82.37973456969354
5630000	3.516671733183948	3.6016481405371543	0.7847435318999139	0.7243428079228307	0.20992885533496927	0.7292464119424069	-98.34154573232476
5635000	3.02281798569417	3.1797533965179823	0.8108224403697266	0.7068633812930301	0.2020360549413197	0.8132906768811113	-87.19707280969823
5640000	3.02281798569417	3.463808625233802	0.8264877556216311	0.6481981302490544	0.23738005593301503	0.7582133486551412	-89.85349536127168
5645000	3.02281798569417	3.883861104448182	0.7656893910616268	0.7010452158004032	0.2255320106764832	0.7323310548800441	-94.50040699530567
5650000	3.4494926708289118	3.793903564176722	0.7323795533532929	0.6144452383792672	0.2209787052313361	0.8167726528554675	-118.67971327599892
5655000	3.02281798569417	3.5003784872673687	0.8743756947483735	0.6913591872268777	0.20513739067931935	0.737749915029525	-84.26257690071259
5660000	3.3931499688802105	3.540269401507578	0.8076030412584042	0.6935459539706078	0.20903720182270813	0.9512565655907521	-83.77116025631298
5665000	3.0652652514396705	3.09102731562426	0.8272235379555775	0.7268832430315894	0.20002029453179193	0.8078116345965828	-87.30181233451074
5670000	3.4962836284991297	3.529971613105187	0.777968681990437	0.681866379643309	0.21367644795492302	0.9067868312985904	-106.68508469086169
5675000	3.02281798569417	3.128679797253313	0.8131169851560839	0.6887535805752384	0.20747805864886615	0.9517814234968844	-79.47228115419142
5680000	3.6438448445661966	3.6881900444474374	0.8404628303871653	0.7127327638499836	0.20580724532644637	0.8386637041496042	-71.07041346272075
5685000	3.0313695427349274	4.041693802353326	0.832751668441709	0.692531489377305	0.23930570130617476	0.7141542579120429	-93.81072658728795
5690000	3.1165024896154243	3.4500554542704154	0.7736885933590588	0.7839649319377612	0.22036207762161827	0.9395906680604523	-73.96457201417158
5695000	3.0332091989872603	3.967343459055843	0.8965523721371	0.7092716190781461	0.2062648340193765	0.8900328315317575	-84.0781416713437
5700000	3.1652608679031697	4.374280260935938	0.8045815409272952	0.6806155097113842	0.22100002399909957	0.8078258820366463	-92.40761872802915
5705000	3.02281798569417	3.583160119992331	0.7065628236638438	0.7826274353901629	0.20002817451622565	0.8542411340484741	-73.53356347781309
5710000	3.02281798569417	3.1006704553488005	0.8542772459987453	0.7760844023362029	0.21029969076452584	0.91105151997747	-62.23935607202744
5715000	3.02281798569417	3.215020820969866	0.7854527166150017	0.7821113075776553	0.20562981145180828	0.826722817291754	-72.42343028122818
5720000	3.02281798569417	3.0716716891218745	0.8584578953189791	0.569543930797725	0.22577855326381724	0.7475137817030242	-122.58608118470457
5725000	3.3027028275304975	3.639681186203434	0.7298084484167108	0.7217429265382205	0.204397741823797	0.8652890396815616	-95.93624565250838
5730000	3.3686559022163793	5.374589958266541	0.827867462318575	0.6738152439527455	0.20042209514385906	0.7325531524331916	-93.39804273342912
5735000	3.0515074933199124	3.0781050358873774	0.8356121784192814	0.5698496161072375	0.24737610605427793	0.7452090710698454	-121.92797297376933
5740000	3.1936016322429976	3.2714403573457482	0.8219763027941303	0.5766864064286775	0.2287277789087373	0.7603062319156673	-113.58023808711175
5745000	3.2011794710007475	3.6993311258478494	0.892075515543687	0.6840236720836181	0.2711521521306816	0.8191087984044787	-80.66485215312815
5750000	3.070648547668515	3.78387858681017	0.7634777459000908	0.6966489560137945	0.21686922155885843	0.7429744406407427	-103.79504552981612
5755000	3.02281798569417	3.408039042671692	0.8272233398155902	0.7397611990760845	0.20004023098952872	0.7265465045646616	-80.91384010726802
5760000	3.0919148753179555	3.1875848174739314	0.8180067574932057	0.68767881521872	0.20840390518271196	0.7294580366694946	-93.52635277850271
5765000	3.1130092934189513	4.676072653225758	0.7716519277093422	0.5635929268056991	0.24437141209450194	0.7785203354111062	-125.32896226901173
5770000	3.981914173415598	4.0779851700074135	0.8334848687347621	0.5494869436124394	0.23582413083177967	0.7636359886343936	-129.11629509874322
5775000	3.328926471158486	3.572080789224398	0.8996896689167816	0.6612900907974555	0.21294874217894866	0.8300839974592763	-105.7049367805586
5780000	3.7458313755480313	4.269965961221487	0.8950882152590187	0.5704948086614529	0.2030090337788252	0.7328450705232572	-110.72105141709332
5785000	4.191966726152303	4.376669418683714	0.8740789134815921	0.607898959456012	0.2236816305082338	0.7683108400880807	-112.58696550326093
5790000	3.550433894540441	3.7525721201676565	0.7554933913650919	0.6914914878881264	0.22214132493823502	0.7360459426338642	-112.78846782827335
5795000	3.3739703276173154	4.540215590780467	0.8732919590043502	0.565828346891924	0.24407411295575882	0.7510803232859382	-96.28578514207106
5800000	3.356444378325039	3.432273836485059	0.7817518378244911	0.6727420199959527	0.22163041238161982	0.7326897749900604	-91.30332845906483
5805000	3.02281798569417	3.317870845960708	0.8800233006800643	0.742908943540084	0.2497756681075508	0.97403692350636	-74.24577654992953
5810000	3.02281798569417	3.3732751556228626	0.8547256990548578	0.7283382240040057	0.20492450267366533	0.7754736800967652	-76.64881976762169
5815000	3.02281798569417	3.285510332081084	0.8672028163529439	0.6101089462190356	0.23654214975850857	0.7211145269307848	-97.95611635090833
5820000	3.172165186972733	3.2718559917564374	0.8760879327057074	0.6043369901705782	0.21543884720115264	0.7054023063430399	-102.79073705313553
5825000	3.02281798569417	3.1541695905925065	0.8928657902824618	0.6996448866659857	0.21107269820877683	0.7277552404732923	-76.4361991457352
5830000	3.324488722103701	3.5539496052900974	0.8402507050821532	0.7327086750801074	0.20178183657770077	0.8284624351481109	-70.89488226099652
5835000	3.02281798569417	3.186667732542955	0.8592190535367293	0.7909257674669702	0.2113515529840439	0.7594364432563905	-76.82139513000419
5840000	3.8030082340263216	4.2865252228262305	0.820879210376274	0.5987165477100459	0.20011940627498467	0.7061739909442509	-124.03241954205134
5845000	3.02281798569417	3.1745545862130626	0.75028987646909	0.7338707109357053	0.21104109968207455	0.9640131322086556	-94.51512377873178
5850000	3.347780055061072	3.421978751776089	0.8270656930145536	0.6696229343687317	0.21249323998911107	0.8068911835946099	-86.33619775062189
5855000	3.210393422700195	3.498445547886781	0.8578685636138607	0.7691002807420981	0.20141654050581864	0.7616710502732588	-82.43274482832706
5860000	3.0709273687056635	4.537072507250184	0.8468437735710745	0.6518134627453271	0.2031264815671831	0.7032064985256749	-108.75629858950325
5865000	3.02281798569417	3.200088496544591	0.7677482866575333	0.7098632366766481	0.2217009888713363	0.8439953180879383	-87.74863848556902
5870000	3.02281798569417	3.221891958486441	0.7425822749179074	0.6760127524878843	0.20261735029193598	0.7495153384909983	-97.59313505792048
5875000	3.402445414142482	3.6009246123476437	0.7825070034621951	0.7072927515114803	0.20102849911886264	0.7520850669776333	-89.51323589010826
5880000	3.0952150408899843	3.1271248307604536	0.8897714594682051	0.7610461514283444	0.21338348075073502	0.7626990405068097	-56.46938229227304
5885000	3.229944979240104	3.899612737730078	0.7618387901480731	0.694080324104388	0.21011412070702054	0.9754334905654211	-94.29632521451973
5890000	3.031436015917112	3.5609690354445687	0.8533922388498869	0.7932594362056208	0.21359827775666362	0.8260580062385318	-72.45496623125231
5895000	3.0232079806533134	3.4946804920868093	0.8730376442855057	0.6732891711952838	0.20957028996710378	0.9471500016703454	-90.9587685774967
5900000	3.02281798569417	3.806662647538909	0.8312434468030729	0.6932349985624532	0.2056083239424225	0.7146258121661544	-99.29365319897553
5905000	3.0593417628961372	3.418235811585756	0.7545365841796808	0.7193309352826239	0.20227776395936028	0.8651916664926643	-92.12304153213216
5910000	3.2236745169569083	3.2311685434267523	0.8193338998035286	0.7286768218181346	0.21709920891360285	0.8167791320140028	-84.40501868420017
5915000	3.02281798569417	3.1233279926039383	0.7496641470334416	0.6966347239989339	0.20446393523168824	0.7602587654229817	-104.80507208084734
5920000	3.2618532384709518	3.738527610182941	0.7555745571985996	0.6497011008419363	0.201483696267959	0.7431437422046467	-126.56851634432269
5925000	3.8546679359827607	4.4075773880304565	0.7963575964602223	0.6300070058109707	0.2100275288979307	0.732309639871458	-116.12967013262167
5930000	3.4755928376444194	4.4665784913524	0.8558991592232282	0.5359876720716648	0.35322525623157824	0.7716301393452615	-118.0213341974268
5935000	3.193238633357134	3.400580313555033	0.7387417036585471	0.7448885122802322	0.20628928231424534	0.805799106504356	-93.98157419964454
5940000	3.0480292213628783	3.2390306426238658	0.7320272198573531	0.5504201494999185	0.33931729724322685	0.7816463988593538	-124.89378134721673
5945000	3.216892939324348	3.2241730655347105	0.7120559103413509	0.6885034974196836	0.21338971761957012	0.7796662844504234	-109.26379688267181
5950000	3.286770842593135	3.5790525307847623	0.77394682058751	0.574888041504569	0.28210503839213713	0.764491379064188	-117.73392801249449
5955000	4.050410869396471	4.581744577285934	0.8229170752509999	0.526971336653907	0.20375891725767312	0.7628356821462179	-143.53923689718428
5960000	3.4507873950300185	4.053197136845332	0.7304544137090547	0.6915022356395758	0.20312129822786673	0.7226640959266297	-126.02222386913945
5965000	3.02281798569417	3.5200759932187395	0.7079811199452776	0.7004958263753239	0.20007504042260782	0.7124139462615267	-105.03012649284838
5970000	3.02281798569417	3.214295041043222	0.8103069869083741	0.6828248632891168	0.23021207322699389	0.7488963975472664	-80.83667764258294
5975000	3.6247678450301275	4.09561191382446	0.7300115065218281	0.7553297855126154	0.22508537128850387	0.7733340141374162	-97.21232844241212
5980000	3.02281798569417	3.2147040762092045	0.8047609778276229	0.6992777767960396	0.21216164683465738	0.7717990274217904	-90.89098764251935
5985000	3.436362217110042	3.630486861804918	0.8860053026695089	0.6932717466676793	0.25750328748145684	0.9996727834974026	-109.09330572496938
5990000	3.285951644849026	3.399392150723941	0.8475317712714031	0.7606701278796875	0.21707187824032256	0.998079187663159	-50.47906477701697
5995000	3.1721362082570495	3.2035973395436823	0.8042164079143225	0.7945592995428019	0.21804315398733834	0.9405622991880103	-48.28194510851292
6000000	3.1027171987734303	3.1753962630283277	0.7865290034948431	0.7388572683263173	0.20211765131387313	0.8590731461796695	-91.95568057504826
6005000	3.1528430529080627	3.542531110754282	0.8503337801636818	0.7446550387125391	0.20573771130061877	0.8584990337907032	-59.784711165996534
6010000	3.1002762341795806	3.470329180163968	0.8788683368412417	0.6590222972743013	0.2079988632036429	0.7308924093123724	-93.28662851528614
6015000	3.02281798569417	3.0242232745247786	0.7594650383633142	0.7181592023628919	0.21682664242218294	0.7216955965102333	-86.4750752828277
6020000	3.0546210509059004	3.136883273659985	0.8314585977797219	0.7206161448618478	0.20907160358717433	0.8227615122442535	-86.1407784398431
6025000	3.168417920478475	3.7369914371690567	0.8674088287580404	0.7374201587780848	0.23073313461044465	0.7914446283870268	-69.71298990379546
6030000	3.1039773392926286	4.133355766147383	0.790507550869154	0.6703101703972881	0.2131911516019802	0.7039377148631742	-117.52048423395632
6035000	3.677084830627311	4.46877245996147	0.7503178116395188	0.6351135890728492	0.22684358995464068	0.7293457674449405	-123.98799976539928
6040000	3.731826801202162	4.37675560614943	0.8581862546313545	0.6639476566985005	0.2063434639826681	0.7188572851457203	-99.7674189053638
6045000	3.3736588324774437	3.4223119742643453	0.7000923184263584	0.7246978034660464	0.2102013139743513	0.8016765621667584	-105.17182910808367
6050000	3.1102747495222243	3.167396210153383	0.753116832266547	0.695310840332993	0.20726295293620622	0.9203565620741856	-89.73652652163003
6055000	3.6066598556629232	3.697543859437661	0.7800448541556659	0.6430798253872777	0.21015917150191096	0.7296148325917565	-99.41466215742332
6060000	3.02281798569417	3.0454278556541734	0.7022083385334521	0.7626541958391834	0.20585933872044632	0.8876588853805893	-63.8596166004663
6065000	3.4392515072219094	3.5186848911096282	0.7883736455904178	0.7542478742057128	0.20025173395110688	0.8113676602972499	-59.29808242991881
6070000	3.4714307622773513	3.8169989536156286	0.7198777468425545	0.6918773879180379	0.25496291359742573	0.8177890300074819	-98.48838069875723
6075000	3.02281798569417	3.7886408083928944	0.8915196369701334	0.7287682038102676	0.20319952586430598	0.9752261815655205	-65.45790326521038
6080000	3.1976007895006613	3.761684627920832	0.8854944440007151	0.7385024499391697	0.20530109544509806	0.7151564772328347	-65.87486961516166
6085000	3.02281798569417	3.738658744854256	0.743397024926053	0.7788867438037547	0.21578659391037824	0.9571111199432601	-55.42557805391566
6090000	3.02281798569417	3.2294873886278284	0.7770470803766565	0.7503594637284252	0.20722611356068815	0.7849215551439014	-78.53443726363875
6095000	3.02281798569417	3.108874062881536	0.7840273684516793	0.7256028820159768	0.2107591884369833	0.7465918823761061	-80.00308748244365
6100000	3.3637615530562237	4.231516490459289	0.794416728404227	0.7216785334941503	0.2098793723336616	0.7588422636368324	-93.93245758829778
6105000	3.5371092118802134	3.654904532404639	0.8388605074470731	0.6352928404339072	0.2023650327703054	0.7710261781715944	-108.57471408345404
6110000	3.0319472249641306	3.2050752678999097	0.8938376481960189	0.6638997879136406	0.21530727872458766	0.7079473922052237	-104.06096727444879
6115000	3.1324720366354457	3.2134166956348866	0.7705252558321739	0.7798591883190626	0.20258694946088757	0.8699064911853354	-79.13504646510714
6120000	3.5048080962991737	3.550911129216814	0.8303357003949519	0.5757256375679232	0.20946995830997361	0.7164151010141577	-124.38694596085398
6125000	3.6006130637270224	3.920445188187029	0.7447570324314797	0.6501543525410919	0.21119564126409648	0.7179800280948778	-116.12806197171733
6130000	3.622705799774487	3.7261317555621387	0.719429000110045	0.6918438361881776	0.2073596551542021	0.8214502001277383	-107.72696084976062
6135000	3.02281798569417	3.378254202282357	0.7677359491576999	0.7019322109390398	0.22046632937720134	0.8256450309476215	-101.74141985262762
6140000	3.7902093963678034	3.946074158851675	0.8149636201484488	0.5927430405721138	0.2706318163163266	0.7390173435278107	-126.23713070971019
6145000	3.7488868121107273	3.8909490436840057	0.7200580097238257	0.5001752907149098	0.23483495337619792	0.7264098445791046	-145.50151957105277
6150000	3.6799706568180994	4.922745487609303	0.8547104588474094	0.562674185646252	0.23696325910089064	0.709977414624614	-122.40290141892365
6155000	3.02281798569417	3.7781283271537407	0.882129835710238	0.6375892520921846	0.21688976307806382	0.7890848771715482	-107.18049410811375
6160000	3.197089168959005	3.200242501207688	0.7153504941384432	0.7216749846591801	0.21100447575769185	0.8329977497102473	-111.07399532108448
6165000	3.02281798569417	3.6251063091568163	0.877022124680021	0.6652260048202311	0.20117898101440518	0.7389030072432455	-89.39947682259569
6170000	3.02281798569417	3.2909118260981445	0.8597810333190943	0.646016166623656	0.20424110785581612	0.7247527108114289	-92.67244160655235
6175000	3.1865299660069186	3.2033587709768563	0.8870743193486202	0.6692408362520166	0.22188235800990616	0.8167188808892129	-89.53735723640543
6180000	3.02281798569417	3.3636860389098975	0.8982066314627866	0.6567692041107515	0.20824430817206077	0.863371219812368	-89.15137038531523
6185000	3.02281798569417	3.136686646621411	0.7420140354011525	0.7501984371732947	0.201587924278454	0.9613407313241955	-56.6164926994546
6190000	3.02281798569417	4.17049024657571	0.8051265227651763	0.6806143176820001	0.20828002893840064	0.7891961092290036	-93.97002933738574
6195000	3.382150658950174	3.63212257506775	0.8941604720031532	0.7581088748445598	0.21199272311446835	0.8041061146535777	-61.67927373570537
6200000	3.02281798569417	3.2249866810275303	0.8777605673391389	0.6589628493988917	0.2053452571595046	0.7322474542711785	-111.06364029761448
6205000	3.866484213425102	4.695306199100827	0.7988042422436836	0.6515457264411921	0.21967388222999307	0.700130699975379	-124.14599102584356
6210000	3.02281798569417	3.4516144789560674	0.8251888378616156	0.6621628903759614	0.2492694790787155	0.9192162391696859	-97.79572105025957
6215000	3.02281798569417	4.405219522640347	0.8352389686679	0.7087268484467891	0.21191864180754286	0.7862325343371978	-88.44977663276526
6220000	3.02281798569417	4.136054289149346	0.8938601185524708	0.7110625562034771	0.2014362697762144	0.8572206542223706	-76.24359777631543
6225000	3.6931853935466945	3.8157954660781046	0.8795084657270622	0.7671970964241932	0.2170792481197908	0.8599274450012154	-48.532255147506895
6230000	3.226477416858129	3.4000194245749196	0.7599665639939962	0.7521696134903649	0.21799046316891466	0.9549543797656531	-82.85236218193452
6235000	3.02281798569417	3.3285812899575657	0.8095206558170368	0.6351741924752863	0.25350329105091024	0.81850452805621	-94.3400251635037
6240000	3.2257678002220573	3.568893552061766	0.72503625414323	0.7709996755470545	0.2069629512886573	0.707990053812631	-83.10225626021304
6245000	3.642766768135466	4.918834874914131	0.896966249953121	0.6561755962233107	0.2639708187962121	0.7478984110481696	-102.39171136493454
6250000	3.556394939294156	4.122306607800273	0.886279905500327	0.5032948925785062	0.2514356397894007	0.7263175789467238	-135.7751697509049
6255000	3.430500448121653	4.102900034027748	0.8262429150823181	0.5064153990742342	0.2500238843521998	0.7261859833540075	-134.90270298633095
6260000	4.062446178733638	4.150492556623818	0.8502793782365337	0.7390321976703218	0.2096950825054507	0.7233553986445009	-95.90467565757413
6265000	3.2234827994023263	3.3507015631787924	0.7689708495035079	0.6639964103284757	0.20289475570991145	0.7697189589004235	-117.01100809106231
6270000	3.056721838090374	3.273647735553217	0.8894317319219048	0.613153400665018	0.2228925958990232	0.9183355218687275	-111.29278793146551
6275000	3.899155739300285	4.005026291200271	0.751534084937087	0.7225969174177569	0.24185358632932538	0.9595279113881939	-88.09117615111529
6280000	3.02281798569417	3.2173980894486762	0.7922431349276866	0.7304434894307129	0.21832227751065764	0.8816771669456756	-79.82125353353828
6285000	3.468447362828124	3.693123265178673	0.7479790871235855	0.6593469260859067	0.20175828537377333	0.7107007423097182	-119.46325933678202
6290000	3.6721934514360286	4.721984164628562	0.8386946669118669	0.5802463633635577	0.22163570661244328	0.7021804320008002	-115.58832604812201
6295000	3.02281798569417	3.031043503532867	0.839380815927248	0.6723779025222805	0.20587203086960357	0.9600866653429425	-111.87010042070915
6300000	3.121027966774802	3.1712964375698474	0.891457605855022	0.6855391523080284	0.20784088664494635	0.7562929187788772	-104.17483611837574
6305000	3.02281798569417	3.2444311572072735	0.7085746494713775	0.7692731125655643	0.22256402162930936	0.7192976385988671	-76.56046864315672
6310000	3.02281798569417	3.0710023762187113	0.7951046679042143	0.7469124140250357	0.20907784247453073	0.8131602898799967	-60.37118140855572
6315000	3.02281798569417	3.2129057772610925	0.8876137931803086	0.6853274519538002	0.22812082168198347	0.8460586354904391	-75.42855957858856
6320000	3.02281798569417	3.237203816193738	0.844961442744937	0.6571384374977456	0.20343713390688625	0.7520133705851616	-96.04533025768814
6325000	3.1544200496111032	3.506635673761366	0.8904964967813137	0.6635698467862302	0.22650718538866169	0.7586057206657536	-97.69547754573918
6330000	3.02281798569417	3.3595266248314517	0.8209604390553185	0.6431721297935926	0.2268107365687692	0.7162065423539206	-98.10061967742143
6335000	3.02281798569417	3.0286521630583803	0.8076123106197204	0.6212428520166021	0.2671658893637767	0.8080109502030469	-91.35745778351057
6340000	3.0377418347812934	3.314223527602691	0.8710098055398472	0.5907066226580935	0.22598060946620432	0.7369666951203019	-126.3238314163514
6345000	3.936433009104127	5.404765234499908	0.8033802345242792	0.6278017976454746	0.21162111518989352	0.8194126733352506	-123.39286014201679
6350000	3.468943045733975	3.8092486409303916	0.8415972022152829	0.6673916731967245	0.21449542443476638	0.7479129666092416	-88.03621867414611
6355000	3.2364247108009945	4.490314510189158	0.8258686587528009	0.6167553201300003	0.20801623382534618	0.72644744121811	-112.97138669448361
6360000	3.533133210675511	3.5387824597105033	0.7106756935320249	0.6842016774957214	0.20136521285287626	0.7310915879462029	-111.84877971850653
6365000	3.02281798569417	3.1142373854813536	0.8776999427089479	0.5587582416334131	0.26241970736597625	0.7290222836690738	-118.961760740736
6370000	3.3530022970316735	3.4836747906563112	0.7404356858899896	0.6556339483149106	0.2064488536197202	0.7227935605029883	-124.03778235258315
6375000	3.7412917415812963	4.130243356284398	0.8097417817556424	0.5883444172164632	0.22048754199383622	0.7349971138136662	-126.31399202892752
6380000	3.02281798569417	3.3275975828336066	0.8098000287098723	0.7363094492999297	0.2005829322087229	0.813995109198091	-77.52535046527623
6385000	3.02281798569417	3.2350266012288404	0.8459968186695223	0.7915458483472045	0.21114320720468796	0.9141860417359234	-61.243413246335514
6390000	3.02281798569417	3.157049096330707	0.8976950193812729	0.7691938085129578	0.22352233975085256	0.7211556081331437	-60.64965334061741
6395000	3.02281798569417	3.110565575131407	0.7217965443156917	0.6960726704733556	0.25861201366216413	0.777562175860479	-86.81476529860751
6400000	3.1546934055118623	3.1948094391244446	0.8133869713692242	0.7245543586387397	0.21346902807996743	0.79615557369115	-90.30344853072754
6405000	3.2500504471515836	3.3270611412438655	0.7622214175850784	0.7413215832773132	0.20404263469337883	0.7480029925771904	-87.86386140176745
6410000	3.02281798569417	3.136287137445176	0.7755570240299227	0.7466943180380866	0.20125856069100395	0.8817550147637437	-80.9089967796522
6415000	3.22373134813765	3.333457778744534	0.8742775315187457	0.637022594880652	0.22432313064927137	0.8215750592711456	-100.59837817936662
6420000	3.565181660322046	4.017292983086284	0.8786615603047607	0.6721154739607497	0.2085734867956066	0.8721900628923182	-90.85891720191182
6425000	3.1498120596889057	4.226003422217761	0.8988305932111913	0.6201216567556681	0.26250918120344147	0.7413837757454766	-101.84373702408655
6430000	3.6437122225485155	3.81023115142328	0.8888685448061439	0.6613108776540632	0.20806421228980532	0.7429697119139783	-125.29944430913321
6435000	3.216778072479849	3.334892745434201	0.7638676013202351	0.651105358152155	0.23883579504583233	0.7120665125034669	-113.40924267156885
6440000	3.02281798569417	4.40727326110811	0.8041602984973723	0.6432523907929387	0.2212123689189486	0.7376662157689198	-104.62616354608264
6445000	3.02778686820453	3.8580644049879536	0.8146171757430696	0.7322955754516768	0.2557228562815985	0.9666781917822306	-60.86544747184667
6450000	3.117655971459622	3.2585404656690127	0.8793018819604566	0.6798920500958384	0.22488625207281193	0.7939630942994613	-87.81480197891395
6455000	3.087781418464074	4.2567924173926714	0.7703093598718361	0.7211105158608692	0.20955282832990094	0.7694871439008879	-88.31251606696685
6460000	3.345805725212159	3.5402363760282203	0.8879598241345609	0.5687119810335792	0.2650533357053369	0.7377128339568209	-108.45130142679213
6465000	3.880729480914561	4.1183219974320675	0.8217891659081689	0.7219012154144809	0.20345572696180114	0.9680122552869475	-89.94016029779391
6470000	3.373226565749591	3.6217303657088293	0.8865710494599273	0.7425894038112971	0.21391566774745444	0.8207058376925357	-65.73215415510643
6475000	3.02281798569417	3.0485813651680784	0.8424708814090799	0.6644986165332538	0.24448680424724048	0.8575101508357728	-96.4837620645572
6480000	3.226432238586571	3.556006339261559	0.8177033939510306	0.7411512012057658	0.2297742625921534	0.8676417018372312	-72.21964543778088
6485000	3.02281798569417	3.226323337002911	0.764884547385572	0.736414961672305	0.20078056447444664	0.9354875079189053	-77.30834039947027
6490000	3.2102473602547876	3.550204270976517	0.8868069512146882	0.6169215892421525	0.20251596777373315	0.7438790733427362	-102.19691365264595
6495000	3.2764285019777213	3.3037951543211497	0.8054471144711473	0.6831251498988007	0.21200625194225084	0.7998146794049273	-96.45356547522817
6500000	3.02281798569417	3.058772521898584	0.7319080680892149	0.7668757267140214	0.2153344135571312	0.8710617109814558	-71.03803682023042
6505000	3.02281798569417	3.672896946013113	0.8037833145973869	0.7738944998725849	0.20441948183180195	0.9680138357076955	-73.70865764323523
6510000	3.02281798569417	3.482102843177645	0.7233213802421964	0.7884215713338147	0.21870625443559516	0.8955570603189564	-73.52173792431324
6515000	3.7554227371362	4.117710309790587	0.7618543022121669	0.6784589109481951	0.21297346321069177	0.8206442616041562	-89.304888083012
6520000	3.1020566065260358	3.805082226030525	0.7424355920617308	0.7225900475609395	0.2329982010068337	0.7192333345397229	-105.58662998335544
6525000	3.1320056976235002	3.266027955413743	0.7684858728888444	0.7773875314222237	0.20317780930681117	0.7678991580511628	-57.0558786258896
6530000	3.02281798569417	3.081069235662802	0.7026834431235494	0.719245912327117	0.2001640872557135	0.7664110419812972	-103.40495395974395
6535000	3.1077722133577264	3.4060508545527317	0.867772948088946	0.6692005283754906	0.29614470837400547	0.9230786916881216	-75.15650403087207
6540000	3.152398381548842	3.4611732120859013	0.8327033189739592	0.6842260132993585	0.20775510153102483	0.7339688148611896	-85.09046292498542
6545000	3.02281798569417	3.0445933961800034	0.8231189188562472	0.7594959284427235	0.212550905936661	0.9654937841022222	-67.0971625196643
6550000	3.02281798569417	3.2201879618049607	0.7572138832209226	0.7643289970382148	0.22139885544090387	0.8119758850528653	-78.86131425804766
6555000	3.02281798569417	3.1326857712393816	0.8126343847635157	0.7570277240908172	0.22692382429478855	0.9575103197663686	-72.75204314612441
6560000	3.4605658185012587	4.31554970077629	0.8664575521639508	0.6447040446191366	0.20275886793760037	0.7903167952030792	-95.37726074409153
6565000	3.02281798569417	3.0748950586099593	0.8181921392864363	0.6930546689956647	0.26431582537521053	0.7115531627742999	-101.24190709986968
6570000	3.02281798569417	3.042435341581365	0.7522202904016874	0.6760733992837484	0.20890100419512603	0.8269747204300859	-86.01459669212264
6575000	3.8026956978488102	6.440793399453837	0.8791487933081734	0.5745900364804015	0.21260572697664817	0.7269271502586879	-121.46516264158905
6580000	3.02281798569417	3.172612540066496	0.7550368403362014	0.7114021681411926	0.212814712817842	0.703752305807918	-102.04811990951157
6585000	3.02281798569417	3.1591611289157746	0.8249709181682903	0.7455841239511143	0.2092746006898545	0.7367547203934335	-68.99791854767383
6590000	3.343547394724866	4.975943141730173	0.7682637731825904	0.5335830188947742	0.20157679127691852	0.7247605434480229	-123.97722571514359
6595000	3.2864908084485394	3.3920223476179885	0.8839170286781542	0.7044747155917911	0.21316412865432152	0.8650933042754493	-85.24915443742407
6600000	3.506156410987727	3.639970136369699	0.8213014853680094	0.700623932209488	0.21716155707134255	0.8450900552302297	-103.21183609752157
6605000	3.0504479419047397	3.3502043370453483	0.809790887940688	0.5248551825941594	0.22952475455258223	0.7004550619726257	-115.71183679624536
6610000	3.409568542676168	4.262175543926166	0.7534814441545229	0.5503773946065885	0.23555074658614022	0.7068670014242007	-142.2206892883746
6615000	3.9814603966965767	4.338511974302392	0.8725934338418045	0.5708368475221138	0.23760467416065917	0.7033201149864438	-139.5851319380259
6620000	3.7235932311741813	4.672458174761237	0.8571217261458259	0.3994542567472124	0.2723212786573286	0.7060280127417651	-149.09382294705054
6625000	3.02281798569417	3.0366359299677117	0.866981811364961	0.6312549037042038	0.21332779897920476	0.7057384757750095	-101.99516039371002
6630000	3.372894897389613	4.075224430682292	0.8803654552749899	0.6733438563814101	0.21143202957001217	0.8622723560581897	-79.47776589130683
6635000	3.02281798569417	3.187102298926854	0.8849180642258515	0.7171616683560728	0.20430512972328427	0.7550960716854896	-77.5405591871963
6640000	3.1438900195661934	3.366593326478751	0.7435526393041934	0.6881584786518873	0.26012049528280257	0.7229391532760776	-105.39298376693935
6645000	3.02281798569417	6.111828216903232	0.8333225110349939	0.6115928953801919	0.21405499954098037	0.8063323040806474	-110.38044050945214
6650000	3.256773115348918	3.563089980490787	0.7165992065843433	0.6682343921150226	0.22695665308243665	0.7478318563368102	-109.23101288957858
6655000	4.480973729366119	5.114026175232094	0.8249579965188404	0.6546883211365612	0.20743425893526407	0.728034159149248	-136.42435994550505
6660000	3.02281798569417	3.0418537067293547	0.7522294099884687	0.6834397170648915	0.21507261930943541	0.742793629092791	-106.60752599992978
6665000	3.02281798569417	3.82268779613469	0.8812955623157693	0.6936818097578616	0.2080195730003114	0.7732653555477752	-86.35795521029539
6670000	3.0827003944086737	3.622011257997306	0.828362933699588	0.7046150907492084	0.20493094586042	0.7136919818914625	-83.02900172564989
6675000	3.067174615019724	3.3949141492343067	0.8745627080079207	0.7774348173912367	0.2074209836202456	0.7708170871098251	-67.99936324555298
6680000	3.041133322047328	3.871795195831403	0.7988390264533793	0.6769116601163381	0.20515809064461388	0.7936784050428104	-93.2152999983496
6685000	3.7006465009577596	3.938755703582591	0.854021323933703	0.6852823907778637	0.21060195888120103	0.7679804448262197	-108.67297487633212
6690000	3.3996782861122448	4.031594361677961	0.8613628271146851	0.6505601543653569	0.2516640756100913	0.7037733531952157	-100.08018501218069
6695000	3.4084546331264094	3.4142502204209713	0.8381530688284269	0.7003033434031934	0.20181856653093605	0.7149163816437928	-101.39042860167248
6700000	4.277780933327333	4.446983678351763	0.7589022393893712	0.7425309031865961	0.20495694949222945	0.789457721114988	-100.42256551550054
6705000	3.182945069085479	3.2291020950909677	0.8075274015640391	0.7061779235310183	0.21705814250224875	0.7204317988339971	-84.5651040156265
6710000	3.02281798569417	3.191672165364151	0.8191514810657303	0.7278063733457711	0.20674432382694866	0.7514705725423667	-84.79510305091404
6715000	3.02281798569417	3.3495185024586283	0.8963003329800664	0.7377599613425141	0.20363145001048966	0.8147397812506191	-58.497144849842236
6720000	3.02281798569417	3.1812191035491195	0.8345033385169363	0.7358214637691431	0.23407314668508689	0.9056358357644618	-83.2517376385077
6725000	3.02281798569417	3.2298717303032656	0.7976223157888807	0.7022253940614882	0.2137321013080606	0.726158933067167	-74.52650687803472
6730000	3.02281798569417	3.646458987255976	0.8299676243467274	0.7079009508742141	0.21016684365243934	0.7283679029309735	-89.8693800771155
6735000	3.2343894889420457	3.357502542539372	0.7276079569542528	0.6438929175086994	0.21558945164150298	0.9639819999244859	-114.4021112823342
6740000	3.1247863818537636	3.301418277681709	0.8698497738224121	0.6276754361541945	0.22011792832349264	0.7103775557275435	-105.99590139655291
6745000	3.064107726038304	3.3333494549575926	0.8648610115039896	0.6149770822018487	0.20136618762538067	0.7142149404504646	-94.7085427552968
6750000	3.108366967702697	3.132128249107214	0.8973490662034732	0.6529968634982335	0.20944030807117764	0.8801982099637999	-94.32138919521779
6755000	3.230275674524918	3.7731155443290865	0.8497930415151179	0.5969789550425344	0.2731819183878664	0.7349099131362824	-111.18034983700176
6760000	3.1275711018993446	3.8460327131722902	0.7907630833264877	0.6220686310700472	0.21088833824129757	0.7680365563901673	-111.23564396280312
6765000	3.02281798569417	3.6035947880210326	0.8033362928980089	0.7741256095165168	0.20578832109089615	0.8734551874486084	-74.0241292524324
6770000	3.3436285114994178	3.4769944841708296	0.8559905950978373	0.6839476657140949	0.20897048690124512	0.7585796845819964	-96.29492237726092
6775000	3.0578122390123434	3.569710434950668	0.8363180774516995	0.6259456855823802	0.20498309484285182	0.7253598602239446	-111.53305127603389
6780000	3.1461648557700927	4.4049192950004015	0.834445988542756	0.5846334182105465	0.2194997525686957	0.8146846153829739	-117.57590627456258
6785000	3.02281798569417	4.04125224991111	0.7512126261067547	0.7276298194918325	0.23048882099858967	0.9790853315844594	-98.61744177051801
6790000	3.06063961238184	3.06936027639981	0.8391363880022136	0.6878857461852096	0.23522670472442267	0.7735784749952047	-89.37542684251028
6795000	3.3242183400452574	4.251244183213669	0.8876420119221877	0.6390829736949353	0.20591838706698323	0.800136428161037	-100.63938867663643
6800000	3.381423460808871	3.6952169526512715	0.7213171057480187	0.6187098140683668	0.24643118612593248	0.7692810422335029	-119.10230221752474
6805000	3.108619073518475	3.7444849611963638	0.7900498184415647	0.5217061918645471	0.27489880506332376	0.71259261674025	-124.08874221259086
6810000	4.1825387364824484	6.1215817399334576	0.8836762217383757	0.40340707526303954	0.22005485261778238	0.7038002233186604	-159.0769903976775
6815000	3.1921794149922893	3.4234800269993833	0.8326860279682798	0.6036913004973219	0.22759145780934514	0.7519314887880033	-102.08882038865926
6820000	3.237616344075853	3.8130086888740773	0.8234492809567632	0.6906576407063031	0.20452985057519696	0.765352974126214	-90.09613680322116
6825000	3.272746067905748	3.3029527977151214	0.7192954664461717	0.763286593468623	0.2207518877348292	0.8827909854567275	-66.6556302316778
6830000	3.4587066963840423	3.4767226559930715	0.8246764967765049	0.798408789305447	0.22129147872962202	0.9953723563607443	-48.7191262042763
6835000	3.02281798569417	3.3998166114389328	0.8242176182832367	0.7735373994411925	0.22799095649823184	0.7800279222894556	-63.12063772074284
6840000	3.1214751107816157	3.350054765513338	0.8923127088655962	0.6428846269880362	0.204064702279735	0.7806293582782227	-95.7149082570896
6845000	4.011317494189203	5.092482116564475	0.7938385180288644	0.58549551566702	0.22267472383751366	0.7218135556508727	-114.27630142953595
6850000	3.3042364849417094	3.372445215265794	0.7796166515140441	0.7146332551352331	0.218163546232703	0.8347950263248801	-87.97815502781475
6855000	3.02281798569417	3.40872313061181	0.7828564082450599	0.797380031012808	0.20118675599987212	0.8690471019949605	-67.5589402350059
6860000	3.167850803154475	3.604719971652617	0.7675422876232276	0.7851005964627961	0.21272491806646845	0.8240797210616465	-59.72402212112527
6865000	3.1220543565320154	3.1886176775645665	0.7373763823394277	0.7913621953890739	0.22569913537774614	0.801248873554856	-64.37433017771815
6870000	3.02281798569417	3.2003768602057203	0.8820268177037749	0.7814348140145658	0.22176031786620198	0.9118145948262812	-37.70392058990177
6875000	3.2336927314234507	3.623956269794243	0.868317091633115	0.7191101114432311	0.21318758713899105	0.7079781666441022	-74.70893936287709
6880000	3.0594018265475946	3.1139839298657725	0.8812292447773014	0.7787525418461684	0.20982891606410461	0.8940979588840908	-54.97677388591205
6885000	3.02281798569417	3.480566728545739	0.8980737140490838	0.6251779797359245	0.2093699765780675	0.824201456340658	-110.94067531322588
6890000	3.725322789334005	4.099128736619171	0.8536490240040225	0.6277872260859804	0.22972641661076704	0.7688257110010972	-115.0612254625934
6895000	3.0704195081575723	3.196472858698117	0.7858758238677754	0.5653942262874009	0.22227627242657857	0.7226856601145619	-127.04418851371756
6900000	3.141578245387544	4.0547914463696415	0.8588055128646693	0.4407499288760267	0.2449926070192194	0.71535318524588	-135.89269103330844
6905000	4.327093621392638	4.647408159464561	0.7908577637156476	0.5899850039167593	0.22080175547282513	0.7119089365051149	-135.76121944264858
6910000	4.22446347465396	5.077341005008044	0.8588213187679374	0.5406468982814012	0.206027396775859	0.7358881391995218	-136.01292450379574
6915000	3.667361621296265	4.693319994262089	0.7247764258817602	0.682961950925182	0.20740081941852956	0.7180132148785069	-116.1041269357427
6920000	3.6973180473780376	3.8909309016708282	0.8022561007576456	0.627798144886109	0.2652195352470977	0.7763505483458158	-111.1256097028216
6925000	3.8152393644821814	4.261042580729874	0.8218735595746709	0.6796330765067573	0.23418981402858177	0.7092267099169296	-109.62992802506463
6930000	3.02281798569417	3.286898822776431	0.7468335842689278	0.6682255337373938	0.31817129817972045	0.7456748382835597	-105.34168669489631
6935000	3.0744965860594573	3.271681125334631	0.7067842551179535	0.7571194025286087	0.20224184746633456	0.9086644686714151	-76.84515248207552
6940000	3.150000412140151	3.2844598474492064	0.8156904202480121	0.7663634586899339	0.20947336608031947	0.7343510594163714	-67.87441223690038
6945000	3.022860440063931	3.4092131984625245	0.8435664243422041	0.6854596685781444	0.2315995919525714	0.7589678079779936	-91.81589402321876
6950000	3.02281798569417	3.1889741106150336	0.8877989963223927	0.5949208085170061	0.2419445899983382	0.8661173603113573	-94.04190119708562
6955000	3.02281798569417	3.738531578600824	0.7816332795808032	0.7144193788187778	0.20259559621480322	0.8664896489471953	-93.93916530842279
6960000	3.056238015683141	3.1365123021510786	0.8382236544344377	0.6204223644781449	0.22827158931467173	0.8412075564017497	-105.68717855507143
6965000	3.106662972063935	3.537297119727668	0.7924869656004785	0.737076306382065	0.20611903448317123	0.7050730290850069	-90.45961995362629
6970000	3.02281798569417	3.2581176644398675	0.8587429178672503	0.6363505359143103	0.21104665256650276	0.7210435334383544	-105.6880155098819
6975000	3.191973264880727	3.672404484053948	0.852982242530645	0.6119353897564721	0.21022468905121788	0.7835126577170596	-108.87225560569928
6980000	3.02281798569417	3.257919361190006	0.7213504872767191	0.7051625494160445	0.22456678075901249	0.7095330827354333	-115.9922557417359
6985000	3.030726794564213	3.9643957568988237	0.8051040103524454	0.694525475739476	0.20434157066178643	0.701406498812158	-106.5510650936271
6990000	3.800829628902306	4.062201427133961	0.7586081893861942	0.633487974744531	0.23594910837476837	0.7168529373498801	-117.46499693775249
6995000	3.279300127103771	4.776693322955345	0.8789855333825038	0.5759278720221936	0.2314962558538412	0.7172708812073889	-109.31905003214652
7000000	3.02281798569417	3.8360686779874333	0.7961895857630895	0.6106098422321425	0.2074424416640738	0.7808123735161321	-111.0491632341676
7005000	3.6382015281444273	3.987235956427943	0.7207561870701154	0.6932931208513273	0.21352848423545615	0.7532767877292307	-102.01675506624483
7010000	3.02281798569417	3.473654853782809	0.7314774800818156	0.7808636702989912	0.20023002602214574	0.864743407704349	-71.17302018745576
7015000	3.068081153016197	3.1542670662118892	0.8978142622471084	0.7691793577559555	0.20634557779444096	0.9020158967275751	-63.6719397280688
7020000	3.7053969139585026	3.9701448481747708	0.8797733285568949	0.7256352113727533	0.22287649293049294	0.7464950642694503	-95.98451922427617
7025000	3.02281798569417	3.61438730758652	0.8419566784983387	0.6972993588221885	0.21986318792911705	0.7938635986359867	-97.3911431719273
7030000	3.5368622172772457	4.610945243471585	0.840447888103359	0.6247547899008844	0.22532221565151853	0.7153533625866996	-118.93002654658883
7035000	3.02281798569417	3.9417851703826288	0.8130826836600765	0.7106510002439437	0.20097277292225046	0.7770436812203967	-82.14427837935196
7040000	3.220555776089029	3.362072200021026	0.708671415727355	0.7716679157994529	0.21804885644189556	0.7426527320762978	-81.62863775487068
7045000	3.167357086700895	3.3782109849189723	0.847899961693785	0.7800362533787532	0.24611753548718932	0.8968223220426421	-55.31151142058381
7050000	3.0349925878869235	3.035781341927373	0.8077411590503827	0.74983660466693	0.20646002705394725	0.812493701497085	-71.56181430825123
7055000	3.02281798569417	3.283094409898864	0.8704936500972417	0.6843784077887093	0.23756130484423474	0.7609966986532752	-98.37817194590812
7060000	3.1150092234447913	3.859659349024715	0.83714287435718	0.5416895214050969	0.2518073864074327	0.7066622782087911	-127.85534268879331
7065000	3.4085450729436917	3.421358330476982	0.8259974729015761	0.6316102052199988	0.23507698704965993	0.7312687828840891	-121.4610991886671
7070000	3.02281798569417	3.213000447283766	0.7148406907767714	0.6655085471405419	0.20730680357781217	0.7274113805445735	-113.67177504156953
7075000	3.170551181380407	3.439055282980573	0.7978220639531669	0.598133907562914	0.23709569923771026	0.7197624722509038	-128.82009496916652
7080000	3.1843130371641064	3.222880733566708	0.7102890456983024	0.5598163826208986	0.22216480858126292	0.7381207641728286	-129.56682790940886
7085000	3.0766971928166957	3.226390443277764	0.8407707672384302	0.6572768441257129	0.20505025830210039	0.7821185562219132	-92.94713714362624
7090000	3.862653720887945	4.320358814883303	0.8089389020924009	0.725270613898401	0.21759184202012816	0.7997682247926327	-93.80920443744796
7095000	3.1337170542554973	3.2974732039575847	0.8187523027458775	0.694413243333546	0.20529015202676842	0.7338939959038568	-95.65455584055442
7100000	3.0472365030878095	3.117339205654281	0.8268163984513256	0.7601292812413953	0.21467184299087994	0.8349947351123085	-69.04098537184484
7105000	3.067825234525163	3.1402109671175924	0.787358790561954	0.7607126561491878	0.20252051425245177	0.8196649815976252	-74.11495352822229
7110000	3.028384742684332	3.1858293557772632	0.8371223138658324	0.7238536632874748	0.25835967117175757	0.7446755608113232	-67.3197090736667
7115000	3.02281798569417	4.138528171361642	0.8380019207527756	0.6658720457571675	0.2075761984121142	0.7048990763744956	-101.82746236010087
7120000	3.043951808956622	4.389752964306575	0.8423561761400572	0.6868387826134619	0.2070056422898339	0.8063818527482538	-97.90050756992088
7125000	3.0943311861120155	4.357053038185413	0.8202108302691961	0.7362949256848309	0.20221112580404163	0.8768282182653951	-86.189430408058
7130000	3.419551446215743	3.578933784177309	0.8937874309165488	0.6677449163003036	0.22610872791925213	0.7004383036362902	-92.74426108944576
7135000	3.02281798569417	4.165686411024922	0.8427390832607234	0.7118798157157865	0.20549688258002435	0.8246223702658738	-85.8496275340267
7140000	3.126086900845953	3.5521642409187804	0.8241995668464386	0.6943947564875785	0.20879942954009167	0.7743813548337317	-89.93401540853193
7145000	3.02281798569417	3.0570366360157952	0.886718557057144	0.6500022296885964	0.22547434290948992	0.7098902346297586	-106.36033830076104
7150000	3.280227984001661	3.4557764019314052	0.885764436702253	0.7596804974257119	0.22138544525007617	0.8223039589643768	-73.08809819009491
7155000	3.1473880445995377	3.2031846393352943	0.7808210961873455	0.673909054257705	0.2150598086191271	0.8409125579704722	-99.20176987229246
7160000	3.304655707782667	3.5809931245280984	0.7602591411900991	0.6550037499335365	0.2416492300126697	0.706894632960581	-107.89403002331451
7165000	3.0514144491010953	3.057042412443268	0.8703957200813555	0.7401047202543128	0.22270057773503643	0.7854916660692198	-58.66408478833498
7170000	3.2496744513434606	4.193127571303326	0.7379407864605235	0.7533425583955977	0.20216489383310554	0.9137649826447074	-92.5768492131489
7175000	3.1081485913203757	4.005822370191431	0.7208931486454871	0.7218280640583032	0.22049172023630417	0.7112437280730114	-107.3261236370852
7180000	3.1019130694731096	3.951746723801198	0.8047528213463707	0.7258844467386021	0.2190763154378213	0.8503632196973681	-92.2305065421898
7185000	3.127092500207788	3.360258568064697	0.8874788099798833	0.6487979091793481	0.21980208448389082	0.7732592897503484	-81.11889809898642
7190000	3.2074399654754124	3.2405842697693767	0.8388194993805326	0.6975126235737629	0.2016505086383591	0.8306982666479616	-84.10316192085097
7195000	3.02281798569417	3.3978188458216034	0.7272722126024305	0.7393424002828873	0.26201769026431965	0.828588831661008	-66.75373675983312
7200000	3.02281798569417	3.1061906818161624	0.7797629370412049	0.721492486167721	0.22277180592793805	0.7817507233609187	-87.13827559681593
7205000	3.110532422254098	3.217213769222204	0.8861020925690195	0.6253176283427363	0.2001226697254468	0.7662582702446845	-106.94871714298654
7210000	3.02281798569417	3.12333458743647	0.8502562266906264	0.6979322677157997	0.23138253882406917	0.7940048314549497	-87.71975388444247
7215000	3.334844085427782	3.811649949627799	0.8522564283705367	0.5410997104182634	0.24320374047426985	0.7105386867819473	-127.92461745552271
7220000	3.02281798569417	3.6067734028156724	0.8746270852542462	0.6866493957835121	0.204242294171108	0.7507916053596475	-92.41668746642338
7225000	3.104326627075389	3.7567318783067516	0.8905219816984747	0.6688903917020169	0.22202785171786563	0.8805825597625997	-84.35573358568095
7230000	3.237189769244028	4.2583436379766875	0.8471153933301538	0.7412564477333502	0.2023464812488973	0.9803901197852556	-80.12654243705768
7235000	3.1976473609888743	3.276470244784122	0.845243215050368	0.6983809058548097	0.24109137036886089	0.7852989792370612	-79.83788617212522
7240000	3.02281798569417	3.0707291664828498	0.7945649447436762	0.73985151628969	0.2050288501462972	0.9023105242823825	-87.54699387753442
7245000	3.02281798569417	3.568916517540561	0.8230945135257143	0.6351655271820944	0.23946818881200016	0.7939852592483615	-112.73541662138766
7250000	3.299634734296966	3.3591014406868767	0.8485134543957733	0.6278175545694751	0.21125924514198524	0.7477658293639745	-114.45482114646302
7255000	3.113385091296865	3.73821629644478	0.8813445884646335	0.6904915145969094	0.20617112843732327	0.826323631236184	-85.41264303060464
7260000	3.02281798569417	3.1467671048805124	0.764497230277191	0.6604245160602152	0.221678631649543	0.7151989261568952	-98.61530484145413
7265000	3.1477941519818278	3.1487178525427604	0.8930804961611708	0.720056342523402	0.20580258359906595	0.7866120713366053	-75.3120586891014
7270000	3.129312464962671	3.401127223718197	0.8938106818190419	0.6484527397107387	0.2038367106633984	0.7622067020445054	-97.98217846144618
7275000	3.086337002517227	3.3822271602830973	0.8445666094253946	0.7160205936213409	0.20888263702790624	0.7707883948428241	-81.90601508374172
7280000	3.0267944932115163	3.4044482121139703	0.8180380049840608	0.6839083200007546	0.21736085422707252	0.7473754702253417	-94.74872159809576
7285000	3.174699017396658	4.1801237870546535	0.8931861411410379	0.632305583656638	0.20268648207249704	0.7381476021001557	-99.78603222221119
7290000	3.381511774491629	4.482060576864542	0.879514299731964	0.5989409874392844	0.21033034434370307	0.7525854306868086	-100.20852162273587
7295000	3.062289552529233	3.6016502199870195	0.8385821616683589	0.7409721475620228	0.20120859247879316	0.817895647033784	-73.36589222597078
7300000	3.260289732091322	3.97739217194143	0.8147921593984558	0.5995127484344911	0.2187276043432759	0.7174051345853218	-113.07022833602704
7305000	3.061251460628808	3.998728740575819	0.7454507476949948	0.5865043544200091	0.21263767607615436	0.7370258355322337	-135.45850330632578
7310000	3.376035700382531	4.006033634804408	0.717114002769087	0.6833276073561343	0.20044600700029788	0.7514501232971845	-113.80716996988173
7315000	3.085618309173425	3.6484528800761606	0.8920281266082519	0.648770383610683	0.21120943991992638	0.7369357795638555	-107.865669850124
7320000	3.34266793030373	3.60628338770276	0.7092636908139615	0.6936003033801146	0.20668507107597392	0.7596463757180645	-113.96976973302102
7325000	3.29690552602242	3.351465577807854	0.86037301039494	0.6614868506001131	0.20298233394879622	0.7975269686881307	-105.65868391039533
7330000	3.02281798569417	3.140461885000676	0.8038575944890806	0.7053819228337044	0.21680536759779404	0.7541523313446995	-95.35339762295433
7335000	3.8685861436657736	3.9304746166194287	0.7183400253832927	0.7342838019357022	0.2132112471947593	0.9016399843513226	-105.38670670670035
7340000	3.128903102662929	4.284223363476668	0.8019027651147029	0.5931314832201354	0.2063660520923422	0.7220693737984678	-117.2655624372544
7345000	3.0292246170193957	3.8873548941599103	0.7613709023615457	0.7647436587782984	0.2085366427965164	0.9709906481757259	-74.56166463283387
7350000	3.5052022753889167	3.618059154058441	0.7518570586197548	0.7468672586654006	0.20233326265680165	0.90949064231518	-91.63704163245708
7355000	4.113231718993798	4.2775949378939355	0.8550776276803731	0.6805998755867867	0.20285651650059194	0.7105467911689372	-97.43712404673985
7360000	3.1991246784464833	3.934687677792454	0.7896424297055612	0.6324699698355191	0.2207074643410571	0.7105362366080643	-114.20008861711608
7365000	3.150471958296634	3.1988087892851094	0.8760575478140906	0.6561600103022367	0.20870274439439002	0.8669775418163949	-103.42541620427761
7370000	3.02281798569417	3.9691765408816977	0.7419491933822143	0.736059199939487	0.20582478158216397	0.7153045735150697	-105.51832677205698
7375000	3.289382414418877	3.4135738682404138	0.860652317517584	0.5805840016093231	0.22465688289949773	0.7829929676449268	-110.37276579853491
7380000	3.02281798569417	3.3562561543715055	0.8296640639084879	0.6091743788502915	0.2332907801218698	0.7493912509267115	-107.2287270043752
7385000	3.2978694985836734	3.636985536013132	0.8674294223531593	0.5723835499578468	0.21062523000902403	0.8582571569629904	-118.75414873540598
7390000	3.2988273719100887	3.494499783451561	0.8204938326409555	0.6156629312140248	0.20475845982715354	0.7495048839169647	-121.84201369343924
7395000	4.71036986406938	5.095254134040397	0.8230556337783256	0.6157887713447902	0.20123676716381544	0.7107000906926574	-116.9315447653156
7400000	3.884846876581239	4.306797312693777	0.8396573599078088	0.6737717542027725	0.20385841773807148	0.8189685938394051	-113.64635536543753
7405000	3.220336657104039	3.37702883558407	0.8559453127181081	0.7477101816053455	0.20198459603686014	0.7416965380492012	-76.41697599668191
7410000	3.0561697303103017	3.1057778053528935	0.8670879782379529	0.6927605434614897	0.212398629116425	0.806086052378734	-86.24470589949641
7415000	3.887791924446769	4.164286812362195	0.871938308786024	0.5502546941124523	0.21630945593488543	0.728842513478603	-133.59219653752683
7420000	3.6471704220631023	4.005605225083465	0.7908628813948971	0.5628940970378511	0.20624187660590648	0.7320974422028744	-142.18510784067277
7425000	3.156996503193515	3.3913893431503714	0.7552914757574186	0.6417325843546282	0.20736622397410376	0.7699924946019248	-116.65643682742376
7430000	4.162399868111486	4.873552899046528	0.8633591561675766	0.526329139184239	0.28192783734374594	0.8194400397564089	-130.8400288683147
7435000	4.224042737953948	4.283557922081617	0.7633319836911286	0.4727185139668632	0.28253596269810943	0.7239335063222833	-146.66852428525706
7440000	3.1281762220051617	4.562303928396407	0.8510757383548597	0.6394538858242519	0.24144404213032636	0.7763116485696521	-106.97618381935357
7445000	3.0935307863316273	3.192410408913218	0.7886584149561001	0.7698386110941267	0.20458842754873446	0.9877696474922503	-78.14137110046272
7450000	3.5245695549242666	3.962715697433449	0.8183734528399704	0.6651388010351286	0.21486883415223032	0.7672053678595917	-87.73981200751956
7455000	3.4227118778504813	4.43771774338812	0.837594141830938	0.6373702557553655	0.20378657114858273	0.7963799993349603	-99.75960031549124
7460000	3.1048685948439623	4.154952815683377	0.8626193865668533	0.6774130455266425	0.2027839408846691	0.7404064573125272	-83.55294805797377
7465000	3.02281798569417	3.3192253959286546	0.8155595651049757	0.7417262835430674	0.20284428941324945	0.7850635346434194	-64.9916150148104
7470000	3.1092861507537095	3.25920479516653	0.7970372899924048	0.7925187513148279	0.203581075951792	0.7641988873565829	-68.10164008318915
7475000	3.02281798569417	3.152373826931105	0.8148264080584482	0.7980403471992096	0.22113250217574365	0.9224045559913067	-55.83736965149943
7480000	3.02281798569417	3.0620074505188715	0.7209211784751093	0.7281748754928646	0.22146636385330168	0.7482701405898143	-88.99614225342737
7485000	3.111277626212434	3.6455283058225882	0.843709472942068	0.5617152195511739	0.2362973781217512	0.7013124686290924	-128.46239111153525
7490000	3.02281798569417	3.2978830877061	0.8694448934560228	0.6299678762066417	0.20376150050248934	0.7599360406785765	-94.7738338691156
7495000	3.7801875614935603	4.091873622018247	0.8977933434590428	0.5248733161590767	0.2466207295377896	0.7326280452546384	-128.0912834630854
7500000	3.3217874968314693	3.5853648027593685	0.854861279764437	0.6698511880123899	0.2140546730901608	0.7730809014614757	-69.73789501826766
7505000	3.5780497287926436	4.304758917610075	0.7045612595645766	0.5072563991104609	0.2505571476252968	0.7009224725060214	-134.71469681625612
7510000	3.02281798569417	3.3221606523754215	0.8346628987451618	0.6571982297711664	0.26013468545679236	0.719187063903619	-113.5145814997457
7515000	3.622325755884581	4.951647656425251	0.7550147018081523	0.7005264022150299	0.2032398639455398	0.7639891957203204	-103.73356841054238
7520000	3.2214794459502967	3.3678491876337358	0.8872558174666685	0.6318074921668504	0.20321587592592222	0.8060647837384667	-100.97716573806855
7525000	3.6372451812811804	4.9610774093866885	0.8947359970953754	0.6223473323071113	0.20405719975329856	0.8015151300286566	-108.29073497439887
7530000	3.7103759092151267	4.17313310118683	0.7848081754196339	0.6168725780457847	0.2338954012182969	0.8828447582901294	-109.31406579069389
7535000	3.2801577753083415	3.464137482962975	0.7006308951748133	0.6791814521748936	0.20250417516884994	0.7211079011922421	-114.78768953777441
7540000	3.2251281776274334	3.23666470416941	0.8602326427060476	0.6317757595654678	0.2055220437423294	0.7714284535656539	-99.04916975543298
7545000	3.5480616362073043	3.9731919337254347	0.8031630988041311	0.6739112054070677	0.20602451255184154	0.7451507847350185	-100.12964040906397
7550000	3.02281798569417	3.133638457857903	0.8590078677773717	0.7387767743939192	0.21409976638806766	0.8431367929661765	-75.46237551822452
7555000	3.3218643406451904	4.4547975992833875	0.7987727595180446	0.6693860545706608	0.2560165826932235	0.7117073600296078	-98.59654536635284
7560000	3.056920532378127	3.3043267205992137	0.8664960772107845	0.6756754055471748	0.20843810515792388	0.7013913862327525	-109.58655638055347
7565000	3.02281798569417	3.269802455484842	0.8531836262662059	0.5974230500738948	0.297118449557668	0.7745267009497412	-119.0617941955752
7570000	3.702036657834671	4.013695464696126	0.7163501115149578	0.687638461699756	0.2225494516824838	0.7574239931962613	-121.47345464801691
7575000	3.02281798569417	3.075553750312634	0.889946914709178	0.6440791638192354	0.22931891369522833	0.7642411666546278	-109.15043237513513
7580000	3.2800800064474616	4.067423103949648	0.8844611174386966	0.5759239902003872	0.2025595785601477	0.7233601398595251	-129.05139005831248
7585000	3.433557721776403	3.6117379939562246	0.8815685757385321	0.7350926658025299	0.20716169541092314	0.7235923720750979	-78.72052215772817
7590000	3.1368043871471962	4.529157673796553	0.7861929192718309	0.7448628580887122	0.21306636002386842	0.9482974625913547	-91.91988125254827
7595000	3.265100652002647	3.2790965913105037	0.8300178198343255	0.7616252878160831	0.2279528451230641	0.7995687505369113	-72.32678243313927
7600000	3.0807805459370368	3.478792696032155	0.8913493517359719	0.7072217713332045	0.2122722576888459	0.8418171352583844	-79.3768549403365
7605000	4.017901548115679	4.4850802212268155	0.7032463243542179	0.6694449884028606	0.2115930870082945	0.740544478803008	-122.78809548469872
7610000	3.02281798569417	4.280797611130675	0.8988705674947782	0.7261469360748478	0.20950291379513375	0.7583315341642818	-72.03604380367088
7615000	3.02281798569417	3.3114567715769634	0.7171915431109601	0.7503327712357208	0.23953211043022796	0.7269324544596032	-76.6051990998769
7620000	3.437719683686123	4.030350107273634	0.7783197520943785	0.6799480169131286	0.21001813832405405	0.742029907523337	-108.2551469012378
7625000	3.1237892763104695	4.471047249826346	0.7972491233663803	0.6129814103069453	0.23821215276477833	0.7521220826572894	-126.14345972433975
7630000	3.036856714845556	3.339779156616267	0.8769424177304087	0.7080288609582721	0.24848047762131314	0.8424666388301096	-72.50826901942617
7635000	3.02281798569417	3.240374073212366	0.7649349628422418	0.7561816937151964	0.20457481129043084	0.7861706485253954	-70.07198104686503
7640000	3.02281798569417	3.5471825843823663	0.7987433683628378	0.7502708900479753	0.20342448294741153	0.8988158751202496	-79.9710012366148
7645000	3.4516361786496703	3.5909121847296706	0.7463693988647165	0.7541638312057805	0.20451288445137164	0.8187412537649101	-75.58835485522991
7650000	3.02281798569417	3.2748201467417384	0.821324210379632	0.7095986926440494	0.22565851191506378	0.7204661469905875	-98.30359936387265
7655000	3.289136832521682	3.8817020372938296	0.7899744676340561	0.6914459484165746	0.2051785349300987	0.7421101773712847	-90.7913991085413
7660000	3.02281798569417	3.7693633551434096	0.8781597820252037	0.6868992091102867	0.21755134156821448	0.7089512343102543	-90.20338359378636
7665000	3.617375600570026	4.365171964253835	0.7501558372734333	0.7585953124207778	0.21426330755754114	0.9506230288996854	-78.64671051344106
7670000	3.02376387095347	3.058787726350536	0.8552434863256339	0.6835742869020209	0.2055029590713278	0.889016561413487	-99.07732625056661
7675000	3.8978572016055533	4.3697629481578355	0.8118860467715795	0.5846598902925823	0.21410609814438078	0.77126705235204	-121.84504957924722
7680000	3.02281798569417	3.1102065686200744	0.770267100365177	0.6715545026196305	0.21382921766321555	0.9182452519589708	-107.8285232933076
7685000	3.02281798569417	3.19496911735771	0.8142635015119486	0.6727394883169695	0.20106862958442176	0.813029402664556	-93.92566914858412
7690000	3.02281798569417	3.1895025613938137	0.882962140196309	0.7525813941353582	0.2109073815598357	0.809506819618997	-59.82608621004123
7695000	3.0601514095066458	4.1294636658372585	0.8986962766740779	0.7119594358506425	0.21190498440884203	0.7124451227842681	-62.88622238886567
7700000	3.02281798569417	3.105824394297999	0.8234462519190716	0.6836875408337644	0.2628085106975561	0.8481338475696606	-86.75701587188797
7705000	3.2241344867910975	3.6753378590852357	0.8596543964833939	0.58573770717094	0.21538615438362138	0.7106215166599377	-120.55967563060187
7710000	3.02281798569417	3.539722963236072	0.8312472906230027	0.5503419919425308	0.2624599238416846	0.7499005104756296	-113.8914610719414
7715000	3.3885293804634165	3.8913304583190715	0.8510551543256766	0.6208149742408323	0.23318723507818973	0.7488250620203073	-109.76750426986499
7720000	3.02281798569417	3.5740362614397263	0.8750177601546216	0.6434596869632184	0.21451369660042133	0.7420771990849899	-112.76844733129852
7725000	3.137562814236444	3.4201973186305303	0.851102797289425	0.7042648367375922	0.20854513367839952	0.7071288453281865	-93.03096796053154
7730000	3.02281798569417	3.1503222993562434	0.8512931854442338	0.7842876917229753	0.20642049721055827	0.7898099483213874	-52.074582470200454
7735000	3.02281798569417	3.094351663013419	0.8879338260629053	0.6993008206588278	0.22250931499691437	0.9799680574000151	-74.4758018642309
7740000	3.208408975082133	4.007393991129878	0.7817337664585402	0.7257178204288925	0.20061386912686296	0.8372502295498431	-87.97948029044247
7745000	3.02281798569417	3.725487016424312	0.859917383773451	0.6632916134280638	0.20634130091898947	0.7674959759079256	-83.88061600463968
7750000	3.02281798569417	3.0859701628865004	0.7218280004655063	0.7256220543967257	0.2013550351301592	0.8700236473186501	-100.19060498061856
7755000	3.02281798569417	3.200144422675186	0.732538410155416	0.7562334278159906	0.21246183741832317	0.8695366341900862	-80.29850791073366
7760000	3.02281798569417	3.3350771583930885	0.8147213546229639	0.7224221086720867	0.21823987180396173	0.8832056419038853	-74.3184699267967
7765000	3.506607457086902	3.550370268792515	0.8646428815293249	0.6330900637273299	0.2170397404299739	0.7364531247883435	-127.1686168476287
7770000	4.124360992529308	5.461605049340426	0.7984969611243452	0.6171091745368744	0.21448866746389808	0.7034634971274414	-123.98862477482436
7775000	3.02281798569417	3.090398728325853	0.7062206541061351	0.6107061132223913	0.20068828866805416	0.700325141627136	-124.48378403957449
7780000	3.02281798569417	3.6209908851412314	0.7673864219183706	0.6362899528519773	0.21867959668927092	0.8435974335683666	-107.54537178713898
7785000	3.02281798569417	3.154292042251459	0.8649269159105776	0.631906585650729	0.21380851921914767	0.8342025077787931	-91.06019111016434
7790000	4.071378376434749	6.016280177438918	0.788296179324252	0.5501150756485298	0.20496116173127873	0.728459114561685	-139.4876935611064
7795000	3.168724824623233	4.919073386117459	0.8440018667842245	0.6602261824796289	0.21539307894407056	0.7082376718333223	-118.30728736139088
7800000	3.6052464940379605	3.855935439211063	0.88579589156755	0.6309278071780026	0.2078904817120709	0.7719789303446856	-94.92714713186876
7805000	3.033495203892843	3.6940524630265408	0.7976052911920891	0.620008610041871	0.22535528419655365	0.7213791363652211	-118.51695834478568
7810000	3.02281798569417	3.4174253710796285	0.787905206266653	0.6534826512456134	0.20961231211301415	0.7556665895754056	-106.7932238832746
7815000	3.232383686004537	3.3768016536808987	0.8337275992016352	0.6885713835398385	0.2246424204014152	0.7695327249523622	-84.37710549598978
7820000	3.1969978365976055	3.9147921599075217	0.762202905299242	0.7418293802681288	0.2066936039820357	0.7735644221059396	-98.82197497670444
7825000	3.02281798569417	3.8225016565517076	0.7214802967296338	0.6527279476260207	0.2474289168140573	0.828121551765858	-106.91550839038166
7830000	3.02281798569417	4.2815395521625765	0.8238121487167929	0.644513328738194	0.24076611169001386	0.709910364025311	-109.53336860767308
7835000	3.5143901813776117	3.535167495530244	0.8824381789960117	0.6531932787998666	0.2210727804184753	0.7721728979241185	-100.43992783021343
7840000	3.8542516467627927	4.902334056555551	0.8238401533757058	0.5934087823974306	0.2245795871012448	0.7214136380559077	-125.32665952628395
7845000	3.2829577487336796	4.681634039005138	0.7189192784700349	0.7121196515818131	0.20383106365782272	0.7878697411235617	-102.36875407846395
7850000	3.1746464998766255	3.256973609492585	0.7585264950045756	0.6693514882460259	0.23849949650433258	0.8707238514433697	-104.31391592582287
7855000	3.02281798569417	3.1877382684835176	0.8988151192825233	0.6718213348114527	0.20626735347176525	0.7361110742540793	-94.24255956290068
7860000	3.0678672077687343	3.1588137867912356	0.7363255540236344	0.7957106318262358	0.23266921468528828	0.8651503855471409	-62.091821699624425
7865000	3.124707142373412	3.414555011471339	0.8095643398373225	0.6101011115145064	0.2171699841595309	0.7646831558985164	-104.25391361168298
7870000	3.101037312077086	3.207021971851732	0.8591801497713024	0.6616783509167045	0.2089006116667227	0.7410583209795025	-112.22249402965585
7875000	3.406897993708938	3.7588722830051093	0.7586085499229779	0.7238920575027608	0.21109342468232595	0.7566635385746956	-76.82413960172798
7880000	3.02281798569417	3.3368696404137363	0.8497135036014085	0.6057422332410868	0.20938445655270244	0.7257855632048276	-111.13659596007477
7885000	3.203487892194674	3.703563591012628	0.8792790820661047	0.7418918331534193	0.20501079090971	0.723083484608789	-92.87852865608866
7890000	3.02281798569417	3.355169328061497	0.8594328935745389	0.754212097733657	0.23523101933967164	0.7821680494877783	-86.41959153413859
7895000	3.02281798569417	5.0149569539501435	0.8808678111850119	0.6551762554501283	0.2103425740995516	0.7669620603425481	-105.57917223587958
7900000	3.9373241551711713	5.283944086639667	0.8092257380794871	0.6004063296648465	0.2200528161423716	0.7239560556046831	-132.2035929914037
7905000	3.433294377085675	3.807008535240894	0.8849996133911047	0.6278803384167394	0.26540613866407997	0.7148147025038821	-96.4322879956323
7910000	3.167170652984025	3.3829786832586626	0.7870775928746369	0.7767321537779123	0.2044360328427465	0.7257259143953042	-67.24302916757475
7915000	3.323921849694136	3.4358930348705465	0.8228844503032803	0.7404906105721858	0.21874466184142685	0.7630193487727942	-78.54420320459036
7920000	3.1747774148591894	3.2973561662441258	0.8364528468110851	0.6775929707859831	0.24168965492274316	0.7086077254722735	-101.26150888411357
7925000	3.6544313850079098	3.9540458733791226	0.8700551768670653	0.7320788774435091	0.20534826962855804	0.9752751369068563	-83.93674037880874
7930000	3.5110548525373657	3.619313881545686	0.7750352197039987	0.7220035579341535	0.20546649492740338	0.7652650570122325	-89.34890224694013
7935000	3.8827859736662798	4.032667445136764	0.7581218686031918	0.7369529179111347	0.23313068793624162	0.7040286433434431	-88.15405964014244
7940000	3.02281798569417	3.2042632448830317	0.8634610838121065	0.6978892132560762	0.25524961702738	0.9506394865983878	-71.42816052380178
7945000	3.1155169195824945	3.761290631516329	0.7316300924963585	0.7193490390671717	0.24751192488602033	0.7574544869671169	-95.7363979068246
7950000	3.16629833602542	3.5587293355669645	0.736459417766823	0.7560643756341163	0.20277359923654403	0.751868629854517	-88.56007308236923
7955000	3.219239751661327	3.3384253110561746	0.7903519955792816	0.6170032886292374	0.21207023533050068	0.743004899558679	-105.79917043335709
7960000	3.1250669493373575	3.2311183287145373	0.8603114957196423	0.7242746359416754	0.2189081794304123	0.757654853458316	-82.16641528253297
7965000	3.3576896070068156	3.566387670306419	0.8020056543606977	0.6614688372208585	0.24057505512980012	0.8249366898491517	-96.50455032283912
7970000	3.104633972515122	3.268440227916945	0.851190492486976	0.6548824201918024	0.20885334015130164	0.9102627962903089	-97.3098833577541
7975000	3.02281798569417	3.1973459701403626	0.8936908000639502	0.7292254255575034	0.25275966938070127	0.8133079857415163	-58.657855509812094
7980000	3.272581155951873	3.658113890868073	0.8382926919867634	0.6365602281255307	0.2940060875410976	0.8576845149318216	-102.55498286190888
7985000	3.1864937753751796	4.821759191347505	0.7048391256604548	0.6426343231110205	0.20802092104014974	0.7165101791960286	-108.36360299305352
7990000	3.02281798569417	3.1736727938863423	0.748174313540775	0.5868557261156113	0.2318278427262373	0.7073531545452981	-121.77167152096536
7995000	3.1006751921446325	3.878010471519601	0.8588343899850034	0.6337026267823408	0.20523350759711678	0.7542225897367396	-98.20772869494365
8000000	3.188162969465998	4.272515733892312	0.7081980098967396	0.7507424510992662	0.2023989072777189	0.7242614774340874	-99.73376610640148
8005000	3.02281798569417	3.7387836543494606	0.8461692058398078	0.7488231513141127	0.2241310277918146	0.9474366500720756	-82.34012762077427
8010000	3.1588967578054805	4.604042923494227	0.8620074285382945	0.5813243165152556	0.2413871935295985	0.7412998922061232	-124.32886609497169
8015000	3.5652303097242664	3.8123894528197337	0.7158959741818841	0.6737510530244948	0.21215459146993046	0.706372484528973	-107.52432644107901
8020000	3.363481157927347	3.7531831574616583	0.8140138050281579	0.7351715669346998	0.2216411910809799	0.9190354860174593	-69.83908505306908
8025000	3.02281798569417	3.0248937372126448	0.864087718877714	0.7394023465216965	0.20116175359174532	0.7660917882616816	-64.74249713413232
8030000	3.02281798569417	4.108364723986907	0.772123589803136	0.7825028258345168	0.22600230611930744	0.869807554958498	-60.290647846898004
8035000	4.0626487878668955	4.430882876046549	0.7716832421963866	0.6812685245194747	0.21169652022727398	0.731319088156234	-98.27721288522932
8040000	4.089207148556441	4.315437933621858	0.844395025344498	0.5686922723497998	0.24566669063767257	0.8087238541861144	-128.74301029197184
8045000	3.4193023987052507	3.697757133877274	0.8637512459858119	0.5392958576625513	0.25751393584653587	0.7006067885024884	-125.40703827623008
8050000	3.429656061449212	3.485035584867657	0.8078001398315429	0.6421033497520703	0.2099969186093787	0.781897753951396	-123.53100559544498
8055000	3.1408677562301817	3.5503821590694864	0.8101758779941639	0.6421603819903878	0.22440516337788058	0.712946612745849	-112.05491079333379
8060000	3.117740551405313	3.3042210011324995	0.7931215178512614	0.6044295247583873	0.22191020593710037	0.7230282895193291	-107.2036895788801
8065000	3.1221232995676633	3.2050004222076773	0.8257465319471027	0.6536907842602026	0.203256634270718	0.7814312361230116	-102.57220598400897
8070000	3.02281798569417	3.0470096096271817	0.8709332332945141	0.60627146486951	0.23574410509623375	0.7102579022024859	-126.3105532023213
8075000	3.02281798569417	4.275495451245904	0.8249198252638271	0.5314075941744019	0.20786285351970885	0.7170719567843417	-139.56351372801032
8080000	3.02281798569417	3.6484746752453683	0.8042085414558764	0.6706687049052505	0.21829961178830665	0.7129234027277304	-112.81814118777851
8085000	3.214395116641526	3.2555249277538816	0.8203008026354781	0.6426479358450758	0.20575990613872674	0.7255489273219281	-119.4491822237087
8090000	3.02281798569417	3.2749764295426407	0.8765057494497552	0.7011196960350168	0.2144442197778887	0.8474821275692268	-89.61658839447361
8095000	3.02281798569417	3.4266010751673015	0.8530326376807944	0.6925951732294783	0.20679574095118305	0.8223088402907234	-81.6830375212356
8100000	3.9971609120391474	4.17935355725999	0.8892728638014449	0.585174150606261	0.20528879432037048	0.7441747487198185	-123.02968274283373
8105000	3.10173291002099	3.518211999972755	0.8527534436655794	0.6371399338799696	0.22640778206160925	0.8357247476241058	-111.66656361256457
8110000	3.4670853556224284	4.116675227375542	0.852399274336084	0.6395558603151155	0.20688145012635675	0.7276351709631121	-92.21172365985899
8115000	3.398122017403567	5.052010467311007	0.7476031344157308	0.6238921292840017	0.23899992346241755	0.738466629996267	-122.2329081834558
8120000	3.16239232414899	4.6296450342232	0.8904359049119581	0.5746969083739247	0.20472270540169546	0.7340779340425752	-125.38651356863642
8125000	3.035491119570448	3.3884019067330065	0.894917879687091	0.6528111020296591	0.21281978329050397	0.77871665828639	-100.63789779165779
8130000	3.562731827394329	3.873094232922635	0.7628296507356849	0.6718977953624812	0.21252498050634933	0.7298378860134515	-112.85112340307873
8135000	3.02281798569417	3.726229400545082	0.8933919340578468	0.7166476114391315	0.21838367491153496	0.7888085881262844	-81.9214120535703
8140000	3.2546798129955685	3.379093846745521	0.7549516434081687	0.6811523931172144	0.22796463367964523	0.8422402018772797	-99.41192319328988
8145000	3.2119404616291862	3.264303135464638	0.7633876169632511	0.7190009233845995	0.22204730111448592	0.832648544084862	-73.93665125183767
8150000	3.433965177381318	4.108659493356904	0.7719233314583255	0.6968231779484497	0.23884796857749738	0.7310408757758722	-111.26513909477671
8155000	3.1044529732757833	4.8007031515563705	0.8535355797596127	0.5513085704850875	0.2240549253237225	0.7124056972480599	-143.02775734564264
8160000	3.205783540305913	3.6792941578798377	0.7589115804775662	0.5704068197588975	0.26123935236611306	0.7449150693012953	-130.21896774328636
8165000	3.6135583837180247	5.295148045100883	0.8862278653137171	0.4973380225599522	0.20564537690743628	0.7533106395732208	-135.71114456056873
8170000	3.25735146496969	4.203404762576329	0.8673764796942287	0.6039667126843499	0.2411155086685209	0.7395200334061903	-114.8133804956988
8175000	3.02281798569417	3.4277408300621155	0.8094866825198836	0.6031063731869377	0.20261895159367116	0.7167192489952108	-109.89635111944918
8180000	3.133165467418109	3.4116988267073345	0.8529265961551826	0.5410130049649999	0.2049560720151205	0.7442019023372828	-136.02422062163353
8185000	3.2712583925017715	3.361916015522756	0.8924665265648667	0.6317898489896611	0.2251948368835081	0.7107116560997747	-99.41148520611782
8190000	3.02281798569417	3.0233479953755587	0.8029484921925143	0.7045402731289435	0.23085766417048106	0.7838298082143942	-98.70788526268788
8195000	3.727955503344335	4.8795462432443335	0.7492928239996038	0.7101714292721293	0.20995986492628077	0.8277444897517435	-98.35661674103764
8200000	3.1046397968569543	3.104797779859111	0.7748703080129028	0.7316306946381892	0.20079386981857633	0.9160310906650819	-86.41726395383398
8205000	3.0290546640507983	3.271554046112335	0.7464538996095502	0.6980429708625375	0.20456153931020035	0.7029641089674625	-96.46975141183472
8210000	3.214662631731313	3.3878793466060544	0.7948761900596417	0.6947429544564802	0.21549261510463316	0.7659863120543439	-95.74890141879396
8215000	3.2435346406384262	3.29394657755406	0.7441710343091715	0.5968842663718861	0.21997213559763998	0.7715058265658743	-115.55235492974427
8220000	3.7584748434119186	4.570077383412916	0.8457872602803735	0.7039320213419861	0.20313361380737752	0.7381952348734925	-82.83159004020149
8225000	3.4640212812428866	3.562796556083084	0.75574342802608	0.7496100563370297	0.20578698187605093	0.7980185578798263	-73.97052380169234
8230000	3.4486817694787266	3.5108267612043385	0.8645387589230533	0.6725424291170204	0.23304018207080912	0.7385136823404163	-84.52705286878123
8235000	3.0755145661139975	3.2332688254632997	0.8317536579659752	0.7660156830686811	0.21214836074213306	0.7663063797145487	-74.17811452570675
8240000	3.02281798569417	3.050615942708951	0.7216848652086311	0.7756078990955212	0.20421395451526744	0.7483358316198291	-74.0911737955013
8245000	3.1834768280205177	3.6119132341927935	0.8461812393989333	0.7051782378087545	0.20657479271292745	0.940810628079294	-94.42887380854754
8250000	3.761404479831189	4.2768936879051775	0.7666290756614073	0.5793539710307225	0.2465958203876948	0.7909141861053468	-134.41458219111672
8255000	3.2807485976761726	3.604277388497993	0.8634563115903772	0.7023062837535269	0.2440871699598453	0.7955108744159451	-79.00086213181584
8260000	3.1238130333116616	3.675030537192735	0.8573858487424618	0.6300302509006963	0.21065873305280042	0.7022533807435023	-105.39224416665621
8265000	3.1217325072723234	3.432330647317962	0.8757197327980073	0.7502552113884942	0.2051576546804347	0.8352631647633966	-75.66782760929922
8270000	3.098026777831508	3.1179571492217946	0.8825768759931909	0.6989355546110951	0.2621358745974445	0.9304263301443171	-70.61344467155831
8275000	3.1966078476566593	3.4712658505524767	0.7920246147417367	0.7672519467233638	0.21482760778566376	0.8994358453689559	-83.0198825834645
8280000	3.02281798569417	3.422827711908726	0.8448958704213877	0.7001511653445706	0.2309497655284837	0.7629069362431552	-86.75718894750113
8285000	3.411997382999708	5.755904221702424	0.7197353539902344	0.6197255161898974	0.22737315240326655	0.7223018298250394	-115.36798975068427
8290000	3.491987297887159	3.9369912159987073	0.8248587547441811	0.6514987799335512	0.2028481738330566	0.7781963013225014	-108.7604003377943
8295000	3.02281798569417	3.167486359300458	0.7528522524697318	0.687217115419637	0.20912805845194285	0.7466215024453852	-95.96418623314864
8300000	3.482199303597352	3.5322154271871202	0.8579314572245806	0.5465943575915082	0.2486276444737919	0.7206153641625858	-126.01807690923135
8305000	3.02281798569417	3.3225226609606446	0.815119226974344	0.610879515483342	0.20167128362333023	0.7679864232709346	-113.0731721255523
8310000	3.1156667628557155	3.7454353633189856	0.812378559686904	0.6271466849925753	0.20899099989775463	0.7253307562813496	-95.07327247671088
8315000	3.02281798569417	3.1355951739281918	0.749355445041464	0.7041786349069401	0.21019174533134918	0.7133875193318158	-90.65886954685956
8320000	3.032503227543797	4.542642369163241	0.7513249807747184	0.7303935802624906	0.2113986804247304	0.7750260419046459	-88.19618445555096
8325000	3.02281798569417	5.431505250364613	0.7172695551699649	0.679356686599898	0.20066387809990474	0.767797236223986	-110.31534083591092
8330000	3.02281798569417	4.3572085790605675	0.7755584690355285	0.7524545142722661	0.20796145781143666	0.8553056457641643	-69.84097337415866
8335000	3.563848410884085	3.749820214592633	0.7677551535413075	0.6689793071003924	0.22578455422227225	0.7201013879615061	-114.2733717777696
8340000	3.9256204488340365	4.187143215594365	0.8984406482873601	0.4942339004574682	0.22508836104803182	0.7694191301824882	-158.39259908704815
8345000	4.1516713136895955	5.2434186764793775	0.7173357795606546	0.6113751181448638	0.22175266223115142	0.7079279452003515	-125.47294261605217
8350000	3.372655656652559	3.807794129534803	0.8634798680348353	0.6033496130135302	0.2173016296989629	0.7552442972373927	-109.5719483429618
8355000	3.3722969884552305	3.817417772733114	0.873924838101532	0.6581664373559505	0.20231904266645745	0.8210168718065901	-104.3739761430842
8360000	3.391076121846633	3.4328267793941927	0.7922108865328827	0.6373242910958907	0.2028880534610617	0.82713819687157	-125.29226488672708
8365000	3.450394498325996	4.468408761978051	0.8055147776755819	0.6486435680710539	0.2035962189493844	0.912438773388898	-107.62402409462018
8370000	4.103954548968036	4.897072499687412	0.8835856686441175	0.6139035644859571	0.25992719401729275	0.7389432480048971	-117.87646601489436
8375000	3.39594696119428	4.205986299314929	0.8134114154374844	0.7138781738273142	0.2114180113482654	0.7642716431419163	-106.78118187389697
8380000	3.540248525153133	5.649443255841506	0.7493235026435754	0.707365091873535	0.2049016368618899	0.8863865518505675	-104.09247925455625
8385000	3.514332897808963	3.5440887793915117	0.8969530393723399	0.646722463862907	0.22263359050869544	0.7386807524603481	-101.60264544583924
8390000	3.02281798569417	3.0662224430643956	0.734715996847407	0.7939859348947943	0.20243048403408131	0.9914824100198679	-65.92203861038752
8395000	3.1745586586249996	3.2589693138965043	0.8512739652509488	0.7392172808053409	0.24876939931674205	0.7487485350779586	-85.76893543827009
8400000	3.0568053931405217	3.1354140613198176	0.8536098141732009	0.7198249318987571	0.20551866242317807	0.7961651899534411	-85.96028930529613
8405000	3.255873872948514	3.365913547411501	0.8223404455069367	0.7125503962349425	0.27372111003603067	0.7543828764911907	-79.64777808740325
8410000	3.217417421165297	4.08425688798873	0.8684516145591095	0.7615340144563897	0.20407025014947552	0.8934546837828533	-78.012083868713
8415000	3.4721888952055426	3.4807541805786975	0.8732723041966766	0.6117665409043511	0.21242676985016384	0.7166779192497842	-117.05453893836622
8420000	3.4333436667342965	3.5012976224451413	0.8511573022033002	0.6229231148426592	0.22981442586267406	0.7843165896289656	-107.01021482818504
8425000	3.02281798569417	3.07614278543485	0.8636195593597101	0.6732471214172044	0.22215061365349711	0.7515263993161779	-94.53296743491913
8430000	3.313763757488429	3.355847913801677	0.7682787099978243	0.673130865018192	0.20157190881357528	0.8793324150447049	-99.43411714019956
8435000	4.423677562133428	4.66439332184434	0.8766358777645651	0.5397497354010228	0.2307587733101627	0.739788990987655	-121.63466644693256
8440000	3.4612341853807655	3.5775244078049826	0.8853539856806344	0.6776508173560921	0.20162350941283855	0.803220489767239	-84.42978603033703
8445000	3.0587708868807058	3.2700271745885017	0.7695763787761916	0.663541373794329	0.20987325893938807	0.7595617530799426	-108.32815817692466
8450000	3.02281798569417	3.2975153573865237	0.8609499974038132	0.7217192935311362	0.21231995614062912	0.7150900938086835	-90.64136765995872
8455000	3.185127730625367	3.2126996457520103	0.8469780678391508	0.6922182947789828	0.20694028375940565	0.7103029955688657	-73.11842363156265
8460000	3.066784899385979	3.662400250976977	0.7739185970748705	0.7264160051531837	0.21022075443923746	0.748729559439694	-99.21586530971663
8465000	3.212946944329171	5.081236232260961	0.8734990059058138	0.7024738982772702	0.20429932183535043	0.726276710273104	-92.77726082095916
8470000	3.536056173124937	3.6205044748462063	0.7711338958994047	0.7196920069782585	0.20530821636605523	0.704630853876193	-74.46025142651948
8475000	3.0511041814103326	3.4237052398427927	0.8630234040004591	0.7841805938107304	0.20986874157359722	0.9361822219175807	-45.90807383643698
8480000	3.121465024129713	3.5327499588057543	0.8420306154248378	0.7361177109957383	0.21294202981460297	0.8964813999104466	-85.49169968175971
8485000	3.2956289762222855	3.672997899165963	0.8789348619900622	0.6910608410434481	0.20119846581159279	0.7749810201411826	-80.40831244914756
8490000	3.2907439326370507	3.34559496512797	0.7921665238629968	0.6521266570404868	0.20987111026608174	0.8167759095056126	-103.66336508784391
8495000	4.058076112425072	4.162955254522275	0.7532926339608086	0.71673791579746	0.26978941932554135	0.7990996950509958	-107.80224874337858
8500000	3.3602697400485337	3.9752445625870827	0.7327582169758853	0.7163080221649334	0.21581375339099573	0.7698500660456968	-98.42667369201803
8505000	3.8020447999470557	5.158471793555631	0.8808543492496608	0.5529890920118086	0.20345536549302046	0.7099150800493641	-132.02436843007735
8510000	3.02281798569417	4.917991777621374	0.8791475449939208	0.5873681981385328	0.2049563205355315	0.712748844514056	-129.8164853514562
8515000	3.0820360389304424	3.436194381909916	0.737497223743192	0.728060024116213	0.20875194436460384	0.7436742738955517	-90.40797503904429
8520000	4.308440021185047	5.713649541289189	0.7349612903829349	0.5519369381570579	0.22912079940443641	0.7074569230960673	-144.21218306795652
8525000	3.02281798569417	3.207885333320773	0.8285205783337668	0.6426281303630224	0.2115890425797642	0.7427900743429081	-107.92945373842593
8530000	3.2896675275599288	3.5578257717421566	0.7815618356458958	0.6248942269331919	0.24064450050720873	0.7632470282570333	-107.22817997467041
8535000	3.1063087997491032	3.4264671468166923	0.8901726434978554	0.617234279525333	0.206002382375769	0.7152505774089783	-119.3507387599156
8540000	3.02281798569417	3.0370935061815056	0.7653489560929068	0.7110138976645467	0.28324269109087274	0.7515114167353822	-74.87363239987445
8545000	3.02281798569417	3.0509365671098827	0.7266463979184749	0.682840628751638	0.206884549699675	0.7112017185521371	-85.13970212957526
8550000	3.02281798569417	3.236119055754455	0.7278532344148733	0.7650114745656836	0.21141557029835378	0.7212010247494492	-71.96364429533992
8555000	3.1542207701164133	3.2344458656452093	0.7353866806159455	0.7927273588866325	0.21532741310784984	0.9188368509713403	-59.298598908944385
8560000	3.02281798569417	3.0898215985188537	0.8780628035835686	0.747239279163714	0.2001089888092204	0.82098162623294	-65.34249311329626
8565000	3.2126235106817815	3.2680905484586953	0.8281229276458792	0.7613000704202922	0.2096080891299562	0.8609413217435693	-64.63383953748124
8570000	3.0994054493304724	3.126719107464159	0.7356434385256215	0.778762000367567	0.20313789226680606	0.7184999065767593	-63.5607458762665
8575000	3.0574104188000413	4.146790529418058	0.8366786812709988	0.7693062912687023	0.2079044530348908	0.7546463271730584	-83.84078283141653
8580000	3.342324502615209	3.3482430906296665	0.8589558610868567	0.6840941607754434	0.20835128756283033	0.8880368633451948	-95.30158951197905
8585000	3.23365177992863	3.6583645927571955	0.7790050921446213	0.6894538350156362	0.21324167340796268	0.7741828498517537	-108.26962772791859
8590000	3.02281798569417	3.2828905295928954	0.7833934314850524	0.7660345001846975	0.21715765764373954	0.982798731652022	-70.08800285069586
8595000	3.214807023298688	3.605165863741611	0.75487059826414	0.7503166682312333	0.2077792515420089	0.7044040656773233	-86.28186493294828
8600000	3.048565968323085	3.097082209606911	0.763145125262251	0.6768489130214213	0.20642645344773436	0.788506047595454	-92.12674760750005
8605000	3.3684769532946093	3.4228889267636258	0.8876808327808094	0.7376406825374443	0.20252927302952306	0.7293556483750014	-100.47903099923545
8610000	3.070921924683001	3.212931937622299	0.7640180811909786	0.6652476396247434	0.21244066018235602	0.8462292500994089	-106.76941975050119
8615000	3.02281798569417	3.3510978173216133	0.8083992177050904	0.7122928986648854	0.22967722631894943	0.8669137769728594	-82.29507044514293
8620000	3.02281798569417	4.006582491662227	0.8390420465420008	0.7184042385703904	0.20334833834189578	0.7362793492321569	-76.64354107192898
8625000	3.1084094693583766	3.631590829781257	0.7820840484007914	0.751191370932576	0.2175514835512279	0.7713518718962941	-90.07940650980481
8630000	3.02281798569417	3.9477621594588674	0.7771012676204435	0.6195120284933001	0.24359154694796034	0.8662267631514233	-108.27938434324494
8635000	3.0699330441091175	3.4673939161512393	0.7853604568467346	0.5455240734085236	0.20033086580590867	0.7122556781154569	-128.72093107726653
8640000	3.907213857175223	4.174043544684678	0.817720301741238	0.5988045009353645	0.21854581353419167	0.7451431536238784	-115.71388681834097
8645000	3.537311047178338	3.9916135488850584	0.773681850855473	0.6420275534886802	0.23585855884600754	0.7143582814467414	-109.88372644484926
8650000	3.6020048287026643	3.60393197489854	0.8657898480308576	0.6347458266807186	0.2082481247539428	0.7387600289212862	-102.45074074446546
8655000	3.1890527607874812	3.518546920005531	0.7108949691686913	0.5954935542548688	0.27700056683250157	0.7855695963783974	-137.2953896151058
8660000	3.0322453067335857	3.350306602778524	0.8905615024501694	0.5753814152282025	0.23405687679107187	0.8142348478057736	-109.85567392824504
8665000	3.1216065159884545	3.5131889740783864	0.7945112469552753	0.7476171997991454	0.20603118613367383	0.8845791470471199	-87.92589625027435
8670000	4.104147873198857	4.467705129889258	0.8943944270788435	0.6036758021337506	0.2102485600418092	0.7110836872171652	-104.64420871504939
8675000	4.214538468785049	4.254964402583151	0.7650402306841851	0.6788029415653634	0.20462945290139642	0.7508830208718161	-109.87151624023778
8680000	3.637716816536676	3.820594506029727	0.8434293226931083	0.6555142168190082	0.20181867950763846	0.7004670572034309	-104.21977699502455
8685000	3.576531972341495	3.6573075500727743	0.8445440573885558	0.542546254531133	0.21407584095047297	0.7087559799879256	-133.77218086104105
8690000	3.2692167038340556	4.232178801583049	0.7657728351404537	0.6437490426616471	0.2135729739268731	0.707502585725696	-115.34218205763744
8695000	3.7447097100577995	3.786236055170666	0.752494226275463	0.6760367855662099	0.22192024635739105	0.7103129336456613	-105.9619363877768
8700000	3.058889170191344	3.2102620438344034	0.8878280801939916	0.5499005761649531	0.22418585896208906	0.7189440641014508	-116.78829140288747
8705000	3.181188558076967	3.2523890066385133	0.7949285196177368	0.6990914977688997	0.21312383338368368	0.7308826057101597	-109.67770473699062
8710000	3.1045527410494635	3.454424775124816	0.7275787099011783	0.6302687952502145	0.2395838024942148	0.7012484551990361	-121.69522314097915
8715000	3.1414904823087495	3.388002890257558	0.7709724958135912	0.6257545198970275	0.24059941763786744	0.7221721938003285	-106.74640014043757
8720000	3.608518768177984	3.7825604964051394	0.7801180778371938	0.7064131485820819	0.20759182284317018	0.7936145354503368	-83.25270607376962
8725000	3.02281798569417	3.564261436607841	0.8722308569999977	0.7561300907332819	0.20775760484983785	0.7117095618354572	-89.8391203493972
8730000	3.1828125807020204	3.2643005107858207	0.7472066735782726	0.6404438540410623	0.24319573438882378	0.7000656927948404	-97.84229293010432
8735000	3.0910264219246257	3.460385486246297	0.8814031751502852	0.6686146658463422	0.24377397334182743	0.9157853840391228	-68.79939352990627
8740000	3.02281798569417	3.2267271720477426	0.7669773212418793	0.7045663725356464	0.23779873550624808	0.7519192040983338	-90.3658617398084
8745000	3.818866043987696	3.885615447585226	0.7780585015891678	0.6879973945300235	0.20146362950863728	0.8109362276010631	-108.16407737779
8750000	3.3149182033066755	3.9539331010593615	0.7619429730590495	0.7462079031709251	0.213248996697645	0.7539914598885545	-98.46041192820152
8755000	3.02281798569417	3.243895076137026	0.7818802456716484	0.7339176854593441	0.2102371751949367	0.8124122861781411	-84.0578962196723
8760000	3.417438715257299	3.466365167479817	0.8424639452385558	0.7119444491896905	0.2105217007140473	0.9653320524582846	-82.11978513037832
8765000	3.02281798569417	3.561510888159653	0.7449624162921786	0.7228177262097901	0.20179620013430713	0.716096361161303	-86.99485442075596
8770000	3.02281798569417	3.0235994133354716	0.8823634905506805	0.7842083004089183	0.20056099785710627	0.9301096782059668	-58.871675312795404
8775000	3.02281798569417	3.276961786741881	0.862298854983646	0.7895381586672137	0.2059633126145533	0.9493239632451035	-50.50842235910585
8780000	3.02281798569417	3.5198915388445506	0.8300334998103013	0.760979979824864	0.2049684936729997	0.8064767568293291	-72.76846762124231
8785000	3.02281798569417	3.0311523156774527	0.8373654640187885	0.7092117127518793	0.2562341431005303	0.9298299653409572	-60.37250162073243
8790000	3.656309931253106	4.2410570149524895	0.7591831215111209	0.6858685308335241	0.2239280858042232	0.8667524666925244	-98.45575171016282
8795000	4.803367418568446	6.775592974207304	0.8480511868692364	0.5400688520627175	0.2383027606252656	0.7323097640225515	-133.71745012468065
8800000	3.2029191036090747	3.50059172595418	0.7103566277939071	0.7045963487409357	0.2501337777143685	0.8702231873863264	-99.84726612909213
8805000	3.02281798569417	4.158797247659071	0.712693931051189	0.7637763801668983	0.20355819457394025	0.9842138221874953	-93.86561731974044
8810000	3.218256363740764	3.8000805467975294	0.8403469552803169	0.7602790210643025	0.21023320151192473	0.8522556504481353	-63.93673678977593
8815000	3.1104065426568717	3.422295592693945	0.7569909244107074	0.7515235548643808	0.2033549238472471	0.7313129363226748	-88.72178118311652
8820000	3.02281798569417	3.0715193636825306	0.8955283721309888	0.7447640494707977	0.20622293792753082	0.7799692998568707	-64.62069616445714
8825000	3.0566242628975995	3.169968709213879	0.711331894667474	0.7404565871086073	0.22180394482398513	0.8429550216574077	-91.43639545739478
8830000	3.02281798569417	3.1008456197513596	0.8376968640547768	0.6919186169910371	0.20493664148828314	0.82741634463761	-88.42542289937089
8835000	3.02281798569417	3.06428947165431	0.8861741502328725	0.6434833474810665	0.21873048283611018	0.7280240457528798	-108.8567085190856
8840000	3.230106065369769	3.6408226347842243	0.8029808726800634	0.6275744116304599	0.2401974220770852	0.773514286117617	-105.99832881317957
8845000	3.285696074087757	3.9780973707422755	0.7424959309506431	0.7623038981266698	0.20022130807599856	0.895155583039988	-78.91659501455283
8850000	3.7412992563613243	3.8621666817617495	0.7517223449674629	0.6037937834875554	0.22624940181572525	0.7118439088862368	-121.61182254467667
8855000	3.02281798569417	3.091647024417402	0.7024087532409541	0.6765831776995809	0.20009288902856687	0.7127442367164545	-108.12550020999132
8860000	3.0606506660214654	3.5006272504393943	0.8740099046103008	0.7496628071696643	0.20134865266840876	0.9647454252832759	-79.8686361056198
8865000	3.02281798569417	3.1584911420007766	0.8709577241084485	0.7619816083049669	0.2023278509745028	0.7780720273760624	-69.60605655021115
8870000	3.039384076600527	3.1635136654316476	0.7921376683284642	0.6393610984849725	0.22963328314565243	0.7754352600313686	-115.09781693679676
8875000	3.331736675266292	4.090102604164025	0.8265075117339413	0.7096254787657013	0.2031767931317739	0.705348776780073	-94.39431970564206
8880000	3.041768899260085	3.65473267996773	0.7764611666822857	0.5153729425034794	0.3394776277632826	0.7723382364636326	-108.00942463234969
8885000	3.3341882567281753	4.026515068414705	0.8998678347117937	0.6845944967455673	0.20326742633466016	0.824925874853635	-82.62712762937
8890000	3.3048939647165536	4.46089408056423	0.8131258307913614	0.6814398091009407	0.20194519809870237	0.7628921656489474	-99.37899977202656
8895000	3.02281798569417	3.3768013290874133	0.7952367410343875	0.7306362638690697	0.2133252293047579	0.7899958051764138	-105.85206264133481
8900000	3.3558836264152516	3.7416663697272803	0.8033490934188576	0.6121396533618252	0.2802037127616335	0.7665384448864777	-106.81928376625237
8905000	3.8546690262193386	4.5662812385110385	0.834621146934464	0.5667422858182044	0.2423110690806214	0.86100646406044	-124.63620635840354
8910000	3.02281798569417	3.3782948811246616	0.8345366311472187	0.7139618114156477	0.23136917161995815	0.8012335935036934	-101.5113248511343
8915000	3.02281798569417	3.6070283040959867	0.7617088271476739	0.7516016652684131	0.20041275565018435	0.9090648639160742	-70.09605641299939
8920000	3.2760682379640125	3.3136345869144055	0.8154923864394177	0.6895515814974962	0.22393096385914782	0.8833542787641303	-94.45023721029168
8925000	3.02281798569417	3.027834801996924	0.8749256254201735	0.7301445940071918	0.20528374828935664	0.7319326649090805	-74.83492003116405
8930000	3.1800645010249333	3.8240242679813754	0.7174449764963661	0.7297386156545091	0.2016454881830168	0.7241005326639341	-93.2370917225158
8935000	3.061093672013221	3.4656074403386072	0.8286658639652236	0.7417311776177617	0.20209028764283685	0.7167236995012732	-82.42515273198424
8940000	3.02281798569417	3.1984797018278517	0.7893067133845026	0.7262388234429845	0.22103315943820342	0.8373728875593482	-79.65239364423513
8945000	3.076362356952165	3.7097105702204716	0.7105766532538829	0.6718553191897332	0.27017375454498466	0.7418871021306301	-112.61373166935172
8950000	3.327062281340808	3.5937358858105886	0.8648739689659289	0.6669620451363271	0.20509664878818723	0.7442228118972326	-91.05180647585743
8955000	3.1607626516168814	3.173526706623458	0.7638263165524067	0.690904577158083	0.2618118001511391	0.73295006824802	-95.33100253911269
8960000	3.02281798569417	3.5612810199364517	0.7589311471251651	0.6164926329296496	0.2009097653028035	0.712624300242958	-125.68607961351447
8965000	3.3457075277552395	3.5532647146217347	0.8893491077098595	0.573646501622962	0.21690559445820629	0.7345440229312321	-102.15370434103417
8970000	3.02281798569417	3.5129670797275465	0.829217852969951	0.7069044089139979	0.21150256666255807	0.732428888462006	-100.00914425985101
8975000	3.795455014312005	5.1511540986595765	0.7924227385797897	0.6377661174707029	0.20365418830181317	0.7869217685085239	-143.7414152818427
8980000	4.160103638316687	4.329960186665547	0.8971395673701176	0.6184904730422407	0.2043164466568173	0.7181389285068862	-133.67862221417053
8985000	3.6433258240308186	3.6758948540548446	0.8355062144467171	0.6917166600494358	0.21611751248573619	0.9697102667007599	-94.07847731069495
8990000	3.1715518240516465	3.2782480707143553	0.8102644457128987	0.7084947832616375	0.21620076427839346	0.7670368382812451	-100.88665038969552
8995000	3.462483041564379	3.5802482749438953	0.8755023074113042	0.6982569659613648	0.21807139849184368	0.7462758744806152	-97.53858743614518
9000000	3.02281798569417	3.850027787475139	0.8487180765028629	0.773788127022941	0.21462388013691946	0.9166915266055569	-61.46218989127349
9005000	3.02281798569417	3.342360270331468	0.7313218641308771	0.7487563703848028	0.2063064004599779	0.7717953577259784	-77.86110875180194
9010000	3.1654418979548224	3.623471265564242	0.8933417585256063	0.7399319443720549	0.2062795911983452	0.8961073825085163	-63.51004611215213
9015000	3.029802520286576	4.271069884095564	0.7224068771265734	0.7340424970720986	0.22463537803751277	0.738316820354682	-86.44341842984855
9020000	3.088410141960144	3.5655121226662345	0.8424058934523913	0.6903672257712066	0.21096352662269446	0.7437192091973104	-92.3057107982149
9025000	3.02281798569417	3.1348053154811466	0.8896000467488518	0.6206401789383644	0.21453651783324038	0.7029957784772098	-109.96358796138901
9030000	3.307964258270465	3.955268260108828	0.8037989552413782	0.6779146312342539	0.21305039672310494	0.8326926885468192	-101.2038314116711
9035000	3.159009160273543	3.2212217691187934	0.8500149220938167	0.779010557370046	0.21735172797623495	0.7675850692269174	-68.5109119544004
9040000	3.467864275719552	4.199310707128078	0.8595057663154354	0.708781293513177	0.2188394960667602	0.8103279031471144	-93.21079886866755
9045000	3.02281798569417	3.0990318430664656	0.8236496682949531	0.7913180158381092	0.20760328022508817	0.8662422138755808	-63.877574887596474
9050000	3.0240424769203464	3.270387725319748	0.870758475528313	0.7963475325861347	0.21088529769651165	0.8245245628241424	-41.52816983443731
9055000	3.02281798569417	3.4949984349781573	0.7376745196448166	0.741499423188599	0.2320043165563003	0.8667486584081535	-61.40313980767376
9060000	3.02281798569417	4.833749047162007	0.7621919206130836	0.7516089088043268	0.20782621895132525	0.8394619253941406	-98.25637370431639
9065000	3.242568737386559	3.3912101606013505	0.8265478564860868	0.774605996888901	0.21592334632292642	0.8450857896069565	-60.4471317534071
9070000	3.094072650507393	3.343494540982989	0.8016544471408019	0.7762905809664898	0.22279023348715907	0.88426534258325	-75.75363199039876
9075000	3.2556135018817645	3.527062338925635	0.8695235098010387	0.6244618961954219	0.20875268407314013	0.7135366686047846	-98.8900998916616
9080000	3.02281798569417	3.076447342174031	0.8781603267820252	0.6598513024866323	0.2140810833769589	0.7170948825991641	-85.46239000395448
9085000	3.215551703844071	3.3141134245388657	0.8508765725313517	0.7243253730252965	0.2321555085077458	0.7190183610408841	-68.28317871157702
9090000	3.219001302104491	3.22133219366134	0.853009177063838	0.6854148536764043	0.21131521064543268	0.7149980644120756	-106.02552602042803
9095000	3.071696224797449	3.2926488262719475	0.7288022223978026	0.655687149774402	0.26745304589815105	0.7061095660884676	-108.45824044981967
9100000	3.2517609743174	3.300963234010869	0.8063478530793902	0.6274383015385703	0.2093818190260017	0.7864335487815374	-117.2919394575828
9105000	3.02281798569417	4.220778792574522	0.7648157356191807	0.6520912921892396	0.2209835964646938	0.7124551012859194	-114.63073149109402
9110000	3.3758135422935363	3.963360774068496	0.7501265929830283	0.6764962589306559	0.22775964443675584	0.764803954949048	-102.4445261609288
9115000	3.7906684071297314	4.400581242042852	0.8954297834620863	0.6518985212409759	0.21104296033072334	0.7343570059755259	-100.51583677542851
9120000	3.3324735729730843	3.484625707206389	0.8540951180618633	0.5811534041692046	0.21830822928041893	0.7046046262655647	-126.86742821975449
9125000	4.251127592375511	6.326574416493981	0.7485252148941602	0.5163589386910216	0.28245863687812045	0.7333419449094892	-150.21518598899203
9130000	3.02281798569417	3.495428850715318	0.8475972376466097	0.5692956592815104	0.21995066880570202	0.7434103898601218	-111.33567710676127
9135000	3.02281798569417	3.7551049924992603	0.7066762979948902	0.6768690860803498	0.2151230873267599	0.8978618474705157	-110.32166822596136
9140000	3.02281798569417	3.2847810479434116	0.8973984248573398	0.5700891170233967	0.26586447402997293	0.7096352989246606	-103.6949292228525
9145000	3.02281798569417	3.1383898917710296	0.8381897230520572	0.7158673182862954	0.2361851916157584	0.7359963127241956	-68.40324091414345
9150000	3.0967449660086306	3.7886241223875095	0.7297208469426347	0.7605140229927518	0.20926010729932248	0.9504915599908745	-94.888862703142
9155000	3.111127140903159	3.9798224730388143	0.8023195343482901	0.667040307360963	0.22856045591260848	0.7208988785417636	-85.4466633761462
9160000	3.042626163830629	3.4151249018303065	0.7087461030066711	0.7996554960564294	0.23074791488675844	0.9511053679766511	-52.11871837374366
9165000	3.4291463137864895	4.272864753276425	0.8577537724138926	0.7232800119768633	0.21049430332385838	0.9232543963549856	-77.34408249408466
9170000	3.419165445939277	3.770831282200633	0.8264338227363013	0.7497991697196031	0.2011084471908437	0.8012078562732994	-80.81110445786487
9175000	3.385035379091397	3.663882383033879	0.7678120538605491	0.7525957087894257	0.20594122702248	0.879808466138836	-78.80436130043259
9180000	3.043073133883721	3.0696253357258314	0.8542967307604103	0.6621477005441173	0.24142888772867271	0.8884161331547311	-82.24782597814524
9185000	4.073057480305263	4.08995407749019	0.7240668158737879	0.7002417014330478	0.20640254508253897	0.7425311832363626	-123.83842961929378
9190000	3.9129205058533	4.884922445878743	0.7170406417213094	0.676504415671379	0.21352182798007546	0.7655402955279524	-116.50162152153192
9195000	4.194931836372394	5.612220413209276	0.7776373481733061	0.6537723664508552	0.20464953470407873	0.7215980522303643	-121.26640331179385
9200000	3.732317577191307	4.486959124787282	0.7292279609136106	0.5678295444404059	0.22341901503684208	0.7040540195900207	-128.19667781314942
9205000	3.6940146050325517	4.43363013016186	0.7930380115369935	0.6180144699787361	0.22031254204592648	0.7359772234686952	-116.22354887345944
9210000	3.2453565740314145	3.3715630027965022	0.8415206321961013	0.6051131039399342	0.22551901401081598	0.7683969125572891	-111.39282253636853
9215000	3.2493033497294856	4.033915636240589	0.7479949752748764	0.7164758878267756	0.219646285555328	0.9435043297835136	-92.14494388104018
9220000	3.02281798569417	3.0567768312929293	0.8480706272788204	0.6819518111605432	0.22362368920919978	0.7356927089133999	-88.32660454166324
9225000	3.02281798569417	3.6117833242503212	0.8573356952589859	0.7390999509591275	0.20610691288217461	0.9582695327255037	-58.57681740118121
9230000	3.111985785867687	3.173088007815356	0.8351978266592792	0.6857846581939356	0.2068535676802741	0.7445585118936029	-82.98753238280815
9235000	3.2554331908468632	3.7517309366724083	0.8911706958010797	0.7008679567501891	0.21867492286814738	0.7673301985963552	-85.39355685134495
9240000	3.103480908756779	3.1529580665941985	0.7144584583774412	0.7069682830855215	0.24293942466661592	0.7242632178010641	-94.79072645747223
9245000	3.169749517022152	4.207941194232764	0.8826995099745906	0.5455183027082475	0.2546688357800918	0.725409931681915	-133.05802308930126
9250000	3.3709504711049743	3.6509613509831693	0.8715637742193694	0.5431853855713565	0.26860472248538186	0.8052211105049296	-103.5492562131478
9255000	3.02281798569417	3.501763986668901	0.8758468792285581	0.708964896622632	0.20096568693460123	0.7017450326170677	-74.62738612143886
9260000	3.02281798569417	3.5935799220581153	0.809213277759511	0.6899356722186664	0.20272749518940966	0.7277478277917372	-118.70057870687441
9265000	3.0702186493411507	3.4589959705667113	0.844023274527357	0.6273838477153191	0.20400568780569164	0.7849476639181749	-98.93586225725102
9270000	3.0463190762105223	3.912946453340863	0.8478232034714814	0.7445753881043454	0.20189386740004858	0.9445497582926593	-69.98058958422266
9275000	3.02281798569417	3.415834479548666	0.8217333425011812	0.7630235438926848	0.22270272011228187	0.812806042176434	-74.91229600152474
9280000	3.1267106789246473	3.157154418715661	0.7254183463761656	0.7322363098544522	0.22754031916819828	0.7164206311733019	-80.00657418469473
9285000	3.6207719861276564	3.728507170544613	0.817157667407316	0.5686784392966481	0.21085873239306513	0.7351355449511358	-120.8605765161054
9290000	3.3423373684476703	4.463841575446161	0.7851149505847338	0.5921621451335367	0.21371425870638142	0.7205142001584903	-116.44731360996298
9295000	3.6585008178180387	4.1542573380514645	0.8022093572717073	0.7342726374059381	0.21051111718634488	0.8362059124822027	-65.91443951820148
9300000	3.02281798569417	3.376095196778612	0.7086206135887744	0.743516371225749	0.21408885417389958	0.8799859612980385	-94.74547471020583
9305000	3.981210599451371	4.199873395859595	0.8359137120327453	0.6740620803171345	0.20682965901407777	0.7469873952812979	-111.80104918800595
9310000	3.035768788046616	4.009565554524868	0.7964288556364999	0.6746218349807427	0.20360028400119576	0.8389335852761604	-116.6407639033699
9315000	3.02281798569417	3.5850547643769035	0.8573934324358541	0.6822539911519594	0.2302924999885968	0.7358760053082776	-102.21947918198506
9320000	3.02281798569417	3.249088179544021	0.8099201182523376	0.6166976235771824	0.24668282595805271	0.9383241075286339	-106.76712126700957
9325000	3.687369922688815	5.37386424185265	0.767943869534396	0.6092729043665059	0.2790809044174793	0.813735706219686	-125.81866513702147
9330000	3.1359259517388267	3.2312357562087826	0.7383377719556435	0.6361395058087301	0.2125017799322406	0.7084606044638253	-124.18146185808422
9335000	3.048758655217342	3.6344354089728577	0.848539306070364	0.5676828257606845	0.2606170894173387	0.7271766669876036	-111.52231309373371
9340000	3.1975455833513653	3.6456109975278888	0.7536719036361308	0.7410748883238564	0.20377845381841844	0.7798406950736723	-77.93748754029986
9345000	3.0986416969090795	3.206645540155986	0.8929869196392011	0.6868408150572589	0.22727847712942048	0.8213539576284004	-81.68542780733733
9350000	3.02281798569417	3.761344069088346	0.8070794389650011	0.7737212691363501	0.20955742307145603	0.9657816669397387	-66.57133110340772
9355000	3.3592598683935724	3.5726237528725955	0.8395352970197248	0.7624001715865364	0.20838178919347078	0.7953832950586145	-72.38673158091788
9360000	4.514886940237771	4.564306480760946	0.861154835420055	0.623594482562148	0.2007656029794857	0.7766520865487285	-109.28676775988777
9365000	3.02281798569417	3.218151123092825	0.7719206292747085	0.7147233572706563	0.21561554984709919	0.8333539362811911	-89.84430391260216
9370000	3.362670707800188	3.6232193766158125	0.826603095336311	0.734419194877472	0.23845732620880022	0.8630760877148329	-83.4057231004762
9375000	3.02281798569417	4.034056879642536	0.8815142450891632	0.638034851987114	0.20972722437699745	0.7377847863356987	-107.73457756715797
9380000	3.279606277373242	6.6106741387132315	0.7992943261169617	0.6324728790679124	0.203885006051673	0.8011945282388961	-128.2128375338635
9385000	3.02281798569417	4.039997934507338	0.8501749889223906	0.6262970974492428	0.22012234777456832	0.7651559740030389	-106.05167023512385
9390000	3.02281798569417	3.481065836586227	0.7404268828366245	0.7743224184596775	0.2087981496036063	0.9317254235285555	-65.67187650757936
9395000	3.2224513529192906	3.9902900457486563	0.7626008127579527	0.7876705478344452	0.20873633057435093	0.7930510404030785	-65.22595670754689
9400000	3.42270759963672	3.659718767112957	0.8946356544354218	0.7228061949234271	0.21128809511581048	0.7254257032593853	-71.76641190707338
9405000	3.02281798569417	3.3347252230570548	0.8321640485827416	0.7484623287730328	0.2052034922373975	0.7048932682125943	-79.19594245009989
9410000	3.1486214868898283	4.194337767414517	0.861594827539071	0.662692906050565	0.2150373953819007	0.7552415696941593	-93.69933990274947
9415000	3.02281798569417	3.1913522455186296	0.7692727162160647	0.7286368364467842	0.20800068015977488	0.7390894769868226	-84.92448432805105
9420000	3.02281798569417	3.2118493882302857	0.8783233942009596	0.6729222247442792	0.2033222218367536	0.7672139022677782	-89.49925921663078
9425000	3.158364187481049	3.2667911812563637	0.8523533370173854	0.6087300360217357	0.21100022855061673	0.7420572649648632	-102.16721973025398
9430000	3.02281798569417	3.260146933539054	0.7181529358850158	0.719001476333725	0.23320099063088787	0.9815105536079654	-96.1423852785064
9435000	3.02281798569417	3.1820055731087065	0.8991444460200967	0.5833634481493846	0.2065372687601801	0.7054062349376308	-114.63052493932943
9440000	3.02281798569417	3.6365504888439384	0.7248684977294348	0.7392670281860899	0.21009367741274076	0.8321655617008552	-84.29740692583138
9445000	3.1742580039714055	3.1797474114743216	0.8708034287258539	0.7355566643388723	0.202475318490484	0.9146458703887939	-73.7235310467197
9450000	3.02281798569417	3.164159281338035	0.8468881481372716	0.728854936653988	0.21814910433926002	0.8197220010379663	-71.13780537280115
9455000	3.3402021891695575	3.6232594890784164	0.8868056075223919	0.6640928592918356	0.21353526047989768	0.8194182097331696	-94.33156677109528
9460000	3.026251925758825	3.295343911074437	0.7181552167196428	0.7551889838158415	0.20756641649880797	0.7485724804277657	-80.25619930236024
9465000	3.1891035569976838	3.4362947117118803	0.8354050088054642	0.6569575186570786	0.2491149868288344	0.7094772309900274	-107.27373491571595
9470000	3.2052184221388043	4.355861593145537	0.7786771137477715	0.687447619169083	0.2596023339969362	0.9243869992777708	-91.7466138974917
9475000	3.0787190267734337	3.197443078436489	0.7287706000187373	0.6312883370652941	0.2596797591727635	0.8498918249673857	-110.63394143375288
9480000	3.02281798569417	3.60808280035625	0.8574622026846656	0.5670905018176347	0.23336358562334175	0.7669099582331662	-118.45084739645964
9485000	3.40837401781864	3.5319618180113457	0.755621985891424	0.6941372127702763	0.20109602308258104	0.7087824268935504	-94.78679569085295
9490000	3.02281798569417	3.2570123793580903	0.8743500574224582	0.720450824551028	0.20834545841037086	0.8078845133737925	-82.63108138189347
9495000	3.02281798569417	3.167580195792947	0.8991582430582759	0.7090657543530205	0.20212849631435326	0.7158918840471825	-64.63818843476881
9500000	3.1156240138498226	3.1422467494874957	0.8854668628677753	0.7373532858620128	0.2286288459786352	0.8669062547465199	-53.89403341706776
9505000	3.0338395759793206	3.128175833840029	0.8544763736227001	0.7691635276867159	0.20922189310952358	0.9096753888219905	-67.02243564950211
9510000	3.0830923900572187	3.341657144460973	0.7718771699009664	0.6202300309145673	0.2177651427572106	0.7587720608611793	-108.35241292224734
9515000	3.2997894578668063	3.4102626125965423	0.8792655575928318	0.6375119581821711	0.20224517942779244	0.782356184994358	-121.49100740145226
9520000	3.3797877113336243	3.7102711841160363	0.7653317093248232	0.6005215399928826	0.20352489451452477	0.7635330445771594	-128.53023722087067
9525000	3.3280992258655155	5.3734274197681815	0.8380938958192268	0.5554126850818887	0.26947653956553086	0.9019606013265422	-130.2079357674258
9530000	3.1125342716264757	3.322521281340506	0.8031678154908349	0.7433547012845695	0.2098956575805296	0.7351622534617469	-96.53678426235177
9535000	3.288863774266069	3.5734228107474033	0.8904317011794468	0.7039824058999045	0.2558176475204302	0.8814557724517741	-72.68289688733012
9540000	3.067281234339109	3.3986045688968733	0.7528881567918981	0.7519313053419163	0.20451456571461646	0.7123743555844368	-77.91806414746259
9545000	3.109675559792715	3.189151078998341	0.8679348762756741	0.6182132424602086	0.23430536582968173	0.708079406507707	-103.75102993210245
9550000	3.02281798569417	3.680951225408908	0.8161377480828759	0.698183167546617	0.20444200719204375	0.8050388372692584	-86.13496403380324
9555000	3.185811563109991	3.244711601427518	0.7327607966726871	0.7551881448158894	0.20673365344324615	0.7893227899870487	-82.31080843269748
9560000	3.592055096995232	3.827354172601357	0.8573769152833065	0.5469406720686396	0.28698774694560747	0.779179376729487	-115.51785073144035
9565000	3.0957145433252795	3.604834326916913	0.800783226972025	0.7060793549072318	0.20316817963079428	0.7248717702370796	-100.75812136707731
9570000	3.02281798569417	3.2126833178754257	0.8119358380359197	0.7690850957403739	0.20768280740279862	0.902139341464407	-60.9054669883809
9575000	3.864221855646376	4.02558763246062	0.818278021071088	0.7565432116393538	0.2301889692973599	0.9536206114207217	-69.86200316690002
9580000	3.1316200757172132	3.2588471284371394	0.8261551487053899	0.6223925123325563	0.21582536170901404	0.7059118078647542	-107.90124707906926
9585000	4.200247387954661	4.375700305517582	0.8396101745124508	0.5832845189704332	0.24312210933985032	0.707515916157296	-131.46008540624655
9590000	3.8072978062409972	4.547084479177369	0.7104353867138306	0.5536030165179789	0.23643800526673808	0.7166076545299954	-144.14317494300968
9595000	4.0541885596808225	4.05811210435453	0.7526091263281617	0.4588316261348192	0.2223475381590314	0.701289667820169	-150.34518796620213
9600000	3.155047864879142	3.1947177573615155	0.807374915619208	0.6568322094787986	0.2216824540471634	0.7835807623813965	-111.63804242082168
9605000	3.02281798569417	3.6177716761646117	0.8656289909517192	0.6694912800539368	0.20649187196748037	0.7104490712250708	-111.84048294243183
9610000	3.8466190134890788	4.118266019766378	0.7959801445324012	0.6123381653317664	0.21746155140508416	0.7041011522683583	-130.44223402937484
9615000	3.134973704246552	3.145429481749325	0.8132075959463521	0.7108130233996839	0.20946461197357377	0.7504831370498461	-87.86506085465945
9620000	3.2989267476012367	4.86292646763166	0.7270172944149323	0.7124422399578357	0.26126334739189233	0.7239484728829465	-86.77463689167695
9625000	3.5088742774874153	3.7537825387557433	0.8026762355811831	0.7335446308733582	0.2008370511442004	0.7143761048869355	-78.46330306735157
9630000	3.0285275018096085	3.0304463466845157	0.7750188900607883	0.7319001419948328	0.2065205640486828	0.7782233912400374	-78.5389418928329
9635000	3.02281798569417	3.769764099687216	0.7235582778763461	0.7456896941979727	0.26795090927832205	0.7923769685498545	-74.31523360273385
9640000	3.536325492345	3.6265868191098423	0.746633461030612	0.6759559592606897	0.2055718934851962	0.7863396530584725	-109.3976589409227
9645000	4.069686754805137	4.24939880340535	0.8679519923949426	0.6036264405529458	0.22111746650087827	0.820659135567759	-119.33636934472818
9650000	3.0923195222419775	3.17991697346497	0.8251883358731241	0.7600438070396273	0.20088729852049533	0.7177971925390925	-71.48472761654139
9655000	3.263275555259942	3.5273058551832492	0.7200600508942872	0.7875056750312754	0.21926178299088367	0.9959228388871082	-53.06750753578852
9660000	3.02281798569417	3.061658693232319	0.7734608889574102	0.781380745067031	0.20011110764918344	0.7737639679251423	-59.84178570887584
9665000	3.02281798569417	3.220582187286699	0.7317152362477426	0.6956762004918976	0.2091072462503387	0.7509649766060057	-94.95941919532049
9670000	3.02281798569417	3.0536170182263445	0.8537380718932832	0.5953879511129155	0.20471137274186163	0.7810470710265106	-119.18382429146715
9675000	3.187317551149339	3.5653980033968495	0.8966315502630128	0.6434145567763863	0.22542816327528636	0.753119546934048	-122.45787724742848
9680000	3.384435728232943	3.4963948064454415	0.8268529614743448	0.6505650261783152	0.22540791192810897	0.7854536895734343	-109.88346839824746
9685000	3.02281798569417	3.6159792695624837	0.7913997204196812	0.7243899734793129	0.20112865606572664	0.7643148435832079	-91.91858622244843
9690000	3.531561442915202	4.15300436610714	0.8766731048363389	0.6060788769378138	0.248143146720398	0.7238584165837864	-106.53406432829522
9695000	3.5704228509045146	3.583985196475451	0.8118807884313584	0.57052707450733	0.21661575311852171	0.7933983238049752	-134.2905893998288
9700000	4.99065344400625	5.5388088656034755	0.756296661360054	0.6253229666966569	0.24663081921445612	0.7326791227368472	-114.43520896347127
9705000	3.1661920501173295	4.844737331581852	0.7834034961167292	0.5955323762938666	0.26927190424575786	0.734769563313024	-116.90335905583385
9710000	3.2152451100243296	3.4777921758089523	0.8741958584455275	0.6522526537441382	0.20329528464245547	0.7109202050042079	-96.62611020696389
9715000	3.2061492701896226	4.653007877945716	0.8607280804627648	0.5585861310112771	0.2284936426334797	0.7561578604967216	-112.20494988715501
9720000	4.180823888280529	5.7022178060793	0.8469352803623541	0.6054926819633748	0.20235766752657	0.7252026900504823	-120.75573341063014
9725000	3.02281798569417	3.5463444084365716	0.883525599288919	0.5943413823330186	0.27752951727454267	0.7242833742766327	-112.93262937236747
9730000	3.592464874269937	5.723446807970296	0.7799299970708421	0.6000067395783376	0.2561587584783795	0.7707398036764136	-125.05200184562415
9735000	3.2146982593679656	3.6748821424274656	0.8363672006207102	0.6974542426521323	0.21237536285275518	0.8050379370382358	-94.78969572536408
9740000	3.3189355840780785	3.3608043549681037	0.8574954344695228	0.6384734817015135	0.20523356438030715	0.7792368147739132	-99.24687822905034
9745000	3.620629701259743	3.6232988461879865	0.7505171460212159	0.7247243646292688	0.21402488733936387	0.7172148723899638	-94.03504174021455
9750000	3.3220095819115487	3.40657561204427	0.8461145048021869	0.6695152501054169	0.25000630244027067	0.8253706719433804	-109.49755611169908
9755000	3.3595370776530005	3.4054413183769134	0.8660375596429497	0.6845570436380612	0.20977671571614925	0.8591990061267254	-93.71212883119412
9760000	3.02281798569417	3.158027927666638	0.8005867636011451	0.703693480639071	0.215271520783108	0.8460955587920356	-85.93470173482206
9765000	3.404946833970098	3.622449738331092	0.757588345462022	0.7506417316028178	0.2047915878571417	0.7407522849246291	-101.70153480159524
9770000	4.259354278915717	5.784441974821341	0.7587700932797448	0.6685389866980519	0.20088038806145633	0.8219354226952406	-95.04187216550633
9775000	3.02281798569417	3.423649940832061	0.8621192581422173	0.6475433301342263	0.22624915805190335	0.7347044277697047	-92.1109721181729
9780000	3.02281798569417	3.068283994177995	0.7523349630770411	0.7360157753531577	0.20112295543666933	0.9338522446632583	-94.08413530895268
9785000	3.204053978837202	4.533414449575043	0.8219292259535196	0.6379302454751771	0.22545069553539682	0.8084184160191483	-116.41927027864443
9790000	3.1750372786779297	3.2531371778635263	0.8853704726662455	0.7384131968850622	0.20940270076317047	0.7470248029994385	-68.67090683377478
9795000	3.02281798569417	3.125770117003353	0.8769998690735799	0.6807450375553652	0.22300954651459196	0.8773960944045219	-96.80968614974569
9800000	3.3116920580336298	3.6592957889419924	0.7398917495366585	0.706946055534972	0.24095364148620513	0.8399928077727197	-98.51375120260116
9805000	3.7465991843326845	4.372908439200219	0.8001765634817319	0.575474846890487	0.27472705545180925	0.7738724475225516	-114.00608068752553
9810000	3.15694528602169	3.945444180976766	0.868637368011518	0.5843548377765226	0.2389082832718975	0.7325548842204157	-114.94659007180545
9815000	3.164689361028045	3.176464558359895	0.8297461059305468	0.6840649675708281	0.21897505465730932	0.8534128061041794	-93.7633790507316
9820000	3.198288087514642	3.3140951134928427	0.789950688250132	0.6536503472595706	0.24304790453537542	0.863599934165853	-99.57707282953692
9825000	3.031157873010128	3.546532078379468	0.7726572413906306	0.7669768645867112	0.2129941495506196	0.8684213386042396	-77.76976324696125
9830000	3.168546106707777	3.2132101712982717	0.8536476476758177	0.7339335155537805	0.20534450603171214	0.7162126800526697	-69.28121346138263
9835000	3.1938814169147367	3.57607025981991	0.7175542117235995	0.6620828786746819	0.2208996484805331	0.7305589968148599	-97.86990086073115
9840000	3.02281798569417	4.220060485277562	0.7875954630161662	0.579235572740438	0.2092559589792813	0.7005798874158227	-117.08574838380187
9845000	3.176697720610797	3.1959218713238955	0.8456290738287953	0.6962705812491106	0.2174161567847773	0.7670542271279764	-98.04383130613812
9850000	3.6051406952918903	4.371106152902088	0.8899530136456454	0.6531419071658987	0.2028481804113805	0.8665224708807284	-101.11105151374358
9855000	3.068642295093728	3.580554233977772	0.7758098601317942	0.7329798570902809	0.21070743933506758	0.8522469849342994	-76.87199545966328
9860000	3.02281798569417	3.034274860474057	0.8821860974787155	0.7177206718382108	0.2521205266062253	0.7164286801201841	-84.99318517718564
9865000	3.0334416133276827	3.1239483544324305	0.8613110656039361	0.7711228506245125	0.20759206906595223	0.9603086222318612	-40.530602803597205
9870000	3.242775609991609	3.509580028489832	0.8917626679940612	0.7101466897563626	0.21036084362275353	0.8347588254072102	-88.47699488389307
9875000	3.0436698480094706	3.099113130039677	0.8578840311786022	0.7857233459977977	0.21282580535699924	0.925114864613445	-53.01218291582457
9880000	3.144365746642592	3.819789429867623	0.7656198567853388	0.6674936905897473	0.23841537273324603	0.7485252477735288	-106.51169766711755
9885000	3.095509973057494	3.7757575670146113	0.8616772518777618	0.6105523125939362	0.20436269034124366	0.8675056826282218	-121.47934623260807
9890000	3.254342086334642	3.49988365239431	0.8966134123869567	0.6062585308502618	0.222971649507131	0.7654014379914524	-108.9547329505032
9895000	3.4253597242927802	3.5328390078882363	0.8289974444667009	0.6087385929712053	0.2777362772384386	0.7524858572080652	-115.84401226906994
9900000	3.02281798569417	3.69320631006618	0.89061859204868	0.7094807962190792	0.21475284045606932	0.871028028241462	-83.35942673057085
9905000	3.02281798569417	3.197033510802865	0.8424426334329005	0.5678954301229269	0.21485038348177252	0.7055474382003616	-109.08914196409006
9910000	3.02281798569417	3.563130562423374	0.7981766918103864	0.7300843935010004	0.20444212443390863	0.757555498942997	-74.81857809546042
9915000	3.0259915297116398	3.3028562203015674	0.8521375965372825	0.6898010427869634	0.20874142588958336	0.7574918925088239	-75.94268833587697
9920000	3.4281281215117887	3.5888753916467127	0.8233234922332137	0.6449050321098743	0.20098262789697144	0.7237632150140969	-107.8521393186142
9925000	3.401932922994716	3.4790317437720657	0.8256055300822704	0.6027383480046813	0.21655104365428307	0.7368371996495299	-107.32344890568768
9930000	3.02281798569417	3.6340213365137	0.7600564825277225	0.6586187904519001	0.20639025207093514	0.8835119625466736	-100.02316767150651
9935000	3.0789450004553176	3.9689092463486495	0.7941723676171679	0.7644679611926247	0.20483862134732228	0.9978716194648083	-80.07851505547958
9940000	3.182463800416698	3.3048914712193325	0.7801094377251208	0.7137861521987577	0.25252600604874703	0.7421282580880824	-88.42818299301541
9945000	3.8284791186648715	4.190065620224937	0.836427384339516	0.6546474969210768	0.20534139996093467	0.7043984618110645	-128.87292513377105
9950000	3.1543963129907713	3.254349722308111	0.8645263134015488	0.7440488975907311	0.20790625434022986	0.7102419459331983	-73.38658981070739
9955000	3.02281798569417	3.3183380978743973	0.7635853345457502	0.7535077005695047	0.22606509308956002	0.7862525776592282	-66.95362009051922
9960000	3.1435534958509526	3.790499269253421	0.8526276775980948	0.6931374851723565	0.21204639042044227	0.7829677595401753	-78.52818745646468
9965000	3.51972167485798	4.538938343777403	0.7393294030023188	0.7529506046554856	0.21162419277286132	0.7215056245430392	-72.0731650560353
9970000	3.346441474107794	3.92798998768378	0.8679129716900107	0.7295593893842065	0.20357391209377912	0.7343873481591168	-85.11289431497028
9975000	3.3230534367898565	3.4718320520820676	0.8333461788209549	0.6745874372096329	0.28249526512714823	0.8482928533714539	-86.98214939701859
9980000	3.158541198200539	3.8241577002068174	0.8006937480882586	0.6405171193719555	0.22251438636325102	0.7600574223683486	-105.17763163555034
9985000	3.3091233704888907	3.5493477868753938	0.8594477137768868	0.6174062348955925	0.20018017040698188	0.7743713303210439	-113.8555296001783
9990000	3.02281798569417	3.1966108288173705	0.7311548495038097	0.7463485020370797	0.22197563230956768	0.7128985247686923	-83.95708392287244
9995000	3.279597011602121	3.3942500185303937	0.8130610485226618	0.7058472920241488	0.20404966960653875	0.7824163884415697	-106.56653193108991
10000000	3.0391760663699388	3.263256440515195	0.8580932164765392	0.7526600169881468	0.21229178922477504	0.7031177415959098	-88.13780964410944
