#
#model:
#
#<?xml version="1.0" encoding="UTF-8" standalone="no"?><input id="posterior" spec="beast.base.inference.CompoundDistribution">
#    <distribution id="prior" spec="beast.base.inference.CompoundDistribution">
#        <distribution id="birthDeath" spec="ssr.speciation.SRangesBirthDeathSkylineModel">
#            <parameter id="RealParameter" lower="0.0" name="intervalTimes" spec="beast.base.inference.parameter.RealParameter" upper="0.0">0.0</parameter>
#            <parameter id="origin" lower="0.0" name="origin" spec="beast.base.inference.parameter.RealParameter">75.4377230386159</parameter>
#            <removalProbability id="Function$Constant" spec="beast.base.core.Function$Constant" value="0.0"/>
#            <parameter id="rho" lower="0.0" name="rho" spec="beast.base.inference.parameter.RealParameter">0.815090729063377</parameter>
#            <parameter id="samplingProportion" lower="0.0" name="samplingProportion" spec="beast.base.inference.parameter.RealParameter">0.202677051210776</parameter>
#            <parameter id="netDiversification" lower="0.0" name="netDiversification" spec="beast.base.inference.parameter.RealParameter">0.881944517791271</parameter>
#            <parameter id="turnOver" lower="0.0" name="turnOver" spec="beast.base.inference.parameter.RealParameter" upper="1.0">0.378309914981946</parameter>
#            <tree id="tree" nodetype="sr.evolution.tree.SRNode" spec="sr.evolution.tree.SRTree">
#                <stratigraphicRange id="r0" spec="sr.evolution.sranges.StratigraphicRange">
#                    <firstOccurrence id="t82_first" spec="beast.base.evolution.alignment.Taxon"/>
#                    <lastOccurrence idref="t82_first"/>
#                </stratigraphicRange>
#                <stratigraphicRange id="r1" spec="sr.evolution.sranges.StratigraphicRange">
#                    <firstOccurrence id="t67_first" spec="beast.base.evolution.alignment.Taxon"/>
#                    <lastOccurrence idref="t67_first"/>
#                </stratigraphicRange>
#                <stratigraphicRange id="r2" spec="sr.evolution.sranges.StratigraphicRange">
#                    <firstOccurrence id="t69_first" spec="beast.base.evolution.alignment.Taxon"/>
#                    <lastOccurrence idref="t69_first"/>
#                </stratigraphicRange>
#                <stratigraphicRange id="r3" spec="sr.evolution.sranges.StratigraphicRange">
#                    <firstOccurrence id="t77_first" spec="beast.base.evolution.alignment.Taxon"/>
#                    <lastOccurrence idref="t77_first"/>
#                </stratigraphicRange>
#                <stratigraphicRange id="r4" spec="sr.evolution.sranges.StratigraphicRange">
#                    <firstOccurrence id="t49_first" spec="beast.base.evolution.alignment.Taxon"/>
#                    <lastOccurrence idref="t49_first"/>
#                </stratigraphicRange>
#                <stratigraphicRange id="r5" spec="sr.evolution.sranges.StratigraphicRange">
#                    <firstOccurrence id="t81_first" spec="beast.base.evolution.alignment.Taxon"/>
#                    <lastOccurrence idref="t81_first"/>
#                </stratigraphicRange>
#                <stratigraphicRange id="r6" spec="sr.evolution.sranges.StratigraphicRange">
#                    <firstOccurrence id="t10_first" spec="beast.base.evolution.alignment.Taxon"/>
#                    <lastOccurrence idref="t10_first"/>
#                </stratigraphicRange>
#                <stratigraphicRange id="r7" spec="sr.evolution.sranges.StratigraphicRange">
#                    <firstOccurrence id="t78_first" spec="beast.base.evolution.alignment.Taxon"/>
#                    <lastOccurrence idref="t78_first"/>
#                </stratigraphicRange>
#                <stratigraphicRange id="r8" spec="sr.evolution.sranges.StratigraphicRange">
#                    <firstOccurrence id="t46_first" spec="beast.base.evolution.alignment.Taxon"/>
#                    <lastOccurrence idref="t46_first"/>
#                </stratigraphicRange>
#                <stratigraphicRange id="r9" spec="sr.evolution.sranges.StratigraphicRange">
#                    <firstOccurrence id="t58_first" spec="beast.base.evolution.alignment.Taxon"/>
#                    <lastOccurrence idref="t58_first"/>
#                </stratigraphicRange>
#                <stratigraphicRange id="r10" spec="sr.evolution.sranges.StratigraphicRange">
#                    <firstOccurrence id="t4_first" spec="beast.base.evolution.alignment.Taxon"/>
#                    <lastOccurrence idref="t4_first"/>
#                </stratigraphicRange>
#                <stratigraphicRange id="r11" spec="sr.evolution.sranges.StratigraphicRange">
#                    <firstOccurrence id="t35_first" spec="beast.base.evolution.alignment.Taxon"/>
#                    <lastOccurrence idref="t35_first"/>
#                </stratigraphicRange>
#                <stratigraphicRange id="r12" spec="sr.evolution.sranges.StratigraphicRange">
#                    <firstOccurrence id="t74_first" spec="beast.base.evolution.alignment.Taxon"/>
#                    <lastOccurrence idref="t74_first"/>
#                </stratigraphicRange>
#                <stratigraphicRange id="r13" spec="sr.evolution.sranges.StratigraphicRange">
#                    <firstOccurrence id="t53_first" spec="beast.base.evolution.alignment.Taxon"/>
#                    <lastOccurrence idref="t53_first"/>
#                </stratigraphicRange>
#                <stratigraphicRange id="r14" spec="sr.evolution.sranges.StratigraphicRange">
#                    <firstOccurrence id="t83_first" spec="beast.base.evolution.alignment.Taxon"/>
#                    <lastOccurrence idref="t83_first"/>
#                </stratigraphicRange>
#                <stratigraphicRange id="r15" spec="sr.evolution.sranges.StratigraphicRange">
#                    <firstOccurrence id="t73_first" spec="beast.base.evolution.alignment.Taxon"/>
#                    <lastOccurrence idref="t73_first"/>
#                </stratigraphicRange>
#                <stratigraphicRange id="r16" spec="sr.evolution.sranges.StratigraphicRange">
#                    <firstOccurrence id="t13_first" spec="beast.base.evolution.alignment.Taxon"/>
#                    <lastOccurrence idref="t13_first"/>
#                </stratigraphicRange>
#                <stratigraphicRange id="r17" spec="sr.evolution.sranges.StratigraphicRange">
#                    <firstOccurrence id="t66_first" spec="beast.base.evolution.alignment.Taxon"/>
#                    <lastOccurrence idref="t66_first"/>
#                </stratigraphicRange>
#                <stratigraphicRange id="r18" spec="sr.evolution.sranges.StratigraphicRange">
#                    <firstOccurrence id="t80_first" spec="beast.base.evolution.alignment.Taxon"/>
#                    <lastOccurrence idref="t80_first"/>
#                </stratigraphicRange>
#                <stratigraphicRange id="r19" spec="sr.evolution.sranges.StratigraphicRange">
#                    <firstOccurrence id="t20_first" spec="beast.base.evolution.alignment.Taxon"/>
#                    <lastOccurrence idref="t20_first"/>
#                </stratigraphicRange>
#                <stratigraphicRange id="r20" spec="sr.evolution.sranges.StratigraphicRange">
#                    <firstOccurrence id="t6_first" spec="beast.base.evolution.alignment.Taxon"/>
#                    <lastOccurrence idref="t6_first"/>
#                </stratigraphicRange>
#                <stratigraphicRange id="r21" spec="sr.evolution.sranges.StratigraphicRange">
#                    <firstOccurrence id="t63_first" spec="beast.base.evolution.alignment.Taxon"/>
#                    <lastOccurrence idref="t63_first"/>
#                </stratigraphicRange>
#                <stratigraphicRange id="r22" spec="sr.evolution.sranges.StratigraphicRange">
#                    <firstOccurrence id="t32_first" spec="beast.base.evolution.alignment.Taxon"/>
#                    <lastOccurrence idref="t32_first"/>
#                </stratigraphicRange>
#                <stratigraphicRange id="r23" spec="sr.evolution.sranges.StratigraphicRange">
#                    <firstOccurrence id="t48_first" spec="beast.base.evolution.alignment.Taxon"/>
#                    <lastOccurrence idref="t48_first"/>
#                </stratigraphicRange>
#                <stratigraphicRange id="r24" spec="sr.evolution.sranges.StratigraphicRange">
#                    <firstOccurrence id="t8_first" spec="beast.base.evolution.alignment.Taxon"/>
#                    <lastOccurrence idref="t8_first"/>
#                </stratigraphicRange>
#                <stratigraphicRange id="r25" spec="sr.evolution.sranges.StratigraphicRange">
#                    <firstOccurrence id="t15_first" spec="beast.base.evolution.alignment.Taxon"/>
#                    <lastOccurrence idref="t15_first"/>
#                </stratigraphicRange>
#                <stratigraphicRange id="r26" spec="sr.evolution.sranges.StratigraphicRange">
#                    <firstOccurrence id="t40_first" spec="beast.base.evolution.alignment.Taxon"/>
#                    <lastOccurrence idref="t40_first"/>
#                </stratigraphicRange>
#                <stratigraphicRange id="r27" spec="sr.evolution.sranges.StratigraphicRange">
#                    <firstOccurrence id="t50_first" spec="beast.base.evolution.alignment.Taxon"/>
#                    <lastOccurrence idref="t50_first"/>
#                </stratigraphicRange>
#                <stratigraphicRange id="r28" spec="sr.evolution.sranges.StratigraphicRange">
#                    <firstOccurrence id="t36_first" spec="beast.base.evolution.alignment.Taxon"/>
#                    <lastOccurrence idref="t36_first"/>
#                </stratigraphicRange>
#                <stratigraphicRange id="r29" spec="sr.evolution.sranges.StratigraphicRange">
#                    <firstOccurrence id="t31_first" spec="beast.base.evolution.alignment.Taxon"/>
#                    <lastOccurrence idref="t31_first"/>
#                </stratigraphicRange>
#                <stratigraphicRange id="r30" spec="sr.evolution.sranges.StratigraphicRange">
#                    <firstOccurrence id="t16_first" spec="beast.base.evolution.alignment.Taxon"/>
#                    <lastOccurrence idref="t16_first"/>
#                </stratigraphicRange>
#                <stratigraphicRange id="r31" spec="sr.evolution.sranges.StratigraphicRange">
#                    <firstOccurrence id="t51_first" spec="beast.base.evolution.alignment.Taxon"/>
#                    <lastOccurrence idref="t51_first"/>
#                </stratigraphicRange>
#                <stratigraphicRange id="r32" spec="sr.evolution.sranges.StratigraphicRange">
#                    <firstOccurrence id="t14_first" spec="beast.base.evolution.alignment.Taxon"/>
#                    <lastOccurrence idref="t14_first"/>
#                </stratigraphicRange>
#                <stratigraphicRange id="r33" spec="sr.evolution.sranges.StratigraphicRange">
#                    <firstOccurrence id="t61_first" spec="beast.base.evolution.alignment.Taxon"/>
#                    <lastOccurrence idref="t61_first"/>
#                </stratigraphicRange>
#                <stratigraphicRange id="r34" spec="sr.evolution.sranges.StratigraphicRange">
#                    <firstOccurrence id="t45_first" spec="beast.base.evolution.alignment.Taxon"/>
#                    <lastOccurrence idref="t45_first"/>
#                </stratigraphicRange>
#                <stratigraphicRange id="r35" spec="sr.evolution.sranges.StratigraphicRange">
#                    <firstOccurrence id="t54_first" spec="beast.base.evolution.alignment.Taxon"/>
#                    <lastOccurrence idref="t54_first"/>
#                </stratigraphicRange>
#                <stratigraphicRange id="r36" spec="sr.evolution.sranges.StratigraphicRange">
#                    <firstOccurrence id="t9_first" spec="beast.base.evolution.alignment.Taxon"/>
#                    <lastOccurrence idref="t9_first"/>
#                </stratigraphicRange>
#                <stratigraphicRange id="r37" spec="sr.evolution.sranges.StratigraphicRange">
#                    <firstOccurrence id="t3_first" spec="beast.base.evolution.alignment.Taxon"/>
#                    <lastOccurrence idref="t3_first"/>
#                </stratigraphicRange>
#                <stratigraphicRange id="r38" spec="sr.evolution.sranges.StratigraphicRange">
#                    <firstOccurrence id="t22_first" spec="beast.base.evolution.alignment.Taxon"/>
#                    <lastOccurrence idref="t22_first"/>
#                </stratigraphicRange>
#                <stratigraphicRange id="r39" spec="sr.evolution.sranges.StratigraphicRange">
#                    <firstOccurrence id="t7_first" spec="beast.base.evolution.alignment.Taxon"/>
#                    <lastOccurrence idref="t7_first"/>
#                </stratigraphicRange>
#                <stratigraphicRange id="r40" spec="sr.evolution.sranges.StratigraphicRange">
#                    <firstOccurrence id="t25_first" spec="beast.base.evolution.alignment.Taxon"/>
#                    <lastOccurrence idref="t25_first"/>
#                </stratigraphicRange>
#                <stratigraphicRange id="r41" spec="sr.evolution.sranges.StratigraphicRange">
#                    <firstOccurrence id="t52_first" spec="beast.base.evolution.alignment.Taxon"/>
#                    <lastOccurrence idref="t52_first"/>
#                </stratigraphicRange>
#                <stratigraphicRange id="r42" spec="sr.evolution.sranges.StratigraphicRange">
#                    <firstOccurrence id="t5_first" spec="beast.base.evolution.alignment.Taxon"/>
#                    <lastOccurrence idref="t5_first"/>
#                </stratigraphicRange>
#                <stratigraphicRange id="r43" spec="sr.evolution.sranges.StratigraphicRange">
#                    <firstOccurrence id="t44_first" spec="beast.base.evolution.alignment.Taxon"/>
#                    <lastOccurrence idref="t44_first"/>
#                </stratigraphicRange>
#                <stratigraphicRange id="r44" spec="sr.evolution.sranges.StratigraphicRange">
#                    <firstOccurrence id="t27_first" spec="beast.base.evolution.alignment.Taxon"/>
#                    <lastOccurrence idref="t27_first"/>
#                </stratigraphicRange>
#                <stratigraphicRange id="r45" spec="sr.evolution.sranges.StratigraphicRange">
#                    <firstOccurrence id="t72_first" spec="beast.base.evolution.alignment.Taxon"/>
#                    <lastOccurrence idref="t72_first"/>
#                </stratigraphicRange>
#                <stratigraphicRange id="r46" spec="sr.evolution.sranges.StratigraphicRange">
#                    <firstOccurrence id="t37_first" spec="beast.base.evolution.alignment.Taxon"/>
#                    <lastOccurrence idref="t37_first"/>
#                </stratigraphicRange>
#                <stratigraphicRange id="r47" spec="sr.evolution.sranges.StratigraphicRange">
#                    <firstOccurrence id="t60_first" spec="beast.base.evolution.alignment.Taxon"/>
#                    <lastOccurrence idref="t60_first"/>
#                </stratigraphicRange>
#                <stratigraphicRange id="r48" spec="sr.evolution.sranges.StratigraphicRange">
#                    <firstOccurrence id="t34_first" spec="beast.base.evolution.alignment.Taxon"/>
#                    <lastOccurrence idref="t34_first"/>
#                </stratigraphicRange>
#                <stratigraphicRange id="r49" spec="sr.evolution.sranges.StratigraphicRange">
#                    <firstOccurrence id="t1_first" spec="beast.base.evolution.alignment.Taxon"/>
#                    <lastOccurrence idref="t1_first"/>
#                </stratigraphicRange>
#                <stratigraphicRange id="r50" spec="sr.evolution.sranges.StratigraphicRange">
#                    <firstOccurrence id="t19_first" spec="beast.base.evolution.alignment.Taxon"/>
#                    <lastOccurrence idref="t19_first"/>
#                </stratigraphicRange>
#                <stratigraphicRange id="r51" spec="sr.evolution.sranges.StratigraphicRange">
#                    <firstOccurrence id="t41_first" spec="beast.base.evolution.alignment.Taxon"/>
#                    <lastOccurrence idref="t41_first"/>
#                </stratigraphicRange>
#                <stratigraphicRange id="r52" spec="sr.evolution.sranges.StratigraphicRange">
#                    <firstOccurrence id="t21_first" spec="beast.base.evolution.alignment.Taxon"/>
#                    <lastOccurrence idref="t21_first"/>
#                </stratigraphicRange>
#                <stratigraphicRange id="r53" spec="sr.evolution.sranges.StratigraphicRange">
#                    <firstOccurrence id="t2_first" spec="beast.base.evolution.alignment.Taxon"/>
#                    <lastOccurrence idref="t2_first"/>
#                </stratigraphicRange>
#                <trait id="dateTrait.t:tree" spec="beast.base.evolution.tree.TraitSet" traitname="date-backward">
#                    t82_first=3.85125278031359, t67_first=2.34974460422064, t69_first=2.08509356853451, t77_first=0, t49_first=0, t81_first=0, t10_first=0, t78_first=0, t46_first=0, t58_first=0, t4_first=0.045037950302167, t35_first=1.06603002308924, t74_first=2.19665790912385, t53_first=2.46158317405049, t83_first=2.8288578250605, t73_first=0.101752118570421, t13_first=0, t66_first=0, t80_first=0, t20_first=1.85082575828669, t6_first=0, t63_first=0, t32_first=0, t48_first=0, t8_first=0, t15_first=0, t40_first=0, t50_first=0, t36_first=0, t31_first=0, t16_first=0, t51_first=0, t14_first=0.8195103369173, t61_first=0, t45_first=0, t54_first=0, t9_first=0, t3_first=0, t22_first=2.17770516605108, t7_first=1.01534676801888, t25_first=0, t52_first=0, t5_first=0.243354383521702, t44_first=0, t27_first=0, t72_first=0, t37_first=0, t60_first=0, t34_first=0, t1_first=0, t19_first=0, t41_first=0, t21_first=2.82597646635429, t2_first=3.41645359712863
#                                    <taxa id="taxonSet" spec="beast.base.evolution.alignment.TaxonSet">
#                        <taxon idref="t82_first"/>
#                        <taxon idref="t67_first"/>
#                        <taxon idref="t69_first"/>
#                        <taxon idref="t77_first"/>
#                        <taxon idref="t49_first"/>
#                        <taxon idref="t81_first"/>
#                        <taxon idref="t10_first"/>
#                        <taxon idref="t78_first"/>
#                        <taxon idref="t46_first"/>
#                        <taxon idref="t58_first"/>
#                        <taxon idref="t4_first"/>
#                        <taxon idref="t35_first"/>
#                        <taxon idref="t74_first"/>
#                        <taxon idref="t53_first"/>
#                        <taxon idref="t83_first"/>
#                        <taxon idref="t73_first"/>
#                        <taxon idref="t13_first"/>
#                        <taxon idref="t66_first"/>
#                        <taxon idref="t80_first"/>
#                        <taxon idref="t20_first"/>
#                        <taxon idref="t6_first"/>
#                        <taxon idref="t63_first"/>
#                        <taxon idref="t32_first"/>
#                        <taxon idref="t48_first"/>
#                        <taxon idref="t8_first"/>
#                        <taxon idref="t15_first"/>
#                        <taxon idref="t40_first"/>
#                        <taxon idref="t50_first"/>
#                        <taxon idref="t36_first"/>
#                        <taxon idref="t31_first"/>
#                        <taxon idref="t16_first"/>
#                        <taxon idref="t51_first"/>
#                        <taxon idref="t14_first"/>
#                        <taxon idref="t61_first"/>
#                        <taxon idref="t45_first"/>
#                        <taxon idref="t54_first"/>
#                        <taxon idref="t9_first"/>
#                        <taxon idref="t3_first"/>
#                        <taxon idref="t22_first"/>
#                        <taxon idref="t7_first"/>
#                        <taxon idref="t25_first"/>
#                        <taxon idref="t52_first"/>
#                        <taxon idref="t5_first"/>
#                        <taxon idref="t44_first"/>
#                        <taxon idref="t27_first"/>
#                        <taxon idref="t72_first"/>
#                        <taxon idref="t37_first"/>
#                        <taxon idref="t60_first"/>
#                        <taxon idref="t34_first"/>
#                        <taxon idref="t1_first"/>
#                        <taxon idref="t19_first"/>
#                        <taxon idref="t41_first"/>
#                        <taxon idref="t21_first"/>
#                        <taxon idref="t2_first"/>
#                    </taxa>
#                </trait>
#                <taxonset idref="taxonSet"/>
#            </tree>
#        </distribution>
#        <prior id="originPrior" name="distribution" x="@origin">
#            <Uniform id="Uniform.origin" lower="1.0" name="distr" upper="1000.0"/>
#        </prior>
#        <prior id="netDiversificationPrior" name="distribution" x="@netDiversification">
#            <Uniform id="Uniform.div" lower="0.7" name="distr" upper="0.9"/>
#        </prior>
#        <prior id="turnoverPrior" name="distribution" x="@turnOver">
#            <Uniform id="Uniform.turnover" lower="0.2" name="distr" upper="0.8"/>
#        </prior>
#        <prior id="samplingProportionPrior" name="distribution" x="@samplingProportion">
#            <Uniform id="Uniform.samplingProportion" lower="0.2" name="distr" upper="0.8"/>
#        </prior>
#        <prior id="rhoPrior" name="distribution" x="@rho">
#            <Uniform id="Uniform.rho" lower="0.7" name="distr"/>
#        </prior>
#    </distribution>
#</input>
#
Sample	TreeHeight	origin	netDiversification	turnOver	samplingProportion	rho	posterior
0	5.372516381385341	67.02617012981742	0.7056900318996701	0.22504964674285224	0.5040547100268828	0.815090729063377	-148.587736533879
5000	4.909054909921661	8.752478264896173	0.7252395019579355	0.48564217432413165	0.2603283912878751	0.7750539808667994	-114.65410229677568
10000	5.360512458711792	5.928312943131561	0.7657989180299642	0.3587226189913457	0.31227818196867624	0.8436141533827722	-131.49736470021026
15000	4.294214303665904	4.977811908039235	0.7953466306355594	0.5537964038761538	0.2428751255429354	0.8098737677500452	-88.62963977401142
20000	4.994297408732613	5.538426961777444	0.7440809638300508	0.5368510141512747	0.20594964005491093	0.8168346246557066	-104.84810350660624
25000	5.12935655214257	5.492360199663177	0.7354672431249011	0.28974038836922883	0.37657646138772355	0.7630872596853766	-124.8787047758928
30000	5.523345127606698	6.142871879841938	0.7192232469480142	0.39611749451074135	0.2813933055471882	0.7092217145105975	-119.8461657872713
35000	4.619142122820819	6.922805479487688	0.758651542373208	0.5703703851069881	0.24196030674754007	0.7813000036437237	-108.25353965210451
40000	4.828764243109164	6.1821605701110816	0.8458177574044569	0.48647380991903993	0.216765231695204	0.8223460833831024	-106.58008514943958
45000	4.972583970825475	5.491382193655369	0.8530944048654097	0.5567083307248616	0.21841663469095438	0.8101350197477662	-96.21128513177138
50000	4.373399585228782	4.9800527806419845	0.7631408864966293	0.4195772586388894	0.24115951765332397	0.8167445669180801	-106.62361108643557
55000	5.042293452088597	5.221157982602973	0.7991393299823276	0.5247303989670554	0.2133987769124039	0.797779723963775	-99.02583898739508
60000	4.347449506669599	4.448080501805404	0.7706755675137608	0.5830274419513449	0.24491195646626399	0.9485983590346677	-91.52432870593591
65000	4.504385101359384	5.086423272629409	0.7655856938083535	0.5764548669151971	0.22939383027266197	0.8947534823378034	-90.73181065804044
70000	3.85125278031359	4.5172457789630664	0.8661173119384621	0.7217596475371787	0.20460459737454992	0.7812801746912006	-63.151957045021526
75000	4.391256824507876	4.492572307212686	0.7572017063145173	0.5809290262642122	0.25331444301284983	0.8672545354360924	-91.3488708529568
80000	4.3739052437092925	4.778472211071739	0.8141552574240563	0.5955820501064059	0.20562364197916552	0.7517275783961094	-75.61029420293957
85000	3.924853728605384	4.673935883048452	0.7830356285986164	0.45269376568249664	0.27517125295319406	0.7146164433539264	-108.1387256582579
90000	4.927878164430529	5.224057291524101	0.8054154480266492	0.5246933262039123	0.325742987368634	0.8543190311635476	-84.63279773338141
95000	3.85125278031359	4.121345573438466	0.7047673394154165	0.559523104650108	0.2204825069950262	0.7381937986260411	-100.94230614411819
100000	4.328492843843458	4.483754293497532	0.8494277321779181	0.5336468450935532	0.2281174159643944	0.7237467001420645	-89.47110492802972
105000	3.9776719726311156	4.075806918936683	0.8681155866761047	0.5836709972022638	0.2232206169305254	0.7844519779337484	-83.71824816579223
110000	5.042321879700317	6.036157812588342	0.7216688147682429	0.5233685639596922	0.22183623523346388	0.8045455034983315	-95.48274260283938
115000	4.306610034930279	4.545478325220866	0.7689943049653927	0.573286504279122	0.20848185987004547	0.7837636746628968	-93.5403982983917
120000	4.931068781706747	5.492744106875334	0.8390834325211799	0.5022022539391481	0.23011287782865486	0.7939315218149667	-110.95239201648405
125000	4.18481838613146	5.690841994796272	0.7400582498733196	0.5174848720619183	0.24364412490345827	0.818250155565648	-99.15437236506395
130000	3.85125278031359	5.186080691503666	0.701529676741963	0.5604534966754936	0.2052180435266973	0.8556422939965327	-94.05186318611018
135000	4.648235956960387	6.288707390908503	0.8322515218321316	0.46179295569774087	0.23395555549290198	0.7501163704164618	-117.43496968290091
140000	4.049553291311276	5.186204015038905	0.7880906478307693	0.5607227659406292	0.22874486418475115	0.7695660292015373	-90.75803432953401
145000	4.604897844774486	5.276145907879566	0.8211513145369748	0.4505819829019392	0.21399537865234633	0.7285405811854428	-105.24527347242511
150000	4.04719901805679	4.06435925718301	0.7655826090399928	0.4212626572502115	0.28626622889333936	0.7122093292155279	-113.6044135387545
155000	4.315134348347685	4.5795582851034	0.7716373389518086	0.5889774050399039	0.22124285277771288	0.8862287919037131	-91.6413892469337
160000	4.76704495755086	5.586607980116201	0.8974602004074483	0.47544496451045776	0.28173810813588773	0.702555647043579	-98.78651040929208
165000	4.775648724148316	5.1086186118743555	0.7021386852499157	0.5055393317331864	0.23168822567487043	0.8527256944563337	-105.46399507131142
170000	4.100037873754233	5.48323529127963	0.8763158024517057	0.49618887376423765	0.23757000002903214	0.7260303341225417	-101.55570783334312
175000	4.264054845837457	4.575210758774517	0.8532447940510799	0.7028138744730746	0.2017492753621078	0.8158964252867476	-67.60305487855913
180000	4.2738094117820555	5.630300644802363	0.8947613324624083	0.5494783988247055	0.22968912887588253	0.7456824024340466	-82.32887637166209
185000	6.399586874295708	7.567744611368446	0.7229017063820901	0.38548784301074623	0.26354254629095064	0.842749931431798	-136.8478489504016
190000	4.226757111042169	5.0209382150528095	0.7053826326768121	0.5258335676573617	0.25630318329706026	0.7097047737988531	-105.2755966916429
195000	3.9109205781737533	4.520386821223294	0.7530442511023714	0.43947213674911595	0.20523786789640608	0.7001025137511339	-110.84807025966131
200000	4.105933406459774	4.745276941099915	0.8277974615675412	0.49422091943029395	0.22379881396047363	0.7350113914996627	-109.22398476656016
205000	4.8074311318661165	5.172563499040322	0.719239600476892	0.5014096477407588	0.2361910411047298	0.7734135129874415	-105.8625571329583
210000	4.092080278737122	4.141837356928112	0.7462573710723982	0.635759641397471	0.21341008385807253	0.8379274125619026	-86.29253283279357
215000	4.294052794783964	5.336057268598462	0.7284134362509841	0.561287934085813	0.26898018088003095	0.8295117126869269	-102.540698942315
220000	4.411609944383829	4.4314140607246735	0.7734962595460948	0.6159441166087073	0.2061463799548597	0.878567947258579	-98.62047174805414
225000	3.879842462860964	4.5750078667009815	0.8862935099482655	0.47926392933456075	0.2740478180629058	0.7083356854389982	-95.85694618127607
230000	3.8582358668769	4.737155337382728	0.7019899231109011	0.6170298044078135	0.2538464989687317	0.7029403422831393	-105.14681356764922
235000	3.93263503003257	6.830747667264135	0.868733389681895	0.5895767492027914	0.25261638648741364	0.9155101858138077	-94.39326856527819
240000	4.383425312969762	4.594305115014173	0.728244758110591	0.5206715229382965	0.2747204005192217	0.8618524855073293	-103.56126020724591
245000	5.087526536142108	5.641718226713426	0.7217180371222207	0.5385651611884609	0.23948258125980892	0.833551932448985	-93.02844686197167
250000	4.422012449608862	4.633410919995665	0.7538850853022304	0.5242344326853414	0.2773799991093073	0.7078381613571726	-105.52195809360259
255000	4.514754439245883	4.774745706868138	0.7326378192813574	0.5750275994662004	0.22714422848234495	0.7583739493010334	-96.53271465776879
260000	4.1077349917708315	4.43108970607659	0.7279300256586528	0.4894795481010117	0.214975734853683	0.726067366241275	-101.3193639468646
265000	4.296064346457501	4.681484779329804	0.7931153011451751	0.5292383331241054	0.20990853197374773	0.8702189819400633	-100.97909323192496
270000	4.693983132187713	6.670556089047471	0.748206648855487	0.624872025561267	0.21621456763644264	0.7859394212498857	-96.185859981015
275000	3.85125278031359	4.032629974677179	0.7868474330002336	0.6196470120027237	0.21743663954606696	0.7299562117835966	-91.37746079761934
280000	4.078285758550819	4.471709760831275	0.7313262564025933	0.6033262565442389	0.2355451358751242	0.7590126075814512	-93.09858687851064
285000	4.244072343213713	4.334702144896673	0.8130115796619635	0.5480355624981675	0.22687092996188066	0.8080646827992953	-94.24591610863783
290000	5.011786072420506	5.052737626643491	0.7541605561953425	0.5112422613724296	0.20035280123688956	0.8481747746817698	-112.62523011469352
295000	4.837404790060577	5.484553739412099	0.8399409093234533	0.49576550677319564	0.23674756888918136	0.7631969302829624	-105.4984286183986
300000	3.8858828288413427	4.078231879025161	0.8466470179641417	0.5660532132750834	0.20614458183592393	0.8061296327807862	-92.65199706879267
305000	4.277589949416966	5.903558633364769	0.8461515997475884	0.5434710347829045	0.20056849483411388	0.753262192722054	-89.14979789221087
310000	3.9372102263111635	5.08446232317528	0.7769410876244173	0.5466530227649056	0.22694956136521763	0.7677343197494447	-92.7938306091942
315000	4.073233302180158	4.70050037091862	0.8658421804812501	0.6053933713101572	0.20346025941755355	0.7642725312883398	-84.99129848739221
320000	4.484591929542105	4.597547474080159	0.8851632869716316	0.5684644531394962	0.2044775804227225	0.7185604841029845	-91.40834855155634
325000	4.164080032163798	4.502855967938959	0.7538318630708207	0.5395427365032414	0.2742091453494085	0.87127404323196	-92.10256154563743
330000	4.7700726666879225	5.054398948964295	0.7424487261218525	0.5635162666249226	0.22455038948117628	0.70913043526989	-102.54493221545769
335000	4.2038973656780465	4.2334009522481555	0.7263934614545148	0.5444062108000682	0.22689087142877096	0.7246105485474136	-97.46397943659855
340000	4.452517290471675	5.325494536173534	0.7457418892774491	0.6274081603048333	0.20256754040952757	0.7439628894927047	-93.47440064582764
345000	4.641856448427783	5.056515190305243	0.8927329885745676	0.43586344370320584	0.20191547683138766	0.709194034490426	-108.33657170810608
350000	3.85125278031359	4.2173964179941965	0.8408106579868372	0.5945723239952044	0.23448187858505504	0.8005595745440148	-98.11474987644809
355000	4.543597716042823	5.216684936440248	0.8321844340109277	0.5878597400927105	0.22213071505804172	0.7438503468316584	-98.94233774713382
360000	3.964089098046668	4.7450618187071	0.7849233135467051	0.4964761045036607	0.2336996257640886	0.7093197201561855	-106.20275714049629
365000	4.702426366199065	5.773233559598186	0.7062234858031454	0.4180780223084824	0.2557300974727041	0.7064156749463941	-119.97423522680339
370000	4.3608566504557285	4.380760594892587	0.7967525464568085	0.4913350739202104	0.2419667125478792	0.8013120798225759	-109.8274270951816
375000	4.375881400630754	4.72229195477903	0.8800537473373903	0.5848939463751438	0.22576121016883016	0.7184819883948015	-83.11842434331882
380000	4.422927509810614	4.554625146127323	0.7661277013803153	0.6055764675367031	0.2199367349786691	0.735618362856235	-89.75606063694028
385000	3.9604941666949474	4.561917305045418	0.8298216148600576	0.47764368233260485	0.23224845238299696	0.7360920373319702	-95.02850402961997
390000	4.344935143591835	4.65655935783917	0.7738278563350256	0.6417090116603673	0.2183176206932536	0.7336394163338099	-85.91885534701603
395000	5.616113596410708	5.8421874676874115	0.7313608033389729	0.49276510940605367	0.22734786507140956	0.7029683339799307	-136.60484297372497
400000	5.220008703915218	7.634290664387967	0.7773340308190549	0.5174411784314001	0.2216303165131697	0.769143301669881	-109.16930133370334
405000	4.322819637028382	4.732890018990085	0.7120712228419324	0.5226157406927612	0.3091079862936012	0.7379178880339706	-104.23734596224136
410000	3.85125278031359	5.342855680480122	0.8859263641919978	0.6189955680666811	0.21615599473486272	0.8133940550521147	-84.47827338118174
415000	3.887550795204355	4.86184061724281	0.8710575042515686	0.6868103083673613	0.20745132501709257	0.9656588693747432	-51.2324173282352
420000	3.916029571954577	5.222069669256749	0.7231206920044632	0.644250321052384	0.2032989791218531	0.7051197283805555	-74.5260324320204
425000	4.007051677217412	4.444063550542468	0.7279367166619031	0.7821653045067138	0.20477130010166694	0.8467661430044732	-43.10604096076828
430000	4.501993837476166	4.764189067560801	0.7452733222878263	0.622625115078135	0.20331904416806607	0.8546645372490808	-96.79845174492732
435000	4.758855495907901	5.3106088235573585	0.7959816880249633	0.6036735590318433	0.20404881538800346	0.8357057845634885	-100.00611755423256
440000	3.876154256110672	4.8861863174885	0.7521527031411578	0.5843425434831664	0.2362316022270443	0.7381754353507323	-86.90149185023463
445000	4.014946845796634	5.458530182935425	0.7865236967765757	0.6602308627011826	0.21813737374839456	0.8587270750460074	-77.88376331289285
450000	4.142665878088965	5.363705049282653	0.7435486195185755	0.513714805355134	0.20257100893800253	0.8285425267580678	-98.07337541135385
455000	4.395252784628601	4.450045385068772	0.7285052774539291	0.6122626439578964	0.2070559059467334	0.8469016269114993	-90.75294807660507
460000	4.607123485818361	7.099439301488492	0.7725499355987431	0.48946400085816444	0.2780896227306528	0.7662361321614221	-111.8635167440361
465000	4.651267820804433	4.968684367068483	0.730784157244827	0.4865883043644352	0.21953321209036042	0.7420095149739958	-111.36725360880169
470000	4.557907666235343	5.719358330394594	0.883123969789614	0.5506376792806283	0.23092639881500765	0.7030095251346026	-101.21733795525697
475000	4.37888007885356	4.431283975881004	0.8702268204739851	0.5261071865475427	0.2884234921888879	0.7579062635969485	-98.64396289831822
480000	4.430598953200815	5.152530088133195	0.8759012872417816	0.545712214763814	0.20920373225338926	0.8331359734756173	-86.0123133043524
485000	4.210676103784995	5.911663484002958	0.889941777976817	0.508559440559897	0.22166137113286913	0.8030108207545906	-103.25450322134665
490000	4.1199717447177076	4.864434711876671	0.7187974914005311	0.5420782033515642	0.20013806491261102	0.7238823566312125	-107.4551735322757
495000	5.87982374804337	7.6505965432229415	0.7042915125575961	0.3876824656453146	0.23636178102604927	0.8047027505510753	-132.74552661319592
500000	4.737511090301727	5.281173854056485	0.7030169605229173	0.5360244635316992	0.32971467069773475	0.8356725222970909	-119.35181319938044
505000	3.85125278031359	4.418030743668612	0.8236090960453503	0.4963145572775177	0.20657435583724615	0.7000012742058302	-102.73028902538547
510000	3.85125278031359	3.8924753579675833	0.8598853281165935	0.6214977246109044	0.23274336975513657	0.8288716211943115	-75.51157097969525
515000	4.0515996486437285	5.960008285918289	0.8993450842818589	0.43399807206294133	0.25468856960570974	0.7368588941331874	-96.7398736616073
520000	4.22712722684691	5.111125430056072	0.8046881371065612	0.32323862461310476	0.2971970234553514	0.7349699647515747	-122.50494770949243
525000	5.193685862801047	5.407526390247306	0.8305257974813731	0.41629716538981043	0.21640987997649494	0.7379440124458275	-118.90750640281823
530000	4.372209759464026	5.818511170580057	0.7455926880879504	0.6034109860006791	0.236470453190084	0.7484470245587964	-100.96303356240108
535000	4.774660644069603	5.077061376330827	0.7053343254543504	0.5532944523900957	0.2021521778674758	0.7114320805751461	-105.51559667675767
540000	3.984891993421737	4.096429661732875	0.81974243179968	0.5676680361860181	0.20917716791334218	0.7311010262770306	-92.79391268614975
545000	4.434945571730211	4.626827734273442	0.7398148903080644	0.5561866595275852	0.2577300178524287	0.7984991747054048	-92.15634593436363
550000	4.085089324042333	5.234685500174384	0.8208727032477565	0.5089666224020923	0.23507763750264313	0.8121323829693882	-91.38507040769875
555000	4.020663253688805	4.275786087944515	0.8055238947979305	0.49712025943327676	0.22469812340163509	0.7190754583138701	-101.31212217381446
560000	4.744190367798136	4.869913482075655	0.7764284117705109	0.4947107809337447	0.27536065663368525	0.7532424481841948	-107.66397236070438
565000	4.584589074360411	4.629214113707447	0.7753907102172323	0.5696996354285704	0.22949099392403238	0.7174235657964904	-95.42103553493396
570000	4.000307793341887	4.495056237040485	0.7447335411961993	0.5304428059858277	0.20876690775522244	0.8431255000107573	-95.94395179817656
575000	3.8883017276787166	4.148264878531778	0.8598946261564084	0.5922307077450212	0.28092794464087456	0.8649841906474781	-88.81038400564239
580000	4.120805062485202	4.307768735036233	0.7207993089180563	0.6664860265400568	0.2111032387287088	0.8844146038633997	-85.09453736943905
585000	4.190799982943186	4.30283225921435	0.8712174077335307	0.49277404206636993	0.27968308897586125	0.7181963667655437	-87.65742756253243
590000	4.24301696282787	4.474157305380601	0.8603072117023075	0.6727939231409408	0.22197589864362952	0.8764737758177933	-65.9813095047335
595000	4.010017199809102	5.919135319899739	0.76348395832631	0.5962849501990497	0.20761088084182003	0.9648036116802667	-86.22362724934598
600000	5.234261473671056	6.043995524183136	0.8987250492649261	0.489298594072294	0.2212909530488307	0.7422219398023722	-98.60512706771368
605000	4.0687943393429515	5.589283927313221	0.7935311555263783	0.5130950991738418	0.25604574690278775	0.7060820687234746	-104.70365297555514
610000	4.881276922026742	5.289774016836356	0.8533117786145814	0.4582293030657364	0.2768595489360939	0.7634718541403316	-102.9057708688421
615000	3.936111380142679	5.009509519225114	0.8755002746902116	0.5195094996774792	0.23861776305323135	0.7237062484425499	-102.40294769667966
620000	5.291222045531719	6.678413818838876	0.7068058615633773	0.33344668674763545	0.33128476430162435	0.7131154965543087	-140.10399230857612
625000	5.0743866678748075	6.544908509539119	0.7105974579132752	0.45631923898947724	0.22707151390395378	0.7039493078042596	-117.54932868902176
630000	4.086730042808315	4.901171376629022	0.7113057570123581	0.6295138692872994	0.20081054669845264	0.8279894151432118	-94.83251954783032
635000	4.301791083452564	5.114887588981874	0.8161605351628193	0.5209739362699651	0.2641411278586308	0.8509677332251738	-91.03894008816076
640000	4.165157730871555	4.256084801376507	0.8526712696258592	0.5840999630643076	0.20111702265660694	0.9160876588474063	-85.66937831053303
645000	4.1440633438877015	4.1888015460829555	0.7842138614705683	0.5720049932789042	0.209179399304984	0.7020443041209029	-88.74462788608761
650000	4.857825859729051	5.3474899815954995	0.7830187992957081	0.39272799540509534	0.2949596879600298	0.7573851285556056	-114.42192724178892
655000	6.032161085801586	6.296310365920079	0.7264980772726412	0.44634150500345227	0.21223214746164912	0.7036194015274089	-131.57822796200867
660000	4.185045501738752	4.454925105691444	0.8707918016039577	0.6125654378710791	0.2102902854197507	0.8022981013964676	-84.10526818615253
665000	4.866918111587391	5.058074067466868	0.7017565019805513	0.5845049321985955	0.22227414004903162	0.7902529239332036	-103.44144946578683
670000	4.200562792572156	6.0274305255831635	0.8737393616520369	0.5691319664007879	0.24827663914265874	0.7334711228931129	-97.70601557579724
675000	4.164676630943669	4.520585861032529	0.7080853659057735	0.5399252008533113	0.2725775485283617	0.949897002271108	-88.574742858116
680000	4.256582883346742	4.970915581410577	0.8847337790488509	0.543189495305511	0.292974592677274	0.9095229548352448	-106.13761294022177
685000	4.888410717542513	5.3055879794569725	0.7262929555049087	0.5286662628752596	0.24532287386235566	0.7207120033254212	-105.99848562971789
690000	4.149241921495601	4.234053668689327	0.8233260315276636	0.5016319873846437	0.323176292296876	0.829450319287328	-87.03932242063738
695000	3.9948814943919797	4.198865745801141	0.8869944073676097	0.5891352755998733	0.21277363854498135	0.7691388396227625	-79.64044274484195
700000	3.85125278031359	5.531563674767393	0.8232704278801121	0.6346873169618293	0.21844678336889348	0.7454438538875541	-64.19346624333087
705000	4.093251058173382	4.473978215009382	0.8524503430845644	0.5952421965861882	0.24104962079605521	0.7940303399188086	-76.15236591297307
710000	3.9406265796616298	4.768960061874271	0.7405569636288531	0.626547303030214	0.20843054418021106	0.8991649498057419	-77.43131499797465
715000	4.42126103398722	4.6649118429516045	0.8683366508777269	0.644033407022732	0.21813103229586187	0.8129045399633419	-69.61723540891956
720000	3.8818753109281188	4.258123248764245	0.7142439238629354	0.5552869772061846	0.20759466727607345	0.7329260482690181	-102.51876565500757
725000	4.343808041662221	7.255144494499859	0.7315045143605015	0.5210950714315801	0.2296500578202786	0.9721766808286362	-107.57950877306735
730000	5.129189682150767	5.386391851846476	0.8059214857316297	0.4170619872730399	0.22960928481416876	0.7120748875954221	-122.96518662392228
735000	5.026220448564894	7.036302256002073	0.8424452530716046	0.4448121564571644	0.25726728140593125	0.7450246068323282	-116.98102035919942
740000	4.206442783947383	4.2089917055938155	0.8542391113977529	0.6495648488777649	0.22209686990158048	0.846780167148063	-90.43999579240102
745000	4.668806541763158	5.018516426535835	0.7774629259073575	0.6598680934341387	0.20075201013749897	0.7327510467088684	-86.47113657966807
750000	4.0546339536516784	5.259217891501865	0.7357153017288368	0.5811457599271055	0.27912908569315936	0.7940864207557321	-99.65394460674199
755000	3.9818058469036757	5.070693530031325	0.8608573260597938	0.6628767936842767	0.20017801378907416	0.8079736253409353	-71.38881199412393
760000	4.125181206258671	4.632191606837763	0.7754766620263033	0.6477242602900605	0.2322932370439723	0.8565316211731465	-84.83186383041473
765000	4.566514446954536	5.174101519528091	0.8099004559953967	0.5201566038858157	0.20488044865618002	0.9392057645773083	-87.4951034642151
770000	5.180095234320387	5.201587214755599	0.716123361277536	0.6207596888306142	0.2388661269643076	0.7974182429173048	-82.61669499788292
775000	4.535115014299751	4.601055283942904	0.8196358245580158	0.4981775545506186	0.23142298621698368	0.7129215352394127	-100.92591865882241
780000	5.727797450894542	6.606269684807007	0.8251974842365106	0.3432478379715439	0.31145966069382647	0.7542295265361053	-129.36396824382794
785000	4.2759026508620925	5.320783347598569	0.716818831904545	0.6648414471084277	0.22184116835335146	0.882366063743746	-78.82932226435099
790000	3.85125278031359	3.89092185660092	0.7577271121569866	0.5647713341878725	0.20055757370577112	0.8033547137191791	-81.14339847918501
795000	3.85125278031359	3.9484787435449746	0.8210909497562338	0.48820665614442016	0.2665313918122293	0.7462169735708654	-93.48528386585454
800000	5.1353712072074025	6.150055787761742	0.7721386742632425	0.6154725872112832	0.20290910067014564	0.7048567982188341	-89.6599037958531
805000	6.015851926642493	6.632307465727481	0.7942635516722835	0.4750645400633465	0.22877368365513157	0.7014742141743335	-102.90641611605892
810000	3.85125278031359	4.2513544959522545	0.8738946276062032	0.6038210463180372	0.24338857301460423	0.7223466633333403	-76.23454822341313
815000	4.566971098624181	4.592677880296972	0.885071370149877	0.6016883788468579	0.2091498206858546	0.8579988691631405	-91.42414742399583
820000	4.272464532953046	4.370395705466259	0.7598359256078008	0.6010853960297049	0.21061179710275102	0.7158606755156542	-90.85973780041081
825000	4.48919788171703	5.024724600306402	0.7295910084528313	0.5494413488662991	0.24321789132988322	0.8686732794822424	-107.92226722358043
830000	4.916380606924156	5.245036098302818	0.745624802304759	0.5015506045812883	0.2539668901627489	0.7858795345696248	-116.41368615913771
835000	4.151609155187911	4.6576084194097565	0.7435813882698433	0.6233926886429255	0.20329388742521665	0.7303399101433882	-83.72307716584407
840000	4.014865287137405	5.667633645503539	0.8281196106770422	0.4873269185200471	0.23331688146580418	0.7079117936286204	-97.88778569192934
845000	4.978254401552317	5.8828649577502405	0.8492949274490776	0.5311090987557092	0.22202696577161296	0.8092524074624655	-101.65500835678722
850000	4.428514483217425	4.61482064841964	0.8815782594820506	0.5106113894402837	0.22198306329236323	0.7021773378154339	-89.40152270237894
855000	5.923204384282608	7.3388043103113425	0.7283173342592764	0.42508488221351975	0.20333955613408727	0.7399004191622138	-118.43010180387677
860000	4.63426477477349	5.162890594828571	0.7566193021649406	0.5548603240414294	0.2526219423466055	0.8453377482125362	-102.19553544925847
865000	4.832227396571015	7.8499193071532005	0.8063587279855999	0.47321713294752116	0.2319323624138876	0.7750876639914839	-105.67484646507401
870000	4.741023390287452	6.440333703148128	0.8443812408890782	0.6138683142109541	0.2074083970295448	0.900055120484129	-79.83615887932118
875000	5.177335412976368	5.274407056415367	0.729530884806671	0.6086514306389044	0.20150353229621973	0.7632243463136732	-102.47145531276715
880000	5.8688248634595395	8.411848869571175	0.742317509785657	0.4519283173595263	0.2526733819438194	0.8024149388223784	-119.05637058356564
885000	4.490605499554438	4.5291535088631285	0.8179213303024422	0.3802662472845695	0.26310250638541083	0.7888412438415902	-125.68009586995285
890000	5.639165732294108	5.974397558271762	0.7063895516669068	0.37906400486672376	0.3015883494670003	0.7124849238409725	-132.42810743067096
895000	4.232021546419964	5.191654165400372	0.7765520946266772	0.43127062546598327	0.31094705846773574	0.8798307880626468	-100.42162869765261
900000	4.159229555648272	4.776017872911408	0.7784902923131073	0.5646429814369818	0.2045538298330401	0.7630266478259271	-99.59392975704495
905000	4.288734513528872	4.381649734484673	0.7161265330327922	0.5260366894234998	0.22368768237625816	0.7089310910034844	-108.0188103736065
910000	4.502807961963772	5.021823653529238	0.7842730351650219	0.5424528631090588	0.2263501557933905	0.7354034864097365	-98.52886412652191
915000	4.575166136078117	4.693753606356883	0.8129774304347198	0.5464904583588158	0.22558737333941378	0.7251017024052482	-97.29299257173551
920000	4.276921925684771	4.816682504274801	0.8069633626325895	0.5018468951185787	0.25241274248318535	0.8548622448874142	-99.1276768412049
925000	4.056893079955402	4.158754296007317	0.7913705672630523	0.5401559919082065	0.24589773869835344	0.7146234620106909	-98.47179389693417
930000	5.205362204489528	6.217039350574659	0.8010583922347844	0.48832470843965037	0.20869466291469468	0.8198382352218109	-106.85676529030616
935000	3.85125278031359	5.547246860501113	0.8358119349639607	0.4745916796656538	0.20785768309379524	0.7957569155379043	-96.75052887303167
940000	5.2842706180687795	5.8478973122718205	0.7259367509133138	0.4930490626186921	0.2013104924735502	0.7078141808587863	-117.42758337751391
945000	5.703327347033047	6.2398051948011215	0.7158151176212846	0.47897729945170076	0.2854150201474341	0.7087634111774259	-115.71504472525555
950000	5.49193091793918	6.115771279597481	0.840636263737342	0.36189424075880283	0.24617490538666956	0.7003200153783319	-123.49495259826406
955000	6.410501900006132	6.539162382815336	0.8714323902031283	0.5153667026649086	0.24018709558521478	0.9681815991682754	-111.68974959469523
960000	5.278817312701696	5.326451133508543	0.7440328988149312	0.5042108726514114	0.22379343194223972	0.7049541675163864	-108.02958365635473
965000	4.401203251664886	4.599996931898579	0.7406748114312621	0.5578295580919911	0.24756347496856657	0.8062596030574086	-89.83121864938661
970000	4.009390875582121	5.9507421969445815	0.7024917638825243	0.4690827015157484	0.22057050903305603	0.710317450999382	-103.36180703310981
975000	4.965379523539825	5.341341580615854	0.8480606499801902	0.5395012391981002	0.2361600500360098	0.7672957732665178	-97.88910029977791
980000	4.3372993949034235	5.817069164026563	0.8876517499303785	0.45771700762760154	0.25581253594218994	0.7176904144765885	-106.32030126793833
985000	5.9662498637451495	6.1255483439218485	0.8870548009401343	0.4960182205250381	0.23044150218157874	0.7426382828611277	-98.52475930756967
990000	4.128274790966646	4.407029738516001	0.8342429495479935	0.5269882423915069	0.2346730643323472	0.7514060043677382	-87.98216761280352
995000	3.85125278031359	3.9318079432123723	0.8706930895805503	0.6653831644600556	0.20009848600750862	0.8721450753393518	-58.93906218780332
1000000	3.9413582974226	4.107096050629283	0.847897083326491	0.5417501318243204	0.3033927556174472	0.7128873965306153	-75.43460202052952
1005000	4.222355886318662	4.272007390632544	0.8301776177555916	0.6901132292458362	0.20775082562381675	0.7181793325776181	-76.22673466870978
1010000	5.532348415562423	7.55904832502465	0.7070090731439646	0.35705120157756026	0.3357215357614961	0.7189953181198766	-134.86107194547526
1015000	4.677935728760301	4.685533128415245	0.7229824658300906	0.4037766053703527	0.28022932132049344	0.7528587743055913	-109.0086699067028
1020000	4.6161359833696824	5.744665718500622	0.8669296487378221	0.6434667180862796	0.22615289158851234	0.847512833516279	-86.63669567238955
1025000	4.473141676266281	5.6345068254585415	0.7433706011380677	0.5663070784438727	0.21969184266372893	0.8054533022561399	-93.96035841016709
1030000	3.8617840438611943	4.558163704459065	0.8624572039368207	0.6583716240372544	0.21802435597975162	0.7266457928028625	-77.71123368738353
1035000	4.689692956125401	6.0244516905694985	0.8639320571055077	0.568787650626495	0.22137401899240083	0.7489750643954814	-99.35479597171832
1040000	6.222329057232499	6.380146191532813	0.7303871557747379	0.43420494955122996	0.23241248644006382	0.7213506946115829	-116.00037961643523
1045000	4.317789748160967	4.4431458281615805	0.7206881591992877	0.4159192041473896	0.3001876343352735	0.7616516225724327	-112.1946903514283
1050000	3.8599997153552668	4.697870538395167	0.8492124890190672	0.4910579597230065	0.32794441713673306	0.8172153535403626	-88.37539701392836
1055000	3.85125278031359	3.9834405111721543	0.8223809661474336	0.5942289154430287	0.2525353657075321	0.7804839917109493	-76.60219732489062
1060000	3.85125278031359	3.8717371203665087	0.8426540596680651	0.7145907915872324	0.21803070863983084	0.9114547724249704	-66.84250947349153
1065000	4.0649368542713615	4.183113371341111	0.8950417968616606	0.619211312272764	0.2563931065584661	0.9505054127644204	-44.31423932141234
1070000	4.350521078007443	4.566701967385531	0.7694924685082803	0.5571236046859935	0.24836750217973413	0.7983741431977405	-88.66453185846697
1075000	4.756946331922969	5.107607759048996	0.8290235328327318	0.5012834073656469	0.2886388485057367	0.7793030183719164	-103.47905073437525
1080000	4.733119618013765	5.0199893616864335	0.8026493251749766	0.618698240032103	0.20973137585857826	0.8631154703630639	-87.80906905343872
1085000	4.058801910189258	4.28294640758294	0.8540250028483953	0.6336743186327538	0.24452044022117464	0.7004840234000539	-67.02482493926593
1090000	5.4290673570925625	5.499838576001332	0.815483194210824	0.5834419279186975	0.23411885160971477	0.7684657606162292	-84.93675976198972
1095000	3.913201646425264	4.488603391654525	0.7036039794658604	0.6311250683115605	0.21626361717218284	0.8956053110199472	-74.18482078383724
1100000	3.971830953710275	4.076881101927919	0.7245364960984446	0.6663840476485379	0.22932012046984726	0.7693953767303955	-68.58097212322448
1105000	3.85125278031359	4.012067549361689	0.7719713485822405	0.713611196584608	0.20138776448728135	0.7614384097927084	-53.992230154269855
1110000	4.500266118222744	5.928994328821689	0.7049697893830212	0.6143709334153663	0.22151726956746848	0.8541146959966534	-93.91559189909157
1115000	5.921294505872524	8.288580729690334	0.7568218589687203	0.48903172449168014	0.2119667895385335	0.8047431953534888	-100.98628226561178
1120000	4.51688876738381	5.921961497326615	0.868187633060629	0.45656652305266426	0.2656285085030708	0.8088062779951697	-108.61055958686757
1125000	4.869760772501203	5.617869149055165	0.7413895360387501	0.48256659997911444	0.217217856834677	0.7002085869273792	-119.31007996020898
1130000	4.659503921338079	7.56584327978639	0.8700775620041745	0.5079879819309818	0.20918673267229626	0.7007669009104024	-111.97261367839843
1135000	5.403464407635755	5.973285113686644	0.7469381692881754	0.40653914105495403	0.28802700994795705	0.7086987482299326	-120.68583521834782
1140000	4.636058289264671	4.932317171089517	0.8796236732169763	0.5512122472874472	0.20419617795537717	0.7714979636271466	-87.32677364380612
1145000	4.955753440745977	5.609471976084685	0.8492246410361945	0.5902967924504252	0.207233170527913	0.7217037512734464	-80.82571764982461
1150000	4.441201469204291	4.798229908363835	0.708735630696792	0.5287953732761549	0.21301088946214597	0.8381442250032388	-107.1581344602044
1155000	4.235708603578664	4.6419229371175135	0.8705380053298497	0.40924703072181395	0.33045806535431893	0.7802226861515218	-104.86114228166036
1160000	4.666144685873627	4.989410055947326	0.8749042665279124	0.4633222750707293	0.20154236884772367	0.7122646164499891	-117.65898703772302
1165000	5.175160769433293	6.420025528888754	0.8371457755832572	0.5346530563457663	0.22346500642044623	0.7286564097068768	-104.53483418607388
1170000	4.604706572912135	5.212625502423976	0.8933596676464847	0.6196524211540682	0.2029472725695233	0.9184459045698933	-74.47419536681227
1175000	3.9893424008541176	4.422999649564632	0.7848710377252734	0.562992443785678	0.21204967199453742	0.8446345090921369	-102.323010065164
1180000	3.9500185707856	4.568434961942539	0.7204320381771525	0.6487371317196527	0.22176767782168233	0.7577101724588032	-74.11628300688952
1185000	4.555124152743635	4.891855668292947	0.721080694913181	0.571219665371911	0.23025205359674453	0.7597849776794743	-91.80610223690618
1190000	3.85125278031359	4.390136862707236	0.7969024433663717	0.6473300927190013	0.24065868086040387	0.7276990537458025	-78.12509863239052
1195000	4.02523862372597	4.160605523506938	0.7740048454949846	0.6082106870978108	0.22261174755129984	0.7673995437650257	-85.77140150237665
1200000	4.729649978399755	5.842242471274486	0.7749234754241936	0.5197777930435751	0.24649777700682987	0.7982851158096739	-110.54169513117884
1205000	4.511778902567354	5.614735356114056	0.8146303112922383	0.4823326669906031	0.24680906706938527	0.7442931681392878	-111.47193884952011
1210000	3.8793877140596225	4.5500054411419955	0.7835722246358071	0.5394300648269145	0.3035746613334164	0.7758000861368324	-98.01712677168712
1215000	4.916170981617431	5.176282302243248	0.7500732157940947	0.5074251060811589	0.21050340638042012	0.7781881520790065	-124.07318658084137
1220000	4.603213810386073	5.795020176855133	0.8084735842785097	0.6415809383741954	0.2159914854472064	0.7671392451319733	-73.03348272790356
1225000	3.85125278031359	4.094693891021184	0.7053301270891599	0.569447468380006	0.24847085412877867	0.7202012023217191	-99.95945857196011
1230000	4.236861721599067	4.489416139718438	0.78244475111363	0.5898689947200628	0.21703032895745614	0.7436838442274296	-87.15849551354728
1235000	4.579325339512261	4.788318432487161	0.8153395525620133	0.502154934798332	0.30021869669335344	0.8788524751147783	-103.83491759808814
1240000	3.85125278031359	4.773914865424783	0.722847764183081	0.6098778671570466	0.2869727786789533	0.8118224552374838	-94.2627457117506
1245000	4.399096624888766	5.2896506807406105	0.7034256959620117	0.66493918638884	0.20020431105355666	0.9807320829917971	-83.04561615273181
1250000	3.9761285661672257	5.264583643816783	0.7020134133709005	0.4994918675797147	0.25991339903952193	0.8535791049132947	-102.7055979066744
1255000	5.003222088932449	6.080652784662426	0.7945697204915665	0.31740896363743515	0.24817021882406537	0.7126510819358417	-135.11564725504124
1260000	4.049727670715464	4.260755235800499	0.7865288083858709	0.5865661261209308	0.20158611616764924	0.784803935719081	-98.98306893571345
1265000	4.485267805787472	5.154274727490437	0.8095329165268952	0.3850347544072509	0.2983058661223361	0.777163082950577	-111.45787653989836
1270000	4.09576766745744	4.9634010022867905	0.727917667259254	0.575013849702188	0.26028712888283706	0.8542406125016722	-95.09932857826041
1275000	4.882981455545149	5.030665332636496	0.7654211960371727	0.5516000773175792	0.21059926298735543	0.785212901094097	-125.63546441765754
1280000	3.9071700429684864	5.009191115649737	0.7122380283164482	0.5249269361315692	0.25606628310888996	0.7473759402539193	-96.6352609520687
1285000	5.179137247502745	6.142462521170108	0.7952049148026941	0.48674114345188607	0.2219471515705374	0.7569238450204192	-108.2938089361271
1290000	5.527530232113422	6.518736332135413	0.7833208999726624	0.44038565428707144	0.3081750126996096	0.7451384193393418	-114.83884643426003
1295000	5.018529069413788	5.337665531176857	0.7366497938837517	0.617255219921581	0.20447170331437256	0.770484727881225	-101.2135718062078
1300000	4.364480372949505	4.373971232309828	0.8364292404099241	0.5607607604295334	0.21112077979737692	0.7215181059157727	-96.26748645176895
1305000	4.259186539316284	5.1527725680298575	0.7808653715979901	0.4800717469694618	0.21548501446061685	0.7645274482140532	-107.37529695238146
1310000	3.9083550894720114	4.677229031436932	0.8303887686270589	0.563756205463499	0.23561642208571268	0.7700901247491803	-76.5826140129881
1315000	4.499782614289179	4.897756204191213	0.8911059845319598	0.37025952943114154	0.26635937025996065	0.7701415659309586	-105.76320415919704
1320000	4.281297491945403	4.291274109357513	0.8325353971326667	0.5837361366128758	0.24221894997920104	0.7308596027824571	-100.9946025277275
1325000	4.868528789869601	6.335649270265503	0.8031214121398338	0.4831078823300561	0.23382289887195257	0.8353995808348352	-94.76868489526603
1330000	4.359005830517604	5.127589727642374	0.7436004967606855	0.5130802752723437	0.2030805792104342	0.7536292706105562	-94.64438358783096
1335000	3.9059370325739113	4.027402661818006	0.8596173856715021	0.582864416519661	0.24173736493260412	0.7171851217463602	-79.8957679633609
1340000	3.939315568616461	4.102261952020987	0.8190894412969872	0.5664655612452508	0.23035539079428433	0.7442303896037668	-85.07910053021527
1345000	4.9566866075533635	5.135369023547142	0.7916256496759314	0.41316771140798564	0.288359936648789	0.7396686968747415	-127.03068212872626
1350000	3.9484187515428184	4.001309904181059	0.8357205566093304	0.5832998809483245	0.22539325236621968	0.7446157315749744	-86.5497371447239
1355000	4.192241746444952	4.238497655149015	0.8143672661010861	0.5384774306912808	0.24376784008985253	0.7545741912597628	-78.85427679827595
1360000	4.335367683056182	4.933804515357764	0.8028794808624283	0.5442216767540486	0.20128627232605545	0.7947318656986819	-90.78791760479325
1365000	3.960466399366442	4.428845474349387	0.8102529328163204	0.5403509714903145	0.21911768947329235	0.7538759826064068	-89.8540101170517
1370000	3.898950868288302	5.5686784356605	0.7593694707442921	0.66983890493735	0.20715392278860217	0.9456337083393218	-68.8037678531486
1375000	3.9180248622251614	3.9382575326012175	0.7859477792229136	0.538931441609399	0.21157687884028384	0.851118196692361	-82.44098102738775
1380000	4.014257077300241	4.611334544474818	0.8897879950364314	0.45997275312916597	0.23200850274839754	0.7366436938353692	-97.56984520416182
1385000	4.1860326846649	4.709837438391027	0.8104117472396303	0.5996668033222717	0.21550274696041744	0.7486555528009456	-95.04444853144727
1390000	4.24460528499273	4.435133102950629	0.7765079879213456	0.6066551929996118	0.20623564560165064	0.7114924802853391	-91.75179121196152
1395000	4.249907591321584	4.2625213797064045	0.7690885462175474	0.5715405141125661	0.23623043348477718	0.7008882539983861	-92.93620264389887
1400000	4.235383361761365	4.370910876365593	0.8793780318507854	0.5235991369110947	0.23015290016250986	0.7771523499393395	-84.96358665335401
1405000	4.281907472733154	4.496499538054056	0.8604932539548948	0.5875699179373974	0.21943158568677157	0.7110018303769515	-69.95803030858562
1410000	4.303463222311802	4.733031389806578	0.726425256878367	0.7196348496141919	0.21889277831248855	0.8682730325367014	-65.35446114668073
1415000	4.27780192650269	5.120185455127327	0.7487521196618372	0.539095920694912	0.21393925077459436	0.734292478204971	-98.4342994302286
1420000	5.663540895752199	6.383945318806537	0.7206258244223618	0.4357988243737869	0.3051923150166386	0.7491378808100878	-108.8172755590139
1425000	4.303454614944222	4.442224109936045	0.8700563288910187	0.5718959154418791	0.22918781611361672	0.762547697246278	-75.208984862861
1430000	3.85125278031359	3.8724590840775663	0.891457195426295	0.6591283258290895	0.26943280153517524	0.9666877064419072	-58.390962129485146
1435000	4.774711698252705	4.933724024712258	0.7257629596786499	0.519490195503122	0.21969590867310487	0.7286403996610517	-112.77712038852658
1440000	4.056019091007803	4.150137887327173	0.7537588314592635	0.39903369031422176	0.35631783611163526	0.747634858603514	-107.69124953588329
1445000	4.099672003622952	4.652253455746872	0.8830705061576961	0.650605501245385	0.2331216031806121	0.9157664071281931	-73.1408389351952
1450000	4.962109902650116	5.153267120995146	0.825703663082297	0.4561086410336081	0.3241558140228676	0.8282171423812725	-102.18317389450459
1455000	4.997930477214192	5.2068578354509585	0.8273772387086037	0.5924544751060216	0.26165137364702906	0.93806777372789	-92.3526400660873
1460000	3.9670846546577962	4.900890705820907	0.8007592656151283	0.6781333557598649	0.20056679946409048	0.742530043806257	-51.37245664297136
1465000	4.117379113231105	4.299569436210489	0.7566223164840248	0.5510370742216741	0.2953348831338168	0.8943724102294842	-95.59568090737571
1470000	4.2763386610565215	4.333747633201134	0.8239886437399354	0.6528906690110348	0.22252607330448765	0.9669174465324046	-69.68857312907787
1475000	4.341662454707964	4.435617254630972	0.8742542294899041	0.5656138261172278	0.20794541523805182	0.7328309385130759	-79.60750464353728
1480000	3.8897535102782625	4.8995452942279165	0.8233679775819853	0.5562465599377746	0.21403302656293993	0.7906113218066206	-94.19549048990183
1485000	4.707228897643654	5.97295639082406	0.7359901832130051	0.5308429863244647	0.23918316941998843	0.710850042390938	-103.31490849909875
1490000	4.932428520718575	5.052105183791509	0.7098857345591558	0.5288000719533745	0.2256702934292911	0.7446070157415884	-112.62429436593538
1495000	4.7751344373697915	5.623677847255809	0.8369941576602324	0.5282537573640718	0.28448213045860393	0.824982576579214	-96.65347178801886
1500000	4.152492029264065	4.820600966080744	0.8681899011826948	0.5347966182625976	0.20907349428156233	0.7696347230866296	-102.99609123481147
1505000	5.175289327290689	9.293370177936735	0.7946779102020182	0.37368541546665257	0.28163739046532876	0.7481179346734609	-130.89585967538252
1510000	4.463754590607767	5.072053615753797	0.825379531918537	0.44510508008635946	0.25636210655243674	0.8746786726041722	-102.26844019867212
1515000	4.912235570031811	4.957369624718688	0.7547784035525331	0.4425442803243871	0.2887939111177906	0.7338960594125807	-107.66412242641647
1520000	4.265916695194299	6.27330518257497	0.8315902454390062	0.4826354434139504	0.29229053551170936	0.7260133412115903	-107.57215822774774
1525000	4.443105770435625	4.8863662431663535	0.7763123329628482	0.5472877996057014	0.25131595730942846	0.7330832900331302	-105.85253679718639
1530000	4.550852166296792	4.7036637206696446	0.7041086689469452	0.5605877796264447	0.2098077497326483	0.7166228982864243	-96.67224461794314
1535000	3.85125278031359	4.002569901501667	0.7593556406526956	0.5312811567256623	0.2264860393524165	0.7011573145329851	-100.71900184487032
1540000	4.154780000291298	4.601842975617966	0.742619905039409	0.6040785975881718	0.20558165618530155	0.7664321681981431	-84.02151870940108
1545000	4.509496841945405	4.806834198813018	0.7092640111633399	0.5783018792767542	0.20819730458967142	0.7570115235965654	-110.70220865998189
1550000	4.377085755742171	4.573306153252166	0.7553253833728367	0.6042194527065955	0.2388823755139941	0.708866149210525	-105.44657241086762
1555000	4.1391200975018485	4.663933886133017	0.7306994244227667	0.45013551109803296	0.262819922253537	0.7100518735716762	-102.03913273951065
1560000	4.551324550518134	6.057571043187511	0.8782267887969132	0.509707433181413	0.2034306171160723	0.753330971843939	-104.12364032662487
1565000	4.214314187042362	4.3032061530680386	0.8197221661500479	0.4468767009345248	0.24561159932077553	0.7286914958274581	-102.08126237471043
1570000	5.432650660280291	6.198348035148773	0.7741788503355703	0.39083741474015427	0.25859283001781613	0.7491490262590366	-123.4873892308585
1575000	4.478727909260079	6.247129709847729	0.8766512231160379	0.5318803491146497	0.20183298916410386	0.7564095024211445	-100.0683631500346
1580000	4.261938039020984	4.284212568156323	0.8423873040291865	0.46909124998743856	0.2512440645761973	0.7843699468997503	-101.48262202275941
1585000	4.58557388138414	5.030753328997244	0.7963273939901027	0.5558862885579186	0.22785852388590222	0.7508981826168661	-86.70276944703102
1590000	3.85125278031359	4.0173569439952495	0.7963189329743365	0.6355539486195265	0.22821340781416566	0.8196280282824582	-74.90839643604113
1595000	5.59146755175908	6.107540014961535	0.8313952702043407	0.43641252518410073	0.22780723927948573	0.7056640414293656	-114.41022397338114
1600000	5.3499238661347075	6.434078116059038	0.8134264117244908	0.37476311573784915	0.21717804166736351	0.9116430881172	-120.02450173039514
1605000	5.0563358835517995	6.420358644711963	0.8923397702974356	0.43859468388447304	0.22322653605966075	0.7846434533673152	-115.33051781238748
1610000	4.300386105250537	4.887523287081629	0.7803985314787306	0.45071923712777257	0.22454685009163844	0.7347341105575145	-108.90129902251675
1615000	4.0508627656190965	4.158899262981339	0.8619444625483139	0.6324324153694468	0.20640907973475806	0.7198931780899539	-76.57637174107634
1620000	4.819326389260202	6.863027366117875	0.7438452378681432	0.5089283149204803	0.20490334168940916	0.7406276887673562	-111.90460736850682
1625000	4.048822852921208	4.1090572740678555	0.8614950856738558	0.5601001565732431	0.21913691073638744	0.78956067500362	-86.76297741322875
1630000	4.371320261200241	4.683822183107813	0.8635489523270171	0.4998854779780316	0.20656475951353262	0.7228220206747169	-112.96133510290778
1635000	4.434477382288125	5.8435697629385785	0.7148254717369282	0.5076334675601077	0.20153623455643982	0.8338107999962249	-122.95918201862992
1640000	3.85125278031359	4.212808826833202	0.8080461205657687	0.62062511077134	0.2036957548952847	0.7517457460992834	-96.40104628069813
1645000	3.854897327827706	4.700399471212403	0.8936978201987258	0.3735708308822027	0.4087403498361925	0.7859831505039923	-109.80863216123456
1650000	3.880018071633849	4.124245731922112	0.7592680363763562	0.6610209830083081	0.20347139761050256	0.8205297797855823	-75.69034923299856
1655000	4.37538420317549	4.436766655512075	0.7125995081362457	0.6127231331575865	0.20437805016611468	0.8005524610649588	-91.20787673311207
1660000	4.007850639724529	5.261814081794005	0.7164208323009107	0.6961995560456915	0.22310407333868087	0.7443281957346118	-87.85673027907796
1665000	4.24952074495681	4.622615555104597	0.8450242168932821	0.579474975511782	0.20272479381633932	0.7098777817127345	-88.80537293935532
1670000	3.9620886927284995	4.084004110856961	0.8364866686317773	0.4261425027135037	0.2118491847051404	0.7630746474878797	-98.33796735781712
1675000	4.659807438565247	5.438504724074425	0.7194887911150128	0.46935558390105325	0.23161183153047987	0.7053644917019714	-115.06613629066655
1680000	4.423236795956708	5.000769625968718	0.8542914468545925	0.4061926242091609	0.2746658292204739	0.7664580105372235	-107.69083313405773
1685000	3.9568421105049345	4.430897148841211	0.8566655241021811	0.6202450793499211	0.2019030496261212	0.8010521919205914	-79.14860624227668
1690000	4.079807536136141	4.0834932862087685	0.7592618741759909	0.5401192690732542	0.24438279014058514	0.7609061624978813	-93.28833201092769
1695000	4.9729974078946855	5.349293043625489	0.8244073735120548	0.4763922718613004	0.20792944168939773	0.7477719985504232	-131.88575726498934
1700000	4.130159351010266	4.215951561009512	0.745650907991272	0.5892026662399059	0.2046829257854926	0.7143881255267581	-91.2434128922745
1705000	4.550847488338074	4.85803004894112	0.8603411086806741	0.43442154888192064	0.21417435433736412	0.7929963458314447	-113.96804300823575
1710000	3.85125278031359	3.9050017552905447	0.797702005410701	0.6331723478706022	0.2166832587960036	0.7896138666646255	-75.39054641374156
1715000	3.8846106566789986	4.33127582941836	0.7327926523483228	0.6152312999017994	0.23080354226704647	0.725713926669878	-78.71360335284467
1720000	3.8679064830053735	4.156795858372538	0.7652950740376147	0.5472453469817804	0.200880277791095	0.7793182979817601	-96.99768087412033
1725000	4.318643427317547	4.45990092046061	0.7652407328202226	0.4392675108971394	0.23826185374849793	0.7446906456296967	-113.30873033167887
1730000	3.85125278031359	4.8992574030413945	0.7181427754571088	0.5256281187246703	0.3969853083514337	0.7616499909524372	-98.1649053819338
1735000	4.337871902330353	4.503463795469698	0.8746036912257854	0.5376698562345201	0.30395110530624014	0.7104343355646011	-76.61819323397123
1740000	3.9134471974603406	3.951887416885316	0.7445482180960461	0.531331951682577	0.21910909136199383	0.7568466278465937	-99.13977164760325
1745000	5.436062193437106	5.464597744756007	0.7599791034497043	0.5723246825438586	0.2071111524497777	0.7953376602550434	-95.93492403341867
1750000	4.263574551430704	5.8391324569835685	0.7879237383936621	0.6010421300745183	0.2158265037054037	0.7699804609767659	-83.21271722913701
1755000	4.396626955607221	4.591665930411466	0.76762840588088	0.6192047348968941	0.20362846150772704	0.7041611505158927	-102.54754500406779
1760000	4.331984080822426	5.026824296032913	0.8170314116353192	0.5799141297583578	0.20564160105539503	0.9146928716486018	-86.33644242739581
1765000	4.024338950012757	6.689087759926201	0.7904789812013625	0.5042660958584386	0.23658563319432982	0.7205545221894094	-103.8566704877577
1770000	4.405117576288816	4.434523299395977	0.8210024555256018	0.5310615013379463	0.20278220650350473	0.752510909181055	-103.70696751240985
1775000	3.85125278031359	4.203685647290664	0.8704323154026177	0.5233430369202894	0.2163660262792883	0.7131015086162826	-81.97951747065076
1780000	3.877004467429648	4.813791566324906	0.8841595562653557	0.42996219891962945	0.27874940443340435	0.7532920655936955	-104.22120659217686
1785000	4.608980525972249	5.557985781237814	0.7049907652984749	0.5860311796250358	0.2382000403061302	0.7736655057707754	-95.56221676954854
1790000	5.159333929804821	5.259404488986046	0.8659448421786236	0.5294131554667469	0.21535934148427802	0.7048344177576412	-94.57180408684229
1795000	4.355596817378297	4.359214659177434	0.8884587826732963	0.5195170454172267	0.2077620620878431	0.7380324590606269	-98.33982250901286
1800000	4.418592573948162	4.476480921518301	0.8125522288824333	0.6251060413549898	0.2057053977847944	0.7578813920311445	-84.39694150689269
1805000	4.134944895264776	4.479320731381651	0.8675033064252995	0.6135910235811551	0.26383292509714673	0.9233390124828054	-82.615735693582
1810000	5.498769180243017	6.2612175738669045	0.7003005258912559	0.34072862775477586	0.372601193403344	0.7049322303066069	-134.97134774162575
1815000	4.734965750138657	5.812893904026085	0.8271465821376428	0.457878572196189	0.34540639850054267	0.7068570331912911	-105.96782096154271
1820000	4.13492461935444	4.755347274832104	0.7121024721457836	0.5992912481594413	0.2532093062073236	0.9045425102529966	-88.35327404024312
1825000	4.455137572556415	4.801888816847596	0.8067754272069495	0.4826388185804059	0.20768392636394967	0.7502405396505037	-114.02198015509217
1830000	5.457304355187254	7.931827728395225	0.7177558306232174	0.5256097505198799	0.24121965807346735	0.7579813353720402	-106.62606181002113
1835000	4.087182152101077	5.03847632009072	0.7401294084125611	0.6053449555906419	0.23249098040093213	0.7647058057164071	-102.56935858907656
1840000	3.9798993913587957	4.323366867952037	0.8876111221657438	0.5351310997624321	0.20689106407982982	0.7481030714558022	-89.40929034114151
1845000	4.835504087299169	5.583416300297075	0.7968611121507753	0.5435808548474783	0.22959489237900566	0.7653054504281305	-98.65130294954011
1850000	4.399963714422548	4.515165357372446	0.7382355883316548	0.5787294757152338	0.25253340840612154	0.8260893968239342	-85.90863622979708
1855000	4.223114589402418	4.329680311421325	0.8205500074245248	0.5282569528138029	0.20609138481852557	0.8483897170188118	-85.8027164174207
1860000	4.348060181117357	6.588944473567051	0.8432121893374488	0.5306377866714783	0.20372764416793712	0.7395838044996543	-101.76350739251976
1865000	4.237397242393493	4.718889168579261	0.7951424010957848	0.4609944868635541	0.2301740341806397	0.8132541540538507	-106.32966027556097
1870000	3.8715318991933247	5.389824101902551	0.7512637384671277	0.5005307240650891	0.20859211926583723	0.9306226852902463	-106.12832280811176
1875000	5.222460257195484	6.580222880330489	0.7105928652782372	0.5201070495502612	0.21030782462803405	0.7582617600493672	-132.16697241750845
1880000	4.709459601379511	5.156321190822965	0.7017887412609561	0.5685999155282824	0.21154468265038423	0.9260320318699393	-128.38645230106758
1885000	4.123477186590816	4.996874392681229	0.709216616713556	0.5984986876387614	0.21273883289832726	0.7233510296177256	-95.79485801189887
1890000	4.489842623614823	5.164145675927335	0.7141388488683248	0.525410710075272	0.24657122568238224	0.8313335958932149	-89.64360711456933
1895000	4.164348841343162	4.4016752676655	0.8570388868021536	0.6764132887480372	0.2034363707815197	0.791545086943344	-65.05523345937539
1900000	5.485758587959047	5.780776546180977	0.749919623341233	0.47786554826683963	0.2935565035407113	0.7177266471754277	-110.696052810406
1905000	4.072619616542379	5.36696605771592	0.7686937437325275	0.3892854111223143	0.35680531407175664	0.8337961032905582	-119.14196334948039
1910000	4.625750400906349	5.18853100468263	0.7793340557291486	0.477466103407269	0.21782832194458032	0.7253231644506565	-94.27103873213781
1915000	4.189574092282163	4.750677573213618	0.811139246828282	0.5846653588604687	0.2692383379812787	0.8153717704319926	-86.12402163204754
1920000	4.280724431622404	6.339937524311612	0.797988996398962	0.440630385527742	0.20688645821485918	0.8480477508830057	-107.0190046651935
1925000	4.8978431219908725	4.941126345999718	0.8819619234114999	0.6227385077983558	0.21404991601970977	0.7077693690458693	-104.57434337600026
1930000	4.279255370731163	4.6791052719906885	0.7154296392090455	0.5152154764145693	0.28919378878068175	0.7180997214305318	-108.70687205295641
1935000	3.85125278031359	3.928822538107131	0.7895965993963888	0.5810115037927469	0.30858079587936443	0.7624594812792785	-75.47631988110933
1940000	4.010057331355798	4.578164079762679	0.772201666520531	0.6276544185262081	0.20630814753595833	0.8551220679458368	-68.31798895870068
1945000	4.4472989698140095	4.463423220083788	0.8159885914142027	0.5937893903625159	0.22391270838679259	0.8129009769512111	-87.83672791255634
1950000	5.287698706460823	5.393949215934517	0.8281102761272612	0.43528208454805095	0.309921541796749	0.7112766292698874	-108.34356791654182
1955000	4.144228520161382	5.254150165908797	0.7001398288107218	0.46022729807095847	0.2478758732344018	0.7374171261442619	-104.3327699866602
1960000	4.018684778078804	4.804789442711944	0.8109230742122021	0.5004961509366899	0.23067408532774106	0.7554095316288326	-101.2999288695259
1965000	4.59528439168955	5.1002430098869445	0.775896031533002	0.5476118441292046	0.21328800359234418	0.7013164507811092	-96.91451514087123
1970000	4.673545339394049	5.582785680644782	0.8700720333711651	0.4990344678618963	0.23174243042099807	0.8000529931382157	-101.3589170727667
1975000	4.871916538153009	5.188701256601169	0.8447923499919193	0.5641540198622041	0.2175585825505829	0.8343371177237926	-96.02071980082346
1980000	4.1191442445727535	4.555860172198738	0.7219373011138341	0.5876154744157827	0.21618843426417478	0.7961153005265029	-87.58823247128436
1985000	3.85125278031359	3.8912554087970905	0.8437951547694124	0.6050260226224923	0.2191093611315949	0.7514141964322176	-75.0272614781012
1990000	5.527188911523647	6.3179169579475465	0.7751199052307366	0.5461925458708132	0.20065714174582766	0.7597292730694181	-107.07357566073856
1995000	4.086952810748033	4.489179222304278	0.8652389560398397	0.5527677160500463	0.2818227142357143	0.749756030655952	-98.36777779091926
2000000	4.400446521781339	4.588504701135739	0.745443347846819	0.5865852567304872	0.2096037993262898	0.8038460624870626	-91.89675936403887
2005000	5.451940814773319	5.845999888563278	0.7483554494869878	0.4994038106987037	0.2638447159142622	0.8545869341605041	-107.65677999245855
2010000	4.529401224081403	4.615745634136677	0.8469449490519251	0.45603670541117913	0.21429140500032395	0.7602229674771415	-106.55941992398141
2015000	4.457450605745309	4.486207176648018	0.7238421811574968	0.4829798997181109	0.35582187427128387	0.7316911553257561	-107.78522363349876
2020000	4.85839233616521	5.7265273840647675	0.7145387190708569	0.4472562730262163	0.21438897340379315	0.7476244169456864	-129.31029819163663
2025000	5.231293267714558	6.4108501585751805	0.8030064549579454	0.44875146375698893	0.20802478428222285	0.7164767517841565	-119.78942062358317
2030000	4.235870239230756	4.2618891357702475	0.7578603235952593	0.528182320829832	0.21823640720943854	0.7701681052469637	-98.82886162150197
2035000	3.85125278031359	4.461517964393211	0.8292786644705707	0.6491794022937588	0.24359807498121316	0.7836312825287131	-91.11502962652983
2040000	3.9937301386312454	5.224218963477767	0.8757146857725427	0.6036806986027883	0.20354996337315925	0.8448265718101978	-84.44728572550696
2045000	3.85125278031359	3.9656876941230297	0.8574120769423642	0.5138605319994776	0.3277576442612934	0.7220101472820608	-87.64537009909034
2050000	4.821191242282162	5.304137283214812	0.8598882247929353	0.5084652931783694	0.2675608376704995	0.8927702249813239	-105.68087044750163
2055000	4.271951747228837	4.504762739192801	0.8591390181333374	0.6832684201716921	0.24219546149715457	0.7091121155313876	-66.6235519755933
2060000	3.9529658192236274	4.176060373088456	0.7886984197749889	0.6293484509972377	0.26834445585364375	0.7850345060270364	-79.16667775787056
2065000	4.16006770001873	4.243116652414625	0.8943931847498438	0.48617302949723507	0.26191288229041193	0.7433156260967723	-94.85724149586625
2070000	4.238872674189075	4.253386496536283	0.7473244482528613	0.5241274884340221	0.2757709287475502	0.909783226167581	-88.36475384553279
2075000	3.8587952280206905	4.313268642255193	0.7472392868384351	0.6904068629072396	0.23992229764943862	0.8287425985417716	-90.09954500968297
2080000	4.13682700687307	4.454193619340298	0.8678453328873116	0.4402411988146204	0.2931019211747085	0.8277961907596281	-101.29581069285123
2085000	3.87244339196186	4.025569503404446	0.7412764133357833	0.5596759841426369	0.2306583847037948	0.8412839236968862	-89.0748164120601
2090000	3.85125278031359	4.2086101349325435	0.8753949697645694	0.5115804652736248	0.21257420750878558	0.9032680455086426	-89.21516507470744
2095000	4.896668736627239	5.4143285865104875	0.7194515061198812	0.6229305930753538	0.2052741126074201	0.7222963206530283	-95.54415204386143
2100000	5.118920130973699	6.199201894047959	0.8395348326330819	0.35262832841480973	0.28649317167839633	0.732470744588295	-118.80415532891843
2105000	4.29551700901262	6.500040763598546	0.8809740499102118	0.35820258853756054	0.24700255353142558	0.7056809696046513	-111.95654998327507
2110000	4.413385048741318	4.55350344287127	0.8490136464717917	0.6098588539393609	0.2259048279115158	0.8265736537904286	-73.68937952737019
2115000	3.865939957194721	4.43951545222409	0.7998250069968381	0.6632999204251173	0.20664029909063866	0.7609048119559633	-68.61436117655467
2120000	4.939742264592832	5.55033472108972	0.8942077105140159	0.3952633419265714	0.3077431928968441	0.7932316311706876	-100.52279819868156
2125000	4.657696864423635	5.0496644567850835	0.7299518704845612	0.4525644358486718	0.2548668547270655	0.7542114294918144	-122.22714362037794
2130000	4.247594589535926	4.271197565681171	0.7144184639501979	0.623946499440586	0.20547479254760612	0.8370137628803306	-96.1422527835542
2135000	4.224874108946717	4.339433436657738	0.7434286202899558	0.6888799319959604	0.20350529718322224	0.7068272798501444	-84.00160409558478
2140000	5.543154212644332	6.709760270482836	0.7901151297197386	0.5328491549515393	0.2096194440737591	0.7290740110647489	-99.30604375614791
2145000	5.439308235718136	6.336319975289782	0.8131132154482972	0.5909212348801957	0.20279572845463623	0.933269248899905	-90.73991984707254
2150000	3.85125278031359	5.267519124510442	0.8988623716664426	0.6503095303215896	0.23648209215575478	0.8274888640710939	-65.5941424497513
2155000	3.872412935240312	4.871360593880634	0.7524655606908467	0.503842105004377	0.3429213516844882	0.753290057553019	-91.61894610570803
2160000	4.368584477127014	4.629703106277729	0.84045505853752	0.7132846343852779	0.21177111626661063	0.7582504433017953	-45.68083006619354
2165000	3.85125278031359	4.12074557128502	0.7852490927677348	0.642186283975024	0.2043405373858406	0.9554237146666908	-73.6960521902759
2170000	4.1050808615183065	4.204728071237228	0.8348231224405016	0.609222928891008	0.20109798299558632	0.7151923987091189	-82.92995289708657
2175000	3.900948111593405	4.645457254000658	0.8328499718621707	0.5183688226652776	0.21229619609630912	0.7385526868669299	-90.7347353103126
2180000	4.050047433927806	5.2305236450052615	0.8331378812527844	0.6305108029859836	0.22262905333163902	0.8597462721358685	-75.23748681691129
2185000	4.331202379217493	4.610868526805915	0.7102621852907688	0.6261561584607925	0.20422200783960523	0.7739844468881903	-88.64733883066918
2190000	4.010843944650808	4.4664220547144575	0.7539313135287952	0.5383734245454114	0.2190440209256862	0.7459581451967902	-103.05952495080001
2195000	3.85125278031359	4.028940530529113	0.8486454045470138	0.7021138461470635	0.205669158382891	0.7898616702936332	-57.668569590257725
2200000	3.85125278031359	4.252434123332563	0.8172202019256786	0.7484846801238919	0.20402513961986302	0.8686406175926978	-50.0432298247928
2205000	4.322875885365676	4.499893121564236	0.80050648998249	0.7409199028327915	0.2224215467724765	0.8151691846830056	-55.82409096774414
2210000	4.015394046685764	4.550358245147274	0.74244965828395	0.617699048002948	0.23107508335132418	0.7802575016495489	-80.88135335305714
2215000	5.793545514323944	6.039072523959493	0.8173895140398459	0.5737341379866138	0.2116826618573	0.766135725978753	-95.08940976519543
2220000	4.760126422535561	4.96356532480058	0.7739415134820121	0.641456158945608	0.2128889540499991	0.861235159560275	-94.85427101909207
2225000	4.0888032460791655	5.742353026407392	0.8057251453807721	0.5068797155684668	0.25054094887049666	0.8125773191727819	-103.10888520141651
2230000	4.427668254460637	4.574234350276173	0.7933364636024757	0.5477154501037761	0.22412940668110456	0.7156138445801385	-105.82707491250909
2235000	4.5649304947564895	4.843419907044879	0.7275835842629647	0.5865545399821054	0.21477202830409012	0.7112051892930391	-97.49375752107127
2240000	5.0484482470178556	5.067196226417618	0.7115697172946102	0.48541141726961273	0.21819607277501138	0.8374898266865006	-93.88078288391586
2245000	4.465241109529225	5.567549565360912	0.7716686707697489	0.524974339737929	0.2358587549848624	0.8194805656380595	-106.06216067592294
2250000	4.001624062877813	4.022633893363285	0.8267838353825034	0.6638963819972056	0.2293578959058682	0.7765738450489033	-82.77431596558208
2255000	3.9330150606698355	3.9731406605965502	0.8000294834534619	0.46672942160450576	0.24708651205353	0.8570993725818552	-105.67140824984986
2260000	4.279177159108578	4.369111572800576	0.752498112106749	0.47994871788577564	0.21833859457397564	0.7230294192685626	-111.59458469404791
2265000	4.702675727621274	6.243758399074719	0.7893636246380024	0.49645693255665596	0.2090182925961081	0.7663414772042202	-113.96431320402115
2270000	3.9958015260046	4.273377720205443	0.7053693742822668	0.5857418962182114	0.23789352560489443	0.7833592742129583	-98.87730466330243
2275000	4.325609720871625	5.3263107725820475	0.8255869257682884	0.5841249488594554	0.23742003222242725	0.712736996309136	-80.84065742640854
2280000	4.0712264655939014	7.429293161269534	0.8451581873429507	0.5177661207670289	0.2471812555996274	0.7713472011017299	-92.24424815349013
2285000	4.012617885419784	4.77223439006414	0.729266465106419	0.6145678471313838	0.20758373118638926	0.942473083060416	-93.9185966996933
2290000	4.8379988036316455	5.230604721306749	0.7424908176433453	0.5822630746824489	0.2189933355246546	0.9279281068479556	-80.6386268305161
2295000	4.621229360479943	5.5709502611968915	0.810257740448151	0.5929847359154476	0.20181702540564472	0.7936690938949956	-93.74735185725845
2300000	4.791403707180473	5.004011406109674	0.7787513031437966	0.4213652850764543	0.3167113417669043	0.8476464081988879	-102.6957346579303
2305000	4.804785138873409	5.56983354131526	0.8243413526479815	0.5703928010065122	0.21653836527315565	0.7720195624369004	-100.35028013270792
2310000	4.162894257932656	4.999107894932186	0.8352641928755337	0.543450288149432	0.20263723784757567	0.7099641948430462	-97.31006910670473
2315000	5.461105356765898	5.823350100789615	0.7224702345788222	0.49875588423106276	0.24496101881385354	0.8777197481181378	-120.49520525575471
2320000	4.725916233777121	6.714973492759264	0.7104781286928927	0.5011471447777176	0.22353346603644084	0.8500339338286819	-116.18098674353956
2325000	4.763620427638101	5.870048746982627	0.8477231387533013	0.41676103053758756	0.2826025526327159	0.7831855830468724	-120.10569696026806
2330000	4.0837141380425654	5.99063644669135	0.8008959372599593	0.4210638888848837	0.24294559465796167	0.7497756577449586	-106.24428431678606
2335000	6.5273716634452175	6.8740804555842345	0.7228146952647285	0.3602458142057608	0.3349497686445812	0.71586933357128	-129.38041173518468
2340000	3.85125278031359	4.814045049538297	0.8488507314185232	0.6423203746996925	0.22939307062523281	0.7718013414648537	-54.929992316294374
2345000	4.786478061064247	6.181220944779397	0.7989782497464215	0.5949030484663542	0.27380727817518824	0.7391804176087289	-74.24961774100379
2350000	5.934789615361674	6.589856993677452	0.7914217628309214	0.4291913990700565	0.29424656557445517	0.7166446628948789	-98.25774935098369
2355000	4.2337961679044165	4.363088728710701	0.7449820457578874	0.4108461389525953	0.3102114913379391	0.7492518098938209	-111.42274141280942
2360000	4.386634652075134	4.52193163136581	0.738769460805683	0.48666151491826015	0.20704157123426817	0.8116616360609374	-100.78407963089987
2365000	4.232678108426608	5.4258534044354265	0.8005843281156395	0.6598417429923039	0.21501089403918214	0.7598343616879198	-75.34709219031504
2370000	5.638549773217392	6.10470688063195	0.8864512826939747	0.4767519504970903	0.20278260545554733	0.724947547038283	-100.72533476558803
2375000	4.818815202632603	5.818241426922389	0.8132387248300033	0.45796787110129694	0.2031843579187921	0.7092747746301938	-103.36773698819584
2380000	4.560164604178871	4.887329150815865	0.8887809221536338	0.6061412909886706	0.20181166120804225	0.742437660938952	-81.02577374809675
2385000	4.900909215023621	6.197718848354863	0.7577943046349942	0.4431021660180529	0.2998197438469491	0.7045740685504179	-123.02241518496055
2390000	3.85125278031359	3.973589114916227	0.7302535100841128	0.6061818560320813	0.2407026843549901	0.8541485110515004	-81.73608768279965
2395000	4.070675882898057	4.6949772403698935	0.7735234841774512	0.6432403047618421	0.20113213780891173	0.7629996912296414	-84.13086858416159
2400000	4.229378732856976	4.532689704294589	0.8089869271580385	0.7206874790835901	0.21235066203826883	0.7635125464572238	-70.49401571770926
2405000	4.170362980271545	4.374265260769037	0.7915214780745159	0.4136424953043191	0.24803750612803926	0.7568164432259386	-101.94551534661127
2410000	4.240357197557484	4.788013537687982	0.7374142890843686	0.5225283531198822	0.20517131870861247	0.7037074263117912	-113.31813390768582
2415000	4.285123126140271	5.816040694895496	0.7034144112931204	0.48473393752468186	0.29589148564593787	0.7477313559982353	-108.21072860155576
2420000	4.888601960155397	7.531949738154829	0.7611798148171048	0.44162263592342327	0.21760803813157942	0.7183756162942333	-148.35430375543964
2425000	5.70244983469696	7.676050348552698	0.7298604960033517	0.4895406957035083	0.23057303324385883	0.7933198952340202	-129.32300436629274
2430000	4.481496298021609	7.301768419921085	0.8749918152312446	0.46229818303059966	0.2505413247274377	0.7721190338658087	-118.30394406955946
2435000	4.015344058929608	4.024316140525943	0.83191576836647	0.5119558986949572	0.2062741729102013	0.8317085731685953	-109.87490695349499
2440000	4.036253106538456	4.203678180346621	0.8406846890231614	0.5489150585790006	0.20433447987566414	0.7218409926832995	-85.12385223442394
2445000	4.196845031713458	4.220947463682506	0.798848535459339	0.5066027391395812	0.21021481168994008	0.797572696477487	-101.23286930057458
2450000	4.266633787105297	4.281096202525557	0.7319301019609321	0.537109353967079	0.23015305781162992	0.7108825747752024	-95.17866736706071
2455000	5.307541564165076	5.476940595997712	0.8453154473938422	0.5498834571959842	0.20166534736363612	0.8634973093041474	-87.30564017642382
2460000	4.077155620309123	4.168237237264861	0.8754924750011496	0.6003897797618913	0.21635599650561468	0.8844225336676451	-81.73403001113235
2465000	4.515909711889455	5.158367950476478	0.8317211718560733	0.4119359238210283	0.22287829137473428	0.7731186123630543	-109.8579687370615
2470000	4.155193844037533	4.2492614243013875	0.7989854869839276	0.6416988442927526	0.23517197034761408	0.8504482519671007	-70.87708070592788
2475000	4.610861493443732	4.899231780047093	0.8780074968712944	0.6041608460378631	0.24232576893135133	0.723455997672785	-76.08969692800403
2480000	4.993587990760291	5.471727976302765	0.7560070190028114	0.5210394801730869	0.2294463043479173	0.8017756738013992	-102.22053520093229
2485000	4.369739667450992	4.4792459248058245	0.8209723130677572	0.5000817097324143	0.22930274431266884	0.7007348494585676	-100.78031005199318
2490000	5.007009930603749	5.533746568436961	0.82751621689545	0.4419429849872448	0.20827765042077095	0.7670902114597119	-111.7097688252367
2495000	4.493553087986697	4.514980446107125	0.7930034509374095	0.4109044304463161	0.28496017446857275	0.8233780796150634	-103.27312926118077
2500000	4.200502153540526	4.237560090475374	0.7859866060821837	0.44653945114976507	0.26801722940854544	0.8050929346841811	-115.5155896180149
2505000	4.472954241631067	4.96600728901179	0.8741202351153706	0.4117095255749453	0.2699717390613904	0.7171363485193911	-114.80391075823192
2510000	3.9100349997709007	5.42775502587676	0.7412655393577454	0.6659669027894007	0.21508231992178184	0.7157887882228838	-75.79558876904966
2515000	3.85125278031359	5.742885311707454	0.8939159274830649	0.6128420038790898	0.21984587990848958	0.7358026152945398	-90.05866460620257
2520000	4.72739987155946	6.543336966743184	0.8055206434490665	0.5151315554674875	0.2785279946423755	0.7232060576557402	-104.91339906368708
2525000	4.298819729140116	4.57861655613481	0.8530278324002388	0.49178963868583603	0.20494997507400875	0.8194282172399526	-96.99316519799561
2530000	5.034706060423913	6.464855753134702	0.7326718470714291	0.5939427202230722	0.22863335975676907	0.8643005475295943	-103.06981248142571
2535000	5.12432241036532	5.2671849922679925	0.7807014259721389	0.6331148696368106	0.21428163444574974	0.9354732092891352	-88.09890942236066
2540000	3.9426077121431016	4.672221030071969	0.8118735997873128	0.609586896815015	0.22943288799659634	0.7583708545578732	-99.87950852498747
2545000	4.716788516206829	5.46251715748994	0.838649278671683	0.5331810819921339	0.21337342775981905	0.881922756462463	-98.26909682570417
2550000	3.85125278031359	4.4488490999526435	0.8701321130899188	0.6487549532186687	0.21726912333180015	0.8173910538546035	-83.83794926436855
2555000	5.444137347603084	5.59638361447283	0.8031010312358192	0.41856323390684663	0.2359365463254902	0.7025465836222757	-123.23579783941196
2560000	5.64791186333099	6.112921407827292	0.8229305985730565	0.4770474775368576	0.22261562866379658	0.8021131715536216	-111.41523506979934
2565000	4.16994015599864	4.687810221345911	0.7516064864714996	0.41143643631019705	0.2899792774297326	0.7528994508131842	-105.1624187681293
2570000	5.171438308141962	6.806140195338265	0.7745343792264671	0.5485958116304772	0.2027851300716734	0.7029018035831628	-102.22827828508156
2575000	4.341008948484687	5.395197614960265	0.779617616816077	0.49773573672810295	0.25875353513829624	0.7845764226157461	-103.83518075227786
2580000	4.994352472356862	5.835213606589738	0.7191033659709328	0.2945546791104375	0.29144717575616336	0.7654011504427511	-139.6398706724892
2585000	3.9961301236695674	4.431310992370449	0.8565440271343081	0.6017476513138633	0.21325573108785964	0.7341659056040484	-83.14195863076267
2590000	4.3608461412511685	4.391707653837352	0.7360094163724451	0.569769126389521	0.21543703247929302	0.8191277537286888	-97.83633932662863
2595000	5.570160905895108	8.15901986054206	0.8060037010732508	0.35389487023032334	0.24015348477734869	0.7014266231357356	-136.16766823179665
2600000	6.153749228275251	6.376039083663957	0.8754868956105576	0.4259032394128373	0.21119277700120778	0.7387904716470425	-111.24433749037308
2605000	4.402028450422319	5.036302093907604	0.8384436515867411	0.6063329144153502	0.2081038572148326	0.7672253588199477	-84.07024650048089
2610000	4.150288142860119	4.337792911718577	0.7592667523401126	0.4834134795989193	0.2773059256239704	0.726051764123018	-102.52240027020841
2615000	5.128333382188418	6.329670360616349	0.7448614490550572	0.6030568654650659	0.2374092755900011	0.7767423544080395	-95.80748941556081
2620000	3.9670442840751354	4.143731828800967	0.899565147626598	0.6398955653140511	0.21511569344342296	0.9017460102855523	-78.2097364141257
2625000	3.85125278031359	3.868296009611322	0.7335499445267194	0.7561173464834007	0.2018362060123865	0.7621224687484117	-56.3952737839218
2630000	4.334949854781734	5.339872821933701	0.8081062546154837	0.6910481584185088	0.22381407870516182	0.7763498135785682	-66.74800919106602
2635000	3.886863959795372	5.621135984882253	0.7095878119752588	0.6996271634066036	0.22674485015696763	0.9211308587629786	-73.80159505281401
2640000	3.9936668713843306	5.437945696746046	0.8203209373112874	0.5730107735219744	0.23440299807287263	0.769563377598842	-91.34956848586305
2645000	4.825614739910249	4.960476482412219	0.8201961712070058	0.42095380889654077	0.22705543833160782	0.7007465257863374	-109.7921359428399
2650000	5.005951712666481	5.6212160897869055	0.7502452827998187	0.524704741301753	0.22985080960719206	0.7566357773038597	-102.7341516358585
2655000	4.7367911998960395	4.805882987270979	0.7575519352392858	0.43864807461184163	0.2080252552615789	0.7341121150704605	-120.83315197047554
2660000	4.366489094508021	4.478223769157685	0.7534154448821485	0.4950577442755558	0.2446084005866989	0.7433688378269788	-107.79000623157856
2665000	4.483020772445756	5.250440255345812	0.7195236234067319	0.6816696561840225	0.21632128851387056	0.8461476252402536	-89.03062967477135
2670000	4.259320116912487	4.460850484443814	0.7856507853158741	0.5586146769998348	0.20072211776932555	0.736088693925445	-92.115867466736
2675000	3.85125278031359	4.212755780263265	0.8510012046527602	0.5836760346940029	0.23302700692226708	0.7488840344960435	-84.91648327934936
2680000	4.089894048145224	4.641356217442335	0.8423980181735474	0.7234256954967262	0.20528669083019996	0.8588403734541025	-70.20504146415232
2685000	4.027921241131787	4.568662468784771	0.8761184841303034	0.4402243149743079	0.2806520155495448	0.7428957046114516	-92.93741442970031
2690000	4.258050416139189	4.847903445096051	0.8218848981950346	0.6925791299100144	0.22693118888935848	0.8158917378488465	-69.28105602191783
2695000	4.553573096566409	4.671157376639092	0.7670773282806721	0.6023849251741102	0.2251230310020005	0.7411211926822158	-92.38456956106683
2700000	4.10417368209493	4.143917555677679	0.7892009840396963	0.44332839193013557	0.3094915525619932	0.7997751301190692	-98.27431063711944
2705000	4.195578298907218	5.088310858676581	0.8887861639362514	0.4943120025717353	0.2195014245368251	0.9600715675281098	-103.52598385075044
2710000	5.254439883592356	5.321118117714045	0.7143908787041136	0.5808591249074492	0.20669154358173966	0.8769039768347526	-98.16881031391176
2715000	4.178040709515449	4.798831309551442	0.79431512754018	0.5153360134356663	0.25931027172936805	0.7890930897451544	-103.52802249757431
2720000	3.8791238632600615	4.33431598559219	0.7556940802928889	0.5588797846963511	0.29002075060572313	0.8237090116295693	-91.96554303268599
2725000	5.776054099399939	6.515648876824837	0.7256426085287206	0.5317147641400277	0.23148284246978632	0.7069015244614628	-108.34839544095868
2730000	3.85125278031359	4.026406473713268	0.7791268030760344	0.5678424664020328	0.2447858989245515	0.7823174895136519	-102.4051853388774
2735000	4.52862508328073	6.291465860667807	0.8255444867540132	0.504976264811606	0.23478283000876138	0.8016983304498384	-82.42499471844474
2740000	4.630433675924644	4.733372301016247	0.7108381289917404	0.4055876706741136	0.2503669749992681	0.7442915624635864	-125.4433439205998
2745000	5.115879418873695	5.212400039386651	0.7383462081481181	0.49675585660137966	0.23008911304327267	0.7341650753822583	-106.60613535714577
2750000	4.046409335586303	4.2768146170836685	0.7629464584769238	0.5679472649335487	0.21427965986958586	0.8202219635836057	-86.65284403769377
2755000	3.85125278031359	3.914917616593527	0.8071411896365582	0.6687508569052075	0.2548552134001274	0.7048001324245625	-59.984265149606934
2760000	4.611941071971338	6.9053311230737675	0.8607354105846153	0.5006835733690529	0.20722021420771447	0.8695154432568254	-96.9000669057975
2765000	4.258593292121244	6.664535853630677	0.87608043670382	0.32861759803560914	0.3378344505879448	0.8257191562649067	-116.54812908117495
2770000	5.139190007712905	5.555719938680408	0.8020844263149796	0.5309670140111761	0.25353803382678336	0.7003012068063708	-95.563331264418
2775000	4.21996496076051	4.494644335927537	0.7002971978758239	0.5576571374299317	0.27583115348729803	0.7039113644902892	-114.36769767523316
2780000	3.85125278031359	5.149282166013451	0.7609238794293879	0.577698432137736	0.23595740473251944	0.7878785174849715	-83.89934160056131
2785000	4.398897843769996	4.449389380974106	0.7758737051154923	0.6290928755755293	0.24952978401734888	0.7745497573878867	-65.11934176244938
2790000	3.934871480079177	4.513847816491333	0.8684477148235633	0.5511653371188011	0.2002197628808389	0.7152517950147025	-93.59698829261754
2795000	3.8823621123730856	4.323618018034566	0.8914305372129967	0.6688423908186201	0.20173500069042277	0.8611379083498363	-47.924103501727735
2800000	4.181230311824861	4.860219761113873	0.782283916631815	0.6654452784463859	0.22049491278820707	0.7464903119704229	-75.52661617273856
2805000	4.351013130664615	5.145281867255281	0.7652565655727016	0.6146483999564308	0.22706300857545877	0.9250970285236534	-80.89499829095502
2810000	4.32729511007916	4.593099475200389	0.8316364175013707	0.6048373423341739	0.20541867185541646	0.7059398455373476	-76.01307415608292
2815000	3.9349731951116467	5.333513453570728	0.7148829081860476	0.5633758231651046	0.21343892042179058	0.7757173973448704	-97.91005951309188
2820000	5.814823630969411	6.0381538881285906	0.761345321775184	0.5212484292384021	0.23835058506463466	0.8051799385520158	-120.18235772494882
2825000	5.270943640100375	8.0616901366301	0.7150602532583367	0.4078075923900972	0.2626242040941902	0.7586826254115085	-115.96119984704703
2830000	4.529529438503794	4.768297390644874	0.787951434750577	0.5362423206635326	0.2321318772792529	0.7200154636041084	-99.41163598324928
2835000	4.6432815731924535	4.9225338214968355	0.7415360197158033	0.5996006910743487	0.23407840090137583	0.8432486178185669	-92.59992572455559
2840000	4.001191946666388	4.07066934016615	0.7610074971828286	0.6046346293009389	0.2304782966779693	0.817940298185278	-88.38664281293833
2845000	3.85125278031359	5.063284342287302	0.7599047532953505	0.6758868478595381	0.20421419403767066	0.7137766652467332	-82.25200482077832
2850000	5.561245897766795	6.133997357509677	0.7343805993845001	0.46545368115984415	0.2538080538615775	0.7462102223311845	-121.12695811018713
2855000	3.85125278031359	5.57637162283875	0.7936353865997756	0.5748698022359099	0.2057301077447386	0.799303146932199	-87.49297438501503
2860000	4.905941929168258	4.953048150302275	0.7214863126290215	0.5587194156815505	0.2605957938967064	0.7350491245951429	-102.87173739160855
2865000	5.876605635905062	6.059077629575796	0.7451436120390451	0.4441903708186449	0.20273857298111428	0.7807728943747324	-123.68637038344394
2870000	4.469027113962567	5.024342288435843	0.8631099405472139	0.5085940543811109	0.20485790335180531	0.7014003293169317	-98.42599199395016
2875000	4.208884200268358	6.642700922457552	0.7321527321528298	0.589307995940982	0.2304649317333921	0.984186138330833	-98.89670963402142
2880000	5.6363442155298005	6.655401793363999	0.7389444529703761	0.4647979918650206	0.24497528699589127	0.7090175554064239	-107.67525542390717
2885000	4.218071130705076	4.4706747320212825	0.8133307316654468	0.537011013442484	0.21680704033796697	0.707782587692133	-97.58994210642462
2890000	4.443830797208973	4.912928624226783	0.8312833454362426	0.45915446186298564	0.25451291124054204	0.7054135238009285	-109.02727638092824
2895000	4.892851023512781	4.895599281825653	0.8642765605666989	0.5331794797233024	0.20519296401855275	0.7200439477742953	-90.58802207820105
2900000	3.9519466925399778	5.81605636248473	0.7441507662255081	0.6898905971034769	0.21746245782645868	0.84893740105157	-83.36809407997313
2905000	3.85125278031359	4.7673305443590595	0.8367825631851137	0.6205133756278928	0.2055903355485819	0.705573422452026	-82.95461622824106
2910000	4.036290184150512	5.430544327665239	0.7460857954222228	0.518923302721358	0.28460574956222373	0.7827971229470961	-103.79125840647964
2915000	5.090911696659158	5.950770520206617	0.7740292221321087	0.48651803947330435	0.20715782455037404	0.7071641172763596	-111.6876078334908
2920000	4.617851437215081	5.712141391883248	0.8226545045100294	0.4583882830012442	0.26092834420890404	0.714220239994667	-108.18506865464482
2925000	4.094899995329797	5.560528300917827	0.862757095642827	0.5093347503214465	0.23115004093385083	0.8602392794179775	-102.79709251387865
2930000	4.011756323514724	4.7566889511813555	0.8359304203837032	0.5291668322792822	0.2812835000854838	0.8610266570548293	-91.11875021305462
2935000	4.024180201838431	4.110460512446635	0.7793915783852342	0.6327971277050185	0.20019906050322678	0.8457092932845627	-96.89677260544332
2940000	4.364046621443552	5.119299791878889	0.8544051414300228	0.5780703333827281	0.2210454832645411	0.7315049762898902	-94.3895930818426
2945000	4.521750452720576	4.538000363682384	0.8200478937366259	0.5840844413923478	0.2174496871594396	0.7006867749541194	-101.29373860939012
2950000	4.46123177143658	5.296371226735366	0.7089360556687786	0.5717583335364367	0.2035194784159201	0.8609635745465017	-103.30614866434547
2955000	5.854895095927091	7.413131012308838	0.8535041856008241	0.3769009320066822	0.2536651311089214	0.7065402828756628	-116.96728234617635
2960000	4.88457613851336	6.403171394807895	0.8350631055431332	0.519213272156713	0.2318017255852304	0.8519248653339799	-103.88886332387759
2965000	4.041105921184388	4.113733158693783	0.7261419490703838	0.7135419506190771	0.2123612757605367	0.7859958135559683	-79.59800167675087
2970000	3.8927419043459395	4.7989283434563195	0.867343693634208	0.6316143427074686	0.22029331727712023	0.7456256534465452	-66.44109482500741
2975000	6.319245797897147	7.94530827545059	0.7403448975738466	0.3783711594334755	0.32229032640415683	0.7105944259441463	-127.65912133160822
2980000	4.212870654730211	4.629397555424305	0.835601166158091	0.5686256664618181	0.2127787280562006	0.7719738340190393	-90.76597041397878
2985000	4.0031757590853925	4.690100787040545	0.7858350353144887	0.5196717960287085	0.224517012196338	0.7520955542457526	-84.78645264683001
2990000	4.578189988463401	5.045432604700267	0.7908172110293343	0.5074686228460596	0.23795831839520004	0.8986288770286974	-98.28310865475058
2995000	4.405875524176008	4.70441720156696	0.8768520050778456	0.5854914886044519	0.2086809918084215	0.7463902216368358	-94.90869710512288
3000000	4.153778450632593	6.884875150557103	0.855540861362737	0.5428098420883507	0.20703784533357036	0.7566644304182282	-81.13625912768245
3005000	4.571821666631045	5.293647690334792	0.7543878858804205	0.5541955070701501	0.23733886751923974	0.9265787151569681	-88.58878628629347
3010000	3.903785408684945	4.1390606596157085	0.7742268320928252	0.6022320115075974	0.22944435346696762	0.8469322292207139	-88.58676715803469
3015000	4.411609436902532	4.574130449267649	0.8119765886278262	0.642708784196768	0.21899096249242267	0.7716247615778254	-64.37317093717351
3020000	4.233584766463344	4.303759761782608	0.7397324307559028	0.4582522105654511	0.23809508417532954	0.7065503070413214	-100.78249210144705
3025000	4.01539367957555	4.178497841958173	0.8784485265915813	0.7210328594988017	0.20045934895223688	0.8631326599029316	-59.511809927518705
3030000	4.0104126576189865	4.842988171971269	0.730696337199258	0.6986286131873403	0.20676935323605986	0.9561793681057464	-62.74324871877754
3035000	3.9193804910844934	3.9292744472131247	0.725711950953158	0.6595579235665752	0.2128966434652563	0.9111241970721834	-75.5152126521094
3040000	4.1881055686609745	4.657165827892846	0.726588844687445	0.5597455103797574	0.2368404217854539	0.7152531344923447	-95.04964605934464
3045000	4.114740312600698	4.644368459852682	0.7994175456066172	0.6249770930851225	0.20946393326445029	0.8078331700211949	-81.15326801066456
3050000	4.067908963563041	4.153018502695482	0.8726274917767778	0.5060047644042482	0.2254963133245219	0.7395066039440148	-96.55580399117628
3055000	4.026407540706837	4.312882611304213	0.7680248733803472	0.536166179903944	0.22484280146846186	0.7058222498155944	-101.84318570257398
3060000	4.819093009837883	7.9436490593218405	0.7176288894408583	0.5121499153339151	0.21126324310969463	0.8099911496513389	-115.59807480804429
3065000	4.509795212305677	6.2633533750177754	0.8458306564142414	0.5219161932333133	0.24202902413866217	0.7239311247823192	-94.99872612367665
3070000	4.614273928436191	5.755689823444967	0.7789387342896948	0.5162498884843841	0.21534941754133338	0.716771819790967	-105.27805246741758
3075000	5.273960088622091	5.820016213076416	0.8077194799714909	0.43619013133375223	0.2237523274799144	0.7855818457147613	-121.45732631978362
3080000	3.8911226867602835	4.2468795354925515	0.7831051994779973	0.5522431907123959	0.2117665090965846	0.8838119365697672	-91.60838630559587
3085000	5.100429567140384	7.407304121737068	0.743083875782776	0.41086261138208885	0.24463857325719413	0.7153425025347256	-126.19892278255651
3090000	5.064681066649494	5.454282290330534	0.7642656486374738	0.3938719682436464	0.24777351086981322	0.7091381461263687	-119.14682070872965
3095000	4.306410305913268	8.073020051207987	0.829219862646818	0.5749270129074485	0.21694233417559827	0.7633672098943198	-107.1381312001742
3100000	4.276123952260132	5.4221627290700996	0.7484308568999437	0.6391254666237228	0.2202027215987197	0.8071595719691214	-98.25548447928927
3105000	4.009169745447997	4.082196458960267	0.7188783848221932	0.6418414988725374	0.2074608394195565	0.9110944818514782	-75.42133046690566
3110000	5.086231723609455	5.366251525172525	0.7971714251988974	0.48108763015035566	0.2205888976712064	0.7951305311554251	-106.64678240710015
3115000	5.500735755259704	6.483015944239351	0.7837394514035392	0.4229093593080604	0.3326162021528062	0.8341410870788895	-117.4843779473758
3120000	4.428822116246024	4.537021192704305	0.7323609795792148	0.4679927631876156	0.24340377667368687	0.8203381414366099	-109.81259227920916
3125000	4.539211537278829	4.996737356908851	0.8775802396773676	0.49688260426091774	0.26839846884626417	0.7828500322026009	-87.94306849285809
3130000	5.437415705398957	6.077511030700801	0.8294313102671258	0.44695600984108774	0.2089605390550427	0.7011899000215074	-112.80251642712761
3135000	4.5814141713190475	5.86892713635456	0.7348596031151154	0.5026795040430454	0.21157886817411367	0.7922527352142494	-115.1151216508276
3140000	4.06428654440071	4.476853706704794	0.806657702163765	0.6861146829056189	0.2272263169622375	0.8274772731417305	-68.66308442783227
3145000	3.8711524808425493	3.964039247113743	0.7317064132143685	0.6278814644836324	0.2019987630743457	0.794461703334332	-82.10128998925052
3150000	4.39121718371125	5.377391009766138	0.8415138586006803	0.4640807132384876	0.30024179598557743	0.8124575890138175	-99.00960461696164
3155000	5.618309533085483	6.236370426528136	0.7035973147897171	0.46944087705765836	0.24060875311105173	0.7449388161841659	-106.04060288053455
3160000	4.378426725418355	4.500306162281186	0.7097101083518536	0.6177991305308781	0.2237456231151383	0.7758881177688671	-93.57911780025148
3165000	4.069414689506778	5.129438012120246	0.7423258233857434	0.6202874245589379	0.2075302399068418	0.882172814895771	-84.49333589332076
3170000	3.85125278031359	4.963796613710933	0.8433956786921598	0.5397214591109579	0.23188186477884937	0.7196359173113982	-84.3040193909116
3175000	4.824508494133158	5.404312011279318	0.7541360309576609	0.3977557945085718	0.32578104213554904	0.7999294247864422	-127.6979704125147
3180000	4.214851378796947	4.4148067708326275	0.8181844029922093	0.5767478369278273	0.2343354304312695	0.742800394182941	-93.04275106481637
3185000	4.035776408100681	5.146938613761283	0.8844429882738246	0.5665619938762053	0.21393076140762987	0.7343174128746517	-93.97926349433925
3190000	3.85125278031359	5.622388608860396	0.8043444409607818	0.4925498586331836	0.24883196349602257	0.7051602166288002	-106.0960955659192
3195000	4.142989745746539	4.326729140286433	0.8887265837209197	0.4945764722581215	0.308470336902038	0.7084873814291618	-93.57132465954285
3200000	4.151169910365578	4.195677347138223	0.7704473278079697	0.5157832090689561	0.22844931310242375	0.8377521746966187	-92.86284505864415
3205000	4.239946045617849	4.253567650258605	0.8819677596324729	0.545615961300656	0.23771356534358268	0.7520359919370667	-81.86967794779068
3210000	4.160181164920088	4.489388781061501	0.8172313422267997	0.5211559835066099	0.21914775612994167	0.7048349764662762	-91.97759004029592
3215000	3.85125278031359	4.269314366968163	0.8879667710197325	0.5482569126877739	0.24106078948098297	0.7242163572796061	-95.69435879747746
3220000	4.087094723627359	4.566871281900643	0.7701995394031409	0.4651496665249721	0.23454486622519213	0.8915233236425982	-109.98387829895742
3225000	4.468066067878425	7.184800837076277	0.785111704619783	0.38718357333242304	0.3221221812839045	0.73796291279326	-118.42871584774352
3230000	4.501856329382351	5.825060828258856	0.8607071252532841	0.5273143171793665	0.23540683000910403	0.7676194419446981	-95.55845343670342
3235000	4.28211106188961	4.637978994290675	0.8466029678415299	0.5178103165335456	0.21511710061959277	0.9184111217584722	-94.58053676799142
3240000	4.955315111967024	6.71139882044798	0.7025232156413508	0.5035066954345377	0.29233411525588116	0.734584368844537	-112.97699727901087
3245000	4.229056029327309	4.331681954985397	0.717527800923441	0.7439511047270206	0.22239914822651868	0.8447768171761816	-80.97905952141886
3250000	4.378380732703036	5.891373707346453	0.7705918717499625	0.5165690052753878	0.2046587342979785	0.8851247578438487	-112.79220475049866
3255000	4.410425437158199	4.511267256679957	0.7302205838905605	0.5389204403506905	0.20509000227037297	0.7021677333171626	-109.9200587877246
3260000	4.507408991888524	4.550994934300204	0.7963200234036077	0.5221478228858791	0.24080534436312281	0.7446014325995818	-95.62723010592583
3265000	4.5430222819344	4.753564331272868	0.8681432569155011	0.5986708734604015	0.21623897941769488	0.728142371563065	-92.2374590486865
3270000	4.738891609889738	5.655478509762746	0.843376023164765	0.45402885841291374	0.21028347418710633	0.7059979464825643	-103.934657798111
3275000	4.873771935964929	5.532729556994078	0.7276241451728452	0.5174852749272587	0.232976712287766	0.7453017557674103	-95.74398913981241
3280000	5.675400549141043	5.918719117813602	0.7075772439584371	0.4071096779510973	0.23660817188200609	0.849865489893965	-125.31803674578714
3285000	4.836934395838046	6.4105424737931225	0.7944787667234388	0.4724651769698118	0.2146589714322161	0.7090929227932324	-115.06941030452654
3290000	5.1730699093807475	5.600051231874913	0.7522622991838955	0.5325303201389484	0.20364563805724636	0.8307191238785365	-115.67367377539182
3295000	3.944686803195657	5.3957231083240655	0.8734867590978771	0.5341987770448468	0.2326440504498965	0.8355347215711725	-91.45899628758585
3300000	4.2134480641738055	4.924873349111441	0.7237029534300632	0.4712524104553531	0.2809414479461973	0.7249278037263286	-105.7076956299228
3305000	3.9885509725406814	4.14400864048254	0.7371608903442891	0.633848413051734	0.21837203573697367	0.8665437034281608	-78.6642901272723
3310000	4.0814195123426416	4.597003268866432	0.7565080066116588	0.5638322211399784	0.21242253064885086	0.710589339895627	-90.2510465207551
3315000	4.788307902009067	6.778475473427636	0.8769213390850291	0.5625761486822922	0.2604645770438581	0.7644562708093444	-98.0266281450456
3320000	5.354065055058842	5.356456236580096	0.7050400830077931	0.4471725900007646	0.2265296390929459	0.8278792561787394	-110.67974201676796
3325000	4.516257249808381	5.000438329781855	0.7370915614635472	0.751596299434756	0.20118164090410623	0.8956402343761375	-57.028496807173
3330000	3.9898104049523364	4.300318190073757	0.857950355999248	0.62775157122507	0.20001042482706483	0.7874919601204962	-76.20061534138097
3335000	4.450409010534832	5.8030206453783455	0.7077945773032723	0.5148912523241329	0.20001734827035356	0.8073874234483502	-103.12927559166917
3340000	4.1314456650325475	4.453833442841494	0.7105751029854058	0.5119509669654569	0.22079994602049013	0.7760499321666987	-109.27684282490213
3345000	4.179916704008347	6.450925170345775	0.742602126825991	0.5659097448369862	0.21706561950283676	0.7576680012362172	-110.6641568698441
3350000	5.975756181234499	6.1829396032196104	0.7343749940121396	0.45714722475525466	0.22271755914751482	0.7040037241838072	-123.55519685243425
3355000	4.485115037405938	8.639461532829754	0.8978897100543273	0.4257900224335215	0.22805993336504432	0.7421051196608182	-100.91391843539273
3360000	5.7223362914911435	6.141156632917377	0.7281560402148055	0.5523083703525035	0.22325818872786352	0.7320627883886753	-111.76121730928969
3365000	4.728374874402232	7.090676754799638	0.8583204136156787	0.4643909158518424	0.2602220034845742	0.7109516722861826	-129.79218368422704
3370000	4.042173439248979	5.224729535155345	0.8008439984741282	0.5335151825758286	0.22644365162045219	0.8765544407188809	-100.10767647768378
3375000	4.379195563755532	4.57852704122783	0.8822871078225705	0.5918401134903172	0.24660901116827838	0.8610625731308567	-86.62739606144623
3380000	4.557968202400405	6.699360080824055	0.7648975661452149	0.5700951363748078	0.2201024033539952	0.74124747160515	-100.96439117159838
3385000	4.365478275337609	5.211669225607682	0.8611798803212759	0.6102643113742681	0.20934074314394646	0.7962886259136297	-87.05439365381221
3390000	4.465440701829763	4.516746716354536	0.8029298734590212	0.545444263699568	0.24795537975131685	0.7211415147058597	-84.6042940492535
3395000	4.31931656013519	6.4166306589170965	0.7010890204484646	0.4598969335814632	0.21577728562739637	0.787587131660671	-107.68069496122283
3400000	5.384314497818047	5.9402551635912095	0.8398290990396536	0.45053973249293955	0.2129110682138108	0.7782683753061512	-129.67252592644837
3405000	3.859367380695761	6.915594789138476	0.7135761209122337	0.6573015888498964	0.213639890277406	0.8723105582772793	-88.35816986231174
3410000	4.103418175628265	4.399891304793082	0.775364965870437	0.6315923553256655	0.24045788532284443	0.8078661453155177	-96.00282558242193
3415000	4.26408892152865	4.268804228115302	0.8626567642628521	0.5163950446458206	0.22614666909130657	0.8866106397333537	-101.85543077176999
3420000	4.274268353328987	4.961082303268549	0.8666212118172578	0.5893492315156736	0.2527206881963019	0.7887847280116096	-83.03025398687365
3425000	4.773088006882714	4.96986834674257	0.8452506224082491	0.49771543252132194	0.2163393827881514	0.8265445229391706	-103.44765360003109
3430000	6.379503717041614	6.71624572602412	0.782531747141316	0.4282371670594149	0.24332957204950673	0.7424251923044849	-114.92228232397386
3435000	4.156639202271503	5.434741256252226	0.7066546329869916	0.4320340696091561	0.2362579870338627	0.732507606171738	-112.28920285513391
3440000	4.117306472006375	5.269325566428293	0.8039202385460111	0.6647113095146527	0.20611991341340533	0.8632972554556413	-59.302527568525484
3445000	4.097631184115961	4.503377256154077	0.8880800552149843	0.5801341716138093	0.20881231032328137	0.8309724777174272	-99.24882891673806
3450000	7.246693854500358	9.169998348301307	0.7088517587612689	0.5388065212831972	0.21161673519008453	0.7299877864144528	-100.95321316754877
3455000	5.566499332965943	5.606956626262054	0.7186786338297042	0.348059256692468	0.25276757592557947	0.7350616083799574	-129.21054545062472
3460000	4.081265298680294	4.945453741479544	0.720858047604067	0.39781428515841405	0.23725890004098135	0.7040056610653249	-115.15149264926649
3465000	4.858431173817205	5.465994113695944	0.7807361111345369	0.4314429418527245	0.23157465804869898	0.7022328978314536	-112.11019355905557
3470000	4.17451786619479	4.815270447625197	0.7884632955930726	0.4860923013648638	0.334506665445076	0.7031307533435986	-103.46495472576586
3475000	4.132451855439771	4.2121980144003315	0.8963359708783446	0.6263379245610561	0.2034027592601348	0.741008387307561	-81.1155132822955
3480000	3.85125278031359	4.631553390053925	0.8289857285573591	0.5869044170891594	0.2155977822880247	0.844289425984342	-74.97779797263252
3485000	4.860162765105803	6.4485394123316455	0.8163046614608735	0.4600965597135714	0.20511652493931712	0.7366898084506617	-116.53867144764456
3490000	4.763572735922142	5.4196915670865415	0.7567175413188056	0.457669990377694	0.2249935192748284	0.8169575572326473	-116.50724408171217
3495000	4.389742328134075	4.522663374262735	0.7367461941119344	0.5155210172128886	0.2064987025403779	0.7950703373535479	-94.66913932381092
3500000	4.684717266703369	4.756089159580355	0.7352692427820752	0.6567869842299706	0.20377770675441714	0.887160146010587	-96.34674999235034
3505000	6.395095942032146	6.451694310093266	0.7102162036465713	0.4186671042225465	0.29890273528234507	0.8247708543115052	-129.41031487569165
3510000	6.183924350598567	6.468803203133106	0.7122427678605088	0.5414728037268232	0.22048505428533022	0.7812342787351827	-113.06438048863197
3515000	4.69268528943926	5.690664680221681	0.7957725948972026	0.5830591227324153	0.20997600523050705	0.768375290833572	-92.88713396519262
3520000	4.162079352006053	5.120505439982571	0.8102924734720168	0.5023098662090264	0.2033110186088786	0.7103230757709563	-102.03884590590471
3525000	4.39953862356135	5.865754276161029	0.7028658952892537	0.5929392853347176	0.21465310723772646	0.8317015293640089	-105.8887105964437
3530000	3.991889669725119	4.111065016216008	0.8962520046857075	0.40344110192100574	0.29390580619654055	0.7266057928227387	-100.32815112149657
3535000	3.85125278031359	4.585861967107911	0.7878688490934045	0.5110395555884142	0.26306180122623807	0.7182109518093549	-101.84874547646453
3540000	4.893807295104997	5.6023947836599275	0.8216744278685907	0.47960743228122515	0.2274922154009187	0.7806963158958266	-93.98213746422789
3545000	4.070148124497929	5.370294953789117	0.7178340066932861	0.7037170296772655	0.20916110547194142	0.7522163217191337	-68.99073637966822
3550000	4.189915631177665	4.349333153115912	0.8934564773772479	0.5778299965138023	0.24050914945376473	0.8149540182089956	-76.87288315278334
3555000	3.85125278031359	4.2518933878802105	0.8167977764382764	0.6605067572004126	0.21371236312570618	0.9953801031440391	-72.78527480486196
3560000	3.980571249442999	5.092874811755248	0.7973575271459828	0.5987497390632427	0.2126517747629018	0.7825789953374492	-97.47732805089692
3565000	4.015344285125748	4.073945466123704	0.8981973991986345	0.634947071619192	0.21222837089614344	0.9111327347379562	-76.34058134018346
3570000	4.30492336325041	5.33085682543861	0.8181731118013366	0.5561915726665003	0.2128485018282535	0.7138491518175833	-94.63505193111757
3575000	4.304383668488524	5.101961295044377	0.8697095032023758	0.399816587860511	0.2967445408171412	0.713067838199357	-113.92498484967362
3580000	5.133278007409113	5.516858254041959	0.7035668965048417	0.5416669660618109	0.24435206637365814	0.7314436836318181	-118.82204444448311
3585000	3.9369758961824077	4.247758058641024	0.8218024399982379	0.6536446654526935	0.20143869999102995	0.869031261666944	-77.7817267417866
3590000	3.85125278031359	3.890247815395246	0.8843456741297502	0.5763224391803312	0.21291366399300218	0.8812002283176396	-81.13230542819068
3595000	3.85125278031359	5.308727835185548	0.7636475557676312	0.6013623536356348	0.2347677634367487	0.9681458680974282	-94.251349548944
3600000	5.49946789025958	5.851187719042863	0.8253702218769783	0.26138915640807403	0.35258607995845687	0.7551096165101278	-136.7043408060736
3605000	4.939645462891628	5.525640114503244	0.8447860083011887	0.541621640668229	0.21520079880378076	0.813640355227031	-87.33409669222115
3610000	4.355474845866476	5.060853597479033	0.8907997661640136	0.6002286244048842	0.208200435893899	0.7121903253231238	-92.93129999406852
3615000	5.330609095335281	6.373293948300057	0.8339952354116645	0.5931160932291939	0.21262144860396362	0.8662163435388353	-93.75896496052539
3620000	4.141898465791549	4.333944216567854	0.8551606159589159	0.581312994355526	0.235057631203965	0.7883914944811453	-81.0677607566617
3625000	4.0205918765506805	4.167483330555856	0.7183680393580275	0.6795547847797249	0.20606548917579703	0.7598620996529871	-64.8427398250362
3630000	4.280645807754695	4.3157786077382445	0.8299964672699297	0.6263961941773759	0.20122892563039094	0.8461384820854869	-76.90523082145822
3635000	4.635939859843169	5.678513332274121	0.86662717357408	0.5360667907941693	0.23859234531520954	0.8028634893754837	-86.6326600604967
3640000	4.59814217541704	5.219935108567472	0.7879845129786637	0.5913246473824808	0.24707849101648455	0.8598232793995599	-84.25708054219274
3645000	4.420672237690345	4.499326451993499	0.896293122116037	0.5256942898066184	0.20538887797049865	0.7145278118791817	-100.95016002354797
3650000	3.978551271011362	4.308685638933982	0.8367013205974145	0.46387761158389673	0.20926004031781006	0.7600752402272066	-102.85403408001011
3655000	4.643518612134865	7.0778949070932144	0.7388161326667516	0.5259891568050983	0.2384000340321346	0.7549995445825051	-98.50621374792578
3660000	5.323979114691657	6.706414127224379	0.8177587987491836	0.5097435001500032	0.24413384407453975	0.8255100188521078	-99.67570679310455
3665000	5.138834646775639	5.999749145572725	0.8299089814286527	0.6257591947090708	0.20042121045732944	0.815433596188673	-81.41923920982634
3670000	6.546312847992941	6.84538337450313	0.7243277124833866	0.43641805202670564	0.2331636556195686	0.7297838119553827	-119.02128697172068
3675000	4.665058138621092	5.214352009083642	0.8991359477911096	0.4232463189642019	0.2569913519563174	0.7343826013491045	-91.1985201525242
3680000	4.256419639932023	6.259254891334892	0.7131774809144409	0.5148246132909805	0.24554978869989427	0.7793489240683672	-103.84707929443354
3685000	4.4622518182522635	5.178226917785759	0.7758354452916787	0.5814541192494852	0.21485904097108893	0.8587085488879249	-88.3915222137469
3690000	4.205858242352021	4.411815043164576	0.8915334837328958	0.4816800921265613	0.3108381637117166	0.7676145144717482	-96.50055795093945
3695000	4.514296443217353	5.308073805460216	0.8572430823755749	0.48911218927341127	0.20452865172318696	0.7156249355377815	-96.53875750228514
3700000	4.750754169880161	5.702899586684112	0.8437618221975385	0.589184292247682	0.25110800791693294	0.7247122391385895	-96.01012949111916
3705000	4.168994343417698	4.613050842707194	0.729593171052996	0.5303344816838395	0.2026256681315666	0.8925292238917555	-111.72677876046623
3710000	4.908506763588711	6.301363717935216	0.846630537865358	0.37006407914330847	0.22615476931880743	0.8019339827488843	-114.69077390646291
3715000	4.166107255498293	5.0327150987683575	0.8208162926986201	0.4734094547108699	0.2633801954334011	0.9449920325340742	-106.37183418623465
3720000	4.685827724086259	5.501963469753089	0.7489262376188159	0.5291366453203473	0.207616877857638	0.7382033392948829	-119.8485959556084
3725000	4.666491540279576	6.800407332344259	0.8719020596134063	0.499488209255089	0.2662070163803908	0.8016227462592102	-94.47390994992085
3730000	3.9861192067027695	3.9933561652808405	0.7734862217845239	0.4972216238406709	0.23395469217841908	0.7826088320939192	-107.67165577224301
3735000	3.85125278031359	5.45944217751303	0.834131727847383	0.5835317648727393	0.2230205113626713	0.7750834029829282	-83.43525281039985
3740000	4.278066651768341	5.308576979258917	0.7174200379519227	0.529177953412837	0.2091631841246328	0.7507373642619524	-96.9770870202
3745000	4.590239599618616	4.730360124954663	0.7316870771770165	0.49600639408866143	0.2089571266577923	0.7720860250631472	-113.11548659495693
3750000	4.410333837299184	4.421807409956737	0.7026852353336939	0.5994622385035738	0.23001357953677243	0.9244715769798764	-94.49507121346676
3755000	4.583607071725434	6.809537162570154	0.8265237230808329	0.4503792180878117	0.2226093599688536	0.7027264300000392	-118.08011070768745
3760000	3.977906507820114	5.482968523503837	0.7165013898795397	0.5009464835100875	0.24165465869594127	0.7172333394072035	-109.81685247933612
3765000	4.696527630778734	5.518651491709543	0.8323505836055228	0.4677097935998908	0.2923330248707655	0.7566780533580384	-103.26635393680604
3770000	4.206001990138224	6.185226559792343	0.8837575730750548	0.5097983571502956	0.2179495872451371	0.7048449231510271	-104.6752088656009
3775000	4.24708879100473	4.518698983511585	0.7195170714845672	0.5697153351884243	0.22412515158834975	0.7212609995381305	-102.26014781139995
3780000	4.730406722119706	6.322849657805657	0.8719581551121404	0.4421367169504041	0.20034658946155726	0.7005769849932447	-118.26959672298503
3785000	4.944295698409509	6.766096685690296	0.817905244137884	0.4306299021434348	0.21465372867692512	0.7856702630573347	-119.51738853063131
3790000	5.1400143340948015	5.4014095430413445	0.8255596528208171	0.5150926999208431	0.2126032705908228	0.7226731717919255	-104.91444392539844
3795000	4.125588330643938	5.785415102137471	0.8267823030978538	0.5260279654373375	0.20999830724444093	0.7222553442495556	-112.5102760408021
3800000	4.079594097857488	4.574672164427098	0.7817110953562056	0.620784977770931	0.20003853043549655	0.748339345879068	-94.59577282668923
3805000	4.701365880175221	4.783404098863356	0.705806538196543	0.5988418765409964	0.2050077820351504	0.7699926874786593	-94.30791471893627
3810000	3.9446351538914706	4.283428155346108	0.7671892231935328	0.5842334948812391	0.23449572632332955	0.8847331699316291	-97.40599278652445
3815000	3.957459794714627	4.128711660864594	0.7468473088314619	0.6056945753150006	0.20235374034939901	0.8295991777574211	-99.38216297467463
3820000	5.224454692669292	5.306942147526698	0.8150071116347382	0.550745589886977	0.22725319230128221	0.9199543466697674	-88.99101360544861
3825000	5.36837351131689	5.772330386614163	0.7225755551767856	0.42545737602843237	0.21328191993493442	0.7810096423499748	-123.54175733448147
3830000	5.309023444521416	6.227739208881926	0.731680937918654	0.4405721847081836	0.26568878149082886	0.7461222594553274	-100.09454657975016
3835000	4.033955484030704	5.253795279710631	0.7459350301759552	0.6682404641555915	0.20603200253018514	0.8105961990628963	-69.16832571404376
3840000	3.85125278031359	3.952875720116034	0.8786250448959843	0.7062133589100538	0.21581769921303856	0.9150677788190809	-65.4536627896394
3845000	3.85125278031359	4.4511280983299235	0.8053061743544698	0.5407172437935716	0.216402062613592	0.712525432006208	-93.26356119057664
3850000	3.9230715488392947	5.00325182944736	0.7933647652135704	0.5873922518627477	0.2023722242734721	0.8247683080428374	-85.5485057475729
3855000	4.64504573847248	4.76746396440001	0.7361040321873041	0.4561017212259753	0.23818843629330005	0.7058099757388453	-117.49645407358167
3860000	5.60862858864004	6.504166874634717	0.880048601323726	0.4727345663964617	0.22266365261126114	0.7064274979338094	-110.78776504314845
3865000	3.9350817964947855	3.997995350895978	0.8454855535606924	0.6366878118440841	0.23732385922387814	0.8678231080456161	-62.55849236888402
3870000	4.183987214692234	4.278858258128682	0.7127275496534405	0.5912914544560307	0.20446363881665156	0.8129166001729787	-92.91426717349287
3875000	4.1191594290421785	5.215389685982407	0.759315437972822	0.5656289862634344	0.21230794625087865	0.7345305009933681	-96.22074004013862
3880000	4.313103881985098	5.628148597150304	0.7048610248661658	0.5834987724218683	0.20587686227794436	0.7892057719891504	-97.24319883517586
3885000	4.209189097994269	4.852256113070057	0.7995344652812135	0.4169448403123056	0.30594468246675977	0.9567076184367942	-105.2741554329476
3890000	6.229339465633893	6.473966367698253	0.7022498113985289	0.5110841782655818	0.21677049528981074	0.8588464514784866	-112.04942328132654
3895000	4.733400308125563	5.439462680227849	0.7024860286404571	0.48004570717716266	0.2199646614985335	0.8138740922961047	-117.45417253598089
3900000	4.16005925236586	4.761881188448202	0.8885966414500209	0.5692880419898559	0.28054096388375993	0.9467933436267668	-73.57833997035152
3905000	4.462162932616049	5.021867109137343	0.7917616893129765	0.6485542103275972	0.20250834059152795	0.7920617459685099	-73.04317771022079
3910000	4.9459336215473035	5.793154081098378	0.7274998631882508	0.5437400771019645	0.25464632082981437	0.7159156366608741	-92.71649862206684
3915000	4.077012229766927	4.205479761881727	0.8215310865095564	0.6221022170124729	0.20742866201688392	0.7388355476023868	-76.99971777477361
3920000	4.065296070767782	4.233613750971179	0.8739687662017982	0.6273997024401585	0.200316661073801	0.7979918374817794	-72.90671150498434
3925000	4.333680882386625	4.66537845340829	0.7689100093065592	0.4640146948805776	0.2896518974287858	0.7230473483827252	-106.73471840049928
3930000	4.632468601384597	6.594184308467748	0.8353970240234109	0.5378721478336842	0.20605647817476003	0.8250408911368954	-104.28813809560432
3935000	4.58890166962005	5.376939423853357	0.7763206258469221	0.5154689819420188	0.24074714478859935	0.7056787452011766	-102.56817799048781
3940000	3.85125278031359	4.256335468157825	0.8326370379493565	0.5231240957737084	0.25742996227626935	0.7820625638793561	-88.4605402673887
3945000	4.717485650677241	5.028470144044817	0.7692280001064844	0.4720674112931536	0.21594487305823232	0.7124076182281747	-101.68712808460114
3950000	3.85125278031359	3.867701440923772	0.8548495964926308	0.6103472492209263	0.2116783979694629	0.9509728801680798	-76.62097869179851
3955000	4.30982989658627	4.836118385066724	0.7116292670156367	0.515566808282566	0.24775775798136665	0.7044998415659626	-100.7434858755733
3960000	3.85125278031359	4.188114892806803	0.798864390189614	0.5378433687620096	0.27916940197053197	0.7818759305681787	-91.30698130654679
3965000	4.561440077924059	4.961556703369872	0.7967174330824212	0.6230648330465575	0.22453384425185002	0.7830874760773363	-87.30055985811202
3970000	4.426186013962641	5.053147490468811	0.7722709507007336	0.5360844419005335	0.27343479767650763	0.7357850948310302	-111.65253081758595
3975000	4.167128534329149	4.436940276110292	0.8513520447378553	0.47520188130747654	0.20005105630206235	0.8168650656876835	-89.6232800233704
3980000	4.326856908765213	4.395414433154205	0.8265042559732099	0.5769553773663187	0.23200474906544927	0.9977290558312599	-76.32127463951147
3985000	5.250841552029019	5.832285811876669	0.7016526961980823	0.4760667416251627	0.21072118920553293	0.7627061911023147	-106.76182742258223
3990000	4.232465459719629	5.900044903059446	0.8469420508887787	0.5198743651411847	0.23271150818279127	0.7480640168315242	-99.44647276131576
3995000	4.4774136765982675	5.345425331747631	0.769131115550281	0.5033038928454657	0.2780468392995051	0.80001433044666	-106.3201156628325
4000000	4.113590589927628	5.527521851551902	0.8876326475838253	0.5943769619963338	0.22918018565590562	0.7407034837423767	-95.74771020264546
4005000	4.400645154053826	5.27271601851095	0.7015946479535676	0.5955968234792355	0.200723922767664	0.9860777009203004	-99.07057017127048
4010000	3.85125278031359	3.8934968617924244	0.7623502358011188	0.5794943013323247	0.20218480041961237	0.7639954478960493	-92.01495527824162
4015000	4.362217978924995	5.329654750040773	0.75271608608429	0.5578115743595278	0.21755659435070127	0.734954885314262	-94.65751429438285
4020000	3.934469986586942	4.268687755938439	0.7285922534816656	0.45533723153002165	0.300653509961326	0.8037618366447796	-116.68017335303793
4025000	6.2547154123552895	6.401513519177961	0.8272207587395343	0.428852305634885	0.2791058943732025	0.709061311928046	-113.20339142997199
4030000	4.656788075383095	5.201187978617472	0.7262655630839596	0.6304227517603977	0.20010196231792973	0.7092468031870286	-94.63002566273775
4035000	4.154273294138112	5.197290032394097	0.776878554284896	0.5554375820894905	0.22177870213034873	0.835335569152435	-103.46120098479372
4040000	4.337053165950639	4.8357749732084	0.8890159386024286	0.5539906294681526	0.20311334953795826	0.834131893391872	-89.97236040328238
4045000	4.9691121607732125	5.479149222270308	0.778015378837585	0.49800098530631476	0.22658665071210513	0.800333459125654	-96.70047877467499
4050000	4.0655733523432005	4.323073564450487	0.7200101127565762	0.5920077302619394	0.2136435314884924	0.8712077585384184	-99.48315899369624
4055000	3.85125278031359	4.101536442270332	0.8771297072758198	0.5950526276361898	0.2075411613271702	0.7616877145000132	-87.9236707981747
4060000	4.978517383145767	8.425623630496077	0.8731608378909717	0.4521032503720358	0.2237988342520062	0.7060718545397889	-118.13463049799401
4065000	4.037471086996523	4.502176855180749	0.7916111754827018	0.5609247793806404	0.2519065040826889	0.7484740153165361	-94.1840281766334
4070000	4.828741050569492	5.432948891231243	0.8426787870919569	0.4180723455610732	0.26476192002737875	0.7332789499689468	-110.99725157207826
4075000	5.263174018274118	5.7807359600315955	0.8994303426704039	0.4676450867762174	0.2227032283460479	0.7495287764601484	-116.6207457573615
4080000	4.417066716359047	4.816549217718421	0.7184186250029515	0.566408032626711	0.24102250706477388	0.7218895348103499	-110.71427888352528
4085000	4.366426463834598	5.222335226059768	0.8076428598478532	0.5724079808003131	0.22162529069977432	0.773611761710962	-88.65341942172395
4090000	4.4845703108265855	4.834423610076275	0.7416800733916785	0.46328926991972974	0.22150790212193472	0.7905060494398517	-113.32445785388157
4095000	4.377315561768763	4.591806371401564	0.7041692008182917	0.5643943725171064	0.2195470239206314	0.8977956416483656	-98.6274187718258
4100000	4.194790874140719	4.251955490887087	0.8113709877870995	0.5512338110333507	0.2094729083589782	0.7403212391084935	-99.88015384127186
4105000	3.8826269536076934	4.210140865739551	0.7155366628546981	0.5063983717992501	0.20793725130727683	0.7946031436447335	-98.99720077710589
4110000	5.601473460343783	7.704208849993423	0.7399861840887691	0.33131639787541717	0.2671933652779773	0.7342999565275569	-125.01187201177757
4115000	4.1340743676709115	4.302105742826554	0.7464376923911815	0.5471813127838215	0.20924642947602967	0.7105886864612277	-108.54407951243988
4120000	4.498797236681072	5.814732691782907	0.7458822052255834	0.4783212513744484	0.24273891539146775	0.7636636386729934	-116.63426887926545
4125000	3.9979929463134334	5.234645341048374	0.741626756437767	0.5757189193892165	0.2234749703895755	0.752889557876954	-98.39724590115105
4130000	4.027106796301968	5.152359914458752	0.7568966317984293	0.6209328453610988	0.21915733739504364	0.7332855699492814	-80.83067937537837
4135000	4.145691539900192	4.801233378944276	0.8221451888537793	0.6193514785259332	0.22383887495295496	0.7021974398847601	-82.44588750949066
4140000	4.467941522499105	4.921272074221199	0.8677719555602955	0.5068402308442612	0.27124719708440775	0.7129513180695612	-94.42694859079305
4145000	5.614893780537697	6.811569419127689	0.7940855321056866	0.5499535021523397	0.2143157150193927	0.8120203219474379	-98.55266386275082
4150000	3.9609101132170874	4.546766552258091	0.8019544504393344	0.6482991622542651	0.20863718647528334	0.7025211618996475	-89.58725378734209
4155000	3.85125278031359	4.098839560106329	0.7051917127609645	0.6392142757836599	0.2242316876594084	0.7165199388427572	-81.46742409643329
4160000	4.639916861221087	4.90658990342295	0.7088286704764607	0.6355638412552785	0.2110684987204533	0.7835303948633408	-89.82019969129047
4165000	4.818233290159142	4.849845270090081	0.8054901258152926	0.5196600764713565	0.2173171552132721	0.709287230284408	-107.19240112560647
4170000	4.183489602979056	5.129877295747133	0.826921301930069	0.4880912921618929	0.3241796829630653	0.7058182094732872	-97.49378943877363
4175000	4.300383435809465	5.873318634754858	0.7235272234069928	0.6048064529095735	0.21110512480250657	0.7208138149519991	-76.26927086904433
4180000	4.480688931761184	5.4096325325015115	0.8410849495100496	0.5883207340410523	0.20054270104528396	0.9137757041825506	-80.30629639778866
4185000	4.190040603502558	5.31337914283869	0.7811438772099296	0.5484903332833944	0.23115616117092133	0.7378665064766373	-101.74391566865552
4190000	4.177667702423609	4.288168823588503	0.8344431825706501	0.7084915697011371	0.22433120294563016	0.8424469587071021	-58.9702339333684
4195000	4.7846366626528924	5.195342165638334	0.7576383395260698	0.5192097914328129	0.23343958641693294	0.7272415422468208	-90.38286525577769
4200000	4.0733638199123074	4.332351799348575	0.8203849529842696	0.5407711719724397	0.21471721587242806	0.7415955667045234	-101.08259459775448
4205000	3.85125278031359	4.06381185550938	0.7694944268745072	0.49978283799730655	0.21994399728171626	0.7307365303072166	-98.46825881812936
4210000	4.089233544079917	4.300058039947064	0.8407122800950403	0.6089528715519522	0.20794780166045607	0.7498235833487988	-71.11435654332055
4215000	5.174483198598317	5.788530948794421	0.8559374596624959	0.4397303600143764	0.23963607993084038	0.7214646512877919	-102.92922889058482
4220000	4.64635434978291	4.910751265327414	0.8935074418610831	0.4999366455291713	0.2729840162323138	0.8590732761228451	-95.30003593239297
4225000	4.631661626024636	5.3115952527585355	0.8819899765528227	0.5851457965894468	0.21524997549414618	0.7318650948271358	-98.6524290305342
4230000	4.467746118832992	4.804927717703629	0.8570777925115969	0.43020573670582346	0.23104175486009168	0.7579427816610307	-113.2462780463683
4235000	5.08667416663995	6.0900281241989465	0.7800804903889298	0.5127278169530912	0.22159213922957907	0.7746301870069204	-99.68446131070263
4240000	3.854318686106723	4.005635337056689	0.7428935078433478	0.6221371200340367	0.22589549035133485	0.7195060232664604	-71.77691915455512
4245000	3.9519288405241646	5.710963043982605	0.8108362171985928	0.6055581421247556	0.21206940634420726	0.831305039347679	-84.03492360522375
4250000	4.061284713296675	4.261296595453207	0.7120401642643545	0.6085766673895471	0.20903984656985228	0.8508540123775402	-105.63233759839363
4255000	4.363404380813459	4.719254803860216	0.7361139111910795	0.6716779355774936	0.23309356567798464	0.7100018287389337	-78.04803387358214
4260000	3.85125278031359	4.143615567989752	0.8261431066040968	0.6611869387191278	0.20621299956133926	0.7671598881872282	-60.01322045053324
4265000	4.467821106398596	4.567407649694247	0.8375243671910284	0.6101956474638157	0.2372292308641468	0.8980560585649934	-63.92255243723218
4270000	4.290843751662314	4.413964991827202	0.7441726099917481	0.664748456133854	0.20442326149262927	0.8634270550394573	-91.12792268999519
4275000	4.689281743424089	4.994251262212108	0.7134632722441987	0.5110564461431514	0.21309571403697064	0.7773744615601226	-117.56693722316493
4280000	4.513951921911175	4.561927698213845	0.870681725599636	0.545889125255053	0.21304048424104957	0.716995596695007	-96.8023983040049
4285000	3.9158841900717762	4.003524166848543	0.7751250138290605	0.5023665694318292	0.2646505315702117	0.8765213674492542	-89.0063673698586
4290000	4.841211442975927	5.010159155990628	0.7831817132459561	0.5811128625096197	0.2525010889794755	0.7211075708950314	-91.81559220262872
4295000	3.85125278031359	4.212511255040822	0.8818817875502903	0.6354856251968966	0.25506725505510214	0.7874076702506532	-70.69818050575736
4300000	4.52345238271183	4.81498261702799	0.7323556847816121	0.5780911044661083	0.22973843695170673	0.7998719365249075	-82.7929837276566
4305000	4.239284648661523	4.954248988396979	0.8735710786073286	0.5469325189320869	0.20145098452109064	0.764899956607619	-88.33027547487006
4310000	3.85125278031359	3.8701555090959165	0.7400815227042867	0.6534713920990756	0.2096026599747942	0.8661334811806417	-63.050092469164746
4315000	4.285638497898221	5.105865806892145	0.8375824280990949	0.5340023230175593	0.20860395285259448	0.7113062945577857	-85.91773606645216
4320000	4.0656596608184765	4.568750025693177	0.7087177073324346	0.7164464185970714	0.20012634251099892	0.9676139673328705	-58.57543917720919
4325000	4.22316708637785	4.438128364580484	0.7500113290879041	0.5415834133606352	0.2478316332203496	0.7214177533680225	-80.58672499241115
4330000	4.546907089669376	5.02927228916844	0.7415542615778368	0.5879134108864752	0.21541185312761038	0.7920875685585266	-93.66108837721671
4335000	3.85125278031359	4.0239700634045485	0.7940703213499768	0.64678876377126	0.2020975846162453	0.7232759126915436	-62.49682569932547
4340000	4.028451881665741	4.382972343804615	0.7338816707734866	0.6720078767646512	0.22756799027131488	0.8347634255513074	-71.69590308186187
4345000	5.020897597089642	5.435912467832695	0.8409300841136482	0.5278231543072577	0.22694591872425882	0.7128488010015521	-102.08932415782084
4350000	4.270820429682607	6.012852876264037	0.7476984500216756	0.5210825656698428	0.2116040093892914	0.7102847042804621	-107.44611279360012
4355000	3.8809827314667107	4.9767883332843965	0.7121770480944992	0.6260661539550362	0.20771155657356105	0.8333104259383831	-84.69100433751487
4360000	4.305208015665537	4.326178344359931	0.8413154518442598	0.4691294914682428	0.35381931545032963	0.7075586345207532	-104.25991784804043
4365000	4.7296435531174525	6.105749975287397	0.7648229474176285	0.5221000778761059	0.2548069695271328	0.7128006352522983	-113.1100497982662
4370000	4.129870402611746	5.534218353146103	0.7065087260480118	0.6324898973642131	0.20887994902644347	0.7390919416711181	-95.75923957291533
4375000	4.203184819328143	4.2661293410668275	0.7649136225274352	0.6856410731906214	0.22019676191717294	0.7381259494742544	-76.99002767128275
4380000	4.151166572566911	6.722718638411465	0.817733627198739	0.49644164642121774	0.2583786188018088	0.7439846623683256	-96.83702786025162
4385000	3.9927708698905153	4.174842737818674	0.8918035712399344	0.5650108176284115	0.22328996253875885	0.9576847931546151	-74.19895529106867
4390000	4.073806718204973	4.5738172925978855	0.7677480786721093	0.6761568486182508	0.23055582392700338	0.7685154851438993	-79.71769300456916
4395000	5.282806651457778	5.819090007805442	0.7351231523053797	0.564289091831778	0.20819727419680734	0.7565686529485546	-97.36932471831
4400000	5.244002305039888	6.294025369462642	0.76941345198685	0.45250826660327914	0.2378882108966684	0.7369240835293888	-108.89636626105812
4405000	5.56312264369505	5.758114210278034	0.7338424526120845	0.48544007815231416	0.22599169759641258	0.7043359652502921	-124.90053631296288
4410000	4.2126198509583315	4.453945266306973	0.7446866121991602	0.5187991009999652	0.20567057435622726	0.8110960608591514	-101.43408356717205
4415000	4.1270808446151985	4.514308129039558	0.8344282703185436	0.5170447901656963	0.24753230344131869	0.7162519999901171	-101.57105078043597
4420000	5.273459628026224	5.780758077562767	0.7193870354898972	0.5259498846416701	0.3098659069787882	0.8093838049787804	-123.9741009388108
4425000	4.282432543973242	4.384493247194627	0.8209093151867939	0.5887427721122618	0.20677032367222262	0.776281763163443	-103.36142101336313
4430000	4.075293186554407	6.967036288119311	0.7415476778072031	0.5946635932321724	0.21028134574320997	0.8274597724990126	-94.91566047822192
4435000	4.0546958556944555	5.816814115281003	0.7591403269255128	0.566659562417017	0.23190603130280418	0.7919791200125678	-112.65128976483203
4440000	4.442432648637394	6.325188157421574	0.8665774160072869	0.6031389711523195	0.22216072061344616	0.7700742752744187	-66.49512463337555
4445000	4.674290408362446	6.352599449373443	0.8884314390667086	0.561583014941202	0.2671716028673429	0.8504519973407699	-105.88012454524991
4450000	4.048834204780368	4.109685747431605	0.7811927711362634	0.5666282986710938	0.20886210273203304	0.7260972202574109	-94.82557521297835
4455000	4.136488064308096	5.072938947604913	0.7127755365323817	0.3064842117889731	0.326335489107304	0.7928252510844696	-121.61028743805085
4460000	4.759004435263339	4.812015138240595	0.7918716634468547	0.5128513505319151	0.2184287053786144	0.7511051493899089	-102.06720641838365
4465000	4.213739022063497	6.101904776422728	0.830745232934833	0.5030299202830202	0.21194390240233324	0.7762416859508267	-105.48646658345487
4470000	4.9403084065810505	5.451445747110992	0.8093371616763422	0.5165131236581912	0.20137323253519496	0.7514101199677203	-125.97816567207505
4475000	4.422814576915598	4.900791132371599	0.8149680468796444	0.5841221543335715	0.21304068719655392	0.9610307346285039	-81.16283116145121
4480000	4.329862535705816	4.435080465449872	0.7684311516862611	0.4092250251612512	0.3084600421595181	0.7023948723163782	-104.68853791053249
4485000	3.917802032416848	4.413217610997981	0.7683553957356114	0.5897704415501931	0.2449870957346779	0.748863204312397	-106.13325396871946
4490000	4.378864983901843	4.97498421858682	0.8227777904630674	0.46916829999645576	0.24102994648851125	0.7336698445163021	-107.64990755766368
4495000	4.556503664619232	5.090448399281151	0.7095208139651825	0.38976974944640896	0.33762197182747083	0.731340711308835	-112.64407180035056
4500000	4.229428131065445	5.215749208572152	0.8467044302044028	0.47464637514476565	0.3007631025617208	0.810448609075925	-99.1458389870825
4505000	3.91291967004633	4.2303620446810255	0.706489077612821	0.6197794594482681	0.2053558449338502	0.876984919805938	-81.86760914518374
4510000	4.54401210242083	6.150060630601784	0.8216390860531502	0.39631323204106955	0.20281821605389508	0.7004063658067384	-108.37782940890855
4515000	5.629020685873174	5.706916843857502	0.7490928743339907	0.6108796467106431	0.24451226691205813	0.7657370834579467	-97.73665431593204
4520000	4.733978270313341	4.868739763492009	0.8379418528050804	0.5942037273535806	0.2104510951363216	0.7172547144045145	-105.21989681039116
4525000	5.4587509553255265	5.917130800847607	0.7191009379682013	0.47336093897471965	0.2233110320699205	0.7421938184160922	-120.366886878723
4530000	5.941683474358724	6.718122430951585	0.7858181475951953	0.5652685267475911	0.24253781477376232	0.7114338587659681	-103.58678189369607
4535000	4.70526956704711	5.355678112329262	0.771287101958125	0.5184412269665196	0.25772036140426896	0.8198415516424563	-92.04710015925235
4540000	4.03246688416074	4.168614901492521	0.7026117256099079	0.6039169606471534	0.21204669555773353	0.9822454677739767	-95.23426916129193
4545000	4.181897817807483	4.84208727110712	0.7395611044505785	0.6376475661386477	0.21908775536363226	0.9474286733860717	-72.66458359384595
4550000	3.971337867995938	4.392295346446669	0.873843957637319	0.4991610447266732	0.202240286043468	0.9177626668145777	-102.37832067277745
4555000	4.026012811837695	4.240875959220521	0.7146482956701281	0.6939027045112128	0.21506809461044413	0.9032660299165605	-80.31919243400472
4560000	3.8965956956392267	4.555952156333103	0.8904378873736575	0.5870991277320597	0.2239228017420937	0.7620062860106945	-90.72263346527401
4565000	4.054163482547922	4.7290812276478125	0.804378315620781	0.6163970119810877	0.2222803968532671	0.7791193574506579	-85.92868235223293
4570000	5.428404603227901	5.621888245133891	0.7595643435970171	0.5190304273277769	0.24600921912447007	0.7181266783232827	-112.64161401006993
4575000	4.598789912125881	4.834980867828777	0.8928928978770577	0.47908868346292915	0.21674275761798034	0.7044605208555234	-98.22186519809617
4580000	4.196755774103008	4.5672319498781855	0.7283585110856311	0.5110800548196589	0.23226602335406127	0.7182719858749282	-116.29805729512961
4585000	3.951502016319677	4.405390721455162	0.8617592044628231	0.5133088469103712	0.22785894583322078	0.8013950772438384	-106.34469782364758
4590000	4.55443036104181	6.21784244018177	0.7365167669973117	0.46805152779756026	0.25640434648178145	0.7246414998526759	-110.42011638882963
4595000	4.676557924169716	5.510825294633522	0.7128590335080868	0.5243585378256982	0.24749212606097967	0.9256445627331549	-112.1140089605253
4600000	4.086673916979088	5.013025320529276	0.8910360828460849	0.4973810262324303	0.20129911618925364	0.9402386892205736	-96.32446189955712
4605000	4.618513714430089	4.848080115335031	0.7462729602312098	0.5749108930367662	0.24452899411023657	0.7919577439075219	-95.36069876569326
4610000	4.167526519209196	4.677615078942569	0.7138891678845389	0.46121519205582884	0.2979384501067811	0.7342303659692834	-117.56167505715811
4615000	4.900351504073758	5.447142292310661	0.8473766526803965	0.5047777714436549	0.21748442620811478	0.7408797851496028	-101.3557975707138
4620000	5.150860012492446	8.177779899713022	0.8681936658807586	0.4839864202362007	0.2109473348245634	0.7132197346269199	-98.00949441947554
4625000	3.8943413827022324	5.267696799367114	0.7035986879234273	0.6157303524735087	0.2276124237496903	0.890810774903019	-107.23513183566993
4630000	4.902610884644183	5.201841124397191	0.7250835125785775	0.5465768321115869	0.2196845803275626	0.9028648012582552	-102.57211830934497
4635000	4.9852557558884865	5.162164014859918	0.7367583754463378	0.5146171090591052	0.23095968632585967	0.7964454207822156	-108.91802982716632
4640000	3.8783553720438078	4.0699444642505345	0.733097349237347	0.6144221000262613	0.20263085236344272	0.7871906190689829	-79.43716868230186
4645000	4.910485690045537	5.097825681850241	0.8568493935792197	0.49364934639475405	0.3385220726217848	0.8760505627144108	-103.03319534865494
4650000	5.1177352000629925	5.332413980372446	0.8079341337761756	0.4613031473017811	0.21572358820011436	0.7317330272060902	-110.91959346033275
4655000	4.9833392901014815	5.793523862529376	0.7922238402424437	0.5912365030247292	0.20684865463691157	0.9814975489973766	-101.64160115049756
4660000	4.530697343381932	9.322340054861264	0.7873412707309803	0.5297449897430399	0.20041966257674948	0.853772351356632	-114.02064111229083
4665000	6.811443437240833	7.302675617049651	0.7105683596403938	0.4919140439005814	0.2267911128148613	0.705862485686606	-117.82183968682938
4670000	4.152576085343888	5.027437682119668	0.8030371220917352	0.5736680828703792	0.213557967175622	0.8952398822865317	-93.75428346656409
4675000	4.462320903276776	4.525808193939318	0.7603371627453871	0.5591923823085065	0.2003644067810412	0.8031891918947514	-92.3307427051349
4680000	3.9339540526334105	4.208360075782176	0.8921771539678803	0.6258017024086171	0.2345087230881697	0.7724041888371509	-73.29181590637475
4685000	4.26261267132705	5.013612497619245	0.8208565564842077	0.5686153840073773	0.21229815242387357	0.8394393189490429	-81.30208940533717
4690000	4.973094273322004	6.576323271784679	0.7362834015090928	0.5817896527273502	0.2094682688956688	0.7197015790845253	-108.83983195478768
4695000	4.971213027179842	6.064636189819948	0.813333750100229	0.5340764666269563	0.24258176832156844	0.8074226752361668	-105.80672038479082
4700000	4.608085951559635	4.8293972172504995	0.7422061331705031	0.566343422734583	0.22680835146176972	0.7555458845646861	-95.88063182063178
4705000	4.12499600950466	4.17757154783385	0.8673956329109264	0.5801621539224996	0.25289702823755217	0.8133398336871362	-65.15331024155356
4710000	4.390559276161789	4.591892713815296	0.7089269484636449	0.5519829364391551	0.24217133125582127	0.8706656567987814	-102.25048922940351
4715000	4.052401407621285	4.311272513739005	0.7627485184437406	0.5589122972961454	0.23237727713411344	0.8386862514184461	-90.83483750141716
4720000	3.907572937892016	4.597550348758668	0.8995197103816427	0.5792460122397489	0.2292199623308359	0.79507151073602	-89.41669883845023
4725000	3.85125278031359	4.412476675986519	0.8270135916233666	0.6149757909774993	0.2351502668091865	0.7825163845661568	-71.228952652634
4730000	3.91046915994322	4.062867358554782	0.8665620498588943	0.6742956523568334	0.21497398600137924	0.7235056617777281	-66.98451831263625
4735000	3.917441453321761	4.444387760219571	0.8064094221099345	0.5566518001084461	0.2231848225604905	0.8034135139731011	-98.70875143221616
4740000	3.85125278031359	4.2501329481444134	0.8595135086907103	0.5276676356900164	0.23293427418411128	0.7493441402213543	-76.60000669380804
4745000	5.45936477420747	7.2025606011659535	0.7083043840766018	0.504274605656395	0.22122610126649478	0.7336266217037408	-111.93308337790393
4750000	4.743132106782788	5.816603862493559	0.74451435388591	0.3990645886959206	0.20874171933073704	0.7848405312923584	-131.584896003927
4755000	4.643924331414301	4.780889545702653	0.8268936702579315	0.4902242496950131	0.2028786250807088	0.8372564453803729	-106.21419130760631
4760000	4.239350716359096	4.605554700307138	0.8873257877004272	0.5276693178712478	0.20440581215258632	0.8145278695932909	-95.29788729414435
4765000	4.040708466366864	5.29732084304944	0.8897852775056236	0.44151614140600376	0.3651534105059636	0.7061047116929589	-103.52661630776532
4770000	4.077061019015184	4.927972009462311	0.7570498030542278	0.4400859227104334	0.24818795445347372	0.7553903087907143	-123.31741977579205
4775000	4.637858606821511	4.910488563020884	0.8381091750911168	0.4671149684168762	0.23044159067188955	0.7799176989941288	-96.898269172878
4780000	4.943068770966987	5.226675150311473	0.8818243314624521	0.5284758131809351	0.20405512768337955	0.7386205998044031	-101.45911070818264
4785000	3.955087989755829	4.341857424196524	0.8729446413238093	0.5440828418618497	0.2169570623862948	0.8125298362861629	-99.57947846444219
4790000	3.8863188447467167	3.9423317556156072	0.8309891324940799	0.6534420236441816	0.22253161239668356	0.7521344774669487	-68.89359536102575
4795000	4.140810358825228	4.211199807338187	0.7507670875576672	0.6924288869021075	0.21881961078407566	0.7396032085945133	-70.41155032279445
4800000	4.042187249730547	4.061809860326025	0.7734206120954634	0.6946780883742444	0.20785452041877917	0.8432416482149928	-84.6554798422689
4805000	3.978391355442013	4.017503433778461	0.8899128987621138	0.583124409269909	0.2024532939353567	0.7025787265950193	-78.86851132683543
4810000	3.872180918195912	3.892941089207375	0.7222954020381256	0.6238501818644816	0.22377402775361013	0.8519023304754865	-80.89493962248068
4815000	3.953313960557437	4.231491963076713	0.8548941912242443	0.5327621617577841	0.2051586346875296	0.7353388255018986	-84.9029532212152
4820000	4.250279882778226	6.6997836708488085	0.794802560264263	0.5888632910444308	0.24206558361393468	0.8046094955198254	-77.60044254960033
4825000	4.029780744575069	5.21449364219954	0.7917939491076634	0.5110098869790142	0.20761191018894046	0.7629724560489638	-92.3990515861694
4830000	4.5784853698806565	4.937817607141582	0.7349597331180279	0.605298976620368	0.21599588563486077	0.8580674914852263	-90.28562990372302
4835000	3.977389218390221	5.857767717617676	0.7155790938480672	0.524120615695185	0.3220640230827811	0.7380613323557462	-96.04353931010166
4840000	4.831797321810333	5.014731638606783	0.7826173601011256	0.5402493622181487	0.2294317503151626	0.8757486804793163	-112.65853073297751
4845000	4.386799974909474	4.459034947092686	0.7503437196124061	0.3834484690853908	0.290488287262968	0.7444385457903928	-114.4671962968657
4850000	4.2701415233309445	4.4434493939607735	0.7421145172663003	0.6618895397926272	0.23518798774453453	0.7712508963102217	-79.6101201099612
4855000	3.85125278031359	3.8839606808295057	0.7055558311200867	0.6431534682241892	0.2133506348561818	0.9643342842461196	-71.27399832183696
4860000	3.918088804800094	4.473707442798481	0.8843878476689055	0.6135435669718432	0.26425946222169644	0.92335159126964	-79.32046438985782
4865000	3.9094193094199277	4.270817276543851	0.7360871360613014	0.4410443013500016	0.2519473150179731	0.8289077857302184	-121.8980106014669
4870000	4.366569734634725	4.9866267983337655	0.7606410083919825	0.5393107713822687	0.2161947896780953	0.7651335446261204	-105.27365461598495
4875000	5.414581834402116	5.862876694540818	0.8937252530480524	0.5016494609305618	0.2010212386531811	0.7310952393686998	-103.82836720092851
4880000	3.8625984422012656	4.078064543535858	0.8002093867134047	0.6011969116173429	0.23178335384164359	0.9554115496372926	-71.32062508805146
4885000	4.685537927004206	4.688889782160425	0.8766538465178902	0.45576461745203994	0.26349535573167615	0.7172935244155997	-98.18163116086404
4890000	5.0929224739908925	5.7820603045529415	0.8593467424820717	0.45198042017257767	0.21232137758868766	0.846775864408352	-90.36291628662684
4895000	4.887227979064058	5.16227837422475	0.7112659167261662	0.6803740918006629	0.20266819548708967	0.787085633916189	-79.77587377834413
4900000	4.500059827602113	5.287871186019979	0.7624092870197229	0.6854801090717763	0.22784490868228882	0.7849671004161121	-80.61899672904792
4905000	4.325842469489881	5.210699258763349	0.856572027724933	0.452123192411376	0.2331322946510582	0.8504718447338505	-96.53866076585047
4910000	4.019722898749452	4.120420185543721	0.8936779962945717	0.5334573742263217	0.21226762627840645	0.7513355794442401	-97.5252445046867
4915000	4.144176196899474	5.418107989119737	0.7213359621918507	0.5824591588302509	0.24154904820234505	0.7196686071910893	-98.52642713979333
4920000	4.58282125013728	4.735853131984438	0.8476398226272402	0.5647095224712233	0.23320183822911472	0.7394877061900206	-91.97983856981361
4925000	4.232666193497937	5.108600422298414	0.8676330978470728	0.4723577673977703	0.20140475731882815	0.7706460229363011	-98.36931818937268
4930000	5.30050180689795	6.149462807652055	0.8069760502208264	0.4643134858957241	0.20258832150792871	0.8231280590997351	-107.68835980354609
4935000	4.178398859032025	5.7346648384455134	0.7867697191058048	0.5585255858690494	0.23302396210984183	0.835846160734899	-103.6139632584919
4940000	3.85125278031359	4.287563265704705	0.7126769104659119	0.7689701715126304	0.20487974645184107	0.7500839908974223	-51.62254658097188
4945000	4.866975274057528	5.415202133428448	0.7806109275383882	0.4916812994308119	0.22301360849542207	0.8548121663632273	-111.38961264150598
4950000	4.369025666265242	5.328569117328382	0.7635191312578946	0.6344602646105086	0.2122698646416701	0.944100962753211	-74.21663794340873
4955000	3.897895660043295	4.948209407709112	0.8354369673461727	0.5450356639696778	0.21855677402531937	0.7045206506713755	-86.30488922298295
4960000	4.1326454305373765	5.253656227124443	0.8966630838838827	0.6964082930481597	0.20909341958431713	0.9216083518924901	-68.30039486102183
4965000	3.85125278031359	5.724646360357847	0.7607294719725229	0.6491436646597414	0.23407357016973437	0.8909943814321784	-73.76677236814018
4970000	4.199481439666503	4.23344579050898	0.7299692990960138	0.6352551264589029	0.23213375384866372	0.8879134540331355	-77.31592823536843
4975000	4.54076302844386	4.964891290758141	0.8215745899524692	0.45552667387741347	0.2322908683631731	0.7497733214330138	-120.65738487567634
4980000	4.284343717208051	6.260399589148794	0.8016824700297108	0.40867401328704983	0.26769427782459704	0.7558591169802893	-115.68667644665996
4985000	3.959407674092217	4.082151679992749	0.7532530199306994	0.5977937019908065	0.20290522315866982	0.9089596191340922	-90.45882144716887
4990000	4.4952645518131344	5.037896094386722	0.8185373401567202	0.5066752235059704	0.25713060696034734	0.7413639563892013	-102.63681856487636
4995000	4.803924981238349	5.064891420700644	0.8886354356476553	0.44462733363697177	0.2029894695150424	0.7318429177666177	-116.28974215844906
5000000	4.083378330397019	4.600228268111354	0.7234494774107045	0.5580681416591916	0.2421582181180699	0.9400538617565758	-98.6982247886869
5005000	3.85125278031359	4.135344909531537	0.7244585165154812	0.6513516437165993	0.21880625401120765	0.8133241124269324	-65.2495489224913
5010000	3.937075673961436	4.178861045706736	0.8232476089723271	0.6756210967380455	0.21461301473643518	0.796899202076168	-69.31751270846905
5015000	3.9364951342243257	4.264170213008599	0.7318713252143189	0.4613169865365894	0.2179821620440933	0.9115996625995137	-106.29608293158543
5020000	4.722259163491702	4.748855661965975	0.7932571332908692	0.4254759282292225	0.22704589632666086	0.747861456222258	-112.49840885192782
5025000	4.0478699746289095	4.19910390960164	0.76960878744956	0.6471430526019037	0.20681404057363842	0.9186814530248207	-77.44828430881506
5030000	4.626030520353674	5.247914491076306	0.8130873914789514	0.6781381429934796	0.20835714723838797	0.700307585455676	-79.46200856914729
5035000	3.892402997655234	3.9810700874206346	0.7911436362781646	0.5367251059136159	0.28164724328559	0.8154143058097201	-103.61310446901882
5040000	5.5115642004788485	7.020654869940775	0.7312022686320883	0.519702335818303	0.21862295824110928	0.9309706793012986	-108.14625506963037
5045000	4.265448474875167	4.460405003608941	0.7090088083844932	0.5979095202420985	0.2106226225416378	0.7356724366681515	-93.66325927563636
5050000	6.621330882852456	6.914674544330146	0.7840272285848766	0.4416198088612344	0.25174340965478964	0.7845521694288495	-124.24100801388101
5055000	4.812340713816006	6.089856025769943	0.8187520420679745	0.393678147381824	0.2058835915350313	0.765775343916101	-115.88048643127459
5060000	3.863715142833482	4.938925913683533	0.7640277773490549	0.6337910371792329	0.22438285081795278	0.8609473077476236	-74.25793091013307
5065000	4.706786123832833	4.867457192306213	0.726209063676787	0.5907634980482647	0.20468715984217584	0.7121687144393034	-96.56256165510487
5070000	4.21534598745679	4.6492667774658125	0.8548977983432052	0.45168642136455195	0.2395280868363308	0.7236175912476849	-94.73596335407908
5075000	4.643194099112494	5.28517526844374	0.7591823356399418	0.4081889695890606	0.39008682650846677	0.740919380420083	-114.57642623254873
5080000	6.165016777978416	7.527330136488207	0.79185134221303	0.3544403509365932	0.33687015399492465	0.7108553736878596	-128.8053981348811
5085000	5.831931850408964	7.724062156492255	0.7257790733650691	0.4388828908934951	0.24642103158220344	0.7875354568261465	-129.16006556062337
5090000	5.119396340354543	5.351236710413275	0.7742072693894371	0.48191937231447174	0.24777467988579965	0.7212981741928465	-103.62709479586269
5095000	4.432183883149612	4.6526398762048835	0.7211973579285466	0.660568279779697	0.20723609990544944	0.7949850844988462	-80.17306504874432
5100000	4.675603797976584	5.599326626988345	0.7206265217251173	0.5104323191024892	0.2119005839033666	0.8141147277161909	-106.04123828013411
5105000	4.097636534596358	4.210974254463223	0.847821641616906	0.6403609451058444	0.21548812745635554	0.8952361590738838	-85.69347529338773
5110000	4.077338880014642	4.2031797745788	0.718362614362379	0.32562399447427876	0.32304819321478156	0.749746644782564	-115.1668571679366
5115000	4.850006678098822	5.411023097263769	0.7148826740026617	0.35675635465442773	0.39807240389905957	0.7088181463490071	-124.82879632264147
5120000	4.382964449791796	6.951299256199777	0.8141831777585297	0.4728732724822146	0.2784623967057052	0.7807155766041736	-105.50688869262277
5125000	5.921295357255854	6.070620236064547	0.720518648737103	0.4726503962692757	0.21150192615564692	0.7308078520293461	-105.53281410411392
5130000	4.52535491147835	5.0681648754068505	0.7946907891647649	0.5989787178926083	0.2334539691079753	0.7408133463062753	-88.01971541369718
5135000	4.939555991113327	5.75232614253216	0.7374108619491053	0.5040398040421094	0.2569796387835299	0.7464937939776582	-100.72886827033847
5140000	4.503494291258447	5.767715352744041	0.704002762959268	0.6310077522507052	0.2146817135111058	0.9410487537169625	-88.07593390763591
5145000	3.85125278031359	3.886036831196015	0.7112311430318239	0.7352017791198208	0.2039128341440713	0.8549922168013276	-57.92693835647889
5150000	3.85125278031359	4.416628334726416	0.7829949270233838	0.519153673697408	0.28365004198698873	0.810853580979706	-106.41017241477178
5155000	4.068045081455937	5.457307927601481	0.7220846523399979	0.5353293507877496	0.2343669248288295	0.8217033513050337	-109.24196448098235
5160000	4.913424289556307	5.764595228517817	0.8194427791202424	0.5345198279016354	0.21614619042870947	0.7089066980493772	-95.73250657561323
5165000	3.987925235567461	4.955661530137132	0.7496930116766909	0.5236627115884738	0.22911018613659356	0.8954215366353505	-97.76344005958535
5170000	3.8948929479225303	6.621021689650933	0.7930375014138071	0.5012259966510931	0.3218499448176196	0.8980859939127916	-101.2777627785857
5175000	4.821884215454399	5.330037098234503	0.8258006263791857	0.49138147752368355	0.22458238410355585	0.8648129335324838	-85.2295607061952
5180000	4.343991074170254	4.9916642174552	0.8692081139829384	0.538818554226696	0.20284712703823962	0.7163509816351863	-89.79293238212537
5185000	3.928525833496191	5.237554216328598	0.8929189758563597	0.48089884317867915	0.24194416953750034	0.9620609385356795	-91.54299038641386
5190000	4.626184254239154	4.8620812049249595	0.8781776159831138	0.49607575550166016	0.20260467014606326	0.9137540044774649	-98.67901545639847
5195000	4.4779254119244625	4.504329689548802	0.859016387444152	0.3951845102826008	0.23507093166675244	0.7382566723754073	-120.60101477899252
5200000	4.9308428929918495	5.242933249625992	0.768948485095628	0.6217537119588418	0.20071666908411512	0.72896367281317	-95.3047321146507
5205000	3.862806566577858	4.133644174977812	0.7514231861004693	0.5948728690363613	0.22922423186827387	0.7522418123477347	-92.92321538789798
5210000	4.021532887489852	4.444246069848143	0.7745238236918283	0.7485157074365308	0.20565109884824437	0.8088678856782006	-52.82384569237038
5215000	3.85125278031359	3.910512431212321	0.8785584501372931	0.6446326614314196	0.20368425400321474	0.793050208972289	-73.8778733441473
5220000	3.85125278031359	3.9962781798637077	0.8921934336893413	0.5937057557273905	0.2259812480948525	0.8000730030456391	-73.97892320134548
5225000	4.418171803587393	4.618704651546434	0.8756933478250118	0.38385138958522785	0.24237645036401795	0.8053225308801599	-125.28163566418314
5230000	4.515783320401256	5.203968499169256	0.874362557713871	0.5982867111505554	0.2148855562226013	0.9672954787891652	-88.29674388396361
5235000	3.85125278031359	4.127713049728961	0.8072657468148584	0.6656038311350158	0.23914913952561215	0.8208555551925167	-63.5120931946799
5240000	3.9842133792994674	4.026881983571388	0.7362101854226462	0.5759987458555155	0.2588338042513508	0.7975740606433048	-100.91859695449367
5245000	5.905505088311649	6.07016772143346	0.7680830135403705	0.407673510995431	0.348514551057977	0.734249038923197	-127.22019667516571
5250000	3.9863540657599112	4.0652436560385405	0.8661867290410885	0.6105179390487354	0.2493424370232972	0.8960103974487686	-77.12025706864125
5255000	4.3748361715382424	4.54956773139351	0.7966455197395824	0.5266945568535443	0.22681819678276222	0.7032706667925664	-108.64396260444494
5260000	4.27233676064491	5.135766358689699	0.8393506817715886	0.5759273331403607	0.21757961074292453	0.9204602080109131	-78.53857370604686
5265000	4.207128705806168	4.442025293728584	0.7302128703453304	0.5168083306517538	0.22591833396792732	0.7170248412043094	-108.55684023728463
5270000	4.178633075070883	5.151050781655486	0.8476679289194615	0.670135613288021	0.23422400553345804	0.8765522844602032	-74.5110397869492
5275000	4.714895243202764	5.180973595153758	0.8769848756666943	0.6341253621847673	0.22452345676097327	0.7338719881435004	-75.8029448119778
5280000	4.039086133086784	4.13087916741867	0.8094970384351515	0.7096894421809247	0.21056227536324482	0.8035448176953787	-61.32276709876934
5285000	3.85125278031359	4.453889773378373	0.8524298782831026	0.6237018811032262	0.20167389169919617	0.9744873661545718	-75.7780101829139
5290000	4.529351001158052	4.725391092757079	0.7639249218852443	0.5177527744413106	0.22636456949128594	0.7310849890865069	-107.77783801483699
5295000	3.8654637596690553	4.162946513728946	0.8047253906463462	0.461754213707011	0.37111607407164154	0.8070374874832196	-98.0037253490726
5300000	4.415562312139948	6.60887620804664	0.7550520674865613	0.5731238554054167	0.24272310900711486	0.7245469334190324	-91.92213727378623
5305000	4.659442749532288	5.334695562524131	0.8166369226828016	0.5074993880321597	0.2738196265061768	0.7907585166899841	-98.92470942763038
5310000	4.196923563881802	7.522322375304415	0.792657359891838	0.4624833651440283	0.28462782720436103	0.8264607047560314	-113.22188356066957
5315000	5.523645561266553	6.319195477357502	0.8300540506759775	0.5168923563585527	0.23592798218511696	0.7704371439236212	-126.1974292720472
5320000	4.898925410713534	5.186018347389908	0.7149203667173143	0.602033897744007	0.21975498274380878	0.7869880497003412	-93.50772263823296
5325000	4.499033889255283	5.856906420932743	0.7323852829259188	0.4985149061270996	0.21767940297308783	0.7213388783125735	-103.94030851943089
5330000	4.823027611129891	5.003881372788817	0.8639472632634622	0.5081660187922786	0.22612648750461004	0.7829907778348892	-104.99424783818927
5335000	5.278244589836318	5.756505923730377	0.7960335145371011	0.5716956720145842	0.2582002328689779	0.7723953405059605	-96.06887507525923
5340000	4.310455523166698	6.423630208868554	0.8580930672224025	0.4832752506939668	0.23858075027036593	0.8546099057080471	-96.95019502524303
5345000	4.074125080650559	4.077792893482683	0.797695194827482	0.5292867029311014	0.2083247861169087	0.8301573073774628	-79.97349294329513
5350000	3.856987030155973	4.148952938194344	0.8158456508117432	0.6236986021287765	0.20604114492326275	0.7524917593712377	-89.97627155605937
5355000	4.715340299960147	5.134066811191996	0.7868263091756937	0.5413833655719223	0.25545964785793196	0.7600466171325284	-93.03323451193327
5360000	3.8604412726927024	5.546805508042545	0.7601568785436924	0.5678193466686583	0.2676456692705582	0.8524823940093922	-79.77914432365236
5365000	4.403460852171292	5.114726907369038	0.7703856756904774	0.5637492279207668	0.20379073460023822	0.7150576856863842	-84.02339441668275
5370000	3.85125278031359	4.179362486579978	0.7573314529938242	0.6425847529875003	0.20886391792967512	0.9417476705273665	-78.78215866701763
5375000	4.45901368594957	4.607532646547298	0.7040599303767365	0.6303733107833435	0.21544596146645012	0.8237016911710632	-97.73219195654343
5380000	3.896800226191962	4.745585523779704	0.8286695958217267	0.6040298299413878	0.2133661935718971	0.7724028438650032	-67.80599860839459
5385000	4.227789931259049	4.529289484855547	0.8040275064344469	0.5194305599709419	0.2025328031302727	0.9144578358315575	-92.68072953036258
5390000	4.959967315609289	5.076277126650021	0.898780227820523	0.5001629521159984	0.2052394546054636	0.704053309714209	-106.19545629300868
5395000	3.85125278031359	4.571638984494856	0.7043570563944563	0.6508132222833847	0.22381752132614952	0.8387649517407961	-92.84603818833497
5400000	3.8861995410831236	4.5621181308708785	0.7425391203412783	0.5518313719498776	0.22552603567780108	0.7302586872125774	-92.60575295979822
5405000	5.165614089377857	5.370424301250917	0.7028709404797645	0.38237442944330524	0.28930738619130947	0.7640729390132782	-128.98732518159352
5410000	4.598898914181991	4.684415041212043	0.820125172519777	0.4925724480172385	0.26228134805815595	0.7878608341065052	-98.13133658352882
5415000	4.646282035983131	5.594355043283188	0.710864003851094	0.4942811202189614	0.30844075512851843	0.7835070133792232	-102.76527216474656
5420000	4.910103067188503	5.329726197781323	0.7224882405619432	0.5871766220661748	0.21109410773107426	0.7812919795491432	-107.39537692216157
5425000	4.583639714761833	4.841648178794108	0.7459049724451366	0.580530608420475	0.22452652664454803	0.7528695771985842	-95.76008777906853
5430000	4.3447504107949175	4.5104371174471645	0.8556417466106804	0.5610849870055542	0.20447523839283455	0.8292345967959399	-85.70078709655871
5435000	4.365408881231015	6.151094214621433	0.7030700299562662	0.5210350986206073	0.2221423386854559	0.7502813440760392	-104.33253811554246
5440000	3.9977392330361217	4.40971246556779	0.7558958618367287	0.5503542724074443	0.23473115903678343	0.8173397759060453	-97.56843974679003
5445000	4.944783877911536	5.66824696044985	0.8309097258313298	0.4646236537126218	0.2885323721069279	0.8422557706113324	-109.72273283249336
5450000	3.870297967601695	4.3246651960688345	0.7905730913264409	0.5664736106308129	0.20801699970831336	0.820890225228835	-109.30132866769813
5455000	4.757609379281728	5.217777543274909	0.7954022985868108	0.48114571643555865	0.21283096074052643	0.8153273498900044	-114.60208579137415
5460000	6.112429988988922	7.044836799582882	0.7560049318975652	0.5608634715339553	0.24025418417786315	0.716447242169184	-110.6342936858419
5465000	5.5209886904516345	5.569100838614795	0.8361532309532225	0.461049634845061	0.234899777854368	0.7555645504017183	-111.4729917123222
5470000	4.718278314144576	5.132113224717609	0.8968888874196574	0.4572612396153476	0.3261261736056306	0.7010721468037185	-97.71178071185685
5475000	3.9551797614492443	4.8790949533420855	0.8107135948492199	0.48214712873132876	0.23474858392448875	0.7395581563759828	-92.77642998828395
5480000	4.061613751557799	4.333143102275253	0.7024205156321975	0.5307554819310945	0.2318855767382094	0.8033347681797642	-104.35807697880736
5485000	5.603141147715458	7.562157754081153	0.751518565431314	0.4897876000894397	0.21579646531035201	0.7761616590288757	-120.0172282302515
5490000	4.771851264258332	5.8248199848826046	0.723236237701728	0.4919311734094715	0.2338295950063469	0.7025810402351838	-103.2080215760879
5495000	4.109411456190369	4.247560562929084	0.758267207288684	0.5009205860487336	0.2511697621614529	0.738011739561096	-96.97283045795487
5500000	4.055913467801016	4.752242837975307	0.7808161322639208	0.5900834583126824	0.20385164572655276	0.9276877167143065	-93.47452560046196
5505000	4.775369819977298	4.97637845522707	0.7574132519961874	0.3906476775973132	0.2388458480223668	0.702580184496289	-121.44764326360655
5510000	4.830129484280883	5.141520860596259	0.8708394330634185	0.5274669819972397	0.22301190179396896	0.7483592560468355	-110.94070126955461
5515000	4.158731232626945	4.197659596878598	0.8048729414502762	0.4944586824762117	0.2396638759256696	0.7704817300941397	-101.5755881923389
5520000	5.068412696353294	5.422204480503042	0.8286991851000294	0.4173816383613671	0.23242948424955248	0.8101980246430179	-116.36531510587608
5525000	4.557918778748233	4.828852493308548	0.808071841529381	0.4091153485620697	0.2684080620062602	0.7101135318804156	-121.53858638831926
5530000	4.043037258213245	4.41820072153585	0.859659632679776	0.6997616784666214	0.2126301885041649	0.8450083458316913	-75.6160738907063
5535000	4.893966891016969	5.0503071878671895	0.765449830652446	0.5955925086832148	0.208224113050503	0.8481334777803511	-99.55335673363837
5540000	4.162772181301968	4.180659602649396	0.8419331165342079	0.5392779551453442	0.2762412509490091	0.8166572612344547	-98.04362224415146
5545000	4.415667506937366	4.757218001781874	0.7889036172580488	0.6201351978207601	0.21716218893245232	0.9634918699927593	-87.64007644670187
5550000	4.12126011173949	4.707695962255571	0.7790271335908867	0.439281618624648	0.2604428868275715	0.7093953768352166	-104.25496365601754
5555000	4.1915682808573	4.5357995565848395	0.7583506327223022	0.4451618107942188	0.2764085742390589	0.7506630795963213	-114.28188994495679
5560000	4.064026059908615	4.359442810038832	0.8081287568914083	0.6145131318673015	0.24953902482333526	0.9294230511978292	-58.12960925573108
5565000	3.889650810652829	3.9644653016128677	0.8830458558549337	0.5590950788166348	0.21773272399493268	0.8569474866022809	-95.12369584584539
5570000	3.955345194598711	4.023568822629941	0.8610279602344308	0.4941391792960467	0.2305195213898123	0.7122054858644752	-86.10313478653518
5575000	4.388490659716241	5.680531090945215	0.8510955059642046	0.5425007779405252	0.21740863208421235	0.9532315264524546	-84.85653599351187
5580000	3.85125278031359	3.9995512457569804	0.8443720311802406	0.41706584215951636	0.24504559499132378	0.7214950887360504	-110.153196331386
5585000	4.091149347873063	5.951637982113517	0.786681704328482	0.48229102620497577	0.25960266054426934	0.7051410172160129	-94.28045312846984
5590000	4.716343526947967	5.438476012969932	0.8221488703470495	0.5915437866769467	0.20405330676484873	0.7433717271877364	-81.2038256150878
5595000	4.063014740657956	5.4913943986149745	0.7939952724182987	0.607003244153541	0.24460116174644875	0.9057940943057686	-97.15898459379426
5600000	4.0513788451507935	4.405026131227476	0.7751657285822682	0.6676351346921356	0.20693608529240365	0.8599047192625705	-67.32002245765742
5605000	3.971287212557559	4.790690074915775	0.7783081776182821	0.5200217470199414	0.3155023271527102	0.7313467750148918	-89.92643889360622
5610000	4.365265122843637	4.491195270238587	0.8728142321280391	0.49778018639376453	0.2632142713582445	0.815988075256347	-90.0656665760778
5615000	4.3252925352829665	4.835927030974837	0.8114612400846773	0.5373790346656048	0.20894032424206296	0.8129775228767807	-99.45957341686054
5620000	4.0544154901327785	4.622397170325159	0.863432786167305	0.6730465133560639	0.2271729833052231	0.8694275909274023	-83.91794585732208
5625000	4.045288308716175	4.227358479208246	0.8561739653884405	0.6135347120693893	0.21250904800345452	0.8368731702035431	-88.73163493287396
5630000	4.375933458718728	4.905310946201988	0.8654189082481772	0.47721148098696187	0.22560077345044552	0.7971110010014028	-104.47465540905486
5635000	4.397804177066196	4.624467398278302	0.792858452701829	0.45131410684631856	0.2242267658515584	0.7817766526753578	-107.59204202634496
5640000	4.0021712543673305	4.253054385358086	0.8735989186341836	0.4471778532560945	0.23614084544952896	0.7871507344838763	-109.04414263171859
5645000	5.004123686433379	6.245958728318347	0.8079183563880311	0.4639657525864442	0.22050044547540115	0.7857466513374323	-118.10079233917466
5650000	5.000312341781356	5.646561364223456	0.7119570189526461	0.5629566193090174	0.22647073950651353	0.7181844198868514	-96.68148871107238
5655000	5.928647777841615	6.70376466634368	0.7529585354814284	0.4902973559817838	0.21465304224616033	0.8410782295212564	-122.15598839980944
5660000	4.164197541973438	4.1811380337316235	0.7402324931069644	0.6129380695186627	0.20650000865500073	0.7379896391066053	-103.64950407077475
5665000	4.309629180359193	4.73153283579551	0.7403513921913999	0.4233762853746076	0.20506378369899497	0.7657737240146543	-120.26342365893589
5670000	4.301631015003416	6.257942598884555	0.7115714457726481	0.493189485974455	0.25510191018367334	0.7447547444670841	-125.87722108015052
5675000	4.138835593701469	5.356650187915825	0.8110920124457913	0.4247054120706201	0.3233079601957369	0.7495779224108233	-99.1151602292502
5680000	4.678920118647135	5.590020344668717	0.7108894041746054	0.41414174257594405	0.2968006840611275	0.7189482314770894	-127.77506107984533
5685000	5.145658037201801	5.658283299092529	0.7581756507898296	0.484150117500542	0.23521942145045588	0.702306301364551	-120.26079976091648
5690000	4.019543908972695	4.369434051400858	0.8587492065685276	0.5796458130379366	0.21077290265077284	0.7693961243668445	-94.4377546803133
5695000	4.548167416839414	7.696040065048963	0.8594040249868006	0.5444963864202101	0.20373671838685514	0.8113079060958259	-98.48038905113307
5700000	5.125269451336656	5.861436127695937	0.7393648210352275	0.5563169207725372	0.2283585714703387	0.7371324364180166	-106.73661312053613
5705000	5.058599059794961	7.688360337837184	0.7861710052297011	0.5877808316377469	0.21044311874354732	0.8890577372796066	-88.68145349294349
5710000	3.867669246592047	4.581468007980967	0.8089313339213506	0.6106834216118338	0.2297153036196378	0.7211900201139942	-83.40905295700708
5715000	4.340631958578284	5.255711893215467	0.8773031774881874	0.45888627679637517	0.2539992178980068	0.7159298015384943	-97.10525179613262
5720000	4.567553915325965	5.666450052849535	0.8722645773129496	0.5142996695787511	0.2872718788189777	0.8332069425603733	-107.503934224792
5725000	4.179716099930573	4.825617153497433	0.8348625376147113	0.4712112550814669	0.2811272424453901	0.7236971172689419	-110.92331624346517
5730000	4.014966980556558	4.380906190405374	0.8266223160438387	0.6666762231017725	0.20211482357172078	0.7749019984998102	-76.5498996981537
5735000	4.572419463227522	5.820907951463444	0.7626159607153373	0.522282017799209	0.20634721093054692	0.7226035396632323	-101.55343823251931
5740000	5.287683347958189	6.332600773709453	0.8317935455128191	0.390584747863625	0.24122662840149764	0.7269889431130072	-129.36059862354034
5745000	4.24068620096314	4.257949533429061	0.8601238500574346	0.6012504972297106	0.21324286346565155	0.767571532331773	-83.01291106020844
5750000	4.708623492119405	5.766773541396943	0.8582202289124025	0.6440364837097442	0.2070976498038653	0.7699953249530379	-85.93764160979322
5755000	3.85125278031359	3.898828991225576	0.8235741249473678	0.615041926892103	0.21908670865761018	0.9041277095867447	-64.30577042850402
5760000	4.21982784025167	4.326635664138707	0.8318166936594081	0.7131428784209476	0.21884846318136972	0.7852728341129396	-53.79553232379843
5765000	3.9024867786488517	4.072831742088625	0.8052786246130073	0.4969309955528981	0.272058111133788	0.7707758686404325	-92.45259960938614
5770000	4.665927762466889	4.6705580293859486	0.8220588350242182	0.44422961445662834	0.26798057069732034	0.7401789478093065	-109.20726024643363
5775000	5.494765177524209	7.286324025930327	0.864126403255172	0.46966930149217084	0.2021242238260007	0.7043906182768886	-109.3124612234325
5780000	3.8531512086552695	6.074210236068977	0.7163433854145225	0.5529893107436422	0.23325772296543298	0.7447916103672043	-93.31320849302645
5785000	4.1671085256716855	4.403431925826462	0.8578670385350975	0.6593008765438891	0.22172427816143783	0.8144782446725569	-75.29766742607296
5790000	4.153350609964213	5.11400088285504	0.8181678623021289	0.6272443202405177	0.21877299735060743	0.9120854191350866	-82.38568132739871
5795000	4.213423925422089	4.718260010435886	0.7462072888982119	0.4494297390965732	0.2883290052483072	0.7229021188772112	-118.78171265952184
5800000	4.622827195240217	5.996876918524299	0.7796329978122936	0.5598346639003408	0.2255844752181469	0.7451238214128776	-107.09880304314851
5805000	4.9219802301204565	6.58718226253617	0.8204102135967634	0.3795360675048258	0.2892656235939613	0.7152719147897946	-116.49386993152731
5810000	4.67198301468228	4.676366238963954	0.8866186713789072	0.4557768428565633	0.3107041460261459	0.7779027674411079	-92.22404289402033
5815000	4.482898102314936	5.046293130961296	0.7708508002512129	0.598272148775359	0.20550652666944605	0.9124344346348063	-108.60070004702726
5820000	3.9571400332356252	4.21923282752913	0.8457283068505723	0.5374760419848883	0.2520683306130787	0.853920403957647	-89.12439301416853
5825000	6.1191976976197555	7.539285450366708	0.8741316199324314	0.49523494892150005	0.23513428399408262	0.7082626008666295	-102.65680819524457
5830000	4.377957333334907	4.448217202888863	0.7043335401541119	0.514071940018875	0.2198424381913278	0.9095376586385715	-107.25883251170882
5835000	4.892048308068001	5.438522012876523	0.8895106676811646	0.4137494287755219	0.21592255282620162	0.7271200241446274	-116.35385674380566
5840000	5.676131189061615	6.107872493534974	0.8222396203787009	0.4794226745534283	0.2122381117181946	0.7048355684936556	-89.84384344558828
5845000	3.9594227589261486	4.217057884811061	0.8065101182964223	0.6080670307065649	0.20900104237260697	0.747036188845429	-73.53625835629771
5850000	3.8718993939618205	4.146136677909318	0.8173236601415914	0.6386186780472294	0.20243633232597824	0.8139071076232853	-85.55126525066581
5855000	3.9030820990950765	4.205202474332869	0.7063045458384815	0.630253434235546	0.2095799643618341	0.7381084643842081	-76.17932764571341
5860000	3.853367725922619	4.280961315379025	0.8443626330440315	0.6569206698365738	0.22629150702607523	0.8052677159073074	-73.62230034456897
5865000	3.868742422106922	4.394030185169212	0.8716894480537767	0.6093530951141771	0.21367799400775683	0.8818350397328428	-76.12222915501309
5870000	4.637653406754245	7.173681074316509	0.8296442274882575	0.5280284788682695	0.23546766390032414	0.8086132670811325	-111.96422803946405
5875000	4.116091021133592	4.168070873266764	0.7061646400638429	0.5561567166558522	0.2004978012133847	0.7712331641310637	-103.75071136788776
5880000	4.657239660557297	4.824325179932436	0.7181182440764904	0.5983231972859034	0.2283909316264821	0.779761246221607	-84.30814785531098
5885000	4.8330705005597006	4.86659401499447	0.7360054777380379	0.4556559348586006	0.26211055998029376	0.7301506520679416	-104.88683169351918
5890000	4.3321374581662635	5.472362595437909	0.7106734089579505	0.5629366634409706	0.20953103300936926	0.8151133402421208	-98.60466983196423
5895000	4.094845089169873	4.116056467403202	0.8538564981086708	0.5961354204633034	0.21905757851437585	0.7386354437341882	-90.6711732319626
5900000	4.534511479475306	6.031684828615623	0.71351571231811	0.5105555565704363	0.2685103814860747	0.7235553641699337	-110.04183136552288
5905000	4.482958979909227	4.543351831165502	0.7673784433309979	0.5981897285413288	0.20987557973424684	0.8505762295952284	-101.38945291224627
5910000	4.733629434723036	5.109479529653091	0.8092143366066821	0.4939630531487272	0.2259852609608937	0.7011090366645732	-97.14222482435096
5915000	4.419059470650256	4.975303530650435	0.803571938481929	0.5863054711909205	0.22385541594539388	0.7456279585468326	-98.30777196166724
5920000	4.1182807480743024	4.453277393389033	0.897629932646214	0.6315751184345392	0.20317998988964955	0.837245850633243	-80.22340294195908
5925000	3.932714435456953	4.466739747854612	0.8328732887478908	0.5104227723578216	0.28534099514568445	0.7239733971317875	-76.06634478485961
5930000	4.034973663372006	4.108103389095028	0.8304155454641144	0.5990591364561146	0.25485176290339195	0.8241912300010179	-80.45297091887628
5935000	4.597408980062526	6.319779049399954	0.7502094451794266	0.5941257899950966	0.21158281950970537	0.7395548724188987	-94.02136632395411
5940000	4.391035889931234	4.930199762604162	0.7150519517329574	0.5096850328995217	0.2670924133597836	0.7516709381362201	-97.4667481801446
5945000	5.0995117820877445	5.36575113578961	0.7982533905765627	0.4848205519651049	0.229301507254903	0.7497287117855304	-117.77006650686153
5950000	6.200844273999361	6.696724457479544	0.8165898643175034	0.35832837346657676	0.24450848458216853	0.7559283978028574	-123.6994914370247
5955000	5.129692033569827	5.378948247291204	0.758700901030042	0.401341420815849	0.3384256039108088	0.7522640015061535	-119.6010289546216
5960000	5.450347983865825	5.509472568235568	0.7830666887959313	0.35590581040891656	0.3318976885456094	0.7073111641899477	-126.16622100283385
5965000	4.44711429635673	5.598205496131385	0.8837733366429862	0.4080535265799736	0.23342490696576668	0.7436521781220674	-116.12134496986735
5970000	5.472539916049594	5.593709570308386	0.7270663568638658	0.591671115988499	0.24180129453320384	0.7337104930691244	-104.76217578730274
5975000	4.107884897735888	4.606609584814387	0.7722399641373842	0.6036665891544284	0.27574216103046945	0.9798304286178021	-79.46831797940854
5980000	4.6318404205954815	4.829781152642881	0.8662482357656462	0.6071964616761012	0.20564544115332503	0.7689272285847485	-79.33855754308811
5985000	4.141656855375458	5.701574271612091	0.711310520358197	0.5001092653021437	0.21788308052871747	0.756247284371846	-121.13873010466622
5990000	4.322840988002585	4.344079677488579	0.8168278669987518	0.5660361450804468	0.20030576140953169	0.8934460662323666	-90.94930522562458
5995000	4.673617225313424	5.713593212897004	0.8220516582461624	0.6012763898832796	0.2250651276876005	0.861361009542681	-80.10078485420576
6000000	4.136281108665248	4.349373057366047	0.8887659986001071	0.5305014021437124	0.21301314693696508	0.7995999873418159	-97.46515316766451
6005000	4.394649342393527	4.438690354493483	0.8552913378266424	0.5334910971337975	0.233335884204065	0.823602049995648	-91.06334993022188
6010000	4.227695696289598	5.422103598911086	0.7113004986613248	0.5036049364178655	0.22616541511755556	0.7245564483458032	-105.5628428014079
6015000	3.85125278031359	4.021390054228445	0.7998504977230901	0.5835562019502236	0.2349271487079619	0.7020253580628475	-93.25383037051753
6020000	3.930030797063276	4.599354790245244	0.7558081072001118	0.5446179458148227	0.20328232581523858	0.7010700051483061	-99.94839879095588
6025000	5.050927280641277	6.858218708308133	0.7023174790029681	0.43147639714421454	0.22162473938283575	0.7177688992157587	-117.51509771866321
6030000	4.191479881113753	5.1297048347171	0.7789619565691909	0.668244642992482	0.23573911501299466	0.8227411849356955	-67.12562166905954
6035000	4.448867574468758	4.452528089246563	0.8530609130102978	0.5062446325690375	0.20941605433549948	0.7234280992682349	-101.54485703554889
6040000	4.245475029392149	5.490019111118243	0.855632383335695	0.5320411586323035	0.2402438061578855	0.8074355382900296	-100.05725687391941
6045000	5.041273519860535	5.359698864625892	0.8126550862326894	0.4027014640899989	0.28613562058773023	0.720174662124252	-109.4200202049773
6050000	4.138747329295041	5.5454804240199955	0.8880294613709625	0.33829387577291103	0.32316544378795237	0.7261035292156999	-114.36452181382373
6055000	4.487021382372638	4.5282616129935755	0.7901475758823041	0.5383406528830311	0.20179963029114864	0.7407779210249802	-97.96138685355396
6060000	3.85125278031359	4.112393170276098	0.8547299096382328	0.6282823040232663	0.2632839071949378	0.9466888673272172	-63.76884370521267
6065000	3.8888727826905307	4.244776776243249	0.765618536015498	0.5632330958092558	0.24842489014559896	0.7895426121317296	-81.87841548474694
6070000	3.85125278031359	3.878805448944442	0.8614961631419913	0.5290405059080083	0.23534976868864538	0.856740546122119	-78.88991282218186
6075000	4.17843735535363	5.909529715151633	0.7823477903986642	0.6374842201241727	0.22004203817330487	0.7062956823205758	-72.62299559708805
6080000	4.848897499745614	5.2025859717156555	0.8615517744542339	0.594563854733284	0.20963501839047186	0.8469121526077651	-90.33349249143743
6085000	3.8682938869267773	4.711769641349682	0.8064226739773847	0.6597671813273396	0.24734026197283862	0.8735078201822621	-79.91987626292644
6090000	4.740136746063853	5.111575777007482	0.8236818727040075	0.39981573612690186	0.2243991258820697	0.7630534487883889	-115.17721554330294
6095000	4.674535963368507	4.995493177110894	0.7476526938898831	0.5083798167539665	0.20683788917857407	0.7520602836065778	-110.08816095602364
6100000	4.881711026850336	6.038986437954184	0.784319135782847	0.5511402701377843	0.2085646589469681	0.8905470464101579	-101.49921295478441
6105000	4.477863534043552	5.171724790094079	0.8351638154930305	0.6711913961238857	0.20228651535035339	0.7772293076973101	-65.07113701550026
6110000	3.9076648375123106	4.26592319548484	0.8938052019175822	0.4016365918883239	0.2199844009057778	0.7025465134665541	-100.10708063307982
6115000	4.998565481627455	5.213870377368949	0.708910638820297	0.6571616897299579	0.20090754644998957	0.7308800194146615	-84.43296169621303
6120000	4.08899658393921	4.179708710512151	0.8720872778543699	0.5092351773628941	0.23553843270221644	0.816530547071638	-102.71067443183662
6125000	4.465280582469102	5.867002736100935	0.7334998060126926	0.3433914931881426	0.3212869437983114	0.708816848413592	-126.01855194994445
6130000	3.85125278031359	5.887263256363809	0.7623356291297924	0.5849732764258689	0.20636783581012771	0.7775407872525663	-94.9862411226795
6135000	3.93467668133378	4.24077405061746	0.8760049350955038	0.6441584048053772	0.212426268839118	0.7943872448452466	-71.75327273157734
6140000	4.65180744880896	4.769619311263905	0.8965218966344017	0.485493966761993	0.2213716977141351	0.7018929415061621	-95.05936618542242
6145000	4.666266690204089	5.51433052710668	0.8746492585495423	0.6577834286368437	0.20254148020166815	0.7408285106806982	-91.8951993976705
6150000	4.023462725288098	4.891581955607365	0.8216367066005644	0.5364527248380664	0.23585979400264012	0.7332053936918882	-100.37746365110061
6155000	3.898328755619185	3.911031626383594	0.7926131532072656	0.6431920812833917	0.22111990707384901	0.7270319536016322	-81.2092621476921
6160000	5.038111922266498	6.17138205073206	0.8943536963491492	0.49591818051180403	0.23199774472561357	0.7940937616183018	-102.52394884362016
6165000	4.068152339098872	5.154267941840681	0.8476341657557238	0.41516847864178225	0.2641567220725984	0.7618315355622652	-107.37666335627756
6170000	4.6954080942755425	5.110772278301619	0.8293122207217034	0.640977070768983	0.22839447369548607	0.9711650769454583	-79.29065914244879
6175000	4.4860556439058925	5.54973655447047	0.7156300384587645	0.646790435326327	0.23222747242580777	0.7915363685541561	-75.6094743582899
6180000	4.714041094481658	4.831005300368903	0.8933417306927457	0.5200033610375918	0.21565458673117208	0.8060864717710985	-98.40510638038631
6185000	4.308170446532516	6.211152307673229	0.8653624810892433	0.5892282157264798	0.2302449095333465	0.8481630279852537	-86.34963333482554
6190000	4.044996753252111	4.558127278685795	0.8370403388960971	0.5936741743688851	0.20220786640713367	0.7116912651728163	-100.47318411872612
6195000	5.079047321431556	5.100003434138153	0.8456284457331481	0.3920402138585456	0.24630331238739564	0.7655100942900288	-124.68270600721505
6200000	4.226907409162916	5.619146399956572	0.72098151835271	0.4559473929763076	0.2713630078021645	0.8031431724332969	-99.81391366424873
6205000	4.567879537020848	4.621209854736502	0.8237962321075358	0.5108440206540342	0.23793310226166087	0.7443568998483929	-106.24138763973076
6210000	4.761705728107063	5.236755510714875	0.8690130589405693	0.6111208712460473	0.2858520991420447	0.7928923613681982	-62.122606009600055
6215000	4.545994076946792	5.971470909007167	0.8677454585539256	0.48369072294231347	0.21354400972782145	0.863469908782691	-103.41265620575638
6220000	3.85125278031359	6.554676242586335	0.7588322212674956	0.6543805234301842	0.2001023050101874	0.8699861902032487	-76.34362844952071
6225000	4.344828678951986	4.639966975818167	0.7907640166747747	0.5423449241233627	0.2600195636902571	0.787736854041669	-90.57272666352841
6230000	4.115361173615431	4.509734043376807	0.8673825191052482	0.4659462703121074	0.2735066890076648	0.7278382110779016	-98.11296909752511
6235000	3.9150954252466703	5.73611352054472	0.8595283842247529	0.5705560569113105	0.25273233020117886	0.9178628163509026	-83.41866049913514
6240000	3.8650779022672745	5.002774329869584	0.779455268033426	0.5909599689155167	0.22376038517419022	0.7144415853417649	-102.98040952650317
6245000	4.971404631643361	5.58242053501546	0.7265569785492018	0.3325621699432936	0.4167710780883398	0.7462080850468032	-115.08032505857116
6250000	4.265759485456461	4.6432044217117285	0.7097874208329915	0.5266124929781156	0.25500101170401096	0.7011566535452841	-105.25234290022053
6255000	4.175330318017282	4.5408078145436495	0.775162585446959	0.5887666010097098	0.22546918136650038	0.8745612935997014	-82.54808759731165
6260000	5.1435253255517805	5.224354644054518	0.8734182284612166	0.5035721935335854	0.23542077006243423	0.7971001015370119	-97.10133162345889
6265000	3.9926711107034336	4.495148844830401	0.8713695058082604	0.44918584775575404	0.22272589012913213	0.7939960524754757	-104.12652331619742
6270000	4.341918661889397	4.70713410976215	0.7028272130665386	0.5930759598373369	0.2247469316340485	0.7626261654181771	-105.36402986852477
6275000	5.601547144199217	5.825557494306734	0.7111456942852744	0.545850537282521	0.21518567951757114	0.7193792124124485	-110.32212936451748
6280000	4.748592447613503	6.475427728834315	0.7588746061048108	0.5475352572745319	0.2853129035885426	0.8696670385909894	-92.93043453118074
6285000	4.43249701090766	6.831366189817205	0.8391560771598462	0.4569713787405859	0.28905525948146765	0.8990851487534913	-102.05180468247141
6290000	4.87292091235189	6.106950877722603	0.8900632424773174	0.416300344265729	0.30057999007710745	0.7453365952018914	-109.45250003595538
6295000	4.077095072131845	4.496554444920812	0.806930366590855	0.5796615556685762	0.21106119470566628	0.7790187649881899	-87.0910230481237
6300000	3.959496383084347	4.20014278438541	0.738451921277709	0.6298717050670768	0.21198681212463896	0.7956755680405819	-79.78762452939503
6305000	4.483906342286562	4.747231662976428	0.7950961626926174	0.659858683693258	0.2057485960264914	0.845201936722366	-81.18069065328055
6310000	6.048407028474534	6.762380014100428	0.7378957984571338	0.4929593953231883	0.20280908347379176	0.751634220839062	-115.39647255565725
6315000	4.966296504546264	5.48805716864313	0.7434707157054354	0.5838139886889644	0.2335103116889184	0.8374270111329762	-84.76557559577776
6320000	5.3763874585685745	6.404855665619024	0.8966753248366873	0.5060957124758844	0.22311125814967173	0.8228387498283787	-107.99799467500881
6325000	5.365221990767202	6.346191825084799	0.7108588700775562	0.5869077357762494	0.2123547855932194	0.8911931577200892	-89.55715449214267
6330000	4.249306616326087	6.163544025807665	0.7694253224771427	0.5145095210032216	0.20949676501408682	0.8800364084231059	-107.38347273619414
6335000	5.572623647980426	5.8365943765244435	0.8151121432999259	0.3823218358463838	0.3048819163697066	0.7061631788426905	-112.84045395571235
6340000	5.29723305048458	5.456304593217633	0.7603430671403675	0.5429777910395265	0.27742291373136063	0.7217277866317359	-90.56405699960283
6345000	4.17274769415056	5.068035515114416	0.8594461633482338	0.5193938060958755	0.20379496827072666	0.8066950493745879	-96.44832733937989
6350000	4.28906106000522	4.701359095635885	0.8222744113280083	0.4837450209662861	0.22296926731319158	0.7044703747007744	-96.03338893238575
6355000	4.2539520210631325	5.460714914212041	0.8871544800320934	0.6131058945444344	0.20046856615520944	0.9307514298310232	-72.58239038133479
6360000	4.7424720791785395	5.444224051628049	0.8787614134354121	0.607269055435525	0.21858399715114907	0.8660944105652549	-73.84478752088054
6365000	4.3375127648540355	4.705638115863094	0.8440600097742793	0.6106732267378917	0.21386619187436645	0.8369712719076555	-69.11304071264166
6370000	3.85125278031359	4.252453367212473	0.8706163866002934	0.6415640227943551	0.2445140130007246	0.8281542818099401	-62.128938521931296
6375000	4.391839292054299	7.120037469096759	0.8021313387658815	0.4156466895656138	0.22800654194535688	0.7528588617786114	-110.41855232068707
6380000	4.744170900523163	5.429664131486817	0.8180410087547384	0.49073641089555736	0.22317507358240346	0.7700486425668829	-98.38966948187343
6385000	4.037352219028351	4.322246307806374	0.7244178558013834	0.6922406754894862	0.21193116491201244	0.8587509698817714	-78.97410788060975
6390000	4.837314141378278	6.0044755569090995	0.8339192355866815	0.5098446823653102	0.21408100049995385	0.9546375890822542	-104.73079937984755
6395000	4.06823215863695	4.77592634050119	0.7179755581214965	0.5934010503317967	0.2559623690620816	0.8313063798149551	-97.9044125957893
6400000	4.5308689802681235	4.72172781946706	0.7488581308562466	0.5848840834396414	0.2193548005836449	0.8617485138865426	-108.64371269852393
6405000	4.7578039804985774	5.137109652691636	0.8649325061380329	0.4244915669383501	0.3455793143846041	0.797272389486027	-115.3271863487225
6410000	5.253456058173569	8.45606900046569	0.8002977981000341	0.3932899008574638	0.23144802201955025	0.7278536324082351	-129.13307941562883
6415000	3.9147929802383903	5.647698954002098	0.7500297413344806	0.5002824146782732	0.2816436453195903	0.8290947371558304	-97.47336497349366
6420000	4.456445129200884	5.749859870720587	0.7193712018726706	0.5122028136222012	0.20944519267357783	0.722381972852081	-115.69193940449992
6425000	5.929220445693207	7.427570364920614	0.7689973935505637	0.5361470074847411	0.23065194073093337	0.9259453398642371	-131.89390782044595
6430000	4.7928184139184875	6.498392939573437	0.7436269280015162	0.5732471085378907	0.20673124478644492	0.7104131926982783	-105.9601831791974
6435000	4.134116384415067	4.650233118874523	0.7125797590722089	0.6429164849585142	0.20503041014790052	0.9026538277209284	-73.84751233042968
6440000	4.77669587846151	5.0960022368942335	0.8535739773566282	0.6223664569746167	0.20764712079405082	0.8243450462198915	-74.09503894302873
6445000	4.059912330111827	4.6610076825174485	0.7716280665530979	0.653736719710168	0.24159961343971945	0.7672646702681188	-93.23131597728676
6450000	4.815488392110579	4.868783517770535	0.7526918475623615	0.5067768211829801	0.21491025166891153	0.7308750233501681	-105.28523106017852
6455000	3.998616734810448	5.742283044053954	0.7420249822723904	0.5306230987046194	0.20428416376214983	0.7992485352791936	-107.21919898330177
6460000	4.89029866139487	5.301154187160563	0.7481486827313214	0.5380363045242087	0.20528453129598373	0.7185574690557053	-104.57184598776024
6465000	4.315816112560431	4.402377133495231	0.7658926656384842	0.5141984556513377	0.2761887429705027	0.7130009607162622	-96.3258907415277
6470000	4.412705747141264	4.759787362309919	0.7951309090262912	0.3896435240282319	0.24979758521125886	0.7022063664786652	-107.90268229717364
6475000	4.035209534230539	4.656328665544564	0.858224247358891	0.6031485640346442	0.32543561761803513	0.807938354046282	-75.41797749710054
6480000	3.85125278031359	3.8580109168457044	0.824815369141912	0.5299441760087638	0.2194889827418394	0.7577414904785676	-86.70456710924515
6485000	3.85125278031359	4.311834364035657	0.7698380501163242	0.6144982998111954	0.20000533325018469	0.788385377871398	-92.62393395866198
6490000	3.85125278031359	3.8968119669086043	0.7505374227681395	0.7451542826914145	0.23163937475021937	0.8594597326379183	-50.676076866369705
6495000	4.123829786079147	4.43850510991477	0.7889778548196056	0.5248492941036286	0.2452361312084582	0.8223856264566292	-78.69799069207497
6500000	3.974886234125865	4.45396676863528	0.8882468217791455	0.5350469883051396	0.24002898818243007	0.765260237373553	-91.68653818240762
6505000	4.493970448624249	4.597236248277826	0.7448056538169392	0.6146882404397273	0.2046785889827851	0.7708310474078737	-114.61703633777879
6510000	4.043970094971158	4.060322733108729	0.8061933971358407	0.48178989182688076	0.2612124015804998	0.7317245728136496	-100.52688322173628
6515000	4.540690296977951	6.12620912315423	0.7962407562538887	0.6105804459690433	0.21758781097597374	0.8394051608810877	-102.97513484506703
6520000	4.4274988128979444	4.904990817784058	0.7393717990397742	0.6453750636837324	0.22531653016693282	0.7204451368276927	-91.346188860181
6525000	4.413321382990602	4.479521389168724	0.78031803288654	0.5797332233549302	0.2117559915670259	0.7284365177642917	-98.10847648349088
6530000	4.524323044632012	4.5663314744237615	0.8849588535943551	0.5732111236726901	0.20125624025592664	0.7520180466371553	-72.73726058833947
6535000	4.705863716383687	5.023185644338298	0.8923536307037065	0.594186518183585	0.23864900410735576	0.7964393238904854	-85.19938636375707
6540000	5.080262190626465	5.277799812768979	0.7439256763040345	0.5820644338951321	0.20667839187194417	0.7079519343101015	-91.3733208373495
6545000	4.3379486340991695	5.2482558641918615	0.7254969959525176	0.4824990628176936	0.2553167528300728	0.7125806898137906	-127.45395557999058
6550000	4.633005734485571	5.260170275274413	0.7560009390053097	0.4626176614070282	0.20694168291668555	0.7638270692790718	-119.87352725634219
6555000	4.42689733198477	5.3342191995982144	0.7071993876836655	0.6027749910424185	0.20531942429782227	0.7797715008073614	-104.19959887528
6560000	4.306576098220733	4.390426023086989	0.8721715104836871	0.5827036415778105	0.20169658425395562	0.73916807472314	-90.68418164869772
6565000	4.048192401071088	4.708585000381355	0.8467850547958438	0.5123741539449993	0.26352582154594034	0.8401766742752164	-95.08812108635388
6570000	4.175885313928043	4.361693573604022	0.873887740962646	0.5737328932731856	0.26477023516616466	0.7269009650320715	-83.70098541069905
6575000	3.981607004654321	4.14555229685985	0.8592810250546468	0.5201879243620725	0.2025663165664232	0.8470911999167787	-85.59861058996998
6580000	4.430073590905311	5.247232233838308	0.7197866725408951	0.556286611018622	0.2113680851347046	0.7499984205235088	-100.83224713120293
6585000	4.322431550996882	4.690854414988385	0.8103345243799065	0.4201774196244852	0.2549247200024503	0.7336958074705399	-109.12201810316742
6590000	4.9589048708830585	4.978842633065841	0.8199389886900045	0.5012818965271497	0.21624373823153437	0.7063978463943259	-103.00343769276765
6595000	4.217166297856495	4.277782758640774	0.7068227212258626	0.5908237736728358	0.2276084195403439	0.7949200236117764	-96.91809929325552
6600000	3.9762563505031694	4.530687657215196	0.7135122556541527	0.554518690298173	0.22847331396468135	0.7293941935569288	-87.43887985868474
6605000	3.85125278031359	3.9169455107494384	0.7821013913872348	0.7059208401456636	0.2320998682071173	0.9455312319518461	-44.389220482000454
6610000	4.797369655200822	6.326412191991011	0.8724812935359901	0.5778121075743426	0.21792453835831715	0.7704092808243441	-76.96359871895629
6615000	4.37319349046011	4.87535354383171	0.732880373972416	0.587361412135505	0.20425316337790447	0.8110641613279994	-102.36803184577684
6620000	4.136067652825318	4.404651609869354	0.7441126473256406	0.478312682343528	0.29049301699176794	0.7208049317424202	-106.15646281414584
6625000	4.0195474988627895	4.502693011870961	0.7462959823209534	0.5001347367100151	0.2080230662301003	0.8622671153668587	-105.865361932138
6630000	5.262951350224406	5.828330606300807	0.7213907274383808	0.43859270215309304	0.21058532692429316	0.7011911006361424	-141.16050054836592
6635000	4.218231343090373	4.695825874433231	0.7215072927655314	0.5446633179774228	0.2562000198901543	0.8919564164211393	-87.8146383956902
6640000	3.8611131587924126	4.9411712425693235	0.8031225477501822	0.5339626474861211	0.2148114892237989	0.711066075358251	-89.52538609737579
6645000	4.11850792589995	4.1846613536759465	0.8938318599883232	0.5519949261265898	0.23899093304886102	0.7793610462650079	-90.29340515273375
6650000	3.9354611295186346	4.6974023109620875	0.8202426545446442	0.48750203795287855	0.21560032747282024	0.7243882573931502	-87.30221084978277
6655000	4.142684708575252	6.461833552985388	0.8614460927345655	0.5545314187302418	0.22711198066569913	0.7128425830761699	-86.82430708802156
6660000	4.29590756415223	4.464856680593037	0.826677787228022	0.46177862427177097	0.222166948159205	0.786137352222352	-111.25872411223159
6665000	5.146138417126327	5.985381622667037	0.7324845732711772	0.45193844200746786	0.27205836424709273	0.7379164640148063	-112.23146160760515
6670000	3.85125278031359	5.119017174090434	0.7058234922998259	0.544081595001244	0.20101437207619213	0.7377079498356663	-104.23110893628282
6675000	4.844302265223183	5.243573632510384	0.8175898343948484	0.5002035962831199	0.2034517351850898	0.7239615160932468	-100.36114023350396
6680000	5.611088720346143	7.092121666177671	0.7906057916506734	0.3875460566702512	0.2529819746876607	0.725246632414681	-122.96470385152733
6685000	4.270482612118664	5.548921423082495	0.8976471291764175	0.4011742091737023	0.22831849081555042	0.7837652223829435	-111.43727020532063
6690000	5.385126198294504	6.296125553077313	0.7406485031890042	0.5455007139644844	0.2197633162499052	0.8564654061057313	-112.84834863471309
6695000	4.342957996717188	5.5569351206021675	0.7321003327875264	0.5235702903864496	0.20925987793485878	0.7647668488752197	-104.15616422092768
6700000	4.232685052291961	4.365462138811822	0.798764054025067	0.572736278847972	0.20763604834336058	0.8600610144633466	-84.80152402345024
6705000	4.467139985243992	5.027380645296363	0.8582052044348425	0.5086039844162359	0.2033649747657255	0.7364944609830871	-108.92412875167153
6710000	4.174361419689628	5.1766522610434675	0.8447571568953305	0.5054205052525566	0.22976726735711422	0.7625950100864131	-94.20962848257452
6715000	3.912051309182429	4.576858307736791	0.8093313856267531	0.7353409768794461	0.2395398122775218	0.8305327250311718	-60.248386246027955
6720000	4.353706841417151	4.578003106872511	0.8947614305795133	0.5108459011935645	0.22410126725200025	0.8133745282241684	-91.84644630253416
6725000	4.2716827875478485	8.034511964656014	0.8689893641080761	0.4348667588066004	0.2543960908001302	0.7222687191423643	-114.34798092167497
6730000	3.85125278031359	4.080410730654284	0.8493193028191849	0.5038044857449748	0.2086399674152427	0.7321147816362266	-102.39728817734346
6735000	4.061992081035909	6.063407690162124	0.8080146485623872	0.4688849231266022	0.20861055356753133	0.7645264216820595	-110.98826212710435
6740000	4.897079171934074	5.519649799581522	0.8260477098652206	0.5084063846706011	0.24686462580015306	0.8189557037492963	-118.83677190167276
6745000	4.2035952981996605	4.550680913906936	0.8231448430926376	0.6398595456924769	0.2037866813125736	0.7911891355047894	-64.1822765476108
6750000	3.88492863324969	4.9616562146899446	0.808415676953487	0.4866835784749784	0.2032794957019195	0.7713472130675109	-96.70592128783258
6755000	4.2881200365785075	4.938760776817928	0.7205027786712271	0.5844532600854542	0.20161801002615695	0.8486564835499822	-102.03967712606845
6760000	4.0915771995538455	4.275562779525547	0.744196426004125	0.6748492956787312	0.22670844984242516	0.8247024470200551	-84.9577836102388
6765000	4.028938427789929	4.270846521229243	0.7920014112247337	0.5452900802730258	0.2342495407067824	0.732579733304139	-90.13720801072532
6770000	4.170704246276517	4.5099050847062365	0.8387323597165657	0.45398068131665803	0.2333513115347342	0.7476602083824894	-89.88588622905652
6775000	3.885879324845999	4.029287369494765	0.7717317527135434	0.5228370748645882	0.20972786812325694	0.8359405753331066	-103.97816806553979
6780000	5.802534939366662	6.340209633977664	0.8480708977369379	0.30460957404119804	0.2559161808768417	0.717017630787482	-124.8640851450763
6785000	4.20090774523632	4.36019286769724	0.8274803145563194	0.5651962698961404	0.2297443493384681	0.7210192271521312	-85.3082241294021
6790000	3.85125278031359	3.8687691901533072	0.8806314543578825	0.4004098734408847	0.2655232793096577	0.7431603506961681	-93.84786898293123
6795000	3.988440221502613	4.9021397198887575	0.8795782995531687	0.5817285466150067	0.23027984588589326	0.8484866177621955	-91.26229891876002
6800000	4.987137168132304	5.181172387294828	0.7401387737163168	0.37073746323998474	0.2940468958175868	0.7475067360854133	-119.21264346908961
6805000	5.135434345302174	5.418182419765629	0.7406465118506644	0.49166958348714895	0.21772642332698164	0.7337420747059001	-104.00411084745329
6810000	3.915515420050542	4.770473929476657	0.79931661485231	0.46945215948046826	0.22428843849901725	0.7423814179114325	-110.9457947331826
6815000	3.9769091850294616	4.124239982106029	0.7523999941026358	0.63008524186649	0.2269434553939747	0.8481113494529801	-85.46349984032983
6820000	3.85125278031359	4.085597884756859	0.8329774115740497	0.6057625947048099	0.24750896714900053	0.9350438133324582	-72.63918087091673
6825000	4.446992616451501	7.207403677347462	0.7293669296379346	0.6733627689507833	0.20057661296398588	0.7643704786749516	-91.91558738549642
6830000	4.630706821358606	5.841884326987586	0.8578095697953024	0.5957886034211806	0.23389670309417243	0.8767292399147403	-105.74655652423479
6835000	5.139189839333266	5.846399108617971	0.8421465966860904	0.45267698363921277	0.21714052388310864	0.7202695952673345	-111.516772619059
6840000	3.8806513487570737	4.256762920104919	0.8376397460006714	0.4121097993190472	0.2866797054462574	0.7642225389846002	-108.00873409903184
6845000	4.302464287507861	5.374930280006402	0.7377244247610538	0.34503656969172203	0.3109096817454602	0.7436172547231497	-117.91489667127226
6850000	5.925773341506265	6.390165723233309	0.7385636122726594	0.48834251064053363	0.24774708018186456	0.952767863297342	-123.15744953568387
6855000	4.276274606279429	4.43912004123661	0.8906653374362101	0.5545718553880221	0.23326672067932633	0.822517175331687	-92.1017392474038
6860000	4.2997237678165385	6.535177914462779	0.7209638480604936	0.5702404161157708	0.20011791355803898	0.7611986508252102	-112.14976232665924
6865000	4.0048649374249	5.573923593981693	0.8914706465843861	0.52642784061705	0.253060697613216	0.7008736069710874	-105.1779617388508
6870000	3.9652260266158477	3.995065440742529	0.8594548956934172	0.46664898381854003	0.29081414061285316	0.8698241145606914	-93.21760117940764
6875000	3.9920410952808747	4.041111992967319	0.8476317803348279	0.5802500681206425	0.20952721774681307	0.8102745772449685	-74.64148930426973
6880000	5.476622692937787	5.977552213066442	0.7780148398241504	0.5515600958658905	0.2477068664968544	0.9037474231468222	-101.08916963494855
6885000	4.307495505746151	5.098691352941393	0.8717661705987695	0.4921229917809556	0.23971403780360562	0.8138749673613224	-101.09806316409558
6890000	5.418107312938595	6.724911676593189	0.8773021595785007	0.501962997173268	0.23097886319967922	0.727705830221446	-124.74858511079051
6895000	4.047242932676111	4.38544481210664	0.7724689640194328	0.5478920259319406	0.21658135879876297	0.71779689053379	-103.48134821990038
6900000	4.541446793973087	4.812867638125086	0.8524584386893368	0.4023854961882566	0.26666659735772097	0.7227664031320635	-103.37748659958879
6905000	6.150786930249147	6.485581530125534	0.8943230912256089	0.365630217615495	0.32146564900009333	0.7298854622403242	-115.40824185756313
6910000	4.96975477271732	4.983458251263685	0.7975951597262586	0.36000483436474173	0.2560773026152827	0.7455160620330792	-115.5639793251371
6915000	4.9350936934730445	5.619165796689154	0.8267672097351291	0.49464195259321764	0.2023369252903778	0.8010708471263854	-104.2173100838547
6920000	5.172551373858766	6.929160650493192	0.8576824711434904	0.5454045814915199	0.22287421037288593	0.7669722078514705	-97.68398994101875
6925000	4.01792440402419	4.080795835801684	0.7248299937317433	0.6653734384397089	0.2027969393571662	0.7079525569342462	-79.5215579003681
6930000	3.9924687187181975	4.165317121772755	0.7923931550713419	0.6373206347771115	0.24822601674946168	0.8906489808484184	-64.31832259757326
6935000	4.730815288566457	5.641990662459143	0.8555944187384463	0.3369828550966776	0.3138171821088116	0.7027539719019692	-118.6054840011858
6940000	4.1056391439028745	5.145497534076677	0.7902323391331295	0.5339181216812878	0.20302271830419483	0.7582891613856819	-100.53592929998908
6945000	4.016750002862724	4.330201352559202	0.8637099450215481	0.6313943577245651	0.23490032060588917	0.7483888658080238	-70.76417087562498
6950000	3.853295166398993	3.887541509090192	0.7145066103909119	0.7053158536982077	0.20885259916643945	0.7309200919445915	-76.10391273622335
6955000	4.3606702828005774	4.43032568366971	0.8559890352523162	0.5577467256585009	0.24517772186122147	0.7301242569010288	-100.82705812816246
6960000	4.397134436810499	5.269550720483493	0.744335368934465	0.6385353316341785	0.21238181609724535	0.7887473846824631	-75.00913728092553
6965000	4.1735174190673145	5.079439451457924	0.8730254864141747	0.5480247392209523	0.23831140067976792	0.8298656686304087	-91.88834232773945
6970000	4.403127432855512	5.1906984507799425	0.8321462621693566	0.6226991677382375	0.2298829806361468	0.7488122918020851	-72.43388128213883
6975000	3.85125278031359	4.038608213812784	0.7606753700919414	0.7405257142634942	0.203128195896326	0.7565200686971661	-59.34929923740264
6980000	4.141209834666553	4.282481071854128	0.8484467266313819	0.6503263712628322	0.20928554918790673	0.8639968424742035	-64.61428650181747
6985000	4.034534478341702	4.046644523056609	0.8182157517465437	0.47181406756292404	0.20275758771558047	0.7378348604321087	-101.9821806308106
6990000	4.290930281281622	4.957967952725531	0.7342154711866984	0.5752788714922258	0.2703337661423892	0.8168522087396576	-101.56264497752639
6995000	5.341287795590402	5.8172213956150065	0.7615321631305004	0.46574588298985115	0.20930152931625126	0.7161470736681418	-128.63928267999893
7000000	4.831654153174243	5.588762284372634	0.7289233229124842	0.5765368085137094	0.2014133458146898	0.8775758998764897	-101.7482694326153
7005000	3.85125278031359	3.8765366566043467	0.862822451877266	0.59210372989993	0.20606492392376666	0.724623352016098	-89.15752022372806
7010000	4.03753703035552	4.065789796020666	0.890967156596578	0.6809421324072134	0.21695808907003217	0.7982897089596531	-68.58077930492101
7015000	3.958383177972096	5.620889459235495	0.8668694625539667	0.6870684237803757	0.22898493413715923	0.913826754618526	-54.13805972655823
7020000	4.204813403737982	4.7304297282046	0.7380041550605353	0.5767155196008539	0.26375943731776813	0.79742797950013	-94.37424386450883
7025000	4.559438298087327	5.403784096813186	0.7118213380390375	0.5119259833331221	0.21348432120020297	0.7006778645359201	-112.96008526673288
7030000	5.310771018016793	7.135976028612322	0.773999337911638	0.4834459696311804	0.2348979539849069	0.7243260601877421	-107.03859819185789
7035000	4.364785792783867	4.726516847200717	0.7333804724781567	0.522250800463459	0.20679580473313125	0.8228751084190916	-109.88988577540155
7040000	4.002097684197236	4.0144126743461825	0.7457383123495546	0.5537342040737678	0.25295643423156816	0.7032875779414167	-99.48027308787908
7045000	4.011876906444241	4.772533908396561	0.7902566472433749	0.5665911211941891	0.20755506552426584	0.7329613429617976	-87.78162116048239
7050000	4.879635083968562	5.731016711212328	0.7683310073627012	0.4706392115268872	0.2345988470525281	0.7350748959871665	-118.22257892561981
7055000	4.211740085291645	4.583700368419737	0.8288060384613617	0.5951336360286313	0.2107226556289017	0.7762031469356356	-96.26309526717031
7060000	4.1368324953548425	4.194914069252228	0.8598183888060191	0.5522867507136414	0.20967869027298106	0.7281949461556422	-75.83485999094444
7065000	3.85125278031359	4.325378537486474	0.7399913484985439	0.7069545123865396	0.21900600310386828	0.8927984147277541	-67.30974024570659
7070000	4.201291406053178	4.246094872922864	0.8301145645311491	0.49399342817777125	0.2568771458289032	0.8513307706441915	-90.13703499236863
7075000	4.484101218693291	5.7729956654191	0.7525247502464072	0.5553686847056579	0.2193082371982985	0.7665048564165325	-104.65851804158464
7080000	4.34525064639291	4.646628501919984	0.7255167450059359	0.5527652151150287	0.20863982416899363	0.82961678394248	-94.44147636997778
7085000	3.8812775585673336	4.977824013105306	0.7992632376395581	0.4214358187547557	0.32929326607445997	0.7154713828704381	-105.26977889606852
7090000	4.735437124772508	4.940134699008602	0.7665846205958698	0.5207346761552264	0.20838426828531323	0.7367959234611878	-93.65179998155315
7095000	4.9867196254589965	6.149309173672891	0.7921472449270025	0.5482691631903173	0.200134973221473	0.7486104856011492	-101.58732857863669
7100000	4.269255708632881	4.31318939539508	0.8190427936387296	0.575513009805763	0.2054443522238567	0.7163896074657535	-91.87398733684384
7105000	4.249725519586373	4.367660003158729	0.7385055928660079	0.5669298669562308	0.2527553592147442	0.8044833671139775	-92.04821897184428
7110000	3.85125278031359	4.362917902847939	0.8163814249391937	0.4511561611616837	0.23399877129979876	0.7089627667458746	-97.62390913400878
7115000	5.168216075978767	5.553039795126881	0.7807009141359722	0.33738855062324213	0.25878832632377324	0.8735148662540385	-114.65117950307481
7120000	4.4829357111109065	5.69739683623098	0.8047760453604166	0.5839477242166947	0.2248944198407042	0.8083872574696966	-113.02067978051704
7125000	3.983313924164891	4.5180570841925025	0.846394512803762	0.46712122243189774	0.26792099101751804	0.7041211450804723	-100.30103852400453
7130000	4.730720849114937	5.481431426888278	0.8531417173396258	0.5527513794713497	0.222953310358451	0.7471075266660051	-86.11487092779925
7135000	4.661638919565866	4.917077707804529	0.8810179951627515	0.5408188041538733	0.24412383519884256	0.8293050634883512	-91.72698963585694
7140000	4.040034989770696	5.943213391512927	0.8805231859207825	0.46441109217096044	0.21100003562911326	0.7141935189243898	-88.43057438491363
7145000	4.477427729445041	4.7409621737228616	0.7266854450868806	0.5850507988882163	0.23006441244769915	0.9017596633259222	-101.18820077109223
7150000	4.251557902315481	5.1255850655439525	0.8728427739751249	0.539724480102788	0.25167521060937753	0.8253564203483823	-93.35016949842182
7155000	4.40783791813049	4.520900507133497	0.8078381997178848	0.5378568882639891	0.20274745092115193	0.8195586437492308	-92.42481633929938
7160000	3.9518789331617863	3.9668150342940485	0.8228600038948065	0.4681380645343408	0.27107922094255016	0.7840222515908293	-89.9799377334769
7165000	5.061152701545568	5.7062212299282935	0.8542636288660921	0.5498062193294706	0.22272251486355832	0.8362564936250275	-100.90675139143232
7170000	4.864502902812266	4.975175341712881	0.8431858825987647	0.5288771922437222	0.2118464639468348	0.7577477543049714	-92.84564289737801
7175000	3.85125278031359	4.204702030295829	0.8413189483616391	0.6944863524954996	0.20906992023272544	0.8724147200138339	-61.76586494409262
7180000	4.597431132033048	4.976183056014581	0.7916914070041287	0.5313645818176632	0.22228977269868241	0.7091228602941975	-95.7778095507941
7185000	4.463923082282942	5.814105214375365	0.7408004826550711	0.5652952420563159	0.211467986430201	0.7065116297519497	-117.48981919139345
7190000	4.17470392886455	5.314754741740772	0.8941898307155957	0.5142682587367755	0.21129757737533575	0.8738716839168521	-107.94017417728162
7195000	4.169045479392526	4.584393371588417	0.8160465846021773	0.4716230865973809	0.23363705394271717	0.8414795290917412	-116.31116651828947
7200000	4.0315156348558405	4.049680286549071	0.8549841598181607	0.55501083050489	0.2277792312975589	0.7850256973983444	-78.48650908704951
7205000	4.826487245723797	5.066551961573958	0.7522330202787445	0.6420571660660206	0.23595341263934055	0.9836164042917886	-69.76820817772344
7210000	4.04247366739321	4.738368760330395	0.8797283932743866	0.6417119291139661	0.21995280840248937	0.772110907622581	-74.13702553578625
7215000	3.85125278031359	3.9281405289307663	0.8648586380426531	0.6585480678160768	0.2518927351888691	0.8609762574379805	-73.23467514154765
7220000	4.697911049209134	7.028862371864318	0.8591057508681403	0.5021008448718404	0.22422273012624205	0.7116675020872172	-109.63255425396767
7225000	5.132319640401619	5.640582691427844	0.8000475035163626	0.41036559591079	0.2286110373015651	0.8037472444652793	-115.97146523978023
7230000	5.411468703508901	5.6330130257049245	0.7597255446033765	0.4102341781097445	0.3777719079358273	0.8093244549304761	-115.3477327041848
7235000	5.676499089415655	6.8615621863681	0.7418921353542465	0.4477695140231745	0.24867828252022395	0.7397032410116661	-118.27863744392869
7240000	5.122205900323863	5.634471385213038	0.8034958026396821	0.5745928280677189	0.21607158246426353	0.8790704886840643	-90.15359870000091
7245000	3.863366674115826	4.258808970494412	0.7993743209719786	0.4941989949269264	0.24511345366704312	0.731878675479937	-93.02889298780889
7250000	4.56473628628864	4.616570028906029	0.8264035376320942	0.5159160527297446	0.2257027124757411	0.7875538273232974	-90.86964953713817
7255000	4.580978698613736	5.050491002057752	0.7588737706630646	0.6024649794370074	0.21114313185793873	0.7213680209500738	-95.38660029248317
7260000	3.85125278031359	3.994062466561793	0.7299450479822094	0.50954401659981	0.21444634413018498	0.7664071287795368	-105.566390375656
7265000	3.85125278031359	4.082828603353594	0.7482647090696327	0.5123885259449483	0.25367095228373776	0.7193503665658828	-92.63220147855017
7270000	5.246322891451239	5.621138882352455	0.7170934184847064	0.3947519318755984	0.20284945338905058	0.7499848529963543	-124.22149559322594
7275000	3.945374137246727	4.600409972240043	0.8104187170840588	0.6247883986795009	0.2000134833729632	0.7892088359437003	-89.30078302561643
7280000	4.248139828160453	4.446544064153957	0.7536315836685874	0.46467715616888666	0.24811871158499219	0.7283026033855546	-112.50359944386443
7285000	4.513619219803985	5.763012088919417	0.7637572875563214	0.49925375997578647	0.21812444983280738	0.7260052079125732	-104.62277739255657
7290000	4.767248127880651	5.667532777869831	0.7363102341933057	0.4337613951576857	0.22650281119067575	0.7930361663339757	-109.95076895947957
7295000	4.935640883589731	5.3678341186525405	0.8343477033670587	0.4447793253168336	0.24882118760531868	0.710924560295332	-110.56083296936725
7300000	4.5471998766964585	5.787434865649778	0.7142604471076287	0.5196206705208755	0.24174391894022704	0.7844625217869216	-109.18450667682811
7305000	4.165823558353741	4.942810341211977	0.8525890536434396	0.37364498862707185	0.35061686284329496	0.8502986140755727	-108.63128999079368
7310000	4.343735540404684	4.669816191386631	0.846076556186813	0.4715903668581709	0.2103397800480378	0.829833025453528	-98.1421098496935
7315000	3.856914064750278	4.517864900716375	0.8605111126495599	0.5484751541349389	0.20157348179145662	0.7264649848481303	-88.29150174485892
7320000	4.005834267195689	6.2876632763721405	0.8187166260437235	0.4373727699280511	0.3132864458135722	0.7519670328072748	-105.25490796802549
7325000	4.424182497386884	4.699012037731572	0.7294688874680076	0.6311453032870854	0.23629665180172968	0.755722552164654	-94.85071168262579
7330000	4.512515991696202	4.686179503059633	0.7429838720812314	0.63813912848608	0.20432144227906626	0.8415828222068111	-79.94375369424864
7335000	5.590666776264483	5.729989084544807	0.8454460660860281	0.35388092940875904	0.2625338495768786	0.8267675177541046	-138.28132905890445
7340000	4.522659415778386	5.519656962431994	0.7499287406773646	0.5471128724168851	0.22919691632109215	0.8063593743944263	-107.60450285238826
7345000	5.4669644386612735	6.97167149782143	0.7796556635987674	0.49277166930561705	0.2043182880459991	0.7612335359246957	-99.4660811596741
7350000	6.0424764814663785	6.122549476229238	0.826882839443996	0.3745019238108727	0.2897099799893026	0.719822647652532	-122.59822560736325
7355000	5.746953897243231	6.120197711005329	0.7153270062945187	0.5169915171235338	0.20386441436470654	0.7913129084713437	-111.67161954097827
7360000	4.073582924144673	5.011798167445042	0.8113196309733045	0.5688272474996718	0.2059652069371418	0.7528387939888609	-105.30538876535263
7365000	4.186724147272043	4.307262027232159	0.8500614945212853	0.6268494838294846	0.20712380608124167	0.9481227656308469	-77.43353375420406
7370000	4.8550763658456475	5.11602789130426	0.7351519626610239	0.5200534350472491	0.2707842349486165	0.7927448658621713	-118.89028402065378
7375000	4.899544262742521	4.915195270680572	0.7869806009911233	0.5985603132741321	0.2061843337129724	0.8638934709016836	-93.06130419513681
7380000	4.750554309285226	5.248138725478575	0.7508324804104987	0.4826815827893543	0.21567118805426336	0.8212764861452851	-97.5753823527885
7385000	4.342944142552559	5.157423019007382	0.7034876002612094	0.48378279096383847	0.2816932296698391	0.7356879139182013	-101.7671766967226
7390000	4.832996785775503	4.841407333835893	0.864182247455781	0.5248014816860335	0.20282452354602584	0.7215665151040511	-105.65344206967953
7395000	4.414939229488829	5.029489903417446	0.7392954741865124	0.5433016042921578	0.20584235184736702	0.7055643546594275	-109.57923229376024
7400000	5.148131508087528	5.258786940554145	0.8638123206013976	0.4344381127503775	0.24419062984496903	0.7900196614581215	-104.08188174390554
7405000	4.338302911007567	4.364348914084242	0.8981463555937262	0.55936125147613	0.2568204095876603	0.9072389365972321	-77.61950843570506
7410000	4.398595628326388	4.547423746339546	0.7000887136240268	0.6087112952774542	0.20825167149899523	0.7284340328275714	-88.39878271510554
7415000	3.85125278031359	4.303739086511465	0.7937436695626319	0.6483079292523243	0.26010031664093874	0.7337698307812202	-67.55108161903169
7420000	3.85125278031359	4.083645036484064	0.8713164696576511	0.6442513194874783	0.20447560449511723	0.9455193070308185	-74.37609387611772
7425000	3.85125278031359	4.106164648172899	0.8763089950965213	0.5237893329780401	0.23373066686581717	0.8768313948010505	-100.35310460961242
7430000	4.028849261383243	4.188496427581803	0.8361402829954907	0.5105685897946735	0.2233785535951386	0.7910860973132134	-104.8024331823618
7435000	4.372875379161545	4.511218831076889	0.7343459065862747	0.5976164419948331	0.2341278983905173	0.7509320278793236	-87.36330430508517
7440000	4.064686845358071	5.523552364205723	0.8641039513437266	0.5965210830480769	0.21674221087670292	0.7310013841111203	-84.77544747544519
7445000	4.242492357438372	4.587933136843136	0.7693753939500931	0.49582544713333637	0.26676563387705005	0.7300069044983896	-96.12808071640521
7450000	4.38464629321354	4.801563776517377	0.8301586474927425	0.6414397940046384	0.23163584723536348	0.7952907224544945	-66.84873443125895
7455000	4.632887465959033	4.879533156273763	0.8837307374680227	0.5947306361125405	0.2357399099173774	0.7463439699616751	-85.78941176676156
7460000	4.977906777396641	5.374586771228999	0.8206331077853102	0.5208072491940057	0.23150487462890434	0.7612244707681071	-118.3466626044694
7465000	4.217961555818549	4.578225527350779	0.847030626827529	0.49163306731690454	0.25997764146552277	0.8390059506892138	-92.81181122233326
7470000	5.003342991873218	5.297451306808758	0.8846094398798015	0.45967016244945386	0.21340842973428734	0.7788629550578265	-113.94926435253376
7475000	4.595259975352324	4.9025529830758385	0.7586508562652947	0.41743793311904887	0.215009046576213	0.7026691688788809	-113.04646075621275
7480000	4.058490824939555	4.39641389647154	0.8791826389446997	0.6692479631825322	0.20224914437470798	0.7908102921640223	-66.48215352915187
7485000	3.85125278031359	4.081329473948339	0.7530485918598644	0.7773121390484116	0.20599232391527922	0.851337788440375	-48.33903321617583
7490000	3.9560741488361355	4.685206323125195	0.8979686312087736	0.6513106278870698	0.21138270956711627	0.9378165800457393	-65.75710337008175
7495000	4.533437659096327	5.367393256565359	0.8656332179746825	0.4864897032344862	0.26588133175230166	0.7243416894750943	-116.86244053931526
7500000	4.186653986312061	5.365399543686748	0.7422735949856535	0.5788577254820308	0.21664594814721339	0.7178305735677714	-105.69832383507426
7505000	4.191829078984549	4.346822036000163	0.7167960106368232	0.5968950646028686	0.2336055555712387	0.7916630510163968	-94.31237072797151
7510000	4.292705083561832	4.438984950791812	0.7306089635652866	0.5759703255894785	0.24175635936575554	0.8785903203917736	-81.64887655097732
7515000	4.0485583738375865	4.207537470840748	0.747231065615105	0.6685917417561927	0.2318499202766455	0.878363169736663	-81.12338850446213
7520000	4.299531534602964	5.494590827294677	0.8047681901740973	0.46098961376334524	0.26141528350881416	0.7284125545959991	-107.66763716369789
7525000	4.290172089722535	4.786836251930614	0.741408419309216	0.5020929751886556	0.21355576304369023	0.7200942042010745	-103.18300016659768
7530000	4.118150243523809	4.216653698335176	0.7807094369475742	0.5582824407939105	0.20892193972535408	0.7311603057084047	-109.05512550693413
7535000	4.573839925053514	4.856202606249339	0.8640018473298611	0.36968029408007264	0.3607766890441597	0.7136653638004422	-97.95102836507417
7540000	3.9106244475173058	5.7710069784264375	0.8800246534802734	0.5364465168828682	0.21295114443194543	0.7167571925051166	-96.44873064727895
7545000	3.85125278031359	4.0914728047595705	0.721256184703705	0.5723634487607531	0.20346316363467432	0.8364537966402666	-101.80718559085241
7550000	4.235948572594862	4.483432260851304	0.7110352761214496	0.6853752510010859	0.22579481696277282	0.8267808927563828	-74.05050968261315
7555000	3.9250794055173936	4.66790766613975	0.7526234447168072	0.6220336200860118	0.20514956588987257	0.7019676246893916	-81.52657865012023
7560000	3.9878076209674673	4.235159523897244	0.8030601274861395	0.5564394482222687	0.2934232161878316	0.7707264757985741	-84.97158928566697
7565000	3.858020094571463	4.872443731246124	0.8748456224292902	0.49342523686688605	0.2924408457570286	0.807215773190397	-93.71457247466196
7570000	3.994854992491532	4.237436686341244	0.7921118372206578	0.5468021494040537	0.2634520106848057	0.7112179299783302	-86.69465380009203
7575000	4.070612060900896	4.260536695634733	0.8766654291170902	0.5443864890822682	0.22161563356917227	0.7557740279911009	-94.628141878961
7580000	4.499382887758653	4.855828057932102	0.8235775548467136	0.46450158731421953	0.2769742727653188	0.7302322274714561	-94.97252244500001
7585000	4.371479762370458	4.4857340054501655	0.7887074622172102	0.4620148039560273	0.27466280816953575	0.7007370347776871	-98.76619880180246
7590000	4.480607760966177	5.923772753669351	0.7133487887052697	0.5470137228791255	0.2005856049740103	0.7342388671938732	-96.21378927699396
7595000	4.559575552502718	4.664808677062996	0.8663216216723415	0.5605808571087681	0.20536656835400466	0.8469608521426294	-92.03615903385659
7600000	4.799990717006735	5.443580655640395	0.7711141432115354	0.5067890277760662	0.271587373010821	0.9071362211720128	-96.22359157867808
7605000	4.7005376347469054	5.338541494856297	0.79012945906553	0.5007111505323198	0.29949286931092367	0.7006183088178913	-113.45414258609668
7610000	5.1344086593878595	5.396115779166154	0.7691253789807381	0.5490641996687667	0.2360417627681667	0.7815925322398019	-105.20422986371821
7615000	4.636951493123768	5.74831865966175	0.726891227756867	0.5397725627498098	0.21574535830696243	0.7330072752807176	-114.44178162161143
7620000	4.309160279595726	4.47947277175869	0.7198589874250045	0.586509112252923	0.21530220156376081	0.7990014295700227	-97.7510773198162
7625000	4.2589923526614655	4.720175031419203	0.7150819258561191	0.6057480998429493	0.2497181880146848	0.8672727924628141	-83.62820368154098
7630000	4.337266159286152	5.349301185737123	0.8390479068430768	0.6179832484474523	0.23663645723077953	0.7571032990865426	-72.11230630340197
7635000	4.1216306576650314	4.749088115699094	0.8757301406483133	0.6490703183464431	0.21480163350105497	0.9427467889378007	-75.49189495069899
7640000	4.138438461688949	4.38797441204971	0.7350511373041699	0.7068963189830234	0.21093171441404107	0.801698956605531	-75.34781758977829
7645000	4.00115716764457	5.349240371650488	0.8984946862208424	0.6006385008489221	0.23307360016765158	0.8117389212869954	-82.61257290861536
7650000	4.329984913433932	6.08884429265499	0.7068220470832215	0.43465592803616304	0.3166005043307064	0.7009686304889599	-104.18295695261656
7655000	3.85125278031359	4.1433975502383085	0.8208752224220717	0.6001322455428775	0.22606669313229036	0.7465993410188442	-70.31743146981734
7660000	4.7693027579007925	5.430308544461307	0.7799432434606922	0.4968339058533721	0.20539098896524569	0.8774910998799123	-100.84117414319871
7665000	4.845388012480077	5.4907246379470855	0.703319225839073	0.5481411250363671	0.21551315409435925	0.8021592655194729	-105.98729207960216
7670000	4.248389869369481	5.068888894285278	0.8391586615264461	0.43178810210589097	0.24614628890491633	0.7757413002286735	-107.30062233559403
7675000	4.85944918370801	6.64849751054921	0.7260240112034034	0.4855717113166633	0.28023969229765616	0.7748114408506754	-116.81703517083139
7680000	5.257093688589126	5.290088684722025	0.7002524376569844	0.5894074960442988	0.20627593159803645	0.7102278274472057	-110.7455405217755
7685000	4.757473282998815	7.314149933582116	0.8115964492325872	0.5784456751800101	0.2065063117906203	0.707097928291243	-100.88875984502943
7690000	4.90634256895453	5.656500167731508	0.8105793676008506	0.4390235993796403	0.2637328114619856	0.7673020221209156	-103.00401946259211
7695000	3.85125278031359	5.21522162454249	0.8888577083861529	0.6346823352933666	0.2309260295458149	0.9018973685118593	-68.97024731231028
7700000	4.130856407639832	4.957131521182557	0.7194904060016523	0.6381007613437423	0.20599976083808025	0.8329666991591302	-95.25999270742673
7705000	4.014270436927713	4.241087873905421	0.7061436565187342	0.4636132007015096	0.23044495587167504	0.7826263438532829	-97.94263993598341
7710000	4.119862703861698	5.576491044729928	0.8333899861794585	0.4764795925571863	0.2741754574091438	0.7423928606569964	-105.5029381676203
7715000	4.395600589745445	4.62481811738037	0.8853436366320516	0.5466764527010887	0.21381728949152526	0.8078493054843033	-96.73137817760363
7720000	4.786341676695116	5.41093884790118	0.7224101437520106	0.5645906559774805	0.23821746753928102	0.8244209980586962	-105.41827121370838
7725000	4.37404632244233	5.2219546732560005	0.8183926205625691	0.5844650619771851	0.21390702447367424	0.7809105491477725	-83.18398547598551
7730000	4.624221547204879	5.675406319281728	0.7032427276403667	0.4956354704302559	0.2204313636312556	0.716250391787316	-113.46092171349488
7735000	4.386065666930493	4.514561540789571	0.7052144137571038	0.573749305825448	0.2268158316652728	0.8698793268134892	-107.57968249649457
7740000	4.2858165999090385	4.471987063256476	0.7317416611886103	0.6333752558210096	0.2056309295702744	0.8084850705711376	-81.31059809339837
7745000	4.0014384807580194	6.536967425079633	0.7167319801952124	0.5509291885556536	0.21925928254813123	0.755603694280421	-106.25524462612003
7750000	4.611779241851444	5.36569426607655	0.8606864329257472	0.5622430344664556	0.2200548726711039	0.7375233911270633	-91.99377025367588
7755000	4.930491985764652	5.859169229454575	0.7221408486996957	0.5302843388721619	0.23945108744991173	0.7300959410087231	-112.05296556249564
7760000	4.983683663825517	5.023752208006384	0.718857881124438	0.48250706130828236	0.21491181574224366	0.7341007623587879	-118.55218398046361
7765000	3.8924344591870703	4.414568918711386	0.741015578183534	0.7101133641152674	0.20626949688102805	0.8241319561909851	-74.13781414377965
7770000	4.304416546796202	4.6293030463306	0.7809483411299106	0.6361746919523973	0.2050139515502751	0.8268533678223913	-85.02517241657111
7775000	4.482909262952696	5.702310857381869	0.850105930942318	0.607486662045769	0.22397990533951995	0.9202561435282061	-92.85052669969457
7780000	4.352076731004976	5.5785660015699055	0.8231290790218434	0.49707963072672207	0.20160967534055177	0.7168159623158665	-97.0077535990402
7785000	3.950202033956055	4.113831069551789	0.821117295364261	0.6419743138675764	0.27741210094825003	0.8061665419540667	-70.78327044905853
7790000	4.0174346998636725	4.658299160169964	0.8896784021226236	0.5830428920070148	0.21587105629621184	0.9080543170267106	-84.40917824745199
7795000	4.374868660088904	5.631006764270008	0.7100058134593616	0.5922772395363023	0.30367045961741485	0.7393969418834524	-105.83223492213494
7800000	3.85125278031359	3.915984752685393	0.8283989256154571	0.5969827202447253	0.2054438901834181	0.8457542239608377	-74.68240103399549
7805000	3.865786313376079	3.9602562679546183	0.880435055502677	0.5895165824484593	0.23014737166572657	0.8363231366400091	-71.2056244510791
7810000	4.013097272563936	4.150481658026362	0.7879680002234526	0.6349848771888155	0.24426826924121525	0.7405850837397151	-88.72886134235506
7815000	4.639517428175013	5.366437806172802	0.8364158173520079	0.440344963957604	0.2708539914307975	0.8663163941605309	-113.340483794513
7820000	4.510425304099334	7.1259489446008875	0.7516440135846295	0.5693029022407698	0.21635098277406578	0.8350366339163705	-101.68632798023467
7825000	4.204860936708979	6.0994478825847	0.8714994006573037	0.416946677622704	0.27320420892333497	0.7229626273676226	-104.41921434997417
7830000	3.9890270133949253	4.622796028333206	0.8265853305422369	0.5747438538123529	0.21034441697078304	0.7904702645374354	-92.27581858409465
7835000	4.68207241763042	4.734450166039279	0.8095776314395355	0.5258684773027901	0.2114718134384897	0.7094344325729909	-101.74929082702042
7840000	4.358417376686511	5.017244902286825	0.7964822167009885	0.5047700083757275	0.27241184564901827	0.7493575685968101	-108.12675270492821
7845000	4.6586238646892	5.1599331022114425	0.7062159412876342	0.5747199179840512	0.22163083708138517	0.8436224283300369	-89.96703937886056
7850000	3.885974660006997	4.724132507445317	0.729768467038163	0.5746528133234301	0.20649561415667517	0.7301567019050151	-95.45512992732736
7855000	4.097586737953721	5.683637086987815	0.7979145595348619	0.4220868072457433	0.2813821218220338	0.7749651755977928	-112.74487219523712
7860000	4.48994086790641	4.4999753240190685	0.8487147140992817	0.6318035565996691	0.22814921074089525	0.9549313215334286	-64.90017983838302
7865000	3.85125278031359	4.52761814446547	0.7460597464772077	0.6115643353452337	0.21081438965788726	0.7297189712801736	-81.6451255884925
7870000	4.16514236381393	4.815820243054019	0.7549117739854578	0.4920057639492251	0.26108216821268715	0.7514796428474924	-101.49162942486618
7875000	3.85125278031359	4.386295133427419	0.8440365536827624	0.5516049852679497	0.25302729842139915	0.7767892536497533	-84.12113465866832
7880000	4.523695641610554	5.695299077861177	0.7042097476485463	0.539655720708495	0.20896479820093164	0.7414271499610195	-91.4387065243094
7885000	4.274408673291623	4.713052248309389	0.7686691548758776	0.4931089001946775	0.20273028517194083	0.7693168766149117	-104.6475813136316
7890000	5.250540388809434	5.30319202420289	0.8093130331068792	0.5711870720672703	0.2012817494216022	0.8025651159908114	-99.92414345138116
7895000	3.85125278031359	4.196108273645892	0.894650409414941	0.6274963221674058	0.20055541492452258	0.7030093725020056	-67.89786289187069
7900000	4.952787437316306	5.40982603823136	0.7372676208907277	0.4801959595776927	0.2112397252071223	0.7167995701088788	-107.89608909301182
7905000	3.9510993149663656	4.687371092945736	0.7307627055719457	0.39282868770378404	0.388182375011792	0.7114794232146026	-119.25836237274225
7910000	4.714771819520909	5.253446253275786	0.7100401560653399	0.4119558993762558	0.2311888552167583	0.7310160096961187	-115.20861470400044
7915000	4.92655155227286	5.066838843511583	0.8549372541733136	0.5676308377749415	0.21168287517202186	0.7628220466268276	-89.8615823126539
7920000	3.8723893136968877	4.498312716172655	0.8119218219381973	0.481194532553439	0.22720111774877244	0.7503614473207703	-100.58700515503162
7925000	4.208951920443603	4.526397029124282	0.717555513659799	0.5701686995826896	0.24424113261899433	0.8392265227812077	-91.24561857529972
7930000	4.192316624650003	6.723374205368677	0.7289443789231079	0.5048113557814469	0.2252907516940416	0.8198267662582303	-116.38575458293795
7935000	3.9603087667976253	6.01481882381031	0.8245037600796304	0.4505772776845016	0.3630740361404621	0.8002431965986685	-93.56138706589209
7940000	3.8622315124159297	4.248881516907267	0.7206579048327418	0.6742630967048687	0.20302944867560974	0.8657103234053655	-72.01085908992133
7945000	4.294164846721935	4.309725756707214	0.8866867189469677	0.47200707280432297	0.2606966278398524	0.7300576911124127	-93.598171441712
7950000	4.069087724548829	4.9419192188427505	0.7534440243463009	0.4560284650232333	0.3354837001810597	0.7151769244401956	-99.52074827964049
7955000	4.687135791870927	5.575054868684242	0.7526534366274806	0.6563566216512916	0.2092483610203062	0.7674786481418892	-87.10986882303874
7960000	3.85125278031359	4.22748954986181	0.8785787184014153	0.7401234955723422	0.21765434775789994	0.9673229508969222	-44.39488479435384
7965000	3.85125278031359	4.549870682294745	0.8500701943915492	0.6763288626955652	0.22556148768723455	0.9952272260886547	-41.92988705487966
7970000	4.206031239274329	5.852180400875541	0.7605563739074443	0.5797132851954151	0.22778937200378802	0.7615089450994114	-95.27786502262506
7975000	4.023099715883667	4.5502973855072995	0.7078444278412556	0.49437590734285514	0.2547473087576489	0.7830746554944152	-105.99559591366386
7980000	3.9855491522682063	5.427093151704212	0.7444434989040254	0.62240756424868	0.23621516966444234	0.8627628589133032	-100.06915685812905
7985000	4.633864599336313	8.139633163009865	0.730879860960205	0.500710470366476	0.23085559667397956	0.7002513606398056	-127.29343978189306
7990000	5.435898978280054	6.180744645780013	0.7867252612167203	0.6060570078935359	0.20315480224432877	0.812774819176631	-94.69271613257513
7995000	4.232794301666336	5.254741046684124	0.7115591479852151	0.5561710532425869	0.20752515564360988	0.7162778283114274	-110.12473740805626
8000000	4.819469847986855	6.62579041685358	0.8019660663512024	0.35846558441423376	0.23710004375917956	0.7485250346781593	-112.09364028060375
8005000	4.203519858838141	4.792230344444657	0.7660193200296295	0.578722572697686	0.22419249423458518	0.8125040719061185	-92.11450504969326
8010000	3.9448039428051596	6.3394625079290226	0.7755430272444139	0.488473158843726	0.2437756606720748	0.7005541714000799	-108.59575799736862
8015000	4.043425453574202	4.126871094008111	0.8875415957274168	0.5972259509304411	0.2257010431790929	0.9018139025037952	-74.23877470968512
8020000	4.140715902123886	6.47234940722917	0.7595523804077509	0.6735207514827917	0.2164474815232115	0.8835012329876734	-72.7322992140472
8025000	4.186195895671509	4.9325639639623855	0.749619851423471	0.6411872903262703	0.2284650697595836	0.7973181865640429	-100.43071881837764
8030000	4.609040232788208	5.952606055717002	0.7328570799124225	0.4892409952716278	0.21682776334230894	0.7163436167443715	-106.4053162178686
8035000	5.378656376711394	5.685602111096156	0.8274039616212121	0.4618639519551474	0.28196155559451536	0.7077036387696986	-112.5788803691348
8040000	3.85125278031359	4.017044739978719	0.8278591811009021	0.6000174349805003	0.20378905106573386	0.794711811258206	-89.32377737159243
8045000	4.184076950055568	5.196872091564154	0.7054938544756527	0.5053588280102709	0.20691413808321144	0.8033638677000995	-111.45252210032817
8050000	4.215763169085134	5.156793496963012	0.8116528569267392	0.49003853056492974	0.24470165398595972	0.7259783969523731	-107.25124064451512
8055000	4.489132040783185	5.9187036686041585	0.8155895632545459	0.4550400338881557	0.281333968001896	0.7505648153698063	-96.50302115183484
8060000	4.2806999886976245	4.286119401599983	0.7737342548503937	0.5057775584424073	0.2340351163594931	0.7917302164979007	-110.90563039307955
8065000	4.367612779271769	5.8139863479910785	0.7230745932233122	0.6258944688171886	0.23337165855192238	0.7960952715208222	-106.95080855028866
8070000	4.526324850658145	6.129483872998785	0.7621903206453412	0.35652814216870576	0.34738196325562254	0.7748933880128435	-118.99326597987925
8075000	3.85125278031359	4.1707885050069535	0.7562835326780974	0.5160758401895931	0.24880164117190812	0.8551564720311303	-90.3106871138539
8080000	4.30382238677384	4.773715772235062	0.7144394364176131	0.6145451731827372	0.24261564025983623	0.9072246058885308	-93.35183452257309
8085000	4.185771039068313	4.828001543587235	0.8207674450079825	0.5046290073579359	0.2395930740428775	0.750046357800826	-91.84729173137214
8090000	3.85125278031359	3.87035342441171	0.7035122918589807	0.7346159518626643	0.20417172503927963	0.8379350975783503	-71.73595330137837
8095000	4.184949298079323	6.360051083505366	0.8533688213935017	0.5844914999129232	0.2212696528450814	0.7606507460063372	-88.93400599807586
8100000	3.902710494142394	5.139945730734388	0.8636536526023743	0.5074242088410055	0.29454654978099276	0.8162789572702421	-105.0571932154919
8105000	4.881857677088951	6.139443133285853	0.8961845050044503	0.6257323804141822	0.20329153786633763	0.7911111636673055	-79.6958000143243
8110000	4.215064970008912	4.731962032614154	0.7719987604351893	0.3904735967723183	0.37369040586140406	0.77943878305394	-107.62516330944555
8115000	5.245628394280932	5.783517257928428	0.7814302791615424	0.5470802616444415	0.27975267040723556	0.74848662550344	-84.09982551856052
8120000	3.85125278031359	5.1132612906596915	0.70303965088925	0.5237008158225938	0.2731811121543933	0.8648406225632077	-94.16079430905697
8125000	3.929517771726146	4.136009369984754	0.8986399036384711	0.5700156249825445	0.28408927447410265	0.8473413360422706	-72.87359677460466
8130000	4.809776423905626	5.264665274410017	0.7630436637879487	0.424867324764275	0.2830663513356065	0.7211555706595075	-112.05338081250076
8135000	4.830443998328943	4.9922921019369095	0.7330977823024339	0.4714990016104952	0.23571542772700446	0.7127088831301386	-118.34371297639726
8140000	4.377092801428975	4.6783317870421754	0.7879240018551139	0.5340749693484024	0.22870464937225315	0.743371921352895	-95.39876451626583
8145000	4.690112970652801	4.738199697144689	0.7405244763208408	0.5097455667334639	0.2836342111365797	0.8046346337419156	-101.85778701939296
8150000	4.130641418823427	4.399223957881173	0.7741213533729799	0.7157371403908431	0.2064821389029306	0.8079749572592675	-62.965049747041796
8155000	4.425511110029507	4.72220136182093	0.8012218244549376	0.5753274086871546	0.20748898593955142	0.8176902476000995	-86.3035069781547
8160000	4.814685831162677	4.915482273276533	0.8900049815634389	0.5520967269919056	0.21242118559577983	0.7333334991982065	-95.63850004964388
8165000	6.801462487026561	7.332050025129366	0.8301503938305591	0.4091812188137132	0.2133952458377065	0.7359622910650124	-124.30142371663331
8170000	4.160962280908493	4.237896641520725	0.8996265512878046	0.45240815681404745	0.2688040666259545	0.8366392897287604	-94.37845692299291
8175000	3.8808823542060766	4.0980590337404745	0.8875544411329689	0.5200072779607703	0.2652393290897211	0.7904330866045829	-82.37157061732023
8180000	3.85125278031359	3.9216609100386632	0.7562309016334853	0.7479501418792035	0.23658082507540557	0.9903111429866928	-51.03175487389116
8185000	3.8585266181632036	4.008710059480373	0.8199447384340919	0.6706792719189865	0.2099146552457286	0.940411464471891	-67.09585662324008
8190000	4.026621167047563	4.3371689938635924	0.7071349483662713	0.6596690333224672	0.2004265401982844	0.824418469412416	-83.58831312054159
8195000	4.119636425391177	5.330076758821793	0.873145166625975	0.676725672111011	0.20418672476743563	0.8080190065320261	-66.58606884102892
8200000	3.9595792505156	4.662229194372086	0.8842894975104868	0.7424968073605902	0.2233273849267984	0.9901777477903175	-46.68837578617749
8205000	3.884432033296445	4.02415462809949	0.7546787851512027	0.6673510649990925	0.20938559176957955	0.848520348099032	-70.24452298782228
8210000	4.316472307550421	4.8369832699629285	0.8036206212527435	0.63911753363616	0.21844854556080476	0.8538311496247422	-71.09710937975473
8215000	3.85125278031359	4.5266905008532206	0.8832104897117415	0.6979274486485514	0.20025975289378092	0.9162834864900846	-48.255767031444606
8220000	4.157464286591651	4.34562212609346	0.7838473465616029	0.5600792049715395	0.23712500030553588	0.7537743074767183	-85.40356937026979
8225000	4.221137363655225	4.699820003879832	0.7841282759511218	0.7150574115297308	0.20233433119529107	0.7145491680139247	-51.71927763548623
8230000	4.064225238335522	4.231146551801897	0.8350794562175311	0.6160920597097533	0.20629341463146686	0.9598605225467228	-81.60624203850932
8235000	4.238629224215036	4.417336428620493	0.8300735028175599	0.4729641512780156	0.22533019131138182	0.8037914927279977	-105.94188464129297
8240000	4.045682082138747	4.514958296326659	0.7408321298063119	0.5485159135131678	0.22634337400600343	0.8010804662658835	-100.19808292691107
8245000	4.923451790344697	7.418288609114665	0.8102444868345574	0.5496913545605704	0.24572625394810083	0.7895843592300485	-102.98882885676761
8250000	4.476591842008664	4.483322498909041	0.7208148563651473	0.520813406135383	0.2099787089749967	0.8092869729319541	-114.93132574204066
8255000	4.86608160275474	5.010931207730605	0.7803288615886396	0.5870747947580316	0.2169252037166029	0.7100966051852989	-102.18387812552191
8260000	4.284725037895269	5.548257218865876	0.8770596139092548	0.47700832567923385	0.21049756499643626	0.8415390300807626	-106.12671766996988
8265000	3.9109234798842154	4.23126983298136	0.8636494385477314	0.45787830665474344	0.20280984824314877	0.8124647135208349	-89.81099747578443
8270000	3.85125278031359	4.612899404875433	0.7824696451540821	0.6531243966782051	0.2516982227699014	0.842851779228318	-77.72093714143242
8275000	4.860387069619837	4.867209285343807	0.8016705469563112	0.5294276668078433	0.24491079321163262	0.8548949671000398	-94.52816300169403
8280000	4.606792746913737	6.150934294935958	0.7318798398179915	0.5055145849603957	0.24513278866028432	0.7135693885659388	-106.42218989665454
8285000	4.46173149917476	5.86207141935449	0.7051202261621751	0.6437420624332053	0.20321098878993252	0.7199776220969344	-94.3508589937606
8290000	4.441124151382568	4.47699507337165	0.7184010560160307	0.6982443778090545	0.22257635371768883	0.8234983931130809	-75.06124223950351
8295000	4.08594804069893	4.923209268604887	0.701683460215042	0.6190031052467981	0.21911040786636973	0.853053665768714	-88.1220164998723
8300000	4.3054470635943565	4.353630699817376	0.7077010863539545	0.592780025277585	0.23559313314312957	0.7015540037595921	-99.39012511672126
8305000	5.089382677036169	5.231711822178017	0.8736064926215245	0.6164774934045584	0.20270863411914897	0.7335713575154	-88.89434449280421
8310000	4.393574903545175	6.173755631951426	0.8131735904851578	0.4300560889334196	0.27511745426167744	0.8335719985771531	-116.87667211579657
8315000	3.85125278031359	4.176303256043997	0.7248664483731181	0.5201138204968564	0.27698095868697614	0.8068997263199883	-109.94010236144942
8320000	4.052623329972531	4.829872071145655	0.7706904688926939	0.4641901058790851	0.2077572846414738	0.7366299702499218	-101.49012207554242
8325000	4.893509595923243	6.184536480606866	0.7039265184642055	0.4009650807612357	0.25306293567192617	0.7482694819734886	-129.44009176137715
8330000	5.49212998176896	8.438848457266186	0.7484177344523958	0.48160832572239043	0.2205119757996497	0.7060019879301573	-117.73647648439925
8335000	5.134657962850343	6.486684833106173	0.7937010458291266	0.5336048414625667	0.2099539139467198	0.8948094441551997	-108.24740390143836
8340000	3.869636683553524	4.662267787738993	0.8148166723298563	0.5613106350658325	0.2854524055885316	0.8249331995923372	-88.59378824911556
8345000	3.85125278031359	3.8609708931256463	0.8125729275160971	0.48432459439902004	0.21065724156445242	0.7615082898469501	-105.98461618384152
8350000	4.654242080931798	6.547491573552146	0.7377471781449051	0.41318361439505114	0.24435571088578745	0.7086961807710583	-125.87216292887598
8355000	4.345503002695256	4.81880187386854	0.7896010525151307	0.4213054708192864	0.36578240037289134	0.7011180479553417	-118.228451636703
8360000	5.827730568492289	7.419829289446069	0.7191994554588624	0.5768543782613585	0.20969963746018333	0.7459976203224816	-127.10431260538999
8365000	4.8418172421459635	5.101029317911114	0.7487910796456552	0.44034840710491735	0.20212207683477873	0.7013766697357536	-111.00513273100668
8370000	4.0164234327956745	5.163128518512016	0.7762296590424355	0.6344014258706295	0.20959208609768143	0.7982737914270083	-78.57346219241754
8375000	4.085731851844026	4.239779230217378	0.7398536261666439	0.5869210663540425	0.2413341589692908	0.8897400416193677	-93.9938564286916
8380000	3.85125278031359	3.8565717601490026	0.8228351508539224	0.5085908815949158	0.30913022837324844	0.8503981556955501	-102.37001965557806
8385000	4.992739708912157	7.988317592684521	0.7109905058219685	0.49700428968390836	0.20778448231710642	0.7148825175248276	-117.27671924710535
8390000	4.860045645985225	5.496450047172958	0.8484628107813746	0.5199021817515534	0.2108415558598503	0.7349710536079039	-102.867942925964
8395000	3.994683428717117	5.044778179811553	0.7052008370641774	0.45621408325737445	0.24568704122895704	0.7928874435301432	-112.71955482682031
8400000	3.9397515938925025	4.347672214121389	0.7659799891534362	0.5589987925874007	0.248945248589405	0.8088180129510716	-87.3961822505224
8405000	3.85125278031359	4.237620220944892	0.8286953783385191	0.5547420820508417	0.2586636478943854	0.8996926002986185	-78.46764677912839
8410000	4.71174845593661	4.8070117987951155	0.8679501152016951	0.5540730248640588	0.2025112787828184	0.8454808142088002	-79.02533578060502
8415000	4.060184314910235	4.280135334192305	0.8102935411116777	0.6693123282404679	0.22515501993647785	0.7028700727721452	-81.1508656165586
8420000	4.444141585694375	4.639592242450212	0.7061191953228081	0.6650245739061242	0.21784707384814783	0.7300976925388698	-68.504539012647
8425000	4.426005063206121	4.512281037655096	0.8455286875308684	0.7004761786293153	0.20256329792093367	0.7144210925822562	-47.62503001757857
8430000	3.85125278031359	4.635656861191823	0.8866887972258495	0.7612636522686866	0.2198923399960676	0.9124772486044594	-33.90783627600806
8435000	4.14667596627984	4.195969730647755	0.8354992112955174	0.7813353437470969	0.21457393738130592	0.9694741367127322	-27.749600151141802
8440000	3.85125278031359	4.866622925894389	0.7854749866178464	0.6897166125244208	0.2273460650011522	0.8011397626379178	-70.73975856252207
8445000	4.357559609012734	4.531361504770356	0.826500609840827	0.5914949341477247	0.22034707334571293	0.7022181318698699	-82.35609020636974
8450000	3.85125278031359	3.8961675813059027	0.8338574854942347	0.5816255894849449	0.2861082333886068	0.8436997477452853	-73.80655267796558
8455000	3.85125278031359	3.9957685627184754	0.8441904774330452	0.6800107897219835	0.2060691963753909	0.8162549181041715	-76.62469608426534
8460000	5.014845822296369	5.832666639166339	0.7482802101719618	0.47846671509437483	0.23650852492779767	0.7255677502955393	-108.59450518126849
8465000	3.9595910843261235	4.077776008966296	0.8461996265807289	0.616014905922972	0.20286815449225007	0.7294768254983476	-69.21404196625278
8470000	4.476864808567394	4.705504679589947	0.8119112837974926	0.39675054585327824	0.33420299397092396	0.7056687225225203	-108.48807970035628
8475000	4.3613001461333365	5.008674993152393	0.707306572225762	0.567853198372942	0.2032121675583406	0.8192257243282176	-97.52046825759373
8480000	4.738856980547394	5.079932146231395	0.7162276488583966	0.5364546371658417	0.2504091796239785	0.7876014369124738	-106.13781209408884
8485000	3.9944501968570854	5.322815630936416	0.8561939990614222	0.39150591967596104	0.2864056874712515	0.8860529280704995	-101.5363844315454
8490000	4.154094752688054	4.89188306048218	0.7037771113713314	0.5269828973228531	0.20205531885071007	0.8319958303706986	-102.17976963907932
8495000	4.0078137897888375	4.591387325652365	0.8550905743996501	0.4791219283401054	0.35502669289455224	0.7264879072474941	-98.74869706005401
8500000	5.019748791234742	6.100658889415208	0.865376324454468	0.32326062858335375	0.31809106244233093	0.7844582250223799	-118.4511273180349
8505000	4.2692213547371365	4.661840067806088	0.7473544329359927	0.46350172220369024	0.28391103657761735	0.7458785026790403	-112.25765821702106
8510000	5.555381207368223	6.397523407048514	0.7271459303378792	0.6079214981488922	0.2326732191695954	0.7596589762923714	-89.74438595796309
8515000	4.455788060746803	5.16841075817624	0.7290512284597849	0.5111512612391899	0.23341862770351254	0.7547571912979703	-104.92323599278478
8520000	5.360002383322081	5.81190957413183	0.7181087815273387	0.5456157165091842	0.23132803430949242	0.7100838077789315	-108.26932210030932
8525000	4.364282181620766	5.2771604051058185	0.7536703987726205	0.5428855766709328	0.20873985875821882	0.7674472971714247	-103.88976582238013
8530000	4.131834505353799	4.9777504029563655	0.806263021936603	0.5538860826522121	0.2700213305037915	0.8142098823943047	-88.68006713097901
8535000	4.637760893795706	5.47728991839741	0.7805697408910964	0.5900918343441235	0.2603977694685142	0.7373330397516659	-95.09054600348338
8540000	4.120506801450216	5.630927487641008	0.8950316134232622	0.4122358277411844	0.29931587543517146	0.8037143791732547	-104.47166336862941
8545000	4.272632739039171	4.367014958578048	0.8602887394104558	0.5251152878269918	0.2537475907985116	0.7400307643674209	-97.58490934772308
8550000	4.60692062289469	5.10545928464539	0.711444882873972	0.5123766261262991	0.21636640217660272	0.7949115514345029	-100.55987915117171
8555000	3.85125278031359	4.299521763539912	0.7669492151399268	0.527088248296972	0.20722342949141967	0.8125434253208464	-105.88500507147825
8560000	3.85125278031359	4.030235482095978	0.8099867342884468	0.6572034469375335	0.20052992833951952	0.7611374770644945	-78.75006610237645
8565000	4.446378379857239	4.553814946404893	0.8634122070468854	0.415656255661853	0.2565836117114494	0.7088789780829844	-105.74924272535245
8570000	6.423747943899123	6.529323243715749	0.7541464612864103	0.6781195311201715	0.20131835857405028	0.8607679866647969	-78.65039044896852
8575000	5.091630687042177	5.408523313019616	0.7384815358605016	0.5085234814898937	0.2489850102929976	0.8012434069101402	-123.27496507198376
8580000	5.802457668852518	5.819354629679843	0.7159425429815257	0.43371798470146034	0.23094946617931972	0.7191476851774778	-116.11938180421251
8585000	4.68465657940416	5.677288158431414	0.8087767352859943	0.5014559675217946	0.23127061577079597	0.8100605413616281	-106.98368255838571
8590000	5.075619799405283	5.156438066987461	0.8003173607234358	0.36242133548007444	0.33561936989048796	0.7695333243963473	-114.69958391811917
8595000	3.8910846375256147	4.391810929481675	0.8844256384980379	0.4770963537797824	0.2168702965180498	0.7248553218954215	-85.5998889977725
8600000	5.919143346155634	7.011642018645914	0.7367281929857052	0.4342450417945468	0.20244551232004918	0.7668920355083755	-121.3952820112531
8605000	4.506122665616835	5.010515026630785	0.7232173977927714	0.5566839306100982	0.21624397486952235	0.8026174365588277	-115.90327820265168
8610000	4.511592148915793	4.871876382807799	0.7781231512025447	0.5809075672774394	0.21462584367684576	0.7338984968143432	-89.59451800563019
8615000	4.35340241264247	5.773566987170222	0.7753467068677637	0.5315085597666175	0.24085544988249058	0.7215857134040112	-97.930572746368
8620000	4.470060490084158	4.917117582223177	0.88569906025223	0.4496774609061694	0.21323735701012883	0.7282932850938568	-96.37047577406304
8625000	4.825963284916352	5.219034686107264	0.8378724209830549	0.4710519696827389	0.22620157861463308	0.7242424200567776	-98.575090405786
8630000	4.098713372538284	4.218715579147892	0.7120905550167957	0.7060838879692037	0.22114344417152793	0.787095888773737	-65.39146395403387
8635000	4.0766314659933895	4.401050205418293	0.895788354787827	0.5923423224091657	0.23053070885291044	0.8267668480037789	-78.28875877388356
8640000	4.538471909381512	6.805464994176265	0.7017116604411788	0.5116839666962767	0.27970799043971767	0.7156958164765019	-103.96137342502536
8645000	4.246010166379948	4.784061117475129	0.7637895855132163	0.5646220072546921	0.2201812557521441	0.7909814251809633	-102.15675449022416
8650000	3.9971003979179693	4.495943140684364	0.7093349631056399	0.6787414181397721	0.20023725716914692	0.7111446601562262	-94.9117040395835
8655000	3.85125278031359	4.262210101337122	0.7291929601066945	0.6132651645354048	0.23488049888665263	0.8712097253654549	-78.75521105249243
8660000	3.982693165642993	4.600634413739454	0.8240502011451829	0.5496104370454383	0.24361954524614388	0.7631720668770167	-90.25673601649879
8665000	4.249937232120992	4.641193873693647	0.7708845488611565	0.4193795809434801	0.20569073593572043	0.7569960820872331	-110.2432668484407
8670000	4.190656504115796	5.208352802641026	0.8512269245712073	0.5365320926900367	0.2530028084512704	0.9492469494952255	-87.47259665381748
8675000	3.960956115779215	4.863480112741384	0.7502257414000139	0.6853657660900485	0.201400138424425	0.7907163515945497	-80.14058403956733
8680000	4.708089292882192	5.321340907473341	0.7713063894539985	0.5770200153326731	0.21358525283184676	0.7858342074130064	-99.60400760897662
8685000	4.432148377106599	4.873855799374727	0.736349446249068	0.32072772103362834	0.2691738221195491	0.7693923112706812	-116.91577493684665
8690000	4.264947363585221	5.2811912484807015	0.7920525800303189	0.5104933371084969	0.23144928690677652	0.7430356777397872	-116.28261964629846
8695000	5.896690365174254	6.03325035707322	0.7723900559510676	0.47034387432252456	0.28009264994130095	0.7253192870152357	-110.78050103056111
8700000	3.85125278031359	4.5390282090544245	0.7090942903962795	0.583938121361625	0.24144693018858016	0.7702572255301627	-83.1367368737327
8705000	4.286383653765021	4.5878114044544995	0.8445115124035786	0.46911334110411224	0.2775941229122174	0.7143191995793244	-104.85990600134707
8710000	4.222934431761288	4.883709561723626	0.8726087974990775	0.5020121569694617	0.2017453357954679	0.9163158061170348	-101.57414996154213
8715000	4.7496519149995695	5.56979003787091	0.7152470815001419	0.5788058308573484	0.22210545508584512	0.7044704089085339	-92.03986158100986
8720000	4.2510521465952085	4.259917317283468	0.7481740889651273	0.6146680111703534	0.2170874381347745	0.7976809480809441	-84.28873019697903
8725000	4.349458854456121	4.796195587258396	0.7684278536327176	0.5066933950190571	0.27815442804869656	0.8456748895652288	-101.45674129830101
8730000	4.369280155639647	4.372101520346031	0.714454269694607	0.5655716577186669	0.23850066473672316	0.7354550340867222	-97.03151858855051
8735000	5.38759583811371	6.633240763530675	0.8776601517220639	0.4643455501801046	0.22593777355256076	0.8197570892929276	-108.41166843146894
8740000	4.873471393879439	4.968774004372708	0.7951954114042923	0.43158852845620393	0.22799457670772083	0.7270373418044439	-109.14249911634158
8745000	4.916810161955179	5.736699257797105	0.8400972726157397	0.3930752335382181	0.24078639794548853	0.7067304935213956	-118.59494801088502
8750000	4.718910555642817	6.189330145483011	0.8324071948843689	0.43157040421660137	0.264242861544285	0.7485053720594682	-104.53256263639676
8755000	5.149546170375419	9.897349291565002	0.7439022486531575	0.44583630714509304	0.23330298123162696	0.7353354365504269	-124.39864644257443
8760000	4.606609607982073	6.313277916314015	0.8464778659668795	0.4561010195309906	0.21283157196940236	0.7547097148411066	-104.0062553570317
8765000	5.506719861681007	6.967746283689846	0.7222069458940853	0.4672450895907799	0.23409843414660603	0.70289592721585	-116.34974737342932
8770000	3.9435782394224788	3.970273623873666	0.8021524827695157	0.4277591978764186	0.24104540931074617	0.8398428683178436	-104.12322357260894
8775000	3.85125278031359	3.9638971733120307	0.8836237687581046	0.5586962743356697	0.21928425077826338	0.7106766668471614	-85.38647008702566
8780000	4.596228857399962	4.938874563156583	0.7353012178097471	0.5531507302682286	0.24134535927162562	0.838793369606068	-96.02275315240624
8785000	5.2716394090911765	5.399553864412918	0.7227907051488989	0.6546524662241339	0.2047811759582451	0.7826390987332916	-87.27756550576089
8790000	4.6975108609291265	4.990179504176686	0.7049894412572567	0.3902690404541432	0.2834518393189809	0.720118592688245	-118.53510783318012
8795000	4.31154481644302	4.479018225602648	0.8522411504324712	0.5778047265049271	0.23276272868115172	0.9253789304356036	-99.12670651249303
8800000	4.027927570006342	4.247353655026817	0.8713023958062353	0.5548387386318866	0.20194676635162423	0.753952275096821	-83.91911253255051
8805000	4.386457552070073	4.621924409764775	0.7584298633780345	0.5102863535259141	0.2775949949910367	0.9213505755186133	-102.2607676859486
8810000	4.05274115527388	4.052915950781772	0.7425724563789711	0.5651452630898671	0.2047180202101469	0.8907321701823727	-102.94661256663309
8815000	3.8601007198885418	4.390051951574899	0.8892149823655117	0.617190421598116	0.20173925113780425	0.8122881066759835	-69.39007677887264
8820000	4.14645482820725	4.832855776428501	0.8280259903338996	0.6855529136497608	0.21078686848725806	0.833942764284954	-62.39327674223259
8825000	5.433641863811298	5.501774848345359	0.7842481360690013	0.48790343104894224	0.222411711472531	0.8111360218080683	-110.12927697419616
8830000	4.144245382586908	4.653077933943848	0.7505660166144593	0.6623810752104262	0.2265843672745533	0.7658971875698326	-73.81655503076684
8835000	4.060175879177846	4.9387382989849105	0.8467595067019837	0.5209371220861783	0.21522163824327628	0.7369578307705756	-98.34434440164839
8840000	4.296634232955447	4.890628901264513	0.8135774651541373	0.6189160475401819	0.23910669011216992	0.9856773180028534	-94.09911948862057
8845000	4.152079906808284	6.1230517840000775	0.8315120279912013	0.4023378819245342	0.31953717314715396	0.7170707511810769	-103.02577692920684
8850000	4.059072900836749	4.549087208871164	0.7812815008282088	0.5204931341730105	0.20679249707939207	0.710501876931738	-100.51835852629796
8855000	4.215935314581568	4.243175214032627	0.7250675989044906	0.5936404254944739	0.21523249751497447	0.7751508503041875	-88.87188113816143
8860000	4.638794397435612	5.1256249277558465	0.7500353372650685	0.48154136298690886	0.29008247208083143	0.7084138029324974	-101.93943235014694
8865000	4.824770253275766	5.840546030538711	0.7702511145203264	0.6982415089915996	0.21680248967158702	0.7432245968668855	-68.12895681187462
8870000	4.05874742480805	5.211060522780767	0.7642672945344627	0.4791430944902497	0.2876856709608713	0.8166292044711841	-99.5752498349321
8875000	5.078754790157461	6.1080053357253545	0.8856200132105431	0.449857998611912	0.24343691118746724	0.7187902919529743	-93.81438703146276
8880000	3.85125278031359	4.131445377050628	0.8471382259478609	0.5934876568298557	0.21876680421562295	0.8525103218406598	-76.27702469722567
8885000	4.851874211898682	6.665518172311075	0.852981506143254	0.4389558386288092	0.20472227658950579	0.7002507809160079	-115.58424331558524
8890000	4.929453176265986	5.799227359494119	0.7012456355574569	0.38509734895570147	0.22841490062321068	0.7016145614026703	-124.63522495074537
8895000	4.332387327633921	9.388465809414718	0.8020508126024595	0.5193962663694583	0.20724176551389947	0.8528897983194912	-99.71143944534876
8900000	3.975798486672465	5.22507595167902	0.7545245576538062	0.608898178484109	0.2151547452600615	0.7406167474135651	-85.02558832738501
8905000	4.5867141417241415	4.831919345698724	0.8040599119191523	0.4723562438684559	0.24378547044888943	0.8090944092021405	-112.33414765604928
8910000	4.363729646315663	4.413010667573003	0.8919064587968384	0.529170999710681	0.26297288073398134	0.757913910310567	-84.78739164018737
8915000	3.996535058352348	4.933562429307744	0.893548495869671	0.6827919267299242	0.20796855420230903	0.7011011331880649	-47.76770574437191
8920000	4.691136206184547	4.864486284338901	0.7565970760103778	0.5449394857321381	0.2430805633634663	0.7067036435007388	-96.51836593825234
8925000	3.998596115443274	4.477752661107474	0.8043854312399278	0.5613844243316369	0.2099388838873683	0.8414676800627429	-93.24451090040532
8930000	3.9731022762473436	6.483729073474772	0.7405980779316614	0.5089307440848864	0.22065217532993964	0.8665809273581849	-111.03189731626014
8935000	4.497238042926567	4.762585937174335	0.899978271225473	0.6264240670021324	0.203319247644602	0.7089108577496687	-80.89401868207835
8940000	5.131786073261417	6.380984944822196	0.766300640226985	0.5359529819944342	0.2549362931096959	0.7144293142909182	-97.44931181825581
8945000	4.835837076426798	5.859683182574427	0.7419652615415862	0.6063811475134371	0.21086677884625	0.8005371992020749	-86.90587766902345
8950000	4.988985718197702	5.424100030502486	0.7148517063140963	0.4806533020166485	0.20887701496962172	0.7078551497252809	-122.02905708909975
8955000	4.19979316856979	4.521777639974035	0.8861365500780647	0.4165248725965323	0.3173249796067676	0.7639219836694191	-96.59533888742521
8960000	3.8891743862218533	4.787758079593656	0.8455597071114792	0.48885219603968894	0.24018817550466065	0.8256575596542981	-102.55162646182634
8965000	6.481484819234435	6.498181054173335	0.8866182934511944	0.4243640645634801	0.2484855125253098	0.8205648139007365	-100.6503428649255
8970000	4.127154020154953	4.818958006675157	0.8741491540196125	0.581280143320638	0.2643439151608725	0.8032325998173343	-84.07585995486693
8975000	4.447899148188341	4.700404015937754	0.8050841656897881	0.3781877313442764	0.29532170023281595	0.9634027021810241	-120.72744627253098
8980000	4.289004701688106	4.885498247441139	0.7332660110283177	0.7292196430334263	0.20830787246378465	0.8194525078560331	-69.85461574054935
8985000	3.85125278031359	3.915939450321722	0.8643591739017616	0.6989238691825955	0.2536736242993735	0.950574212060944	-64.7513977672433
8990000	4.796596450861553	5.174111363558307	0.7640468592067294	0.5419818499148923	0.23188330562737938	0.7309912916176223	-100.12174828327792
8995000	4.098562267736095	4.488302130523717	0.7783847048543376	0.7178630580709588	0.21647929533511467	0.780903358721503	-55.72791760152197
9000000	3.85125278031359	4.325683038542153	0.8475560715627416	0.6836638716095941	0.22529084620471646	0.7893772574341149	-62.60189596146654
9005000	3.9516610043905933	4.463195752329741	0.8917032264808038	0.3889478074624509	0.32762093223978644	0.9281601246743618	-91.17223718489649
9010000	4.567856660646998	6.151664522263261	0.8010375419039609	0.45153744341566565	0.27341140011853127	0.7615916804685959	-110.46104595970132
9015000	5.186096114399064	5.882937865146629	0.7080092727783572	0.47828237599886125	0.2444374268927161	0.752391000503438	-112.71342270206401
9020000	3.945015859168319	4.11119633985795	0.8322126216898775	0.5746605733388412	0.21131346422983904	0.7415266853192898	-86.36441402395187
9025000	4.339289765784102	5.422226697062851	0.7082030202050629	0.6001648195076228	0.21021379449545685	0.7597210226375314	-96.47405239898049
9030000	4.192898159694802	4.6888643924509665	0.7980118208509823	0.5146840555800327	0.22246642869400482	0.7265451273668767	-111.45984157997177
9035000	3.9821739848013453	4.6460473805747995	0.8906356491126329	0.504701620307687	0.20324656821909629	0.814270948209979	-95.83728349295808
9040000	4.04944261893759	4.120617626924727	0.7015730557426748	0.6686069534992153	0.2061584913253974	0.9120884430165883	-76.58670372483382
9045000	5.564314486151659	6.638435747418704	0.7924378860209963	0.5334228312120844	0.20173744442792438	0.7301784053858789	-98.36673450374028
9050000	3.9240100994699123	4.474380904451555	0.7045620783597527	0.6052205060309273	0.26090037802002575	0.8198118035827303	-96.02752576189644
9055000	4.709653639677032	4.7255759296522415	0.7972942142643944	0.48482825040908106	0.2308850438545174	0.8545106763209486	-91.67366843547964
9060000	4.191424004688879	4.962112017415085	0.7159681362950485	0.5505584903774168	0.2761931026426064	0.8281795905714302	-105.97558025622891
9065000	4.066704767448282	5.00320891638596	0.7013161567063112	0.5496085484937174	0.265168616361124	0.8545539754328895	-106.63415953725482
9070000	4.797080312802295	6.900870519765152	0.7943688034160199	0.4659860326534226	0.21853167250719874	0.8237622775443993	-109.59720280722465
9075000	4.038446222066827	4.960815500260126	0.8608753306712681	0.516755407175391	0.20473952405235593	0.8191812649674242	-118.27157513232095
9080000	3.85125278031359	4.562136097297183	0.7550857288182693	0.6295889140624149	0.20133394285510306	0.8580348486728245	-84.73545280486363
9085000	4.985126317328532	5.682987005356806	0.8096218706547184	0.4390534828979462	0.28623483459126026	0.7531240584853375	-125.80941894634805
9090000	4.644411910166526	4.942300633924821	0.8997264389892493	0.5538425334974189	0.24513817685247694	0.8046784818930102	-81.77183483269769
9095000	5.20333080193417	5.4929218006903735	0.7486711235456187	0.43907931861954874	0.2954916257796817	0.7434640524778309	-115.31788555496468
9100000	4.408505598511118	4.817451196494784	0.7972867619988802	0.41304201023138665	0.25850979971977184	0.9406914126746336	-113.74526413238561
9105000	3.9381245811456744	4.111406108798043	0.7398102083147451	0.610214275811951	0.2193287002594736	0.8511557623196266	-82.77188863948939
9110000	3.85125278031359	3.9140155174991667	0.8262065269738426	0.5696376765319766	0.21215510013120845	0.8077880948356314	-82.39807590241708
9115000	4.404768599971104	6.285622451628226	0.7656627070294683	0.6329269108046107	0.2019080810967328	0.7275369478076408	-85.16147959783473
9120000	4.866070943816782	4.969414749763799	0.7403196759832059	0.5669298264802005	0.23860389992504125	0.8315046136976396	-101.99567268204842
9125000	4.168149453949961	4.410480883240449	0.7642224154697851	0.6480171403462861	0.21079340271235217	0.9715890955392775	-82.34510351723074
9130000	4.535277786594555	5.043260332505428	0.7331856901968321	0.4892349581718431	0.22836603478757458	0.7837371908673447	-109.29713484956974
9135000	3.85125278031359	4.471945327916213	0.8957087433658945	0.5395600330169736	0.22376642258719964	0.8140064055273457	-79.90788410402439
9140000	3.912660176749473	4.56748067254583	0.8043317205347327	0.47807249460792905	0.2633975721392494	0.7332842101921461	-108.2494270041455
9145000	4.800522423703627	5.311927922624509	0.7548592476822447	0.5778179119748494	0.22209232354786818	0.7002008350620884	-102.22541014492393
9150000	5.115701036819467	5.246623129836088	0.869742631314795	0.4442244160281644	0.25117371561369656	0.725743860557631	-113.16228581098929
9155000	3.9484350790977047	4.273732576305737	0.73199770333484	0.5636793903929507	0.2465948932727108	0.7686564185619544	-104.44337463358761
9160000	3.85125278031359	4.584496818437421	0.8242364980177327	0.5694248877306832	0.2294704799019402	0.7851803823428799	-101.67165368272887
9165000	4.5132335988796655	5.409287140071761	0.7637663333071923	0.5958114232157983	0.2557206229758209	0.9481075310553495	-87.59843596717366
9170000	5.722613650686464	5.996405673313599	0.7490994177397863	0.5147242135888902	0.23399568161426385	0.7269111357853157	-113.76726419404676
9175000	5.194012036877216	5.28214246840945	0.7637366000748036	0.5522613796017364	0.2096886335140071	0.7536433933805962	-99.70453412157315
9180000	4.077371622666813	4.6882990142091145	0.8707571261924265	0.595432548841697	0.22173078572999205	0.9906946484168316	-75.73892334510586
9185000	4.416700386672485	5.035680244659955	0.818507969101362	0.4309061844686323	0.2134108128368273	0.737399689574494	-110.63433291892594
9190000	4.361123643379156	4.776726157937916	0.7347737873327942	0.5884136735610691	0.22868023204137258	0.9378064740314902	-97.03577355597685
9195000	3.85125278031359	4.017139266508901	0.7136824526729036	0.6693592079881286	0.22803341130135346	0.8757276187138984	-65.56453909741103
9200000	4.138529406602576	4.784327437119796	0.8679376013307821	0.6279695927292628	0.21561264899432625	0.8501456741339316	-67.37078125003183
9205000	4.360086153951348	4.778578355698203	0.7163337117777024	0.5941183798537438	0.2404736217071533	0.712510509688566	-74.9260279492909
9210000	4.1351201813876886	5.1335565960025376	0.7554048978117813	0.6936484867845755	0.20362023009943772	0.709870162505071	-101.07430463089457
9215000	5.024843579502441	5.903125732857499	0.7831999474967136	0.4634009818428327	0.22005281419600434	0.7319148479657921	-121.5038615656272
9220000	4.441084988918792	4.774780978123695	0.7088747079313634	0.45377521745251886	0.2200999984750345	0.7031745023380501	-124.51352197491516
9225000	4.4102913660730465	4.636456379743192	0.8429303770881666	0.6755053869385204	0.2278880841871562	0.838066610489695	-73.01796056289416
9230000	4.1089861040268305	5.479811537774823	0.7331361294360929	0.6029594981545436	0.21280136299636082	0.7397789086975596	-92.17774076447012
9235000	4.335632752358969	4.499880899493091	0.7952760798881474	0.6175306471456059	0.20813060231273742	0.7219555832952798	-84.95219511674253
9240000	5.123138006563939	5.134130536585087	0.7443546105248929	0.4722021342236463	0.2015629058377185	0.720006435715524	-129.89615652029983
9245000	4.347114700225132	4.727224786409381	0.8342790478837082	0.5043756897211513	0.2053627648148588	0.7776503238930869	-105.79589873260653
9250000	3.8629636802182055	4.357908054322867	0.718338033407445	0.3737761471203218	0.2154917553940503	0.7360837174048871	-104.15540084465161
9255000	3.8593612031296005	5.464728963379936	0.7089388701852898	0.6561152065020259	0.20818128543547773	0.7914319110178554	-76.65553723191712
9260000	3.903133487291203	4.4178813517163364	0.8467889679054629	0.7341491845250658	0.2149234737129335	0.8692948426225429	-53.554187049506574
9265000	4.542942372175831	6.081202405207504	0.7041288016740987	0.6438211157979934	0.23683702254869426	0.7549166483748205	-93.67245216256057
9270000	4.313613889803966	5.320042759065598	0.7858308752459126	0.5877824190877994	0.2595682707842892	0.8593711631718429	-85.9721947724461
9275000	3.9733242407728904	4.420085624097219	0.7618077703941327	0.6764649546012194	0.20079640804206292	0.823962618744165	-75.07288740656091
9280000	3.85125278031359	3.9569144804485616	0.8548320841279663	0.5780621831753927	0.2494608449157466	0.8532855248886411	-77.17942790724527
9285000	3.85125278031359	4.639389242295911	0.7492134455849612	0.6162320772474323	0.22688408256372375	0.7144771004038738	-82.84139637481749
9290000	3.922298992238342	4.036596362343024	0.8744585445682455	0.6244298274466535	0.21349975737774954	0.745957644235668	-72.59096172091157
9295000	4.127108420493236	5.737194055456503	0.7772511370635283	0.7293897197608851	0.20653598294757045	0.8359402399782562	-62.463389137010864
9300000	4.7285167735944915	5.495464881090972	0.8790705938272853	0.4690098445673345	0.23199655078553916	0.8098733666908499	-90.61012709813272
9305000	4.631675080888671	4.828772415380728	0.7152106406924709	0.44753913871274137	0.28805522526734023	0.8274260434324929	-110.09705752708959
9310000	5.098952878595275	5.601274363925205	0.7370465228699602	0.6248579325292599	0.21248506521525257	0.9550856322577832	-88.57480907237982
9315000	4.1748533536769505	4.729900980298217	0.8747877996656765	0.556746290311435	0.25688031901529795	0.944177013940005	-85.4911143222077
9320000	3.85125278031359	4.448706083110882	0.8509858545902412	0.6253900206030647	0.20812687114238362	0.8304101028941824	-75.74724188138899
9325000	3.86600101151148	3.9616223293131756	0.8731455363353429	0.5099358821770291	0.2639477124807316	0.7413952264843691	-85.31933131130873
9330000	4.130334269610866	8.388206233799853	0.8354525092165404	0.560431732354777	0.2121852333841826	0.8294624439597638	-89.52033931340449
9335000	5.258586505393935	6.850651437231637	0.7842772007530227	0.4010203632511637	0.26206753981569	0.7914139027503017	-125.26800930432461
9340000	5.151590186917656	5.916642439096939	0.8248595875760942	0.6122519275861429	0.20947344970571266	0.7975117794062735	-99.01134947373677
9345000	4.297851255457892	4.327345341135186	0.7626575069693718	0.5918989531230741	0.23128112278130036	0.7707544073303573	-93.69217074947173
9350000	4.005000498176125	4.518771390245083	0.780664196039141	0.5556428405995855	0.23974461187042653	0.7749625061699069	-89.31318699884022
9355000	4.246372494887279	4.8611408228218	0.7584337442820832	0.62924796167863	0.24043633340553786	0.7323256496197574	-85.17780727107001
9360000	3.85125278031359	4.6971424877791055	0.8237418447442212	0.6290749069156639	0.20470669923159693	0.7294932960734534	-69.10406062641519
9365000	4.137311101034685	4.364229996953515	0.8257321705865874	0.5394612409058365	0.21925572345885627	0.8926255882997697	-80.4873618713178
9370000	4.077913469819292	4.810266777394801	0.7800242254355342	0.5851337860053286	0.24221388120012052	0.7190829069636917	-93.14484439516002
9375000	5.292197958215295	5.444067387562011	0.8970078376665058	0.5655949980950005	0.20031122677409452	0.8767940601878267	-82.86329525102565
9380000	4.072252273206596	4.317328138693892	0.7114967394970724	0.6148502642455188	0.20064131883461223	0.7604852608613218	-97.60144099410519
9385000	4.057654111258617	4.381768202454384	0.8797273967165569	0.5294731354802932	0.22402776815066938	0.8030345883386685	-89.68463520128202
9390000	4.282845898152796	4.372887192151912	0.8831930285218252	0.40037873028804066	0.22437186013138663	0.7127956198780957	-102.83806057653283
9395000	4.643852308653537	5.866450458401819	0.8234452141452705	0.5033790148886619	0.2734205191477393	0.9186548068173312	-101.57668117603507
9400000	4.381235190882326	5.319659173326672	0.7582470737810932	0.446240403583264	0.2734117512149085	0.7583561526971714	-105.04910008886154
9405000	4.214834390681349	4.477325530281718	0.7296647003976111	0.6355636361720415	0.21340849900401432	0.7279116753273935	-81.84948992033699
9410000	4.213320982535938	4.826592697000107	0.8344228098420902	0.5973467944972185	0.2596308925954767	0.7318327461603126	-80.59555396177052
9415000	4.214094062118513	4.811470323358714	0.8080637186930466	0.5985905755928761	0.21788955369851387	0.7312383545924327	-74.65271806014553
9420000	4.276943977108286	4.855375603086176	0.8568158509999373	0.5654335624522926	0.23128866001839546	0.7520473001870274	-87.66564970549132
9425000	4.869081094845709	5.64351796039162	0.8002035671536109	0.40098237024341715	0.3031942698529141	0.7583014523927689	-116.06257189285952
9430000	4.854023594668847	5.378585388511069	0.8267507859097611	0.3715012322384848	0.20414349727354755	0.7677821571182635	-122.82036217720872
9435000	5.024821181684893	5.918706620076171	0.7499254290956456	0.4694989651547507	0.2558257891788568	0.7306684249791274	-106.55820094024239
9440000	3.85125278031359	4.33679742769757	0.7747053129326459	0.6512682458232442	0.22759070313998242	0.7048664029405219	-81.34083488483705
9445000	4.126248337539779	4.939322314538487	0.8642047888084999	0.4773938562569767	0.2884926532030967	0.7337192200109066	-100.12450746530396
9450000	4.083256859777008	4.232121964306203	0.8562296722336357	0.555106636661979	0.20390953891558955	0.9319269424206331	-80.20360762312896
9455000	4.639628745742963	4.897114980562598	0.8978717456328572	0.5189022961952588	0.28676636055752985	0.9568420645205361	-95.62568694854306
9460000	4.605026387890856	4.69404509912444	0.8017941424024733	0.5679331913187399	0.20070849065532242	0.7825193199428572	-111.5867327272583
9465000	3.936188993215247	5.1494638714665415	0.7248323367507272	0.47385116853605724	0.2693383839981028	0.7799083940121437	-108.05438332854635
9470000	4.882764468740888	5.133333917301031	0.8240756260163763	0.42523990073680035	0.20509119305970613	0.7742367825526275	-111.95690655096502
9475000	4.229035838518835	4.616687098020915	0.715628142945505	0.49474851132805614	0.22041251774512205	0.7205722264140094	-98.33797735713901
9480000	4.222396941251223	4.224358110957989	0.7009557318400896	0.6006710181372955	0.2167385888847696	0.8520401324212076	-101.17155536235819
9485000	4.4339413016140385	4.6528974466901545	0.786183443886026	0.49566212063475856	0.2685772321189456	0.7417130631965461	-97.31307581813982
9490000	4.310955087042967	4.347125408497346	0.7584747134572591	0.6524725386119069	0.20863153801427967	0.8135753419705363	-84.50750354678385
9495000	4.0105535693964525	4.214286945618527	0.8401095487994459	0.5391858709571535	0.2593886135647921	0.8799665080389667	-85.408552050785
9500000	3.85125278031359	4.162707900056608	0.7438991092060565	0.6665905463419339	0.23887654090635468	0.7934252674840527	-80.25783423330117
9505000	3.8663878545119745	4.634460431205755	0.7275614316795136	0.6591354807300672	0.20168752992758962	0.710409981764206	-68.77412018405991
9510000	3.85125278031359	3.8679379364086066	0.8262751918979547	0.6761098547584335	0.21378461730861856	0.7320185118624802	-71.43067962812961
9515000	3.85125278031359	3.883954611842998	0.8225122681580773	0.5855743370894051	0.265066374633814	0.7111565206245275	-84.5176164630528
9520000	4.055547497966868	4.1997251937050395	0.8311483064673214	0.5667588844667589	0.24010015850550212	0.8407572728006557	-90.59552960287456
9525000	4.102379941460506	4.153687354164685	0.8873040501254005	0.391213670911987	0.2562158878587197	0.7158947386134675	-102.42387156975573
9530000	3.905195279792872	5.078222713708721	0.7991902514540647	0.551760241588685	0.22733743221213462	0.7131086345773608	-97.66634636075895
9535000	4.273668417466399	4.458855586903326	0.7604774672792619	0.5878887668200347	0.2026116561370387	0.7677283818144214	-88.83423186548936
9540000	4.37626606002514	4.737324045954262	0.7758760439657357	0.4626225835696917	0.2766332660330097	0.7331590521686703	-112.42936770758621
9545000	5.977468484787421	6.337637578371767	0.7810256635265598	0.5160172084594594	0.2123370328243068	0.7135911209725594	-110.38976360472486
9550000	4.625484792216948	6.158717232698538	0.7163775226041134	0.4724334813887786	0.24840293837798005	0.8005377123723837	-112.5460091226173
9555000	4.554680930168644	5.4999721011938	0.7037703574117682	0.572797542409672	0.21120933917347146	0.8895441633836445	-83.97774223131282
9560000	3.85125278031359	3.9368331381503268	0.8547854131657886	0.4491420910456188	0.20183371569606656	0.7288280395975314	-103.1978274279468
9565000	4.622157972667882	6.327932685320953	0.7673779163883843	0.5924391671835989	0.21829233347696889	0.8451553778371967	-83.72311322884511
9570000	5.147593908410053	6.401603608419246	0.7298951907912123	0.36255636578849504	0.2578911779667888	0.7099348687010613	-135.54947399003868
9575000	4.754410996050491	5.801764656241143	0.8064568293837874	0.4299601348108148	0.2673914271115588	0.7785147856282395	-102.74799723569353
9580000	4.479312900054059	5.977395238946841	0.8861964898680698	0.518158175900597	0.2023466824728693	0.718594339064879	-109.37881429167322
9585000	4.4310723173504805	4.821433251661452	0.7014855572719896	0.6055115876169859	0.2228451645860923	0.7969600393151369	-95.37571548604637
9590000	4.449233736876402	4.94731203222351	0.7221890193097406	0.5345656987799513	0.20141656996275437	0.713218729747325	-98.39648708776565
9595000	5.396950540640808	5.520860936705817	0.7447351829052473	0.34635458111855694	0.22296990423107768	0.9533410941274555	-127.63141071067378
9600000	4.225577845988936	4.4409916896427575	0.7710485534009675	0.5400290918367827	0.20421444368029407	0.9076707462029779	-98.58066587248013
9605000	4.261400083785464	5.844578747225275	0.8090746625916339	0.48441075527923383	0.2678861237686202	0.8192978402024966	-107.18377960601205
9610000	3.9704369417285266	5.498975167994078	0.7679991889364325	0.6389560006142198	0.22321746210208898	0.8493770841515019	-94.97668946189458
9615000	3.8550011616508084	3.8749941376152197	0.7765877544871774	0.563655220327782	0.22540787621017153	0.9218704887118052	-89.08698546653596
9620000	6.062492395991908	7.048842848310429	0.7231423332076627	0.5833200410627601	0.2357862281427272	0.7010891822265966	-112.0048971306129
9625000	4.113516552114195	4.780142667188867	0.7223322478466241	0.5925234565143696	0.222042831495816	0.7138469699518203	-88.60962489695532
9630000	5.578111065769853	6.035662001583142	0.7454150639435888	0.5458964637221875	0.22984900856823479	0.8468752274098127	-111.2932362347573
9635000	4.342762875470316	4.7535489273539335	0.8825831893130297	0.5226642464689139	0.24401109893362766	0.728052897299901	-97.45098634838942
9640000	5.051236320610476	5.3851242329337445	0.7260243938620964	0.573995180074711	0.24660238004857044	0.8190100814421785	-100.09065110691557
9645000	3.9031319157107793	5.0156111375144885	0.7747482733983704	0.46646396691155045	0.2759201504405604	0.7203346808955132	-102.85361851793346
9650000	4.360785317660225	4.838228266330328	0.7780608371574841	0.5773308212514254	0.2450603297090903	0.7503535058499397	-88.13824130592707
9655000	4.999779365035423	6.390655013343606	0.7474219244974688	0.3771256950725232	0.26585261885059547	0.733194293686197	-133.55705586063453
9660000	4.833443657371005	4.943646651632267	0.8362308208865229	0.4406659098730413	0.20448351858177047	0.7393137662449075	-103.07272176514985
9665000	4.125614929963737	4.5897408378353335	0.7002555279571371	0.6289567149057991	0.20869677642010173	0.8293257817129001	-91.40695475436513
9670000	4.457974662065845	4.883199280736701	0.7494455796813725	0.4438430131840493	0.21437244959701665	0.7059680090082311	-105.63169603272496
9675000	4.60201161143525	4.835565766456345	0.7288980081710372	0.49123043040614467	0.2003718737327811	0.7148668769956871	-112.13636475167422
9680000	4.91240548055067	6.11088346473476	0.8143534208137835	0.5874508157035562	0.21128115175641146	0.8068666068998982	-92.61163364632287
9685000	4.323514701754351	4.423447967798635	0.7167581095434112	0.6298538377702823	0.20526053018550947	0.7752579170842936	-91.23780334200285
9690000	3.85125278031359	3.9524403391479557	0.8316326297409468	0.5325629204202119	0.20940755826487245	0.7985796485834246	-76.90611500918277
9695000	4.137413941934585	4.3782943335604845	0.8996592001901795	0.5153064636953585	0.21175483827920716	0.7840258935864899	-87.75576181622264
9700000	3.85125278031359	4.4614287998485915	0.8613309889159901	0.5789102298102304	0.20717127318263817	0.9858631742753851	-84.78576912470498
9705000	4.843485004898349	5.654393948757649	0.8379979358162309	0.4091741259291104	0.2186229656792002	0.7553210735255629	-109.086496468561
9710000	4.124972805549163	4.460667734228565	0.813957959508466	0.6328474745582799	0.2789751888107524	0.8451258360297847	-77.56148866375159
9715000	3.85125278031359	4.939271651761198	0.8475026328050065	0.6150708719999225	0.21047130687928736	0.7746812965474695	-86.71716447123947
9720000	4.036904043163256	4.077407819455464	0.7607240799200526	0.5516772205415524	0.20212073835693536	0.7583966007896098	-91.73781167181124
9725000	4.001670055291833	4.183452037982998	0.8778788640583256	0.5996874452184139	0.2608919943966527	0.7315917723660761	-77.01126498207881
9730000	3.907582743587044	4.1999487359755845	0.7599365574984929	0.6110655880430889	0.2097177363434968	0.9600412979169115	-74.44658245631001
9735000	5.095034850583145	5.390391201980638	0.7590388192598236	0.564756817179955	0.20443694537524923	0.7556818059594103	-103.00504398954396
9740000	4.876964272124067	6.481084391852404	0.7597060090608179	0.51114278273919	0.2105769332425622	0.7119792895748792	-106.14348222125312
9745000	4.903967211198604	5.501979278222514	0.7741416427807085	0.3833000355168986	0.2610347770134332	0.8094421704046922	-132.39375606959175
9750000	5.360175729551659	5.791350362214983	0.7693409542985303	0.5415858884227361	0.20156308298337774	0.7460911309384017	-99.90116368371847
9755000	4.034456057107466	4.8176730806933135	0.8114753018297414	0.6821727568667652	0.21735319167929032	0.7480052155566631	-70.2723587227756
9760000	5.401852090468428	6.057904201779901	0.7496159828725178	0.46342817474284764	0.25137692420515645	0.8801262742839804	-132.85094680374058
9765000	4.185474966886112	4.313325876057223	0.7685071644760558	0.5462941316925569	0.24194861321619857	0.9533564365517269	-93.91875640512677
9770000	4.043161691683436	4.0986776438221195	0.8826085300365959	0.4164284264653345	0.3230706588041191	0.7998445786613799	-96.41391077223733
9775000	4.041270302742825	4.433182228529018	0.7532544552733255	0.6168123373202694	0.23607495061102662	0.9061705305835855	-79.27589181196939
9780000	4.2334368427872064	7.535984479052751	0.7957906188383354	0.4491095335537485	0.3190334099156135	0.7376226963960745	-104.68212031635932
9785000	4.032342377087754	4.281796277477292	0.7631913728647405	0.49137973207385827	0.4058545370423819	0.9544349923846756	-90.57022336572365
9790000	3.926040337120725	4.34278394454662	0.8392655446830148	0.6075724003276514	0.23333029346617243	0.9329717807854162	-73.24265145079147
9795000	4.13296376711089	4.337832254721683	0.8854298868735615	0.6206332332691737	0.20202100699485773	0.7948874014465354	-80.6062597231928
9800000	4.220348701825606	5.087478944784884	0.7187762565574329	0.5238820523305103	0.2368822414103301	0.7716273231029538	-107.83178916200592
9805000	4.204351886283657	4.872184962861273	0.7988033779156558	0.4817581457935986	0.2026383752139864	0.7262699072253243	-117.80313324463566
9810000	4.84035743397687	4.873823365650078	0.7066597586674732	0.47322037023570807	0.2455248060203301	0.7082845772742412	-110.54015401095114
9815000	3.880018075396842	4.503009795552136	0.7166108018482187	0.7212216517122361	0.2004609059834329	0.7284697242581748	-65.80124875768266
9820000	3.85125278031359	4.850485614322104	0.7665581565383784	0.6525399675055858	0.2320448615181471	0.7529281311332032	-61.01346753916396
9825000	4.082021592406065	4.420148301163659	0.7285217931165574	0.6859500038647515	0.2419468726578976	0.8566011851958097	-68.87819137406967
9830000	3.85125278031359	4.116002988200528	0.7153866367293605	0.6406404562382214	0.22221540227492792	0.7834987809271156	-83.77620243003628
9835000	4.348637255514486	6.055229351701298	0.7257454528217872	0.5840119127372772	0.23683498212930634	0.8458242952572196	-95.85891221384674
9840000	4.1180693000214	5.636039271633177	0.8929245353164603	0.5337680858059758	0.2135860166935173	0.8166102858642867	-80.52392363435624
9845000	4.263924518250865	4.399473242766209	0.7380536090153713	0.6662332165123196	0.20243564570922049	0.7378478592914183	-83.27902747935852
9850000	3.85125278031359	4.240482998515701	0.7175859638046524	0.6739103245782084	0.20315175851377917	0.7429931970567852	-70.95699025746603
9855000	3.85125278031359	4.0807299143599	0.8287495407036903	0.5668383626127893	0.32189390490780484	0.7237442325855151	-85.93562214896693
9860000	4.01361005994438	4.665726776643655	0.8290708856042684	0.5856015081247435	0.2628798991231703	0.7931440141572647	-88.58115544578618
9865000	4.040260205951271	4.057094784158945	0.7415289356398792	0.6648681422366551	0.20313978222661455	0.7275471705513781	-84.80234152184485
9870000	4.124437627180252	4.818885324125543	0.8072841546824158	0.5408568010940042	0.2347930288188715	0.8673586173839004	-100.86983930220418
9875000	4.334192597140345	4.455570859829146	0.7934795929521224	0.46572342881653983	0.255541032258078	0.8130988240030725	-106.16755079060866
9880000	4.596433996012192	5.0732582195571085	0.8197665888411243	0.6230581717172144	0.21724701929997142	0.9152691692482214	-92.31828132549248
9885000	4.219672678594172	4.469782651005693	0.7366146982976627	0.6370359043583049	0.2467252617065225	0.7554625051989061	-97.9345114338484
9890000	4.409731553814833	5.200721608152093	0.8810626657055304	0.5926266340986377	0.2307617620218826	0.7584096159859525	-81.17380188289698
9895000	3.85125278031359	4.184930767360826	0.8109650556796195	0.6443490684931515	0.20443410305420623	0.8785194956122518	-71.01161228544225
9900000	3.85125278031359	4.163104896766811	0.8413911303379202	0.48131127492217113	0.20668635895595538	0.833165907818411	-102.20641913862863
9905000	4.416020040931051	4.748321597462945	0.7054368924802767	0.5205108712984564	0.2311725679806623	0.7821429338280025	-106.38679507021024
9910000	4.0178440677498015	4.342994934653007	0.8472598744224167	0.483128546316398	0.2952085580822656	0.7671648022898797	-94.55796274627457
9915000	4.042445170088304	4.09413956768073	0.7467531099084936	0.6152579049102994	0.2058874601406594	0.7089972295438858	-90.97767858887877
9920000	4.82007169049572	5.012099182848478	0.7664681735398504	0.4733123418645125	0.22637455187812855	0.7291683028391023	-102.5454912077974
9925000	3.9877174121983234	4.548950097841689	0.8302237690336471	0.5441810527383637	0.2696956501447898	0.7539279409393629	-97.92064327179142
9930000	4.1700875011770755	4.179633137092681	0.8859730811438179	0.595749097549761	0.21197369661177357	0.9090866199166632	-93.24863580120754
9935000	4.880655059869526	5.515440974013934	0.7754922117289614	0.511301530958726	0.23640271390604228	0.7357084873466238	-104.87060324469522
9940000	4.996399300741024	6.554007427930638	0.7750843788278851	0.4188603031410994	0.27173371938252006	0.7408115688920985	-120.67101696034842
9945000	4.065632296164824	4.995732591508514	0.8576525597227328	0.509718098325096	0.20459161291404956	0.7371673771803982	-100.10389925302701
9950000	5.589876258641296	5.7941519981269485	0.7374001519355992	0.47152682299277304	0.29346028254530215	0.7031583422818799	-111.19693999423265
9955000	4.4227220609805	7.487521285048647	0.708287738151723	0.45094689885945416	0.2553910819348437	0.8531890836454881	-109.34389945688253
9960000	4.093068236941677	4.807648772423372	0.8165282337360924	0.5522345460197349	0.21054462778025934	0.7314071615889508	-97.74424379247174
9965000	4.246936719647626	4.8181516174213606	0.8135482141785698	0.5245376341623277	0.24080683400008684	0.7778812566820925	-108.934982843981
9970000	4.672716075719175	5.445989482028513	0.718099423288806	0.49942110192259387	0.2527169124564904	0.7901733866113112	-104.26570345934647
9975000	5.0432964589022715	5.0838064240064424	0.7181621891605443	0.46728861737425326	0.23065366039482815	0.7053990632275958	-111.19786231828473
9980000	3.85125278031359	5.026129805023122	0.8046415472375886	0.6318637285480673	0.21126859180270924	0.8023097076915132	-81.89810530218887
9985000	3.9763767762710103	4.07582309726847	0.8855731266439494	0.5655788155916975	0.20663804340186134	0.7183579166524839	-89.2870890953429
9990000	3.85125278031359	4.647886724851996	0.8128061077672328	0.6560793034675628	0.22876258406218986	0.7849396410938717	-76.12652704887066
9995000	4.46280053014286	4.520624324355796	0.7326440643528123	0.5743260089880434	0.23853435727868968	0.7698501381346592	-94.47053916428177
10000000	4.020964643989119	4.186052572553411	0.8680876161480385	0.5247770536106876	0.21961699676754642	0.7257883585856653	-115.16711521170171
