#
#model:
#
#<?xml version="1.0" encoding="UTF-8" standalone="no"?><input id="posterior" spec="beast.base.inference.CompoundDistribution">
#    <distribution id="prior" spec="beast.base.inference.CompoundDistribution">
#        <distribution id="birthDeath" spec="ssr.speciation.SRangesBirthDeathSkylineModel">
#            <parameter id="RealParameter" lower="0.0" name="intervalTimes" spec="beast.base.inference.parameter.RealParameter" upper="0.0">0.0</parameter>
#            <parameter id="origin" lower="0.0" name="origin" spec="beast.base.inference.parameter.RealParameter">60.9699882143082</parameter>
#            <removalProbability id="Function$Constant" spec="beast.base.core.Function$Constant" value="0.0"/>
#            <parameter id="rho" lower="0.0" name="rho" spec="beast.base.inference.parameter.RealParameter">0.906675513251685</parameter>
#            <parameter id="samplingProportion" lower="0.0" name="samplingProportion" spec="beast.base.inference.parameter.RealParameter">0.225460848817602</parameter>
#            <parameter id="netDiversification" lower="0.0" name="netDiversification" spec="beast.base.inference.parameter.RealParameter">0.839149134140462</parameter>
#            <parameter id="turnOver" lower="0.0" name="turnOver" spec="beast.base.inference.parameter.RealParameter" upper="1.0">0.598880863841623</parameter>
#            <tree id="tree" nodetype="sr.evolution.tree.SRNode" spec="sr.evolution.tree.SRTree">
#                <stratigraphicRange id="r0" spec="sr.evolution.sranges.StratigraphicRange">
#                    <firstOccurrence id="t72_first" spec="beast.base.evolution.alignment.Taxon"/>
#                    <lastOccurrence idref="t72_first"/>
#                </stratigraphicRange>
#                <stratigraphicRange id="r1" spec="sr.evolution.sranges.StratigraphicRange">
#                    <firstOccurrence id="t77_first" spec="beast.base.evolution.alignment.Taxon"/>
#                    <lastOccurrence idref="t77_first"/>
#                </stratigraphicRange>
#                <stratigraphicRange id="r2" spec="sr.evolution.sranges.StratigraphicRange">
#                    <firstOccurrence id="t2_first" spec="beast.base.evolution.alignment.Taxon"/>
#                    <lastOccurrence idref="t2_first"/>
#                </stratigraphicRange>
#                <stratigraphicRange id="r3" spec="sr.evolution.sranges.StratigraphicRange">
#                    <firstOccurrence id="t70_first" spec="beast.base.evolution.alignment.Taxon"/>
#                    <lastOccurrence idref="t70_first"/>
#                </stratigraphicRange>
#                <stratigraphicRange id="r4" spec="sr.evolution.sranges.StratigraphicRange">
#                    <firstOccurrence id="t3_first" spec="beast.base.evolution.alignment.Taxon"/>
#                    <lastOccurrence idref="t3_first"/>
#                </stratigraphicRange>
#                <stratigraphicRange id="r5" spec="sr.evolution.sranges.StratigraphicRange">
#                    <firstOccurrence id="t50_first" spec="beast.base.evolution.alignment.Taxon"/>
#                    <lastOccurrence idref="t50_first"/>
#                </stratigraphicRange>
#                <stratigraphicRange id="r6" spec="sr.evolution.sranges.StratigraphicRange">
#                    <firstOccurrence id="t60_first" spec="beast.base.evolution.alignment.Taxon"/>
#                    <lastOccurrence idref="t60_first"/>
#                </stratigraphicRange>
#                <stratigraphicRange id="r7" spec="sr.evolution.sranges.StratigraphicRange">
#                    <firstOccurrence id="t62_first" spec="beast.base.evolution.alignment.Taxon"/>
#                    <lastOccurrence idref="t62_first"/>
#                </stratigraphicRange>
#                <stratigraphicRange id="r8" spec="sr.evolution.sranges.StratigraphicRange">
#                    <firstOccurrence id="t51_first" spec="beast.base.evolution.alignment.Taxon"/>
#                    <lastOccurrence idref="t51_first"/>
#                </stratigraphicRange>
#                <stratigraphicRange id="r9" spec="sr.evolution.sranges.StratigraphicRange">
#                    <firstOccurrence id="t8_first" spec="beast.base.evolution.alignment.Taxon"/>
#                    <lastOccurrence idref="t8_first"/>
#                </stratigraphicRange>
#                <stratigraphicRange id="r10" spec="sr.evolution.sranges.StratigraphicRange">
#                    <firstOccurrence id="t29_first" spec="beast.base.evolution.alignment.Taxon"/>
#                    <lastOccurrence idref="t29_first"/>
#                </stratigraphicRange>
#                <stratigraphicRange id="r11" spec="sr.evolution.sranges.StratigraphicRange">
#                    <firstOccurrence id="t11_first" spec="beast.base.evolution.alignment.Taxon"/>
#                    <lastOccurrence idref="t11_first"/>
#                </stratigraphicRange>
#                <stratigraphicRange id="r12" spec="sr.evolution.sranges.StratigraphicRange">
#                    <firstOccurrence id="t30_first" spec="beast.base.evolution.alignment.Taxon"/>
#                    <lastOccurrence idref="t30_first"/>
#                </stratigraphicRange>
#                <stratigraphicRange id="r13" spec="sr.evolution.sranges.StratigraphicRange">
#                    <firstOccurrence id="t18_first" spec="beast.base.evolution.alignment.Taxon"/>
#                    <lastOccurrence idref="t18_first"/>
#                </stratigraphicRange>
#                <stratigraphicRange id="r14" spec="sr.evolution.sranges.StratigraphicRange">
#                    <firstOccurrence id="t43_first" spec="beast.base.evolution.alignment.Taxon"/>
#                    <lastOccurrence idref="t43_first"/>
#                </stratigraphicRange>
#                <stratigraphicRange id="r15" spec="sr.evolution.sranges.StratigraphicRange">
#                    <firstOccurrence id="t31_first" spec="beast.base.evolution.alignment.Taxon"/>
#                    <lastOccurrence idref="t31_first"/>
#                </stratigraphicRange>
#                <stratigraphicRange id="r16" spec="sr.evolution.sranges.StratigraphicRange">
#                    <firstOccurrence id="t75_first" spec="beast.base.evolution.alignment.Taxon"/>
#                    <lastOccurrence idref="t75_first"/>
#                </stratigraphicRange>
#                <stratigraphicRange id="r17" spec="sr.evolution.sranges.StratigraphicRange">
#                    <firstOccurrence id="t49_first" spec="beast.base.evolution.alignment.Taxon"/>
#                    <lastOccurrence idref="t49_first"/>
#                </stratigraphicRange>
#                <stratigraphicRange id="r18" spec="sr.evolution.sranges.StratigraphicRange">
#                    <firstOccurrence id="t73_first" spec="beast.base.evolution.alignment.Taxon"/>
#                    <lastOccurrence idref="t73_first"/>
#                </stratigraphicRange>
#                <stratigraphicRange id="r19" spec="sr.evolution.sranges.StratigraphicRange">
#                    <firstOccurrence id="t56_first" spec="beast.base.evolution.alignment.Taxon"/>
#                    <lastOccurrence idref="t56_first"/>
#                </stratigraphicRange>
#                <stratigraphicRange id="r20" spec="sr.evolution.sranges.StratigraphicRange">
#                    <firstOccurrence id="t25_first" spec="beast.base.evolution.alignment.Taxon"/>
#                    <lastOccurrence idref="t25_first"/>
#                </stratigraphicRange>
#                <stratigraphicRange id="r21" spec="sr.evolution.sranges.StratigraphicRange">
#                    <firstOccurrence id="t20_first" spec="beast.base.evolution.alignment.Taxon"/>
#                    <lastOccurrence idref="t20_first"/>
#                </stratigraphicRange>
#                <stratigraphicRange id="r22" spec="sr.evolution.sranges.StratigraphicRange">
#                    <firstOccurrence id="t14_first" spec="beast.base.evolution.alignment.Taxon"/>
#                    <lastOccurrence idref="t14_first"/>
#                </stratigraphicRange>
#                <stratigraphicRange id="r23" spec="sr.evolution.sranges.StratigraphicRange">
#                    <firstOccurrence id="t33_first" spec="beast.base.evolution.alignment.Taxon"/>
#                    <lastOccurrence idref="t33_first"/>
#                </stratigraphicRange>
#                <stratigraphicRange id="r24" spec="sr.evolution.sranges.StratigraphicRange">
#                    <firstOccurrence id="t66_first" spec="beast.base.evolution.alignment.Taxon"/>
#                    <lastOccurrence idref="t66_first"/>
#                </stratigraphicRange>
#                <stratigraphicRange id="r25" spec="sr.evolution.sranges.StratigraphicRange">
#                    <firstOccurrence id="t52_first" spec="beast.base.evolution.alignment.Taxon"/>
#                    <lastOccurrence idref="t52_first"/>
#                </stratigraphicRange>
#                <stratigraphicRange id="r26" spec="sr.evolution.sranges.StratigraphicRange">
#                    <firstOccurrence id="t64_first" spec="beast.base.evolution.alignment.Taxon"/>
#                    <lastOccurrence idref="t64_first"/>
#                </stratigraphicRange>
#                <stratigraphicRange id="r27" spec="sr.evolution.sranges.StratigraphicRange">
#                    <firstOccurrence id="t42_first" spec="beast.base.evolution.alignment.Taxon"/>
#                    <lastOccurrence idref="t42_first"/>
#                </stratigraphicRange>
#                <stratigraphicRange id="r28" spec="sr.evolution.sranges.StratigraphicRange">
#                    <firstOccurrence id="t59_first" spec="beast.base.evolution.alignment.Taxon"/>
#                    <lastOccurrence idref="t59_first"/>
#                </stratigraphicRange>
#                <stratigraphicRange id="r29" spec="sr.evolution.sranges.StratigraphicRange">
#                    <firstOccurrence id="t28_first" spec="beast.base.evolution.alignment.Taxon"/>
#                    <lastOccurrence idref="t28_first"/>
#                </stratigraphicRange>
#                <stratigraphicRange id="r30" spec="sr.evolution.sranges.StratigraphicRange">
#                    <firstOccurrence id="t22_first" spec="beast.base.evolution.alignment.Taxon"/>
#                    <lastOccurrence idref="t22_first"/>
#                </stratigraphicRange>
#                <stratigraphicRange id="r31" spec="sr.evolution.sranges.StratigraphicRange">
#                    <firstOccurrence id="t26_first" spec="beast.base.evolution.alignment.Taxon"/>
#                    <lastOccurrence idref="t26_first"/>
#                </stratigraphicRange>
#                <stratigraphicRange id="r32" spec="sr.evolution.sranges.StratigraphicRange">
#                    <firstOccurrence id="t17_first" spec="beast.base.evolution.alignment.Taxon"/>
#                    <lastOccurrence idref="t17_first"/>
#                </stratigraphicRange>
#                <stratigraphicRange id="r33" spec="sr.evolution.sranges.StratigraphicRange">
#                    <firstOccurrence id="t13_first" spec="beast.base.evolution.alignment.Taxon"/>
#                    <lastOccurrence idref="t13_first"/>
#                </stratigraphicRange>
#                <stratigraphicRange id="r34" spec="sr.evolution.sranges.StratigraphicRange">
#                    <firstOccurrence id="t53_first" spec="beast.base.evolution.alignment.Taxon"/>
#                    <lastOccurrence idref="t53_first"/>
#                </stratigraphicRange>
#                <stratigraphicRange id="r35" spec="sr.evolution.sranges.StratigraphicRange">
#                    <firstOccurrence id="t34_first" spec="beast.base.evolution.alignment.Taxon"/>
#                    <lastOccurrence idref="t34_first"/>
#                </stratigraphicRange>
#                <stratigraphicRange id="r36" spec="sr.evolution.sranges.StratigraphicRange">
#                    <firstOccurrence id="t55_first" spec="beast.base.evolution.alignment.Taxon"/>
#                    <lastOccurrence idref="t55_first"/>
#                </stratigraphicRange>
#                <stratigraphicRange id="r37" spec="sr.evolution.sranges.StratigraphicRange">
#                    <firstOccurrence id="t12_first" spec="beast.base.evolution.alignment.Taxon"/>
#                    <lastOccurrence idref="t12_first"/>
#                </stratigraphicRange>
#                <stratigraphicRange id="r38" spec="sr.evolution.sranges.StratigraphicRange">
#                    <firstOccurrence id="t48_first" spec="beast.base.evolution.alignment.Taxon"/>
#                    <lastOccurrence idref="t48_first"/>
#                </stratigraphicRange>
#                <stratigraphicRange id="r39" spec="sr.evolution.sranges.StratigraphicRange">
#                    <firstOccurrence id="t45_first" spec="beast.base.evolution.alignment.Taxon"/>
#                    <lastOccurrence idref="t45_first"/>
#                </stratigraphicRange>
#                <stratigraphicRange id="r40" spec="sr.evolution.sranges.StratigraphicRange">
#                    <firstOccurrence id="t27_first" spec="beast.base.evolution.alignment.Taxon"/>
#                    <lastOccurrence idref="t27_first"/>
#                </stratigraphicRange>
#                <stratigraphicRange id="r41" spec="sr.evolution.sranges.StratigraphicRange">
#                    <firstOccurrence id="t74_first" spec="beast.base.evolution.alignment.Taxon"/>
#                    <lastOccurrence idref="t74_first"/>
#                </stratigraphicRange>
#                <stratigraphicRange id="r42" spec="sr.evolution.sranges.StratigraphicRange">
#                    <firstOccurrence id="t71_first" spec="beast.base.evolution.alignment.Taxon"/>
#                    <lastOccurrence idref="t71_first"/>
#                </stratigraphicRange>
#                <stratigraphicRange id="r43" spec="sr.evolution.sranges.StratigraphicRange">
#                    <firstOccurrence id="t10_first" spec="beast.base.evolution.alignment.Taxon"/>
#                    <lastOccurrence idref="t10_first"/>
#                </stratigraphicRange>
#                <stratigraphicRange id="r44" spec="sr.evolution.sranges.StratigraphicRange">
#                    <firstOccurrence id="t21_first" spec="beast.base.evolution.alignment.Taxon"/>
#                    <lastOccurrence idref="t21_first"/>
#                </stratigraphicRange>
#                <stratigraphicRange id="r45" spec="sr.evolution.sranges.StratigraphicRange">
#                    <firstOccurrence id="t38_first" spec="beast.base.evolution.alignment.Taxon"/>
#                    <lastOccurrence idref="t38_first"/>
#                </stratigraphicRange>
#                <stratigraphicRange id="r46" spec="sr.evolution.sranges.StratigraphicRange">
#                    <firstOccurrence id="t23_first" spec="beast.base.evolution.alignment.Taxon"/>
#                    <lastOccurrence idref="t23_first"/>
#                </stratigraphicRange>
#                <stratigraphicRange id="r47" spec="sr.evolution.sranges.StratigraphicRange">
#                    <firstOccurrence id="t16_first" spec="beast.base.evolution.alignment.Taxon"/>
#                    <lastOccurrence idref="t16_first"/>
#                </stratigraphicRange>
#                <stratigraphicRange id="r48" spec="sr.evolution.sranges.StratigraphicRange">
#                    <firstOccurrence id="t63_first" spec="beast.base.evolution.alignment.Taxon"/>
#                    <lastOccurrence idref="t63_first"/>
#                </stratigraphicRange>
#                <stratigraphicRange id="r49" spec="sr.evolution.sranges.StratigraphicRange">
#                    <firstOccurrence id="t78_first" spec="beast.base.evolution.alignment.Taxon"/>
#                    <lastOccurrence idref="t78_first"/>
#                </stratigraphicRange>
#                <stratigraphicRange id="r50" spec="sr.evolution.sranges.StratigraphicRange">
#                    <firstOccurrence id="t41_first" spec="beast.base.evolution.alignment.Taxon"/>
#                    <lastOccurrence idref="t41_first"/>
#                </stratigraphicRange>
#                <stratigraphicRange id="r51" spec="sr.evolution.sranges.StratigraphicRange">
#                    <firstOccurrence id="t39_first" spec="beast.base.evolution.alignment.Taxon"/>
#                    <lastOccurrence idref="t39_first"/>
#                </stratigraphicRange>
#                <stratigraphicRange id="r52" spec="sr.evolution.sranges.StratigraphicRange">
#                    <firstOccurrence id="t65_first" spec="beast.base.evolution.alignment.Taxon"/>
#                    <lastOccurrence idref="t65_first"/>
#                </stratigraphicRange>
#                <stratigraphicRange id="r53" spec="sr.evolution.sranges.StratigraphicRange">
#                    <firstOccurrence id="t37_first" spec="beast.base.evolution.alignment.Taxon"/>
#                    <lastOccurrence idref="t37_first"/>
#                </stratigraphicRange>
#                <stratigraphicRange id="r54" spec="sr.evolution.sranges.StratigraphicRange">
#                    <firstOccurrence id="t4_first" spec="beast.base.evolution.alignment.Taxon"/>
#                    <lastOccurrence idref="t4_first"/>
#                </stratigraphicRange>
#                <stratigraphicRange id="r55" spec="sr.evolution.sranges.StratigraphicRange">
#                    <firstOccurrence id="t61_first" spec="beast.base.evolution.alignment.Taxon"/>
#                    <lastOccurrence idref="t61_first"/>
#                </stratigraphicRange>
#                <stratigraphicRange id="r56" spec="sr.evolution.sranges.StratigraphicRange">
#                    <firstOccurrence id="t36_first" spec="beast.base.evolution.alignment.Taxon"/>
#                    <lastOccurrence idref="t36_first"/>
#                </stratigraphicRange>
#                <stratigraphicRange id="r57" spec="sr.evolution.sranges.StratigraphicRange">
#                    <firstOccurrence id="t47_first" spec="beast.base.evolution.alignment.Taxon"/>
#                    <lastOccurrence idref="t47_first"/>
#                </stratigraphicRange>
#                <trait id="dateTrait.t:tree" spec="beast.base.evolution.tree.TraitSet" traitname="date-backward">
#                    t72_first=0, t77_first=0, t2_first=0, t70_first=0, t3_first=0, t50_first=0, t60_first=0, t62_first=0, t51_first=0, t8_first=0, t29_first=0.893225762270767, t11_first=0, t30_first=0, t18_first=0, t43_first=0, t31_first=0.141913102015648, t75_first=0, t49_first=0, t73_first=0, t56_first=0, t25_first=0, t20_first=0.335772861302224, t14_first=0, t33_first=0, t66_first=2.03685075324321, t52_first=0, t64_first=0, t42_first=0, t59_first=0, t28_first=0, t22_first=0, t26_first=0, t17_first=1.3809872474085, t13_first=0, t53_first=1.10115116388581, t34_first=2.020543335706, t55_first=2.55796639702388, t12_first=0, t48_first=2.541411085146, t45_first=1.52584421795241, t27_first=0, t74_first=0, t71_first=0.349501182575252, t10_first=0.262215176087662, t21_first=0.810063064268499, t38_first=0.474997211050998, t23_first=0, t16_first=0.095666332949435, t63_first=0, t78_first=0, t41_first=0, t39_first=0, t65_first=0, t37_first=0, t4_first=0, t61_first=0, t36_first=0.610639105675552, t47_first=1.34651396408151
#                                    <taxa id="taxonSet" spec="beast.base.evolution.alignment.TaxonSet">
#                        <taxon idref="t72_first"/>
#                        <taxon idref="t77_first"/>
#                        <taxon idref="t2_first"/>
#                        <taxon idref="t70_first"/>
#                        <taxon idref="t3_first"/>
#                        <taxon idref="t50_first"/>
#                        <taxon idref="t60_first"/>
#                        <taxon idref="t62_first"/>
#                        <taxon idref="t51_first"/>
#                        <taxon idref="t8_first"/>
#                        <taxon idref="t29_first"/>
#                        <taxon idref="t11_first"/>
#                        <taxon idref="t30_first"/>
#                        <taxon idref="t18_first"/>
#                        <taxon idref="t43_first"/>
#                        <taxon idref="t31_first"/>
#                        <taxon idref="t75_first"/>
#                        <taxon idref="t49_first"/>
#                        <taxon idref="t73_first"/>
#                        <taxon idref="t56_first"/>
#                        <taxon idref="t25_first"/>
#                        <taxon idref="t20_first"/>
#                        <taxon idref="t14_first"/>
#                        <taxon idref="t33_first"/>
#                        <taxon idref="t66_first"/>
#                        <taxon idref="t52_first"/>
#                        <taxon idref="t64_first"/>
#                        <taxon idref="t42_first"/>
#                        <taxon idref="t59_first"/>
#                        <taxon idref="t28_first"/>
#                        <taxon idref="t22_first"/>
#                        <taxon idref="t26_first"/>
#                        <taxon idref="t17_first"/>
#                        <taxon idref="t13_first"/>
#                        <taxon idref="t53_first"/>
#                        <taxon idref="t34_first"/>
#                        <taxon idref="t55_first"/>
#                        <taxon idref="t12_first"/>
#                        <taxon idref="t48_first"/>
#                        <taxon idref="t45_first"/>
#                        <taxon idref="t27_first"/>
#                        <taxon idref="t74_first"/>
#                        <taxon idref="t71_first"/>
#                        <taxon idref="t10_first"/>
#                        <taxon idref="t21_first"/>
#                        <taxon idref="t38_first"/>
#                        <taxon idref="t23_first"/>
#                        <taxon idref="t16_first"/>
#                        <taxon idref="t63_first"/>
#                        <taxon idref="t78_first"/>
#                        <taxon idref="t41_first"/>
#                        <taxon idref="t39_first"/>
#                        <taxon idref="t65_first"/>
#                        <taxon idref="t37_first"/>
#                        <taxon idref="t4_first"/>
#                        <taxon idref="t61_first"/>
#                        <taxon idref="t36_first"/>
#                        <taxon idref="t47_first"/>
#                    </taxa>
#                </trait>
#                <taxonset idref="taxonSet"/>
#            </tree>
#        </distribution>
#        <prior id="originPrior" name="distribution" x="@origin">
#            <Uniform id="Uniform.origin" lower="1.0" name="distr" upper="1000.0"/>
#        </prior>
#        <prior id="netDiversificationPrior" name="distribution" x="@netDiversification">
#            <Uniform id="Uniform.div" lower="0.7" name="distr" upper="0.9"/>
#        </prior>
#        <prior id="turnoverPrior" name="distribution" x="@turnOver">
#            <Uniform id="Uniform.turnover" lower="0.2" name="distr" upper="0.8"/>
#        </prior>
#        <prior id="samplingProportionPrior" name="distribution" x="@samplingProportion">
#            <Uniform id="Uniform.samplingProportion" lower="0.2" name="distr" upper="0.8"/>
#        </prior>
#        <prior id="rhoPrior" name="distribution" x="@rho">
#            <Uniform id="Uniform.rho" lower="0.7" name="distr"/>
#        </prior>
#    </distribution>
#</input>
#
Sample	TreeHeight	origin	netDiversification	turnOver	samplingProportion	rho	posterior
0	3.095446056107939	60.9699882143082	0.8736914082510419	0.6163189285338557	0.6086752322838922	0.906675513251685	-308.2089019651301
5000	4.3347061412070165	14.986291439265338	0.7807294705785249	0.27261829450270303	0.3322228254554439	0.7155564947090187	-151.0009126564789
10000	3.5140743918420725	5.83593487640885	0.8175776843285035	0.5308840785479679	0.24617070000515795	0.8610117422633226	-102.11358374355231
15000	3.6058978715838905	4.950198488511928	0.704078845692956	0.4938508646448914	0.24560984121844606	0.7223394701463208	-110.53559330235342
20000	4.270036350079831	5.674934498575574	0.7317531441458776	0.6443625173337865	0.22199381353363332	0.7517702589253661	-94.74487960518411
25000	2.903888160575554	3.7382588439462245	0.8760023684301436	0.541170946403125	0.20532981523415234	0.741938289550294	-99.67162575988897
30000	3.3995428857612433	3.726576674425207	0.7416389450124091	0.5146932482524057	0.29938520147352093	0.7685737762998776	-98.07650957317026
35000	3.9394841906108438	4.576019275424837	0.7246635172798708	0.4629249009626569	0.28441888563051726	0.7226319101329985	-115.1167198319028
40000	3.3845569589150477	4.1537090999007065	0.7113213284396365	0.649378933813729	0.2232666798948639	0.7710184972689121	-88.970336520236
45000	3.5013472789852496	3.8339752649861687	0.8268270209498164	0.6737157206676999	0.20375841897735436	0.8341650494803953	-87.84672946178367
50000	3.3025168583457347	5.869031160901975	0.7850424788116295	0.5236058598351225	0.26952717028050555	0.76924271056354	-93.22143050790191
55000	3.632647272573033	4.014271991546133	0.7048044759959328	0.5692451642755603	0.20301275453569664	0.7790035693235333	-105.44151791705053
60000	4.286204569123261	5.299479602510329	0.8648742876301013	0.5521921328898001	0.21737440601149213	0.7150943789346642	-99.77253430688816
65000	2.9127024879488967	3.2329319773492706	0.8970454691889428	0.5768156495632264	0.20372524004723871	0.7030873472831997	-89.01232892450744
70000	2.6526033242078744	2.928853778062452	0.7258441565046838	0.5933111182160189	0.2583659108237697	0.8212804581428943	-79.56646650551792
75000	3.616457903744916	5.429128325832886	0.8341363284714018	0.5392541045609621	0.21843027248221378	0.7454347982213066	-101.84046856107773
80000	3.4596756430069453	3.774602742366176	0.8703622731685179	0.3942101612661143	0.30883248788853185	0.7102702350623508	-109.16096719326117
85000	3.3587222029342576	3.6174081057332557	0.8743358954281542	0.3929191788006541	0.3025219554615098	0.7305269806952732	-126.56607727020778
90000	3.481683418549089	5.018467789027603	0.8236500417981476	0.5550646930768868	0.20880868127966465	0.7564350234981575	-108.98573563116707
95000	2.846210727113638	2.940890901114702	0.7381131072122653	0.55530067922917	0.3077653691869428	0.7319133922618077	-87.28215988129821
100000	3.0252172433355162	3.178470934362249	0.809124254739729	0.6299620213010889	0.24372283282477208	0.7357222004507152	-81.6553221186594
105000	2.73260846936861	3.048144013074997	0.8369092863358076	0.5953633383478527	0.24452979733254793	0.8335097089184903	-86.17450628922063
110000	3.9451046765108417	4.179002933081196	0.7356418306840677	0.44439914937226416	0.22305312251010523	0.76781813774396	-121.29675467076592
115000	2.881393525078039	5.199721406118104	0.8247444961870738	0.5319911098378436	0.22241016080801276	0.7214657361953408	-97.89508628081933
120000	3.1723610401287425	3.470304112009151	0.7901266191051155	0.599746775448903	0.20844804939268433	0.7146736207769003	-102.17851571379606
125000	3.5017884564816475	4.2403980725898025	0.8675194953630708	0.5441068726510964	0.2007320330182074	0.7802615527641786	-96.27718005313437
130000	3.0990262988730484	4.603919369070965	0.8040092979539145	0.5652954211518088	0.21327072101219563	0.7285687141163453	-83.7386358178349
135000	3.5168711580000305	3.9099501140452264	0.7968145078263007	0.5939568868625607	0.21776512589765	0.7138630838009844	-89.1095904864774
140000	3.4238303566964086	3.9654081501619967	0.8839188376787845	0.3914236978695825	0.29707318862925425	0.7026804952189352	-111.49933426204416
145000	3.331253481402826	3.4367542813908445	0.772022187185734	0.5775929960955736	0.22937952213764362	0.7987243775178523	-109.44673035327892
150000	4.396214868479564	5.627164779918179	0.7332988899634046	0.5443539268474399	0.25026075889730554	0.7633914680494907	-116.45625222422893
155000	3.493415460726316	3.7202423739531874	0.781598465868941	0.4677853504279207	0.2772782949132413	0.8051147606808323	-102.53215962838962
160000	3.6563371051681273	4.207438323317065	0.802942969488424	0.49481779571958545	0.29833833098275997	0.7090432083342956	-107.56636855529416
165000	5.889107026007922	6.1452814833676115	0.736765932254593	0.5716828501007108	0.23826538003510048	0.9574331208358571	-112.7154376857535
170000	3.4250477050107717	4.083851325203399	0.8573526879091781	0.5532020310108232	0.29516455960875626	0.7029608384647672	-100.82557893125221
175000	3.2525404658905424	4.078192320359759	0.8325979592920371	0.5211024650336219	0.2021250996205133	0.7481052759322034	-113.50831592004039
180000	3.081705399299411	6.788813889270342	0.7368594861108447	0.5880221944782726	0.2297824500856124	0.8694908169977572	-90.07197562042981
185000	2.7858720245703785	2.833418576613935	0.7278186699887463	0.5118016350137018	0.26514720404147346	0.7276810468958186	-94.04609526903656
190000	3.073355716424535	3.106374409444849	0.702747894212568	0.5339816631366799	0.2528905766242566	0.7300631085220353	-97.57431777155685
195000	2.9801584624880793	3.6626869534263387	0.7641015932247028	0.6164793341344154	0.2263092122965249	0.700161458690275	-80.63287024338831
200000	3.2024047298928933	3.2448675484457876	0.8838146818645863	0.5108314827936892	0.21037615212274008	0.759668356788718	-105.63788651875234
205000	3.2570294993983753	3.8366065997176384	0.8789679637890002	0.6132710048119886	0.21144230851351822	0.7390527648477404	-79.02723848682402
210000	3.9035866905467986	4.853629270828319	0.7503624750738999	0.5142567579619307	0.3002190172282364	0.7040377557354407	-97.40474279866925
215000	3.03000524400319	3.9167372870836665	0.7143691056156741	0.6371221566295188	0.23574800277777755	0.7798675105435988	-83.87961193908069
220000	3.2608677879288503	3.632818700317256	0.7593005106060405	0.5245169680900494	0.20149238562811153	0.7159563467653508	-98.98042100109868
225000	3.0373124564127187	4.539835846586348	0.7503242728021153	0.6007390077869075	0.20119181338331993	0.8927470065306957	-95.39022693755444
230000	2.9717480478616545	3.919552648207739	0.8044701427590988	0.5402130823299617	0.20426726139054627	0.739857183177476	-101.35444885613254
235000	3.1880298108540863	3.4677431773608034	0.8368949487542309	0.6095188737798819	0.22898845921289335	0.7658954836265836	-97.47756419645097
240000	4.043751964258733	4.227771039889602	0.7322921449515774	0.6254864251698765	0.2006338272562398	0.7175055844395153	-113.25447538937425
245000	2.8568848070888953	3.340687441060263	0.7377959787863102	0.6046200373195041	0.28190150925889956	0.7959628837673578	-94.1559810569419
250000	4.079659255528811	4.101597333688382	0.7770367393425561	0.5472217748726651	0.22778914850653684	0.7701541852223941	-110.77097579401075
255000	3.054750277573953	4.289653148386896	0.8643298330244428	0.697666520567112	0.22191340131716256	0.9402445308000907	-65.14514292837654
260000	4.217518320099932	5.265542066575516	0.7750875811749611	0.5417807655896167	0.23030604522080264	0.809239783501586	-116.66009406739215
265000	3.5180369999881447	3.52141854279722	0.8710233387854555	0.42075283258937524	0.23748330519819408	0.7535643848608828	-107.83791097951757
270000	3.349893410418369	4.193106452732605	0.7875395395776723	0.7241035229661739	0.2239774842237894	0.9777897603336833	-62.34692693525142
275000	4.306428119534024	4.388413189831108	0.8937403548903359	0.435778238643103	0.22076831937188876	0.7099918327163642	-108.15520270564903
280000	4.603730760749848	6.391547947561651	0.7054596642992677	0.5337553023856161	0.20417128698926917	0.7368905798307739	-123.05213677794006
285000	3.4806222118168355	5.499485741304246	0.7519458656646414	0.4537511140732583	0.285831951392294	0.7018050956470331	-119.17748482596213
290000	3.5410303491285373	3.5883359478472605	0.8752103501429196	0.586563416512401	0.2013685586493215	0.7090897585543366	-108.38932051315663
295000	3.5155802567975334	3.9109204448060995	0.8948792150716836	0.6514321054547817	0.2321739328951543	0.7674475761222593	-80.38976348732714
300000	3.8133774958091444	5.092928239247271	0.8358891717558422	0.393123292992923	0.23613309925856832	0.7764870393811898	-135.13396885280744
305000	3.5161874652072487	3.918632822936017	0.8368773878146298	0.5846292164540884	0.2141755991343073	0.7629380674922491	-89.95644229106847
310000	3.495272995419114	4.291412084447042	0.7024265902064963	0.5968291640965159	0.22352314973012402	0.7759876393899365	-95.83651120104167
315000	3.5657573151736246	4.3287353609313355	0.8208627223297246	0.5651454765655536	0.23908736137288908	0.775663593193805	-114.28401802334776
320000	3.013161382319244	3.290228152162743	0.8147061987605888	0.6430093346212569	0.21766918488337034	0.7739759925692434	-99.12569717865856
325000	3.142134210659191	3.4462185553276172	0.8332561573586724	0.6243215787472445	0.20257870806126768	0.7590509302947646	-88.59138626105565
330000	3.0500577413159897	3.129664026464883	0.8739346577129877	0.6915762636606966	0.22479625416731897	0.791887934739081	-67.2236091386882
335000	2.897096107345255	3.1293080665745125	0.8753239526773161	0.7826049859199639	0.20302424313214582	0.930238998741687	-50.14084871480056
340000	3.640175509060011	3.8534927076083356	0.7505129817166475	0.6314118738662313	0.2032087329852112	0.7018659303643222	-92.37059594671933
345000	3.9109931331866337	4.145090098076142	0.819915510186956	0.523735994856853	0.20905528025958955	0.7029110461292462	-108.57943446726978
350000	3.288385595171286	3.3380799849416105	0.7651012944341948	0.631703929950644	0.23685304395216902	0.8188462515945824	-98.44648855530858
355000	2.60966975626795	3.034292253810671	0.7733277262086156	0.6496425556466583	0.22465296157126105	0.7612358911947448	-74.9367879449949
360000	2.7668088117439305	3.715751713191232	0.8576697478244985	0.5457341834253365	0.23254156256911895	0.7242775997739408	-101.60937034377494
365000	3.029883300494749	3.573606410662488	0.808051981617864	0.6548045921111358	0.20015580959628118	0.7687821119425381	-90.43000192904472
370000	2.897325860619512	4.0532447013234645	0.8917653721054638	0.6228649568318853	0.21410789618115192	0.8121945752294492	-87.18939355709884
375000	2.9804699406978723	3.267785773696381	0.7674010277844505	0.6328270627958273	0.22502789087393524	0.9565144234614806	-76.47960570568404
380000	2.8625617631481344	3.913935011440519	0.7982842425490342	0.6780415129564266	0.2009798469304957	0.8241211565184192	-62.98942939692433
385000	2.685551407727878	2.706645707636912	0.8836113899284466	0.5525155760503467	0.26173542183611814	0.764315261517415	-97.21787222314211
390000	4.437888316822878	4.569348306824164	0.7038274225252322	0.5851037946006853	0.21608866176314093	0.7322472892200135	-94.47248981419594
395000	3.1566299966369087	4.5307765074226385	0.8216370816207791	0.5416836182972075	0.21110795963759887	0.7625891811227857	-93.24603670193261
400000	2.9079580018415	3.2087946879838367	0.8118219982794022	0.6833239436308072	0.24072125927660168	0.7413041689234862	-70.38208241990392
405000	3.2581212698654034	3.5238115486957056	0.7851198471645455	0.6126109082319195	0.22815378923861612	0.7732352844746901	-74.46471234174749
410000	2.559343944461811	3.003666419673037	0.7865020662192267	0.7200552439270017	0.23367958506368336	0.8976390401653175	-59.63709806162827
415000	3.056109470026165	3.4744294568782617	0.7730700945479699	0.526778597958441	0.24783802420531015	0.7415443995152358	-97.96597958279989
420000	3.771386389523522	4.420440350517982	0.7413044659046284	0.560302912749032	0.23545007596392747	0.7419905397797598	-95.09438406929868
425000	4.12068277072995	7.783792402349635	0.7645124759353179	0.41054665241967464	0.2015065067272852	0.7500895689817645	-137.93792298696712
430000	3.2899970876324423	4.343333872042441	0.7153675779741313	0.5557348220847026	0.21507764489582293	0.7466247305463576	-115.61919224827204
435000	2.896874669730086	3.41980631232311	0.7067056241818703	0.6795908902716837	0.22962049565508552	0.7607208583761086	-74.05075568170028
440000	2.958690549066701	4.2058071403417685	0.8308266347410953	0.5688315251430934	0.26196514955494077	0.8248556845953219	-91.67291224061134
445000	2.9371520012171315	2.986304348511368	0.7930401304923036	0.6625028034494751	0.21172387901427125	0.7628673493484047	-80.91299084095368
450000	2.8170854967601766	3.6561850272769516	0.7477972546166136	0.5485826844161249	0.3302077533325564	0.7980893202918748	-106.91131167831728
455000	3.942608778283318	4.003938450144388	0.8224914158435587	0.5536298817510843	0.2252911266676369	0.8085452065391971	-100.59596166503275
460000	3.22071791473583	4.059821318561158	0.831992082897432	0.5340467146776936	0.23307099515284924	0.8316214095816705	-102.0563019720856
465000	3.2241837988818434	3.7481764570130625	0.83530906088458	0.5614797194232528	0.21598256252602077	0.7004457544659436	-102.27208096742484
470000	3.4158095506275576	3.4378728599881723	0.8477731895038114	0.46529278443928596	0.3252119294970974	0.7412240913709621	-102.62466910554804
475000	3.1522509983238547	4.281247571674171	0.7793428172109027	0.4208105859983876	0.2589322904654476	0.7887227051536049	-123.66251469522035
480000	3.713125802323133	4.59968145744044	0.8905839964818291	0.544922849357115	0.21062262339323318	0.7460408998245536	-106.90350560727146
485000	2.9693843717789736	3.066934086360493	0.8770655388875418	0.6705376575065857	0.2303781090819348	0.8064928882965046	-72.17489782805845
490000	3.281225207677666	4.49358436192821	0.855822023308401	0.48624179775979026	0.24506409586224578	0.7007190299050857	-99.08069451353282
495000	2.6514050335962014	2.8937682098201245	0.8685620362511606	0.6422703228672677	0.21051263975915357	0.7946530707127002	-60.30384138414403
500000	3.0138944336706195	3.7588015660829353	0.8496907743076182	0.6384694816889229	0.22532680691699744	0.7537850355653787	-85.26947223134223
505000	3.2627446173922814	3.7592172993523283	0.7686483284931114	0.6108441259331209	0.2173594479549295	0.7280538180423654	-93.09015794166328
510000	3.1935119793281657	3.7706557933941864	0.7825481008520718	0.6555271157527267	0.21188374937344756	0.8789210713989105	-75.70075590807502
515000	2.674834992597481	3.030657917709714	0.7549902709530489	0.7571974869546768	0.20286661562164807	0.850505837107735	-65.16699779075259
520000	3.052885667072128	3.1360553592696223	0.8595445733867967	0.7965030048804383	0.20978678604336273	0.987388531675616	-40.55189781005399
525000	2.9028210050014	2.9676115819010995	0.8950742675041169	0.6999676543539327	0.22478543863419284	0.9082784788247678	-43.09828039137586
530000	2.886574586005843	3.3013715825887715	0.8061207959327048	0.6332813514434906	0.21468103622066528	0.81940638093255	-79.41590017754518
535000	3.438381364268155	3.46889484191534	0.8156401432470871	0.48272461650482645	0.234371393862715	0.7285322032940086	-90.80820355493509
540000	3.1313457668064513	3.345191412814007	0.846826697767733	0.674522504643972	0.2171522180697701	0.7209757549854795	-72.3518077548024
545000	3.3598172683095444	3.3954168461375414	0.871088370836307	0.47443355291400885	0.2703222177691363	0.7162125969231499	-97.84256654998421
550000	2.963922610914813	4.1818497083693185	0.8200550441921126	0.6314614327371287	0.2136699999346683	0.8832190719393428	-77.46014413346785
555000	3.155403285026497	3.201947465669938	0.7560696531382312	0.6441536232987292	0.2047791924785446	0.7115154469306637	-102.66044591484896
560000	2.8329706525963276	3.373039565587848	0.8014277980123641	0.6304718459811366	0.20811103198626513	0.7510355235755176	-89.56382950573746
565000	3.485940177505979	3.8302770326894056	0.7277257508268192	0.6068187282674872	0.2116763144787381	0.8655518139977842	-96.01609640000297
570000	3.1867741705993566	3.2910334067768354	0.819616399395943	0.6288670142564492	0.20572857907147912	0.8424854744616099	-69.6734337771017
575000	3.4627371768746804	3.6846117954172435	0.8366993617618023	0.4940335498423094	0.2608838903212246	0.7144147142855817	-92.67583700874351
580000	3.3404758813657613	3.767836449664434	0.7847391537103791	0.636755720462631	0.2141841467044592	0.7762193647229034	-92.18131227999194
585000	3.139852752273202	3.325669739134557	0.7098432881475696	0.5908206444453165	0.2650393934190137	0.7755752069166527	-96.20526140524754
590000	3.1170059699006925	3.655251917761434	0.8275238721613348	0.6178761608858917	0.21434884436394325	0.8027987399268081	-76.43628539412865
595000	2.692905089682366	4.02988189274714	0.8215480165196158	0.6821576986738055	0.21155453469326368	0.9650894221390672	-87.09978185381172
600000	3.53626325323367	4.588227303415339	0.8566792040434844	0.6554665655868754	0.22321594553763774	0.8572691672987213	-62.11461600665671
605000	2.9020793799518505	3.3025446957145657	0.7606202068997667	0.7597413602389143	0.22197144471419714	0.9930569546808624	-66.51052486131613
610000	3.0031975085894183	4.597821312300718	0.7738530986524138	0.44846172035144394	0.3511083011599032	0.7145665008757598	-97.45193827827919
615000	4.16392337151409	4.216930994145271	0.8394516130422975	0.5694463525051732	0.2269887042540062	0.864752115487283	-91.59650674349831
620000	2.7544586559219586	2.7913731162599054	0.7490320521006225	0.6952795390485986	0.22308409697130827	0.8110377153602022	-67.44603969985025
625000	2.5811599266461567	3.301095303456142	0.8218865924883463	0.7775949889061872	0.20233501481778365	0.9147795081431916	-52.87068676557771
630000	3.198997229152689	3.4520092220287335	0.8123085580501103	0.7362971397285814	0.2102772320977591	0.7310595156724219	-69.92474280079855
635000	2.78321326486223	3.374374663268547	0.81785342258965	0.634132589727485	0.20289923432086096	0.7267532099082994	-76.06727271958161
640000	3.3731738926434014	3.4813658317572043	0.8028682987442791	0.6393315336864048	0.22507592436173468	0.7602419859195325	-88.07159097823455
645000	3.175229912197309	5.182993498097576	0.8106566593680453	0.45441148810956317	0.20454249029320032	0.7122885707388253	-104.09521282005008
650000	3.6345387544539145	4.48528609900485	0.8502402356045738	0.5570571188463354	0.2042196495199035	0.8943129024395111	-93.84881563026224
655000	3.494269598430279	3.5409811402729328	0.7350707293544271	0.5733738098235571	0.2011422079821205	0.7649225448184921	-109.48474268827957
660000	3.5442306881199235	4.173607927410088	0.8146973149203357	0.5499024792925251	0.2494302440687755	0.7560129216823862	-107.72853408700709
665000	2.921781438952227	3.05915638662038	0.7276591447998586	0.6365073340399964	0.20749987731080435	0.8170446086622876	-86.25265195122051
670000	2.5841265814546652	2.6805913909249965	0.8274040283413319	0.6279284098041716	0.20886921493597718	0.7782236907060026	-82.94803055810627
675000	2.595329432638427	3.230534595248202	0.8593708046708586	0.6362499849866595	0.24136000605209604	0.7262105552341285	-72.75856685508754
680000	3.3049713241175134	3.4524490841079296	0.8327204803792041	0.6943014266579636	0.21078733760274998	0.8963191688030039	-71.53613774495909
685000	2.6886197817562048	3.328269123102945	0.889595719546265	0.627547981197165	0.20041084589495642	0.778668612306103	-80.47769695808995
690000	3.084181618405413	3.105904464615735	0.7021240458219862	0.64243471223618	0.229686798486945	0.7140356225648283	-87.31003918774891
695000	3.1935009329411255	3.752020571950264	0.8746982604280799	0.5939932871742888	0.21839636496593492	0.8092851352563826	-99.41302454248014
700000	3.5193922152955093	4.638972934528902	0.7115800599433418	0.500676044015645	0.27563948576861025	0.7063099307244961	-100.95715658636732
705000	4.233463145134683	4.46847127037901	0.8663775729108132	0.5820230810760849	0.2098552184070043	0.757556910660737	-111.20896995682656
710000	3.7975188976550225	4.080102133589307	0.7045419306144821	0.5901550626507708	0.20158271014482224	0.7134307572612015	-106.5692913236675
715000	2.755399061754473	2.860976624644059	0.7946757603834789	0.51660236443181	0.20040042098506552	0.7147214826084659	-101.94879978127321
720000	3.1841740477360916	3.61378169343454	0.8026977868371391	0.5867523847409544	0.2721809058199541	0.7241095028033824	-91.08424189691775
725000	2.986389534709917	4.81401376762434	0.7287650891244273	0.6055440019284463	0.25366746296453296	0.8274660242335972	-86.82960752246524
730000	2.8274915273920507	3.031693846031936	0.7836747081040618	0.6209929190197679	0.21167959208899825	0.7831327946613633	-80.20281769868859
735000	3.402871255389714	5.066053222867055	0.7613954939377093	0.385747734950282	0.23774289631216927	0.7231189399076814	-123.23166549365749
740000	3.68114029816876	3.6961857813224888	0.8822000983922063	0.5658023413097291	0.22594484790052602	0.7391832452375762	-87.00631024056983
745000	3.006637509392228	3.0492998602456103	0.8933843319960502	0.6386861365618848	0.2098761775663685	0.8238027101458391	-79.09831816847966
750000	3.145039975110603	5.5949252851832325	0.7146860905510514	0.7397637373103253	0.20877997361497536	0.8043391712994599	-78.09976581773557
755000	2.650281046224951	3.22966025375929	0.835435369407653	0.6055729610248454	0.21131365772300217	0.7822234829411613	-79.0141286456055
760000	2.8884975882494035	3.810870428624069	0.8304468191990503	0.5719224355379899	0.22967890987158615	0.7629100898524127	-94.46176929407218
765000	3.1548007424960165	3.1582030932443077	0.7738811582740196	0.5556971977604831	0.22989716448446745	0.7317067462436946	-98.82666176913136
770000	3.4907299730518897	3.9162380645352832	0.8760960258642378	0.6702457879667556	0.2275331671627104	0.9557200622146672	-85.9772766814414
775000	3.0909029921143873	3.3303228356446435	0.8379372067934805	0.5669185741342636	0.237165788506113	0.7438054515217203	-83.41661038141234
780000	2.8769244551770825	4.174588178385485	0.7838550671038558	0.6761869332230517	0.20981294522467142	0.8930417924882875	-103.78415247056228
785000	3.812456648943641	3.933897356395032	0.792081056582234	0.6042268775170978	0.23120628955824724	0.7037422759319849	-105.00239570858946
790000	3.2649145714417034	3.7699125806519977	0.7813437208669257	0.5999145970170623	0.20266470720570254	0.764438516994775	-88.26193869662774
795000	3.165137548721624	3.480726930803346	0.8593505105642932	0.5698066655292195	0.21135312278226315	0.7915886443576928	-87.66861025692126
800000	3.9223412515218166	3.9876822948483888	0.8007802223014352	0.3256896551191897	0.3457643872345425	0.7050133941134435	-134.61476049500757
805000	4.493968336148254	4.755166378969122	0.7000013759168868	0.5712539018895959	0.2033495771374853	0.7705630766673923	-98.56319884368915
810000	2.9726429927394484	3.4256361714824006	0.8093373839297475	0.5650422144213433	0.22720799392867846	0.8504796581546453	-92.58623474578428
815000	3.0255931034745682	3.2864672286249985	0.8216130124638583	0.6186497829512634	0.21938162039137882	0.9586816756637779	-80.50603751442787
820000	3.2240742907289652	3.2737542169412586	0.8043927517592411	0.6013804191446226	0.21551249973295525	0.788040930234262	-87.53849156638216
825000	3.2542355489276757	4.481508286647231	0.733745065815758	0.5615257049042323	0.2778956143700038	0.702055644537593	-96.6137183625593
830000	2.8154779524951263	4.761877666407603	0.7120943621818323	0.654502786897273	0.21384510338873183	0.7139438855976618	-93.09969256585194
835000	3.4761064454614807	4.0743437151900155	0.8989140460084872	0.6421082623039172	0.20280455189097368	0.7553128545069993	-77.07975074349372
840000	3.509424789107476	3.7896418483497922	0.7664307454460274	0.6556350483058896	0.20661742490348417	0.8836378037606142	-92.71223636953155
845000	3.083382864012921	3.0863102246853855	0.7788357400272907	0.6341061813780599	0.24299638838043175	0.8054742132102112	-82.80469319075968
850000	3.4640912935977384	4.913257074091433	0.789880594247298	0.5841684206155249	0.20568147479780519	0.7907580979061151	-90.94776031689801
855000	3.073331540808287	4.399236328870358	0.8681885205369696	0.6114070947183153	0.20146523316917928	0.7440780153388319	-87.923910631534
860000	2.6076778956344104	2.6297053672770017	0.790190439277455	0.7070992983305	0.2227317986954709	0.9764861925884373	-63.955792780466574
865000	2.8700977923935893	3.704691873187992	0.7758862727481347	0.47737031673149904	0.268523815315378	0.704494681034517	-98.21282773562612
870000	3.0946947755454364	3.7815117109042915	0.8453550505749419	0.4035162512245057	0.2071415992284063	0.7009698420833508	-115.78275014545036
875000	3.2468278728733417	3.2661733265272397	0.8128428853114653	0.5637548526303128	0.23541609764144222	0.932982413061906	-82.950573493843
880000	2.6690637981599687	4.95973925351058	0.717283585181744	0.5728564023997593	0.20335408108983144	0.8397541863725825	-93.72831002683046
885000	3.2877808108379596	3.4343916428101546	0.897346688226975	0.6244345824043321	0.2099452097730447	0.8426413176257909	-88.79322953663737
890000	3.117588080701828	3.8174329660474333	0.7704705718778289	0.6300110343214634	0.23398794545476098	0.9053097214710751	-73.4065034610228
895000	2.6870275824197902	3.2345887552983257	0.8232693564589608	0.7441080379010876	0.21583568035595105	0.981952930791148	-56.21576616298833
900000	3.5327034114012843	3.5960319196472788	0.7091923655610703	0.6019118312809515	0.24025754172903144	0.9298829790586975	-96.87627782717635
905000	3.5992804997863974	3.784753992119575	0.8008450047641644	0.5316883482438668	0.274249419192255	0.7125134176653045	-86.59158687626126
910000	3.0854951660294914	3.5261786935706065	0.8415006907040509	0.675722473589462	0.21441539116242248	0.8136739262431663	-70.62996184231571
915000	3.3004541147598583	3.6848743886978945	0.853600618859483	0.542580465015104	0.20462579246892032	0.7178162755950495	-88.41720235465974
920000	3.1207348854201364	3.3221252859911248	0.7219749748463008	0.6419665163813346	0.20733785271832839	0.8592741608601563	-100.4768690090757
925000	2.7579141533690272	2.788722278856564	0.7975650902317287	0.6937079735401758	0.21633964023004643	0.7834254658590062	-66.63336310308398
930000	3.172068865712256	3.4236281002980076	0.8213268006167048	0.6738608567378944	0.20445153372287006	0.8023512023826178	-62.850232656108965
935000	3.1712333512760846	3.3319575356363322	0.7968415840679237	0.6697807832419237	0.21079529480752385	0.7785190195858532	-85.61100043518306
940000	2.6607178101058366	2.674885105319355	0.8368860068723176	0.676839770481378	0.2635926643349471	0.8253915852823607	-69.99864218042842
945000	2.8233749127192396	3.043600628537905	0.7960442767064502	0.7251268495962859	0.2250158064430646	0.909361239623587	-62.670429685601334
950000	2.570708648928886	2.8458560859873607	0.898250907474959	0.760800160131691	0.21384185722900348	0.7220486455000148	-40.472717870671595
955000	3.7326030083040314	3.83661816576663	0.8931124162362528	0.4494535823733549	0.28941587977897193	0.9750480504269977	-95.00315818421345
960000	2.9879934997825446	3.7666712220360554	0.7084848571015465	0.5389689618379893	0.21053333987748393	0.7296431235546232	-92.85541989412653
965000	3.703815303541921	3.7452422492113455	0.8080802534539517	0.5834024664092077	0.2376973707266547	0.9039342425430517	-101.96654954705801
970000	2.9728562855502414	3.6041262436718267	0.7288064415387309	0.6471243844900256	0.21835671837809878	0.9238512018961988	-93.18951979204951
975000	4.019440023744972	4.169856443096679	0.8854122253807353	0.5820973319653578	0.22233782087635381	0.7651244278650073	-106.68366748784109
980000	3.2247574020424645	3.7848346623743216	0.8942526600482075	0.473954384471895	0.23917558095094452	0.7047388567331715	-111.65191629959327
985000	3.3286568774432608	3.5303257685148264	0.7753074050032632	0.6558867269382129	0.20130789236239655	0.755086582056805	-86.29906012541684
990000	3.4065847023426796	4.793282336113128	0.8387756880311319	0.70837513075369	0.20623714032476376	0.8852179693855993	-56.788637514793756
995000	2.8929465861312966	2.901873373669228	0.8929747869588707	0.6150698869456812	0.2555992891060349	0.7725268304217268	-70.02977369491049
1000000	3.141756870609239	4.6889077697316	0.8638904807657214	0.6013581425067853	0.22673393944336673	0.7863819857003904	-67.24381529371925
1005000	3.359525172229369	4.133995808856743	0.8222099642061851	0.5237302346067502	0.2627044599514813	0.731300733931555	-92.61790614742836
1010000	3.2290651742737935	3.6253922379569263	0.7374315269030732	0.5729456234600427	0.22469208999142035	0.7467994232544574	-103.97413527666404
1015000	5.408396473522982	5.42945427586026	0.7797034851920758	0.5085949818364573	0.21229256874368263	0.7297518016554297	-100.29232852112327
1020000	3.427520590294223	3.741145702541821	0.7700010628913139	0.5812921574870149	0.20042156661074134	0.7044132307960191	-92.99167649011497
1025000	3.927082055299602	3.960605943932363	0.8403455119179534	0.4144726383131581	0.2024354604265265	0.7060783050192784	-124.01449135631131
1030000	3.367326004115038	4.412178366648634	0.76688463179864	0.5541632129799078	0.2139368700127544	0.7167503684263872	-96.1602181953248
1035000	3.701394982472264	4.034183365707515	0.8259419012364942	0.6180338730913747	0.21271214604603458	0.7601393554437018	-89.0466538208878
1040000	3.4673071488364964	4.05505440202351	0.8337649972318358	0.5255705454076932	0.2270926153632611	0.7805210769233046	-96.52837024144236
1045000	3.2425511460775236	4.791298589409661	0.8067744639347081	0.6449109227638635	0.21181002744558652	0.7399062888597677	-86.49708653387134
1050000	3.8713689482958515	4.358109767886823	0.7925364213893776	0.48720255363687603	0.22173669956503625	0.7153180783419338	-116.18461711645952
1055000	3.8696206624210987	4.104841331802684	0.7962099371541203	0.5216513310451277	0.271671771286651	0.7051322444860516	-126.34900859044401
1060000	3.0644005021417113	3.1173048468733153	0.8357791606969958	0.6170894014951743	0.20856874225006317	0.715764234666077	-95.66515036147518
1065000	3.0281402785861773	3.9285445909723644	0.7410431998336567	0.5722539888172155	0.24409772559856963	0.8358448906684229	-107.22095864549888
1070000	3.345577312263911	3.659853234789272	0.7904002800688315	0.6961639986183695	0.22108306091837257	0.9137671934782154	-55.394541467834536
1075000	2.8717663733238568	3.180157588091834	0.8170809802679923	0.6809923921576564	0.2040306411781058	0.7671190350884483	-66.5042596171661
1080000	2.9250084495554924	3.303068045681957	0.7619289309659834	0.7587980082864577	0.217736562804766	0.8026513598591506	-55.38584872121908
1085000	3.3847385162647057	4.2268134656386795	0.7921054716872413	0.6570623124121836	0.22031236837972298	0.8830398727802827	-98.94800169253949
1090000	3.4749929884619273	3.7528503581690966	0.7920808927134039	0.5780265044845057	0.22958766042012238	0.7397391407193868	-88.38048503226526
1095000	3.283579441271849	4.015383586244871	0.7438005128114682	0.7034711022096283	0.20107157163298953	0.8262711475701828	-71.51720924927014
1100000	3.1271426976348597	3.420559913140876	0.7820620057347301	0.6429986353732181	0.2079813666420832	0.7063228749622208	-103.17952161447514
1105000	3.544188286445024	4.411854719976838	0.7199658428505906	0.5384184889427437	0.20471707414810775	0.7293649402431601	-125.39480900700596
1110000	2.8417620233813135	4.779763680574131	0.7283818077264044	0.5463070767983066	0.23840516716648677	0.8983483617667555	-108.4481254303623
1115000	3.1394108615754996	3.1988557511280726	0.7754040321052824	0.6556909751482344	0.2540691428094642	0.7547948145431987	-71.97018518232264
1120000	3.3773208765212948	3.4378428302954807	0.7498553842116835	0.5685119533612558	0.2012211993108263	0.8216542286486986	-103.24118972798922
1125000	3.7748656642733756	4.012989540906801	0.8091067221948721	0.5578251071686279	0.20497676714420396	0.7034137697486832	-101.36819525356017
1130000	2.926723314367665	3.932385061701151	0.8848685135737115	0.47345406831613	0.2794033615899619	0.752675210237223	-88.6402580474687
1135000	2.813409700927417	3.097791652019866	0.8555468138808269	0.6623067210640496	0.20359961699261164	0.875028943998535	-65.8307457695349
1140000	2.9196450428531384	2.9228782048164237	0.8429379230854465	0.7903657950843906	0.2050427179560908	0.8584423243073533	-24.748072478447266
1145000	2.9499850833688597	3.046543754679713	0.7445461939128671	0.789154645680766	0.21748910901198745	0.7324997983563349	-56.39784135115622
1150000	2.704044328705493	3.364122879869678	0.8458697322725419	0.7222961525422454	0.2113918712768347	0.7996834180021178	-61.302005664827654
1155000	2.8817827595508354	3.1850674189724266	0.7928869559543602	0.6635013330115015	0.24353746180270475	0.8228264349353897	-64.6694288018162
1160000	2.8837804035884322	3.250486912964072	0.8324064628464198	0.6123884350026391	0.23914615526633343	0.7400725679951679	-73.93504646752262
1165000	5.8350590332979	6.210693331226564	0.7133183084704524	0.40434838296391135	0.2824844182307851	0.7122969124170786	-122.891448385512
1170000	3.528108744767389	3.6597180169263304	0.7239026643471207	0.6337570127986218	0.20189240245751117	0.7416466896068702	-92.7918422198409
1175000	2.9309199592243402	2.982631507064841	0.7998668868341604	0.5309135469515386	0.22097582278389227	0.781997405074474	-98.24169058703671
1180000	3.4528323609433533	3.8980399610554857	0.7486537166637717	0.5953202588480648	0.20755425077916753	0.7977878587107461	-97.53306257951857
1185000	3.0509906465749235	3.409882617764216	0.8759278278775174	0.4683067445342273	0.29544347245272273	0.8174138531889694	-91.93425906321639
1190000	3.920870531957339	4.226897182623612	0.7626512470436053	0.689421497054133	0.20148187549145374	0.8212391612646273	-84.33275022664057
1195000	3.005900990390149	3.8241472420854254	0.833800075778369	0.6635405272536348	0.21321644714936844	0.7716525542992244	-69.42875530014126
1200000	2.8791966826693014	3.190782894166759	0.72343213909999	0.7381074461145755	0.22576590837118507	0.9989928307874106	-66.4440552103132
1205000	3.2089277819360738	3.404041322181094	0.8454640122564225	0.7153449552372875	0.2263706314633993	0.9709801356682257	-58.22226472975494
1210000	3.02128124683614	3.8604468854353757	0.7948080264087438	0.6278096570270798	0.23550229419803187	0.8542217446389153	-89.67996956298802
1215000	3.6165364018701616	7.688468207369073	0.8343940526396046	0.48953263741837977	0.23314588171491324	0.7241968690140822	-114.81592962049487
1220000	2.8874557228107918	3.325123035643864	0.8439238623762259	0.5543300854989146	0.25996835061810925	0.7128606542042049	-97.50028123635954
1225000	3.8616032637909075	4.045495921551214	0.8331407195179967	0.6234366810479902	0.208209966544225	0.7671332049196137	-85.73665687037007
1230000	2.907454066795413	2.95856767709298	0.8271510369778572	0.7139732736480306	0.2505490305266076	0.7182071404542019	-64.5018254601402
1235000	3.5930374665798754	4.184002558661733	0.755923503371314	0.6298812203490357	0.25246929715877914	0.7526513919064213	-77.99759539073884
1240000	2.920683658007083	3.3166796433343997	0.8401667336412499	0.7078994948102278	0.2076855034053322	0.9794873768504087	-77.06797229580832
1245000	3.5426297095262287	3.8983969580447195	0.7923002618946736	0.595362324452882	0.2483467126318496	0.707289078785292	-102.62611482113667
1250000	3.4214199770977487	5.8934500066397995	0.7223679545534818	0.6646698431463519	0.20163051877376778	0.7057462904609465	-85.74379027066041
1255000	3.3154205609239056	3.901703000930618	0.8634383316249714	0.4394001112128678	0.20558882913826476	0.7184124452889008	-114.17809545974981
1260000	3.8333927907701155	4.666270814148124	0.8175912597531694	0.5609259993294556	0.21612688593005266	0.7623733084871351	-88.05756509716903
1265000	3.806875125729771	5.033915102974606	0.8854394856374561	0.6015903528328094	0.20103413067719877	0.7083000195248905	-88.09060087455444
1270000	4.0537153253952996	4.156279470103623	0.8331530815236681	0.6920079041255878	0.21906973825908496	0.8239303190360698	-63.53490418453459
1275000	3.04199696593336	3.297137060980131	0.7159799057371214	0.6572038105944566	0.20694357138549746	0.98310623335994	-78.1032398055329
1280000	2.6426671116615843	3.684644408224018	0.8100318079589416	0.6078090402863017	0.21757471770511294	0.9916580898893682	-91.69388825358149
1285000	2.992272581902129	3.529335300313048	0.8045051967233456	0.5632214136266714	0.23674106327626768	0.7908737702605012	-96.75025729717592
1290000	3.2381646731706546	3.474409154333133	0.7701423419939084	0.7012462041503847	0.2228772503777683	0.8337775908415762	-74.96255235383649
1295000	3.085793261270328	3.109823448658692	0.8464980585873574	0.6608205376746628	0.20507002124226467	0.7012298489635757	-70.52963028204263
1300000	3.018902142042129	3.165203275323573	0.7058156897817525	0.5706892263881073	0.22129903001754142	0.7821952250597745	-101.22360296332977
1305000	3.3799641018775177	4.180095509608763	0.8702586103462885	0.5944917556166548	0.2065915538251322	0.8131007333737037	-101.06546683325632
1310000	3.8165490451067665	5.179959637830091	0.8335520568514941	0.5280387122302233	0.2422885151246549	0.7277054621982757	-110.39092545705361
1315000	4.397526031049405	5.2838974122112	0.7054870286064416	0.4141758782568462	0.3080201903019125	0.7420644274751201	-133.10517711701144
1320000	3.480073799795858	4.393968723733735	0.7859206794972828	0.5568413124195819	0.2011607943435229	0.7170468013607133	-119.28381937757183
1325000	3.2434993128722374	3.489077477506399	0.7127987098606767	0.5241200928477214	0.25427923533063773	0.7309939946859078	-100.21915760021747
1330000	3.5964257175194705	5.377522146495304	0.7848511123499223	0.5761253477130508	0.23181606084133966	0.7088892576880077	-89.58750268418748
1335000	3.451502552625124	3.6482609406974325	0.8246365570217226	0.5973501796491413	0.25489811613623636	0.7343051123018013	-91.70995289304244
1340000	3.854101059037744	5.505098288913628	0.8766431910393482	0.4447710905620156	0.20973136377627305	0.707005902100626	-130.70791970313158
1345000	3.2155824756729734	4.622903307285471	0.8111009965218915	0.6676695133301568	0.20868067232093446	0.7462299409668967	-83.82969263014184
1350000	3.0201655072911007	3.852136549273777	0.8279586986655336	0.5969407391798077	0.22889028314536308	0.7380413661093967	-77.47132833500689
1355000	2.909336121690849	2.9230620343458806	0.7979331389915552	0.6578176077411491	0.20220991407429395	0.7202184783277669	-89.29620279853799
1360000	2.6033801534828096	3.318378978239262	0.8643542436563351	0.7255273399497331	0.21096563652520292	0.8374873281525431	-59.03187404892072
1365000	3.290762705081183	3.7748535251767876	0.7430497171247261	0.5776354771382067	0.2606448720302741	0.8335719521010815	-105.83765166472767
1370000	3.781541278983431	4.7609852722971295	0.8146213651333097	0.401640716203328	0.30755089442830047	0.7194097533683198	-121.638033861315
1375000	2.7710219908333356	2.9367126817382445	0.795485194262678	0.5360305547432794	0.2668735898081536	0.8230831208547429	-103.21761482078529
1380000	3.1752007160277005	3.1943812170250605	0.8050824731593925	0.6579410343022184	0.213651091221813	0.7526432001444996	-69.07543406506832
1385000	3.405484273340397	3.4825586345350867	0.7210722723891665	0.581621999476948	0.20237627819662776	0.7862626235769138	-100.61633440340293
1390000	2.935569826155124	3.4985032701343073	0.8436316177410259	0.4598880458001748	0.25793713201143315	0.7091434905034818	-99.4633150982917
1395000	2.645041036514536	3.7049627968827172	0.8891307917445037	0.5891149515206603	0.24568873235039296	0.7613449736927513	-91.064316133409
1400000	3.445238344954282	3.961225261111359	0.8508363465658836	0.4844021161791534	0.2186388283113463	0.8382141443405642	-106.93953077124388
1405000	3.8270866769460405	4.168014640718423	0.8965404051680277	0.6150467534679483	0.21355813048612984	0.7402193374730849	-96.30929113385565
1410000	3.375875095050866	3.6180592023834377	0.7350642716040872	0.6119324733881374	0.20024044985960585	0.7057450120961254	-105.31108737019017
1415000	4.27675841828687	4.293157594722041	0.763649101210311	0.6359221019527322	0.20302296749388163	0.9345308992158563	-104.29473957414206
1420000	3.365238985944297	4.276713971785119	0.8909907612948841	0.44139150491550316	0.2349183348661589	0.7700282822926614	-115.43854089977913
1425000	3.434467436441695	4.259467222914321	0.7381340288971554	0.566574505319667	0.2525098215304065	0.7033202659519658	-102.1554848634841
1430000	3.3840880322778077	3.4505804626038477	0.8605469761569199	0.6072198717606799	0.20559732217890814	0.7137206268356824	-84.16263485361608
1435000	2.8287183568369696	3.482386283190819	0.7673280831020811	0.7314238198352483	0.21442471103508526	0.7942764571502108	-67.44368391374167
1440000	2.598472088753833	2.9869687133796163	0.7135202271426689	0.5416145203344654	0.33816623974545723	0.7208780085960101	-85.79410966431936
1445000	3.0823045023679363	3.204203735466941	0.8772144671489968	0.6479969815884	0.2680474285037219	0.8539542488364569	-69.85365658332731
1450000	2.7725631355297717	3.3805245863604396	0.801149335258651	0.5934992655504717	0.20118323928542023	0.7080092753287432	-86.25513866021828
1455000	2.8229741441652427	3.669817271442474	0.885055762600095	0.5687675161203505	0.21297286981900776	0.7057847877384438	-78.38093393480449
1460000	2.9947465734467498	3.2206468933078214	0.7956860347972993	0.6389169025212476	0.2221566473716692	0.723647935819675	-62.50989160743143
1465000	2.9678156887912746	3.0473407656310685	0.7251171474442449	0.7365009870514758	0.2268302275418079	0.9453729182779343	-63.473188467872866
1470000	2.6862404426472093	2.7536307451477624	0.8962835605299007	0.6700265267297923	0.20212704587546218	0.7768086514066257	-76.31328970006422
1475000	3.0293743967019853	3.0606394859882755	0.8089642649622888	0.6460338143330587	0.2059590378499373	0.8529578161749353	-80.08036711622833
1480000	2.838495662939108	2.898957441661333	0.7742967157954042	0.6874753333843874	0.20140161425936565	0.710006382146765	-74.43000763270143
1485000	2.7428802320922285	2.890041908585515	0.8313142813449765	0.7064155618428501	0.21128111555995957	0.8355996977873253	-72.14368736424467
1490000	4.4228011585436935	4.525430459986709	0.8806610840924441	0.6301894996613702	0.20910768254171655	0.7566794575192732	-82.88864746435212
1495000	3.0740490002678373	3.823542307691757	0.739463404417023	0.5119816570286797	0.2311197191807335	0.7209906241034748	-109.44775642930378
1500000	3.8102642614757625	4.596373797993993	0.7845942692723488	0.5488319954837343	0.206463527783306	0.7723357052448536	-116.94111066857619
1505000	3.688752178846378	4.020017073133943	0.8417958201808947	0.47891626450735486	0.2389146863471005	0.7315449574845314	-108.41607538900513
1510000	4.982734273390223	6.122684842914655	0.8550493910260251	0.4137758220254231	0.22481657047625467	0.7849327905882333	-123.7410920814244
1515000	3.2190612559138096	7.10930713791502	0.7896645380913606	0.505533126763049	0.24875980958590255	0.7573716114556188	-112.28939059917198
1520000	3.810279528952832	3.8264098911449524	0.8510203406639354	0.6859095345518736	0.20410263752149016	0.7075367940585982	-80.12659397736792
1525000	3.2986744434361435	4.133886853921284	0.7533237629980357	0.47320772196904454	0.27702874744861977	0.7513640583291794	-119.06560666708626
1530000	4.454238646070509	5.268454458377895	0.7447850170869325	0.4578142371830252	0.20329050181161729	0.7863597172102863	-114.8842555549256
1535000	3.627387971542341	6.037635504275644	0.8185261694743846	0.3900005009620079	0.3308923240123981	0.7722028561729312	-114.2752091068256
1540000	4.066407636880272	4.302509301105847	0.7972835617915024	0.49994193374932794	0.22903296592376626	0.8385540379037575	-112.93886648204904
1545000	3.67839708698088	4.015185154074817	0.7389094714767531	0.5279504370156969	0.2750557894253309	0.7292586535948549	-104.97483855951683
1550000	3.637772749459122	4.484622388244928	0.8748233525257593	0.5304669121579395	0.20838720209947897	0.7232295264537301	-107.79348565156832
1555000	3.500465760960175	3.5553784394025145	0.8852730940399625	0.5773642779097137	0.21477607691983608	0.8158471879111312	-94.12593602819595
1560000	3.7334226692179273	3.851290204932104	0.7273979274910873	0.5911699754013746	0.237920312489046	0.7536671595926625	-103.26598407533967
1565000	2.7492017263451674	3.013177916410844	0.8763938805407607	0.6191690167594257	0.2474542855573895	0.9722995553054403	-85.46301462492855
1570000	3.3007210642623894	3.890332197443575	0.8058676323385217	0.6294791320825706	0.23749433019586969	0.8582495322382881	-89.22286366572041
1575000	4.28247174229016	4.740356395464744	0.8197454416009518	0.5768669801466279	0.20248677776683782	0.7024827127444914	-107.83072794355311
1580000	3.776338641484426	4.323920352528311	0.7743053611908424	0.3229715964806148	0.3838846177553874	0.7267159765884635	-123.07722485313533
1585000	3.2259933093963507	3.225998182282751	0.7135486741215381	0.6196352150879129	0.2775533244719075	0.772017540109286	-87.46012280019639
1590000	3.249489551390769	3.700980117463163	0.8187250846192445	0.4686826153241198	0.2532618548978452	0.7732783371552839	-109.8019530193038
1595000	2.7687081313014237	3.7988956127704148	0.813364596057109	0.6619724130173721	0.20500587978763402	0.7876530552252522	-78.81770513849992
1600000	2.730019369628207	3.4885115909843685	0.8521928408591565	0.40891594883440746	0.2852316460511028	0.7158407806125203	-108.923901741295
1605000	3.143797719234824	3.5048710361503517	0.8956124710581769	0.6187703046828263	0.20355042164915604	0.7645809617327488	-82.87249107867027
1610000	3.0340006384844407	4.468773741293101	0.805182088243399	0.6232046968262723	0.2063145042897632	0.7132938811053963	-95.95685844208273
1615000	4.293848697757704	5.369674950799016	0.7366085275561237	0.538586465657686	0.22189434591801901	0.7332645404868053	-119.63202350968706
1620000	3.780346322515154	3.7963147285740524	0.7148843047326328	0.5968644404240753	0.22285177397692346	0.7110120414543819	-101.89396284898464
1625000	3.569670592307163	3.6166342908798814	0.7062385335589779	0.6506956795456504	0.21074375530329154	0.7332672463066816	-89.0604501192756
1630000	2.848884226488181	3.3552531246184722	0.8866114191917929	0.7211337881354617	0.20900967300059767	0.7142709526164217	-65.04858582876474
1635000	2.6843451648788705	5.528180268531648	0.8403858401291078	0.6098722137107219	0.2305705427177811	0.7802563388656201	-88.06016578546073
1640000	2.8710581557845205	3.437876940898923	0.850555603945518	0.6466543086523575	0.22089167254815895	0.7560474943255291	-82.82003092372594
1645000	3.214471140515173	3.3490735656206545	0.8093285657401845	0.6231276716669533	0.22770061460610466	0.7445159664694706	-83.33811704762957
1650000	3.0483858041315806	3.501053788486238	0.8667424966499322	0.6712468624147623	0.2473196503145913	0.8200896956719065	-64.01691809407714
1655000	2.9660374845149056	7.646797485013592	0.747196088566359	0.5280290802981723	0.25684007909611123	0.8271639635442506	-118.17887581150706
1660000	3.340534974723087	3.928118955665209	0.7204773413837965	0.4956607909173085	0.22862796121385195	0.7492088575671721	-119.44164607866838
1665000	3.0740226275869786	5.00662360262436	0.8772290279796906	0.4716437301694005	0.25673892949018773	0.7084987307836642	-99.31422041496327
1670000	2.712900183775041	2.8667231777690185	0.7586082003898694	0.5712925312889527	0.23387142707655256	0.8083122562573615	-87.58498362540098
1675000	2.7675782365799986	3.293711933451474	0.8732151612436483	0.5863406390143922	0.21840491206420318	0.7495864799402223	-72.8918643533255
1680000	3.3624099180884666	3.4459578962251527	0.7309814910171857	0.6315809000495564	0.2057171703502746	0.7151485787805446	-93.61763470852782
1685000	2.5613711824295327	2.762189092887205	0.8799766091896646	0.6492727756620944	0.2037169745217088	0.735107711543299	-64.35158131210684
1690000	3.2434839348590145	3.8831490714450188	0.8549686387334202	0.6231683237320135	0.20390720764901885	0.8247430140497307	-80.89802479031053
1695000	3.325607366733901	3.5542107716838314	0.7454595817721771	0.6782738934106153	0.21988163502713776	0.7618234070937555	-84.95833698076774
1700000	2.7828357881676995	2.784619806515759	0.7680948220824881	0.6624650794646723	0.21748844386632368	0.7145851820640426	-73.20340781722231
1705000	3.1084060339556205	3.957878437484254	0.7851168831408759	0.6382911415024667	0.20229245494049555	0.7752099770865207	-76.89328993330346
1710000	2.756341489496399	3.0287605290727164	0.826031083684844	0.7037656704893009	0.21814205382442112	0.7166253674010306	-54.373441161708435
1715000	2.974598339172625	4.014627150429697	0.8162975096022171	0.5762979005886457	0.21046857627577314	0.7391163365396125	-93.71838991311307
1720000	2.927908830323442	2.9388724748479067	0.8410945627208126	0.6004124012208734	0.2087043159617371	0.7405411581526165	-84.24706828443149
1725000	2.905674828018428	3.601388143194569	0.8829800896714819	0.7259047606970429	0.23071102961383325	0.8865665012986791	-48.97688762294649
1730000	2.772480189091629	5.58892134046386	0.8011421600058796	0.491402056842584	0.3870027928710187	0.8346888149470761	-83.84698807803477
1735000	3.4959070406065695	4.508624533595359	0.8046311678143862	0.6203658030451485	0.21563901818946116	0.8025240879944529	-78.78985957619207
1740000	3.773048941901912	3.968860988733297	0.833810466428616	0.4894646453517817	0.2299386896123326	0.7557802038231716	-107.66015454988599
1745000	3.8098583149975482	4.01081498404672	0.8429048758736666	0.4652505781873284	0.2685114721072997	0.7178954396338416	-100.37727708093624
1750000	4.423508803611235	5.1122331145134945	0.7880081624162135	0.5664405212053012	0.20950204606620135	0.7830709521184136	-97.81595346469874
1755000	3.6973355887319386	3.9658817197617107	0.8747363482308261	0.6333843850932473	0.2004570755497905	0.7757970080485165	-101.64932269270375
1760000	3.2338020845589037	3.598344056221819	0.8785226339495288	0.6452687752428624	0.20067641433216699	0.9839398537619811	-68.94156652827704
1765000	3.1872414857286686	3.7239527308065905	0.7374787004955949	0.661520339717589	0.20100102910093853	0.7278146268242648	-89.80641511752688
1770000	2.581705788040921	2.625827499676583	0.8996976354155821	0.500726623921234	0.23966785237717864	0.7785980253627688	-98.63836031701507
1775000	3.233787960670849	3.35366510364834	0.8140420654453133	0.5949637545070202	0.250149714288192	0.9256958933373943	-86.53018938319423
1780000	2.5822969323464555	2.783369986334698	0.8814334447675043	0.6457498569767003	0.24887866340310755	0.7497732893475684	-80.54690768842889
1785000	3.0655717802806284	3.5338028221808067	0.8884769572612388	0.5320447492026729	0.2255338055379761	0.8070220286203749	-100.97251572486388
1790000	3.6274984491704383	3.832021090185073	0.8692378940612692	0.4398158041513313	0.2423569708425731	0.7835156242865013	-105.75017418004091
1795000	3.4054179398845914	3.809418298463048	0.7326942145185631	0.4506808601494072	0.2774986846934161	0.7203085062814798	-111.50227403577404
1800000	3.5416129006900032	3.676873259526697	0.8774965837919375	0.43348800577659125	0.34345285613192916	0.7033976418798956	-105.7242458578016
1805000	3.873416386261799	4.080933670516449	0.7366198009195315	0.5740710227770922	0.21379203303775005	0.963666245539056	-115.18074728646428
1810000	3.4010582504876927	3.833273798094369	0.8623026453489103	0.5584439478386826	0.2128148696936278	0.7024046408771796	-95.79350222712509
1815000	3.5608220375649133	4.9097089978057395	0.8008263403589251	0.5705411819586108	0.2037176013898862	0.7962811763706379	-99.77445507816472
1820000	2.951757635584992	3.050650519545866	0.8536127305301772	0.560858554854802	0.23526960409295578	0.8242807061421645	-86.237039977329
1825000	2.986760387203807	3.8330178844238194	0.7486767039439782	0.6712136641923554	0.21091772885758675	0.9530143644902562	-70.63377835261537
1830000	2.933002663554151	3.5751049580874175	0.7885267642650351	0.5985157488234745	0.2129840886548809	0.7595773357556219	-92.03953311398766
1835000	2.8511781918662176	4.72401954723634	0.7830201149553476	0.6270769360225994	0.20296492220263457	0.8051300466100206	-81.0767691912487
1840000	2.9524978724467585	5.767995289050864	0.8399532194132712	0.6010529724467716	0.22413891774713907	0.8598812654128567	-84.85991731062524
1845000	3.1498414136242308	4.235108597391051	0.7769870697014749	0.6407013017692211	0.256837993252313	0.7998034368779774	-85.2875869857699
1850000	2.6314916915954947	3.223227273836866	0.8667371325487373	0.6414001692799474	0.20417918157059745	0.7835465547820949	-84.9053161087217
1855000	3.0696132342051174	3.74272989037479	0.7747950546843448	0.5923944535727691	0.2751072332660309	0.7573497482539455	-88.90629259929077
1860000	3.771671877522237	3.8207695702154223	0.7960421196937354	0.4434885383152777	0.23871595983103647	0.7030916458108426	-117.90990779816934
1865000	3.316900609723213	3.3499130282938068	0.814591079184067	0.6211135344916898	0.22960216386137014	0.8043645276077055	-113.72949092899046
1870000	3.7113127920638735	4.118129244932907	0.8504299453308715	0.5700290587491146	0.22801500287698961	0.7985742195469135	-111.19612807644401
1875000	3.879222183646494	5.513791806951728	0.8090229710970099	0.6215722016226773	0.212758374152579	0.8495390630319071	-100.0247530418161
1880000	3.5384055775995926	3.5986417608935755	0.8825607736352967	0.5708896208042075	0.20802850501552672	0.7508154894351629	-109.01196259804564
1885000	2.6755934289852887	3.0615611051082343	0.732955632272193	0.6781555804989317	0.21846046111618886	0.8668137410110843	-86.5127791132052
1890000	3.001461068417928	3.1955375460770057	0.7941885188224417	0.5052120026526948	0.2662778682647123	0.7942831841392146	-97.06453488752075
1895000	2.9542471009178057	3.476714547642331	0.8787063425675307	0.6225686519107274	0.21559535523070908	0.7210725695835597	-80.06559463266686
1900000	3.262673106112084	4.343888501795803	0.7112102266975431	0.692995948751085	0.241867438035103	0.7767355003047641	-94.72797652339219
1905000	4.024158352008385	4.357299322758706	0.7414462541128621	0.6024562151133128	0.21025533413926453	0.7989865248767011	-100.35818177284838
1910000	3.2912153334561194	3.962259972341201	0.8540927959920943	0.5034462134412256	0.22709096747643004	0.7619619504373994	-97.74158473415235
1915000	2.60600567213792	2.661041556071461	0.8968254364977233	0.7119122988660999	0.20119257100510757	0.8462161998740442	-59.7263445494619
1920000	3.1083188609781054	3.5704285432466274	0.7999053079954036	0.5971651888599562	0.2337968097222204	0.8173114564511569	-95.63237491572258
1925000	2.849989774356575	3.16082251191701	0.7070653688223438	0.5805023600195076	0.20260725595160167	0.7276901441771475	-103.27332935163759
1930000	4.694238747527027	5.214412106905148	0.7408612560977383	0.495521773200742	0.23047435278597092	0.7255036872444642	-123.59508751510396
1935000	2.7292691914388456	3.032125251753902	0.7056295426442983	0.5713650091391772	0.27551511819645774	0.7429950896844253	-106.86804178543179
1940000	3.2043257480661937	3.89018662103544	0.8006124667239496	0.6266697852678849	0.20404284436251344	0.721100021562133	-89.29453033262487
1945000	3.3056580071914956	4.0730004771170005	0.8022922720648217	0.6612893983120435	0.24460041044352887	0.8446096229745109	-85.41026249652245
1950000	2.990325463312145	6.224133089114255	0.7066442511367593	0.4995679730038268	0.20199080082226717	0.7948932080614589	-115.86723865815475
1955000	3.8696238229177364	4.025901082905703	0.7023276682799816	0.5800252579237619	0.22233477183892897	0.7589937189006961	-116.18990154506574
1960000	2.878482425322273	2.921793271967188	0.7911274050975697	0.514595810130894	0.3334740641956302	0.7425309016907349	-104.15530629528897
1965000	3.424949663134787	4.442374605650175	0.8082146506282113	0.6058756565496456	0.2152136862187892	0.7687944838209475	-87.03356638050164
1970000	2.6551724682641367	3.1982083087239337	0.8008719391350095	0.6953829608684778	0.2566402747050752	0.8958999066197431	-54.18858175347341
1975000	2.8383937311678795	3.062896119441528	0.809095472118018	0.7853213916218807	0.20752895202510732	0.9620971418255635	-40.42175931489138
1980000	3.9886033917875636	4.997401758552382	0.7062394245545429	0.5850688138826847	0.2139561112228072	0.776973169230468	-97.16494091055205
1985000	3.306704432943224	4.003100420464953	0.8141541720211279	0.7325889185524416	0.22174417120044962	0.735763896210037	-59.353527075938764
1990000	3.2312015971414683	3.9403177860079173	0.8930869266007277	0.5122111412243641	0.2667332650168277	0.8258997072998434	-96.86458377088098
1995000	3.6741738715261745	3.710854619618957	0.7985643142447018	0.5816366746138597	0.27052583870952074	0.7279728151751398	-96.37454657967658
2000000	3.5541380407005714	3.8795514540739884	0.8045121863343427	0.5123835649758802	0.2133170762688189	0.8166982034338275	-93.17957842117602
2005000	2.800933616923369	3.0228785779513205	0.8446021437120738	0.642399250512858	0.20255383546490893	0.8591618877678829	-72.66157138291149
2010000	3.0474605190479402	5.20104997485172	0.7153116820241582	0.49811616040136286	0.33378778620819266	0.7388108162053082	-117.95354590198778
2015000	3.088396469710369	3.355192084929462	0.8915034380102986	0.49882792645028257	0.20353371249572078	0.7314505919255587	-93.07809062747711
2020000	4.154534804217958	4.642180384324894	0.7983313062731782	0.5242375454712512	0.21061421076789455	0.7017892035919439	-107.75819664041364
2025000	3.919324264311192	4.106013749622304	0.7610682159838388	0.5879232298772262	0.2316919563291188	0.9873147128730696	-109.62515555991774
2030000	3.8314646244103288	5.932260066789379	0.8159426099333705	0.590965093553832	0.20468358155132646	0.88594457367495	-85.36259445843359
2035000	3.1936653787136446	3.310580107719574	0.8878913117684715	0.6688744665860935	0.21005616617690345	0.7704196138498832	-83.82890220788838
2040000	3.5233847708110324	3.5920676494473276	0.8848422055507992	0.5589595543337814	0.22285146534499248	0.7341583440296255	-94.64615652494885
2045000	3.246875836507075	3.404450026372349	0.8368514496988932	0.5527756025472967	0.22940379972320063	0.8159572269451264	-89.21305303980992
2050000	2.9372249855847543	4.136730529145125	0.8262831367440948	0.4605420682282916	0.24733594617782456	0.7267059615874089	-106.10327242927124
2055000	2.9148985362519353	3.334313667317635	0.7087215579195189	0.5811654629874329	0.24767219534579557	0.8549814743439436	-93.01135539692805
2060000	3.831719943648623	3.92465400184217	0.7339785941531146	0.5645343476647097	0.24138105494222903	0.7245478636692448	-99.7563205691589
2065000	3.925873139985438	4.019981442073256	0.7662079155006273	0.533688448751827	0.22035634757108222	0.7458864915597603	-107.58143679835115
2070000	3.3951310207915206	3.4762430489713796	0.8271051952335352	0.5588213455579647	0.24705700944565862	0.802093944045727	-95.209498768516
2075000	3.774522003212541	4.545541780835721	0.7986183932993842	0.4866600141445584	0.34431847410835403	0.7386180776887884	-104.19549634765684
2080000	2.7545831853766063	3.06279425110454	0.7409247347621047	0.5360833252589132	0.26479306761053945	0.7627091621305367	-97.97532531567128
2085000	3.9616333920122515	4.9665903542355965	0.8212505236137924	0.490215358671309	0.32052450702681434	0.8059912287717944	-113.3973665591586
2090000	3.687921204138029	4.106470054880065	0.8832899796296513	0.6449899605299375	0.20275929817138938	0.7944256340268444	-92.30180935142582
2095000	4.429812929439162	5.097684860315696	0.7384459707013358	0.5340743653740655	0.21011718038400817	0.7202934335027817	-114.0520842407461
2100000	2.7877114894432844	2.804673782098906	0.7853400157714407	0.694732785901317	0.22730130196508153	0.8096784088933323	-60.07359734019142
2105000	2.8121772516361583	3.0652675848034727	0.783173203871615	0.7033545827054289	0.20098844871664576	0.9427077955944435	-65.5302881534696
2110000	3.4605602796067343	5.123865103007455	0.7991895146302449	0.660486337927638	0.21385657157390203	0.7450889142623547	-74.6196385527054
2115000	2.697813548369753	3.1997474190908934	0.8839045858822899	0.7128933797163473	0.2149045954888941	0.711563517142556	-59.1037869881343
2120000	2.784374970497822	3.388041966105169	0.740402396480693	0.7397952755615543	0.21533518103355534	0.8085317049003891	-61.57764831577919
2125000	3.5048987887977963	4.883909190860581	0.8767054314223093	0.6283979675050797	0.2151242444224124	0.9830516692740658	-81.97861895928492
2130000	2.981842026868245	3.893126702759805	0.7212702015778295	0.6373477338567638	0.23471260013323886	0.8251745375668751	-89.60575553283712
2135000	3.334308773957728	6.553434318501061	0.7226364813667223	0.6647365042552711	0.22914642115764336	0.7341176272978815	-90.37253816089904
2140000	2.711558257290261	2.7849045464561843	0.773455962216249	0.6183065941745494	0.21110735799930544	0.7560353009208265	-92.96433493605758
2145000	3.264571672617702	3.344047547021585	0.7824267023857735	0.6602372384633546	0.21471493511465564	0.7624087577975893	-83.36045853373554
2150000	2.7361514172475694	2.8561076060102515	0.8193859444576136	0.7451096282098294	0.21167563272861512	0.9801320514755888	-45.61054360506576
2155000	2.564200417678543	4.908231789898531	0.8087438475190836	0.6758017190296577	0.20255747917095973	0.7390008928454926	-59.76175590728087
2160000	3.0941013912324933	3.284129200657972	0.7447096856625165	0.6421319547870803	0.2133098147474256	0.7878231785539072	-84.00603876473448
2165000	2.8256270761654285	3.259985106057986	0.7988029976739766	0.6578181315353342	0.243825744341235	0.8142025072164689	-71.90552444881482
2170000	3.092699363018795	3.657898584431402	0.7434619334502889	0.6666872505269656	0.22395098102011277	0.8131128179117464	-89.07799198003556
2175000	2.887073725939159	2.9440715397898995	0.7604660292575658	0.6317220380530069	0.2080981742602771	0.9024900452922769	-96.48382921283113
2180000	2.862863922894186	3.1600438664564	0.8318023534242748	0.6358575457132177	0.21925775923966503	0.8041526711787903	-66.30016778037174
2185000	3.6335747576783097	3.748754780219324	0.8276289899962785	0.6263914427335763	0.21713536175958706	0.7625687980731661	-77.44257143293672
2190000	3.1295144918471323	4.0816296747187595	0.7638263483261004	0.6472872003606149	0.20047033155217436	0.7700916828439603	-96.28022448385107
2195000	2.713800778106676	3.6733363561436465	0.8762098208230115	0.6669627522934778	0.24196241392358572	0.7178700401383035	-66.60672977159717
2200000	2.55796639702388	3.110644801035345	0.7044328183129339	0.7416925820041558	0.23684015497625405	0.7229863497119913	-77.43817271123385
2205000	2.987093529811657	3.8015277776851675	0.7675578748942335	0.7185300659726577	0.20346103892080517	0.9644281360190505	-60.275153746325834
2210000	2.9315651030808545	3.581961817298153	0.8501215733810036	0.6335132157218258	0.22817124109738351	0.8017431079996072	-76.83302329123319
2215000	2.837234527443246	3.080597872087999	0.7303033045530202	0.7412667395665868	0.22474734520458492	0.9794165430080054	-57.58045193929009
2220000	3.0495445953691345	3.074341870360779	0.868783829474541	0.5649711196946625	0.30415141836174214	0.8470003542609864	-82.76619329991766
2225000	3.5147347003468945	3.578998420529161	0.7177139153098543	0.6897870533208138	0.21368454760487463	0.7035246206093614	-81.26078303819696
2230000	3.2702810059724228	3.7743773032359047	0.7205051509965629	0.6649280829434843	0.20489822604434485	0.7115101520383935	-85.49933659787234
2235000	3.7433426605732985	5.390350895395664	0.8348808634472655	0.45774503684613427	0.2383001064176452	0.743754132786236	-124.8415285874475
2240000	4.07625689138176	4.211168742810564	0.7637763698348364	0.45591012185900387	0.26680549716849	0.7234400469351315	-110.65876666246936
2245000	3.327528932440054	3.9992714327927628	0.8942855432812576	0.5506062376713946	0.2126014037644216	0.7020494298415378	-99.26004900284286
2250000	4.765427175113908	5.246270376630302	0.8043188850899485	0.5111820008506666	0.20636067482378215	0.741909071384003	-120.71093996523092
2255000	3.094272282813453	3.1762830483216233	0.7073274613465476	0.525901180132574	0.22733967295854163	0.700515866350868	-107.48954038555249
2260000	3.0049139717163165	3.259718744313153	0.8755862474096465	0.5748358287464415	0.25132296421346556	0.7174770251664846	-84.44188403702273
2265000	3.5874391489900987	4.403079945634073	0.7876201101227583	0.576659484200113	0.2457879291489324	0.7340821423222731	-96.61566554068338
2270000	3.285028089761482	3.355428360242883	0.8527006368994953	0.5101024482663032	0.23974551410994782	0.7722140891575505	-100.36005122027561
2275000	2.730254120330743	3.2919380727033527	0.7756813303369542	0.6806366307551306	0.20063530190274398	0.9063578179417686	-64.1771494061451
2280000	2.9016413806528223	3.042059406813749	0.7223879268461549	0.6069787111043913	0.23471809734098145	0.8842352864050547	-98.89859508547292
2285000	2.889985286291174	3.552582861942974	0.7947480310959552	0.7285520770199634	0.20538200554523747	0.7910138662565658	-70.12162885433594
2290000	2.8757503717665913	3.0669559360529037	0.8068898180062903	0.5473369001739582	0.21427978238610196	0.8157298804719514	-85.54523692717805
2295000	2.873327715670823	3.5470627123740393	0.8605779675296772	0.53217739679601	0.20034765117552386	0.7256127018387986	-96.23527663686124
2300000	2.568407840455621	3.4548440879155717	0.8760838988976826	0.6477064535215288	0.20129501692903673	0.7010368830925738	-74.53055166203245
2305000	2.946843605993058	2.9726920613831407	0.7614502863360865	0.6982154825732642	0.20733322619857134	0.8271046267054007	-62.89965749698457
2310000	4.151029126794071	5.140477649015981	0.7037275253356223	0.6281436445611865	0.20741348591902423	0.7381468981324224	-101.61987623570968
2315000	3.504113231490611	3.904281306053837	0.7838825684001093	0.5635730871053123	0.22895716028611493	0.7538230775433823	-106.03353229838208
2320000	3.33654538627072	4.010901388558436	0.8355059096604676	0.5932984803371315	0.20074844006934348	0.8376680730397598	-100.2531996964185
2325000	3.46706851045456	3.6486781535943082	0.8182986931409918	0.5695377481617419	0.2216013836434527	0.7441428542899227	-90.58988168803424
2330000	4.035403878545351	4.3045245130001675	0.7453043490117885	0.5946105963308035	0.23921606127570236	0.7330586355438817	-89.7625881673647
2335000	2.9829310078713998	4.119323025469617	0.857859438169921	0.5185664538589975	0.20129078178471543	0.7764127975336732	-107.25629917203727
2340000	2.8334538932171442	2.87773559847046	0.8177042773359482	0.773118412325803	0.2026308435570149	0.9425396266795627	-76.66134338132022
2345000	3.3274188425577846	3.5207704009562306	0.7016695988798188	0.7419807963331407	0.20634864000270373	0.8252001206870735	-78.4819663892304
2350000	2.752975677466058	2.9818533032041024	0.7820961046901991	0.5929429934012411	0.21447570367721033	0.7298384432613068	-81.7388396338907
2355000	2.9252718215202003	3.2123067017405806	0.7844231291408583	0.7094224369559734	0.2069207961120213	0.9716616951248723	-84.4675666453382
2360000	2.7639601226436175	2.930024416829913	0.8565390401331292	0.612081884813295	0.22542024341738137	0.8189383495571145	-77.86461665014733
2365000	2.768491727799709	3.048938058556467	0.8252880054653008	0.5772454588185488	0.2512249009540661	0.7054476425144659	-96.26774579168415
2370000	3.0698509975095463	3.5027525306501004	0.8217923044385896	0.6807660794147951	0.20721720520298714	0.7542658842390565	-66.68624599976971
2375000	3.1768127303841016	3.916307109344181	0.8178738479422367	0.6242371731963683	0.2189560070197647	0.7662489052528095	-88.27557212446732
2380000	2.594340165006003	2.6076757617859974	0.8532415284618111	0.5835121373214438	0.23150294021306927	0.7815071776859532	-75.23775143533376
2385000	2.8265628815786874	2.8784347490338056	0.8908441253490417	0.6698642191448176	0.21589921266935821	0.711637633036366	-66.37533729195115
2390000	2.6106677726021115	2.9704711656702365	0.7000079299158893	0.7391677439091155	0.20478959559425747	0.7421027575643361	-66.90393838359844
2395000	3.3985391675929564	3.939087801057626	0.7514113338331977	0.5755987649323726	0.24341812997784823	0.9127982785758033	-97.05043972692084
2400000	3.1752930604316663	3.3299410048852276	0.7803198108523494	0.5862764382391712	0.2206249611282554	0.9720347542882679	-96.69755185856997
2405000	2.7552739355727724	3.8027756113215223	0.8142847652952685	0.7275602539562456	0.22029311997760218	0.7929989580523135	-56.99300040668281
2410000	3.012487327304275	3.1803184410260306	0.8796207728902428	0.6280362561181967	0.20078810745632897	0.8025825513983075	-77.92490527832854
2415000	3.86925082410392	4.000732599249461	0.880539611756728	0.6202402257912405	0.2044659645695578	0.8146170962374966	-82.31695522646328
2420000	3.2157042001488616	4.210668907634984	0.7863008033233886	0.615748537975047	0.22044614692231604	0.8275347463786363	-95.46326121950554
2425000	3.12004604863316	3.1653812918563307	0.7891407437073925	0.6454660773212032	0.2014558665845731	0.9268525556464142	-99.56718822508341
2430000	2.9243202079596458	3.0646816255143268	0.7958660662893414	0.5886635001884586	0.21064851016251762	0.7330829135816195	-86.42442826905616
2435000	3.4480893621100703	3.6108832868968963	0.8191020397059599	0.614922403571314	0.2009904542085148	0.8934611461217451	-83.12525252122941
2440000	3.3850854398210473	3.6921442001745453	0.7949955611396065	0.6670642645615725	0.20898864924068572	0.7631784425697843	-82.0646897081499
2445000	2.8436821820964773	3.1767730003788066	0.7333445269771421	0.6287101728883759	0.20417717204593616	0.7689380471075009	-76.93515365799479
2450000	3.3711135883171646	4.431895820176788	0.7083435796165808	0.6031920144212938	0.22123280099963974	0.7117566854209357	-110.12005552670942
2455000	2.910765322411253	3.1229852593946856	0.8703552124687646	0.5437635760140814	0.2871877743320036	0.7741568782597837	-89.69763772978018
2460000	2.98991260848924	3.4245567125216407	0.8576846157204775	0.6371152788238786	0.20871304632835116	0.7815115440451953	-81.64743038382949
2465000	2.7222217393284085	2.973391590297935	0.8717163274561657	0.6323770661018124	0.21837946801292685	0.8535137153111361	-73.60195052749475
2470000	4.496686418324928	4.756931580323462	0.7449346486630016	0.5559967766159771	0.2697815265565172	0.762235767809495	-103.63138846153797
2475000	2.9969673842072613	3.157445127176117	0.7891298126628297	0.5446243757524151	0.26624096703795297	0.7399279665497497	-82.74050499476272
2480000	2.9896215577084835	3.7154673418178055	0.7398558214987428	0.7477804039262739	0.20052789197683826	0.9210995296388884	-61.1848602545413
2485000	2.820092011494371	2.9777893236083934	0.7163175164534578	0.7447624423757827	0.20587371318489364	0.7754077554355818	-69.8214423509485
2490000	3.4805524460789363	3.819705173954206	0.7075971682521024	0.6068435045422894	0.2093024835192019	0.7317843802071708	-86.5672231379854
2495000	3.72769941373325	4.38540080293448	0.794022608529303	0.532728685047058	0.21579559171191928	0.7895339886412277	-99.33036083473598
2500000	3.4095298568489154	3.7076959356466803	0.8252064060904319	0.5020693918191602	0.20566938160778753	0.7434577464299739	-121.15556117997929
2505000	3.5440851253345937	3.751968842594304	0.881068294436833	0.6563825492805127	0.2072996908188087	0.7783140871088595	-77.50718472713189
2510000	2.8927088330157433	3.1932123175806084	0.7099477884225397	0.6415797154419114	0.20759377621277242	0.7946647373719888	-80.96061252048816
2515000	3.1035895070882757	4.269485550387292	0.8578204813482806	0.6386934929585409	0.2109172934512643	0.7546613975426921	-83.31792266918416
2520000	3.83583827630566	4.044917602409894	0.8975827613386366	0.5048250249313215	0.2965193151055265	0.7610049343524704	-93.02241925981971
2525000	3.7873735438024756	5.2673884272885125	0.7222052278554209	0.46716047305701724	0.242386496478823	0.7138618623996776	-112.56810562861932
2530000	2.7500751766117504	3.326303918082657	0.8522305512903664	0.5131248082127968	0.20670049636132418	0.7017201596383803	-97.82074599662212
2535000	3.0404548474632027	4.053265470168975	0.737437895988864	0.6633616866193697	0.20315854813670525	0.7138426458246598	-87.21543015196156
2540000	3.2971938162651697	4.451556767066977	0.7613612482948366	0.5092749224869041	0.26193264639781433	0.74227757395161	-112.58333747154319
2545000	3.0180760606798187	4.272919116883402	0.7577476240945218	0.4961828993507277	0.2887402182621412	0.728093744957128	-102.7250069908327
2550000	4.0102276862983	4.829614820365697	0.7689339614124971	0.5509457179513743	0.2254535967121743	0.7622773029880296	-115.30394642470375
2555000	2.834932269134919	2.973091420375481	0.8318637814882616	0.5861762924962796	0.2618622821277933	0.7208588805636099	-94.62954953229948
2560000	3.4202976297360848	3.4369018166222363	0.7027970118970985	0.542911828618965	0.25500294570502574	0.7655970874686475	-107.39477494702226
2565000	4.046954049472006	4.484383844637091	0.8103037318901432	0.5416373426446845	0.24181520957431446	0.7206441188679633	-114.31970066212617
2570000	2.9239956300811705	4.22175568620731	0.8719852361296273	0.6699212950541878	0.2261593463308935	0.8230540753243436	-81.88845989062114
2575000	2.5633341367667666	2.592593176543085	0.8214761247265803	0.5655573140781106	0.2316800617007388	0.8320184343110125	-75.37473304831076
2580000	3.419264112715671	3.6731952782912196	0.7915758571998673	0.6688831152468904	0.2294361248096636	0.7424323206707821	-84.86198334971743
2585000	2.8978152392970786	2.926275828902038	0.8947970112999045	0.7267659325503093	0.22396076951057248	0.99185019472524	-42.011319678736875
2590000	2.9565726057956008	3.1284029419525754	0.8482485917847381	0.718981922064531	0.20434346689492072	0.9271173019890862	-68.50880138609006
2595000	2.5924622986390333	2.6020880374835356	0.8870456080838179	0.6288785082315054	0.2365471145102089	0.8329302793914736	-62.141401708138
2600000	2.9924271065346515	3.171070995587779	0.8972366208229153	0.6650042684163359	0.23954324460290632	0.9327153695070318	-72.80427386079606
2605000	3.247701772313254	3.5248411158008675	0.8188187890174267	0.6117985939743761	0.21285447253703854	0.7115295203619028	-75.55774714814623
2610000	2.5582145908289564	2.5622373453157206	0.8154630955531228	0.6844425580300862	0.21605248773212252	0.7280597742973384	-54.95827334263099
2615000	3.5461248079308363	4.2656809710990355	0.7484575972005367	0.6302077910663096	0.2181584657236118	0.7014209364812175	-97.79692777627915
2620000	3.41792539288605	5.394076051571036	0.8546707550073724	0.4957290903539134	0.2392195423672877	0.7169389049345107	-111.59205738166472
2625000	3.6091729742645198	4.837325251527293	0.8152864629501243	0.5297568945799814	0.24317983694557113	0.7723716065874419	-113.50471442068434
2630000	3.927002513912313	4.04153280693501	0.7280787971140619	0.5268158939410114	0.2404479371031905	0.7516269576137179	-121.02509912150322
2635000	2.9813238459803157	5.01017301260066	0.8006738392622498	0.5582706739943581	0.20997664758611514	0.7209569106427096	-112.2057239383191
2640000	3.8289370412687957	3.9198124971695725	0.8498185141645753	0.4949655149284686	0.21842416837059642	0.7579959862146846	-102.6914788751433
2645000	3.914336213788672	4.4143721714297515	0.8414710474710014	0.6371288022337968	0.20562415626101502	0.7583809510444725	-99.03056870762211
2650000	2.732214903959071	3.5283949164209836	0.7214675543050905	0.5391934406048381	0.3076816195899104	0.7314130517354449	-92.5578198084294
2655000	2.559329011599592	3.7998866116507988	0.8585965701284934	0.6711688902625582	0.200018353326948	0.8543494485007052	-83.87282051327176
2660000	3.442877792757185	3.466992508431707	0.7436988460560578	0.6245347173414537	0.2050077122089064	0.7379614131743183	-83.53589499891453
2665000	3.4172318303590776	3.4182565202448765	0.791323405964892	0.6637915142757175	0.20257155666508303	0.8003286737142347	-99.75628953393326
2670000	3.491577041283561	3.638205226760815	0.8560165626827414	0.5936775321386419	0.23274073949100557	0.7527276579851241	-98.24848648570426
2675000	4.367214821805184	5.411161544187542	0.8964928622182861	0.5158169284435687	0.21354457765603882	0.712148382345152	-106.85931789104268
2680000	3.1937026213214215	3.7263252611620237	0.8181919565409572	0.6374107868496988	0.22021501347211467	0.8909475277528878	-75.5195146405672
2685000	3.0536777982862127	3.291623861216509	0.8195851717562884	0.6509938582037075	0.21478055473066418	0.7427242658345136	-71.44184138796626
2690000	2.779639474774811	3.009546001553859	0.8918856714803413	0.6439839137513267	0.21600757771448237	0.8058414198779146	-74.79200780887538
2695000	2.8049198077608453	3.215629729165873	0.8151840017280788	0.6810028394931332	0.24689805570291232	0.7041034873782457	-78.07062522310329
2700000	2.939720489131324	2.9535125308486827	0.8526270473619786	0.6647863185546549	0.21258512436990368	0.8006330833864007	-76.9198918541712
2705000	2.9149208918228604	2.9551365684149022	0.8840176615953362	0.6532418236015094	0.22280744985103995	0.7857693988068983	-75.15713443611693
2710000	3.218388217100701	3.2931416641116	0.8489573196555384	0.5951913964080221	0.22751982829529016	0.7274535410478645	-75.26509458017674
2715000	3.2467283053451577	3.266169322336882	0.8713281045434919	0.44197257284292935	0.2339402539502489	0.7238411313511716	-117.32954096994393
2720000	3.712415516696179	5.026906186983138	0.8951687648856456	0.541170346519051	0.2273159718887706	0.722823401109385	-113.04108626365198
2725000	3.1961965936433128	3.2168440873829796	0.8876614770457881	0.4796220006442015	0.20588920848730874	0.794809276200556	-118.2200833811554
2730000	3.071699661923521	3.0887351346864724	0.7132665249994391	0.6524722488665163	0.23229392671497742	0.7267797402829796	-101.4440487423125
2735000	2.9612933459583317	4.781897076055411	0.8627248559199832	0.6407607285313388	0.2460257557463157	0.920364283933951	-86.43852339107721
2740000	3.0615226880818502	3.334127125524955	0.8654021326443345	0.6573712512853086	0.2319018259416249	0.7121530597049661	-75.62340961135592
2745000	3.2952151108468293	3.8192879839293985	0.7962375730270669	0.6247897653621285	0.21119448724633294	0.7070208262499699	-87.01154089052235
2750000	3.0029822687604644	3.4571840569672427	0.8212507033533201	0.6383783929364042	0.22906376768904246	0.7022417842332951	-71.11789354122433
2755000	2.8428377581899045	3.6188229472728155	0.7872538865197966	0.661885446241139	0.21802228258481596	0.9068044859587904	-89.53769308247678
2760000	2.710133322127431	2.871915464016613	0.8546644997863045	0.6181276268923958	0.2036448128119297	0.7029962802541265	-80.09104070919682
2765000	3.66480552116317	4.518694182061617	0.8620299016730695	0.5571572026454007	0.239790874639853	0.7739773720114095	-97.85996003083244
2770000	3.391624777361839	3.9257983535568215	0.7474917850988148	0.47264190643114007	0.26785314683148204	0.7191030408405135	-115.5500755894862
2775000	2.782065346698345	3.0471994982336	0.7290014243123625	0.6047723077387013	0.22647600702395965	0.917841192157707	-102.24724163786357
2780000	3.0649135530546245	3.7407932797092083	0.8956132462128805	0.5957948455763719	0.25969410543423604	0.7278394550464287	-74.0937451212204
2785000	3.06868269620287	3.231740586686442	0.8207037776481546	0.7881757875956413	0.2005149942921471	0.9333733988432277	-39.77842291521878
2790000	2.991674921251403	3.9565685561346275	0.8806600544614334	0.7328379544359488	0.20273069621617792	0.8343887250707024	-54.12512397252489
2795000	2.914021606053067	3.2620745661178203	0.7985092987439468	0.7138167708083458	0.20768797865899769	0.8243191526683438	-70.90708103932448
2800000	2.767762738363701	3.204757086118165	0.8911889836717	0.592175340845216	0.28484388271003336	0.8394026236230684	-76.2237693925396
2805000	3.262629398821565	3.645003207075811	0.8659764742815014	0.6192595642559515	0.21502682381436286	0.806788411336613	-106.81238236402183
2810000	4.55906534923615	5.243379064495792	0.8600239899949776	0.527568528178002	0.2560902543921198	0.7430965407060302	-113.60431536878491
2815000	4.085551407530949	4.445291778489115	0.7975657595073572	0.6382739670311017	0.2175594359078503	0.7683211009697967	-96.82844841325277
2820000	3.401569138954152	4.0625702095944085	0.7522017836751723	0.5652452954202353	0.2760342438128782	0.8273852345635635	-98.85801858613439
2825000	3.31170445840811	3.3938247907521233	0.7890810243718981	0.6534838681038403	0.22590804991939073	0.7401420830030576	-83.17737592294318
2830000	2.782867881352832	2.8482479184863982	0.8890813508293547	0.6988005841421453	0.27627335650972756	0.9146128773918865	-61.71641886159822
2835000	3.1495424217777246	3.4654772474972546	0.7965380842518202	0.6135602883473451	0.22295385284049135	0.7398139694113407	-81.8549317161872
2840000	3.607105790237409	5.763233482367027	0.7775605380685289	0.5906375141185407	0.21365846137079836	0.7128664827192537	-98.65445499173856
2845000	3.4585432126466698	3.59047730319481	0.7479106744516432	0.6561559218500962	0.23322215988797157	0.724156256874214	-96.5076040990811
2850000	3.1583127005815497	3.7353763650006875	0.8845065696058546	0.5780817924903335	0.2330375919661066	0.7171325570777544	-77.17233184361766
2855000	2.648132954280123	2.669678176350991	0.8199550598849823	0.6899192331022651	0.217034886184855	0.8721765076263638	-67.60632331963419
2860000	3.369070244301308	3.425614564135005	0.8333361386439718	0.6455881718456378	0.2054758632434456	0.8747737073201102	-90.3980447201613
2865000	3.397967952353574	4.690592386990266	0.8930976733650705	0.5282256232294046	0.2514944940609277	0.849680451187083	-93.68845384100544
2870000	3.236591141875468	3.432380264045597	0.8436400118595971	0.5668655592902568	0.23791992996455374	0.8828338063880581	-81.83976857451148
2875000	2.9861885862733155	3.4371041956315502	0.8879736193070362	0.5982623494116919	0.21173619182960984	0.7399131135890747	-88.52934287495509
2880000	2.861282771522269	3.7321540766049326	0.843178076842037	0.5633324257384703	0.20657096617026235	0.7615279504594027	-90.88468914142382
2885000	3.053433512937143	3.303284111194247	0.732041070871701	0.7122704378395297	0.2424260534584639	0.8498228807227305	-58.811341163959135
2890000	2.981716618222156	3.4347954792661333	0.8306853696968579	0.7190093556478455	0.27922713915748965	0.7733964712309936	-54.26099505105124
2895000	3.558782662177798	5.154043336795983	0.8939684085245545	0.6247692539454881	0.21001347916738972	0.7799512801377272	-87.75217360835967
2900000	3.6146248969584347	3.9055388968815024	0.8280185570757962	0.6146306041202878	0.2091375562846547	0.9468995276492643	-91.25702561942188
2905000	2.9436581652186944	3.229681264074375	0.7991526910833597	0.6850483795036256	0.2042116919779045	0.7587809515533903	-78.57807323158914
2910000	3.069966965929216	3.5133204827885502	0.842322425899448	0.5409724519435434	0.20433133302215875	0.8939238772733187	-95.997913828887
2915000	3.1149686283998643	3.5945587662264304	0.7809212261950051	0.6791151348848755	0.22312477423816873	0.7236532471669107	-92.39690942014482
2920000	2.97668603590867	3.390208374327575	0.7883524539986699	0.6647084607451779	0.2098504680627014	0.8455790218585638	-87.94960772702089
2925000	3.762438729484939	4.632545090429662	0.7361912459728046	0.5922955336689608	0.241931752206634	0.7067184947032937	-99.46125448468658
2930000	3.284078200523051	3.7856860408145026	0.8093524259970711	0.5963239258383468	0.21051448395154565	0.7759733478916265	-91.68896438207082
2935000	3.0778784483854467	3.137423493280512	0.7353613897122598	0.6748671961904233	0.20669171860789393	0.7838207324831504	-84.86167795570987
2940000	3.0843858358744027	3.142213605030114	0.8629858296911893	0.6884500705357347	0.26912842166896295	0.8689319298142603	-69.13857630461237
2945000	3.926543829372541	4.172623900191737	0.7771198816010898	0.5665820417719066	0.2400596240816999	0.7009519070592675	-111.82553040366614
2950000	3.1126303013743852	4.669318919410166	0.7033684585057846	0.5892265123323905	0.256353180173848	0.8214425351036599	-100.12900927375105
2955000	3.756080001294009	3.9486148788721	0.8410628422833294	0.3165368750541905	0.35062560729692405	0.708862227893004	-122.93806536761596
2960000	2.836133487288723	3.6281636360468887	0.8336468078001794	0.6673765834457086	0.21205433620696715	0.824223626946734	-87.59234702915666
2965000	2.955578293979264	3.7313667567025397	0.7173148827084268	0.6478305235472016	0.2176458758003688	0.7507224134133453	-94.79925198654252
2970000	3.0920327784191852	4.363062578469129	0.7648176679479483	0.6667483242497648	0.2010474516432272	0.9443775944692245	-87.56333703081205
2975000	2.749961997568015	2.779390146128832	0.8239631723950191	0.7019287127446164	0.20935464322146738	0.8553538318458451	-80.93664680078075
2980000	3.2844149235812927	4.204986080992275	0.8623911030739513	0.6482787609461976	0.20052413166799185	0.8235113445345461	-101.00349955014224
2985000	3.096146252770187	3.177844862002738	0.7180503663364836	0.4888781412932421	0.21368377351646872	0.7196882130742579	-108.35171880888035
2990000	2.849266812268182	2.9361431055856917	0.8248604571552778	0.647952944767928	0.20824189682055638	0.7283797976408867	-83.64473925546892
2995000	2.6732929674482797	3.239685281001093	0.7485499121449727	0.7040661539474208	0.23196056716380362	0.9142694351582366	-86.31113687400517
3000000	3.323579527441481	3.752041639473524	0.8117316119344841	0.6481229596986182	0.20195821840393213	0.9102082010927898	-78.27395183759498
3005000	2.919857276163854	3.894666182246413	0.714840646972782	0.6453254930107131	0.2125959380659656	0.7249046183194096	-96.32313404084604
3010000	3.278097513923762	5.120349418867945	0.7212693217301009	0.6585615687834601	0.21325989190985134	0.7437420128034579	-86.46492703298631
3015000	3.49645090584893	3.736030003239799	0.889071346296259	0.45515389744616475	0.24116573248844853	0.7318109786702026	-104.83534759530406
3020000	2.673403851175257	2.953746108407093	0.713258226037994	0.7379673182149279	0.20239395267354304	0.838175354589614	-72.31918354866164
3025000	3.290613068132233	3.8967442219269386	0.8158782372150979	0.5969948734737399	0.21364079513359868	0.8733083688493266	-95.76440314427069
3030000	2.9181810889819206	3.9784717051194067	0.7759411026593791	0.6488223132987296	0.22275833696738476	0.7016343306319107	-86.04097165403809
3035000	3.2775456435855688	3.8172357972987534	0.8119468623832691	0.5965661701282351	0.23250956110988752	0.7332815766086835	-97.90002548759855
3040000	3.6707657852901425	3.9700480518271166	0.8485046428945641	0.4670020614242418	0.21113942960855395	0.7660074211346466	-115.82064603241969
3045000	3.6147912449596875	4.745070359044946	0.7503905086373769	0.4673244285112291	0.2947243851394207	0.7707628172037474	-118.59023199169121
3050000	3.399328190507275	3.9794420199311236	0.8360987418893739	0.5718651249737936	0.2089660591694782	0.8151684279962608	-96.84702199702451
3055000	3.230300228790383	3.9167759577427583	0.7846917324868151	0.6008912492045498	0.23582944183615373	0.742067012064313	-86.0129954650663
3060000	3.9964183351649862	5.0516196576570565	0.8440989204844929	0.514698141131563	0.20213906439461804	0.7412307939919114	-106.97553755567253
3065000	3.0083961928932306	3.170919298137421	0.7332053196420188	0.7768481181753063	0.20080935588460516	0.8236503867628495	-48.16593779228706
3070000	4.5274570222971	4.987787891919307	0.7368545800368994	0.6050549212337978	0.22289621072021165	0.7779261546931385	-113.22655894406839
3075000	2.7969471491758124	4.023320568225246	0.8221599325462977	0.7242292827411464	0.20692835638445492	0.8692724683966275	-88.16691689127083
3080000	3.3597786662409064	3.894392716616675	0.8507534783278273	0.53437219770694	0.22539860351154636	0.7057354164618721	-107.05200707766247
3085000	3.2513825835996757	3.3289278342693223	0.8753323191454492	0.5578548958012121	0.2489563267658192	0.7120798396275684	-90.64315299156763
3090000	2.7756571517658872	3.2489649412817427	0.7808394360206987	0.6686844382120821	0.23338798584077683	0.8068447997852056	-77.16346183330464
3095000	4.1733702363638185	4.532293941178967	0.8109331925554528	0.5429020993380247	0.20954267719232983	0.7299144793946083	-100.53097620923688
3100000	3.6758261088647695	3.7049624589286005	0.8389718644138446	0.5933465048969786	0.21381236195567555	0.7590802460797557	-100.93200993658917
3105000	4.5038164337917035	7.485232993193258	0.8216275385612919	0.5750693763773765	0.21218465547760917	0.7400665508382717	-102.4729209314603
3110000	2.8174783172046496	3.2458153403768506	0.8518440176700556	0.6797832081410258	0.2118310120554266	0.752086183817721	-74.87001996314615
3115000	2.982352507826853	3.192625054463808	0.8292694813771784	0.593739332191749	0.22069209346173396	0.8134573158983875	-96.15356193899538
3120000	2.810202417061596	3.228080437968166	0.8677085475627351	0.7224839166275072	0.20837607834419203	0.7773360016337783	-71.41675917308214
3125000	3.0422228780021836	5.043295685245526	0.7360777763138451	0.631211044169922	0.22657548206460146	0.8745074464900484	-87.47525293325504
3130000	3.6502986471026007	4.071463785744859	0.8758256750333568	0.5456358803812931	0.21724561935558845	0.8018904540154029	-90.75135508027009
3135000	3.2559655370967238	3.314885560150995	0.8625358074051738	0.5327548895747274	0.24335395884098632	0.7013529576503443	-95.91767587873107
3140000	3.5655774841548555	3.5998455152431523	0.7474034291277369	0.6060354897082794	0.20375912969684062	0.8694020114699822	-94.19181938759351
3145000	2.979880132498733	3.703890465632301	0.8607889676661923	0.6715427050587428	0.2206778895344866	0.8395423567963661	-71.52443878404213
3150000	3.2402162082673347	4.301287983521084	0.7095828530247327	0.7034962139128599	0.20232083321790703	0.7219377067114214	-80.26775444862471
3155000	3.423595816437648	3.4371421451213227	0.8236926581890651	0.622286644236079	0.23612904508327648	0.721073807440276	-85.9705321234045
3160000	3.0221912427143036	3.4528917927169367	0.8140034240650167	0.6166636322831793	0.2073683261112919	0.7713104842185845	-79.50322448581863
3165000	2.7266238664536435	2.781179685229212	0.8265270972050461	0.7101531481592118	0.20713675197628548	0.7057164296277748	-77.1706774133564
3170000	3.2469414465780275	3.391323279754965	0.7928614291998368	0.630096901881042	0.21252109896855217	0.7620611439256769	-76.08326327229636
3175000	3.1292190362181667	3.239844371487496	0.899523532531166	0.6617191004757698	0.2110349854995587	0.7912862296149356	-68.13983173095332
3180000	2.993021327007017	3.0069917028547826	0.700449839064346	0.7767144055833071	0.20788798412394843	0.8251329637582234	-62.339169698682724
3185000	2.9232302244173685	3.016157176123896	0.8094484924265783	0.6506764969968682	0.21036459016409778	0.7583052910009843	-90.10826339892145
3190000	3.36477844819944	3.9923171420621837	0.8624841632831631	0.5370333036604579	0.23364975755481315	0.7089488375613363	-102.13128851885651
3195000	4.273449704787931	4.7315883327895785	0.7552678779810249	0.5453602462168421	0.22603214138458652	0.7177493278073057	-114.57974738184393
3200000	3.2978119519878333	4.92872436651226	0.8449320676630945	0.6222492069042512	0.20819516476581365	0.8286017610523622	-90.59240831873794
3205000	2.8211637074239335	3.899054511834783	0.8647853983482884	0.5860407660983501	0.23483515555378662	0.8675813884947512	-78.94370251062983
3210000	2.7424205982863454	2.8177278917738056	0.8767949971975804	0.7371878568641396	0.20697087476674705	0.7750939032491578	-63.80743701938322
3215000	3.9187738940966743	4.557618282538144	0.8815240923185671	0.5602765912627652	0.252098045752751	0.7551087132193359	-93.66782127399375
3220000	2.8551425750842263	3.745281168458478	0.8074732830733878	0.5834554403122725	0.2548924874839279	0.7307497078990496	-75.08925902193164
3225000	3.346969198692568	4.364405274294699	0.7950096095072121	0.6286661065183203	0.20627799155196697	0.7729034989109386	-93.24613243072884
3230000	3.0814700798207437	3.8121503454721974	0.8106087076728132	0.666973888700281	0.20068512131759753	0.8485598715857313	-71.49290365308784
3235000	3.4556257411151945	3.4926080683223164	0.8409164426541089	0.6508013924631612	0.21387248308928747	0.7387480998794618	-68.8127651692912
3240000	3.36130957801257	4.205424764463206	0.8963025941506021	0.6589282389185543	0.20149563356948264	0.7640149675919308	-74.50533475939073
3245000	3.536236933699208	3.7019113176258087	0.7108813694871435	0.6254844329384253	0.23509139547052793	0.9976120574206151	-97.73055524339844
3250000	4.572715646250623	5.036142930314401	0.8123634325592596	0.5955190563397125	0.21783458767348265	0.8070989344944164	-111.7605920487259
3255000	2.890728383592886	3.4115091443800813	0.8880553561086579	0.645846531866017	0.2195365221151015	0.8346264623565625	-63.9479752740368
3260000	3.061558877593188	3.7959851827796562	0.8923365474677584	0.4994045557348692	0.23512893434063353	0.8016193720376773	-97.40047725946698
3265000	3.336715213702958	5.527142110566429	0.8424724757798598	0.36893043537760045	0.3783993813766853	0.7284636090958276	-118.04004094095134
3270000	2.919042401900787	3.217692557557864	0.8569830562242553	0.6868051304634338	0.2078941162023423	0.7689456343166193	-75.11500705658028
3275000	2.7410544568391506	2.930817949396425	0.7791593855231793	0.7590048215466813	0.20769461989063373	0.7275978115189516	-66.6083660020553
3280000	3.7094716412200723	4.224510792579225	0.7480437180793631	0.5356634428832101	0.25879463234667466	0.7888806955938761	-94.36043114803385
3285000	3.554763876155229	5.011409900238762	0.732208367246211	0.6699628212347393	0.2073846048516262	0.8881871356378065	-83.27297747999734
3290000	2.7064166707406687	5.802244512635164	0.8200024721178388	0.5885647281232543	0.2066094671647133	0.8463346759967921	-89.38358295699703
3295000	2.781175727206018	3.476047356158028	0.8225364454577556	0.6795534119019762	0.20088328292710889	0.7990565836987107	-77.45380436614053
3300000	2.833610687853215	4.268283573063715	0.7744835393648226	0.6112506020121379	0.20710817344092894	0.7090825945580358	-73.93255234934239
3305000	2.7339364561693227	2.904096914251618	0.7666151465261736	0.6498732410628728	0.21180471526938158	0.7552759497500721	-76.47062318418645
3310000	2.684852710304083	2.7773128861111847	0.8299464265938742	0.48143034695831205	0.23472051453019796	0.7094931583327448	-101.99732907779378
3315000	3.6238942615199297	3.6259688410885476	0.8662369280057586	0.4688407953878678	0.2579086280371762	0.7009647261491845	-109.12262571703656
3320000	3.049536627649651	3.3088970994467366	0.7356498335006194	0.572576413486923	0.24309977679757644	0.7223537109663869	-94.97922446343748
3325000	3.258921704156566	3.6418736909452196	0.7130390645920794	0.5296271348104314	0.2631465486136869	0.7532104940025597	-100.30403182524879
3330000	3.7977599697208775	3.9395182441477252	0.8536023586129821	0.5211147007396029	0.2003210347636514	0.7676107576961372	-107.65140985893461
3335000	3.5626425395159877	5.570014714344344	0.8416919811942128	0.5838294899314524	0.248481909376304	0.7082405695419	-93.47322450250019
3340000	2.8265603401278465	4.002897900725503	0.7113469646914186	0.659157233364002	0.20158951900090477	0.7275705895596716	-97.3018220885393
3345000	2.7892974608645287	3.3452326124208205	0.8125431206737348	0.7146090281851818	0.21136436016112906	0.7466738831364946	-66.67897991040994
3350000	3.7547852432791835	4.5719637764221055	0.7851529098722838	0.5356888447583635	0.27194416387367776	0.7122376374806761	-117.18611783830983
3355000	4.332911717862381	5.573394926818573	0.848931008700293	0.5106210557388335	0.20256048495749457	0.7201641205596232	-115.40922913662627
3360000	3.9125278657695115	4.645186528036563	0.8894958727734755	0.6409323523311785	0.2396768825719894	0.7955481136589564	-86.76811584503272
3365000	4.390711944652203	5.193397856788406	0.8191475330367582	0.5940993688221788	0.20057108091741524	0.7643126735340918	-107.8955085639594
3370000	2.7244313132487363	2.724582335873372	0.8844794289755007	0.6172633114368814	0.2139198921090429	0.8201488365309364	-90.64616147390677
3375000	3.5823756512981273	3.6380009604174077	0.7689254355910525	0.5202686661354143	0.28874783319098873	0.7197500648783294	-89.34475946016195
3380000	3.0630555711197127	3.256516305177651	0.8733743140317222	0.6675514972699693	0.20718562125352627	0.7393505957744761	-74.75252520816093
3385000	2.7679736099288945	4.100426269180168	0.8546768720517384	0.6990775812740986	0.20557113294013102	0.8724490989963216	-51.16270629721167
3390000	2.745258646901174	2.876169561709621	0.7306942112536259	0.593795457766612	0.23940504330983892	0.7360174760642755	-92.2855409330111
3395000	3.050054014277428	3.3476807645792213	0.7149203897677816	0.6846905030674346	0.20021970287959362	0.7169034481378045	-91.36154856446109
3400000	3.030980043029127	3.249989043646983	0.8882158982188056	0.4963370654450456	0.2720961826982274	0.8227324931947994	-99.38552247381816
3405000	2.773760398581674	2.9716125938820097	0.7648281810954136	0.5884708961438917	0.23735330479283762	0.8230117121954674	-91.8514078340583
3410000	3.0654991952277157	3.732106099708209	0.7826631269670995	0.6262043111870954	0.2601364914958071	0.8484420593897242	-90.34503650769722
3415000	3.2718456642172367	3.8455389840746173	0.7188533601004152	0.5085836580375123	0.20011232909013682	0.8228681996532657	-116.93602763208892
3420000	2.9919647844647295	6.064544880428582	0.8341753145900941	0.5213671520115937	0.2119183941814005	0.9147264498959825	-102.46809943704127
3425000	2.6870620971207604	3.4437658886052542	0.7438711317478726	0.5853694929538542	0.2108842081490678	0.7064645834325527	-95.32103972713509
3430000	2.7299708136446927	3.54119738039613	0.8917992928753359	0.6018527248651703	0.20501477927283743	0.7250089314236666	-83.46223327562046
3435000	2.971307763268252	4.224650135266038	0.8402153991578316	0.5962111779765273	0.20653517406801872	0.7559897751273722	-97.25927138566243
3440000	3.097288901386362	3.5537021797173125	0.8781337413688437	0.5105663955238149	0.2033349781253124	0.7298743499203257	-93.6407853037606
3445000	2.7510748058989942	2.7930193664392253	0.8506634164156008	0.5826540963176488	0.24762571946173306	0.7737424769864429	-88.67711522798248
3450000	2.92539386450326	3.174211281177845	0.7891603137098421	0.6708847349362798	0.20286485098547183	0.7630845751626554	-92.99119265889476
3455000	2.866802540640373	3.962333962794638	0.8393881189123743	0.6354927858290236	0.217507115004439	0.7620095298163873	-71.57344089952844
3460000	2.585768262210794	3.3585181397598167	0.7943839060695805	0.7392004399502586	0.2147216397925168	0.7039293411424605	-61.28593878211621
3465000	2.677532582999356	3.177535324455999	0.7660431223175574	0.6933807852083786	0.20919524378935392	0.9848411668240381	-59.90091229304912
3470000	2.67335600494724	3.629949068668438	0.8713413839083096	0.6479608072525136	0.2330398362869321	0.9740511265574645	-68.95371168817869
3475000	2.8942847256777	3.278619156359529	0.8496295223468298	0.5456424364385137	0.21954918796706113	0.718891280015494	-89.9059438899705
3480000	3.0646539847169962	3.3232894246674056	0.7232480929154761	0.7546139488009546	0.21773860819474522	0.8087106448614727	-73.91198498792704
3485000	3.2031172389821925	3.2199241089772856	0.8671067818127736	0.6019976082289078	0.2546475202157566	0.7775659693626706	-92.10449075828888
3490000	3.1511432389164846	5.3080650641985185	0.7648665204282447	0.7354762183705812	0.21043909243475156	0.7215478963826418	-75.06746099902412
3495000	2.7570581116771926	2.8179984148090678	0.8752737689734053	0.6455778877619611	0.21682604869892735	0.8447458832448005	-78.00749260085874
3500000	2.707627400159328	4.286129891336507	0.8096532326893879	0.6349501793542592	0.2335446093193515	0.7792756230684972	-80.38710325031363
3505000	3.5386831096864038	5.06195113757773	0.7205452810447593	0.5503774835148604	0.21405036420815488	0.705126872939549	-105.85262814722748
3510000	2.75199134802313	3.0910603458474872	0.8296146798356395	0.7317131631258968	0.2201561053545375	0.7499637574520462	-54.3824782974161
3515000	2.6366158791614356	2.8012256489684835	0.8632222218223562	0.7154039823605522	0.24059319392605516	0.8513620920865609	-48.08061624583265
3520000	3.6434025629536855	4.017380478265787	0.8861011994954415	0.6026642266784124	0.21064989578095403	0.7137269022998695	-102.94897041379576
3525000	2.838913892351978	3.281420624818023	0.8228994842941192	0.5956089496026608	0.26000789323419154	0.7774093911773952	-82.16908693618305
3530000	2.9718452653952068	3.0498645898813117	0.8338839572231934	0.5525248993217303	0.24565879867925444	0.8348923761659628	-100.74076749399342
3535000	3.113889325497945	3.951408890403254	0.8185786460569952	0.6530398483476272	0.26206134921702784	0.8409582464385806	-84.3433795645625
3540000	3.7210569865424006	3.9321629074436046	0.7237734819981552	0.6903166152824798	0.2180435439129273	0.8078452375981698	-86.80857608525218
3545000	3.0066645438677484	3.1589924819914352	0.8154092631771562	0.7049643535202732	0.22231225302448374	0.8466971146374049	-61.16628539960471
3550000	2.600931379467105	2.738241369341333	0.8277424034313523	0.6110243845502922	0.21146957902812033	0.8591496715015354	-82.77126941658355
3555000	2.721264806954146	3.105975583944982	0.7785707862545825	0.7196495882689808	0.2152899257371124	0.7771560241052403	-68.92116161590354
3560000	2.697458139168929	2.7629208452895977	0.7985613794064377	0.698834885414631	0.21353406223451787	0.9864528639812444	-58.808174876389934
3565000	3.074069753769048	3.3591519759574116	0.7792077272961548	0.6383100464536388	0.2178813978402731	0.8281150600556647	-74.6926666818253
3570000	2.8910720199580404	3.4458984934287753	0.8834770920227627	0.6974072168994593	0.208325861955014	0.8182145740657959	-73.58499886916061
3575000	3.6487444198284247	3.8356751222473315	0.8736991622905561	0.6203396506206232	0.21280044632869008	0.7262000941784446	-85.54473235125698
3580000	3.480245911132999	3.538874199116411	0.702218430913556	0.6524200247608165	0.21546598581553966	0.7901160384498022	-97.05620656883156
3585000	3.2230940100775416	3.750068007351858	0.8306323286098499	0.6340596021814251	0.20195685008795417	0.8757992485530937	-85.29784104515707
3590000	3.3599862115451287	3.826505098317385	0.8123873536769303	0.6074059280871664	0.20686460698874565	0.903135887630323	-84.75277776930307
3595000	2.931311976137601	3.1779416595186394	0.833940557139226	0.47645653712520536	0.2820395342429495	0.7292060020652493	-94.94535785574664
3600000	3.2791000806985044	3.3427476247578634	0.7134250435833018	0.6301618794231989	0.20080242556838937	0.7362280511979463	-83.38553483721881
3605000	3.655391328059087	3.9304579760023644	0.7958213862097383	0.46485196994474043	0.27797707215691314	0.7108133612678316	-98.9421058388447
3610000	3.430782401792449	4.161983121686504	0.7774225534574902	0.5952947064225803	0.23345931669554754	0.7741481393570062	-97.661466140877
3615000	3.0674953296673126	7.211063245927739	0.8625810662989144	0.5537164925717535	0.23305206240217907	0.8720725099502724	-103.35718524150192
3620000	4.7382044926745905	6.949065837956688	0.8264807676340828	0.44540085097296195	0.21066801804121124	0.7318707582694243	-132.76379261547385
3625000	3.6606428333317695	4.142760623505521	0.7565487488485982	0.5479101903058649	0.24289938162726635	0.8372838921455891	-110.7924511575848
3630000	3.6214966857058624	4.213875868856266	0.8895906568262627	0.5973789624421075	0.29386895255747514	0.8538318536440257	-84.05721477211327
3635000	2.6423143325104377	3.193709345250299	0.7659575365410193	0.7922337758413155	0.20787919818782288	0.9304144719838827	-33.31302265103595
3640000	3.021489683182871	3.299799288750861	0.7444774802855075	0.5414752393894483	0.2999850817408629	0.7771719963674583	-84.12545289391832
3645000	2.844690157441796	4.3882563752595	0.7569687448518003	0.5214134061398542	0.24749130754504917	0.759829388841773	-111.91649249755525
3650000	2.8417618147118966	3.1489623267734888	0.7618103318137768	0.6459344403993053	0.22841382417117984	0.7199996026235173	-83.56630311995664
3655000	4.232527999076112	5.410202426419304	0.7883034720953533	0.5956007564895052	0.23439839395479745	0.8181979365856334	-85.00857652834421
3660000	3.791565622182479	3.7964799640610583	0.8198822699849884	0.6541530727032191	0.2127560433360069	0.9799878989110036	-79.85963004209083
3665000	3.3768028659634632	3.672425172044495	0.8865867720699399	0.5386611349863311	0.2108321787390967	0.788682131622527	-88.29524691845026
3670000	2.7199922690125833	3.347167712006913	0.7178830865721022	0.656818557626007	0.25734067089072027	0.892921625623702	-74.31246396373223
3675000	2.7712671248767173	2.7847402852940566	0.8232232948607929	0.6256837385022659	0.22602552376766286	0.9054946124169521	-84.21359538651501
3680000	2.800148140144299	2.913390715518222	0.8508799364760167	0.6129569625936417	0.2031865042567533	0.7029904440038519	-80.79831862062542
3685000	3.650201376951431	3.9818974574955717	0.7223641681021249	0.7048323242488352	0.20878868425684433	0.8988195244577636	-65.43717649715518
3690000	2.79902435399409	3.0896118186418855	0.8501246766633983	0.7372132925092363	0.20540703908205907	0.8488954081106279	-66.29757827460267
3695000	2.991468714331747	3.2914103730709883	0.8899890341058891	0.680450861250069	0.2056718852498295	0.9360844493549639	-57.4232882735702
3700000	3.412280979591956	5.759545255789963	0.7830218909607154	0.48380362833873525	0.22243638171406316	0.7087957645798452	-112.09305892264834
3705000	3.1901318580898104	4.240769979885148	0.8582919540149161	0.5439907964492987	0.20962174237092984	0.7022628450959908	-92.60614715496834
3710000	2.82568241699055	3.3717381647464473	0.8708788768373659	0.5442601258467106	0.29788391774350903	0.7974286593479352	-74.16269034259875
3715000	3.3331585873765825	3.341807554573001	0.7798311112679593	0.5975880283640188	0.21027448514249933	0.8027163268468896	-96.46922868368154
3720000	2.9455700633620614	3.021141520037722	0.7899332109657068	0.6622719551569898	0.20019614898086482	0.722815650328776	-83.01703841929316
3725000	2.8876725797049803	3.662166516203773	0.8315248361601203	0.5531516366643815	0.23631602034589538	0.7186139570102641	-90.29838149530732
3730000	2.7083573723457364	2.895410390910966	0.8017660586396252	0.7347719672811431	0.2016516767275199	0.8909947035950653	-54.1280776379327
3735000	3.8830653755962827	4.1397791681041465	0.820421838325284	0.5607929357151181	0.22120696617703275	0.8975184130892246	-91.86762192372211
3740000	3.190688972910709	3.1966571023763324	0.870655543361772	0.6008703229810891	0.20427491485433416	0.7743382079423645	-79.34501911904175
3745000	3.261258607772352	4.140469356879839	0.7061149533847852	0.6205305059442819	0.24404116211726226	0.7562712097042638	-85.38769912258957
3750000	3.175458631737503	4.035533954622746	0.7455528040923609	0.6545098953679052	0.23613722881526342	0.8863202977783676	-80.06747190439305
3755000	2.7522431724751435	3.084945704086862	0.7181516081247641	0.6538314333060247	0.25689687580623416	0.7153581742033925	-85.52800265546693
3760000	4.681985201247791	8.565027261787005	0.7343797683303543	0.5528569383292967	0.22690878938375983	0.7134853241284195	-114.63140917444974
3765000	3.691245532716346	4.367180615325724	0.7471160042552296	0.5581224918472732	0.24215357324366277	0.8022539374798312	-108.76486020802406
3770000	3.3182840514413368	3.747049419952598	0.755489567087326	0.5960101157567188	0.20458361833870017	0.738291198814273	-97.2241453473616
3775000	3.0300725891194342	4.309713082789824	0.7816386647752512	0.5475682464353904	0.2012174524131113	0.8053885382620876	-99.48335353457011
3780000	3.155732952549831	3.8471117469106355	0.7603505138897152	0.4560543881407174	0.2555248909651209	0.7453133291785589	-113.96113312691668
3785000	3.117406782978423	3.5454288758940296	0.7945042782714636	0.6854395824428934	0.21689206540487163	0.8834332565329545	-77.10397779512212
3790000	4.210993992921965	4.745902288418727	0.7624284249256686	0.44161088336029053	0.26014356797711985	0.7048876018413985	-105.68065724868453
3795000	3.2854751474772046	3.9033923559171506	0.7507653982267565	0.6800054895360771	0.20177977287736357	0.767986591964829	-82.7986436121077
3800000	2.793046068517941	2.9272367124985945	0.8664340548963493	0.7411014272510617	0.25562739581406646	0.9160860053129993	-52.15142958041757
3805000	2.7588855065499023	3.105520968347575	0.8454002553719174	0.6213493830310279	0.21691509532423697	0.7846738614859297	-80.5044729517603
3810000	2.6124074676643634	4.0529790397475525	0.8000477236165012	0.626216210636403	0.21890186246502985	0.8157685412434871	-82.20966750079475
3815000	2.8920393769647967	3.4677727290181486	0.8167250107418971	0.6350291080489514	0.2103056718107503	0.9641058780033345	-82.90291813998806
3820000	2.9987879261816417	3.281941339302014	0.8055141270502046	0.6771768845516067	0.2030985789756604	0.8579638715570149	-83.04487354291007
3825000	2.8609828725308963	3.0509033176859055	0.7829614381521057	0.6071045288405283	0.24776743439953003	0.7710848709587249	-87.28319583408455
3830000	4.925445251513699	4.950113792767812	0.8609066992604775	0.45861843728165375	0.20262172851936916	0.7742749969096582	-109.55372484017624
3835000	3.0796515685424697	3.4228787368649236	0.84696696213083	0.4694802325520822	0.21319910934742667	0.7220860108820719	-109.97029830631942
3840000	3.332833629799744	3.336064341194531	0.7922463895408731	0.570641764966505	0.20137752276578502	0.8116428998734051	-96.49625439971027
3845000	3.4379520776566928	3.6268797514813422	0.8209368586288066	0.5214535631559457	0.20827362431575044	0.7470247326545904	-91.74820980082882
3850000	2.6109587233146736	2.786710816672053	0.8543470188003701	0.6459294002777796	0.20028568775997044	0.8015132071593706	-70.09913873834603
3855000	3.606668919991593	5.737548747901626	0.851585166434908	0.4672868951431086	0.21507774209794778	0.7615583377800014	-106.32775665060834
3860000	3.4749135006028093	3.6557931717744694	0.8323125056718775	0.5701725936833162	0.2184567368340918	0.8611418887420169	-103.74905349810473
3865000	3.6207022218658658	4.289276506506276	0.7651588688899927	0.58002491037152	0.20513063888144537	0.798428993062021	-92.91041973977912
3870000	3.223873874935338	3.777863947890038	0.812420579707799	0.6097452433954549	0.21850690020956193	0.7873901597470181	-101.06986276496664
3875000	3.4914377608212126	3.6818453050309556	0.7106616353416966	0.5368283183760416	0.2227052386837685	0.7604728863298597	-99.35727386898591
3880000	3.068027310343904	3.2998599978739005	0.7433473230380854	0.6302221797109246	0.20157719874601024	0.7056274691877903	-103.43627700580626
3885000	3.5305688216260074	4.857245001053548	0.7688700981539395	0.6217581998334507	0.22811523848535203	0.7380293578923094	-96.56518821024079
3890000	3.106948758431382	3.452408268805961	0.7511534721952009	0.6708346431430412	0.20234776292372822	0.960829781437751	-77.64748761123323
3895000	2.8268277278997687	3.274944685749562	0.7974825224903171	0.6725537492932238	0.23814969809219866	0.7367108949330773	-81.1548358993914
3900000	2.74487117193891	3.220174345991224	0.7469873478662267	0.7022462860472695	0.23202790939957427	0.8783560729898766	-70.78314777132658
3905000	2.7391895429454873	3.2443280105112646	0.7878932581897653	0.5422892183550624	0.21447541509095408	0.772408591450245	-104.0935934581351
3910000	2.876749964549997	2.974934130444668	0.7753533549626468	0.7364657451146897	0.2293012218897431	0.9841794508982084	-77.60730265765577
3915000	3.0855601089310896	3.1102792561265744	0.8655034263218653	0.5491352366567622	0.23209649246548328	0.827120124846634	-90.2822767137645
3920000	3.030814811711132	3.640395787220719	0.8372677606731865	0.6052506945085325	0.23506955208314678	0.9673651908829459	-90.29062157093898
3925000	3.8142540756202483	5.132950893384079	0.75097768366829	0.6615518608706737	0.21075691815234712	0.7463680436290091	-88.57759626142553
3930000	3.1674767288261405	4.149084209642196	0.8395137870307958	0.48048248600966614	0.245514029527814	0.8212178777505211	-96.28808870912854
3935000	3.2585181890888446	4.790572529547357	0.7542504216370092	0.6123423301287217	0.28176382648541126	0.8577208608402088	-94.09849098558715
3940000	3.1221926994154816	3.310662140467885	0.8262146690045655	0.5794107876250935	0.2082139643776446	0.7465368463299146	-89.41694612699962
3945000	3.5190142022336257	5.448204379316852	0.8996992172848295	0.4822070100918942	0.2502813784178575	0.7719926653409284	-99.14549278164708
3950000	4.878840562227722	5.13533117655911	0.7373960406413976	0.5870429709253738	0.20146923156399155	0.703598613835334	-120.80247284381065
3955000	4.759408184137241	6.341496935986392	0.7329466367232554	0.5484049393559225	0.22365797218240918	0.7407530992799634	-107.20219706146543
3960000	3.4267209021701626	3.835246297075212	0.8709659610616641	0.5194256691084956	0.2889230151012609	0.7347517919519483	-100.63665883711289
3965000	3.317143057872405	3.649894339167896	0.8290524288540663	0.47516299956215136	0.20145387665784434	0.7631312225684068	-118.93537720660021
3970000	3.5303187251789763	3.805058657451082	0.8524787087673844	0.5345244317433141	0.21882832947391362	0.7415229311632905	-97.67714201685806
3975000	3.5982967220788047	3.744048128051918	0.7982961865389862	0.6009095898702013	0.23017105594594808	0.8476022533483879	-73.68050892105427
3980000	2.86246623237247	3.1564265944678254	0.7969095666453708	0.7099239193072705	0.20655829672756712	0.8724372662180979	-58.82607754440737
3985000	2.951952280108012	3.144069676906807	0.8129731511508985	0.6942046395139115	0.20477571838354064	0.9328390165433672	-74.81768515083874
3990000	3.2589990572401843	3.582150953203826	0.8222988175886374	0.6784491493901743	0.20769162250890938	0.7505245933753035	-59.87856173920368
3995000	3.035574236585645	3.240583883110699	0.8013596699620207	0.5960250466814491	0.2256170721160337	0.7347950623763431	-84.99243797327381
4000000	2.795074226461881	2.8120551898343593	0.8389704386573488	0.5969309698396038	0.21420957857059164	0.7007133191752566	-82.93628582752547
4005000	3.2046529537195596	3.4334739686737508	0.7280873451445801	0.32489041410025987	0.30770060552196726	0.8128069356215067	-127.46921834994578
4010000	3.5149073461211886	4.152393038122342	0.8120875789558779	0.5881225684628295	0.22792943748522668	0.7099403541581804	-112.02576069773468
4015000	3.1976091366485	3.7574852270202928	0.8885664804492917	0.6590262708949186	0.20365609085717015	0.7079906874333388	-80.9128090871842
4020000	2.8720716797451007	3.088512774853261	0.884611524119925	0.5822908698023853	0.2223631520099796	0.7564700184768917	-75.83353835904236
4025000	3.198951070261946	3.243882664776218	0.8427258940248844	0.62926548888016	0.2176967289821763	0.7433685655415915	-89.39588274790802
4030000	2.8551883993632092	3.4043677902690384	0.7918117891979923	0.7369952973535747	0.2211970958385371	0.7629726352109903	-62.758979813982975
4035000	3.128573753431789	3.602642335761299	0.7884407901117524	0.4782498871451388	0.2334738663105965	0.772945457513849	-104.40862814270844
4040000	3.6097005760124867	3.7096749262636175	0.8983530575510844	0.6675281116824142	0.21619826474262094	0.8767859403664853	-62.22482073074345
4045000	3.130625353982262	3.4815069104409537	0.755622423819653	0.7202599751760677	0.253421777650338	0.7510998056038654	-64.12909165675663
4050000	2.9847761820814798	3.2516846051074193	0.8724604424173429	0.6046583189290153	0.214957741792103	0.8284393316708641	-94.26499568230562
4055000	3.1129764299119285	3.1385639082842136	0.8155652959304565	0.4472075151725167	0.22007634628103317	0.722844011953404	-104.14262880404135
4060000	3.179901399967019	3.619651568509399	0.765849773733029	0.5958895353050392	0.2076946903792289	0.724563060684872	-89.04608454842474
4065000	2.981821697647337	3.5401072285071686	0.869451732412485	0.6296983753483332	0.24177761625371805	0.833310565374388	-84.12884186063954
4070000	3.2581864715639277	4.797631976745195	0.7408233561318239	0.6087638354053458	0.2295984732185807	0.8641671389969118	-92.03034558254723
4075000	3.493225014240656	3.5161711626083836	0.7212887860062325	0.47159197531836355	0.2676676835789652	0.708976039272849	-117.42940172233583
4080000	3.4282035291034405	4.588214163751976	0.8272715801581412	0.6099465799523084	0.20136365418464441	0.7586848015247917	-94.49324318517287
4085000	2.7015958584066597	3.68349645932778	0.8582166927883527	0.5906645804101606	0.2161705776214187	0.8800285649723122	-77.98189032636708
4090000	3.584848786189259	4.021395148855729	0.8572986790705287	0.569681126079382	0.2063044391654925	0.7556256538574935	-101.27030369807653
4095000	2.6340387114749864	2.6435162427469767	0.7474201882634791	0.7802379487073978	0.2135349293754541	0.8745061212884271	-50.24950877449483
4100000	2.6558367443962694	2.974673213275745	0.7960676247394574	0.6985030417349218	0.2064320494030972	0.9102714306220929	-64.41296388255523
4105000	2.9891851972897476	4.839750658274217	0.7366826681775777	0.6092698323532478	0.2605876335790637	0.7621274378409987	-85.79215962513638
4110000	2.5592058718740525	2.9374563901538933	0.7529936341104234	0.706602924146147	0.21902352355456195	0.7027180503145651	-79.84816343105504
4115000	2.8990946269125453	2.903717512404045	0.7052555022043409	0.6737537880544406	0.2596901922523797	0.8239446293917685	-74.17263384383858
4120000	2.760496194758083	4.09191921450862	0.8854568539140669	0.6011146129968883	0.23932120320054903	0.7912059271802231	-89.6327463805643
4125000	3.3639203524060797	4.368888018745568	0.762822694671504	0.5947195910123539	0.20225925919620424	0.7686087461213884	-98.37342774049912
4130000	3.3089071217308317	4.03292713803527	0.7313623548834564	0.6670934807733135	0.20214902034641805	0.8841377098004704	-91.99872311054713
4135000	3.996252346282974	4.961592721367294	0.8920130934284647	0.4730969444119167	0.24417821817739782	0.7211919066301937	-112.74334319184973
4140000	3.1540626466255812	3.9434663275948587	0.7552729873389898	0.617107929945475	0.2565577817748597	0.7125629644615435	-87.03679150436542
4145000	3.4264983520213628	3.5032206795840133	0.7909997344497863	0.7038099473031345	0.20089430890432752	0.78013463671824	-82.0350207635179
4150000	4.581514044669776	5.31856010079543	0.7624623400185405	0.5197819510383495	0.20267670207042351	0.7241339706508797	-112.63978206630989
4155000	2.9150300160171487	3.4117204273452377	0.8436408312931782	0.6889662643721923	0.20181608443852667	0.9828820125516436	-64.73819120808139
4160000	3.4653730238875005	3.876730124607747	0.8372266989791306	0.6004471019640828	0.22014123657277698	0.8356107723505105	-85.24393522529695
4165000	3.275717935745303	4.1913388458808996	0.7339190214539397	0.6678086900638787	0.24387170415335938	0.8849079282340507	-75.00638614102098
4170000	2.8152369238431816	3.5626376991608693	0.7945381775493742	0.7114648817474509	0.2128618683956946	0.7945164089566259	-68.67415484653793
4175000	3.5437857569717237	4.260384066766724	0.7741251141202604	0.6833889857897633	0.20484406803399155	0.8162394126428596	-78.69632815781011
4180000	3.530545192608254	3.5324739761807633	0.8057465980465257	0.6275071592355245	0.23876880285084873	0.7156380842424359	-87.35721628260598
4185000	2.8870787206583763	2.9579638767335097	0.7927119951624176	0.6115272611596153	0.23122973457787718	0.7514925751281334	-80.180461627498
4190000	2.996897668991663	3.1957989952974257	0.851738185080139	0.7024343450468126	0.22790545335512552	0.9426345182744579	-62.51986433053965
4195000	2.7053946170595164	3.0434029509628426	0.8645598527468107	0.5730890154974987	0.23788629758429244	0.8098425942032096	-74.41658750217576
4200000	3.0938779570591466	4.2807358040944745	0.864444223079288	0.5900472355763147	0.20983290374618857	0.8236872608472667	-84.82182880830891
4205000	3.7757362401348957	4.5910433334946195	0.8751892044382882	0.5507235821241285	0.21728723647667467	0.7123075108123538	-96.8779052285065
4210000	3.545973532586324	4.325951866543798	0.7178577086398583	0.6908828336349723	0.22909513312794724	0.7976564904746564	-82.1897499428049
4215000	3.129072181795347	3.883951153112566	0.869177200316341	0.7811039396605662	0.2121406204054616	0.8009434688484577	-48.80181305273436
4220000	2.990662279138966	3.433872600787278	0.8663293692842082	0.7347182665627525	0.20657114476838728	0.9773576514879107	-52.42763115592867
4225000	3.727593416203572	3.7426804959390942	0.7570013545676303	0.6984878850953493	0.20271513261545016	0.8426035377249405	-76.30743123458794
4230000	3.271644577345379	3.3712432944117974	0.8729760226834873	0.5107809491959677	0.33514569088062696	0.7817610690104744	-93.4407735190924
4235000	3.0338043962475307	3.1167634192620817	0.865825397822662	0.750566264087706	0.2177639471317494	0.7215164530106452	-63.760994987377565
4240000	2.916645793327649	3.7641165942246233	0.7810629204843007	0.5870241224542851	0.20557285277832404	0.7528968408079112	-107.92848741691415
4245000	2.8806981328894317	2.888482547192248	0.8068129261072282	0.6640340594530978	0.20104309646632815	0.8131424976111105	-76.12677295759374
4250000	2.6747270073850546	3.0072363119440046	0.8477074609089102	0.622276484757816	0.21325143073617328	0.8250218439200055	-76.33308434705654
4255000	2.7858626587263164	3.0279846018939716	0.8047282768642735	0.6396821484955498	0.22817909787225035	0.895408216420727	-63.30147460623868
4260000	2.653273762707404	2.9769634310164323	0.8330453929671051	0.7277005095748067	0.21504789720089995	0.7692298771481124	-73.74348972160982
4265000	2.8661547555535996	3.125513488515286	0.7458540490903529	0.6181172169888642	0.24848285428126185	0.7616973782158707	-72.45826510627404
4270000	2.867272191558292	3.150612437613251	0.7852093427244249	0.6280419605974069	0.22092808000736827	0.7774213413588495	-73.20643494143789
4275000	3.412539296847791	3.4823463421630896	0.8517456048304717	0.5629659968965679	0.20800017156224332	0.7325831610676131	-98.0857973932342
4280000	4.073782286516734	5.037044562076305	0.8092138861554972	0.4656650431139004	0.2051929764067073	0.8982807053237312	-109.86652699447225
4285000	3.115152300142744	3.7462730447059505	0.8401646840332057	0.5707752541646364	0.21143035841104746	0.7018103876374612	-102.36644744228164
4290000	3.624940465494136	3.62574047974188	0.8870126171447352	0.5722146167166168	0.24105841377239887	0.7024946946985897	-92.88501570957845
4295000	3.518978482712953	3.6923209041199643	0.7005870933682695	0.6033785400787552	0.20603211741039307	0.7384804802777747	-96.84454556425499
4300000	3.5480499195138653	4.337197730328702	0.7082125855078008	0.6181322149625924	0.2307720808965178	0.7726813845765785	-88.40764419537251
4305000	2.9821458946593404	3.6134586016963355	0.760123680050198	0.7542200846197927	0.21850275441000902	0.8712009796703244	-52.665703963633234
4310000	3.3861278805656316	3.465153431717035	0.7751545992935727	0.5724094302487758	0.2482641021437859	0.8098467208410666	-79.82280192228589
4315000	2.7691561680256007	3.159539124005457	0.8692268734407339	0.7587230407467975	0.2361946038747959	0.9016533923215697	-50.28819379457905
4320000	2.906578080172131	3.4611918481375885	0.7754048332823784	0.6616092926844326	0.22430650155475873	0.8170149023590599	-87.40108305968607
4325000	4.021408354522332	4.4306434531445475	0.7839363251000283	0.5652296619745067	0.21825428503378888	0.7663972951647562	-102.54333972816977
4330000	3.612956981082294	3.6712072295484663	0.7538605256529127	0.580025193425321	0.21141564295215262	0.9120978945412667	-91.98034954011132
4335000	3.2152448515344467	3.546576473560969	0.8914424775727104	0.549880727312005	0.2542361925305716	0.780048335121382	-87.50728800950074
4340000	3.4746032831287073	5.176341023904292	0.8565260707820237	0.5337129725576333	0.210394737812147	0.708041728419874	-101.59421793295922
4345000	2.8639294141807765	3.031608451784224	0.8229158803290018	0.6132982504043383	0.23788878098701455	0.7955226946084907	-94.29224347242203
4350000	2.742664860809195	3.9626388759820323	0.7965737431295871	0.5992026421365062	0.23980352005849775	0.7854531075854762	-87.40375251539129
4355000	2.9764892095327053	2.9769560712406133	0.8633791635034103	0.6220915772787385	0.2414144649513896	0.8182785575476792	-81.70207300682262
4360000	2.7297374990175816	3.4471681947756765	0.8066241742268753	0.7206419501136769	0.2415510413769242	0.7476172248135522	-70.22521192472882
4365000	2.6256223808246753	2.6826785766261247	0.8767367280479746	0.7051885408289081	0.20418239433184415	0.7126833211651797	-46.17602433773082
4370000	2.6527932248606985	2.8729235447482586	0.8398342705219848	0.6659419429853553	0.20701951403403543	0.8224828159133433	-66.3930167450061
4375000	2.633912131924205	2.6586028760448492	0.8378936665885618	0.598858310142716	0.22441861133581245	0.831949476269711	-73.23504672315815
4380000	3.1495735486156904	3.53433428602322	0.7922010978907491	0.7154981429465884	0.20308998981810072	0.8242492095625752	-75.35181734985397
4385000	4.009535688432743	5.375749629067538	0.8841554202739031	0.5612232369410557	0.22284947124729695	0.9347801373839487	-92.98748982590863
4390000	2.650790565422732	2.702313099601434	0.800721940160312	0.7112390606164101	0.21031778151462394	0.9849675077904048	-66.44260434074874
4395000	3.0095023300213986	4.493048420900781	0.7070576531265873	0.592701019325002	0.2546168544438202	0.8321389010734098	-96.33696549489486
4400000	3.3377503414436376	3.3685402701920473	0.717708616794629	0.6094163946757097	0.20611991272937322	0.7522743648163512	-91.15675858121202
4405000	3.0326465855768645	4.672994994231444	0.8525909465162057	0.6504086049699065	0.21707801959225748	0.9916061184920762	-91.55063192054462
4410000	3.0952216098677283	3.3242875738560183	0.8445742189221418	0.5641686035502294	0.29063337543261103	0.7360548486470114	-108.09162837285743
4415000	2.568922273143879	3.651181568636255	0.7674968859763368	0.7547691604110116	0.21314331647368978	0.898670058987759	-64.65382441239083
4420000	2.9151419618495624	5.4720668891512725	0.8238180746800796	0.655983444213409	0.2009338947052442	0.7149165367042702	-67.38587008249789
4425000	2.843012942056103	3.350889572501347	0.7054016723877959	0.7747579121663137	0.21627929648255673	0.8821178953458607	-48.642266547290376
4430000	3.2026905182404297	3.5424964383002044	0.7818254215962033	0.5990620615143923	0.2150851837862777	0.768738064324439	-89.04302141942117
4435000	3.225935620346096	3.7452315001969043	0.791337487201388	0.6295729366840525	0.2004133534093401	0.8686039331509067	-78.45139547528777
4440000	2.893343296867906	3.1395781974641785	0.8446128134852297	0.6178357131082085	0.22552540678519445	0.8075909583050338	-83.8156706054549
4445000	3.722170182664148	4.354804475072895	0.7387979764600814	0.5523486956202902	0.29656929676016475	0.768484973831533	-91.74612446363093
4450000	4.249893204361729	4.331016746372061	0.8794733430598752	0.5444413203483707	0.21416969775704983	0.8102309576389518	-103.09252633211818
4455000	3.5100365056784644	3.7737197133962526	0.8852569119159305	0.5403583832192611	0.22836982347168805	0.7486720728792154	-90.13610930654735
4460000	2.6178299140822254	2.764667159506231	0.857235442274723	0.6853753163812312	0.2009104194458753	0.9764039455831384	-65.45682578285101
4465000	3.377348927654295	3.5330124926652244	0.7856206269365805	0.5946224600070826	0.28213745182978495	0.9551245919523081	-77.98912106706427
4470000	3.3357305600644143	3.697799382306341	0.8539752570811513	0.514067051134215	0.21439410531026803	0.7375204067685309	-108.47720860893634
4475000	3.078140535190403	3.151045301704199	0.8980345440417344	0.6087665086762154	0.20899057285890082	0.7774264538196916	-93.4802793649614
4480000	4.035831524303737	5.096579307095642	0.7561802963329284	0.4972014074212529	0.26017560282387714	0.7004766440310127	-99.81563175639994
4485000	4.398982202121457	5.630733224911375	0.8671021879522087	0.3795068529392077	0.2649297756812409	0.785293064537793	-124.52989496933554
4490000	3.5066528999578823	4.1225828468131365	0.8753016797714697	0.5997512668759247	0.22269827921754923	0.7111138213896262	-83.02867863227632
4495000	4.898261385578379	4.908548919453211	0.8118245158330922	0.40889170290052823	0.28944881816284873	0.7353531222005625	-125.07358118725512
4500000	3.8457130032317317	5.248946566945317	0.8941778246308586	0.36842337894969535	0.27319149833704737	0.71069347215065	-123.46388376597827
4505000	3.481365215591075	7.374982777550764	0.7972333940519686	0.518619963823688	0.20226928316410453	0.7660106856752509	-106.97106713343095
4510000	3.3092088303487524	3.312857687736387	0.7640136164712603	0.46722469536190103	0.27552531991307905	0.7067302233668284	-113.40269552976469
4515000	3.4676219726521325	3.8230670224087895	0.815508413502798	0.49871758839341124	0.20584522898861243	0.8353564386522551	-120.10773622353838
4520000	3.938762288399398	4.513850740082194	0.8083188941731863	0.5238816726063809	0.24852185101141022	0.7044362594552604	-103.95730179697148
4525000	3.2382731375177167	3.812803756560291	0.708972294525639	0.6078326008906019	0.2113224071509969	0.8603618675620998	-105.97107026775393
4530000	3.1944741953270306	3.4412815894943636	0.7355229125200256	0.38642240169999137	0.3793311058258111	0.7008173677188383	-111.76567640852349
4535000	4.014685918762908	4.713218332793664	0.7393177298057955	0.5680392270572177	0.21774477939891781	0.7266072567043445	-92.95276239272118
4540000	2.6045329723990465	3.0810017128921547	0.743992627834616	0.7254954910579258	0.21654651700375885	0.912163479534985	-70.41434317229911
4545000	2.8311817293684136	3.0641406561299047	0.8085574757851581	0.7482765789012191	0.2013991328324	0.8468651456681243	-61.26143049289822
4550000	4.674249147162776	5.089834922935864	0.8636989476442841	0.5255598781096109	0.2155728575926605	0.7925101702372654	-112.56855466395098
4555000	3.6241087781628294	7.5697693806437805	0.7171747334202249	0.5417114296586096	0.21540486055823432	0.7295226624295151	-107.48022429059398
4560000	2.7579777701147408	4.851400387698698	0.8218527245388915	0.6560416871287278	0.2203444533967556	0.8877133421652749	-76.77155165465444
4565000	2.821868833432693	3.465246799347616	0.8185410244408761	0.6401847551117708	0.23916530313269982	0.7194218082503655	-73.87682766612059
4570000	3.4959504560177486	4.44668855970807	0.8470965603045774	0.4395531913582193	0.3251919502190151	0.7312880534150937	-102.94563178265369
4575000	2.9054114470945205	3.099373586641038	0.7545402087702154	0.7090718435263417	0.21177388802687372	0.8104259478148871	-82.69049126117045
4580000	3.4315570573318044	3.7091997477248246	0.8519833926613677	0.5714682500644438	0.2171104918769877	0.7126160315164111	-93.3485070680847
4585000	3.4842682651026236	3.755479807397929	0.7159843083586643	0.6791470016949326	0.22503481845098383	0.760887649335176	-78.4233652894145
4590000	2.9578622009464746	3.040135069959053	0.8863622437190106	0.6271540166037526	0.2397861178444348	0.782706748361599	-82.58005930233648
4595000	3.982745043570486	4.757348389991157	0.839805059387478	0.5143308071067666	0.2000065658319559	0.7993581503370627	-109.65076758361292
4600000	2.709567838670129	3.7910711751458566	0.7111327784599796	0.7225993152492376	0.2013197268872687	0.8868114667637702	-76.40582774238052
4605000	3.271810318376574	3.2755392574478646	0.8517516316364623	0.5272885090559235	0.24678195391178442	0.9026212178397263	-94.79539856806255
4610000	3.0286967860051086	3.4984204718409018	0.8921878329026451	0.6366311585457144	0.22211744319896348	0.923607931273872	-73.62877009623665
4615000	2.7413115940520543	3.7166362023496244	0.8712641669359811	0.7418898962708612	0.20160343179664025	0.8077211440322616	-50.368890627299955
4620000	2.6814865325785777	2.928214952336308	0.89629320869331	0.6777487491427404	0.21747440290818126	0.9245836782747309	-71.09179737737526
4625000	3.100541168543323	3.3650267379181487	0.8880461225053978	0.6866664788691224	0.20605113501905148	0.7521280663897713	-63.1762074796949
4630000	2.9886451743349625	3.4310376834547744	0.7880173228566886	0.7397755938472961	0.2274899103879812	0.7322559237948153	-62.32157118339599
4635000	3.3368430946805567	3.695587769446086	0.755531204551399	0.6301899881472274	0.21261972725709746	0.7432816239623309	-88.08968847787258
4640000	3.2526376855947987	4.374738409940089	0.8870907991060183	0.6989929999868021	0.2064243766808375	0.8040412874849759	-70.12335794112897
4645000	2.9045058025679844	3.4738801249943485	0.8927191265000893	0.612927781744875	0.2498318163155123	0.7735477335326345	-91.82086160121005
4650000	3.536249772315898	3.8441699890916032	0.7940370114972505	0.5138648616512356	0.2744063786221541	0.7660116305965756	-100.23492131471477
4655000	6.59284619995398	7.844185544960707	0.7766037014808183	0.4303257195991323	0.25814926200666616	0.7239466230422705	-130.81158765510668
4660000	3.5299256624088278	3.956283010485608	0.7602979909077584	0.48183025704314253	0.2909614457855756	0.7478528707578104	-106.9791568826156
4665000	3.026679399872141	4.460503092594148	0.8599756831620247	0.5050835739254275	0.21538137463341442	0.7202059279827769	-101.74995231597055
4670000	3.235837047505256	3.3649163948450953	0.8001957860452461	0.7428594771005701	0.20920576491920503	0.891398382073001	-89.55674720386787
4675000	3.5160696881916	3.796565165622057	0.7853911578957099	0.5715019272060019	0.23037937613185017	0.7470044167434886	-97.5882758305913
4680000	2.8093386524958603	4.160349858389951	0.8622772933289786	0.6429958780820006	0.2547325239985758	0.7286935097467575	-78.20205443195337
4685000	3.511789931833875	3.60316796101973	0.8753289615994518	0.6128825153773849	0.20109023060335424	0.7109366458344303	-73.47826668932316
4690000	2.838379719052237	3.1772025543462568	0.7050737974751342	0.6124639004027386	0.23470500520822507	0.7630771334620599	-89.51829034951794
4695000	2.9823763254285027	3.493391106446594	0.8630242876983776	0.6400356688397875	0.22178229447518752	0.7733778551591242	-83.61176678129087
4700000	3.242818124789443	4.0576638429076315	0.7366111664841658	0.5959835694893314	0.2512689009753505	0.7503903936189574	-108.55451560737117
4705000	3.605808516806183	3.7904329519335564	0.7149829141632156	0.5588328518582271	0.21775034851815217	0.7773871091326884	-105.70043190127973
4710000	3.05749731599591	3.235998082686282	0.852500571768087	0.5478036800299783	0.24303068943997916	0.7105462655399258	-89.3711275153162
4715000	3.4605390166035415	4.324732519735043	0.739176893816146	0.5161645052221211	0.21782019939085032	0.7960747717226839	-109.59085987321754
4720000	4.295436187303654	6.109761057258683	0.8938393193757134	0.49258343169405566	0.21264783692440686	0.7640913745333128	-119.82153727263363
4725000	3.7087414258826863	5.229553223674705	0.8242606827800456	0.5670652332959512	0.23751736869575787	0.766320225395256	-102.36596070898554
4730000	3.7451413965608604	3.8858557162204814	0.8592313216395739	0.426552248848103	0.2222447405205219	0.7098122867853786	-125.55402659346686
4735000	2.9491605689753153	3.025519606507003	0.8662609790508219	0.5850585727129124	0.23406025730166655	0.7572662121459905	-95.27287968832147
4740000	3.0850994515031087	5.13314181296995	0.7734005764079	0.5893421148861925	0.2344123566174111	0.7097526483892236	-91.69672185230166
4745000	2.8878757078632136	3.506283715048464	0.8668045953636823	0.5767004763466131	0.21790774511397656	0.8432491035639448	-80.71422362333698
4750000	2.922725351610253	3.562424831771433	0.8140183466336873	0.7232459662356138	0.20062507251396616	0.8390651625779638	-54.10841900709114
4755000	3.628057478658168	4.314715290488846	0.8542035739262412	0.612380186282424	0.20058088335279445	0.7571904879595547	-73.14549851130775
4760000	3.4872403535782315	4.188861629990164	0.7822202713291819	0.6058451052297634	0.20823961907657143	0.9394210194266555	-79.44670720532812
4765000	2.831033519881806	3.133938355988506	0.7160244348790789	0.6928005752917755	0.23146157632812986	0.7697048785494864	-68.65730661886286
4770000	3.291122382220284	3.480155690626571	0.7656892886059112	0.724838290498809	0.2120331710617284	0.9291351314383905	-68.09512836277077
4775000	3.492130403392933	3.5704831102575985	0.8983145015331785	0.5334874033093588	0.21532186495906602	0.7079261724798481	-88.62586076393927
4780000	4.060938601811473	4.379601355047342	0.8060645354742044	0.5941385154457304	0.21610788343325396	0.74792156900706	-89.41079649692523
4785000	3.170554253362237	4.204233851153492	0.8286194789479373	0.6123099819787491	0.22183207125367915	0.8336266123996166	-77.6015523953591
4790000	3.0867672669578363	4.413237137413074	0.8398027306430674	0.6901546217463655	0.20663893392638247	0.741599306339774	-60.43025613953012
4795000	2.990554206976299	3.0691858148213553	0.7916993998552205	0.6732555918744284	0.22859592967982875	0.762153140794836	-83.46870805746374
4800000	3.1641093713135118	3.6345420371452692	0.7802487956514248	0.59136840194198	0.23651950988037274	0.7130939543217916	-89.44008927680781
4805000	2.810785634500431	3.170651155600163	0.8031251935160564	0.677326964897881	0.20926184839879583	0.7417898336551527	-76.03466412272022
4810000	2.8819968806350227	3.7388384812089086	0.7743393477636105	0.4928423187573897	0.23504580531473024	0.7536428750103538	-107.5208424825081
4815000	2.57854458503294	2.8583535974000807	0.8834074404508808	0.637296264772488	0.22946665755732043	0.7560605707846412	-75.05695860177036
4820000	2.981340479063315	3.232845956905105	0.8075632989937938	0.604203058904722	0.21158656645884463	0.7415307529776464	-79.97192146198984
4825000	2.838614030700581	3.5126857773785134	0.8580551463303839	0.5613920163688495	0.31104410938589744	0.7890495534500268	-78.63256810472839
4830000	2.8247838484174155	3.5094825676985253	0.8484959863492262	0.5120298581830461	0.23939800440782194	0.7710045542192604	-103.09947688290197
4835000	2.8983178406166097	3.955546956861063	0.7298285241697655	0.631590686797161	0.2005990787748268	0.7310434672671198	-101.82537783402037
4840000	2.694753325061988	2.8701737465234842	0.8392880200538485	0.6463808554920778	0.2504136602020934	0.8421513096400057	-75.04353742940054
4845000	4.22372715720513	4.3728627540234575	0.767153068472334	0.5943135530630119	0.20818875335299175	0.741278853247696	-97.04021111738959
4850000	2.920034605130038	3.2639415011249273	0.8038002673749333	0.707077383397752	0.22094356435463647	0.9401561485259049	-54.02490667240517
4855000	3.4921394343873886	3.778787864756091	0.8811265163384382	0.5528789455727757	0.2026988598648927	0.7180827608828476	-97.38092921067704
4860000	3.6481506137818758	4.985861297219839	0.8714681417232577	0.6357849466506242	0.2093420725555783	0.9268701895672516	-80.83127630332345
4865000	2.949902138824157	4.528745622043383	0.8292068951789385	0.4873580534207278	0.2795484532539699	0.7614074927687496	-105.36803277095427
4870000	3.7065429147074203	4.008157593053602	0.7601922320658717	0.6333639047812623	0.20969884761164395	0.7148526912380426	-96.33491743189586
4875000	3.3473765813158693	4.03157518787559	0.8980927616859712	0.5798420447054996	0.21878205294607506	0.725360165601476	-79.31841164489441
4880000	2.9882147457202013	3.0392738943392414	0.8879898912262713	0.7072205239186342	0.2150175894318178	0.703450082319494	-47.187297624601484
4885000	2.688343477963021	2.868656664417292	0.8392133932003666	0.6492359314217193	0.21254532290523287	0.7193099498780084	-67.09057210095455
4890000	3.5288526871498203	4.13342038920329	0.7903739936829763	0.6340195301233004	0.23426755180898445	0.8283688569961782	-92.51004921840084
4895000	3.026514590077678	5.2093664650677285	0.8567902609104302	0.5762986029960425	0.22384094539110663	0.7121126976072163	-111.63475717750532
4900000	4.132962432350887	4.881751880765088	0.743295490678913	0.5864828624888057	0.23766371602594866	0.7175189618005251	-103.92010736492497
4905000	2.975019773042872	3.169522088539041	0.8197626198144617	0.4871422963930733	0.24129423258487614	0.7629996017744807	-109.46154191132965
4910000	2.781358140179822	2.9209605634306093	0.8697807312146653	0.7157013394371764	0.20171688254177622	0.7389100766697401	-62.97728777180891
4915000	3.3992855410870595	3.4701716948969716	0.8674820310091826	0.6029844581333406	0.21424502003774928	0.7350225901488399	-100.30668086899678
4920000	3.809281590712401	5.520302291397441	0.7136977507588719	0.5945010692785783	0.24071510332320029	0.8204029493245444	-111.08144546889639
4925000	3.4369750268843444	4.6895388941690435	0.7650165537588107	0.4435337932511197	0.2270385543658214	0.707405909716836	-116.93158269215976
4930000	3.2418519280263753	4.726660935907746	0.7822205118902366	0.6293284690650248	0.20233861178233067	0.7592169280486126	-103.74763276937463
4935000	2.944177924903405	3.0547275532664377	0.7827299070588924	0.6990107030418842	0.21849692459625908	0.9975811810047894	-55.4179744332038
4940000	3.3926999576861228	3.6790827857807553	0.8723801323478818	0.6048258631027549	0.23952208086974644	0.7736196870331079	-91.19663626539435
4945000	3.6833419241540994	3.9778953334466336	0.8603207372895469	0.528577064517707	0.20885078469446725	0.7612730574359065	-100.32208229387535
4950000	3.0269682612174584	3.351178807594319	0.7021386856028382	0.6556981410832119	0.21783596597024196	0.7232529232336419	-103.02764773116883
4955000	3.102864886197921	4.124831384981435	0.7513528418250527	0.5599495055899497	0.3176625953278404	0.7491201725443963	-93.67772182125765
4960000	3.005178165066402	3.22880313838503	0.7859056715945528	0.6487364577010459	0.30117775926437707	0.7939258012743016	-78.02074929724276
4965000	2.639827677387286	2.690480754412546	0.8508639052157108	0.6693163037375277	0.22218886035829533	0.8726533437969433	-63.12991497605396
4970000	3.0817904145206767	3.208094054419763	0.8779795027533351	0.6364928417637729	0.23441299595656007	0.7660653027422987	-64.29156364140081
4975000	2.8468347315096967	2.971749158986347	0.8302682568898966	0.7147163404561723	0.20216568393205422	0.9363828383899913	-46.85200803126203
4980000	3.7006146178786037	3.7148163279204045	0.853478373329135	0.5277781514192694	0.22915640296325976	0.7755053131128737	-93.28908472149584
4985000	2.988485346757616	3.2648224650318887	0.865987938638715	0.6202468913097129	0.21048303709925834	0.9552456566577623	-72.81478637938696
4990000	2.9041222969945752	3.988347107454268	0.729461063050844	0.7368992271518663	0.20868929021112725	0.8175047015931097	-65.10901452456011
4995000	3.9861118862381546	4.239333776152982	0.7423737106274072	0.6045412372434947	0.2040510890474972	0.7498122087436946	-98.62443523399818
5000000	3.6487188138371422	3.687720529811761	0.8057282672653231	0.5093959626934443	0.2402886772854605	0.8166773933425645	-109.93494637202875
5005000	3.1911811412285673	4.799259723067283	0.898920853830946	0.617393002340431	0.22046109521605542	0.7995101639252258	-84.41689751225658
5010000	3.1508797605851693	3.9662197836051734	0.7616457299977878	0.5667636096881581	0.28278483855666314	0.9207053547966165	-102.9095164508241
5015000	3.0508266842270197	3.4203358337825933	0.7916706189922402	0.6497894914822168	0.21886660528481672	0.9498563783472398	-85.24918394572481
5020000	2.821996607864845	3.322375105407249	0.7206341968976744	0.6831904534551112	0.21961110553154028	0.8187285912757185	-73.62178426256278
5025000	2.6160441132918666	3.0839260063704175	0.8684167485946185	0.7290081805219916	0.2028171642094089	0.7235814373697056	-85.35481174837787
5030000	3.2583479993102986	4.402897158865043	0.7754236397240473	0.6032911738496866	0.23023276222207056	0.7353319172903562	-98.35630496157077
5035000	3.1387814397130898	3.480723120056087	0.7418373890640634	0.7130035178044986	0.20082320039496826	0.9619410414099393	-81.09797542171052
5040000	2.922179210099682	2.9266958505260714	0.7073730804658894	0.6809946446740806	0.204442864828589	0.7055159475629114	-79.81158516209777
5045000	3.343073928507169	3.457534621602435	0.8959280305825948	0.4966503819652954	0.2035618376278306	0.8223936162891455	-97.39692815139227
5050000	2.6964187377718942	3.031646926509371	0.7152752728023591	0.5537600799230933	0.2173296354263861	0.7265937707193789	-98.07047258873706
5055000	3.418115865603034	3.8611151232068877	0.8089625895393576	0.5751195135380627	0.20230236820671585	0.7676344424244523	-102.18641032799147
5060000	3.6226681146069697	3.664903379963776	0.8471211515478696	0.5990214645150764	0.2002406670205893	0.7555382411201699	-81.53642409881047
5065000	3.4435284810275504	3.5573448602394064	0.8040959138062141	0.5517039633607139	0.21025030117009216	0.7849047546967188	-98.40372259307998
5070000	3.085264612657657	3.5421724545593003	0.8536168601444184	0.44438932196597414	0.3275621403363847	0.7904417784952038	-96.28886976587074
5075000	3.4562074673667103	3.7751306866278185	0.8363008417910983	0.5985993138467816	0.21705560776267316	0.7225416431472775	-96.71713146258244
5080000	3.2265065826783177	5.468476537573402	0.7482953307255585	0.49009239560593554	0.2764061411138496	0.8141919288530963	-109.54911373817245
5085000	2.990632396891737	3.215848608323075	0.8106222102950996	0.5249426989208945	0.21698629227013294	0.720795273754199	-94.49938853255301
5090000	3.094883438534816	3.6651933204504727	0.8680538393646344	0.5880314057125107	0.22971330977058738	0.9402081193920788	-72.89402296702491
5095000	4.26480787702084	6.034114129013629	0.7911377328002216	0.5790162147242227	0.20575568937500144	0.866603311221417	-94.91637405609251
5100000	3.1241052178886908	3.547300001601848	0.8502871482381847	0.5866950171473496	0.21221561485278592	0.7028338840863538	-83.4594611489564
5105000	2.8294946736243394	6.101220743000835	0.8181243755411395	0.6458774397819714	0.20987669497186118	0.8184885543304365	-73.63662756590651
5110000	2.603114313430587	3.6911806980623685	0.7963300640556943	0.7204235835865913	0.22071802406860638	0.9281903062318448	-68.055702009669
5115000	3.0843443479589707	3.4909806367135516	0.8620532824724456	0.6243463084114662	0.21379044174825745	0.8041085303650783	-76.50938909093387
5120000	2.8399994738290575	3.9052180986369973	0.896355966651745	0.683431825173107	0.2135289849833611	0.7955370235783712	-93.58805842168414
5125000	3.6011562210470154	3.96609523110825	0.8327067867920477	0.5226542247733985	0.21060759627912357	0.7237674227811562	-117.66364725072313
5130000	3.095055795950518	3.2645398481416232	0.8176856224684225	0.730829525663387	0.2132470943657318	0.7333664030701373	-69.9557683418953
5135000	3.2039346912856574	3.644873553286825	0.7706731323332446	0.6329706861146691	0.20306976065788085	0.7260312837511617	-85.26266219520787
5140000	2.756800900307056	2.9459137627309366	0.7152041841891165	0.6985737617893555	0.22356305863925904	0.8243477045630083	-66.93346478852305
5145000	3.123218035633912	3.4094909181243116	0.758065704094137	0.6795188525380045	0.23305469078683147	0.8855104770174126	-97.26360867393137
5150000	3.399334695942772	3.7062043838521435	0.726022974357695	0.5345198776558501	0.24708458958376017	0.7496492126994475	-102.29986112122339
5155000	3.2348469954581374	3.498054430959541	0.7602714570210095	0.7363483588552702	0.21874667283082186	0.9737513609922815	-61.28455253653312
5160000	2.8865839602290047	3.8195896822661166	0.8945340683180397	0.704239425574363	0.21203095858433454	0.7401427230606361	-52.80199231498791
5165000	2.854332621750911	3.175524760094042	0.7737395904828638	0.7957851133771257	0.21267997801633456	0.9555237613836332	-45.253770527100336
5170000	2.741110167630705	2.8101258871647805	0.877137347979821	0.6271481407021701	0.23409432681422776	0.7862705283868505	-60.90107353471965
5175000	3.095237228327705	3.888438207167066	0.7844847873144174	0.590112595794922	0.2205554470795209	0.7366460443835865	-97.80887040896596
5180000	2.742939251115896	2.9702448338717673	0.8030203435931995	0.6789373432164327	0.20260738233483713	0.8202004781029543	-86.60030545137428
5185000	3.1190092352858754	3.2106439717998136	0.724330760116333	0.653044039926713	0.2218261935060966	0.8543803343478854	-70.3162044730127
5190000	3.3228645988958805	4.335188100348464	0.7584485150361029	0.6559358845667331	0.20246652173751964	0.7122123558593354	-81.00156048712523
5195000	3.846510265722189	4.396676139885884	0.8610064227880267	0.6615255139169491	0.2277241084266973	0.944230622139152	-79.50779873309926
5200000	3.8756352511891543	3.8788077406380297	0.8778269109318594	0.45667720206308987	0.28767520993557333	0.7247873307310762	-110.61481651056593
5205000	3.0800168750094983	3.2288073540651823	0.8658037628252033	0.638094103026176	0.20222558454613812	0.7098179084871682	-74.43909585303686
5210000	3.2265670009688536	3.4668667855176842	0.8640448269032295	0.537740849922124	0.20501279699571417	0.7273327033528961	-81.34249677059341
5215000	2.686785029675564	2.901755943024526	0.8019489516403637	0.6186796400962224	0.20159282242537296	0.7318098909273741	-72.33471334311218
5220000	3.0924469443335996	3.217481179636339	0.8122381850643616	0.6664475893374172	0.20313369615359766	0.9269692721032817	-73.6324667524058
5225000	2.6124598858564565	2.7478289903698365	0.8261453096526579	0.7390084541728171	0.21460210110966338	0.8826639708984636	-56.17131536993468
5230000	3.1942902457991735	3.26819236863969	0.8429327403029404	0.6128325158552154	0.20832356766362217	0.7396769843046705	-86.70924552683562
5235000	2.850842426193023	3.3706071372883715	0.7963116194447588	0.7203521248525281	0.20701973502055446	0.8599339344924151	-68.33596113483992
5240000	2.69749313484211	2.7280785778753214	0.8927785767232285	0.7314268684316689	0.20664798719796926	0.7164155178111022	-51.80330139278645
5245000	3.344690453788555	3.630912291163211	0.7415981996149905	0.7013737997049254	0.20271332948986717	0.9510961984461362	-74.5414907727914
5250000	3.0964092007068387	3.4575513223352834	0.8119141286117703	0.5203061135182143	0.28621497239993315	0.9066162933746513	-88.59966101240903
5255000	2.838492425794555	3.556637941354476	0.7359775390880479	0.5836836193537825	0.32255693808646696	0.8436102954914044	-107.25809323958507
5260000	3.645508314838464	3.9179533232638972	0.7725423510257874	0.6066474681535817	0.2213225041406978	0.832291318225355	-106.8919904377216
5265000	2.7096826781927956	2.732363533947832	0.8883001876731131	0.6234291770102982	0.21813094534870886	0.7250841277611647	-71.62634382812104
5270000	3.1316515046666793	3.240997799038014	0.7678892716616543	0.6103860355791894	0.2237102927989744	0.7967428213566635	-81.3745121552152
5275000	3.0472788360739207	4.358679066805791	0.7114336914752513	0.7355756374624807	0.2052852982857233	0.9973973890662576	-68.81443513141792
5280000	3.1125203879760988	4.798950913730518	0.8918641373885734	0.51561667322065	0.2766420806264661	0.7975492836045018	-84.3130061583081
5285000	2.698987233721781	2.7793446141042084	0.8679330382013237	0.6140087045182181	0.3005514718977184	0.8620519850170766	-66.14048491132294
5290000	3.3975360325441293	5.4981261665788645	0.8174711588393185	0.5886312453912317	0.2071038889330523	0.7746401630257361	-103.64942453286523
5295000	4.640134537488354	5.090479146927545	0.8280063960258401	0.5205014375244404	0.25908152636873627	0.716150455539277	-110.41248929613079
5300000	2.914460624219902	3.8942299284121247	0.8924137317391057	0.6672650456759525	0.2221619991039606	0.7475988181696565	-77.93323269607706
5305000	2.7692866935525	3.885890120108296	0.8142677119474957	0.6971932861153711	0.20328655950250915	0.9378086474185628	-64.97589888779473
5310000	2.952097671292202	3.29105721656987	0.8767488726874023	0.669215999252343	0.2213077757209066	0.7689350832532058	-80.59656239276657
5315000	2.700078618473036	3.1075049886560393	0.7392150570446082	0.6135280938801991	0.3199384986519459	0.7817903675935749	-77.81493064819495
5320000	2.8015899864100566	3.714831555829375	0.8358662129399375	0.6022635456567027	0.2144702208378813	0.7620270432158089	-77.07240692749642
5325000	3.4742100112453693	4.393200570295088	0.7136189967300818	0.5699741386925521	0.25141974176078097	0.7381050880687147	-126.30061675394239
5330000	4.506195457873869	4.749189759936553	0.703237474522944	0.4788301022586395	0.3088788889781176	0.7299882778399773	-122.1390414979974
5335000	3.85094740414845	5.352993764251162	0.8575841894806168	0.4476353713337991	0.2663170218199126	0.722324325136868	-110.39352022787665
5340000	4.352239383750581	6.3757352896822015	0.8315490263384852	0.5593594838633763	0.2328846418439391	0.7121547185488185	-113.32033205703596
5345000	2.904300002765289	3.044912931883388	0.7110607008467066	0.5350797813173883	0.2227139203893892	0.748118762933914	-101.45970366058441
5350000	4.373644860064929	5.5993830743098485	0.7634167029738557	0.5321870273203086	0.20391583873303434	0.815990768844932	-98.5390987575737
5355000	4.075308568540062	4.5463110254740435	0.8980474527255581	0.4874549474733097	0.296200328747116	0.7135882288753567	-100.30698386102583
5360000	3.0739734313796485	3.350422122884344	0.8850753714455719	0.5421060663373193	0.21805845546369154	0.7942029580950317	-93.74869863008806
5365000	3.2321685518425207	3.421214810951644	0.7757246550672556	0.5327456953048763	0.2894811170230131	0.8520932243525506	-100.46928744065946
5370000	2.683609553886588	2.80380159508674	0.8114594014051547	0.6374124085062758	0.21613114899761976	0.752489749925395	-95.15880355232193
5375000	2.86658745798786	2.8849970265091227	0.8996610732354166	0.6509895045388565	0.21398179571752737	0.7518464509102324	-72.54436721233
5380000	2.7480439253945077	3.915272744450987	0.8607117188500897	0.735735125724054	0.20161866701257808	0.7162695282966473	-51.9549312964492
5385000	3.6004896384389458	4.052951826335286	0.8226776418746394	0.618261918682316	0.2109898831555693	0.8262193081482518	-91.55457051216081
5390000	3.9878287231525937	4.3890202975270975	0.8066501832853382	0.4774498412941043	0.30099295848366425	0.715594376717744	-104.29572848778372
5395000	3.082594515521688	4.594224146316996	0.7031573915678327	0.5972927476508342	0.20619141959273682	0.8025185143533344	-92.71069978541794
5400000	3.550270495271588	3.7538387576962533	0.818887169245907	0.5641118201079348	0.2097897039069985	0.792267624224542	-88.8890584110562
5405000	3.0375383043925397	4.44211958814463	0.8762727820518383	0.5391546877709255	0.20515762099348656	0.8240218007657715	-95.59423992488365
5410000	3.0781130206693725	3.677811482283939	0.7038026555853593	0.6304784493349395	0.21503138898265511	0.7110076313053298	-104.53552876747855
5415000	2.80344738091155	3.0738867224753568	0.8337826072564198	0.6014860603537544	0.2295464709127152	0.8263410944873453	-96.71903406040639
5420000	3.3510596301430717	3.4332358808602743	0.8460703155022399	0.6978950659246433	0.2128656919306493	0.7525429698565016	-70.6337615504552
5425000	2.768448942402919	2.892274489972158	0.7922727418915709	0.5557767378175309	0.20410652190854817	0.7112932727276449	-96.1853773578145
5430000	2.79978281009622	3.183387626410727	0.7834348997618981	0.6434854216961847	0.2045017127680742	0.7941948641381641	-69.63604314216576
5435000	2.647319522422232	3.0595744390322337	0.8044590577719918	0.6253292249001235	0.2172681849917755	0.7683932850724475	-80.60430599452692
5440000	2.898966314716322	3.8164580452680212	0.8504329583070602	0.5864351802769842	0.21905016600157196	0.8359302506757932	-92.79765321075692
5445000	4.015503276384539	4.935290258630534	0.857706656826456	0.5358508327970519	0.20756775158298676	0.7766078064990877	-104.44659139996642
5450000	3.1893547094582106	3.539524993329649	0.7611669506023442	0.4561740505090957	0.29792794253482174	0.7429346254886976	-108.11788658611172
5455000	3.7732398129424305	4.226379375774572	0.7227184024145072	0.5251397619609006	0.2091349415123999	0.7237805573600327	-113.23813529046848
5460000	3.1833479763259573	4.138285485498941	0.8159302444319967	0.6099102184157813	0.2237264779251382	0.864446706614428	-88.1083249620973
5465000	3.0764968741450236	3.187314024325293	0.8681108030811295	0.7858679002078784	0.2031851613749194	0.9719558750862305	-38.70221653855156
5470000	3.068363157626569	3.8008175833380657	0.8482537930628804	0.521558682010375	0.32017478603107213	0.8320612244223295	-95.99698828546533
5475000	3.0261833012111152	3.598982989911813	0.8057590108399648	0.5299201364081515	0.25691176778396096	0.7674463693874286	-91.20428594292247
5480000	2.5616274574228837	2.811551828114871	0.8469118532421818	0.6863676557286598	0.21723505653595643	0.7360244833491015	-70.77062824657972
5485000	3.011352244583617	4.500385462969291	0.8484454838783723	0.60839932573519	0.25844000092737396	0.8054081798985687	-88.92963355657344
5490000	4.028841746581778	4.096065809983583	0.8688480740962824	0.5673101428707333	0.22549037986014908	0.746859527365661	-85.89349257109043
5495000	2.9842581003646402	3.340892903335452	0.8233955839155315	0.469348650632714	0.23998369666880656	0.7990561478467676	-106.15440665681078
5500000	2.788970169038857	3.4170194925591617	0.7644841809508289	0.5929500896306904	0.22448684466771243	0.7744148848818045	-92.00456017575326
5505000	3.44365782596466	3.837923471128029	0.8994651047296307	0.6103009941050144	0.2538296614885013	0.8494344515705258	-79.56991654236685
5510000	6.3020362697696255	7.613203252769154	0.8027439130038406	0.5425828636623042	0.20111192465319616	0.7390033350827816	-112.37560878274556
5515000	2.58987626963641	2.833245073085186	0.7933818512546487	0.707182769774847	0.23146937860540942	0.7274248208211367	-68.70493419211985
5520000	2.6635717980454237	2.6736121548127807	0.7007053354499876	0.7159375677931246	0.21019307535637502	0.8566986262596219	-72.08361386733824
5525000	3.544735184230777	3.70892491951237	0.8702015461106647	0.6421012909873215	0.20150245827577315	0.8419848452727018	-88.12062966082192
5530000	2.884767553202049	3.044246628215659	0.8377641218307209	0.448036409418391	0.2986360747515647	0.7426425393308212	-104.30881437915033
5535000	3.59138402773247	3.84574985829908	0.88444618604513	0.540382459067012	0.24714387642884156	0.8608818353399944	-92.78948343054236
5540000	3.1776447359537645	3.2639540133734086	0.7047946465431112	0.5979987218447758	0.21405993779888277	0.7606307712292535	-104.54053011001832
5545000	3.6232662996755813	3.9682264161810012	0.8023007428474864	0.45791753442653427	0.24988658424047605	0.7233585473080106	-114.6496234953542
5550000	4.070555075649549	4.52152617746372	0.7227852972295071	0.488036243003212	0.24369072366672873	0.7201682586043446	-122.55316275991524
5555000	4.391578658857563	5.551284056317513	0.8010969835341673	0.5584125629207038	0.24257072914534952	0.7159630794689998	-100.0999879575262
5560000	3.29720041474809	3.757505784371893	0.8423827697285915	0.555051429325524	0.2280191398360919	0.7399888976654586	-96.55247734572288
5565000	2.676534010459024	2.9101092297840268	0.7922491279115625	0.7075300446652417	0.23691824041186682	0.826639998044067	-64.4141846814737
5570000	2.573166850978816	3.079745602064604	0.7596433199811452	0.6868758867969473	0.22366341556567115	0.8323973628524365	-56.36738167539218
5575000	3.2831257069177076	3.416728391888084	0.850471721233895	0.6776674631998154	0.20443858714552215	0.7204403728321569	-69.86403051626263
5580000	3.1393136993489925	3.2823438089195887	0.7912054877561895	0.5887422522941586	0.212254234137985	0.8992502636325717	-96.92100825776197
5585000	3.158995783108972	4.742616537439345	0.854911268372229	0.4120637857058582	0.23507007984783004	0.7073771714380551	-100.6954598485701
5590000	3.129037043050742	3.4152797942159725	0.8482385014851128	0.5557420163855539	0.3000749807093845	0.7581013152984837	-74.39497537445033
5595000	3.335497181669839	3.389678370778551	0.8527572852849429	0.5500266162083619	0.22060614371349282	0.7398488020900157	-92.08804074713669
5600000	3.0482328200603344	4.0804210513380035	0.870462057289843	0.5817889279038894	0.2090325270562637	0.7233398676898263	-84.71480723632357
5605000	2.588647157671908	2.705004745624652	0.8970542147576935	0.6745149415159143	0.2106994438541141	0.736392258721874	-69.89819438054823
5610000	3.8486197055565636	4.94532311060787	0.7459828646192113	0.6568322374202904	0.22710311784408826	0.7473290497525287	-90.69802913705016
5615000	2.8673451476122005	2.890821417076683	0.8717531708772613	0.7176589515111556	0.21266894078913845	0.7226166632586573	-73.13985589596186
5620000	3.7188298539690807	5.002179640339236	0.7891958012401517	0.4686251907476251	0.2670118564695162	0.7780209239150644	-115.99384622756344
5625000	4.297505993231702	4.969034865324122	0.7431062457967792	0.45712922931039157	0.22379377145228502	0.7456693487683891	-115.7952966838188
5630000	3.21505378039423	3.8278060991533676	0.7227654636597782	0.6150581932924724	0.26518007640854196	0.7509778716577711	-88.55329666378734
5635000	3.0320281577476025	4.3079312477011324	0.7526645126970588	0.6300284333227247	0.20483606405432442	0.7000548177057373	-99.68031250061114
5640000	2.9700575186060556	3.9183883417413954	0.8826797558082616	0.49767322948665055	0.21931727418788763	0.7090209794962289	-98.9755429170082
5645000	3.721631228559691	4.461871008034599	0.7701438316968218	0.5653279924981472	0.23813891261231576	0.8073381257003831	-92.03905912628397
5650000	3.585811860890898	4.84014985244686	0.7877718002194103	0.5778447320138768	0.21271062429647725	0.8655655974299254	-103.90218457186518
5655000	3.841822442707179	4.248279332578298	0.7856573114687928	0.5486721284862687	0.23164011292579986	0.8419488306958336	-106.65774325248225
5660000	2.802904438243035	3.8243960259776646	0.8281897224396053	0.6660883091766927	0.20112514692974684	0.701861275545171	-76.92559677836789
5665000	2.8722926220544323	2.9436077111625574	0.8690914884028622	0.6355049562527106	0.24674604404977005	0.8945591576241232	-75.95570293415878
5670000	3.071694112710722	4.906407779452604	0.705363398688991	0.5655134749725935	0.24322114425426586	0.7462431535836898	-115.80012805225127
5675000	3.0299783349596296	3.295978298162956	0.7640938519587117	0.6559811039443324	0.23200644705700024	0.7944174917864912	-86.9706661074296
5680000	3.1987813453218976	4.95137378193524	0.8632789698585311	0.5845193503607575	0.2067565932205816	0.7492867029331508	-81.29632361149407
5685000	2.692097538816063	2.8630924855445663	0.7916142601018697	0.7128407969355035	0.21504833067339107	0.7816640179026006	-67.10838163833944
5690000	2.704911082410892	2.907667925057484	0.8611913646908413	0.7512559253761059	0.22313735823062178	0.8748158018605844	-53.861736874510896
5695000	2.807280380433546	3.281734983457418	0.886183260215614	0.7197314723682127	0.24385940614403195	0.7320951607434392	-69.11814801608938
5700000	2.949716604669572	4.5410057198076625	0.8810041807942969	0.5628919315277031	0.20307694749327887	0.8170381509925588	-98.27106476903734
5705000	3.421615784677493	3.5310908451799574	0.8165737779164511	0.5650472732889736	0.20319570714316793	0.7418481294146788	-102.53943460362566
5710000	2.790397188696472	3.573942800682766	0.7055692524965667	0.7336680894889946	0.22211458335825052	0.8207766137135915	-70.18716346995302
5715000	2.6654935228905	3.285040491259767	0.7984969158197806	0.6021834175356429	0.21765689067864102	0.7904815890389625	-98.6050941529613
5720000	3.068202031347533	3.3827414799572977	0.8561318590413641	0.46961371836691446	0.25441142008856943	0.7137900687368667	-101.69042592689809
5725000	3.608716421815462	3.9762152684994647	0.8926218541639	0.4815103008847334	0.20348163675321865	0.7390849450958409	-103.95803419680573
5730000	2.817677092415433	2.95092656140853	0.8909941404165622	0.5640532717352049	0.24349549173292523	0.8172048028155801	-86.03647656554676
5735000	2.747437256641562	4.679802954627787	0.7665092212223937	0.573171032373122	0.2027722170574294	0.7401291123641838	-98.14734825369388
5740000	3.0276846590251614	3.258729581193651	0.8526650478091514	0.7219727293097369	0.20850490807491465	0.8626815735601562	-59.814981895582996
5745000	3.151365140371624	4.325935865973253	0.7986430230933932	0.6760565024424545	0.2221550749879777	0.9563217775573636	-64.78922840760515
5750000	3.082649865996438	3.9671330656444344	0.8620842749664913	0.5263883945270414	0.22699852145368993	0.7002152059190212	-95.40696279510087
5755000	3.012737510263094	3.2509751273792236	0.8414172065799381	0.6266649993699349	0.2623966177219914	0.7934048892406693	-87.84739782705446
5760000	2.9888425974691857	3.7469381704344995	0.75550222483335	0.4835558436003959	0.23265678887616004	0.7910828783357933	-108.35837595960047
5765000	4.088589302533563	4.2013943410772985	0.8010739788664674	0.4615928798196474	0.21024613870093237	0.7009288879380595	-121.30077934548311
5770000	3.8056256765132757	4.244606263175735	0.793861394267069	0.6443093523689182	0.2110718721740549	0.8291040402564315	-81.871493952164
5775000	3.736584023442877	4.021863027851884	0.7492662491090907	0.5418646717462191	0.24002841388429583	0.8453138131178073	-101.62784104199488
5780000	3.2117246406836797	3.72027633203165	0.8937771401968749	0.5913324370569103	0.2207190095722151	0.8043863205863445	-92.02533212961214
5785000	2.8679948001546305	2.9205952865075737	0.8496974100639986	0.5910857213095875	0.20696850147434276	0.8901773400900267	-104.46623078842777
5790000	3.118808316574097	3.5699154425347013	0.899869494935753	0.5948994271464468	0.21057056122056825	0.8886281286853572	-92.25196056750755
5795000	2.9062155628501496	3.001924395171093	0.8877947736267031	0.6674308951597756	0.21141117071443644	0.7758679930210358	-80.65952278472412
5800000	3.280202939517898	3.3603729008859484	0.7723700043567104	0.7044369771512282	0.2193527043716739	0.8571306539961043	-64.4878630809493
5805000	3.6839118652310243	3.8412006459116523	0.8652581259035851	0.6067130983952898	0.21984511856408054	0.7526309975693771	-91.81953868293004
5810000	3.3211583322874367	5.288893244315057	0.7489096542428612	0.6544967029278613	0.20628781308019004	0.7884197933516344	-73.11962869418039
5815000	3.1576792269963	4.30351452799622	0.8087452613899687	0.7072684703745643	0.23365131136929518	0.8431102393830673	-80.85065810565334
5820000	3.660957414501254	4.118400904356895	0.7151338290395626	0.58567204655724	0.20467819703707846	0.8365579216417734	-97.2805063080985
5825000	2.8215135181784854	2.942699915799439	0.8365912178630719	0.6201659089809171	0.2323059629457999	0.725257117090347	-90.50654398272798
5830000	2.7770679277737695	3.0820823626393463	0.7991678036820248	0.6146609101915362	0.21517119253784153	0.7374430704533632	-91.73055530068817
5835000	3.4305769354849724	4.188254219142386	0.7822498202325243	0.6869642375090789	0.2042550046572922	0.8235301743878858	-76.21714631317215
5840000	3.093885840980238	3.797186430290514	0.7650340674980575	0.6295721849049913	0.2182831231700152	0.9000030786707751	-98.82034339297545
5845000	2.825560067655245	3.0098516289718917	0.7326366383182092	0.65819437092242	0.21610830212681187	0.8170454681685493	-87.45969616373762
5850000	3.025340834135723	3.366846821762071	0.8537434148114843	0.580513140642352	0.22917970934323068	0.7488112138273282	-90.5478360697779
5855000	3.625117812695302	3.7109346838740906	0.7983596746646742	0.5939681003787946	0.21994897186595602	0.7206170680214959	-94.53470577043936
5860000	3.224493672456095	3.4790539402694645	0.8260426409391987	0.6067467278340355	0.2728314590571506	0.740696030906373	-81.10087867287584
5865000	3.3685717100134207	3.681753488027348	0.7652924498685889	0.6457400005801642	0.20981532729527191	0.9953113261861009	-88.19166419942195
5870000	3.824315370200904	5.570105673690849	0.7622565948936005	0.4568925058574512	0.221230649047131	0.7495598673739814	-116.50256197712167
5875000	3.805989839312248	5.490630641137714	0.8385286105107327	0.561054162581311	0.20392226563249644	0.8281871967754637	-88.15396612525862
5880000	2.770824311563427	3.1016805222048283	0.8814777886339022	0.7356704410894983	0.20189924238359958	0.8745380088150844	-62.702306346233186
5885000	3.006911528206397	3.076971710782094	0.7080047218169826	0.781044591622519	0.2218692579426746	0.9549279119745804	-36.69407771332375
5890000	3.143731207980036	3.1911251317583034	0.8870982259827731	0.6787090122163394	0.22546170733514764	0.9514571002600225	-60.40863352662999
5895000	2.763653810804672	3.3379936110280832	0.7164487080886306	0.7385161815339821	0.2344104166020299	0.997545905178678	-58.46379012957766
5900000	3.2557328737747535	3.6514986250177373	0.770617555686718	0.7194784895101654	0.21263416491591633	0.8273623482585557	-62.856076519550165
5905000	2.772617825033584	3.010811658826841	0.8608968322204401	0.6242781175881575	0.21878271595606025	0.7174641212989592	-82.87572595828215
5910000	3.1010093917566444	3.10705899579763	0.7417738806850026	0.784110755887814	0.21028003079579827	0.7933197115259507	-58.99019526002732
5915000	2.7112530340461314	3.154188278142678	0.7828299794453599	0.658600387229047	0.26763896203759263	0.7649892945116269	-95.09188170782963
5920000	3.3663540293572005	3.3934747187045726	0.8036584535358811	0.645668171311825	0.2087098519609498	0.7291682882800806	-81.28801924012987
5925000	3.572794480551956	4.111944332262386	0.7680182223979383	0.507774041713853	0.23160166738250143	0.7780641915531591	-98.50715382426807
5930000	3.2636959974439193	3.744031679420746	0.8950177282946623	0.41516579586278674	0.29051099587403617	0.7835056917283146	-97.9589419853927
5935000	2.9793966675861117	3.4555761235799776	0.8126374140833126	0.6201310676144703	0.2146167620481458	0.7334045325307218	-90.84856770713773
5940000	3.56728091105283	5.382046818858567	0.8643857794014965	0.6233758845157975	0.2031159089378044	0.9499131521555635	-89.37390811365685
5945000	3.5484622791800327	4.055154485168438	0.7235345524050928	0.49595585794106456	0.21804697056611927	0.7120293856714993	-122.71912048349111
5950000	3.193641518596542	4.928531338489056	0.8716730796001403	0.5680689313121969	0.20369005693241862	0.7115437936895991	-101.5698207967292
5955000	3.2427945187649114	3.8312941102272213	0.7885545138096319	0.6037495058247767	0.20128256539796227	0.771253081895317	-83.26200474056517
5960000	4.300424859100565	5.210891466458633	0.7370795509682572	0.5474221999773178	0.20546105717803048	0.7376126368997306	-109.81009079504179
5965000	3.5054785939692836	3.940285716763126	0.7835044036057074	0.5177438491179885	0.20017494962419932	0.7137706180687244	-113.81101443042499
5970000	3.319028861271986	3.535689114270871	0.8515784835386392	0.676272249135759	0.21605541672500755	0.9894727276151748	-69.956367045729
5975000	2.564757324924492	3.3406251848908983	0.7906696199976284	0.792651006452219	0.22476860074974842	0.9623298468449037	-49.49577331179574
5980000	2.5961930130185014	2.881548471534169	0.7651246941279668	0.7918618463946692	0.22228240305716854	0.9936078608548287	-19.85125664642805
5985000	2.9138928994822804	3.2288818258798053	0.7820009866404423	0.7336901566952021	0.20221238520525306	0.8216481474692358	-55.76000310059986
5990000	2.600674734235561	2.850285795754096	0.8139037073820928	0.6632435091369708	0.2092977525105993	0.8535317253090884	-76.01940471569137
5995000	2.62562555548892	3.1593551452835062	0.8759182036613102	0.6585655390266253	0.23487878177846613	0.8902385334598854	-62.88171525339701
6000000	3.6534184511117296	3.7621851041137435	0.8720478566612481	0.6214344163844523	0.21159402540557967	0.7546057573093564	-87.47754697416877
6005000	3.7457118916845227	4.1558330180543654	0.7700089825117387	0.6042152944106327	0.20444654781732444	0.7269958531981706	-90.15116260375959
6010000	3.000801601274045	3.3225862845646903	0.886370351425938	0.6301169393778633	0.2046044098922611	0.740415679035196	-83.02339157033464
6015000	2.8233161261893094	2.962936233508465	0.8809458479428095	0.700249550768742	0.20932948606365287	0.9946348092047087	-55.00599143961605
6020000	3.5902652553052024	3.743894718644655	0.8576683653931956	0.6738767719165502	0.21149987542386675	0.7560518193791544	-87.36428432927855
6025000	3.4237271951036603	3.650860979878442	0.8516095120864677	0.4823791902388981	0.22841368338615017	0.7101525124816029	-114.66929693232359
6030000	4.3278331155295255	5.028054309074789	0.8207767302881877	0.5397862171494672	0.25465406883675556	0.8260124960323543	-106.77315935254833
6035000	3.5510785680296384	3.7421253776450896	0.7650810271620578	0.4545661256913471	0.21041857515085105	0.7030663438596749	-120.04592118938604
6040000	3.6264368311013007	4.471545219522568	0.7942523528247539	0.4973303532203274	0.24607679210272698	0.7551929404507123	-97.1510502418557
6045000	3.4870268883506075	3.7591472845894405	0.7784168184975329	0.6020570915614408	0.2532608603756465	0.8191547454893648	-96.38330433861773
6050000	3.388350247350578	3.90527188220177	0.8719717893729082	0.569687458630803	0.2515367345322782	0.7503015354712302	-81.9892640312797
6055000	3.026059556765091	4.487729237376411	0.7513303557340598	0.6994561843222613	0.2714901177486765	0.7849089576045849	-72.38914731419823
6060000	3.129392711562034	4.184058388579786	0.8667369181698757	0.7013217583864481	0.20237920725101646	0.884540680852116	-63.18229398722665
6065000	4.196217419183371	4.995253934686645	0.8155155391538935	0.5495389416044945	0.24282375814975882	0.8359695173229337	-108.10086505337875
6070000	2.927531580809383	3.9288836261673774	0.8861823116825315	0.6860129888936473	0.21199556248959248	0.8449544343730683	-58.78303820815899
6075000	2.9282480959849733	3.4577934084036688	0.8191474085796309	0.6338090362152488	0.21671495916998426	0.7761915254327038	-73.6218474835577
6080000	6.1003192768195476	6.983449897266236	0.7178729649410511	0.47863083530164174	0.2729044698736372	0.7588514346473666	-129.70926507844857
6085000	3.003286573846733	3.253451978936623	0.789030818820346	0.5725508919880229	0.23157329748330713	0.7091646724096582	-106.46339524478512
6090000	3.531094853231677	4.406637558858891	0.8059185402392056	0.5871994951818436	0.21480221492371668	0.7901029390479755	-97.46748154454383
6095000	4.043410009987986	4.91230318840581	0.7229370450497219	0.595417815172219	0.2053520925966326	0.8130823118958508	-101.70073003325413
6100000	3.2209751605279147	3.4654533837895705	0.8930947043117139	0.6186229409225886	0.23325430926920648	0.7122382562934427	-84.172399820247
6105000	3.993694601030694	4.2826986265974405	0.7673981429618394	0.5219580943032683	0.269599410509366	0.7089989204626344	-109.03810479138963
6110000	4.8227115842972195	5.722663679752577	0.8354996738183975	0.5328677087215887	0.27121142069020154	0.7020767876046192	-117.78293365064064
6115000	3.3766064207845554	4.051385640224759	0.7559637185984307	0.5032536845665404	0.23919776481385546	0.7897564886126881	-96.27277433663048
6120000	3.8295538341615862	4.102310446905195	0.850639046118678	0.5336879585815706	0.21698353411396132	0.7242133739787652	-112.56606002898457
6125000	3.4613462094587906	7.2169905649563155	0.8915022375848402	0.3692390615922149	0.3023066013679038	0.7297136332035318	-118.73180914596139
6130000	3.1775926250669664	3.540917346730058	0.8431812395406836	0.6248205352985112	0.20340495752737164	0.8360035927827102	-73.77983305155425
6135000	2.9807948171812377	3.3721364234959874	0.8262048749158676	0.5659654251452257	0.23816097685557	0.7259380966621292	-80.51029894820712
6140000	3.360471682698318	5.073463169612334	0.873287516338573	0.5051796671049813	0.2534550361983525	0.7229211481088785	-98.76015463913731
6145000	3.089175455920929	3.238964021898684	0.7895430451020439	0.6934784058369264	0.20879835799412547	0.7203342466025612	-78.06356965289868
6150000	2.7809591794623136	3.2542231372582506	0.8037849627614253	0.5758973283570724	0.24465249789581325	0.7287414158913172	-85.37974481386397
6155000	2.9036194380945988	3.188028548052082	0.8442335529624432	0.6839717428383284	0.23374276822239395	0.7666806607088796	-73.36381077457762
6160000	2.6375059241148167	2.6499898700436937	0.7005493892741064	0.75562053325913	0.2281596750194224	0.9822538995589609	-51.77481525573695
6165000	2.861181650913444	3.013191837275551	0.8002479883251468	0.5922934382884918	0.2556789246495075	0.9149734075225074	-83.37874578626503
6170000	2.684178791643348	3.9175700344470368	0.8125230712021985	0.702713210038652	0.20407053918094062	0.7797989811194375	-63.969102402881155
6175000	3.578631891331625	3.7547707897995113	0.7007944529069179	0.41765346739110515	0.28540839043426625	0.7342876855617315	-114.0589040422656
6180000	3.910643305706697	3.989496763553437	0.8157957808816825	0.5781996655167752	0.20428116791694817	0.742154855828406	-101.2520877415233
6185000	3.3008573497863885	4.975507131789581	0.7266088421019757	0.6657281624089106	0.25108763398618034	0.9518529544700438	-95.14560351655462
6190000	2.880482456204002	2.9200313330378753	0.7105391563537172	0.7133923799532467	0.21990849048044067	0.707544629681942	-82.11594239913413
6195000	3.1371808314791934	3.4534792194837802	0.8653670623644236	0.45708946263854267	0.23829940643831543	0.7280706293338148	-110.30392366338367
6200000	2.7673055660400743	2.797264675889599	0.8886516355955679	0.6059907293159851	0.2486699817207945	0.8563534417615052	-87.65187372586871
6205000	2.8414859905125094	3.0619701995742394	0.7506875238506138	0.6968475699203109	0.2228343211631975	0.7887107058264823	-75.6209235942093
6210000	2.6557111497355153	2.860673045411549	0.8537087546725943	0.6970344500411487	0.2040916462914673	0.7758297898746621	-72.53889358127941
6215000	3.336443180111448	3.532165154953505	0.8121064967330052	0.6731586070097277	0.2195248704580906	0.7328516662987956	-77.93523720272381
6220000	2.798115107365688	3.029191112172843	0.846991293492886	0.7373826219702111	0.2304832843001715	0.8207036664918612	-46.66121675202463
6225000	3.1133869285870195	3.3493739987435474	0.892548749192717	0.5965197068806429	0.20860911787049008	0.8289430776011725	-73.53943472032373
6230000	3.2430825596274824	3.913064251988477	0.7308698280764657	0.6388348778220746	0.20345122228029747	0.8054596775657646	-76.47180741634617
6235000	2.7655263118254068	4.547651564517066	0.7832605428691194	0.6689651060213885	0.20133674541857907	0.7063605855681002	-82.43773165499829
6240000	3.6642460289807546	5.583338375274033	0.7670150679098924	0.5675206286242643	0.2035157457081339	0.7295208972830216	-103.79557122413459
6245000	3.8499692134739005	4.25006324352523	0.8782703181225723	0.439584953414708	0.3110969680879724	0.7357359071579825	-111.91899195768369
6250000	3.066507966143612	5.126069986023295	0.7207385305713048	0.41775585636710216	0.2953553311201193	0.71569145433254	-131.3460044013943
6255000	2.7715949987940736	3.4312309668407073	0.877774086339455	0.5993173793282973	0.22979159292745036	0.7725274865635051	-90.43434701301132
6260000	2.895483699537395	3.0365266653881893	0.8696822789616044	0.5612429960201452	0.23980085292899067	0.8935761328470967	-88.153428987166
6265000	3.268225058442655	4.047894062392746	0.7184575198605575	0.51720196781357	0.22511736275438168	0.8080504412145072	-107.61491778017123
6270000	4.047765062479935	4.069269763251326	0.7561411260559854	0.5189531474608273	0.27286255556588124	0.7071636887026025	-112.95285329407474
6275000	3.0968960955007723	3.7218717612912076	0.735688098527426	0.6198728447791908	0.24341117389766076	0.8053969580853104	-92.29761814053569
6280000	2.691242467258462	2.869575667764243	0.8886573460831299	0.7472533571272243	0.20548325612651164	0.7719011702117488	-54.13476755915083
6285000	2.6118334097403513	2.8131179513405438	0.7504863371675247	0.6482490969765183	0.20922055205159576	0.7093723813850297	-70.20993411133284
6290000	2.8967640843269815	3.6903084670707136	0.8924814659272762	0.6422159605669883	0.2058656859385123	0.8583509646327567	-78.7690904097825
6295000	2.9735856750881773	3.311219405239455	0.8348698753463957	0.4820804967394238	0.21495289071181745	0.7161232537864514	-95.65777056652766
6300000	2.8662448125246818	2.902568095119785	0.844735673918318	0.5988409552814216	0.232401402300356	0.7955876967799405	-80.75366965005759
6305000	3.5150642032150823	4.103537062820085	0.8148868858285122	0.6673888013047917	0.2233406420211311	0.7696792914226618	-81.37014826681579
6310000	3.0173865181102495	3.096836539183421	0.8193066910491963	0.6784537277575715	0.20054838506909883	0.7422766988524163	-78.72600908167638
6315000	2.998471643685339	3.1252747833980212	0.8953141644240756	0.6099908212575146	0.28607564338084374	0.7559301523473485	-89.51531131339388
6320000	2.7615972407168043	2.8037774670479942	0.8534108844104804	0.7356601910286997	0.2246068902766971	0.943514478451823	-49.711062672656
6325000	3.182857521407862	3.6816737845444103	0.7694241171614862	0.7423861780433196	0.20586954094060395	0.9762087765804176	-66.26903164726815
6330000	2.9168408427621464	3.8314213576257905	0.7492228692877582	0.7332999669692294	0.23151975086020962	0.9711618746809679	-59.748448893199246
6335000	3.2500328178665954	3.965443134147801	0.8316875353500861	0.6513431387251796	0.21809019196423476	0.8022328663728372	-69.87490025744398
6340000	4.185982751415701	5.165056385776545	0.7734272889564322	0.5075521148517598	0.20331280044288336	0.7143586910919087	-110.30358155102641
6345000	3.7184702682577426	4.362002484680195	0.7859640448410657	0.6763777310527851	0.22549962039550508	0.7920404299244196	-81.23967651434873
6350000	2.6483277505172538	2.682719964337409	0.8539820006364599	0.5169197093684588	0.3030422077156416	0.7001387806121728	-95.99597174767774
6355000	3.3868620117001123	3.4639452163713806	0.8718308160331123	0.7021217364784151	0.2112451012044431	0.8913204823990933	-67.51088482067428
6360000	3.2694938401286797	3.7202407492591583	0.7796499018159219	0.6018376240031823	0.2745391226088631	0.754405731998722	-101.97251419584384
6365000	2.7613274623871646	3.306527282206579	0.819299259793656	0.6323878725699582	0.22647078015375924	0.7110235420616241	-78.89911683714931
6370000	2.787087876425818	4.491694972169303	0.8968261549383162	0.6820232808323338	0.20569820466311017	0.9101233965879385	-48.47754693818237
6375000	3.0289258561055763	3.0623746797530287	0.8590383624635415	0.63320268804377	0.27578816116707106	0.7858772850575851	-75.41121899283297
6380000	3.1594936004734433	3.8385596237263293	0.7583223821335534	0.6606258204414847	0.2069649391644679	0.8162345608618037	-76.54382365489951
6385000	2.8680512780496326	2.9979918516493345	0.8358565539585652	0.5158262881722833	0.2529414500901087	0.7043872618988325	-77.8249944026378
6390000	3.2827859146231257	3.2863947506650106	0.7515720493963204	0.6861610395243638	0.22319200114576165	0.7746968493705952	-64.82039847653502
6395000	2.5956506243037896	2.8975151707280413	0.8895111055769442	0.6050797450311205	0.2660265456861093	0.8782721748786475	-73.74984813611371
6400000	2.9008707922241093	3.038337294264907	0.8337987901137499	0.5423151150272825	0.20779193954983033	0.7984228115822691	-99.25310428477312
6405000	3.3206869263811285	3.914129024350684	0.8635954472938078	0.527393024946054	0.21110397943688053	0.731457643923605	-98.33620434056616
6410000	3.614235103138282	4.572863068366904	0.8327190342023042	0.5765733688168022	0.2794755311244926	0.9157718608815408	-87.34106485947274
6415000	4.28400565825352	6.9291160263131095	0.7855575519037916	0.6106881476852644	0.21698716286423173	0.7874291583467528	-93.14209146405236
6420000	2.956741810705396	4.237332346771344	0.8632029444455466	0.539634206750755	0.20797595440669878	0.9111465388743666	-101.0516713130867
6425000	2.866235753350794	3.0824182549880415	0.7173032619071306	0.6320118174092297	0.2707289605237977	0.7156952938714632	-84.50122815767165
6430000	3.022538390258593	3.5959730328917408	0.883994188664448	0.5862019924635463	0.20536305054019588	0.7771480139918806	-86.7053576094026
6435000	3.2081207927444018	3.7953205452822814	0.833566711132465	0.6345568269701015	0.21436183759661875	0.7719157514068653	-95.05514624493173
6440000	3.3967040745118027	3.49232790078501	0.7602833713971006	0.5374126017279354	0.21152515925055201	0.7959634268512814	-108.04329511717785
6445000	3.3080454957935586	3.7475982987610084	0.8944138079226203	0.488145070349581	0.27623028330162125	0.9244265321275348	-103.84780801902545
6450000	2.7761544929305617	3.7944993576874886	0.7288392585752151	0.7005907452411647	0.20142474706124144	0.8885686752682864	-84.55041928742176
6455000	4.834593080111487	6.79320134895852	0.7802263858430214	0.48927323815361545	0.20863916907791785	0.7826149909534371	-115.31803949216697
6460000	3.2103277410592446	3.4192158761540536	0.7843372443921859	0.594378234438016	0.23343790924433744	0.7190569924074669	-108.42856834755554
6465000	2.7081373299320055	2.8482151635987285	0.7138465937776686	0.6477829583370488	0.20129420206992016	0.8640067585956447	-79.97688852160664
6470000	3.151248227931547	3.315180657111793	0.788432323790112	0.6339873322368853	0.20323072616553683	0.7162777848744938	-84.63697268817151
6475000	3.064481350581819	3.2350793854545183	0.7863193782561587	0.63064435388581	0.20808043204179838	0.7210288368282383	-92.28491928282347
6480000	3.1580251771196473	3.3543082181845962	0.7931012808950285	0.6348282391601024	0.20799619214520124	0.8862714123024422	-72.29801666882759
6485000	3.3414564269463085	3.830712101492016	0.7044598433381078	0.7311988800962177	0.2096662997433097	0.7923965556516264	-73.17686593193295
6490000	4.363477546152512	5.080715966601151	0.7254822398043198	0.39015248415053944	0.2582441507190394	0.7750908504440338	-120.21599640520304
6495000	3.1054203659421167	4.10692263822797	0.7458924306906591	0.6226873730940908	0.21553025728252206	0.8512029920215473	-92.18510244530245
6500000	3.2722367071399425	3.983856987792284	0.73718031381178	0.5442005714823029	0.20035562632456727	0.7533831036298493	-94.67773582549336
6505000	3.0806497224451954	3.0818589751156718	0.8636221860448016	0.6694172987893933	0.21660474688828038	0.7973002560185667	-71.4983649959091
6510000	2.9453612553252517	3.0011789030708176	0.8454585738978203	0.7179159376820023	0.26222943669768434	0.73373348631067	-48.11981043460366
6515000	2.950965139484762	3.6652981302910237	0.8277924821766214	0.67284665001983	0.23224147850516094	0.8814448642472458	-80.55836947571558
6520000	2.8483959126753415	2.89160164409128	0.7316697612866915	0.686448594687785	0.26192060670418604	0.9356941387762607	-65.34889836124046
6525000	2.7951514925164855	3.038274117895484	0.7612410795990238	0.7362084274253465	0.23786483965769475	0.7009105273341535	-70.5759327786445
6530000	2.693357931187147	2.8441374074543626	0.8647070449207056	0.6762223038695937	0.20461968287847204	0.8531111829780753	-68.3885772520247
6535000	2.7052083767558095	2.7549008275666167	0.7111222274973924	0.6706013929996817	0.2008584439509894	0.9577775694371152	-85.56627177337563
6540000	2.686137584879333	3.5300765174869917	0.7839224212718525	0.67655912461488	0.2019335795342215	0.9741079290085837	-79.52507724480779
6545000	3.3938993801691293	3.716195915319402	0.8880072839556363	0.5365201202888513	0.242443973743947	0.7858466908951983	-92.19939827600766
6550000	2.592491572829107	2.8912653825546655	0.7298109703889332	0.6990547819383947	0.21696165456927796	0.812143334254417	-81.74853016406672
6555000	2.6412833620687812	3.58599832985072	0.8167160357846407	0.6483466780362103	0.21208295692949555	0.8231419406013838	-94.87749488813992
6560000	4.0664056313689425	5.2343758058130465	0.8624579426906094	0.6327110284232161	0.23901935811593092	0.781920076327538	-81.95687586523101
6565000	2.55796639702388	2.930007624895026	0.8311722271629712	0.6100905022670331	0.21278975165616287	0.8455139797594318	-80.05449551816761
6570000	3.0247640328411864	3.815466614010219	0.7978608043121718	0.5675406774669117	0.22128006190018862	0.7534880172931528	-92.56309934736126
6575000	2.8562482911846927	3.2582521137354536	0.7597725878314248	0.6087657703031182	0.2257165747278578	0.7800193452392999	-81.01416186679597
6580000	2.8134664696344105	2.860708258262252	0.8227284977468379	0.651106710176801	0.20897444529029652	0.832808396845585	-74.53317320676024
6585000	2.694660124955452	2.9381265645892523	0.852143470919424	0.6930018253544478	0.207422255582985	0.9455438293466375	-48.13713276611352
6590000	3.4527551739009246	4.0155712867202284	0.809996313574236	0.5328391409816702	0.23594878479153356	0.7421123428062351	-93.91703638363035
6595000	2.960150245547232	3.233399797685948	0.8818809488408877	0.5515565514247073	0.21367099901038977	0.870120407742496	-105.15885557765449
6600000	3.5683329857987354	3.758344703753228	0.7951945062456477	0.49419434156525827	0.21936629907326344	0.7168530594938446	-111.60823170700814
6605000	3.7562659514460908	4.157921214592891	0.7945579481497326	0.5265009820476575	0.23881896555777124	0.7387350907605871	-100.87141510119162
6610000	2.897903904253993	4.158262363409736	0.7740638486948895	0.6183916211930767	0.2209740301288188	0.8622475604096679	-94.15391128145694
6615000	2.936707228310635	3.1407757364686057	0.7190395502890583	0.5545601829756719	0.23530885262148682	0.7405030085189954	-110.46586270500725
6620000	3.0352429850589995	3.2023784461842255	0.7506119493709501	0.6034993186377582	0.20924301106361456	0.7139009921379736	-99.16628029991026
6625000	2.9182361467563536	5.27499792495915	0.7317960984683505	0.5842632405184162	0.21990291264762568	0.7108204059405288	-94.13812691561552
6630000	3.306523624064142	7.1445195877906436	0.745065630062905	0.5864796042114462	0.22266538710244227	0.7146374947156624	-102.17132323577238
6635000	2.7782604050564883	2.946266472280323	0.706189945906175	0.7186801559682666	0.2370423285417378	0.907158335541151	-70.59592156141957
6640000	2.8738359291507547	3.557494101857299	0.7537307096738013	0.7190020820942925	0.23683391788056316	0.7878753623433139	-80.54022253035993
6645000	2.997384447549942	4.065212468296297	0.7563918161216299	0.689146166514426	0.21197494004747058	0.7847752821992693	-81.70082841552374
6650000	3.3144175719711755	3.8097236774575007	0.7312866669658069	0.5789668988745783	0.2048421930639212	0.7266908067444148	-101.82986076041453
6655000	3.0798834285467365	3.606344115090276	0.7069396659953987	0.5251962335793349	0.25093065797860176	0.7078300245062232	-113.81506816031734
6660000	5.120492915791967	5.476508916093818	0.800131723333594	0.41143752654741594	0.24500612029841404	0.705976002631196	-119.76394834775337
6665000	3.602771184172313	3.7709221105935598	0.7833609529206661	0.649082407498279	0.2175539184292136	0.7289884035316682	-84.36657193385975
6670000	4.039897206456271	5.048945804060782	0.851865052846965	0.5395541143560871	0.26969026417020736	0.7585938560138679	-94.820725029263
6675000	3.158975497658546	3.8184635586374243	0.7458147078888127	0.6566601623948802	0.2086008376057976	0.8085945683022978	-84.53560123049186
6680000	3.2198213868480425	4.236850672796109	0.8858666353349174	0.7146199927606738	0.20934506343575704	0.9000740045404115	-69.49645787973918
6685000	2.6560077869960095	2.897375289815341	0.840689147784879	0.6454271105631607	0.2024142796407486	0.701749043178765	-86.54656364471919
6690000	3.1123363592617235	3.1473562005215694	0.8317742807717159	0.5985942829927111	0.2342904107574496	0.72140574507488	-80.35346413187366
6695000	4.573973674007113	4.783850189944035	0.7379336091985523	0.5167542569449779	0.22119021472092806	0.7698515024888887	-117.23887011622739
6700000	2.937669413983128	2.987107049875877	0.7686026594501045	0.4409353128708222	0.3318405988093716	0.7351885048033429	-103.55607856120082
6705000	3.5797449307026272	3.9350406666402216	0.8583140508814157	0.665726299152781	0.2040266677595466	0.7660382806743097	-83.24147332974991
6710000	3.9480205133637436	4.013511580335021	0.816143798926207	0.5527113699519753	0.20233093337927924	0.7807875455317645	-96.68371915204324
6715000	2.681909610080572	3.175568988566979	0.7695714570552173	0.7255669911496551	0.2029720441344743	0.8874902508290718	-72.46377585765606
6720000	2.5933703243202095	2.9890869517957928	0.7981017769826002	0.7878023338775539	0.2171790701837319	0.9591731789029841	-53.51388347014569
6725000	2.6352767561153057	3.344960619581719	0.8898624399145423	0.6746463806616876	0.21015005940814505	0.9897311739933792	-57.386426011648446
6730000	3.0095158809318017	4.152038659844242	0.8018917940157614	0.6080746955694755	0.25545735146538334	0.7974275028275039	-91.80722560220119
6735000	2.643046746620564	3.0522684155021356	0.732917554750364	0.7421179876174265	0.21959312202577316	0.7658522420677761	-55.65811140903188
6740000	3.740247244184605	4.184906909830134	0.8045858700179748	0.4756369741333417	0.2156254909451841	0.7179656667126898	-109.44606567834731
6745000	3.246953855810639	4.306475938704084	0.7239686047226528	0.6665515616966823	0.2685439091259552	0.9307765298215932	-88.69289723403091
6750000	3.2330579499530865	3.4612792159677577	0.8665730643559392	0.6175159476272122	0.2983095314894159	0.9159235953809574	-73.95219077534793
6755000	2.564035151331916	2.5653235925532774	0.7723113178649614	0.6547757651877179	0.20446694496459086	0.7448545322483181	-88.97752269037161
6760000	2.756932789295091	3.822699659903828	0.8430863931632364	0.672468872255344	0.23540045218408354	0.7313796281608951	-84.74963629680832
6765000	2.8313117119731284	2.991187407078276	0.7614374723728102	0.6988705253379067	0.21696267902224972	0.7689337162485729	-72.82241595115653
6770000	2.5850185491123914	2.7261640310148083	0.7544051910493409	0.7261669912047064	0.22868064992343748	0.911773547404289	-75.30517133039143
6775000	2.6424317126795893	2.9040703696041508	0.8154561078824545	0.7438968391439755	0.20543773157011683	0.9978926869685141	-39.63191551063974
6780000	3.036733351047909	3.266553887251647	0.7947765091687474	0.4766983090907487	0.22027914159445108	0.7090454418828323	-112.48067513605662
6785000	3.2521043544764963	3.684459998392909	0.7160772498867696	0.6819541473400175	0.20300474682015426	0.9276106804519955	-88.7111077095266
6790000	3.574064110131234	3.6514430974245458	0.8658871799379894	0.6838226620483281	0.20161644642261486	0.7044180169533556	-77.60452732360955
6795000	2.8456116702661207	2.9358358736968144	0.7886429354355615	0.708740064397168	0.21838000432873156	0.9000737081029592	-70.63343022060477
6800000	3.3518122821675234	3.7429558305468307	0.8524272299348384	0.6240411133759227	0.2157533876374255	0.7723661849959934	-94.0026886891145
6805000	3.4310894350040972	3.789809861961479	0.7798832967723851	0.5834371388659205	0.2768805580505494	0.7232209328699603	-93.70116500206245
6810000	2.622602635283195	3.03190541140978	0.8942098071000902	0.5360010758799313	0.22389486478043238	0.7551933088772282	-88.20657795736514
6815000	3.3487753406504583	3.5225194475294317	0.8852713745963252	0.556978974481494	0.20086767515909573	0.7810638141950937	-88.28048349580774
6820000	4.865747825687146	5.119687309868759	0.7436565199722617	0.47776493214793603	0.315737887103932	0.7445877542997729	-107.8592169712692
6825000	3.053903630826979	3.216384067556349	0.8161532615760649	0.5641111729185001	0.2906334464780419	0.7180646206174999	-101.34262425563307
6830000	4.767264145801367	4.90158833371374	0.8733949612065293	0.4982236273162704	0.2478735149430209	0.7942575218580908	-104.75919855341479
6835000	3.3650076715235557	3.487207485942942	0.7979757477026127	0.6597869433187271	0.2063661957717404	0.7125577972169149	-78.25933574615809
6840000	2.8846093119638274	3.2564304232861745	0.8197218773280042	0.6491351354853724	0.2173553100703722	0.8282031793118694	-73.49821961408318
6845000	3.1709469167752515	4.3410188751596595	0.761642011189956	0.6139588000437981	0.20755706999484574	0.7904925592963472	-92.99126831556254
6850000	3.047874761305555	3.3632734769941264	0.8892257903103404	0.6236574682667574	0.23177105100170198	0.8064372797304281	-88.03698079756342
6855000	2.8243743500188616	3.069357667313244	0.7454998302934726	0.7750804983517643	0.2191077689959808	0.8645452743890139	-64.75662514136306
6860000	3.5217595137872126	5.683326748975942	0.8815781379223213	0.42408050254058705	0.28661123974863034	0.7513303024793235	-109.48611767478403
6865000	3.626344820680513	3.853565436212839	0.8156475010918701	0.4475020708627004	0.23104020424850036	0.7000256710870956	-115.21934594753947
6870000	3.7781265463521763	4.245216737922284	0.8215192322854927	0.599461954452811	0.2208223234238704	0.7024755157006547	-92.884398157352
6875000	3.1213072770520016	3.495928357204733	0.8936804448567236	0.5933716244381998	0.20387131457439656	0.7826023718912611	-90.05782622540752
6880000	3.2833553829351256	4.135683538008118	0.7335945367687605	0.4758840654777061	0.23007997554641121	0.7013983975870707	-120.91582257015128
6885000	3.4512477488518187	3.52318755427544	0.728853092752322	0.6171181425730317	0.21988874008871362	0.7498486598178036	-101.68466461288176
6890000	3.1687806628735786	4.516608172440476	0.8849858523173775	0.6300793591855132	0.2009957275235276	0.8674444942485168	-80.89435790979076
6895000	3.337851758577013	3.8728054832183902	0.8344366956060107	0.5352144833319756	0.2973511176753022	0.7371077027610086	-87.2743928597086
6900000	2.598974176172649	3.2033568790439686	0.7542810119372351	0.6629010871851192	0.2272665494970293	0.7159602031234091	-71.34256809506076
6905000	3.036182296921585	3.4993851911250267	0.7192674263195749	0.730152036489032	0.20701252802584502	0.850447236646265	-71.2538719548036
6910000	3.72135440969431	4.914864581056225	0.7624989980460974	0.6016938617532569	0.21474702116952288	0.7153710055523937	-99.70532665713279
6915000	4.2812094435165005	4.556601797111867	0.866052259005532	0.46386220617096435	0.20105330134766805	0.7032816365796457	-102.4913487117503
6920000	4.358630310936797	4.448040350326045	0.7305828499558508	0.508450469774757	0.20352626513120103	0.7037392638631136	-116.00145882496705
6925000	2.942894189576027	3.78824409402822	0.7309908177479244	0.7126371007514551	0.20078216806831692	0.99101796579031	-68.21333161935044
6930000	2.909460075530225	3.0338043631052547	0.8687635765669123	0.5916999259304742	0.21301880630176867	0.8847192782299129	-78.86946117446453
6935000	2.909020933491215	3.7273442476380083	0.7449332984481101	0.5721219977948911	0.3159524197226779	0.7697875093988354	-88.67750785809605
6940000	2.9216711803302204	3.258006550933967	0.747668495969829	0.6214388453604907	0.24670498902428548	0.7957906065876306	-86.60982250886664
6945000	2.9203266576111857	3.582669018110966	0.8798734747541166	0.6535917773927525	0.2046855388697293	0.7235796889879399	-85.05414362832826
6950000	3.4915625521393183	3.8469239716920494	0.8583693898414768	0.5415938723280418	0.20354461763264067	0.777577649541414	-96.13014874777298
6955000	3.355930899029311	4.114568497640141	0.8080850581014881	0.5083381437881221	0.28221665221099734	0.7795061443846595	-96.86013190218566
6960000	4.117093186810278	4.571313236001226	0.7810952913758176	0.48082755092411034	0.23798464648837325	0.744131956515295	-114.49253514468049
6965000	4.6426016530775405	5.105606301876916	0.8034533893499569	0.5672494390738372	0.20717202052671907	0.7743615662034405	-107.97796989564026
6970000	3.7244476401638065	4.497349795824203	0.8538544150780608	0.5842015523779474	0.2006828136254207	0.7082722061605924	-97.47358104838051
6975000	3.1861298611246798	3.5492228310154794	0.8310012674885048	0.6532422358391217	0.23151207184180392	0.8075783940204462	-85.78069553581784
6980000	2.9545035009773453	3.6842060651449002	0.7247510928911571	0.5570582772243581	0.25243739928919373	0.7091138065275063	-93.29798098949968
6985000	3.0319520732793133	3.363236737255384	0.7111523792633866	0.5900698200480777	0.2561885073259109	0.700049667007342	-102.96714376999893
6990000	3.944973070758854	4.500372198746946	0.8946605390823691	0.5257157641047405	0.25909584132242724	0.7230631643456503	-87.17874013925024
6995000	2.9842601221307774	3.5087550197061845	0.744254459143776	0.6656028528304587	0.20095024631087244	0.7295636706048603	-77.9127367152031
7000000	3.7518263298658923	3.880177077012167	0.8263975924662802	0.5051716126879519	0.22030649468660599	0.7419041729725108	-98.26311075454643
7005000	3.211341440422914	5.735268671595735	0.7258685982329275	0.589593115961644	0.25003507598981783	0.7654210687858718	-106.56176369638106
7010000	2.89442262171183	2.954666101767828	0.8898417771866353	0.5450546777725784	0.238187462299519	0.7384845138568314	-99.42668961306092
7015000	2.600722184794214	3.001336957167322	0.8401752566789001	0.7009854226934029	0.20425359487330394	0.8939193027787506	-67.10852608444566
7020000	2.6832696018293705	2.7672943363718168	0.875767982305766	0.6952147156519526	0.24376571228645527	0.9474193337963032	-58.00088865745607
7025000	2.8279951676738353	3.239551602671386	0.7756398386699344	0.7617970036127131	0.20154960304206185	0.8608279043977256	-50.720870560840524
7030000	3.759592456715874	4.42040836407099	0.8214251166779478	0.5818562878777932	0.22999676020579457	0.8339909392908132	-84.54097712500527
7035000	3.2918718584739253	3.3086375330782674	0.7841339647580098	0.5826755995701324	0.2261644381513076	0.7072293774600226	-98.3648785563189
7040000	2.782827701759665	2.954807366465384	0.8954623073530347	0.5513691911795456	0.2844745447111001	0.8928975787388691	-91.77126760752634
7045000	2.9657408720490857	3.2567283219153977	0.7693105372052302	0.6854298210174488	0.21509039272914687	0.7578813346414354	-77.8268784386373
7050000	2.6834276127171264	3.304617848566312	0.8025221151148006	0.7347330156952588	0.2218962417629399	0.7743685266844487	-64.88601677613673
7055000	3.3851803421765925	3.755604416963363	0.7644151306388979	0.5021033539104545	0.2537357125729488	0.7844407485772198	-103.660358354062
7060000	3.4809405515896983	4.357838227907255	0.7984460331454566	0.4996678206899283	0.2758948519132146	0.7114332012422896	-100.91686350877404
7065000	3.3225388373357343	3.4777619497734857	0.8439843944768693	0.5472508876223979	0.22735578485953786	0.7265504935163091	-99.27847155533885
7070000	3.6800152727111453	3.8874535904583083	0.7313406030298053	0.6444375862798049	0.25725931483112957	0.8562361963547791	-91.80495530991593
7075000	2.8747093132578474	3.2410232804338523	0.7934410879204952	0.5564243199938014	0.24835146444887815	0.7799847090712824	-94.76724849461917
7080000	2.623342309697364	3.236731542594061	0.7212619779831582	0.6787857367403223	0.21438270467859674	0.8704922123735694	-71.19092308563472
7085000	3.2630759928698714	4.129257952773272	0.7637067818348233	0.6676170837158457	0.2566804851533862	0.9281697283870303	-75.99945632332847
7090000	3.0284485734547815	4.398992905416661	0.7193470005170863	0.6282724234652817	0.26392998382902294	0.8170683356337115	-89.15771174542812
7095000	3.3186108102005667	3.554517049377336	0.8328875449436234	0.47590902051040795	0.23971978156076784	0.7494044549900301	-112.12214770926079
7100000	3.0460699961589026	3.1102344029276283	0.8893363537431735	0.46884096374091755	0.2257573227825927	0.7007976921607152	-108.23125176028066
7105000	3.8552874284865823	4.76453768972117	0.8414474017099507	0.5610123815665812	0.21047686699735402	0.7235235219997486	-100.14029318113165
7110000	3.0643944671978307	5.185726030175212	0.7131575455795881	0.5251036013016576	0.22448580450399722	0.8041448600786842	-125.98987602229806
7115000	2.807201642720726	3.2664745502828496	0.75132518870713	0.6726126747092639	0.22051679203462168	0.9074560146067948	-72.65006289652243
7120000	3.297993045278717	3.960605405521683	0.8003715863699578	0.5874668421899649	0.21011465748257094	0.7070057287346111	-90.59889427783494
7125000	3.834046696884604	4.589572808387388	0.8211470973321597	0.4522809166397443	0.2980909449083655	0.7068444892486617	-106.53048600394015
7130000	4.11518417755634	4.430533237394109	0.7406299861901845	0.5675880868996093	0.2027548810029553	0.7820919957145201	-103.12796837595201
7135000	3.228894394397465	3.5004071029105086	0.8099380559549562	0.568689307996418	0.20855076640495637	0.7163445111990676	-88.1520659399823
7140000	3.9492946113782366	5.104437192106526	0.759331831415989	0.5525080482302457	0.20815157447659527	0.7269988834939509	-101.56355220315638
7145000	3.803051955805043	3.812236565341568	0.749769015288015	0.5436920857289684	0.21898020157377673	0.7408411901260217	-105.87808943138714
7150000	4.290923700144005	4.557473590578077	0.8833927059851375	0.5137751446370095	0.20220289427031424	0.7145659373707419	-103.05382340872939
7155000	4.930931262670877	4.976673519487288	0.7678539191093817	0.4753867011428045	0.2579263422359457	0.7219284777299104	-110.31216433129049
7160000	3.26541452784566	3.574133490262349	0.799864235206597	0.5858444648636775	0.21737386573244905	0.8529680986980219	-105.14851373863053
7165000	2.866096507658305	2.9015126356265624	0.8881573436586065	0.681383665360503	0.20918238177523588	0.7731354288313815	-62.17263744480348
7170000	3.118705934031519	3.2816483402981302	0.7797617012230676	0.6777698148354471	0.21859149090395932	0.7898256640422124	-77.81577096362301
7175000	2.810885607763285	3.039660088057225	0.8926221724309127	0.6746795118440705	0.20464715846124432	0.7208106262223459	-75.52736086919873
7180000	4.002721768112456	5.193230139732354	0.7648815980918737	0.6672896818051058	0.217694172144712	0.8382791681506585	-82.94053054272803
7185000	2.6729375469416317	3.1004346484084935	0.8660005436576381	0.6381764149119022	0.20253280595721965	0.7439456085541549	-73.30632923264488
7190000	3.031210217934455	3.632407732321632	0.8485845369678895	0.5938183117713315	0.21418225098966492	0.7644228064050117	-79.18517657305642
7195000	3.1569573998120393	3.395235796129715	0.7942473374183571	0.5828050055094116	0.23697353040215485	0.7901727175805708	-96.25834968699775
7200000	2.8753003821246494	3.4393850624674798	0.8416587184109816	0.6470467638793241	0.22353502668135883	0.7744187762603847	-80.07353776978584
7205000	3.32487493574658	3.48307793056042	0.7823066492219419	0.5599805971658225	0.23967092448233168	0.7314425169072173	-99.54080611861397
7210000	3.110122766526204	3.3051360772277576	0.7585703288371831	0.579522167808796	0.22746115202798672	0.7673286012340221	-98.48671734268152
7215000	2.955001167401124	3.024732466493071	0.8821167105271289	0.7242331454571275	0.228931780127329	0.8505575247006915	-66.67277254033138
7220000	2.7526066437172534	4.124912140315098	0.8238926241859289	0.6935186105876747	0.2127004142210305	0.7633928030524451	-69.66278934953309
7225000	2.7900544096354376	2.969859224423867	0.7485876742372222	0.7078193974091458	0.21564541703243112	0.7646478442770531	-61.24493204736033
7230000	2.799611331585983	2.9439846660351234	0.7510548551546979	0.665891646280134	0.23394912384392555	0.8114298737457433	-68.79476612147539
7235000	2.724097954118584	2.8505309345513625	0.8738798693107395	0.7310348372106991	0.20089821046554085	0.9970824744561271	-42.52304169085358
7240000	2.938694135173309	3.0771081035501626	0.823408500549698	0.5063526226116933	0.22508673212326752	0.7283625493119215	-104.86038079685247
7245000	2.55796639702388	2.882289694953787	0.8827949574922908	0.6342368561934073	0.21517924153376392	0.9204400801404297	-75.96580442646993
7250000	3.431269454653592	3.995993100133637	0.7127551498402093	0.658905444638358	0.23319351994082127	0.7749696302860845	-93.125996503984
7255000	2.8415485221017343	3.0324913215923948	0.771296614735841	0.6420465871485468	0.2271960714985895	0.8256305150692335	-76.43356624467711
7260000	4.3711703216555815	5.863575886679829	0.8334055349772537	0.5475805927355785	0.228203367902166	0.8442243968850526	-94.28822333299118
7265000	2.8463317718131287	3.564646830038845	0.7253178973497213	0.6181880770858325	0.2205265387011551	0.7358156092756891	-90.74319619473621
7270000	3.0404183206953284	3.249340671058127	0.7048013283065138	0.6340366332390472	0.20265468287229396	0.7289011414139417	-94.62991752825735
7275000	2.6419445187954924	3.696255614762414	0.8185786609199522	0.5359818429987937	0.24436866082629427	0.7281110259653892	-93.30618728061086
7280000	3.0063110450087556	3.4614535557561794	0.7466051357687491	0.5921789656914073	0.24706455670683397	0.7932299016852917	-96.22437530228689
7285000	2.6043148349773166	3.2002172833582794	0.7658870583421455	0.5609995910061915	0.2176807248426259	0.792898465019858	-95.48748840464242
7290000	2.9333608564933553	4.575208098722676	0.7121158325273325	0.6661226601550657	0.21981575555091026	0.9805199036184604	-82.95964629662444
7295000	2.785876323321985	3.2043530680090146	0.8872486074253214	0.5422475529550178	0.2865219712002171	0.8777061946524043	-87.54320123236823
7300000	4.124645028137903	4.920750698134255	0.8301882196320839	0.5485972493704871	0.208695049118052	0.716191818191176	-104.63000597097826
7305000	4.293333352601705	5.25372334740899	0.8033545223425211	0.49648275294983507	0.27873865221273897	0.7343188430637411	-109.25355193261399
7310000	3.448492243993722	4.944310584621499	0.83313394068323	0.5431719909337029	0.2615602215201261	0.8460012465568235	-91.68353649813449
7315000	2.81444011883179	3.1028670093405997	0.7709469921943493	0.6372075223051211	0.26405373904479224	0.7147378493132407	-75.83810537442884
7320000	2.735307375901162	3.595924175911698	0.7599943602146799	0.6512354452601247	0.20330666213414422	0.7708235232912166	-88.79301919559967
7325000	2.8902677403229644	3.8068713798645666	0.8680516228314572	0.6216553121221671	0.22844224190414614	0.834804691555745	-77.4527076221583
7330000	3.0260632907354554	3.4175379561577546	0.7182682572502482	0.6025252473581945	0.2552611314913295	0.7728233750837683	-90.31257197238662
7335000	3.1740707562183252	3.233680260491089	0.8606615695354154	0.6883989241475266	0.2550702365835836	0.9844418333606203	-55.06693036774482
7340000	3.218858774752799	4.75071210585389	0.8818842584529343	0.6707738938526167	0.24802502680134736	0.8117555476974101	-72.08074630017961
7345000	2.5647237846249737	2.6777624032161396	0.8333572581878606	0.7720106043681559	0.22315644019269232	0.9210810828091018	-33.523251533161115
7350000	2.8402954647172436	3.5914617612546387	0.7692244714264266	0.7276223318290561	0.21741228421131442	0.7526753670201642	-56.17624749379364
7355000	3.1526146123117105	3.4165306014180032	0.7872519292307532	0.532939759760512	0.23262528168436833	0.7530241050659632	-99.30593414680527
7360000	2.6786406538079466	2.8165313542909085	0.8893352163041147	0.7353483461231333	0.22574296735657368	0.7397038477378257	-69.87448610684811
7365000	3.8507777098380234	4.620740437817574	0.830049846153025	0.6552979021123045	0.22746591772951968	0.9022574522001925	-83.43699299108724
7370000	2.8183187685210864	3.2815135977724217	0.7648539519920725	0.7653933583038243	0.232912601003265	0.8968603515238648	-56.12770579209394
7375000	2.775702909864027	3.126314667401352	0.8588814302864618	0.7413535849653443	0.20446303548782882	0.921277668961777	-57.66793665441571
7380000	3.6929438426199774	4.081663624502826	0.7877761180848206	0.6363504731387069	0.20419363928962467	0.7045296824538929	-84.57898049155492
7385000	2.761575050277334	3.014564913382283	0.8868554843641498	0.6974984457795982	0.20982796683444646	0.7267679841054786	-62.77882852680091
7390000	2.708872867926116	3.181911527763614	0.8724363037442143	0.6328124745300118	0.24770777494464769	0.736414640574577	-74.36687494444996
7395000	2.978225633632722	3.8987432826421307	0.7638219630202502	0.5887906248726896	0.23088272879716146	0.7290667568209281	-93.17194119833411
7400000	3.6851761221201755	4.0900759920612515	0.8590729775745567	0.5115154300908198	0.24366331029516256	0.7454754244690606	-107.8053216866978
7405000	4.491077838735363	7.257977244101564	0.7068609662375492	0.4731340939208814	0.207983284229554	0.7573358578808548	-126.10204110671944
7410000	3.9593803263004754	4.242156491627638	0.8556483815513611	0.4694989602207399	0.23184481311563068	0.7125244809982779	-114.14678493906746
7415000	2.7802576305316804	3.015677577602115	0.8335924421407716	0.6916934984453743	0.2078006176916534	0.9922982673387514	-69.92829978695477
7420000	2.7685541321943328	3.177565612034116	0.8817998643983443	0.6206997198319528	0.27010344537021086	0.8423329415367833	-74.16493978266914
7425000	3.4648642676741286	3.989977212505088	0.782770327737393	0.6631504455685863	0.2025920114234295	0.8410135019772569	-80.58003631016246
7430000	2.7503414559615678	3.9647120834678535	0.8649721174378071	0.6337915026882777	0.24639873867761886	0.8418763728719223	-74.02229293677206
7435000	3.613999456571504	3.795265918660344	0.7889325357206882	0.4798727998913215	0.24984909551949128	0.7638303627396775	-106.79095066612243
7440000	3.0479108087565425	3.0842974158227827	0.7669554294513306	0.5915102355057357	0.20404006601693497	0.7191900374629772	-92.7122448878321
7445000	3.2216462098473224	3.7311096549913176	0.8374954199763328	0.6571476389320337	0.22705771790771828	0.854729991101178	-66.30656252639133
7450000	3.0877618783102023	3.627113790508204	0.7491908132834798	0.43700054628362456	0.25159327924033537	0.8194317568000788	-116.45886731231695
7455000	3.1955625163725125	3.2602247136425304	0.8347606779335065	0.5719326640520684	0.23244278413344371	0.7300342124742828	-94.92549128185922
7460000	3.07057278938977	3.8611294734910953	0.7770067541485918	0.6699331646442326	0.21957524900444084	0.7170104240395591	-71.87999378024872
7465000	2.974109123661304	3.6819784677837295	0.7582438447753876	0.6271504567380078	0.2396075657736132	0.8109812942013811	-82.76177088003121
7470000	2.9645936814799185	3.923007000615453	0.8994043619920786	0.6112968256053285	0.2047497284287565	0.7898168207084894	-83.45780312872137
7475000	2.7359819054710925	4.004404005619956	0.7337916218428677	0.6898892224339472	0.2174630893594989	0.7318909890237294	-73.73310256398003
7480000	3.734945716059443	3.9661375219392694	0.8407398966094114	0.496760084549905	0.2552171163477575	0.7613886300189371	-118.62330534154498
7485000	2.9188244878921243	3.706406165522526	0.8138041547430499	0.6103565541323638	0.2188663497279673	0.82050705996982	-100.10612787655157
7490000	3.103288666135025	3.488147056452637	0.8629939854411767	0.5271954627915821	0.22580896293465014	0.7100601527122987	-100.54584436278202
7495000	5.000714874827722	5.3565612467107595	0.8176031157163024	0.5472709054239556	0.20037597552277772	0.715549054259764	-111.74110020795547
7500000	3.1415530260970543	3.6864712342621924	0.7147514923010959	0.6746757293888396	0.20343295187304486	0.7756909419537424	-76.158304707023
7505000	3.2764348660089175	3.967944523151651	0.815212913314596	0.6201691769649744	0.21197149771588045	0.8842103709542248	-88.91759732147688
7510000	2.61613581957798	3.407361947041871	0.8530933966305807	0.5761935511164139	0.20284262891856933	0.7089766551703842	-73.734839309974
7515000	2.641402134624492	2.7309661247090005	0.8658866300993598	0.7448092052173545	0.22004275038391227	0.9430920959098161	-45.447304879365944
7520000	3.1813435005478254	3.6465217722126217	0.7568988245281424	0.689595480917161	0.2056101755045249	0.7705032080295591	-67.86570443207057
7525000	2.734844219454194	3.23893884096494	0.7894151103682542	0.6409252568090095	0.22816535792248224	0.7851439622847916	-75.70838862368015
7530000	3.748003397960256	4.470555683283058	0.7771274392806442	0.46500433318130835	0.26628908430525333	0.7453643777969116	-102.16986698843468
7535000	3.731053508834214	4.292897089841967	0.727835942126821	0.49755387892582686	0.23733630762652472	0.7103201443578827	-117.80154446635797
7540000	2.63945200826008	3.2467110275209365	0.7362881281353761	0.6539734931548365	0.2204433259134162	0.7340865631239736	-90.0290700031411
7545000	3.752352499492072	4.105345317910048	0.7258335261108446	0.6092110043033487	0.21624203923142613	0.7056318962939327	-95.55713838809041
7550000	4.155309680118435	4.294561643787513	0.864537973527958	0.4539200521607102	0.23045536177178474	0.7165881862663794	-98.85797402373458
7555000	3.0439059091806886	3.060788118638892	0.8231102126573553	0.6059089010514166	0.2302754995699221	0.7414330604053887	-81.51781708707546
7560000	3.6844545020332893	5.234475955332129	0.7728191083075943	0.48055804483212716	0.2055515020316489	0.7382857627754281	-120.57681139443193
7565000	3.1200084634460845	3.2958319019869378	0.840463094360762	0.5712312921012922	0.22208194061818004	0.7532869439457035	-100.00284769132432
7570000	3.059014468225438	4.712808015115182	0.7788935365495694	0.5978566169526063	0.22675569221732508	0.7078676977691253	-113.77238770425583
7575000	3.3831371038137514	3.9491001778555996	0.8254884229320574	0.5921293342735613	0.23373606344714146	0.7421406788865604	-94.76109236529709
7580000	2.801042107192245	3.0785666579377358	0.8915676936206993	0.7830751956661419	0.20268912849197496	0.8965807908327919	-34.674381660277106
7585000	2.7621625656456947	2.842387623675939	0.8963553200034738	0.7351675411180629	0.2075501197618828	0.9713415268689897	-44.81425995738681
7590000	3.054938515644471	3.3746083606074793	0.7385479265111766	0.5827836326893236	0.20582704501059032	0.7978609541404448	-97.19461448488019
7595000	3.9439188542186256	4.329093194748283	0.8597901041759076	0.47204713269312654	0.21281677498213777	0.7337933673834708	-102.23397576313579
7600000	3.865188054551347	5.964804539036041	0.8058453257414432	0.5519706015802148	0.2359014463821573	0.770116337158666	-99.84818056849656
7605000	4.288800656639367	4.329779591156729	0.7416076763527678	0.552853253047974	0.21395584989363367	0.7046403981508067	-104.28197013680534
7610000	4.926882009691098	6.717783739615538	0.8975200474101883	0.29758538836758697	0.2545842682418669	0.7116178317200902	-122.04078466590838
7615000	3.472575164045103	4.585612961662472	0.8561154731721031	0.4391466683933388	0.21368494013002926	0.7000681111548849	-122.5931164988699
7620000	3.19597295795008	4.530340295226126	0.7859686871729461	0.48434356103006065	0.21394747378946635	0.7086992855345107	-113.13791593672386
7625000	3.1273215117688524	3.265498780807059	0.8852724108041693	0.6022559900036287	0.20983016136472096	0.8850420646640855	-94.77496803267454
7630000	2.638640028970937	3.0324066841346395	0.7134386526907966	0.6516854778708695	0.3018665941935756	0.7049548719944883	-89.35473665856358
7635000	3.046230557437098	4.480993069629335	0.7976677338228678	0.5658741746890654	0.2216538349454433	0.814392612851333	-94.61680122437798
7640000	3.42496161491714	4.354561960335734	0.7212607007473377	0.530019346798039	0.21718350135207953	0.7879294009623955	-102.30704271748601
7645000	4.219674351969067	4.600351322471322	0.7342730986461664	0.5840417774452957	0.23644218731738328	0.7860783779493665	-99.63338437287425
7650000	2.8070467770949734	3.954764253104732	0.8640347985732285	0.6750307431580336	0.23011768369453103	0.8478447863348086	-64.06031990016774
7655000	2.7366399041669767	3.009839870899965	0.8482286087590074	0.6741758860089813	0.2175892916118196	0.8457355618740744	-76.17271457130013
7660000	3.4974988493954338	3.821979392460725	0.8378017765158421	0.6848612964036155	0.21731722212546978	0.878631855834354	-59.02254228175237
7665000	2.89760695020702	4.35291511662512	0.8336783421993121	0.7260331217020785	0.24030815195138874	0.7564046573315286	-54.306098234042395
7670000	3.2996129070416593	4.14737564471769	0.8701522204758831	0.6661548167305219	0.20408437978160507	0.9008808160982242	-59.40676416720192
7675000	3.041452402878683	3.907479586152505	0.8638821102969709	0.6171205590178818	0.2161518116167132	0.7958550854911538	-93.7290386408155
7680000	3.457912460354292	5.552986508188114	0.8566937469012985	0.5255048371481513	0.21041085980729063	0.8828144777527284	-107.40187621090251
7685000	3.9608615280725226	4.136094968688597	0.8005112659594605	0.5967825966769049	0.24340822163629044	0.8758640173522786	-96.1539201751134
7690000	3.597162261870208	3.9418708929694457	0.7999483223114756	0.4618337557495287	0.29434822687163337	0.7561691209766377	-114.45808574614139
7695000	2.970098215143325	3.5325483749022957	0.7395677762104828	0.5070661533168284	0.24262248238105855	0.7192345533539137	-106.605187470734
7700000	2.749174357368228	3.2280879183770574	0.7814618954558645	0.567794124989772	0.3004337826286801	0.7176921102291739	-96.00488799469613
7705000	3.373820417368496	4.635560180727289	0.7439600327018593	0.6530457422706907	0.2092337205908968	0.7263182731207509	-77.13311722635055
7710000	2.9136960815998374	4.301743436996259	0.7321582457753144	0.6967616159808513	0.2215375987329739	0.8593562688329388	-69.28144178795307
7715000	3.2089358017987206	3.267348750918689	0.7586274359633581	0.7250449585604305	0.21320314977710259	0.9014651882400321	-75.88258732407346
7720000	3.51222777364613	4.737371193824273	0.7356242840806708	0.6010338966080391	0.2030073355811269	0.7389427903646663	-103.90457452646638
7725000	4.05092654252696	4.7168106501193385	0.7452438395890689	0.5786790688060192	0.2196360872385422	0.7864790255527762	-115.20235355220245
7730000	3.5720822005284267	3.61196913911563	0.8746681813554986	0.5141387161330584	0.21480709176953322	0.7683774523525871	-96.8599735493828
7735000	3.310502250756625	4.014704935912662	0.8732127046090206	0.5116471067029339	0.21326552864028683	0.7629899783074435	-110.05598357761423
7740000	3.988012160824783	4.002944515710072	0.7558932118557136	0.4888512498982861	0.20261147935953053	0.7876794647476577	-119.79770261532468
7745000	3.0600632094844635	3.108457205827996	0.8121063971109496	0.4832115131549172	0.20875911461705687	0.8635471127034009	-105.03200309791515
7750000	3.8027392975223044	4.916655501562603	0.8441170390037549	0.49628969775065357	0.20168515005529739	0.7044324544093665	-100.86971560476658
7755000	2.76366603654085	3.6969745079335445	0.7496503615440054	0.6383316136951233	0.23438461288754348	0.7503372016099369	-85.45739374987448
7760000	2.6029201085292355	2.627139846965771	0.8215910330704297	0.7157498955250086	0.28425175536942643	0.9026283124266739	-69.7832664408416
7765000	2.635019352836865	2.6908660393258	0.8537414503118156	0.6608987173272808	0.24418908111605378	0.8172847203791501	-64.12968011861952
7770000	2.8075945508763236	2.8317863558313823	0.8180098848259811	0.6945291609866421	0.20628841565403083	0.8498780524340526	-69.21775768857074
7775000	2.6146777811389383	2.7359896697669344	0.7971856881569058	0.7199930615547127	0.2567401410263465	0.9026185464438248	-54.36337237101217
7780000	3.849751936891831	4.221007464212236	0.7738101088418482	0.6098885286349892	0.20807417699926573	0.8117317980866763	-82.03797190910453
7785000	3.130920890213226	3.8153737562365633	0.8627362739532056	0.7153004049896524	0.20757242299287024	0.938028708045612	-60.582911727631476
7790000	2.6208300171432377	3.2019218293593092	0.7043808690200173	0.7995371061868572	0.2073344225649319	0.7212029662667607	-52.0055346658844
7795000	2.890403854056424	3.2742793934417684	0.7174973236201794	0.6875252505141138	0.22162060231717465	0.7226766771204732	-65.21304860923362
7800000	2.9610667466203346	3.1225035933045087	0.8742528004091787	0.5575909557685303	0.22948640535274417	0.7127495591710643	-96.33695485466066
7805000	3.0943254904731687	3.6631367980006226	0.8132521144375232	0.6219002395352144	0.26289850073743576	0.7574739437298551	-100.11295870907318
7810000	2.588369141451631	3.6709442757885355	0.709296197856183	0.6010225255582509	0.20253407741217155	0.7708424395815482	-89.08482988083722
7815000	2.8703863071698397	2.952083934992516	0.8461300419113144	0.6537253657245513	0.23992831384942576	0.741215643674302	-77.00692575653474
7820000	3.0466227923928124	3.1647699767985458	0.7830356281260432	0.7140240241014465	0.23467294118785065	0.8576556946823303	-64.58074798520136
7825000	2.9883737012267013	3.119900698323404	0.8904287277563976	0.5500127997943586	0.253004428633534	0.7004433222186628	-91.97544413035592
7830000	3.0984914951158364	3.4774393768312333	0.7846674048911815	0.5951522024786386	0.20024108241906446	0.8697145673299953	-93.54800330404154
7835000	3.0439353041252337	3.17041823584167	0.7433062532210641	0.5709383518674064	0.27297449521087147	0.7356710476202438	-105.33041058445431
7840000	3.133436418385569	3.896371841975018	0.83011255095865	0.5730100479768828	0.25592592666376013	0.7584424424568682	-99.05550957346057
7845000	3.4109738425956455	3.514793481245394	0.7162833215715717	0.5516492322159009	0.20961765849712513	0.7429677667739071	-102.54408543425745
7850000	3.999112094757805	4.189391569562715	0.7390775960491103	0.5451240577271487	0.24010878946886052	0.7387801494245169	-102.92465272866542
7855000	3.3636366959734185	4.19098184349061	0.7844762847610189	0.5991534329301756	0.20114558945373148	0.7418609530229959	-102.93301625827056
7860000	2.7468048387521904	3.938743029490815	0.8263167051983132	0.6320656104525665	0.21567131396684902	0.7081965154728647	-86.78929601935099
7865000	2.967849042701141	3.630802261621001	0.8821241712913263	0.6146585875758402	0.20848565730372476	0.9006484480009128	-75.92534780915642
7870000	2.6570119420029057	2.9346496483551037	0.7537167616362527	0.6295632808289143	0.2019504363535619	0.7179158225704787	-87.28307366386889
7875000	3.5984223871069982	3.74240643483677	0.7548415397088338	0.6705785675118388	0.22337992750640642	0.8757480123459546	-105.83914794797886
7880000	3.479605987771193	3.7437386360070906	0.7493351561513681	0.45514897386723174	0.22373635120135463	0.7423086114845859	-111.24947159984325
7885000	3.798235233100732	4.163601345689509	0.7119738249091917	0.6332839642669315	0.20229818078640815	0.7369910179564733	-100.71431762743325
7890000	3.070054635958217	3.8086138486290775	0.809023355314627	0.577229470172435	0.2319007241546462	0.8557291668313762	-98.85701409181354
7895000	3.512566557270246	3.9360258066675304	0.8397068420856504	0.5884077996030479	0.2044891374891343	0.8344080419045593	-88.60996960559166
7900000	2.9306507762020533	3.6532510321045377	0.8573403106377817	0.6812344228787626	0.20114819259899705	0.8140421598947355	-67.39757791091947
7905000	3.02690886038597	3.297381186883538	0.7317077361685826	0.6476204467636901	0.2062924317022796	0.8749174720428834	-65.82873662713988
7910000	3.3277453726156394	4.28168261140339	0.8825642369007123	0.5902160944980832	0.20676222115128498	0.7839547272707421	-92.56873216990905
7915000	3.1791462593618105	4.145455485423458	0.7888421388366943	0.7095185189686535	0.20126291012004657	0.7295052134908234	-71.85147786925768
7920000	2.9723186465836466	3.2861628356149404	0.7829531995568522	0.579609551907808	0.20150428954523025	0.700893772983965	-91.57102977834393
7925000	3.40845046598387	4.657904136299399	0.8656648867885841	0.37015611537189885	0.3343453145280132	0.746620891891062	-116.54376366909474
7930000	3.442119401781989	3.943940948098632	0.7884759386741983	0.640649993843067	0.20700999153518918	0.7903240330320581	-95.35122847668882
7935000	3.7168681263350445	4.2603733364391125	0.7936837436404149	0.5682975127279802	0.2152585740954938	0.7324386281088585	-101.0147907133047
7940000	2.9157488935273195	4.58001256397129	0.8765372907469711	0.5569679181097192	0.2616829016606682	0.7136713833068213	-95.055159715511
7945000	3.0664732486965107	5.0682812661454655	0.8153853619879332	0.6442393902708411	0.20170809314681398	0.7105858567023224	-84.90605492655376
7950000	2.818930321388287	3.1349372666144975	0.7487551321579918	0.672878885135945	0.2016387431401593	0.911068614783231	-89.01988166991421
7955000	4.026882638320677	5.145258519809916	0.7760241815297866	0.5785824804951231	0.20673917799862682	0.7401056439397141	-100.45081897735443
7960000	2.9479779862362974	3.621999373479551	0.7350764030099601	0.5767678218897457	0.21643711259551804	0.7686650307044922	-96.12997843730281
7965000	3.566813146886962	4.008322006985876	0.7581075028865765	0.46964089337052894	0.32776409293163233	0.8122902170116905	-108.76717469278537
7970000	3.8187021105347903	4.803594474335715	0.8461166010011533	0.4157139027454013	0.2023668238092211	0.764267279133254	-117.84870712774602
7975000	3.3075501491160373	3.6092040215096013	0.7317750083333381	0.4455010835332934	0.21485757547176315	0.8005320415695638	-124.8645801756785
7980000	3.1986767657454647	3.905945842555514	0.7062121121542954	0.6799696908137167	0.22403705250171219	0.8283022314258423	-82.6306048015438
7985000	3.710812345878443	4.261838334028091	0.8714430506513833	0.31241466382311545	0.3590745219733446	0.7343742067907567	-124.39361900003072
7990000	3.8884691423415436	4.278000961952599	0.7509523065547921	0.6545397799248673	0.21031122393025434	0.7398470788779161	-102.48422151587056
7995000	3.0169641078158937	4.276661408163874	0.8393435261230039	0.6492197261663675	0.2007202785750363	0.7549081128307981	-83.44887334659964
8000000	3.71709964723489	4.25773396315626	0.7829261475539081	0.6558900880688919	0.24773375802884684	0.7909482221702888	-83.52902675792927
8005000	3.3745201243065988	3.906094642645448	0.8680509537212031	0.547456257450552	0.2508556069873984	0.737717259712685	-100.15316338301983
8010000	2.572454820708068	2.9712250445159123	0.7148865869029541	0.7968818501322128	0.20727317208997906	0.9540276822605018	-57.29461960458505
8015000	2.628821542545676	2.709514867572826	0.8938838224473689	0.748107085893043	0.255135774321751	0.9597866639810507	-35.560917275985
8020000	2.992212610492187	3.7751529267454704	0.8460354604639189	0.7102947780634765	0.21189585356437662	0.8384905940548548	-60.99816666805
8025000	2.619922270781812	2.6412371087000546	0.7526401878322151	0.7720591680807292	0.21084647581643778	0.9861124839966531	-39.41888532784962
8030000	2.6144590090387205	3.3168080052219753	0.7504996747278434	0.6994612903487607	0.21513853795331614	0.998375756291555	-61.18537253820143
8035000	3.0651267830752427	3.1016609066655274	0.8644364468660648	0.6683108034667231	0.20051144538299856	0.7386081700259809	-65.89471790112964
8040000	2.811651250022708	3.5725222133192247	0.8696086023044693	0.652787947116539	0.20264455911534923	0.7848868147207022	-86.8094997598534
8045000	3.1277442418118406	3.5056597020024185	0.7931442365177321	0.5912563578342767	0.26587166282367847	0.7043748651140237	-84.58798218892468
8050000	2.6654323416014667	2.9143587092336456	0.766991478013971	0.7173764155367934	0.201583935899316	0.7870593676985776	-77.11683086624686
8055000	3.0697042534719663	4.186889996091405	0.7519845609746688	0.7311154655603801	0.2067145801080604	0.8892844683892882	-86.8071844249946
8060000	2.922667577602676	3.2748586878877077	0.8597165533451564	0.5118693245596119	0.23322609222668902	0.772941354379661	-98.74824097599847
8065000	3.2896726101687963	3.832893252751743	0.7989622469531424	0.5465972113610342	0.2531999989601944	0.7177827537196472	-95.53703745802542
8070000	3.355095282425621	3.5981257473147368	0.8980042243331636	0.5420261317977743	0.2595510047897441	0.7592832906536247	-100.9842795120264
8075000	2.8463162714026047	3.1399978649162366	0.8953385482646038	0.5817007798213393	0.22038268714352557	0.8546288661874102	-79.888389256235
8080000	2.942824868421386	3.109181152172768	0.8038116600776444	0.6699991014024276	0.2181132697119896	0.7644558553209172	-88.00763992641205
8085000	3.0145935486083784	3.6821715213377684	0.815500796272199	0.5931167747053815	0.2078876916341844	0.8911303396388354	-96.443726192692
8090000	4.050716520347618	4.346476270305734	0.755995854626926	0.44882787960970333	0.2726985751606556	0.7319919245472014	-122.72072572411531
8095000	3.1850829803206406	3.4255947224903553	0.7196804169831582	0.6288885344500647	0.20639304733699185	0.7814998768530947	-98.42962545111021
8100000	3.3707072910274705	4.107679702831847	0.7761734847305222	0.6258708381666153	0.23842006706810476	0.7218159540364277	-76.61582398422405
8105000	3.1442951370133714	3.4748728650989142	0.7420596584094612	0.6639380443436407	0.2046503856500878	0.7494118787876249	-72.0010637392609
8110000	3.072872892096382	5.683114338943829	0.7078690850456786	0.5411604814513327	0.24713695404760422	0.8531992487152602	-99.91353110798681
8115000	3.4096425178817085	3.977447372811326	0.7940988860707154	0.42825477112740257	0.23704961978333497	0.7243224529869496	-113.40560944136487
8120000	3.4947442183626123	4.875343045173233	0.8737759248503184	0.6402579405419847	0.20030750622569243	0.7067980249191099	-95.02294377621612
8125000	2.811027765746522	2.947473021998069	0.7101014628841305	0.5596391593171656	0.24517978068833454	0.7441543288937172	-94.78428986843099
8130000	3.1678190390063508	3.465510531155287	0.8981367610257502	0.6169866198526436	0.20064696471904828	0.7277999438713125	-80.18935619554568
8135000	3.492274636328994	4.404411517550251	0.7650495392912453	0.6778642015741836	0.21666943849349068	0.7715950691114942	-82.13291599997828
8140000	3.6237501164811277	3.966232778772754	0.8715797776462869	0.6397113154405984	0.20623909908329052	0.7862448388599258	-76.08008696098435
8145000	3.0499032394428784	3.310933937751671	0.7946910917446617	0.672872146404222	0.22463437675287679	0.7942138704742817	-71.28125170744522
8150000	3.0191190954043345	3.4498592048614563	0.7279955768784448	0.5292583312252389	0.2490666165392484	0.7232425399818676	-87.69672163708066
8155000	2.727521201819432	3.7519586832557454	0.7893441782839574	0.7235405209713128	0.2064872824389345	0.8357943349848833	-77.00286595012088
8160000	2.6161390135282976	3.497608456058887	0.7608936010410745	0.6989840813094345	0.31594613710099717	0.8211542787210828	-70.2570236877527
8165000	2.861824020773858	2.9943363218849735	0.7802281928586479	0.5941067674742525	0.23668550055580387	0.8188392142475853	-83.00776049158802
8170000	2.635182970749781	2.9955974695969214	0.8663099293243914	0.6833438217075651	0.25076337330118514	0.8456108047646109	-46.285611121844724
8175000	3.1023640225656695	3.5426576035047685	0.8085335379764507	0.43214215811938056	0.3181194241330822	0.7466201426809606	-106.03810594355889
8180000	3.222947090130936	4.963126456572554	0.8785439249779212	0.3013257962592915	0.3950841524168891	0.7086926372968841	-114.1739462235708
8185000	3.2084083943748487	3.7254147230992816	0.8422618986100839	0.5637527332098247	0.26650889079032847	0.7128183422746385	-76.6972893398162
8190000	2.623109353711459	2.6570460769379283	0.892514357686768	0.7149718947644853	0.22354475540429294	0.972675058018009	-55.157868961731744
8195000	3.41634937881737	3.7781120865381324	0.8170026097261502	0.6251153119695417	0.2410595520189302	0.736102003278214	-89.51360718326862
8200000	2.7851599561152303	3.5020414681177026	0.7541793327676646	0.7424471896029182	0.20735776379273865	0.8685606004619365	-70.61469408506275
8205000	2.689826495424574	3.141165148366319	0.8696245364654179	0.634286434845436	0.25011162899926687	0.922843605799439	-76.58381467240565
8210000	3.1687319027095975	3.916095967042674	0.837699361814455	0.7220099991547897	0.24069849830805484	0.88437020355454	-60.662252299332046
8215000	3.5175480956618483	3.520594356550422	0.8451548053773215	0.6369782301497006	0.22251375775018412	0.9254413477745901	-77.71202415654287
8220000	3.0980020484482598	3.098147069291494	0.7422471430954434	0.6629518826764852	0.20816938375261387	0.8075513416244362	-93.82220199937939
8225000	2.660686328050914	3.8002163954788837	0.7960309709152401	0.6200504751494016	0.21139660059021795	0.7745102220404784	-89.88439089378213
8230000	3.689438095387545	3.7604498446447288	0.7981974323892496	0.6343690571708468	0.2047266849202484	0.7446773482746588	-98.52442567331562
8235000	4.254709873587868	4.643138195768859	0.8339125420243466	0.5429285001664456	0.21221992766724285	0.7369512957365968	-110.85085048805414
8240000	3.7090787290028544	4.703213919053618	0.8831503662512312	0.5572576729119381	0.23475342671882815	0.8732110990907002	-93.59730236900882
8245000	3.2898610623660427	3.8645912689441526	0.7795250907432147	0.657890395762113	0.21122095313485498	0.8208410883737344	-86.15539895597621
8250000	3.1503614229278987	3.4205051094233436	0.7253300125428946	0.661990061978854	0.20111501512255048	0.7525158733604564	-93.23060838985035
8255000	2.9697831032057653	3.353246325847216	0.7096081584255347	0.6120782622277919	0.20786831184822688	0.7660958989408816	-99.45784351808604
8260000	3.627516798644404	3.8966697017968563	0.7854180534920268	0.5217028263729176	0.26119522668589584	0.7460502831114458	-99.38351333073098
8265000	2.860894224213384	2.8782062349522404	0.8866592630911341	0.6464695715452595	0.25068546998711116	0.795684190348964	-74.6223865874187
8270000	3.5460452114654064	4.838402695531675	0.8329148674454957	0.5574616816168215	0.2343828217951727	0.7119483159631135	-99.00369075855752
8275000	3.5143873727643165	3.767236638334032	0.7741078549175191	0.6848967635636058	0.20023178037389763	0.902522414509921	-71.84922770653293
8280000	2.9710839785224206	4.3514257606867535	0.8386721549995044	0.5309592947980004	0.2005692125237283	0.7446212843846693	-103.45046022626207
8285000	3.0849108074625486	3.9457343200910664	0.7164367994660197	0.6360762198695323	0.22409242564355247	0.7648382459990043	-94.25229477942753
8290000	2.8939964020799795	5.402509543673782	0.7709896736535924	0.5503740587242996	0.31867327021020353	0.9170862268884123	-86.93487568122703
8295000	2.683375318108957	3.259554092804192	0.8685172991167929	0.6673592462342097	0.22796546165677264	0.7342589607241417	-68.2715623568204
8300000	2.7581622549337004	2.813673539965795	0.7781007108183401	0.7606418640868298	0.21423620147767036	0.74004740364559	-64.8186721030512
8305000	3.261974322514763	4.01151932504231	0.8420219791680745	0.4775487183884404	0.3258901070312604	0.7821172250506552	-97.50175364533627
8310000	2.7299645291361125	2.8368095899549757	0.8780031105752345	0.7117946231010052	0.25303540073117603	0.7843908046702064	-51.16094302201533
8315000	2.841828052215875	3.286544211863608	0.8830113575445895	0.7101744982071327	0.23043487344970057	0.9034504444721334	-51.53597210258144
8320000	3.12647310370233	4.139651180993052	0.8810478746942187	0.6672562491949869	0.2288769484275948	0.9360837627067932	-71.93787891802651
8325000	2.828156394573461	3.722701284666269	0.8753114482363493	0.644775709445301	0.23512515883154672	0.7126308390290355	-71.06483305176786
8330000	3.308697025782009	5.763313329910418	0.7612146114204991	0.5451652128755673	0.20104110350530627	0.7009690021233692	-103.24963212062511
8335000	3.720865679234368	3.733265494561797	0.8410000798611652	0.5863275833512094	0.23430888752093604	0.7129540365327602	-109.272346737931
8340000	3.3531867348735434	3.423220033404754	0.842056744616498	0.4761593225975895	0.26546044116517625	0.8257680794685671	-95.78866427310311
8345000	3.191707871610373	3.6547423052734604	0.7382806772368274	0.736167680381136	0.21788998181199679	0.7317797962778451	-60.76009329460849
8350000	2.7100507291053137	2.8919414321902996	0.7604719549618082	0.7546597359292834	0.2640242175305813	0.9617198754429551	-70.75508681686847
8355000	3.472869802238675	4.9469771313245845	0.7648206174489274	0.6845840004443126	0.2257984425696615	0.91317795596091	-73.54040854384743
8360000	3.3834528355060143	4.826739520352972	0.8580723559910977	0.6067352657363982	0.21074228154539904	0.7454798988693273	-90.85218404906334
8365000	2.919163033464025	3.7860452294119518	0.8902952612893762	0.5419377883347385	0.2079285635568768	0.8768273468597121	-90.51098125842611
8370000	2.768094056657029	2.9176222640243563	0.8473200109035608	0.6551052395195197	0.20076139770751675	0.7680876267135327	-78.47817931584191
8375000	3.119179725844619	4.611261245037313	0.859341275307351	0.4855672429467428	0.25149434326841236	0.8177094949961126	-98.80665494872653
8380000	2.844338530532384	3.5502276091475213	0.7001516229186469	0.7479862352879922	0.2247306149580123	0.9834018051834467	-66.15235302913658
8385000	3.217750784567852	3.2594965319560787	0.7365725215844006	0.6443374647925305	0.20301811828844263	0.7208478488524181	-92.08863030484852
8390000	4.020577996714677	4.1760929744962	0.8256356487214733	0.5188715535554044	0.21243641987970344	0.7397477888498493	-106.77410932664702
8395000	3.727384037867625	3.856923723242387	0.8676925178810264	0.5505238889286547	0.21244648630749516	0.801007107039916	-102.68929081163816
8400000	3.7643011436677942	5.67865107940548	0.8785818380073687	0.47791299035609847	0.22730684101013773	0.8030778694590543	-101.66619762287479
8405000	3.5747662425167093	4.599148997271251	0.7732467088575469	0.6310454527450821	0.24462499152693698	0.9698977681175529	-91.60229201227492
8410000	3.2370147979300836	3.8199924636095575	0.8786168832897063	0.6040110819913215	0.22358858848573515	0.7518270478287686	-75.57915402624857
8415000	2.9923142797024886	3.0640707925189803	0.7214730114722332	0.7359355008566445	0.20895733487057283	0.8378140315028121	-81.4584560713102
8420000	3.0726807507130904	3.4249542855551067	0.751960346524252	0.6120987188930017	0.23945037703351474	0.7858202099299634	-77.3776122361881
8425000	2.7669615743471856	3.1051084855957867	0.8065965923502494	0.7175443688278048	0.20009589627711935	0.7590624769944435	-80.57698842501802
8430000	2.752988968123047	3.0260253891562208	0.868606687827348	0.6454782485121261	0.2106042228272205	0.8295676223155919	-78.14192514542646
8435000	4.667472046092224	5.260473095635883	0.888735131165411	0.5513016354841308	0.222959052407669	0.8296513869881342	-110.1789972825276
8440000	3.1605427931667136	3.450336408946247	0.8498817289486728	0.5417080704756603	0.20045613772858073	0.7300453995763934	-94.9595238146168
8445000	2.9300677927699867	2.9806593489902533	0.8329061379468895	0.6973386719729817	0.21170688161133358	0.9098958343113874	-59.559651674136184
8450000	3.3052072565582717	3.602232936752124	0.794732469400062	0.6511069437745004	0.2104961701034894	0.7621463451217564	-99.01199918595304
8455000	3.9703751356758974	4.105755402400966	0.7234284838488362	0.595773342773533	0.2015226351935809	0.7174247425695451	-96.59309636847797
8460000	4.266239408420248	5.085873706618294	0.7467379111716737	0.5970162977732355	0.22110543584187786	0.7664456203055685	-104.74346170332566
8465000	2.897967777519589	2.959997100464132	0.8837043656710967	0.5402569488975162	0.23474959994797212	0.7156146175792063	-92.60027704987115
8470000	2.981901301002145	3.3328339640789175	0.7126036710955584	0.6786980502480119	0.319153421648787	0.8492627312679265	-65.93385188625476
8475000	3.1866615029898036	3.219680916002667	0.8501540432869669	0.4577707943062613	0.31919297498554927	0.7272105202076877	-93.20498570201318
8480000	2.9942885645232034	3.0846710777542716	0.7440825991416992	0.6697668773601637	0.23998871317243392	0.8875006881839829	-79.92093991044644
8485000	2.7558766240547468	3.173529503182041	0.7445988138383971	0.6812400427970187	0.2192667783910599	0.8495407105552644	-79.84719009470993
8490000	2.5959616964087915	3.5789137874457206	0.8587928869030147	0.6280756238524293	0.20030717558686334	0.7057566723093194	-86.98372916493938
8495000	2.9594750759131663	4.030138522663457	0.8655183490492298	0.6324261457467424	0.23785769085474576	0.7911205752511538	-90.46195882784355
8500000	2.697307975387988	3.7304583249249728	0.8833156164855755	0.5932933868721014	0.2268852685275633	0.7153378611651594	-88.62733061327538
8505000	2.984337961418354	3.329057451384626	0.8877259112862995	0.6347706422909628	0.20565686846934925	0.9598619965626737	-83.55009071927012
8510000	2.8065641804374697	3.0236547012291624	0.8276938396679041	0.6897923983850046	0.20248232160653565	0.8975328479476845	-65.81924501088821
8515000	2.9282623366623595	2.9309197901406683	0.828774356815592	0.6678538761104051	0.20484080859658088	0.9833795676071313	-81.7995824339672
8520000	2.976377734942439	3.317514615606743	0.8133641943217598	0.49386018533756604	0.30258751203621725	0.7069524879040923	-98.65609623439138
8525000	3.0238449711582076	3.596450378852557	0.8539386653438723	0.6350471595276759	0.20098829641254787	0.760297516244492	-87.89383828169548
8530000	3.804357707357652	4.6200900978558845	0.7430417212836861	0.4889871942582405	0.26806588627321964	0.7272244189954008	-118.38984555906458
8535000	2.901139274437998	3.357633332630086	0.8634869297550847	0.5292633213593523	0.23778967349363672	0.7107211955112008	-96.89409348404277
8540000	3.026151816434462	3.7330572199535643	0.7915086367071668	0.5762164706988925	0.23411481800522388	0.7056416130619209	-99.34865725989701
8545000	2.854893367680521	4.207354597141884	0.7536302152871082	0.5954543744543178	0.2066799700753344	0.8309894638366621	-87.17822334327482
8550000	3.788701070258201	4.199443860928129	0.7585498704172831	0.5570671274024814	0.20184046349814783	0.7014184665917187	-99.48232432455964
8555000	3.0300993483249057	4.24442800597449	0.8685220946270206	0.6194040582774185	0.20389735404929918	0.7266963384304062	-84.61454854883752
8560000	2.583540482762189	2.9309587842021947	0.7399400554299971	0.7082546432793623	0.20820885385951476	0.9968175915128814	-69.73845538951014
8565000	3.05115056630061	4.493699488010736	0.8842429494031893	0.6213687628341918	0.20827006428414924	0.7001438328143097	-83.98676011385805
8570000	2.785957323183051	3.8722247995968946	0.8898739120792641	0.5863684088314344	0.2087178597619045	0.8344574287744684	-90.12319418404905
8575000	3.8650205963945066	4.941850634609357	0.895460424848917	0.5139095421040513	0.20239256447317142	0.7080539321006797	-103.46693545459209
8580000	2.836118925606635	3.703947165066647	0.8040832227347868	0.6193597729822152	0.20775283337795344	0.7404703389289973	-77.46344600526368
8585000	4.159633727003394	4.633969539155228	0.8482304775754641	0.576824300104752	0.25256389430899145	0.8032031069105189	-95.1938069509294
8590000	3.211078695796297	3.512977117595316	0.7624749323890472	0.5845616416160924	0.245873574935416	0.7715763412784152	-95.25329979794788
8595000	3.0625603413737372	3.3560681240981505	0.7788420847285862	0.5488651635271934	0.21933191561758827	0.8133567653962097	-97.88446808108134
8600000	2.6258992683505245	3.1517831449758016	0.8598563283263227	0.6257652023080325	0.2843347255693425	0.7463940912759178	-77.14215621684261
8605000	2.5838239797976263	2.718001098600162	0.8339361699900101	0.7363792936650784	0.22090293409672937	0.8158647676134931	-43.34143418380362
8610000	2.754203978546809	3.0596636185169994	0.875525947279415	0.6995418463015468	0.21374313233763642	0.768844671074134	-58.52048346541258
8615000	3.044302063697403	3.6409105136583544	0.8328322157712826	0.565425207443193	0.26208463588525266	0.8078463017141124	-84.40441452013775
8620000	3.767951371163086	4.555305716494845	0.7478651137414971	0.5545423123479649	0.21748234189752158	0.7008682941972879	-107.0270674998086
8625000	2.9535610798881944	3.1807727528069623	0.8598473962807802	0.6012495788917568	0.23927326703627155	0.7155283413766418	-84.8952824339793
8630000	2.778520550481724	3.052177687449724	0.7732337897101268	0.5603310182591024	0.2321772189855706	0.7460529805149637	-101.27577166198944
8635000	3.9326122471290503	4.2447754435673275	0.7866633637758752	0.532226192365993	0.23017261288249433	0.7438823610578648	-102.19848394103346
8640000	3.1121479934545344	3.167671449080622	0.8226223156456052	0.46645493753717765	0.22042329188487436	0.7130187302390357	-116.30078523029593
8645000	2.7994907990816067	3.359228077162507	0.831104948201848	0.6692465708953992	0.20674448114302763	0.7203371570521578	-70.77317291360905
8650000	2.717510261738321	4.11042471513703	0.7038738472321963	0.761613025069687	0.20921287138716488	0.957212398447425	-57.471661181833454
8655000	3.031000072588457	3.5144380767885566	0.8971253259371883	0.6912779915201793	0.21452551294477462	0.8189417416431981	-72.19219786123546
8660000	3.5710775958471856	3.622503720811284	0.8593217549053868	0.5087459325188187	0.2580615376299785	0.7100400262990814	-87.04240220897299
8665000	3.865635020191557	4.573004722173788	0.7391130928493064	0.5677640010361489	0.26173946886690397	0.7175515562967779	-99.07136110115297
8670000	3.0569703668829056	3.1183253012805725	0.7926139764100822	0.6086500286241472	0.21926222849432364	0.8599417472341147	-84.7114522867181
8675000	3.120736695854122	3.213785208351615	0.8827802602485406	0.6384655245163414	0.21436913207736874	0.9412858174069896	-77.6044296713743
8680000	3.0184323347601647	3.208009034456032	0.7287388348119153	0.5714514469672283	0.20256749801417412	0.7254196655566945	-91.57953233958415
8685000	3.8926180082080073	4.258006248977723	0.8047912945400538	0.5566214322305548	0.20571261172121946	0.7190558101008532	-104.53875102141714
8690000	2.861167783997909	3.225981453772588	0.7896078609364139	0.680274903411107	0.20952585635058643	0.8084270697993337	-75.97848969331983
8695000	4.317362679644941	4.698101137375635	0.8314173012712723	0.5899439551395889	0.22666844929098778	0.777487201807028	-97.20963605406709
8700000	3.174608343744081	3.5515687963389464	0.8599564683010661	0.5442659569539934	0.2840080698463909	0.7810572367259976	-92.19037323956607
8705000	2.821017032117819	3.1795028786471313	0.7732805542003705	0.6776442406238117	0.2158035257000333	0.7348947926292033	-74.71536107135091
8710000	2.845633928670952	5.525566300675555	0.859157763761	0.6490418478859975	0.2230573707055231	0.9979973701365067	-86.64500452758611
8715000	2.8993633827115164	2.9180658683403697	0.8409026561894226	0.5435228508589749	0.20051163975017972	0.7607385982106342	-94.54513785329411
8720000	2.7715350084769654	3.090472311927821	0.8399760571752546	0.6948515242058805	0.20527091645575643	0.8082784408697374	-70.17232140852991
8725000	2.6868559248378903	3.1371699963830073	0.716291775245672	0.7168183328950863	0.20637118254264605	0.8532005952117464	-71.42734882172132
8730000	3.1578113789440283	3.176575046627907	0.7179530776187812	0.6425065146129513	0.24051048628938868	0.7569633417341557	-89.36135755486805
8735000	4.574510098651018	5.048914898273587	0.8256638357867576	0.5330071321207072	0.26234821476040837	0.7384588719608052	-95.32947548375063
8740000	3.3622246326275134	4.522080899866941	0.8681440584512281	0.6321680196143301	0.24699860824706155	0.9992664220424067	-94.27202829044751
8745000	2.9368621385333316	2.9553562468283063	0.8172589695993308	0.6690100694771752	0.20824909067103753	0.8162389013051369	-77.85408603361634
8750000	2.7044364891530392	2.891823123002141	0.8964665754946743	0.5715757593333545	0.2065421542888095	0.7766593477664809	-73.5354689493756
8755000	2.7568583663618553	2.8628556265194436	0.8147940384188477	0.5536410116552605	0.22877949207391102	0.8360977200939775	-86.64798624934505
8760000	2.8380639240203878	3.58427075765062	0.8033919302120468	0.6813197221341517	0.20005368702581447	0.7275630895312192	-73.82558250309626
8765000	3.111381419064391	3.1356761494278316	0.7732198833202496	0.7117524329119779	0.22390588940770206	0.7879415870731695	-55.90765342425658
8770000	2.7724513992536983	3.055719069106728	0.7678144903312166	0.6336444460168404	0.2176272549395258	0.7592678612223125	-88.78821569839369
8775000	2.839554384826053	3.149957034601048	0.7436022673960302	0.7204388454861484	0.23250194097263718	0.7792380592552415	-77.78647195609898
8780000	3.2359622392448504	4.6802371921616785	0.8073590082787697	0.5123018354463809	0.2070487459092954	0.7484433189826375	-108.50136829827713
8785000	3.461009838228302	4.176103877361076	0.8756240010144718	0.38247763429169773	0.2568141595667254	0.7538283785881488	-111.33224888725172
8790000	3.096939918082435	3.2434239164014422	0.8817015024145882	0.5978753806166791	0.2525177514608746	0.8660637592620747	-75.7205377456772
8795000	2.6535244101412694	3.358529083202526	0.8414929835279094	0.6341916377441541	0.22494370539738154	0.7135590180508837	-65.79207757657232
8800000	2.652790447107768	3.4847043079061786	0.7732320790106355	0.5973104845530437	0.22423524526030944	0.8642708418471715	-95.57331688667549
8805000	3.8499254329563954	4.552940914849479	0.7022100584485819	0.41674255114140185	0.362517300560472	0.7138416714471043	-109.95045611247801
8810000	3.0087488128459077	3.4546461847466596	0.7849801958297794	0.5495835592151184	0.21500754489806337	0.7306129843883733	-108.61337325406194
8815000	3.07255430662816	3.15805333393131	0.8678227142080494	0.5300775034927583	0.2555946534878317	0.7007334981021439	-102.5179253348042
8820000	3.1858518904828634	4.460404041042718	0.8291037857644755	0.4896841335855568	0.2559912225987385	0.759759963217438	-102.61285975819956
8825000	2.9880620552868615	3.1931181731759417	0.877779963797855	0.6223274619102087	0.27378753050884275	0.8455520455797739	-74.19654843418147
8830000	2.656055432795378	2.9072174022077113	0.7594278586626841	0.5605158597653023	0.20545493733739822	0.7961013491944477	-87.09990986119868
8835000	2.8012974277493887	2.951259147377436	0.8632930769340313	0.4931241340945566	0.2886262505456354	0.7062168132291518	-96.8326817080883
8840000	2.68667807181933	2.879899161616639	0.8752010896026161	0.6646359030868729	0.2429089356065644	0.7564455628881317	-63.63281339436616
8845000	2.7656962417764226	4.036926573663737	0.8745790294325241	0.7289574971867125	0.24986417002743327	0.895319882844952	-44.64251115147185
8850000	2.8351301940300178	2.898336438824497	0.8648729701549254	0.7196580297202607	0.2273603101320075	0.7863581092251978	-43.64153013535637
8855000	2.9284121714472273	3.156048460710851	0.7499578134850677	0.7875448616836985	0.2090399921288876	0.9069381815387528	-43.71730708611219
8860000	3.1300755397215796	3.441228056027001	0.8547621343841935	0.7268097508222677	0.2367002518022676	0.844851071557472	-65.54696316905287
8865000	3.6842501819719695	4.396940566397412	0.746918059519668	0.669937694154606	0.22105232619448537	0.7713496665407144	-87.04664138558411
8870000	3.0210782782945897	3.725898563997055	0.743395333672557	0.529348940534456	0.29726715429745204	0.7593268069888918	-99.38022053452482
8875000	2.8934101384629365	4.059269310179242	0.7854825627469875	0.7295410939232586	0.20133441634486898	0.8421700254950003	-62.86262332112985
8880000	2.785549148160012	2.8976983823475937	0.7953420210910097	0.5828689077950433	0.28744337010516474	0.7487783558115257	-93.12126976784975
8885000	3.474480975550489	4.4535170972028695	0.8639358616294611	0.604926043133448	0.22395542939488788	0.7361464737865722	-81.45866850149673
8890000	3.462559820840509	3.60868736578336	0.8343384470691232	0.6058105276706545	0.20736940762201578	0.7184233493068103	-85.88472027409048
8895000	2.794809679742698	2.8018475976011312	0.7852476062916495	0.7000921919757812	0.20019002684009535	0.7676694205030961	-70.32544928968446
8900000	2.591792311827721	2.6805286175124876	0.8250930927570107	0.7580183805221049	0.22097092875382113	0.723915867089167	-64.66557004226212
8905000	3.0394770457293423	3.5061300385584104	0.8758519953412461	0.7631380176167899	0.20160071361091003	0.9322343538550235	-40.33572963156094
8910000	3.5139444027829887	3.950038244959175	0.753818125928128	0.6852082666011463	0.21820572669670646	0.7740359691316936	-81.29578453243423
8915000	2.9035791038029135	3.0988484135915035	0.7341570729888418	0.5298901609426165	0.23791910108020867	0.7187712505090943	-103.44630771315903
8920000	3.7720954293960007	3.9666828201453863	0.7592366275404159	0.5750292169416434	0.2532537858945752	0.731839891020074	-98.43352857313965
8925000	2.9200396704243197	3.6109499597890284	0.8422933536735557	0.6416738274040635	0.21866879578570605	0.7385786363972773	-98.7025266028545
8930000	3.8111388494169023	5.428345298466178	0.8288541465930174	0.5108486582306411	0.24711728331697747	0.7149717350606263	-101.20291413033456
8935000	2.9086008194193442	3.395040600910602	0.7970831986867339	0.5151633828215665	0.26580642512964947	0.7165398472063694	-108.17613570165028
8940000	2.9280879542616276	3.4006149067127	0.8982369902830377	0.5794849956804078	0.2007814438115399	0.7454708016034166	-77.83946703824796
8945000	3.0509061130431507	3.3708639045767743	0.8829766728503895	0.6023471182234531	0.23137204571366118	0.7682525984146715	-79.36591754969353
8950000	2.980426327033206	5.15030290493472	0.8714094023468362	0.4925586656385883	0.20918308585308143	0.7288901278522962	-107.36702704398749
8955000	2.6235945625079875	3.18365960932008	0.7597243184400033	0.6016510956423068	0.36060747905665586	0.8440585480193918	-82.80918449538603
8960000	3.4098255293467066	3.8834207237773612	0.7710528441185743	0.5722017146871398	0.2547690806685511	0.7021867313228211	-91.64503137149222
8965000	2.654278819238575	2.972925861667566	0.7765965599646976	0.7153267545448234	0.20666133320272576	0.8213560577373211	-71.8895414743132
8970000	3.267479577859312	4.423759045981804	0.8743313717068366	0.44663961386776063	0.21475062208798515	0.7145101374265417	-107.99657495839753
8975000	3.123167425483203	3.872020527821164	0.867193090796729	0.5334941898346439	0.2154157700423687	0.8163447305279351	-106.22910328067135
8980000	3.4137806667640986	3.5067729386548594	0.8241887664745963	0.6123131377566304	0.21414447831800174	0.7159792617187525	-89.89551505618854
8985000	2.8568703753952986	3.3045027605655615	0.811554120059733	0.6019454030859687	0.21954248862529582	0.7346711303932326	-109.23995803397352
8990000	3.2259902347960154	3.735912526291416	0.7920094609603907	0.6349257829981813	0.21321345990071863	0.7791557417620955	-84.10853300639334
8995000	3.688489439620111	5.052016968130988	0.7337141793688223	0.601529651348653	0.2253881661405827	0.7768505976247498	-95.27337596747262
9000000	4.0303545098367906	5.2911653059779	0.8496322518067013	0.5469548401651807	0.23788037480906937	0.7505209780349268	-99.87451015886583
9005000	3.7330714795232653	3.8626786102785937	0.8184387694958101	0.6434772931898886	0.22036814624209655	0.847931093833899	-87.87177612855623
9010000	4.05061004605522	4.09218657213634	0.7758383683775815	0.6021099717507712	0.25735646161038683	0.7122184814902212	-91.33227017544948
9015000	2.803465555323918	3.142580957986793	0.8980881189256971	0.4937236238318445	0.26505472308575406	0.7069883150733265	-90.89913565728881
9020000	3.7878754863848907	5.515401185728384	0.8526769092161199	0.5471427603705498	0.26211472875394076	0.7325913080406298	-98.50123246558013
9025000	3.3434438724990474	3.7106061362956284	0.8478423198944942	0.5990640460539572	0.2145408666593982	0.7132954494856393	-88.57720120296264
9030000	3.4545428784450785	3.911106607501416	0.7391726722721912	0.5525528141675256	0.23842383517578078	0.7595614944283484	-101.67210386315904
9035000	3.971122985771771	4.647239731018566	0.8538198702065566	0.5923846956280211	0.20683566742378925	0.7165949621391725	-102.97962635500593
9040000	3.2409223428899874	5.044346703403803	0.7732769264575262	0.6607762447714156	0.2123322837570948	0.8235739203951765	-85.19040276144045
9045000	3.1609754838762254	3.994978989163595	0.7975693078738983	0.6065140607652415	0.217658496343893	0.7637926855270231	-86.61804227752296
9050000	3.2964579367589257	3.3275914857216486	0.8423949695740908	0.5889374008249106	0.2265845984304001	0.728719284668681	-76.28447376891361
9055000	3.179749036979715	3.53430278715847	0.7230329563852484	0.7282550446996954	0.21714803670387264	0.7288531031251506	-63.69119605750195
9060000	2.97080552334204	3.035917597908827	0.8052890147821199	0.6509725769717878	0.20745333153743734	0.837262470651994	-81.10321580259014
9065000	3.284239012930801	3.7128334562023424	0.860443803319311	0.6963027957997381	0.2065251985222061	0.8103082366900829	-73.49289716259074
9070000	2.8106199352784125	2.999129583586933	0.807572434584025	0.5806625758048883	0.2351711924710325	0.945816859995686	-90.01563549607604
9075000	3.020728917899564	3.2575392662377314	0.8042555966981959	0.6488416551702785	0.24250334196924414	0.727604992877844	-91.54938838591227
9080000	3.203146896388161	3.512117804878606	0.8834164748422174	0.6299488536337625	0.2068389625504892	0.7581539044305731	-89.74892709055112
9085000	3.667162628451402	4.531065240564982	0.7070246732950273	0.6148501562387381	0.2249752004206788	0.8609369242064897	-107.75451970023926
9090000	3.561625279026023	3.8171097464597485	0.7790582927109727	0.5166085227116847	0.2080406685118949	0.7793422006839589	-110.34039172104625
9095000	4.190105063343441	5.7142141306278615	0.7273517976271259	0.5427903821456486	0.2142437462744267	0.8851988736076871	-126.80756158598632
9100000	4.6636380593677105	5.3647189870499075	0.8702250637933301	0.49897246131154	0.2182657113563874	0.7210775317865401	-129.42120125543016
9105000	3.5401620012053168	4.802022022086863	0.8315209711955562	0.5577940542155649	0.23879502568296745	0.7177730639457286	-94.82609605238488
9110000	3.154979303974752	3.1940136076096115	0.7547201710753692	0.6860316743888668	0.22802425532043533	0.839138582417775	-77.7857460060053
9115000	2.967737951626712	3.197613561802803	0.7712794716047726	0.6037400199183726	0.2786208145652699	0.8418107252220696	-90.01118275949116
9120000	3.0681550225258487	3.2268010672573064	0.847515264497365	0.6578216846589766	0.24437203813222727	0.8036885233509874	-72.88682242808889
9125000	2.692528024248092	2.7251986274225493	0.7931560257263174	0.6872669865368894	0.20207879918978466	0.778162810298142	-67.80022024628491
9130000	4.004678709526996	5.94563333631607	0.8164765225466316	0.6532995184973708	0.20955334080275273	0.915259095752921	-88.919251234292
9135000	2.9705497662523306	3.3039806024528815	0.8918941868986672	0.4199118233182285	0.29222858855611433	0.7792372673294125	-95.36287451506925
9140000	2.9274045753193083	3.3790475148741654	0.7583149186344886	0.6917278444194326	0.206769681681132	0.7732481859101832	-79.43924204464525
9145000	3.54764707350886	4.000150425881811	0.7725148268171781	0.47665365335940474	0.3004263622747397	0.7169728926698177	-99.11899986525054
9150000	3.1704720266884205	3.698541763825249	0.8298043197058148	0.5875977236918871	0.2608785940474491	0.7825391541956618	-78.78766821475102
9155000	4.837838061537185	6.131486129091621	0.7207712674020378	0.6314657985798181	0.22298226366794408	0.7300777519813972	-106.79129478192809
9160000	4.1072511316828715	4.216998238899422	0.8025972957596021	0.4531807332052171	0.23296764234057227	0.7134591485663752	-103.7549851850259
9165000	2.702692498624276	3.45705195650287	0.8512693070765719	0.6814274353118547	0.228860242236298	0.8106871431738871	-63.577334314503894
9170000	2.889588929658472	3.6197340069139003	0.8701556015055371	0.5586257007863893	0.20529153708337733	0.7197529926677514	-85.26128220934842
9175000	3.7454344340225827	4.348215255874879	0.7824453799054024	0.539440532574119	0.20643324221430162	0.8245927582864586	-118.19316063811388
9180000	3.9151542627592475	3.955363696967464	0.8666891795779835	0.5667793597420511	0.2520311848574659	0.745717027505399	-98.57669108710257
9185000	3.8701715223023143	5.918251718402184	0.7147978480378748	0.43135530868677346	0.205923124923366	0.7427181277197586	-130.3884577135927
9190000	3.7719327974197663	4.193736850174045	0.7014704059016248	0.551100750115353	0.22194198575489307	0.7080318588518953	-98.89316056912148
9195000	3.699941939976473	3.7818970443471205	0.8369701926065889	0.5505974906676093	0.31415945157742464	0.8657607097821639	-94.27582689120891
9200000	2.827925292359655	2.9296466759702233	0.7482846191225139	0.5961356757434889	0.20136290395060363	0.7271302389110267	-97.45402761246262
9205000	4.129239612727481	4.925047962750808	0.7526253424580057	0.3755448001774019	0.23364240680028073	0.7302914915160122	-127.69674526486696
9210000	2.783564931309777	3.674510214311586	0.8927937942652762	0.6446545782996054	0.2433246956678244	0.7629715686782631	-66.09419417345208
9215000	2.7594330016230564	3.0380101322537585	0.8533926820713992	0.6562114450112473	0.2103242510057634	0.8078240473897533	-79.65979000428865
9220000	4.692520974896397	6.359851326008307	0.8277058308771112	0.45163753496779563	0.20103220827604054	0.7418468441281126	-120.4756158664598
9225000	3.381450624437237	3.713323198164247	0.8985721690649012	0.5311824008796884	0.23545542533696176	0.7589985733591134	-95.05501799802272
9230000	4.41849919244752	6.7684151274512	0.8515945294886089	0.49889043051410503	0.26738932521940606	0.8612454027072937	-114.0726159401305
9235000	3.0853548002151467	3.4394137847612343	0.7003385767589949	0.6146649921213727	0.20012472947195042	0.7652552305741863	-87.49274489594524
9240000	2.606622366787467	3.140758514645666	0.8921209624779202	0.611118811983797	0.2056721151490188	0.7304822333620308	-86.98760192962396
9245000	3.2292655889323036	3.625313560265362	0.8914281793129042	0.5650866129380017	0.20989825907316095	0.7987718767728172	-89.6825172616384
9250000	2.6959230679496247	3.482806859224852	0.8021014006058462	0.7060064972289491	0.20401341316497387	0.7864885539500182	-74.45543866312087
9255000	2.653148849769317	3.188184066232761	0.8039935737916378	0.6945363899932023	0.22353238573427572	0.8185953422906487	-51.869973089249605
9260000	2.96834663732483	2.9927091990034698	0.8308162115589046	0.7140154032083758	0.20129340180146396	0.7372511840783363	-54.80461546080609
9265000	3.604946526825423	4.177536239243148	0.8106525152518582	0.5012341223023766	0.2548991918663773	0.716159667442635	-93.83515944912662
9270000	3.0423330894082206	3.2513310608950063	0.7920155167407296	0.6050738115648778	0.21856256861574502	0.9672549167160469	-81.12968856179813
9275000	2.8640124650674372	2.9666087417716334	0.7246193043745615	0.7225459280600808	0.20266129717560508	0.8631070181859782	-84.928354460637
9280000	2.8206979692012317	3.602309973456553	0.8924846078286567	0.6602696608356032	0.23117195288384224	0.7311507776128989	-68.70498706863066
9285000	3.2540438096114506	3.793931483490331	0.8650372364216591	0.6119363630473024	0.2095319922055907	0.732205354259291	-80.34161037754424
9290000	3.0389776065147394	3.3747114098530413	0.7938707368067576	0.7010392164292764	0.2198881688275028	0.8025287058513407	-62.34703469139383
9295000	2.578664085578968	2.636382517874068	0.7981934998102714	0.619351045754689	0.2624243614638972	0.7756506165104213	-84.33607793560529
9300000	2.7495632039225533	4.01696106989278	0.8709089224724368	0.5850103435886568	0.20801498994049714	0.794958393950068	-96.60268208376073
9305000	3.9974211439522414	4.435700181763957	0.7104252934615987	0.5323703791403214	0.2016748553683091	0.9765749037389279	-112.70215836736782
9310000	3.417961382172221	3.447130338641776	0.7556197276841687	0.622456632135015	0.22159615873824326	0.793438972458719	-75.11883234522335
9315000	3.0078333501270507	3.7921213662469246	0.7551708708469942	0.5697190933817204	0.20637298100933318	0.7231805706489409	-94.78781093723049
9320000	3.203695155204261	3.7331059242891618	0.7595359744935732	0.5954003314198227	0.2200632881198391	0.7715084976163499	-101.3906344825902
9325000	3.2753708941456714	3.7829400220646	0.8215982756892841	0.503957592423429	0.21045568363632486	0.7089756265891999	-111.04900518682186
9330000	3.5596110490314334	4.624472482810744	0.8643369051471901	0.6241347574750434	0.24916186534427656	0.7710412054753466	-87.88952118806708
9335000	3.301993673253867	3.567341238103765	0.8513680466798241	0.3759056634018206	0.3698394173864862	0.707095198348082	-113.45854917287602
9340000	4.0579310750593915	4.207681545432474	0.7351021655053791	0.4355908941338178	0.29550762239187367	0.7840482908190545	-119.94673488087133
9345000	4.3198924340815825	4.63081726381147	0.8322171277536651	0.531065165573974	0.26494495537944035	0.8169861518252514	-90.5676408005659
9350000	3.002705118079793	4.346750160171682	0.8622706088866621	0.6276365584320988	0.2331387385852629	0.7467353974543463	-88.82569677008044
9355000	3.0377391477237388	3.4547276617162432	0.7501995733879898	0.5630466818498743	0.21437771862978966	0.929826428891979	-91.27201003949071
9360000	3.1184053860306085	3.3153679031736556	0.8013869441290221	0.6787388315902538	0.2677077530147418	0.9128208481738552	-64.34835582770509
9365000	2.8748086928341334	2.9138888060510277	0.8148108799964981	0.6018763848686601	0.20352641876974759	0.7495085395343809	-95.15083488596659
9370000	3.404682515224275	3.886972997870498	0.756171260494746	0.5623206675377838	0.22219862378026387	0.7179174387007676	-106.5090539193358
9375000	3.5959685465853175	4.391055847175131	0.716555154221919	0.43508924389195164	0.2825320903642119	0.7388697304603862	-118.37849410890732
9380000	2.6742433742190754	2.7158194889656597	0.7218441415308867	0.7415752679949437	0.20964104392728344	0.9235805426155091	-50.10000579097452
9385000	2.961148538266079	3.0017620900153275	0.7484694303545619	0.7101129294444175	0.23492651020139346	0.8291656887822358	-64.97538358853615
9390000	3.10013361973673	3.106394522199879	0.7499196051601617	0.6615095934768452	0.22445239191462554	0.837810224162493	-67.28567275417453
9395000	3.7488414332827884	3.7597210862763757	0.8406444716226128	0.5349049794802507	0.26587337006863226	0.714575224505755	-87.89335504781505
9400000	3.1210492092181905	4.628630021244116	0.8054727366313558	0.6821699830937917	0.2007979415801167	0.7351749246667285	-80.86546634333459
9405000	2.888672543500535	3.793036121727374	0.8729154336210009	0.6483431892345051	0.22700954299067141	0.784703170320874	-77.04778014373682
9410000	2.6662998475659445	4.604265397273632	0.8783242512243777	0.571287484313835	0.20122803585536425	0.7358350653564277	-84.41898936382657
9415000	3.238437912920026	3.581120377041745	0.8466837005688398	0.5609954899422345	0.23159389994668417	0.7762876454440469	-92.91205182377865
9420000	3.381290576202803	3.9228033957632418	0.7437760843177749	0.6507948886335997	0.2272520482842658	0.8196633683145176	-89.53477092300747
9425000	4.198881612223623	4.383754228690166	0.8967833426893834	0.588075906830264	0.2198886490724305	0.7616062219635853	-105.23699178235827
9430000	2.6848615601996233	2.778253329791824	0.8814921271504316	0.6462838960390944	0.22329902674342683	0.7572640873329751	-62.7597936924971
9435000	2.6846954634410647	2.9818744573924483	0.7004546858514881	0.7061971502910827	0.20267749386436856	0.8277506286645419	-68.12156341585899
9440000	3.6844397368290043	5.641006904153798	0.8492052865862966	0.43411312096970434	0.2505821911339826	0.7003976101778402	-112.70319382895556
9445000	3.5785993286190827	4.208036768315445	0.7372718323961025	0.47034740820255044	0.23194155575912254	0.7100053256387201	-110.22352831805031
9450000	3.1574101916489474	3.2671625042789776	0.8676690886225948	0.6773125083332454	0.20980961471081327	0.7040604759249096	-80.74778422367436
9455000	3.7213570878263864	3.8187036346957233	0.7365413951578458	0.5926659493909526	0.2438570803148264	0.7481332728272214	-108.9454697668549
9460000	2.61704001250868	3.1581795347561257	0.8548772236575838	0.6781834901244874	0.20959420888860553	0.7885792491495366	-77.90508937341536
9465000	2.8661866714358615	3.6979342127599386	0.7623909762677764	0.6377096766691424	0.21376549944491194	0.7093441436712693	-87.05122617775686
9470000	3.094888384187934	3.3674099395690127	0.7829610577394513	0.6402721261487462	0.21052556870198502	0.7870452866735177	-78.63028046469634
9475000	3.176692694089607	3.5297019786936237	0.81265917390096	0.7019987608800378	0.22457710683148502	0.8562904676148344	-64.98850225218607
9480000	2.6707513514455545	2.881025966721186	0.8219276689439897	0.779088942621107	0.21944240900029066	0.9115029364557141	-29.05652285985253
9485000	2.9252413781023012	3.020533040470615	0.7099158724344836	0.7517455613175793	0.22484350084867966	0.7352167838974274	-39.35904519965832
9490000	2.840125021146951	2.9004470356972187	0.8764770087189201	0.7511448552534894	0.20139358576786767	0.9834689782080203	-43.026133283640725
9495000	3.372533465076099	3.8408914991534275	0.8879682199707145	0.6133326219248616	0.20243689204947338	0.7040426090717262	-67.5370762191105
9500000	2.7027593212392045	3.0104747524009574	0.8997021468559874	0.7084639095481517	0.24011430931405883	0.975655734693251	-51.76082154751378
9505000	3.7832771154168534	3.9659962035586345	0.7777579589744738	0.7026848556817548	0.20237644738270788	0.8166909951338285	-69.96985508509093
9510000	3.8540949006636356	4.572831404141862	0.7942360568969072	0.6291655725978307	0.22433619356277426	0.7437675385300131	-79.20583774765814
9515000	4.490251214636528	4.795163652960477	0.8178783519268032	0.5076590051623895	0.21453968453193928	0.7199194466776098	-121.0926573224369
9520000	4.953476623366179	6.1101613335841725	0.7532748643860327	0.48547597074800614	0.21018521815102018	0.7099849095337848	-118.74289015798695
9525000	3.239305553962655	4.097584773027559	0.8582404338355845	0.6470377674726764	0.2234180472722804	0.8017108633697663	-81.7612412881411
9530000	3.387119435935686	3.444008369902453	0.7980562442204735	0.7080569464309322	0.2348006755632741	0.7626479213249074	-66.87837196547144
9535000	3.0683261684970056	3.1294183491427976	0.8182638060123278	0.6695105686820253	0.21465744624975092	0.792017325460427	-85.00752456047911
9540000	3.3487688426526248	3.467841989695487	0.7902266012326776	0.6395121058861291	0.24536412225237833	0.7866284422725551	-79.79522604309128
9545000	3.159145253174948	3.289396939924769	0.7560143413145489	0.715403931526621	0.22075073915341628	0.9695872451751192	-68.82392493809581
9550000	2.8707142472617204	2.8821982969925726	0.7320240816892553	0.5791692446754757	0.20149733173969234	0.7670127907994888	-85.71239288727901
9555000	2.622885412181338	3.131799261947803	0.7906832625216521	0.7362145331394623	0.2317311329165655	0.8234773094909306	-76.4053940182576
9560000	2.9646016277631033	2.964761059484441	0.7316845477016556	0.6092922289480059	0.22152212020726095	0.8736116682185591	-89.29900701122378
9565000	3.3641637808490543	4.593375620624667	0.8167300145096928	0.5517480622947181	0.22575660481587712	0.7108866130358354	-101.44624960869288
9570000	3.0228062593896876	5.010436413427903	0.71420415289533	0.5714664788638139	0.26503385754947656	0.7398176270879516	-101.61230457519642
9575000	3.727380285065255	4.01959034965884	0.8670506129855831	0.5062163150373514	0.28304689451258247	0.7207314385868041	-112.8533907901134
9580000	3.306509016775786	3.4005215517129654	0.796775193960127	0.717539931203573	0.20478080334373713	0.9049376518660924	-73.75374151549735
9585000	2.9223131780658185	3.7932566204107787	0.8639077165082824	0.5480267944179239	0.22246320585914897	0.7250677774202894	-89.50795642283248
9590000	3.252445915164674	3.3138526820472376	0.7391549869477289	0.6053915768476987	0.21196736094371943	0.7044440215043655	-87.49625782848756
9595000	2.7618591614998786	2.843090202099645	0.7994043430557296	0.66332394968112	0.23269970961296943	0.7985043899001404	-78.46023600742782
9600000	3.002125264303296	3.1402907079376456	0.7836749189602605	0.6605147973108711	0.20951767700683313	0.8028307870997174	-69.31892055801472
9605000	3.239318976219343	4.808808548771849	0.8987324548175925	0.6169470915737644	0.25284587621425164	0.735230710702077	-81.72016550429956
9610000	3.3502559472403566	4.105280811954344	0.7771771472102803	0.6265507607948966	0.21601924875053094	0.7066046086999687	-87.1517087775741
9615000	2.8931939136126523	3.2314145154615734	0.8600033375977771	0.54142525653334	0.22807154260751444	0.7278377903573978	-90.83931052718555
9620000	3.813048361613985	4.27718093247378	0.8837058625620386	0.5138091168074482	0.23272863239646768	0.7083299588550109	-114.93289085036432
9625000	3.2991436829520437	3.64855658512015	0.7664454058013604	0.6475443292439405	0.25914718976168877	0.806550468430366	-71.52581575332988
9630000	2.8860662908459047	3.0235746918541464	0.8991543786906604	0.729217186459186	0.20331723665921916	0.7545341559436366	-58.560908892499334
9635000	2.732336737476874	3.034610501022878	0.787471896321842	0.6725631949322114	0.2413648917232582	0.7076332972145872	-69.6760867550185
9640000	4.045000344891518	4.881911909040542	0.774061420371042	0.45723589843989226	0.25514783712980227	0.7250610739587995	-102.1215118062101
9645000	3.7077542501468113	5.698712333727452	0.8982138777600464	0.563105778381033	0.21065187913163338	0.7433718878373601	-105.6756339302157
9650000	3.1964578773011474	3.596395949886124	0.7120879555646138	0.4602858216946437	0.3227631063346369	0.7042818905488392	-105.119412077753
9655000	2.8679073112409625	3.1251876846031896	0.8805669775000926	0.513861457548146	0.2464235381596441	0.7753560569839931	-101.15035244000009
9660000	2.6948564076159163	3.244546059243955	0.8933277269572424	0.7113713938335275	0.23992811973216344	0.804341232416864	-54.48013054617669
9665000	2.9862583433121452	2.989188210775722	0.7569131420468181	0.7685685360629649	0.20435706592950703	0.851000392276842	-50.25977786596149
9670000	2.8836840104044423	3.7809909842384517	0.8012349872857909	0.7615826390542945	0.22401863330462973	0.8455072574086958	-48.19305950125459
9675000	3.219591206519032	3.4399180044873723	0.7615946091778366	0.6109048882883829	0.23107403010598668	0.7090015583794723	-84.9351733090451
9680000	3.044222748517786	3.810413695398966	0.7464810916684466	0.6081447221637383	0.21569133474668675	0.882182384674423	-102.54392489967097
9685000	3.2890157202714265	4.1499864369316635	0.8974792946959775	0.5263105332790847	0.27179210574933077	0.8526975633147427	-94.17561376283206
9690000	3.1124827334354883	3.3181525289097946	0.8218887766449747	0.6663126084128658	0.21910011088716658	0.8797290209554856	-68.15062125023985
9695000	2.720398616458632	4.470529282429016	0.8525667936855844	0.5585212994975911	0.20768067448325483	0.7418515238885687	-80.30783888202947
9700000	2.964474574520112	4.514714296885114	0.8809931193149467	0.5798388460022132	0.2428328407024067	0.7900298790080114	-93.11612225681432
9705000	2.6654462695285215	3.3713701353552628	0.7634250173624039	0.6844903785084953	0.21633768574032516	0.7361597951493861	-75.57810575399122
9710000	3.0355646362380178	3.4818102746188533	0.7273580398588776	0.6271321789158756	0.2573941970046696	0.8258684032909058	-92.2145631265845
9715000	3.1627897364823174	3.810311004282159	0.8516001210424995	0.5621746406619739	0.24025633282989822	0.7844439716690677	-96.00987301462678
9720000	4.435247132106971	4.719309989082021	0.7753180409805848	0.5621193698683009	0.2429719950103338	0.8692560627843378	-98.66893695942659
9725000	2.7925226020441927	2.9262189706512354	0.8218603196427693	0.6083872476814353	0.21501014273740365	0.7099180198124806	-100.06985889467632
9730000	3.605802021952918	5.327618586109934	0.7361082949642503	0.5237550649210353	0.23288755152739976	0.8750061326258193	-115.5562916841524
9735000	3.3082830030359216	3.4316462077632335	0.891688367501776	0.6323536117509561	0.21364295069544237	0.8232673627070136	-67.3007426591553
9740000	3.489355467064299	3.5728191603242188	0.8907043146986772	0.6763883691407734	0.23452189286096947	0.9008327427414392	-67.17946341595285
9745000	2.9696512699523114	3.062108909113619	0.8477655124534055	0.6231942199972443	0.214163494485981	0.7336390889409086	-74.47684980542854
9750000	2.7674368516114742	4.083283351200496	0.8784492913249372	0.570808480827789	0.2963085238418315	0.9748176713445453	-81.59952980219651
9755000	3.412175956436703	4.802602763497512	0.7308312588257978	0.4249991463399183	0.3494535339064785	0.7115065892748137	-107.96628491208202
9760000	2.862969938802881	4.736950049881727	0.7904305908620162	0.5467477968811875	0.22317442983990896	0.8290592455328686	-94.00181360949875
9765000	3.230343690664741	3.854917242616222	0.7733332065815344	0.59986917557323	0.24946079472370536	0.8197103562841829	-87.02655450334152
9770000	3.561711661659439	3.899980132796632	0.8031930236517242	0.6523580740149577	0.2455904138134114	0.7791278125690493	-87.34789290947882
9775000	3.372656090850739	3.455773272845043	0.7406237943644021	0.6051004379817116	0.2000794323811319	0.7771876466039671	-100.43802778968373
9780000	3.5751349664105625	3.873117507177871	0.7038211540162592	0.7058181280222762	0.21417838683551532	0.7418931059321003	-86.43057003916653
9785000	5.075736025006932	5.71498161297227	0.7024473860201644	0.46861089663578237	0.2268523085341136	0.7699713623097287	-124.32800137461342
9790000	2.860327730041361	3.961232617629006	0.7043625401135013	0.577649695475837	0.23058241682843517	0.7751343473585267	-92.1643003166879
9795000	4.246300583535461	4.295819351089753	0.7123445700206816	0.6711215010634282	0.20407070954206613	0.8584819400692247	-85.75352555960384
9800000	2.96545204019044	3.2811570725851538	0.7078604408312849	0.5648433982307051	0.24607441830703647	0.7119472528567302	-102.91461501911866
9805000	3.1141153838411606	3.766955685226433	0.8393610149978213	0.5758144338284552	0.2508231262255215	0.7221856000171998	-88.88813230722329
9810000	3.7521357439091223	4.431323729601495	0.8240501799178688	0.46427291326860864	0.29460119161311876	0.7065726691221871	-113.37207782630009
9815000	3.825921861268704	5.063158673321913	0.7374645574182521	0.5176790576347335	0.27404198525048196	0.8760151675837136	-108.68188564504416
9820000	2.9029744527849317	3.61293142831463	0.8487315050088282	0.6268208774435098	0.20269038380585214	0.7145421144370374	-81.70561625927797
9825000	2.8528842271817263	3.434085121421943	0.8935267525007119	0.686686819162136	0.2256080492813	0.7328088081527393	-64.6939465793672
9830000	2.624348625193591	2.711909056472958	0.8530526227890648	0.7570079837658714	0.2310096904801329	0.9401831380294956	-42.77821606967979
9835000	2.6706408692959176	2.8151957648035997	0.8425890253190484	0.6812764825554687	0.218092479575147	0.7545933164615249	-58.477061518884874
9840000	2.6732350239824907	3.042969813528885	0.7131307210412583	0.6907973182048747	0.2157459265493401	0.7111784755765704	-81.15218018140737
9845000	3.1461978930633636	3.1470866051907462	0.8812790319403968	0.7535908319690872	0.21962240445353154	0.8106092392005071	-44.259492635569806
9850000	3.870073037255406	4.1292851659403995	0.8062679034218265	0.4336599617637038	0.29584347894548263	0.7170465247362879	-115.42810967060936
9855000	2.881294708178255	3.991603453999639	0.8719138400080559	0.5009384840589405	0.25734712207407795	0.8173879844188774	-82.01025729949902
9860000	2.62891639348986	2.89501393376786	0.7454787667386842	0.7176957987052799	0.24037967335054247	0.8161447165468426	-76.4985427476561
9865000	3.184652079920335	4.4717267153986135	0.8360108664068818	0.5807944327016269	0.23595343415878456	0.7647159817454073	-102.81694146820848
9870000	3.943506627142695	4.706801031874193	0.8433782630529637	0.4331492423083771	0.28735997605100366	0.7085132448756066	-118.21745588178402
9875000	3.4016497454526187	4.531943777302616	0.8015030223733054	0.4954612708816363	0.29605638706133175	0.7546103818148057	-97.32844528835943
9880000	2.7315104112347695	3.1779389843915697	0.7868956716495829	0.5833547147437268	0.21236678205203838	0.7525262335851294	-84.1468908779967
9885000	3.1182618105280446	3.153312801549103	0.8760443798380197	0.5454058474411442	0.2769684383475824	0.8221741337818338	-91.9594151760434
9890000	3.279266864910049	3.6795527553480016	0.7325618350910534	0.6772826539126923	0.20072827652027347	0.7155458249751684	-90.45310249758364
9895000	3.883856249331883	3.995271371234245	0.894965431079733	0.5243149491640086	0.3329585579689643	0.8431243917936069	-86.91080351962813
9900000	3.629891473582468	3.8902258687151265	0.7712877839781419	0.6199242766291896	0.21157218158020005	0.7958653766178839	-93.0081067162618
9905000	3.53052392067077	3.734547686223262	0.7825503350716149	0.6030010186718752	0.20386867129645483	0.7007968444686392	-96.56567894115287
9910000	2.7494973667705724	2.964271015069766	0.760103986625037	0.7100000794489637	0.23596346193280235	0.8736666734403687	-61.6940585259187
9915000	4.4911486055880925	4.619183880037788	0.7262826400598266	0.6061851877834872	0.20431011571600846	0.9670474833323807	-95.62961902592292
9920000	2.857577260952649	2.891408659011436	0.7051377775736797	0.6416667138229599	0.20194501218512526	0.7338258081731456	-89.77572705257646
9925000	2.9825875667134425	3.01939770899377	0.7677913724381651	0.6483550846521	0.2212408979653663	0.823732914706231	-75.69498642565787
9930000	2.7776231506753004	2.912454743930528	0.7461252750060401	0.6215977884132234	0.2257022556122311	0.733254246266772	-90.57891044265023
9935000	3.6756036615946805	3.7820011477582924	0.7568132315392304	0.5439762528865617	0.21533514405082368	0.7856280325055018	-99.75084296150692
9940000	3.7621424478553527	3.921383622930613	0.7677012578480588	0.6338339719516132	0.2029083207687975	0.8045222129790108	-92.30922612499617
9945000	2.6463923608127566	3.6422985861603143	0.761873203737815	0.6006214117888296	0.20242255658225025	0.8158701505912299	-79.40862079367272
9950000	2.9316700772954865	3.1425491274550352	0.8322222912304666	0.7151896871590442	0.23685738401913736	0.8834490867514682	-69.35396198785281
9955000	2.909357762847891	3.1930210948167344	0.7488502812442341	0.6948378858989507	0.20246214579411667	0.7715103601266697	-78.09262390899883
9960000	3.083976803060766	3.7211610863771165	0.8645911871445701	0.6310017257380106	0.21470677543524705	0.7166268927378492	-98.99231029178722
9965000	2.9779035008968227	3.9578377003064755	0.791147568427394	0.5085250587515654	0.2633273743257651	0.7212470784159645	-98.6909791371003
9970000	3.525924666489177	4.323993297222702	0.8143230202810294	0.6259690336801715	0.2062415774955361	0.7650330730846363	-102.9231216143937
9975000	2.8081385178413356	2.8885945793934953	0.8229806883626367	0.6021248575316247	0.2291242396497852	0.7928804486785053	-88.70474264828857
9980000	3.8270559476152917	3.895092613536922	0.875749616361528	0.42733813476686444	0.22763908402275848	0.7148557099873342	-128.1843318194104
9985000	3.1120002375761024	3.327897646487009	0.7315919945833196	0.49716129462572106	0.3030031470009267	0.8262503550116513	-112.73176860797776
9990000	3.451098017675054	3.8514819470437778	0.8552160686529791	0.5437885254120437	0.20016959509653548	0.7056560482317995	-93.57551440867508
9995000	3.466675472578226	5.982891428843118	0.8307494343685642	0.38560288557359534	0.320101249422	0.7572139165639514	-112.02744635098574
10000000	4.0633858210228375	6.368803395206387	0.826400881124674	0.4787572163248894	0.2367061416060406	0.7485205257619956	-118.18854959063057
