#
#model:
#
#<?xml version="1.0" encoding="UTF-8" standalone="no"?><input id="posterior" spec="beast.base.inference.CompoundDistribution">
#    <distribution id="prior" spec="beast.base.inference.CompoundDistribution">
#        <distribution id="birthDeath" spec="ssr.speciation.SRangesBirthDeathSkylineModel">
#            <parameter id="RealParameter" lower="0.0" name="intervalTimes" spec="beast.base.inference.parameter.RealParameter" upper="0.0">0.0</parameter>
#            <parameter id="origin" lower="0.0" name="origin" spec="beast.base.inference.parameter.RealParameter">190.39963916369</parameter>
#            <removalProbability id="Function$Constant" spec="beast.base.core.Function$Constant" value="0.0"/>
#            <parameter id="rho" lower="0.0" name="rho" spec="beast.base.inference.parameter.RealParameter">0.946075853449292</parameter>
#            <parameter id="samplingProportion" lower="0.0" name="samplingProportion" spec="beast.base.inference.parameter.RealParameter">0.701995744649321</parameter>
#            <parameter id="netDiversification" lower="0.0" name="netDiversification" spec="beast.base.inference.parameter.RealParameter">0.812294457480311</parameter>
#            <parameter id="turnOver" lower="0.0" name="turnOver" spec="beast.base.inference.parameter.RealParameter" upper="1.0">0.589364558365196</parameter>
#            <tree id="tree" nodetype="sr.evolution.tree.SRNode" spec="sr.evolution.tree.SRTree">
#                <stratigraphicRange id="r0" spec="sr.evolution.sranges.StratigraphicRange">
#                    <firstOccurrence id="t20_first" spec="beast.base.evolution.alignment.Taxon"/>
#                    <lastOccurrence idref="t20_first"/>
#                </stratigraphicRange>
#                <stratigraphicRange id="r1" spec="sr.evolution.sranges.StratigraphicRange">
#                    <firstOccurrence id="t6_first" spec="beast.base.evolution.alignment.Taxon"/>
#                    <lastOccurrence idref="t6_first"/>
#                </stratigraphicRange>
#                <stratigraphicRange id="r2" spec="sr.evolution.sranges.StratigraphicRange">
#                    <firstOccurrence id="t10_first" spec="beast.base.evolution.alignment.Taxon"/>
#                    <lastOccurrence idref="t10_first"/>
#                </stratigraphicRange>
#                <stratigraphicRange id="r3" spec="sr.evolution.sranges.StratigraphicRange">
#                    <firstOccurrence id="t4_first" spec="beast.base.evolution.alignment.Taxon"/>
#                    <lastOccurrence idref="t4_first"/>
#                </stratigraphicRange>
#                <stratigraphicRange id="r4" spec="sr.evolution.sranges.StratigraphicRange">
#                    <firstOccurrence id="t17_first" spec="beast.base.evolution.alignment.Taxon"/>
#                    <lastOccurrence idref="t17_first"/>
#                </stratigraphicRange>
#                <stratigraphicRange id="r5" spec="sr.evolution.sranges.StratigraphicRange">
#                    <firstOccurrence id="t21_first" spec="beast.base.evolution.alignment.Taxon"/>
#                    <lastOccurrence idref="t21_first"/>
#                </stratigraphicRange>
#                <stratigraphicRange id="r6" spec="sr.evolution.sranges.StratigraphicRange">
#                    <firstOccurrence id="t8_first" spec="beast.base.evolution.alignment.Taxon"/>
#                    <lastOccurrence idref="t8_first"/>
#                </stratigraphicRange>
#                <stratigraphicRange id="r7" spec="sr.evolution.sranges.StratigraphicRange">
#                    <firstOccurrence id="t15_first" spec="beast.base.evolution.alignment.Taxon"/>
#                    <lastOccurrence idref="t15_first"/>
#                </stratigraphicRange>
#                <stratigraphicRange id="r8" spec="sr.evolution.sranges.StratigraphicRange">
#                    <firstOccurrence id="t11_first" spec="beast.base.evolution.alignment.Taxon"/>
#                    <lastOccurrence idref="t11_first"/>
#                </stratigraphicRange>
#                <stratigraphicRange id="r9" spec="sr.evolution.sranges.StratigraphicRange">
#                    <firstOccurrence id="t13_first" spec="beast.base.evolution.alignment.Taxon"/>
#                    <lastOccurrence idref="t13_first"/>
#                </stratigraphicRange>
#                <stratigraphicRange id="r10" spec="sr.evolution.sranges.StratigraphicRange">
#                    <firstOccurrence id="t16_first" spec="beast.base.evolution.alignment.Taxon"/>
#                    <lastOccurrence idref="t16_first"/>
#                </stratigraphicRange>
#                <stratigraphicRange id="r11" spec="sr.evolution.sranges.StratigraphicRange">
#                    <firstOccurrence id="t2_first" spec="beast.base.evolution.alignment.Taxon"/>
#                    <lastOccurrence idref="t2_first"/>
#                </stratigraphicRange>
#                <stratigraphicRange id="r12" spec="sr.evolution.sranges.StratigraphicRange">
#                    <firstOccurrence id="t18_first" spec="beast.base.evolution.alignment.Taxon"/>
#                    <lastOccurrence idref="t18_first"/>
#                </stratigraphicRange>
#                <stratigraphicRange id="r13" spec="sr.evolution.sranges.StratigraphicRange">
#                    <firstOccurrence id="t7_first" spec="beast.base.evolution.alignment.Taxon"/>
#                    <lastOccurrence idref="t7_first"/>
#                </stratigraphicRange>
#                <stratigraphicRange id="r14" spec="sr.evolution.sranges.StratigraphicRange">
#                    <firstOccurrence id="t1_first" spec="beast.base.evolution.alignment.Taxon"/>
#                    <lastOccurrence idref="t1_first"/>
#                </stratigraphicRange>
#                <stratigraphicRange id="r15" spec="sr.evolution.sranges.StratigraphicRange">
#                    <firstOccurrence id="t3_first" spec="beast.base.evolution.alignment.Taxon"/>
#                    <lastOccurrence idref="t3_first"/>
#                </stratigraphicRange>
#                <trait id="dateTrait.t:tree" spec="beast.base.evolution.tree.TraitSet" traitname="date-backward">
#                    t20_first=0.989196743430671, t6_first=1.36593738956609, t10_first=0, t4_first=0, t17_first=0, t21_first=0, t8_first=0, t15_first=0, t11_first=0, t13_first=0, t16_first=0, t2_first=1.82169767871715, t18_first=2.12882380057691, t7_first=2.84784618068698, t1_first=2.38397471510112, t3_first=2.90821546461465
#                                    <taxa id="taxonSet" spec="beast.base.evolution.alignment.TaxonSet">
#                        <taxon idref="t20_first"/>
#                        <taxon idref="t6_first"/>
#                        <taxon idref="t10_first"/>
#                        <taxon idref="t4_first"/>
#                        <taxon idref="t17_first"/>
#                        <taxon idref="t21_first"/>
#                        <taxon idref="t8_first"/>
#                        <taxon idref="t15_first"/>
#                        <taxon idref="t11_first"/>
#                        <taxon idref="t13_first"/>
#                        <taxon idref="t16_first"/>
#                        <taxon idref="t2_first"/>
#                        <taxon idref="t18_first"/>
#                        <taxon idref="t7_first"/>
#                        <taxon idref="t1_first"/>
#                        <taxon idref="t3_first"/>
#                    </taxa>
#                </trait>
#                <taxonset idref="taxonSet"/>
#            </tree>
#        </distribution>
#        <prior id="originPrior" name="distribution" x="@origin">
#            <Uniform id="Uniform.origin" lower="1.0" name="distr" upper="1000.0"/>
#        </prior>
#        <prior id="netDiversificationPrior" name="distribution" x="@netDiversification">
#            <Uniform id="Uniform.div" lower="0.7" name="distr" upper="0.9"/>
#        </prior>
#        <prior id="turnoverPrior" name="distribution" x="@turnOver">
#            <Uniform id="Uniform.turnover" lower="0.2" name="distr" upper="0.8"/>
#        </prior>
#        <prior id="samplingProportionPrior" name="distribution" x="@samplingProportion">
#            <Uniform id="Uniform.samplingProportion" lower="0.2" name="distr" upper="0.8"/>
#        </prior>
#        <prior id="rhoPrior" name="distribution" x="@rho">
#            <Uniform id="Uniform.rho" lower="0.7" name="distr"/>
#        </prior>
#    </distribution>
#</input>
#
Sample	TreeHeight	origin	netDiversification	turnOver	samplingProportion	rho	posterior
0	6.299156441514899	190.39963916369	0.8778316262640151	0.510868683917089	0.5209590541172349	0.946075853449292	-541.8476071424374
5000	5.166605057514911	39.296175988203025	0.7161171577824469	0.26238668840996565	0.2940021991795703	0.740083991730531	-83.08740912292558
10000	4.568303985012821	6.749294575796847	0.7973975260833118	0.4853705112985483	0.2571279696832248	0.9475190758816227	-46.272714723194476
15000	3.2664180262131763	3.668950274174382	0.7404669298379819	0.7317942775968248	0.21410317460093684	0.8444009326263104	-29.135061602577043
20000	3.50487518259025	4.0836897597296895	0.8617472625552286	0.47873076714882623	0.33590316678788945	0.7095136337876952	-34.442013581136415
25000	3.8032856914816477	4.741126199027265	0.7001939110010922	0.282729297070505	0.6105782563897895	0.7102488265795381	-47.14268046584037
30000	4.386442768608386	4.710580928024107	0.8644601848913047	0.5843852344316514	0.23577570316466634	0.7023939089881833	-37.27161925050774
35000	3.2595326374888622	3.4908231275729973	0.7636516221660337	0.6217770947483218	0.21540838881365942	0.7236405937047653	-38.002550507435295
40000	5.195529209121396	5.803440292547584	0.8154597028680421	0.4892899139522322	0.21091315594295304	0.7997509557092062	-40.196485291710715
45000	3.071449830775772	3.618932569837287	0.7498360396333112	0.6344419534697856	0.20167599515849657	0.9925365171683221	-36.102675392531985
50000	2.90821546461465	3.15507055977602	0.7433415274383526	0.6559645447669091	0.24128698027930529	0.713294491816163	-29.45153180449272
55000	3.3854761629688563	3.565671880749074	0.7007115943277947	0.7288770850681391	0.21302753952588918	0.9986898195860066	-26.271611337324558
60000	2.9540211159972722	2.9861301902251927	0.7548154128975262	0.7686069548123157	0.31279530653215726	0.853651618961543	-19.205085228808514
65000	3.758337200408985	3.994620820666692	0.7216992608154781	0.6265202077554967	0.20009618469798898	0.7361064974492779	-31.975052365742272
70000	3.075731856889995	3.1698144334852723	0.8753857765750187	0.5910633332525539	0.34525309499593176	0.9661781465467922	-22.82745313813291
75000	3.2687786167381154	4.158828642676276	0.7781902855323407	0.4710834948121769	0.33241897553620703	0.9100483712150826	-37.98618371006891
80000	3.0469803850310915	3.6979658768908052	0.8704282438850135	0.6127051159783183	0.2460683639919681	0.8267224504692685	-25.910963310213184
85000	3.2566256853726174	3.807939774345436	0.850505778743194	0.5976211225380164	0.25703542511808114	0.9523214824246524	-29.579576445618894
90000	3.2423133750697137	3.5679511468856977	0.7271272672042559	0.7596289802543638	0.21115171935196547	0.9294163169329397	-25.68999144814212
95000	2.911824786506523	2.966576722524629	0.8055709473063941	0.5982237006195041	0.3763037260536294	0.838258247626369	-26.43474805806339
100000	3.4843213005207785	3.6282661150639437	0.774669770667354	0.7350781673593011	0.21451883430221683	0.8944964322985542	-29.283565821444167
105000	3.2757801609398274	3.467817243561562	0.8062098692977863	0.37902843661597374	0.3703713711894719	0.9744371064044651	-40.25574572686262
110000	3.2542616991887092	3.3553104701153074	0.8213330361272198	0.7013879510349593	0.22159244030775443	0.8920106397478773	-29.40529657563202
115000	3.1538307888383637	3.856655303704609	0.8957170344184987	0.6466528231090565	0.25835686957373694	0.8196957222994288	-30.040672968733162
120000	3.11879364749569	3.9415557406638193	0.8585909147930464	0.5003993478919292	0.4878883679340493	0.9505629992418919	-26.586369240969677
125000	3.4811832467646466	4.415795017551619	0.887514438713499	0.5714458656658038	0.2254812297640123	0.7203693862614337	-34.92195263740163
130000	4.001190252908783	4.308851492759328	0.7157730831999618	0.48020038428676315	0.3972393942862434	0.734221963825695	-38.21578768054012
135000	3.198289179768911	3.270052809731835	0.7738208090749689	0.6188866461575	0.2889996473417145	0.9364219006630383	-25.86229439540514
140000	3.340293930387967	3.4704444004428683	0.8348078209043448	0.7120468407549662	0.21497499161416564	0.8321747194962282	-23.085530726480396
145000	3.36988708929949	4.026378845829186	0.7278845357249949	0.513276019298378	0.20088869220828182	0.9908751463528449	-36.23937728059624
150000	3.1180876667004473	3.5392960212399234	0.8662217944201404	0.4677187909540199	0.4327328283078033	0.9850541991445759	-33.055889419836326
155000	3.555513923307369	3.842532835551536	0.757695507667238	0.5137437195730409	0.2732358661025445	0.7632535864883062	-42.10961451382413
160000	3.4242113402406766	3.705209389414541	0.7956613586269083	0.2231778315224221	0.4091909292519626	0.7224518821449964	-48.83673867491407
165000	3.830655895004421	4.572860596907625	0.714931370531248	0.5621208144191714	0.2655354201819512	0.7348129242179862	-43.096557959260124
170000	3.97877877045439	4.309991407130972	0.8990286014298347	0.2973682235629248	0.4254255001954524	0.7721122321868968	-46.018097567716715
175000	3.436446919559117	3.4403810691201	0.8845366541583811	0.5879439402412893	0.225840295061762	0.9606522208320374	-27.829026035307443
180000	3.751334300801123	3.932142142356311	0.7222438118740867	0.4325999715616773	0.4563659863779179	0.7382656283467394	-43.605945266133084
185000	4.081333478579044	5.322891713587618	0.7263954685949928	0.3713119392153869	0.5179672268844066	0.791745741089754	-44.684173469428956
190000	3.4314885138107662	4.261957787349758	0.8236472339039328	0.5534643853119232	0.330465049836392	0.7019709110775827	-32.239830940858695
195000	3.32522671561123	5.269997272571067	0.8775337647061575	0.5608203421217368	0.2027156720943824	0.8431011003560194	-43.887609130524545
200000	3.1125729312715484	3.116359848063403	0.8226790543443856	0.7856275857007412	0.23486398231099806	0.7264825579796234	-21.719136132194542
205000	3.032924689179082	3.339895735437118	0.772548337115764	0.5599487261181729	0.3497594890964926	0.951807235352961	-30.134558339302018
210000	3.2430383646415644	3.5309473125552895	0.7067093337467759	0.5941696091346096	0.3338017459448073	0.7914270961333826	-25.4715407840819
215000	3.2367925963317647	4.2704464208183	0.7001368009375087	0.6316241394100245	0.27606081196205157	0.994403645086311	-32.193117598712895
220000	5.578487259715275	5.702675900321849	0.7159109435479027	0.44353890646162325	0.23712248586223683	0.7620075905727545	-49.2524276148533
225000	3.4436383651592286	3.586448218803818	0.8456431992570611	0.5445214762716056	0.25033312727756146	0.7782412983357679	-40.14926821964176
230000	3.147582545074104	4.022266390394999	0.7825881017646618	0.6983538929795041	0.23861660648813893	0.9321825673701319	-34.29178502072465
235000	3.155475268903962	3.2371120079077755	0.756469631604637	0.6294439544894457	0.24720218195928703	0.8762461515916542	-29.593819501220178
240000	3.396427162770554	3.9371632047854286	0.842415116772882	0.6000031074842782	0.3814909014259338	0.8384341252642344	-28.413677071365594
245000	3.2532025623163756	3.2933201559592242	0.7799266571737675	0.7045977449588866	0.2307818442411482	0.9408704306632237	-37.29217508981274
250000	3.662301135872075	4.157240513571906	0.7659612878637192	0.6903298962518286	0.23623766835061946	0.9375071123009227	-27.078107507132597
255000	3.1592854466859386	3.2012169663945715	0.7055918696884389	0.5974858278622799	0.4145742318372628	0.9447501149058894	-23.680586439269764
260000	3.8788363531938606	4.674869120359942	0.7481810267783681	0.6047619947742342	0.264926954795282	0.7331544925193801	-34.431575253145596
265000	3.0066784719678483	3.1150398183245143	0.7027497861511917	0.6925974050055944	0.23230967693276863	0.8709906626848128	-26.435999229120792
270000	3.1033169902047657	3.373703661527466	0.8844282578568096	0.7623503133308781	0.20169189643989088	0.8750407214589301	-22.916034334948684
275000	4.210133464952296	5.227805714492027	0.8333634155124563	0.48281878917655785	0.22792866582017665	0.9167446430499658	-38.829732563774584
280000	3.257063236979339	3.4599494397884327	0.8816480381375991	0.5835144714663755	0.28907015008129977	0.7778929435299666	-38.9140660887358
285000	4.027048396311746	4.672463128139319	0.770332364432087	0.4784672428183397	0.20881147645721612	0.7250270947167123	-46.66982084117577
290000	3.060528037686192	3.2626188820135735	0.799425557278899	0.5252755632720629	0.3258382011121001	0.8805867820741832	-32.61200144871746
295000	3.7438382141474555	4.129581966559059	0.8671874028218006	0.6233892843073732	0.2996871277794159	0.9543269289280646	-29.939916216288786
300000	3.0588026527136405	3.6245098988344764	0.849949389214203	0.582527269290855	0.2318403885562438	0.7549534701222491	-29.53820890476133
305000	3.302228038474142	3.310930256750051	0.8069450752419359	0.670340872580871	0.24150363173841982	0.7679899503525175	-31.2931163530766
310000	3.0341585911326967	3.044467901210946	0.8336513436495491	0.5938759589488594	0.21858324787898267	0.786426309241478	-28.74088666614465
315000	3.195850182497902	3.223075612498412	0.8581152275551314	0.6705663215726859	0.20001739694259144	0.7504304148086408	-30.127216361933165
320000	2.9871013068095476	3.7816114787344146	0.7184381609539745	0.5707970769446914	0.232167582563294	0.7363401401886494	-41.37471858662069
325000	3.239493524528071	3.526871558202157	0.8804235230750644	0.47882946817969113	0.29577011007008	0.882133184319136	-37.808155441152195
330000	3.1007285878886384	3.441951770508991	0.7353968399150994	0.5205929669322382	0.20295754975110758	0.8318328754995054	-46.917913632434214
335000	4.231480579339972	5.814240309862254	0.8494911588985383	0.4694562054747444	0.23443228891001228	0.7434229440295363	-41.792403323651904
340000	3.074903581497436	3.275043777483243	0.7370915584509597	0.7275388330965271	0.3045830215200152	0.8422146614420578	-21.022718980384855
345000	3.3986144024075475	5.072346536322673	0.8371677327302951	0.44754685959348395	0.2375174934166946	0.8585273279262573	-39.725418769784305
350000	3.138580317438466	3.4005137505469216	0.8280233110670935	0.4159334840278736	0.29634011711671415	0.8034291183773582	-28.936687689293453
355000	3.4955449377263825	4.0002583140377235	0.7784382201038815	0.6259752867328242	0.2636502194252259	0.7675555634712401	-27.461559822576763
360000	3.1215783045064063	3.2452696132176313	0.7874739812082899	0.4291796527522123	0.37911912015634963	0.7441793438317044	-35.6452489180606
365000	4.534359264691613	4.882110881669186	0.8165070941833474	0.5704677039250605	0.22685604469942972	0.721762444020902	-41.19861671221188
370000	3.3262278480101077	3.51352173295192	0.7005864785068361	0.740765357237025	0.2695072072200959	0.9920512855820546	-21.53125333147542
375000	3.4430910822760437	4.280554475897984	0.8154349045694578	0.4136941910068677	0.5405706679339236	0.7353394956233504	-33.52124448319611
380000	3.016699208000977	3.100768600128729	0.7367714206814313	0.5745102365588488	0.290928534366042	0.9390513311529437	-36.62102641048814
385000	3.1288064023318154	3.5426746056953973	0.8267903652517159	0.33349627694247636	0.40307130404476754	0.735115327123127	-44.85734467315162
390000	4.287370364883328	4.382544943710786	0.7974326201315715	0.6059196376712641	0.23332860932941163	0.930722261776025	-33.017071365017834
395000	3.3016398403195653	3.5796791749722714	0.7067997710657485	0.5171466719076377	0.2384876915635203	0.7231971601910898	-38.20475926490089
400000	3.1486973316641205	3.520313585539953	0.8792336534656644	0.5184907624821213	0.22639765181706875	0.7319698155619804	-33.55803778474176
405000	3.0373500757827716	3.57926377106858	0.7795281190912372	0.5893843239382084	0.25499218654481076	0.798553937569412	-32.339456153114476
410000	4.055782448472841	4.592769471200507	0.7634688890518568	0.6590555319905054	0.25004067697395777	0.8944137585909993	-35.589116891580346
415000	3.5690343069105355	3.787076888049454	0.8629186187307285	0.43147377387564934	0.3286179156981584	0.8923917004408324	-39.414104891780674
420000	3.6238007327990274	5.076171729448966	0.7636245931834879	0.5072753015504778	0.23060851030845947	0.9935637495883392	-45.12769163519584
425000	3.075887361384709	3.768388656441427	0.7577081640603519	0.6736426746658223	0.2757920995910979	0.7858049246921158	-23.161788429844542
430000	3.079445719025491	3.898853283514613	0.7219708275585099	0.7276495764843662	0.23183567801386915	0.8053733668631129	-23.405170369053664
435000	3.707660802913518	4.096388267631132	0.7590609891161036	0.37918990734340474	0.2473776524134195	0.7211531059846397	-42.90692384255666
440000	2.90821546461465	3.6573712658050916	0.8592903367150843	0.7088588346055312	0.20698583382787536	0.9927456734360166	-23.99413749225784
445000	3.5155151859513945	3.9567114971102177	0.8738756401073269	0.6784244449962996	0.228185571714893	0.7264064925586949	-35.1679186718826
450000	3.212358295055841	3.5015634881021023	0.8294457178438536	0.707947142329252	0.2238171056997089	0.7217160986486704	-25.050808917356857
455000	4.080724472212143	6.119269246512016	0.7394908244862052	0.4697205189428763	0.39858049320887934	0.8641888683878169	-47.25607633801749
460000	3.327520739668919	4.2807868906418625	0.7009730958421503	0.6457696778246439	0.26516439228388966	0.7815338239443894	-34.382472558867654
465000	4.182865225991711	4.527087515304288	0.7317620184426702	0.3896114191050456	0.234481054957653	0.7514744696685738	-44.14706587622409
470000	2.9995291773977404	3.2943563539895804	0.7249356978222476	0.5064094154623358	0.40111206460313953	0.9858835119774989	-39.63701197604583
475000	3.501940083701198	3.7269444605498596	0.8162378814538913	0.45616886096675835	0.2940769830300533	0.7305327107496067	-36.212882799571084
480000	3.840720801280731	4.765169571975944	0.7321190671299691	0.5749201822876614	0.2704645040248539	0.7956395126325905	-40.9959878438106
485000	4.033061665889656	4.516552461153407	0.8900561528896955	0.4969845888581312	0.3681877861128052	0.9518153467095164	-37.54772177303203
490000	3.829420593008755	4.059007050658895	0.7103068486489649	0.6894806455725475	0.30075564863427734	0.9058155809417945	-31.02200059174902
495000	3.5355165951856997	3.766739779682948	0.7818627859854593	0.5428171751392887	0.25549702451660633	0.8224879239334201	-39.4146037530813
500000	2.9821178373270842	4.602928491366631	0.7960131715225821	0.548173427224365	0.20490299070235465	0.8126274511255209	-40.317223205216585
505000	3.3623849404871176	4.29411153845973	0.7686929329068041	0.5319586035520618	0.22385910800047565	0.8438732584301267	-34.80124641362755
510000	3.489690302412637	3.885761125594041	0.8530153414357844	0.43678224513566555	0.440023995951698	0.8864081395258547	-34.862786528733416
515000	3.296869460508576	3.6674694258760736	0.8100926734388169	0.6645695718530994	0.2264480778417241	0.913517405775527	-24.830609744291227
520000	3.4503553116104757	3.5854165674897	0.8647977489760471	0.6824153977394483	0.20303380163724175	0.8122202653625441	-30.683017836206485
525000	2.918012267440417	3.2549243298723756	0.8267130230835494	0.5729379456463084	0.2812634532907966	0.9419021638436998	-35.25184475874179
530000	3.425751959416494	3.739722703141916	0.7691926957339461	0.3923177616290928	0.2453196331737964	0.7374532363376195	-41.41753276442209
535000	3.0333660029101264	3.1732831865573994	0.8078827396399038	0.5902556891509645	0.2123707194598574	0.7827667217807881	-31.994314445420457
540000	3.1866069493325266	3.500225491215518	0.7916012430229286	0.6690836173466038	0.20513956658090707	0.7600465673293486	-27.375879421992206
545000	3.0219243643981955	3.6571235413166026	0.8469347519909888	0.7019388978541569	0.23560544585333815	0.7826109967282356	-26.609708564848248
550000	3.1820023464813114	3.9687833642160415	0.8076941328742926	0.6878171266163203	0.23312952291285344	0.9642060784608865	-25.916078644803846
555000	3.609726020072411	4.424213872432131	0.7361527168939096	0.4979363187857848	0.273964319124251	0.7687386535955165	-39.61125529859904
560000	3.58875440100811	4.611852512513389	0.8812452161099551	0.3696004642517196	0.41318382709561363	0.8662645372603768	-43.73837611938512
565000	3.2515052941909683	3.4933346588294554	0.8358248017462769	0.553648097012858	0.24793297386124377	0.7204296677577652	-33.73743698052814
570000	2.90821546461465	2.973188977258077	0.7767277872283823	0.7007510836418092	0.3221269884289645	0.701604876607294	-26.998126305704513
575000	2.9567230920245287	3.026000454536927	0.7822505633965133	0.650108957135418	0.21242723432025346	0.8352383098750031	-24.66640503281585
580000	3.1303117630405284	3.2129391941517995	0.724932511471732	0.58524563886723	0.29569800870671614	0.8952033680505483	-33.770896657028
585000	3.8992941951589324	4.0229795080426225	0.7146082143413156	0.5034120939493	0.27667735284905265	0.7069059742526852	-34.570031804625245
590000	3.253316631083857	4.110774806554492	0.7822105383691833	0.7078869939233855	0.20391265707052506	0.8550560225851854	-23.382710208570327
595000	3.173898660996823	3.304271220746726	0.7774027600886617	0.6821394838305856	0.20014590957690037	0.9115543818493057	-30.7421292419444
600000	3.0269568493623664	3.6642867174749068	0.8172824406586883	0.6407873988319153	0.28350582246589423	0.8960282728333473	-28.31492348914939
605000	3.873855221508948	4.203759063725283	0.7400793367442574	0.6217540532456338	0.2248061953258289	0.7264350689028111	-42.22075986226873
610000	3.3200154992597075	3.855026817079144	0.8068146497874573	0.6133892280313701	0.24125237603484043	0.820375040600857	-29.305894638531957
615000	3.003551437831704	3.007403763675799	0.7190067641465091	0.6582260820412267	0.3095042816811052	0.7889947780093256	-27.559773711679316
620000	3.14125766083773	3.1971160234235136	0.7369762631955573	0.7365693928308314	0.21633608626944914	0.7896496201050686	-30.6962972858074
625000	3.849930292025867	4.530016862583116	0.7571922292509468	0.6093010776066721	0.20604363992246916	0.7268433016705231	-36.129124423778656
630000	3.1997105036807563	3.8588449542561687	0.7804738145621171	0.6239709813430415	0.34775872568810035	0.7625746228371967	-30.150358721253838
635000	2.9654590305580033	3.5164446076814806	0.8003646849628919	0.6639126888095412	0.2626421610701272	0.8908683962217766	-29.425840556816016
640000	3.1059383959241615	4.301939643067293	0.8022403373552058	0.7137092709144821	0.21091334009833204	0.7728777635678564	-29.685425372816507
645000	3.402363683829648	4.227947472963469	0.7472461494993946	0.508411899085651	0.4348388350798429	0.89480949020779	-38.31873144574139
650000	3.5683947498852966	3.6538542742308553	0.7742595133707042	0.7001127569158219	0.21022612325062187	0.8582213444328506	-24.769079371640423
655000	4.627520405648553	4.7656884380625755	0.7865568038365266	0.6579549009371214	0.2049930519263806	0.7338429679735081	-31.27089446027359
660000	3.4133128469992156	3.428749258764691	0.7872023750267532	0.47856634535476106	0.23385294147596358	0.844353458944503	-39.082880394219885
665000	3.4562662519593914	3.7387838508664273	0.7080826608353121	0.45258632251414027	0.36818901699392254	0.8628480677970085	-43.30677466412792
670000	2.909646837864928	2.9637944429903955	0.8012157244103839	0.703315964445983	0.25379050848128126	0.755688582619281	-19.68390142218645
675000	3.5031474267212186	5.162958038322138	0.7896578807998715	0.44297558565960987	0.21441628901052817	0.866007883822811	-39.237509486987065
680000	3.032123738400246	3.696110128544027	0.8266224783747065	0.41967024950787524	0.3731526354360846	0.9891327144583455	-31.72685214462998
685000	2.952767567458821	3.64376614899432	0.7607648005950952	0.6290666056978592	0.2497715358368604	0.9142878631433922	-26.437513070905307
690000	3.4149822270558916	3.6346360778888234	0.7573233127646907	0.6112466519407881	0.22927374368288408	0.8875664912451732	-32.305874154209995
695000	3.344812128958754	4.099676088621067	0.8572866778999253	0.5337329607482609	0.2793929065858623	0.8438147350522153	-31.642158739823742
700000	3.3066149467241686	3.6806165828745505	0.7397864521846327	0.709499734520355	0.21957708445798324	0.8717451549812756	-31.924272550293104
705000	4.154247978153232	6.5753149125966095	0.7150286761882845	0.6312287186589798	0.2202042264454757	0.7964154876068384	-39.254459628198816
710000	3.1970150007299103	3.4734527506641055	0.7542098721839058	0.5976294209280479	0.30820776310293385	0.8743881227053841	-31.864482063366275
715000	3.3482468448501934	3.9582988021733194	0.8965610760631915	0.5707831046689724	0.22795068685454947	0.7756637706869234	-24.669248343055884
720000	3.1008646371524806	3.56954224313695	0.8723606326731027	0.6596722528507454	0.2901519962367313	0.9518340253339473	-26.013690933219543
725000	3.1762907509314164	3.6727824774180537	0.8436558657433414	0.4815584148182291	0.24823088519603467	0.824385663746019	-40.859411561415484
730000	4.2489226666457105	5.468387284091647	0.822821473935036	0.31536677460174234	0.3422229414346385	0.9231536758969847	-43.99180566177655
735000	3.8205695150147263	3.929025816492668	0.8073900626016846	0.4354514226237577	0.20438539197160685	0.7622473820863538	-36.23817642990622
740000	3.481060480941944	3.7034994301439284	0.8056480414920182	0.7560781860185982	0.20789920882852259	0.8994657727668308	-30.682988348303528
745000	4.032446854661596	4.454130746784666	0.7088363371003328	0.5768743429258186	0.2571368383836302	0.7298332083172216	-33.761491217484796
750000	3.1369710645568256	4.663989726183911	0.8827730990858795	0.5168279632938841	0.21386107174723534	0.7263506601051202	-33.47996039532618
755000	2.970690879554088	3.006689466260844	0.7878866089265945	0.6513867545004879	0.20276243146776118	0.8925363078147918	-26.39812151986121
760000	3.2221778268779957	3.541421587550119	0.7874782114935223	0.5465426889089079	0.358316914347811	0.9718011384252915	-33.56236808170943
765000	3.3069881687978424	3.3415780445425973	0.8222619977786585	0.6525872841980332	0.2003534585419483	0.7500562197033996	-27.124519717090624
770000	3.247997988405072	3.723013778553017	0.8372670952729346	0.6855523773779726	0.20331075886804154	0.8223481376841592	-28.149928787106955
775000	3.5528972817543027	4.799584242944547	0.8776565473042909	0.5279216862364469	0.2863869031744997	0.7398236672989716	-42.15288573139381
780000	3.211675526614562	3.590292849079642	0.773206871791454	0.6994607864179667	0.20541804368904462	0.7891264123374174	-22.76277645436327
785000	3.0522760079801965	3.5931982469800077	0.8445552001463021	0.5234196404131458	0.22046807882595904	0.7741340985886851	-37.88615552632355
790000	3.1073014202767206	3.597590725311108	0.8139132409905575	0.6062841548050161	0.24125216457638674	0.7923271556267908	-31.685464972985095
795000	3.846050897766765	4.262848116826683	0.7573960028861786	0.4042073398928677	0.41364944478421045	0.8970159612667843	-48.451425715956695
800000	3.2411886246667767	3.2761131807269455	0.7689324588670594	0.4686060555291182	0.3381811333690076	0.7768569622496041	-32.53230796938869
805000	3.7712947651127644	3.8812311199355634	0.7728370892482407	0.4498230068478719	0.4216217855060706	0.7000646735722102	-35.94637451372629
810000	3.528523044889686	3.5472868027823217	0.7552386922546731	0.6832929846687629	0.20360298909656807	0.7641514588421828	-30.58374628817074
815000	5.260502487660312	7.314556548703525	0.7691598097640814	0.37678935900442884	0.3443313987833165	0.7502551783564371	-50.01955345656614
820000	3.2507646991396872	3.531490131253405	0.7411969007161601	0.6237257281869063	0.22779028351303213	0.8169354070426683	-28.923757749178012
825000	3.4415830292214253	5.560271693175639	0.8036323470227205	0.6145000793471793	0.28744837737624407	0.9819236215980306	-35.181390902922374
830000	2.936016949659202	4.851754562201164	0.7724832103378618	0.523047553087269	0.2481600886476613	0.7294580955780166	-39.99619794119711
835000	2.939991029856137	4.045867338764572	0.8855819162914028	0.6377444771077811	0.2583391862253373	0.7770450498674034	-29.984424191853897
840000	3.2979208695469375	3.698412177802688	0.7619991108443456	0.6456933431474071	0.2133637488916575	0.9047641583825541	-23.313046234094998
845000	3.3866863019963773	4.285256303275907	0.8278389352661675	0.6201345307199093	0.28997820981599887	0.9405206707206812	-32.56275787799646
850000	3.8416348262842	5.786664168879966	0.7095348055081924	0.48223092529830575	0.3013339874311065	0.8966525020011266	-46.011140181429504
855000	3.025934079930357	3.2333785347431077	0.7531408611731099	0.7385419673283073	0.2108862350322055	0.8218906947789227	-22.56532415358596
860000	3.4186006915117177	4.075051703792906	0.7641019395068571	0.6652775855654883	0.20363443722502178	0.9354456226378107	-28.539113737253654
865000	3.6063416195882634	3.8496558559178475	0.7251308540644934	0.5799315808691037	0.2656343540572256	0.7248700737910737	-35.54022359976576
870000	3.729743357910069	4.269876656771796	0.8837050123863622	0.6077273517301625	0.21347866905818974	0.9633974589513179	-26.711683934369468
875000	2.933742121920078	4.2428406641080505	0.774785615547251	0.7022728072855603	0.2460910222875861	0.8511662508638401	-30.98691656179271
880000	2.9334847348740323	3.1245645883265714	0.8529667438750732	0.6654933714318096	0.23312037975531782	0.941381442749051	-33.956017624877035
885000	3.189356665516996	4.614683494874061	0.8544758241783762	0.5920015637068902	0.23175583794980914	0.8802322030520365	-37.295494855205575
890000	3.663306442106674	3.9129486528772146	0.7983078672006396	0.555489821749589	0.29696189939417766	0.8339993372025598	-38.47858086136691
895000	3.6507606701771755	4.01186907633004	0.822756948282503	0.6078827931728534	0.31686236097470705	0.7572816196428013	-32.73882492182369
900000	4.441506920678364	5.856853126851207	0.7333563307170136	0.2943087817342902	0.26582232150761476	0.8243294794961549	-59.06835440469272
905000	3.0504085470394906	3.4723270607222987	0.856748930884609	0.622697182082785	0.23115794879044144	0.9246183833691778	-20.1514758989766
910000	3.3780943790493487	3.6416579184720765	0.866103456325074	0.532325751063832	0.21216354625897246	0.9234617585907887	-39.21338662346032
915000	3.363285500007471	3.6040357050127194	0.7924806355377579	0.5423446195480862	0.4093756420181839	0.9596885099136585	-31.15674465710999
920000	3.7205624502430474	4.733641498898006	0.8073957637443068	0.4124274531082138	0.5431057752667173	0.752307746657061	-43.107683642534354
925000	2.9666688529047174	4.088249899801244	0.7579816381571223	0.629053806575962	0.227317543428101	0.9122110668553522	-30.635768105523784
930000	3.180055520435064	3.4415886936726396	0.8637648411966151	0.4271266357251588	0.3084030142392047	0.897635728682016	-40.23582056057311
935000	3.1878060661149177	3.292027592855499	0.8920229407742369	0.388621658488691	0.3860587134344165	0.8899403352113074	-37.98928428699141
940000	2.9465674570508407	3.0863682021696075	0.7599002001813194	0.6856287134312651	0.30515229218727363	0.9795255589844823	-18.22890039066884
945000	2.984506989815362	4.582253272103772	0.707625673595859	0.5575853627538037	0.2673525127043704	0.7183967061410053	-37.056575955602696
950000	3.468031451903485	4.186710337467094	0.7590771415857287	0.6645657160316515	0.21137718752925286	0.7598779338402227	-37.11717756940582
955000	3.7817887999966278	4.490947921604473	0.7249401842011058	0.4657162956188817	0.270310328119106	0.8833000538338881	-41.73565173210845
960000	3.000060400633327	3.0543557623237736	0.8983573151354662	0.5087623890998096	0.3587184814788613	0.9265336549144716	-25.44453392263541
965000	3.6519343655782825	3.8605739031100863	0.7365189134993927	0.6822575814458015	0.2137592628964931	0.8019612325050328	-37.72310342994662
970000	4.46290399510132	7.2954877576647466	0.7473098485521595	0.28813035920928987	0.43818158710552235	0.7381555514258477	-48.60849696099705
975000	3.6532887114963395	3.846180600066552	0.7777505706709591	0.6365557108833707	0.3362335638988689	0.7769458077245449	-25.869860700979746
980000	4.018232521537213	4.228369682587419	0.7024433046667337	0.49059301563302443	0.21931272714557884	0.8184604134737584	-39.63467782651055
985000	2.90821546461465	3.5446964203649673	0.7363531511237799	0.591915503996124	0.3370951859889945	0.880015828117453	-28.168419207123858
990000	3.010718244896769	3.8406739698346035	0.7518626286288113	0.6203655817522359	0.2578160946581985	0.9058960027754298	-27.468846238679085
995000	3.4448603738194743	3.472788249931748	0.880317524860071	0.5991388692486458	0.31528654318106175	0.8637551105899675	-29.976529508569712
1000000	3.8932442442262682	6.911537011889275	0.7184402771725404	0.4909068577582266	0.20615727623239719	0.8221365877105464	-45.769403448942974
1005000	2.90821546461465	3.048163451137295	0.819803131693887	0.6609412388193369	0.36966393318374613	0.7121967839303932	-21.813910418693403
1010000	2.9538565979026803	3.151293809609711	0.7531009456813088	0.5688016577129096	0.3719306710092512	0.9900965324033225	-28.498382651827374
1015000	3.359561007008332	3.413581219148376	0.7411068778599675	0.5185638426211953	0.20268910841318047	0.7343678525007764	-35.84792374284512
1020000	2.913965711719795	3.1199053521901736	0.7382725273485485	0.7304187975458915	0.2242040813545682	0.9128741373833609	-31.18956634455892
1025000	2.9349371608654558	2.9608022810487746	0.8871264582387474	0.7483837270182024	0.218790678466788	0.9834361598198178	-27.684518193036038
1030000	3.272195510698016	3.920233565595105	0.8562170180696757	0.5264010583140303	0.3194711031802719	0.891122875266764	-30.759107118785938
1035000	3.2031017923536447	3.368577217988533	0.8743914145124947	0.6765449861822257	0.2047665286216482	0.8185402616958589	-33.78659496908046
1040000	3.467788853219274	3.9712589872553337	0.7676184457735885	0.6284817829273018	0.24099377369301994	0.9944456576707428	-38.828514643545184
1045000	2.994714176038965	3.5182422349184606	0.8181436991078084	0.537311089529606	0.32672061485725923	0.9525215298356681	-34.73412948991638
1050000	3.705972900759055	4.0412102986945095	0.7158113382613549	0.5703317001906647	0.39290101295841906	0.9159148794805192	-37.999969318654045
1055000	2.9089585993650653	2.9351987410567113	0.8687845400326788	0.781113579427198	0.2253387930000283	0.989183568623217	-23.320720813066536
1060000	3.3364895853328815	4.208310297462702	0.8064714336965964	0.46533529271072077	0.3074204854098406	0.7054236300929149	-35.85450404407094
1065000	3.41800793359323	3.834732189631071	0.8327123028285477	0.6583485955828998	0.21287260456709728	0.7631564087866571	-35.25384693456
1070000	2.912870648028653	3.05355560199183	0.7110504432729315	0.7185374902960755	0.22331268834842682	0.8943163416254127	-27.039855364160488
1075000	3.3553941373370852	3.6008427803511665	0.8046645253665451	0.5016474417736964	0.32173813065152806	0.790087380762035	-29.131218827280232
1080000	3.3928727144695165	4.142258712693751	0.7453619288761687	0.44468430333114867	0.2178414842062285	0.785259443392329	-44.26178329786824
1085000	3.1066756833330698	3.3502974381986674	0.7184370364316676	0.7275239000038709	0.25814076549819887	0.7238957097655573	-27.42460434370992
1090000	4.454102822785202	4.873642521148119	0.8713729071927352	0.6445581790289273	0.23989127484537925	0.8445296185122579	-36.64959578486481
1095000	2.984048341091817	3.1712101500906607	0.7146509705616194	0.394602098064325	0.502528809302139	0.7837718675210322	-35.54192656661387
1100000	3.738377705427363	4.41828113391363	0.7735312308427033	0.5772050328444676	0.20421460685409232	0.9076343116192079	-37.07203019014016
1105000	3.149307717999861	3.5624310605652534	0.8404594112587483	0.7121328990536744	0.34103726465211703	0.9275384292424722	-20.86087651755021
1110000	3.7019943580182653	4.85105130718849	0.8895216148612977	0.5233841302279281	0.3993101592546305	0.9014785293107569	-38.64172588737184
1115000	3.1955507958500995	4.531870848343806	0.8375141443322462	0.6764462503577372	0.22049151912654116	0.8344212308866178	-22.62667968857074
1120000	3.2250134056663855	3.5833869792002653	0.775385932274287	0.534927753093303	0.271024281670536	0.9492135907413903	-39.94925015542305
1125000	3.18765585006239	3.4908622908520512	0.7208044453314448	0.6278306706424871	0.3277771260862161	0.8910555951860438	-30.411027574589486
1130000	3.213438692748098	3.2754118673936543	0.7583288785977714	0.6497559488453107	0.40719696359264845	0.7659480191191735	-28.27342726594605
1135000	4.1603984814061565	5.370497927756254	0.7393257721481163	0.3875038049139114	0.4020174110512929	0.9177444713132512	-43.38927136275963
1140000	3.404803294563538	4.897413358417233	0.7050745955201241	0.6455176917801413	0.26063099532668654	0.982389375522454	-30.11048160052043
1145000	3.2652185919478085	3.490328634716685	0.8930858611415675	0.5011327258998484	0.28473230902323965	0.7121150296511709	-31.133540702349606
1150000	3.191281639635036	3.198570042454687	0.7670244713946169	0.586178571573793	0.3044145725060981	0.7374917302092446	-34.446344862528235
1155000	3.238378689916425	3.4191450523413978	0.8838813372233023	0.3408180028303865	0.46254811459806316	0.832562618236174	-41.81368711460124
1160000	3.862202698430256	4.0054728032020925	0.8533656032479522	0.4897351220393362	0.22972444673160217	0.778343794073511	-42.117766350060286
1165000	3.7549300661304397	3.8393770786369275	0.8000201919005981	0.5024736689298018	0.3077163034578484	0.9757496009622193	-33.857792524174165
1170000	3.7475114121675155	4.516197573977252	0.8049966696322514	0.5364873715285104	0.3179364325740856	0.9976079256378563	-34.7101365804002
1175000	3.3654715794575276	3.5159198767439515	0.8611574165443776	0.506577865144818	0.3721116766418375	0.8164656929552063	-27.0166210786225
1180000	3.576600687743259	3.9104366770289056	0.7414894778752901	0.4915711978558021	0.2473023256855141	0.9654064744202069	-38.94506862250283
1185000	3.1035497073148135	4.140819259624641	0.7572271115417454	0.7585460368267882	0.28961598530831384	0.7289631926756486	-27.85266326783502
1190000	3.3373977410036706	3.946944528943895	0.7564206218802326	0.6234867073017797	0.21213888312108495	0.8008581555536305	-41.477084675323574
1195000	3.245779337707666	3.757653689028536	0.7718428238463553	0.5224112222195999	0.2844599028313764	0.708055335879037	-32.47223031386774
1200000	3.0403908161318096	3.0443066683126094	0.718142591915354	0.7623067962106546	0.2475782396359746	0.9796048430901118	-21.516033702829976
1205000	2.90821546461465	2.9918544041745396	0.8321766967772056	0.6597397606036846	0.289350032746423	0.9310577367044683	-29.957341876645636
1210000	2.90821546461465	3.0641498408852437	0.8070792747847353	0.6338269013388805	0.27163928765144046	0.9203513098881021	-26.11498071593932
1215000	3.3253121115646564	6.735080719532543	0.7410326129408654	0.44553447960277476	0.23379102255134865	0.881600844423005	-42.62290937043242
1220000	3.505876270781283	3.8627975050564243	0.7960462842278003	0.5796509823665511	0.20361101712129664	0.8862576257142678	-33.87503645426248
1225000	3.9353656037862588	4.0543327243515925	0.8363957027332627	0.45610010735626266	0.21272576608843746	0.9202230685693089	-42.51097671940055
1230000	3.2735513504793547	3.356878307530033	0.7628214450966697	0.5393649021242544	0.2334506129717928	0.7840996142821209	-35.84670116033419
1235000	3.2728157246070455	5.125695977543491	0.8324889775834334	0.6491178680122447	0.20453806058243565	0.8136444372152708	-37.09288951846141
1240000	3.917173282077344	5.162492538226836	0.8111567378748868	0.4735686142025465	0.23846714755693463	0.7923532792165819	-45.88044255515909
1245000	2.9661805545469937	3.270462684081324	0.7449102196246691	0.5736490512786561	0.34352779324882565	0.9395881228685712	-30.321601852323706
1250000	3.2398907869035307	4.602089465772978	0.7515262613654022	0.6596570993399253	0.28776339718406746	0.9385200514176897	-32.50034075089179
1255000	3.764472036488571	4.995956937022466	0.7668550533805099	0.6586175447381241	0.3349342790858266	0.8325292496168064	-35.26101039798142
1260000	3.3285370757951105	4.020189373168578	0.7458359275645379	0.6139197664507606	0.29220185545711697	0.7487445710968101	-34.80577775877653
1265000	3.9492148167594237	4.258601042894068	0.7105453060046003	0.6020479410469772	0.23865064527305951	0.8513531013585399	-34.85447570315211
1270000	3.0436012827471477	4.256321599457401	0.8150903275999298	0.5633544229952286	0.2758587279323256	0.7222871120071405	-32.103700945230756
1275000	3.560664029085776	3.8661893712802757	0.8264169330984568	0.5667430469333782	0.3218933783069106	0.954785445337394	-35.814036934073215
1280000	3.196359698281894	5.802918803202983	0.8755804860833816	0.610539520494651	0.2401787225175335	0.7078520421684487	-31.06533282358989
1285000	3.1124871784687884	4.509764742095773	0.883232113574062	0.3464923669247331	0.2614906916515041	0.7994956574182307	-40.97473586673872
1290000	3.1004059469515903	3.7111834489839683	0.7948321115752457	0.732509108343624	0.20149684943049467	0.9429773263552004	-28.652201337064138
1295000	4.074939250910833	5.092461212494532	0.7893409723856001	0.43632802232236506	0.38452136871841613	0.909786606871987	-35.90908024681464
1300000	3.5770138141832972	4.172190714800736	0.7401403137912734	0.6393271617098477	0.24995918157535701	0.8272636506263715	-39.80234393164422
1305000	3.237667434412987	4.202310168489508	0.733113233831186	0.6718233076490371	0.22566932425023448	0.8233551265605821	-37.3367295400046
1310000	3.221077307421787	3.254917500090246	0.7297233051328613	0.5491107184647813	0.2552614290713282	0.7190489023379312	-30.364271169410376
1315000	3.1809908823691107	3.30625334161615	0.8310390666136668	0.5768892168999559	0.3168967464371422	0.7587063271939797	-29.166379363449263
1320000	3.6245084911175955	3.684838047182679	0.8631970776412544	0.5235671628551926	0.2441183966987604	0.8152994266414622	-43.17544540437199
1325000	3.009229660865424	3.0625201227946413	0.725997381242085	0.6489040547455396	0.2530717876160542	0.7425845899168892	-27.6571266871078
1330000	3.1271322094842486	3.4851088018714775	0.749237473289467	0.5831042445695741	0.35490077793549324	0.863478623269839	-27.56317360519729
1335000	3.3361131345920443	3.816664418797988	0.8826606838495761	0.547443173009699	0.21018730745687025	0.856079355534452	-30.817166203245698
1340000	3.0816232397555265	3.5870979754177443	0.7363160099242185	0.6320367190408578	0.3004382726268319	0.805126458053001	-31.32768529918266
1345000	3.306924692671343	4.6186836482111175	0.7680773072050956	0.20579798811096642	0.45090710804388706	0.7815239279682694	-49.4916249864289
1350000	3.106705970898416	3.2712997750405344	0.816957799614816	0.5266662434843036	0.20605846298066988	0.7955763060821861	-33.937590026556705
1355000	3.1745300374050647	4.363258159872294	0.8959196205929616	0.6010286225491646	0.22464954398938417	0.7649763468431311	-27.80186767147143
1360000	3.1934750541806607	3.6730480703220465	0.722033076533828	0.6183924675081217	0.2762839490156315	0.9045782864080256	-33.84594559991712
1365000	3.0362044420782515	3.2266285102454972	0.7359500653246362	0.7307450224017735	0.2206836875334776	0.8216276800077225	-21.804580677509804
1370000	2.90821546461465	3.2989490230612124	0.8458689355997769	0.7348748740496764	0.21413586682473024	0.8199799619466552	-20.0154277231153
1375000	4.070363953102975	4.223519584767153	0.7097557105375696	0.5021327602821182	0.24075463589937032	0.9326544428027743	-42.51338066001359
1380000	2.987387694777979	3.4005798944342525	0.7279191180974783	0.667981941209666	0.21501126082866603	0.9123754844113879	-27.61860908033239
1385000	3.7982534823759733	4.438150451973036	0.8758000091029082	0.4204058733486816	0.2688169115482309	0.8411242893163735	-37.265872649884905
1390000	3.395229103812804	3.7578713297886743	0.7937256054179519	0.6098443311359213	0.24393773919129252	0.8869687177807813	-29.347752913611966
1395000	2.977322161010731	3.1228314720049273	0.7548952448701818	0.647759808637933	0.21870070780379935	0.9784187553798228	-21.557501574791242
1400000	3.023894513984655	3.2283638191517436	0.88970350609878	0.46517024789167527	0.2663593863338907	0.7929708894440998	-38.60197662052095
1405000	3.7925417129117154	4.129197420781617	0.73760149637022	0.48067412693168515	0.21785440987217736	0.7042277069531004	-41.59217039773702
1410000	5.26541846545261	5.387059926336256	0.8191070645073512	0.512913372694244	0.2425569327084028	0.983373891988089	-45.64251806501238
1415000	4.979114946702791	5.696044437476997	0.7217062881706289	0.41173923370596643	0.20886251303449252	0.7220425377986038	-57.1732336897803
1420000	3.25942246155597	5.012844713029673	0.7789644118503846	0.39886523089237247	0.26325082600116334	0.7253257692903755	-38.35413724750465
1425000	3.330411669741411	3.5716768980371825	0.8930202881438417	0.7061666280793235	0.25686623756488697	0.9046958819758619	-19.832415727159834
1430000	3.038665313700924	3.1709346635279814	0.7134490572898176	0.7151840321457883	0.21723777159966995	0.9370958832634857	-25.89560393983828
1435000	2.90821546461465	3.1521561097362976	0.8189351141696811	0.5990619369847682	0.23850990309146852	0.7531853094883924	-28.978250988325716
1440000	4.07918117829599	4.196524463783137	0.7595515910618293	0.457389915843852	0.4367128803617366	0.8052364119192372	-38.998567926925546
1445000	3.4261214698120246	3.633727892683399	0.8615506908501726	0.7599495102339496	0.2338208410193466	0.7510090916283862	-18.557772458360194
1450000	2.945437867287703	3.408382543270116	0.753097920611507	0.7067966924497262	0.35204149057462114	0.8640750589245929	-30.66270935958354
1455000	3.228415670940115	3.5032494536816916	0.8081233783397621	0.6096697539810585	0.2046276501634776	0.8000830589782153	-32.80084585558339
1460000	3.016055905705861	3.1100408314013963	0.8966747552560914	0.6666296862261137	0.22767043710192778	0.8304402720525662	-23.477349954450993
1465000	3.0672691358899575	3.169448412657843	0.725336176030067	0.6532862266960769	0.2103724597478833	0.9699745653904138	-32.80476868358496
1470000	3.2545571300920946	3.8859341884200798	0.7802380811844769	0.6014352508757185	0.409087991036015	0.9859282485941843	-33.467658437104674
1475000	3.606876964484636	4.456681405774829	0.8650033640265639	0.49687154755951657	0.23725581954674632	0.9057472632527079	-41.83031572086227
1480000	3.129143759292991	3.345727586791831	0.7860142691613397	0.5975283760647053	0.27872679407087064	0.7173808996664233	-34.374509597730146
1485000	3.5908367142490354	3.634744416880145	0.7105311950530995	0.7137480941061852	0.2208328687236732	0.9818026048505378	-28.71976815831618
1490000	3.5778453691971652	3.838199924501048	0.8035302009039258	0.5778960131343235	0.2535485794436431	0.8715039698957775	-36.3408601685285
1495000	4.136831248575749	4.6592934996313415	0.7442946325678148	0.3879535024072434	0.2953641654250909	0.9353401482711442	-43.212619928183116
1500000	2.964946735762732	3.38665232075543	0.8972304891221381	0.5114553030198467	0.29425367518493056	0.970964802390062	-26.537002354565207
1505000	4.077548122427963	4.177372345970982	0.7436587829295268	0.5889635753384825	0.2486366023547113	0.7819415069618308	-35.519540988920866
1510000	3.8135844480560674	5.0417170263085955	0.8491556517008135	0.44373230439900135	0.21747049625566311	0.9224621862496262	-38.45971112640361
1515000	2.964898629610813	3.7021271532657094	0.8031854134937727	0.39313331682469427	0.43828594986652625	0.7016851281266566	-30.190106070229547
1520000	3.227525293114357	3.7480874002461597	0.783156624962273	0.7112092477364915	0.21367788081781483	0.9848378587127994	-34.265999566254635
1525000	3.1557946665435987	3.464117653708953	0.8825202295206691	0.5714855984300333	0.27060212585431825	0.979159626263846	-25.600155837240116
1530000	2.950075013676439	4.321933570075429	0.7146109780929913	0.7481206090056745	0.2184537201066056	0.7951724489977198	-26.630906261832376
1535000	4.147189108143943	4.227035665429335	0.8808391791817757	0.46522068602245137	0.22141365558320483	0.7642712654142864	-39.68754287173678
1540000	3.4195313535509793	4.4445102347081775	0.741414562975945	0.5101278412749468	0.2080130462702522	0.8802923102534541	-38.271959131822776
1545000	3.876092966083134	4.792497878036774	0.84174690319434	0.4006072369976328	0.31543916559523816	0.7562364475937841	-44.54432678067367
1550000	3.3488633231041347	3.956661392504569	0.8507752113889305	0.48805224595014407	0.30663074652977845	0.9854168885910717	-30.973144890223757
1555000	3.0614476019251553	3.188785296765622	0.7677655043781233	0.5734094615467069	0.23220246321837573	0.9483265166652097	-31.759694136830397
1560000	3.4213653509367745	3.6469578584325015	0.8605042505913318	0.7204253180304516	0.2064304011557753	0.9248510765153887	-18.96411395236975
1565000	3.0485709719370875	3.1737234353199386	0.7918086214867458	0.5011042043890909	0.2609159825696766	0.9043690243677193	-31.785268468671894
1570000	3.4856952834727095	3.613239146350271	0.8631400659949443	0.674649568956977	0.2837773923140611	0.9867804401375351	-27.667528687450112
1575000	3.572926440576866	5.596554473609124	0.7718436268578681	0.5694932521712013	0.22193409863221727	0.8945714683615198	-39.49369196746992
1580000	3.3923722523087503	3.447780082241242	0.8253706767621657	0.6182217330097085	0.30227112586608673	0.7052000548951805	-41.23415564218845
1585000	3.830062778037554	4.058647759562847	0.8559984300823701	0.6291213063541536	0.20025231184687614	0.7129665360944033	-35.660801112244286
1590000	3.455706224131209	3.8272406881579686	0.7563584685032152	0.3236583076713386	0.5284540356380215	0.7146907248464336	-42.285593264391245
1595000	3.08693470318986	3.581277764933998	0.7012713040664654	0.4012712141482284	0.220453647084103	0.7366458128800637	-41.05882599800221
1600000	2.90821546461465	3.8123126937001937	0.7120755115095315	0.7286386415136273	0.28381983741269823	0.816424048265714	-23.60404116155103
1605000	3.356550379779334	3.662705876375866	0.7365685462105904	0.5770147290938038	0.26109382767110423	0.9829247125155706	-33.94687026834759
1610000	3.5582038541711367	4.377103074813302	0.7584036112066439	0.5489826571956632	0.2260007087649161	0.7171816772383741	-36.31053163151687
1615000	3.288805534148915	3.566901388174936	0.7386746647912987	0.7100180757669973	0.25873912685799105	0.9672162962054021	-24.97099658636557
1620000	3.7542081489775696	4.0864952989391	0.7586310559270119	0.6686416249671906	0.2560636742877536	0.9309249743087565	-36.07882036277134
1625000	3.482099963015154	3.7322409597679203	0.7067858619198879	0.7136269923345919	0.2105939539325033	0.7277870188789477	-32.24209051153209
1630000	4.170369128782856	5.4380824569446995	0.7747934636586488	0.3917474326897132	0.2968720174237747	0.8609614270180772	-42.02896064509329
1635000	3.186657598675943	3.510479666005154	0.816443756542571	0.48482261746548827	0.2709560225991508	0.7366482664163434	-33.91661257235582
1640000	3.34170633115916	3.9131927786700578	0.7501989455575588	0.5558627534288221	0.2944225570185894	0.8696640024427176	-33.56052931478997
1645000	3.0191298654926015	3.269635935214036	0.821155560368711	0.793873171619766	0.23810328367054928	0.9166728197853592	-26.220173911660886
1650000	2.9425224979847076	3.2238188584193437	0.866585513309575	0.612532027712802	0.21718900452385329	0.8030702235554348	-30.426158186648582
1655000	3.293583433370682	3.6851674435327815	0.7310702468609772	0.5639270988201608	0.29706410116106474	0.8297427246229521	-34.18059890834786
1660000	3.3557032236806035	3.572928637954121	0.7232373575204991	0.5762076780707687	0.21380066219428243	0.9504722499791145	-38.4410739137013
1665000	4.118636556536161	5.645190097355342	0.7670907018654028	0.49355849291771736	0.25359291720582544	0.7777025252802058	-45.894087668893754
1670000	3.4014149881397273	4.0231088931040775	0.8747168889933168	0.5095840861494217	0.2543740063178748	0.8744485250487533	-29.398119877514734
1675000	3.172155663595716	3.396895359544804	0.7669588071065967	0.6946520397821891	0.23806554311530434	0.9931879376430839	-34.46186475844849
1680000	2.982734547138055	3.4637599410288007	0.7246074307317142	0.6792642615131038	0.23332716909809614	0.8344094020754589	-25.845089025429672
1685000	3.3033466203956534	4.2770080447476335	0.7971569719169025	0.614802973644351	0.20613714783970866	0.7101103465128842	-38.1525451364792
1690000	3.8106389673783942	3.8507646595004004	0.8042759848247825	0.6144922175372155	0.2510541351780012	0.785438237199725	-36.86135999045969
1695000	3.1326876429341577	3.7292104832470043	0.8245039734705449	0.5565775207346262	0.21366602247020763	0.9098428382760431	-35.316313481411996
1700000	3.566171110423797	4.03641295800757	0.8325892875172872	0.5066220837815544	0.3184139139540435	0.9640847637357465	-42.98245351701501
1705000	3.361870581004248	3.548430400630172	0.8164143504813638	0.531998498307586	0.3316004789208696	0.966279060063788	-28.17844358172353
1710000	3.5852975310320443	3.5865202060803307	0.7932717486935639	0.543328611646176	0.29201831745412943	0.8045840488497772	-37.30418174139618
1715000	4.461322307464905	5.096021295898748	0.7253365417936665	0.44021726434657577	0.3041738687516833	0.7572493115136772	-44.17414062562356
1720000	3.4615585976841396	3.6616702122946623	0.8410636394969997	0.5254999984694759	0.23633811250441883	0.950947620801202	-33.438313468403344
1725000	3.067732095955474	3.630926908619782	0.7289010543523606	0.7641235938300354	0.21078085279045108	0.7732506686353705	-19.932443077596417
1730000	3.2452441269047414	3.4937878865792333	0.7192931805567024	0.6425106667243621	0.33961881592676896	0.9518588655356144	-24.799626086918853
1735000	2.934563471231386	3.5042428066544806	0.7007781053905043	0.7816415901293707	0.2236947683507694	0.8002558646398709	-23.611315914415215
1740000	2.90821546461465	3.5313344198775756	0.7781971231225364	0.6157213737063973	0.3083338440587774	0.8734213189159539	-31.740388475446387
1745000	3.5248004853643224	4.402306361823471	0.7242933822359321	0.7588392826572765	0.20643809386275452	0.9654694010498235	-27.723070551634134
1750000	3.1623892565019176	3.4803672783319834	0.7192461031370498	0.5750012053544581	0.27456386180863734	0.9272100263967912	-28.3880290354109
1755000	3.464937808637621	3.69676174498775	0.7005860058318173	0.625747856992428	0.2194504601729258	0.9514422413378126	-35.753213579217785
1760000	3.3987626297890863	3.801165861688178	0.791365377742344	0.6357499933025245	0.2090508502830393	0.967152393312831	-28.29263753511854
1765000	3.18862945622141	4.795982442753587	0.7672628178716119	0.6766413135151942	0.21538399348356513	0.8850089210706297	-29.209090611074632
1770000	3.41977588357126	3.659448002635511	0.7618759844085139	0.627707281212816	0.24327760995797268	0.7717719708304	-28.857822305910783
1775000	3.6409143857752313	3.645426659056752	0.8334950653508121	0.5517058600101817	0.3905831265235621	0.8110288026616569	-28.775995173974582
1780000	3.1664120635721913	3.581494456338704	0.7549261957379806	0.5452529465617763	0.3133107515335856	0.8174252050563062	-30.64831309374038
1785000	3.8089240313887562	3.9303286497081893	0.7024859969861275	0.48901185282829013	0.40604733300625023	0.7198714361927623	-38.84772407809731
1790000	3.931876888337075	6.009435878600984	0.776909885368709	0.4366070086103102	0.23296035366959858	0.9210553357296112	-46.01909192187234
1795000	3.2004051121210653	3.561014034391619	0.7713387638151278	0.5635982799384303	0.2515355780749531	0.8835356327961572	-37.51701473245085
1800000	3.5798003183457796	4.159361894208267	0.8921492334663955	0.5178066382169761	0.28895532608441243	0.7445491981515456	-35.58269018931494
1805000	3.238921967117087	3.2470571842069247	0.8716860199526407	0.6996481121392748	0.301814606065326	0.9343254183264116	-24.385787861881493
1810000	3.1162811216350024	3.5090555059471713	0.7120020509447708	0.7484065080486342	0.21856076485616946	0.9909993941777531	-27.57353635877737
1815000	3.398446899806855	3.615369134278891	0.8622446761508645	0.5929390662423383	0.23649317793896568	0.7416938025310251	-32.149435452816505
1820000	3.0028921603097007	3.3570758598579538	0.754524228215149	0.44986476111495727	0.3249987795828684	0.7206781345688691	-34.204954072916486
1825000	5.139505296119344	5.861882900827786	0.8445720058087149	0.4873760111346983	0.21185489453905473	0.778161900785376	-55.23814575518355
1830000	3.3566893911848226	3.8041418296991965	0.7873322346337548	0.6029942392447153	0.2931480534517527	0.7062304360518292	-31.95950628620085
1835000	3.5416616358301147	3.840110349596456	0.7897433667640509	0.6458400853727639	0.22144909103843452	0.9963427204173863	-30.374545896691895
1840000	3.558028835680571	3.972469871660871	0.8885665097325639	0.4875878801644651	0.2697026763057865	0.8695457469872504	-37.9538287324584
1845000	2.9331995240611204	3.6260190329674935	0.7952319286793003	0.4683534182267731	0.3910661042260444	0.7269501931434905	-33.44858128416809
1850000	3.173265324799052	3.246695652867075	0.8941542288571505	0.6114133509154063	0.20443930934826338	0.8941940277849696	-40.38418693791793
1855000	3.4452327897076347	4.193431437533576	0.8459623870748092	0.49598027348889795	0.20045279872834487	0.7786654250525622	-36.719151678261674
1860000	3.2453960737879357	5.06628364793257	0.7429588969274608	0.5906078612722152	0.2390714631230074	0.9743031593655441	-37.20010365506031
1865000	4.064901988084161	4.820819178183317	0.772964795439428	0.40555761776376537	0.20518637361132694	0.7511249640934069	-45.224758904821776
1870000	3.2039461487007226	3.664844611781151	0.7500783542780587	0.665134517739861	0.23480488197351432	0.8788659362816916	-31.244439418978246
1875000	3.1087651187194183	3.2887429197710345	0.8133169822351461	0.4614225403764299	0.37420181206261033	0.7896401456410611	-31.80142304155467
1880000	3.2322248439851227	5.085265816480086	0.731840498795446	0.44896968115183056	0.3460527237324615	0.9524048733082657	-35.722713223202625
1885000	3.5041330137556264	3.5743288322733897	0.7878703855408407	0.6159251677201674	0.2682561434642155	0.9340245909177718	-26.87778046370318
1890000	3.835950152745331	4.003925053581091	0.7635543720801106	0.6178707310982491	0.268151751433771	0.7368662024874731	-26.47521864667389
1895000	3.1007583685649247	3.405013834546552	0.867721938356786	0.419709602070209	0.3395655291788311	0.83387051907045	-34.77488751506767
1900000	3.976500767523337	6.22917552364128	0.8354783690144685	0.4982415109881165	0.2029391866103708	0.7941130877444306	-44.44574771800442
1905000	3.0810493688487486	3.0855338110815183	0.8377612641622598	0.45354892620640935	0.21000636269072728	0.8708846509518957	-37.195312592353794
1910000	2.9433786626066913	3.4743485308658073	0.8662121878926541	0.5822970155271192	0.4178315413701835	0.8427958240779135	-21.713775194954685
1915000	3.078305536707624	3.490128880979369	0.7442562233744057	0.7195679645431243	0.20496595394664802	0.8489662301279323	-26.829815120314343
1920000	3.575371617335357	3.876874847977132	0.7488570594692388	0.6749679146642383	0.2235128099182972	0.9665190102729703	-32.99644468027066
1925000	3.465674611348465	3.7407671383337893	0.7203545315850578	0.5829492650117107	0.3436589702692196	0.7804114635581679	-32.034356835538475
1930000	3.685838964243726	4.394496860939124	0.8113179549301395	0.6831822625119153	0.214861150277679	0.8617152534419305	-31.619074209018464
1935000	3.1258426490600195	3.1541436030632934	0.8165192047742561	0.5981023937207683	0.32065225767673355	0.9057220524561357	-23.635084974681863
1940000	3.3425997001652874	4.209117954003474	0.7845389379215985	0.6404843833755286	0.20156163792794984	0.9887149037690254	-29.251794240755064
1945000	3.3313454095941357	3.4058577333592295	0.8939486850404736	0.7619388910570427	0.20041626219748176	0.9297592541158147	-28.554107764444257
1950000	3.666208245383237	4.078151939773502	0.8139715581754974	0.44595685428648235	0.27495004229082604	0.9972972518250183	-40.07871937609774
1955000	3.982708536067694	4.34778661112389	0.8965480685734268	0.4899604603850863	0.3529891010927	0.8666304211657043	-33.79197196637408
1960000	4.096375975452008	4.343133275786286	0.7037990404470811	0.4029510806492053	0.30127769860259285	0.8686764370860015	-43.12267517757816
1965000	3.3669866223954	4.283982888672713	0.805774819543841	0.4436998411221484	0.3839074491125898	0.9614449625342447	-39.8504545053621
1970000	3.520755569943483	3.566842521319004	0.7669093141297965	0.6540202700126312	0.21844107664232046	0.9791138901746348	-34.75569537563806
1975000	4.40699206381216	4.9269821317766604	0.7355554675503948	0.5001144490378296	0.24910090506611046	0.9587507744694092	-46.80753561220157
1980000	3.344906552752689	4.121225197393077	0.757247983587081	0.418001428703875	0.4528447016420674	0.9826825708680277	-41.917977454493624
1985000	3.017706261633407	3.1118116933525646	0.7185096645830661	0.725165517524644	0.26519174037955934	0.991151176614168	-21.508019598520917
1990000	3.1124567579229114	3.1471305059132786	0.8346155090493913	0.6116953012273103	0.3477769025915163	0.9398887593393731	-36.43864482691839
1995000	3.0446805163622677	3.3208592652699527	0.7506909106546933	0.7709608879513459	0.22429974319993062	0.927146445132148	-21.646079272697225
2000000	3.0616188426792954	3.169530622376024	0.7246535265318053	0.5736695142375179	0.3814301231209672	0.9148600305410575	-25.492795316829366
2005000	3.7233913454986904	4.790815233623058	0.7832667263182002	0.27747090894387183	0.370123950909217	0.7265521824654019	-44.52239032060088
2010000	2.9772291328697	3.265042421856218	0.7897259274704108	0.6252445592987564	0.34115685637685983	0.8291549820327295	-29.263033090079762
2015000	3.194535259139058	3.4533542349260475	0.7157401119987608	0.6204266419609455	0.36871584356334614	0.7677225265007356	-29.723607771908174
2020000	3.4628328413005907	3.7164938994442527	0.7354501601336919	0.7879712518402878	0.21471624983262774	0.977021450034897	-21.675079116792443
2025000	4.857380338431786	4.973245612112431	0.7818653476632245	0.39135494341522253	0.23135471525896192	0.7865028964957962	-51.275032808993814
2030000	3.0062376707845804	3.593061582158707	0.7669808671264495	0.6608603293675148	0.3407818535052908	0.9213532340314962	-25.72325874790259
2035000	3.2314232242811016	3.499214229073875	0.7377368881701574	0.6480767183783833	0.23999191923716098	0.9764048610641836	-30.173358366101766
2040000	4.915214043043232	5.165802132083822	0.8179418275380795	0.34569045069031706	0.4282586449934548	0.913066669982508	-44.03232145252735
2045000	3.9003795474779306	4.774871604224433	0.7468008599816274	0.5524885669492366	0.22344148728143434	0.7587061150002636	-37.76914161777948
2050000	3.773217919569261	4.381237342266886	0.7281327789091704	0.5369900070672072	0.2080882163221838	0.7506728298160941	-33.418055537921354
2055000	3.9185360604331185	4.168584117516475	0.7446196941404197	0.518131758495189	0.27755935874380266	0.7965831075089365	-35.23831171964118
2060000	3.3384113537121944	4.271292861771836	0.7692235479100533	0.569360789954698	0.3300847634956334	0.7464212821325366	-31.95307734751737
2065000	3.1562181627518466	3.3558282566117352	0.7088589436278676	0.6954863081430402	0.2701671086564753	0.712277816760052	-32.52414612117005
2070000	3.17772156414836	3.2194778460338087	0.7972557594345298	0.5843891835112	0.2379171114758426	0.8564510375849711	-37.23685887263494
2075000	3.3639182543991666	3.5422928070448387	0.8494289847060502	0.47183484584789853	0.31865048720368144	0.8557636813989994	-37.3439548334449
2080000	2.90821546461465	3.4184531586684335	0.8250981156075352	0.7993229192084461	0.24978487833775598	0.8415474293655828	-20.412501998337714
2085000	3.168325853939049	3.542256552803729	0.7371390278176574	0.5921091764932365	0.3593631019366489	0.8526699684903655	-34.03418783729981
2090000	3.185075700717937	3.635219967039043	0.8676708746264041	0.641681008576888	0.23175445851904	0.9034145782317049	-26.333213925513476
2095000	3.038217880651421	3.355999109338234	0.8863621634463865	0.5508850816388183	0.2862238728809382	0.9312083730186486	-30.061439956994143
2100000	3.419898219113103	4.2053402160874365	0.8331538158253542	0.6468091668952793	0.2019859989400878	0.9808765060550239	-30.563502549822953
2105000	3.5818766280174974	3.6498989085217586	0.7422338903474474	0.6089675855102521	0.31887625080730175	0.9645889010768286	-33.6383959686569
2110000	3.7862931791029726	4.9261752211813	0.7597013466131967	0.6176492424672241	0.23765876052524215	0.9339440583407081	-41.80962214929672
2115000	3.093460598037076	3.422272948833856	0.8539176209519747	0.6561175151083647	0.22408822895064517	0.9024553717093968	-25.972681807947794
2120000	4.373050246136475	5.50123195074536	0.8772092940279126	0.5750539706506934	0.23446537729486877	0.8465371090711511	-42.08823342304076
2125000	3.3509081494037813	3.840091811139828	0.8952554722632354	0.4237819426006927	0.24008914274173773	0.7467534804136634	-42.78518486908502
2130000	3.646557186492624	3.9396474752883646	0.7967043867796946	0.49127547550396017	0.34656810948891814	0.7293393041740559	-38.36113825822556
2135000	3.295042781726092	4.3556944300916545	0.7726743305538084	0.5255669990859504	0.29419133902365213	0.7390489570850317	-37.51005704191983
2140000	2.947209299275898	3.0174797585753024	0.8553875396677126	0.4304526206201588	0.23493352493130337	0.7935398793228873	-41.33507906389819
2145000	3.038103851542812	5.291640876248915	0.8439309236793264	0.5672935945899057	0.20546373644782592	0.986039963341706	-34.1552713992009
2150000	2.9848668363730164	3.5679586971443746	0.8017642249530149	0.6239152105031653	0.20695830455506017	0.7097527322262679	-30.9090586402303
2155000	2.9651085824600925	3.020226237105197	0.7446661258316667	0.6801822618614521	0.22857489671226813	0.8361652663852399	-19.876505032832476
2160000	4.113199611260123	4.659915750454851	0.8718100517729178	0.45386627209275615	0.2786109064675983	0.9631798412527761	-33.68004906702003
2165000	2.986453214270885	3.790088158929908	0.7976030218553616	0.5507148633997716	0.354220039586274	0.8693852428351942	-37.66530123921071
2170000	3.3845803365566773	3.584114654635329	0.7573560223451566	0.46834689726848844	0.3099433663185508	0.8582320682224013	-37.9809052011217
2175000	3.5519547463573398	3.6136855190070327	0.7112613110248709	0.6695321390656853	0.20967592503781476	0.7401336136314453	-31.487143992352486
2180000	3.2315493862941334	3.6410544142527805	0.8142294605618399	0.5485734676467641	0.2131136074507297	0.9856061222093576	-32.65202661489043
2185000	3.1720528231488436	4.9855051619611785	0.7827886990527836	0.5504184207504464	0.27656625264690105	0.8348802449295096	-39.53301775405906
2190000	3.1322006575027608	3.185665132338749	0.8399294687119023	0.6906982562155705	0.30745216242819745	0.9235369581028771	-23.077933237471683
2195000	3.4531957881727893	3.7120828209634786	0.863605949954849	0.5527337399379297	0.38414854676963206	0.939172572999324	-32.99034448069164
2200000	3.040629248362695	3.4170004088365116	0.7821576844012804	0.6310351022976269	0.23070525194296573	0.8849601585753968	-28.85058317384529
2205000	3.4148107062775694	3.4934798358312054	0.7098161116259604	0.4894757737408982	0.20090139054417652	0.9723211189346131	-35.994532958005585
2210000	3.5172545601780536	3.8482463623461105	0.7906108782946946	0.49315723629182123	0.40342188310570987	0.8246911229196262	-36.43928310748479
2215000	3.1025367920179665	3.2158803054474965	0.7301667707672016	0.7071981177512702	0.23355125602597504	0.7262261258507181	-26.17204918814593
2220000	3.407500375812342	3.5010255894180933	0.8083408139367679	0.42443444737623054	0.38363273812126847	0.740619054767704	-42.407680078227635
2225000	2.937059624198731	3.6177520689767055	0.7549295370455655	0.574900034191315	0.21640143340188664	0.8381586930608149	-29.42459446926171
2230000	3.3149853786668	3.5545289892735847	0.7263527871403416	0.5074425277315512	0.317552583315306	0.9541778317347608	-37.67299134204337
2235000	2.994902983810468	3.0496023689414584	0.7825356664265614	0.624402406965065	0.20088808746449136	0.9042874655674641	-33.686387307741626
2240000	3.9601715608907084	4.3023205143667	0.8329643987413373	0.38752623492895105	0.48422607379950094	0.933026574085112	-41.3080652484105
2245000	3.3114139519183623	3.8689715565457425	0.8072995936803516	0.6616722108329032	0.20993620352422912	0.9334507652698152	-31.2973753261387
2250000	3.1732297515892123	3.5803095694149873	0.8840040491780713	0.6923265508855568	0.22925990903516696	0.8471458987303702	-20.417000245445323
2255000	3.939352654169915	4.164406273206365	0.8080933914927876	0.5455770272047982	0.2556106863639778	0.997368420222655	-37.67025690563658
2260000	2.90821546461465	3.324748264126636	0.7692771682895811	0.5424804966188645	0.36591701395571796	0.8887106604402132	-28.227557082759137
2265000	2.9349930001565006	3.7718065313381253	0.7488015950863116	0.4740584767504779	0.3515336935373906	0.9816161735287119	-34.71744673414329
2270000	3.0917970783705373	3.1357430972625373	0.828560652892762	0.6626104006017131	0.2789878849599462	0.7553465623875203	-26.172340610104506
2275000	3.6352223759821314	3.852606450381433	0.7644835240341084	0.5730449115149113	0.22526478615741685	0.7420128839177035	-31.810992475073846
2280000	3.676959759908412	4.911568991547654	0.7054278340733604	0.3971207809089485	0.4414808756385596	0.9218600694257921	-42.762833392343616
2285000	3.062919952140085	4.269662954689831	0.8636765614762196	0.5797800492717725	0.2049459259850791	0.816725265522308	-29.124878526803425
2290000	3.7882889936311583	4.140047067947796	0.8238410167381768	0.6059544919085545	0.22346892276586713	0.8442295103770623	-33.180814394032176
2295000	3.3615034204898224	3.5372740216342735	0.851536919290861	0.5839809052954844	0.27448621410014484	0.86710392800911	-30.340787503702817
2300000	2.9466672822981725	3.0800413778305633	0.7629256517955526	0.691437724252312	0.2203897241067457	0.9579104439262393	-24.697421335910303
2305000	3.140120070922625	3.1711526002184827	0.8696216241411768	0.44867004575590796	0.3364025582400184	0.8753292771747774	-36.25279080147926
2310000	3.9484932540493047	3.994944239065245	0.7356236766008141	0.5897519390650086	0.33753379421997154	0.9471848961936743	-32.895529767446924
2315000	3.124001159265616	3.7533682976428784	0.7201462985859194	0.5601084469729979	0.21684588860682183	0.9208688263971267	-36.94523497055905
2320000	3.2111709601099654	5.600538373076089	0.7391514739200363	0.45635025041920435	0.3546419657674719	0.8285240328909428	-38.6313391944122
2325000	3.237862463127553	3.5848474822011602	0.8481517300601383	0.5043551058596469	0.33242378093424874	0.8866888267220154	-33.715861283243186
2330000	3.6139932491300653	5.056254972315259	0.759378135934013	0.6067356064741102	0.30658090738847427	0.8926270013203145	-36.416763765240006
2335000	3.043941329681332	3.064085371376988	0.7471878662217794	0.7162374628296396	0.24894369769411606	0.7226573825402369	-33.436231033082706
2340000	3.1694780257514314	3.7454960238720423	0.8852617671011503	0.2567444629058034	0.356265492084356	0.7192685784836746	-40.40105967942111
2345000	3.388641672138512	3.5183386334351887	0.838814426047831	0.6343893218542039	0.2432714556157776	0.855813879228428	-25.835875319470816
2350000	3.013972414192041	3.580810501479205	0.7212642880753012	0.612297072916949	0.24820617326051078	0.9288933080107269	-31.620539659958453
2355000	3.959053521699186	4.6064714560002376	0.8429828469938989	0.5798264812503664	0.20154549995460128	0.7655516126459858	-39.74992180473803
2360000	3.8985247040721545	4.2268771878349005	0.7555232239755211	0.41966087493407045	0.5302394216266514	0.9685633684465003	-42.604935074427566
2365000	3.357929878341241	3.9324907973537613	0.7222576759621521	0.6552505487123937	0.23703935476491356	0.9855101422350923	-25.970657760456188
2370000	3.312311293816339	3.4133133815896413	0.8619457442738462	0.5236074402148945	0.3885951032955564	0.7992801837433997	-33.05344729186468
2375000	3.577202902047092	4.302567215006047	0.7305279783954298	0.5183598665072032	0.2636887523172704	0.8831290210337228	-40.320279595888564
2380000	3.545148321787887	4.724638833977198	0.8715563898296212	0.4977501296759182	0.25297130776241966	0.8553507458923203	-39.03969439086656
2385000	3.4857628743357405	3.6325108402458697	0.7750912255643585	0.5940139296087283	0.38603834003684084	0.9023253739639346	-31.375285082848045
2390000	3.5824741668046163	3.6541818586561656	0.8019130077120163	0.577526606735311	0.25648663639233565	0.9963862192642178	-38.5996535725869
2395000	3.639443510997471	3.6914925606775326	0.809923224212558	0.5029983990080412	0.43365429693731117	0.8394828377161403	-39.134209770282055
2400000	3.2004073414264553	3.477679543106703	0.8896528817187588	0.5736200524272355	0.34422401126819296	0.9618097351416169	-33.231447472827874
2405000	3.198152631549283	3.6174261980403726	0.771774062871679	0.6983962858871053	0.2638828281288357	0.7638418582051913	-32.245542588126156
2410000	3.220915386390312	3.2835820435463146	0.8720848226783592	0.6476424330595796	0.2533176010687653	0.812190346199157	-29.19376208816504
2415000	4.007910199240507	4.612941366137203	0.7049043017949221	0.5626873927789834	0.2566943052604135	0.8425079180669632	-37.31124806929631
2420000	3.135740872217389	3.776986683240454	0.7645064366814287	0.643932829110338	0.247040194629575	0.7963039200702308	-33.73627267767789
2425000	3.1025090904158534	3.303868135712167	0.7185991099438538	0.6549498145403256	0.24562432091300168	0.7579516598726157	-21.508282413122533
2430000	3.0326966010077805	3.086635966174416	0.8148289169863224	0.6257908056756756	0.27895606204887685	0.7478156383161039	-30.879006526554633
2435000	3.297230023030248	4.082484341614971	0.8465547898709669	0.5489352415335457	0.24864806700978745	0.8518464067431396	-32.684424843178945
2440000	3.0384872086925787	5.0336116287776465	0.8379984073899801	0.52330483314331	0.22738005585198104	0.9243325263599174	-34.81409979436369
2445000	3.2525858157761176	3.9410266798741564	0.7873095826342265	0.5424517807653902	0.36286933345009514	0.9183254829889833	-33.00268569101165
2450000	3.7196831269495685	3.9538468808638716	0.8171846765310062	0.5841129028648708	0.27069418951422153	0.9214048244084853	-32.34906294167345
2455000	3.169492550744224	3.814568857387353	0.8025040075727201	0.5469866911395086	0.31821319958282	0.7920641749847687	-33.163897187318646
2460000	4.851676580159134	5.962676025262827	0.7782653532851314	0.3644606959218901	0.35409363251929404	0.9152887554684652	-46.90200385667628
2465000	3.236022297689531	3.261327070389121	0.704858176067372	0.6300714497131276	0.45399770678875034	0.9059633899297485	-27.26640231685341
2470000	3.103410088402841	3.339638919380144	0.8658378077760988	0.5822819439487658	0.3174371310325327	0.7316138344487166	-26.305643484271265
2475000	3.0968764172307233	3.6017930642831963	0.7568267302120463	0.4601995534623578	0.4298049385267333	0.7763223917901637	-34.86578863637165
2480000	3.3046577819231446	3.8665319743184	0.7095727500979505	0.5187170604104671	0.38726239103228677	0.9041604309987324	-34.573501801950314
2485000	3.2660357075822093	3.574727797432423	0.7510165033787308	0.5601897102950988	0.23036173167920684	0.7082096193030972	-27.58117422189147
2490000	3.2427563159279678	5.951674475857297	0.8910564581889764	0.34816262514596985	0.28257641564763647	0.8811528787156745	-43.74469951294661
2495000	3.5890421869966103	4.944881279409658	0.7740847190881253	0.701596922557479	0.2409184763806551	0.9979232594881516	-27.727940988405795
2500000	3.1759862599165314	3.399006461139776	0.8226253368705745	0.6970164247207989	0.20727165311772192	0.7415466214670167	-22.344652789048332
2505000	3.3596605979845195	3.4476585714492933	0.828558761265927	0.711541843630468	0.20002639073665135	0.7470069323029471	-22.576785452594997
2510000	3.7270946729201904	3.7778397483239634	0.8031558979578081	0.48626877850544736	0.2104500320665538	0.9660109763722049	-44.62146635837924
2515000	3.0840211341201775	3.547645431397707	0.7393953688048233	0.6138868903834577	0.2572603417782237	0.9759157302703487	-31.419854472157525
2520000	4.1554035840737535	5.275887727692081	0.8907247578686531	0.5614092890692353	0.20324519313245093	0.906266485509839	-38.16294505307849
2525000	3.13872858739819	3.351178847321526	0.7357307712944604	0.4511853351316097	0.3594506596702734	0.8763690732356324	-37.74452016497433
2530000	5.258276097305825	5.81243543639762	0.7174198839953015	0.5871023070921029	0.2411810210745839	0.7841072458400404	-41.37233636660334
2535000	3.4395772331245182	3.4710308900106805	0.8674090777590908	0.6241809341110537	0.25170732410648256	0.7109087780689851	-26.318624218102055
2540000	3.033811318045092	3.668036259054132	0.897494311484454	0.3028547843409014	0.3195089916609013	0.8258048093070812	-38.374871766018714
2545000	3.0023191352269043	3.095132962235645	0.7894352568810221	0.6475449535233543	0.2988387949483187	0.8354803833861673	-23.271700223816893
2550000	3.187414173173933	3.302910022257032	0.7335199974424323	0.43533306115274084	0.4665167112199982	0.8216542845330324	-31.40916599659785
2555000	3.646231529017304	3.689699541632663	0.8544276300788186	0.5242229413362371	0.25837611444114567	0.817085371496915	-39.383456806355014
2560000	3.7937839283391916	4.176022375861883	0.7306323953476777	0.6513008521373005	0.2545621334087556	0.9743387448231687	-31.515048639504684
2565000	5.698407488245169	6.305279498052186	0.7695652897008641	0.47092250856727125	0.2713908196999446	0.8630384858967544	-56.522724917194395
2570000	3.5008930560133193	3.6628856021465888	0.8756094435279838	0.47816596829625446	0.24980392236008378	0.7353522669060156	-36.124783141975705
2575000	3.157219292764362	4.105724208711041	0.785071034755801	0.6636350166911025	0.24065533323597915	0.9689013425482488	-30.411967666586374
2580000	3.366641921134678	3.442581959770234	0.8157512168213261	0.5561020808349455	0.23056459833516899	0.8296860415476363	-34.15049932130888
2585000	2.90821546461465	2.9815618894791447	0.894473072713227	0.550331002043721	0.2313842183749045	0.9614496066873551	-28.05458701546512
2590000	4.590538121973612	4.66757107473395	0.751263967241299	0.5851827634541263	0.20328328680028399	0.7276367242246757	-40.26174023161198
2595000	3.4781732007175674	5.183320199172868	0.7081918106683828	0.47377090419321616	0.2246617980186103	0.8013626897415057	-36.90024750849358
2600000	3.5379669835900693	3.6795312516781746	0.7755281386432583	0.7295102490193182	0.23818969447666113	0.7541782034116821	-26.06769742498734
2605000	4.082605955269044	4.61415967949458	0.7007251570069526	0.46827673638343775	0.25368695997415014	0.7045228513781342	-41.44526793476245
2610000	3.4405326633044404	4.277493391347864	0.714847624524293	0.6928126123113804	0.21469558808816724	0.8824644984440072	-31.56021163224441
2615000	3.4959312060543524	3.55710078657097	0.7713096699798445	0.4276382689850669	0.32986705742829114	0.7778454642691565	-37.221632807007666
2620000	2.9754564814191213	3.4278363567899732	0.8195887672363354	0.5709102914752827	0.23409009603185732	0.9821766616871995	-29.27834447172926
2625000	3.442841138289534	7.423548240660195	0.7887237045532393	0.5014149547405777	0.3054332000249689	0.994661025106074	-44.19779040463321
2630000	3.14809760274707	3.5744975320929937	0.8825862641015841	0.526951155947463	0.23764580995142237	0.9151297855559667	-32.6135097069592
2635000	3.192503716768579	3.356787077788613	0.8532614620902791	0.6633302860569594	0.24985803237507254	0.9346850223482696	-27.443783794717433
2640000	3.141536554260067	3.4390382672785487	0.8758393843907872	0.5904847690471422	0.21797411614721687	0.9278687905273193	-33.947857302625934
2645000	3.0185755749845966	3.433660197904397	0.7348162662141129	0.555002313235843	0.2983989990951137	0.7345018974691754	-32.47048765620988
2650000	3.739254817253829	3.822559152162917	0.7215711075735336	0.5543912095383802	0.3537419759833269	0.7468340429492595	-31.22013432702368
2655000	3.3002091804972085	3.42416002392579	0.8404985665039497	0.7324468326638224	0.2911497828190969	0.9908952743008842	-26.788225172360875
2660000	3.2273983950129828	3.3661793660143005	0.7061776398231735	0.5993979807306441	0.3705299837224566	0.9978656160593476	-25.617412335871936
2665000	3.8471279070633644	4.733003021922507	0.7092478409891291	0.6435827592874482	0.21777405060188518	0.7246418660555781	-38.4472949539673
2670000	4.918742305657053	5.902304228900107	0.7856090413305499	0.5495344929588463	0.20952267480152134	0.9905986949998056	-43.19538948930303
2675000	3.7626873159563963	4.656269643825038	0.7666582868219248	0.6493914324847808	0.20429225119763605	0.7927796844359809	-34.895347417907516
2680000	3.5355233801296277	3.5915682240644533	0.779450942721728	0.7170258598678869	0.2272893288275108	0.8886704097045448	-28.172689549479767
2685000	3.3503999250875616	3.601954957286409	0.7077577555740193	0.46205368921160195	0.20045980803246766	0.9741116034796734	-44.44928182964591
2690000	4.319606482545826	4.714063756347631	0.8815983470715322	0.351172510951283	0.45966641511739653	0.897021597112234	-43.58888082534137
2695000	2.90821546461465	3.386247144247355	0.7886873321120732	0.5422703894739757	0.31637098989894963	0.8796836570465558	-33.704400410789226
2700000	3.1895760277023744	4.143050630226546	0.8543998490995552	0.7016980732933679	0.2197394129651458	0.9145197798450032	-35.01272094204555
2705000	3.573794015345258	3.920125666409919	0.7909010184011785	0.5207605766964705	0.33772147577922773	0.7639540771212632	-37.50950355849432
2710000	3.431187875552511	3.6410828644971414	0.7883723057899327	0.5800210292389313	0.35301175201689367	0.8198010973561354	-35.16877004725431
2715000	3.0141120856454515	3.238625402804386	0.7646105992079547	0.6754623848630535	0.29599848419889413	0.8066574506129907	-18.827734498180515
2720000	3.3842864678627365	3.746260230135928	0.8526678957224141	0.5945127184492426	0.28013943900049204	0.8515757812181676	-35.76392553728021
2725000	3.4372925846921607	3.9141642796752456	0.7910456377119304	0.4662159345619959	0.32595867479955376	0.9687716595655775	-41.510078114410916
2730000	3.043666868708477	3.1011436905675067	0.743042492964408	0.6634900449774949	0.21186047771312702	0.7411470222289572	-24.657208694742657
2735000	3.3870207986510814	3.836955609720487	0.8719631626868155	0.5681851505858333	0.25168670285468325	0.9029616165248874	-35.3963433793791
2740000	3.0187979963701514	4.473650239923306	0.7002160397136584	0.6529771813923851	0.30592137564228783	0.8311359278032142	-33.94552308508252
2745000	4.4479508974510225	4.4906562625655875	0.7244854508622184	0.35841753953231653	0.33059666960504536	0.7250923297809392	-49.97478245640324
2750000	3.84640239736412	4.005495168402901	0.7882576536655892	0.4698268773661396	0.25687530861333263	0.8327647180034766	-39.797361486308866
2755000	3.8957246650205413	5.662305450475109	0.8959291674222709	0.5002509948546581	0.21163783215089316	0.8850602579237613	-35.42391530936497
2760000	2.90821546461465	3.042680097501842	0.7188690164189967	0.4586779920386225	0.39738271453194507	0.8528855485978097	-34.77159699739207
2765000	3.3797113088507746	3.4051804540653987	0.7557505581600198	0.5568558396607207	0.39145301223674034	0.9189215278731362	-32.3703371176055
2770000	3.4797020399659755	3.4967012486031814	0.8134706812662245	0.5638926659646813	0.28899850016149453	0.7132571478666029	-29.694305918119834
2775000	2.90821546461465	3.0126751626079034	0.7208438499285492	0.5549188224455437	0.2416900376441814	0.7012931533415676	-42.76104930442553
2780000	3.010325346870142	3.4401980496982496	0.80888473771465	0.6916874386546362	0.30664903278619265	0.8911970960904708	-29.105096867414947
2785000	3.0724371478010335	3.467954585201661	0.8281174060453389	0.5486815974921241	0.28480279674181325	0.8824523646387353	-27.382105487407387
2790000	3.2986344570471067	4.137057670438402	0.8899581827749363	0.4977472478989981	0.3263131068328484	0.9158254290226377	-33.425921657355374
2795000	4.45423579151124	5.80609317298135	0.7269629706156124	0.5741658298495909	0.3001406506978796	0.7699832881755568	-44.41760587566818
2800000	3.5976195622285494	3.7386148030752375	0.7193861174163295	0.47917479873511576	0.37063666800412365	0.9460345058053699	-39.35290754301563
2805000	3.747020175814761	4.150187584884527	0.8057548196919752	0.5807861169887537	0.3143766938576856	0.801245991511115	-33.37134983040064
2810000	2.9825746911900706	3.2070661146412207	0.8950397031158709	0.7178033917866956	0.2188545426326606	0.9060965074806815	-23.616774101825936
2815000	3.2090332662862626	3.9977826691131164	0.751140511179271	0.5657066103225383	0.22696915557798997	0.7861884951092425	-30.64048496038701
2820000	2.92417227850098	3.0421937679708804	0.794908605055854	0.728465368747843	0.24590738315164384	0.7490968982235886	-26.40239789627189
2825000	3.3842264041034302	4.602332213990399	0.7672052700615939	0.4911325664442172	0.31307107952530205	0.8409228872635134	-34.350487399537016
2830000	2.981387461205691	3.0229443791429107	0.8074775142263251	0.6123867899093668	0.29568333186483664	0.7735530204204673	-23.92897189386898
2835000	4.177325956812148	4.395183060206311	0.838217243400024	0.3702033385962547	0.27295531022026476	0.7453869971089195	-40.87005774742732
2840000	3.211593944532422	4.355662601020213	0.778682861208788	0.4611269542021929	0.2550884468136582	0.8320053582467505	-38.37324691293285
2845000	3.0545887781764347	3.6074564761626933	0.8590047785244869	0.5646454180740877	0.26782872100462485	0.838315323307292	-38.70180172306537
2850000	3.2856501894076304	3.3900530406636347	0.880128930890052	0.4933028301956617	0.31607235739912215	0.9013151191674602	-29.084934944549698
2855000	3.1166772243739795	3.3904772512171446	0.7867146591441505	0.6763996855975253	0.2539679742825794	0.7868230267955039	-19.445140540068955
2860000	3.700473463533551	4.622773762283866	0.7147711266400429	0.7517054641189491	0.23188738451527943	0.924771274411009	-42.061251677505
2865000	3.289488332774191	3.6550261187173465	0.7900884940335736	0.5250391743107655	0.2771967134042956	0.9970092043076869	-36.54508802977626
2870000	2.90821546461465	3.334071258530708	0.8485141812397	0.7979728677045757	0.22305263063601732	0.7138039158981556	-20.380346293345475
2875000	2.9660298051698937	2.996677943801365	0.8701033357161908	0.6288956338589337	0.3999795210936938	0.9942143699180275	-21.510887461323144
2880000	3.5806782267916097	8.269624569733685	0.7366873506277963	0.5876022008775258	0.21626096206035383	0.7177799809066637	-44.31917337852558
2885000	3.173014931821268	6.256040460993814	0.7124392702835438	0.5138116764350963	0.3445111294296766	0.7060231600588577	-44.4288215195296
2890000	3.0761171646143355	3.1707070899713905	0.77599015115288	0.6416038279115491	0.20456821795816474	0.836546589321338	-32.63014891487893
2895000	3.1215585708665032	4.045336387333761	0.8817752219267923	0.59391819131371	0.21691663022533988	0.7467239927612557	-32.611835195317866
2900000	3.4327112400510105	4.015134923497214	0.7324306669806008	0.6117412804923259	0.22431467042343747	0.8094061823876822	-34.96045026264652
2905000	3.517762018232918	3.7586515466934176	0.7070175651744651	0.6057355229423748	0.28810837942825523	0.7671786062773249	-37.52726124399087
2910000	3.8539055191660196	7.227442710227915	0.7157794303752726	0.5575103093966786	0.20181119729101216	0.7514248061329074	-46.17024594197775
2915000	2.949424792864863	3.786754084220992	0.7673393774767728	0.5924250671310817	0.22707322454382012	0.7467339696811459	-30.492883669974606
2920000	3.538844484847695	3.829508005694855	0.7757067452092308	0.34602697606595817	0.2440054073457683	0.7524169625894468	-44.34574817219712
2925000	3.869598141692579	3.9161894771337984	0.8520150378314665	0.6105043345918079	0.2246223984113327	0.7269635981291299	-32.396501824680136
2930000	4.259872090464042	8.907626239953066	0.8821514814633715	0.4863514602995657	0.23622768587118395	0.8426458120837985	-41.59675968172494
2935000	3.1916643894668577	3.249622714811392	0.8393591669549286	0.7888744140332726	0.2757612630429653	0.9562554996964097	-23.101277180708816
2940000	3.7062565486896966	4.377645124245391	0.8359786429688507	0.48267470843047117	0.38163679756573876	0.8273744043703338	-37.81411439081224
2945000	3.08898004428805	3.2995250386873756	0.8053194077213224	0.6515351878224801	0.2664252439282298	0.7149131807083636	-31.613924880822445
2950000	4.043633294064019	4.154822760048159	0.756127667693783	0.5742194632659932	0.23722828159319065	0.7410294408011765	-36.502472225092234
2955000	3.6404296891705523	3.6762966989383217	0.7395225655629546	0.5706071293387437	0.2628238784389051	0.8472891954490602	-37.26830693067056
2960000	3.102760922891529	4.278008019204245	0.8057755902620296	0.5628805767987669	0.26769365893367697	0.7329417781808754	-38.36766386991286
2965000	3.5097331659053803	5.123039736530188	0.7442726049491651	0.31460503980633825	0.4485630655263293	0.8968285481352394	-44.41188475228474
2970000	3.1421271591100486	3.682902308740769	0.7891408854196486	0.4518061437803413	0.2312228997150205	0.7295906154600075	-33.50608132633048
2975000	3.12329162625624	3.504571475031939	0.8671786988634815	0.6720910647021812	0.20677538678953583	0.9320826897135116	-26.718990193189494
2980000	2.966677181101871	3.43609993819467	0.8916928018533847	0.7200737245714172	0.23613636005914646	0.9024684798785223	-19.274420084993643
2985000	3.5000625257846627	3.5741736440453495	0.7294127810834738	0.7006108065582756	0.21885355673623824	0.8990651499997929	-34.61915391587926
2990000	2.9377824165035062	4.446409175009175	0.8813554275134522	0.6000439183344781	0.28069107653463055	0.8659974238617066	-29.607944507368583
2995000	2.9983963132449456	3.2175812580573084	0.7739866340199627	0.6330780224498689	0.22821706526775096	0.773664866602036	-23.759769614785938
3000000	3.0713305847530767	3.4190880888559585	0.7180852474029636	0.6730164792147055	0.2626120023683279	0.9499227836778907	-28.673309825168833
3005000	3.5528034717094035	4.302350076262307	0.740994489923889	0.6218313157964063	0.29732904442016755	0.8619247736280281	-28.216659222658368
3010000	3.1998170538383786	3.2584463885942276	0.7137072590855189	0.6138918267270308	0.20294907156195782	0.7268508977415754	-31.969591680132424
3015000	3.1021426325859998	3.2136051810547124	0.8835539327752066	0.6703759014945353	0.20312239120838807	0.7070605596239563	-25.967159138229928
3020000	5.401330871785265	5.40716590388548	0.845500436416146	0.5889046079892383	0.2062605730192833	0.7739725288634915	-40.38501744429057
3025000	3.2475045008057584	3.839204223725222	0.8457197819938117	0.7937847044071737	0.20398247626566124	0.8565256627461538	-16.375066430152145
3030000	3.8401111505471994	4.095626159756757	0.8732119241649099	0.639676224132828	0.20911889502715153	0.9110015830311823	-30.98530159027292
3035000	3.4197086695221706	3.860916524001936	0.8618924038224892	0.4234530510550529	0.3655144066150873	0.9533624685503244	-40.492469416954584
3040000	3.017884438639375	3.0462933732648	0.8176649509422196	0.6496173536790849	0.5088979310568352	0.7307913130994784	-24.46931701033555
3045000	3.2307555202906717	3.5667745396705985	0.7343145981271042	0.43404376149228024	0.3827169445049924	0.794460651348416	-38.892417161703676
3050000	3.0874092341584856	3.3082028577301426	0.8586908403649337	0.390124172160177	0.3556293637863753	0.862572060353708	-41.404058888316996
3055000	3.2539655490354433	3.2607208286668095	0.8848612705029179	0.5978428703575313	0.28768594570599565	0.8550998718902151	-29.458674573554926
3060000	3.6542798790951365	4.051215091045354	0.7006602111111734	0.5654695626649351	0.3635580586368028	0.802412531109728	-34.75934030741123
3065000	3.5982281113429035	4.298954118304159	0.85844175643242	0.41938426452240085	0.21434280753639748	0.9479003257043018	-42.626939808419806
3070000	3.332390925768172	3.358556636362187	0.8730709101864318	0.6305090146918535	0.22580900688093924	0.7902576051858081	-29.405187461003617
3075000	3.024679244115259	3.192070870547671	0.7733001262670353	0.6020577518576417	0.22329537788036535	0.8656144875596161	-28.951216846949006
3080000	4.306762927967784	6.310194367090968	0.8050586335779001	0.4413252112703399	0.2741663891180255	0.7370156114169538	-44.852204885035746
3085000	3.402856378615187	3.81631774549875	0.7036467807424559	0.6231791546289116	0.22292680771320267	0.8073587018903516	-33.12655032810897
3090000	3.873872020500515	4.564807814958914	0.8825583023354763	0.5837654692004881	0.3182443897903133	0.7400784224757926	-34.510375606255906
3095000	3.332652372863953	3.845121201977341	0.7284965550377155	0.5766300912942308	0.22850096656891822	0.9413518730849574	-31.705685313952166
3100000	4.384610501369016	5.289577018892706	0.7207362259796373	0.5128480659354627	0.23398574652349852	0.7193904905016545	-41.56416115395874
3105000	3.157416867484545	3.160491060651434	0.770379115919612	0.4348642938060322	0.5458912271971493	0.9736562505888879	-38.035689795677115
3110000	3.079881785270805	6.962239754998823	0.887947105613846	0.6438616794466686	0.22239761476329845	0.8204711887535535	-33.12797321288296
3115000	3.1256373953443886	3.913502510041528	0.8355747272792695	0.5396683150135682	0.22144089419628438	0.7787961886501253	-35.9640858967442
3120000	3.426006585929575	3.8426017360458933	0.8346679820069509	0.5508149075667358	0.31897846685908027	0.9980369387304969	-32.4781337860153
3125000	3.1494428618276404	3.422004615069847	0.8985319516753318	0.5207305711929919	0.27439194410536094	0.968688596143512	-29.973964983756417
3130000	3.02970883972611	5.750271028763657	0.7796450371364535	0.49863960876050917	0.30158416447553066	0.8796054305097105	-34.28102272007918
3135000	3.128489987362678	5.026349915598909	0.8323323355357392	0.6466896357268124	0.31348746415240064	0.9556893723439468	-35.94511519615523
3140000	3.045068935450011	3.100950846434853	0.7642201183005067	0.6088022079917828	0.2929716983577544	0.9491962467913947	-22.91992958100462
3145000	3.4155805149625986	3.6712824538857878	0.7025360012887311	0.6157784375809489	0.23997583966318736	0.7488968969730498	-36.506320578789975
3150000	3.2907534114036263	3.5330994944973853	0.7544418904442036	0.666845616590375	0.3882731204154696	0.9031972065241899	-26.818672608584748
3155000	3.663665684755605	4.473395867793658	0.795025934970557	0.6559364061635149	0.2528403591682811	0.7488811056601807	-35.27385557437649
3160000	3.286123884329735	3.660180310678622	0.7037983905720753	0.5456894932571669	0.27159625548697625	0.7504749938770046	-35.48109371251514
3165000	3.2399396488103007	3.5764714549852266	0.8985406825030127	0.4525189738465011	0.33851619035843145	0.9736779208148321	-26.826475898625542
3170000	3.3770464785842167	3.5179614498523586	0.7245865874412789	0.5394345870778285	0.2809932418168935	0.917349229096363	-27.307201519876003
3175000	3.284812487553489	4.523563418612731	0.8235178358607708	0.6314920624010756	0.22428840689124113	0.9307321308150278	-34.42265658946205
3180000	3.4758977737248062	3.5562733996334286	0.7125873289393255	0.7452596816215864	0.25083652638489845	0.7924319997499714	-22.14246820112245
3185000	2.9586645740074613	4.132277201703122	0.8374199881556503	0.6988669436125978	0.2232229078682638	0.9730146126784875	-22.871516580136404
3190000	3.483595769996376	3.9366597989825904	0.7666652261235885	0.6232375406395306	0.2590742355137899	0.7326638590400937	-34.980684963865905
3195000	3.1492874355613307	3.6801776029154034	0.7990602414264583	0.7310889664775126	0.2628662766120785	0.7974486582924221	-25.68498217350621
3200000	3.3247664708587523	3.653516597101157	0.7116137548704593	0.7123092057253241	0.23023297625270975	0.9174705633769956	-27.985193408132503
3205000	3.3405605442555903	3.7821912620424376	0.8653046276702042	0.3798647562080646	0.33108080132037065	0.7371496737647499	-40.91583469508077
3210000	3.1743488789017404	3.6310456490538523	0.8533623015223288	0.5162160583310867	0.2803310183291948	0.9717269045563395	-30.577997720850046
3215000	3.971607929024712	4.032997849389483	0.7588870088579992	0.5021244236962591	0.2716748654986235	0.7936786630419845	-34.21229161872927
3220000	3.563252189763251	4.407428315917563	0.7643479214299431	0.6265624307976515	0.263229267649146	0.8025284021828185	-31.697682201393746
3225000	3.018992858421472	3.2876962963939773	0.7639488886408515	0.4208847061722265	0.3751465465673056	0.7651926817726583	-35.28471617267716
3230000	3.5382539821876855	3.5471597038470555	0.7367709385814738	0.6904766635592251	0.21374723375203383	0.9308901941112379	-29.800113363077877
3235000	2.9624656986121485	3.3683585889637864	0.8661748825687025	0.6283365141880387	0.21048345225223825	0.7081733400360982	-29.85582836522792
3240000	3.742675797576312	4.053652242938201	0.7961185478621845	0.6370019431279358	0.22831208800009942	0.9076654684941466	-29.34225503243218
3245000	3.0695718787342634	3.221255807199905	0.7600419703651177	0.7272945894810041	0.29632905254930203	0.9298660113085029	-22.32875868877182
3250000	3.249282170625982	3.555641350698681	0.7037264738564066	0.5305110853302825	0.21328748411582302	0.8324375140364721	-36.79015086266354
3255000	3.5926555771156994	3.845031386236588	0.7595213618658165	0.6324035850587082	0.37578521187911584	0.9724820587637022	-30.361173423714245
3260000	4.531546546249998	4.583847123707477	0.8410700918986639	0.40630117847200353	0.3249459982266075	0.9736964416575268	-50.86014350770607
3265000	3.593033492372574	5.803649539586806	0.7291262075703888	0.527222123164434	0.3416940862690514	0.8855308138437472	-35.75676605834722
3270000	3.0408183423934205	3.283201124670198	0.7296494694529033	0.6180046406296393	0.3005341560022909	0.9321557826029004	-33.11708395799229
3275000	3.2005084239723103	4.78688113056521	0.7839270980366353	0.6363403828624324	0.2529825241259594	0.971206269097433	-32.87749810301933
3280000	3.4490199502590744	3.98209065593425	0.8397396371141997	0.5844500058245595	0.24398903419672244	0.8259568723108127	-29.302653306519137
3285000	3.414373666474871	4.589232754948608	0.868438495927381	0.5149888378220482	0.4327563078255134	0.8999328653548061	-35.06610543202851
3290000	3.269885092638936	3.379709103615222	0.7679803400937214	0.6558711351552047	0.20168780408502993	0.8722669585612419	-28.717615066959414
3295000	3.6976722061782237	4.444050037957081	0.7969048817979802	0.49575821800532416	0.2627114212911003	0.957161396817196	-29.608535386475413
3300000	3.2041047758869343	4.412752145167827	0.8697340422668417	0.4835941722784329	0.2038909492182618	0.952305880456357	-37.21253084762202
3305000	3.0172168814767804	4.034140671036289	0.784544088832835	0.4624902864439947	0.3076878984473334	0.8450696059805902	-40.99673625084247
3310000	3.0910958525634977	3.2208544403909056	0.8242292555037789	0.7055831914064213	0.23807680645931345	0.8545331545507644	-20.248644602062235
3315000	3.0928698810592965	3.7097881922054317	0.7711885715658383	0.6610226200519406	0.293040667157163	0.7324744759188727	-27.45777188631402
3320000	3.3209002516576978	3.4216876597983306	0.7741172500157224	0.4126172176970446	0.40689166315449643	0.820673157574445	-33.16633283328452
3325000	4.607218066839768	4.968854868461655	0.8028919460928927	0.5892952546499445	0.20464882154391348	0.8172705102901252	-41.02456571901882
3330000	3.667372949842434	5.092451566293962	0.7198000288916194	0.5076451997815736	0.2619071066304348	0.8223050337854162	-36.50959711222801
3335000	3.1719844819401772	4.224228203805102	0.7679658290474498	0.5917326377106653	0.28063580650245296	0.9352342669443048	-37.933663244373115
3340000	4.7717053079879	6.106159687290168	0.7158381609721731	0.4754091495798168	0.30946811679223174	0.8186907499398305	-45.6585631665109
3345000	3.398463802999871	3.4421398124492137	0.8625131740729587	0.6713165024503144	0.25458882748416506	0.8263330920816837	-26.081044271116337
3350000	4.084632559863859	4.306928518513714	0.7238394310569085	0.6224544447293031	0.23917439964235732	0.8323253738827949	-32.78254463779889
3355000	3.2337399453509588	3.696509376825123	0.8260396600606935	0.6137978536404889	0.22597396389836197	0.9825945031160896	-32.94343519065449
3360000	4.024808448149668	6.0848643055214096	0.7984718467055995	0.5873703838152712	0.30516111109217653	0.7832691711335736	-47.29256473119792
3365000	3.0261695749814432	3.29258410638847	0.8655045094716545	0.5765455492884044	0.23978154967681028	0.8313081204786569	-30.34740631680452
3370000	3.102147962229788	3.2197139322913415	0.7904069361423656	0.684237693032746	0.34400732219377667	0.9929008437725736	-27.096012225430936
3375000	4.435551469503352	4.607133014000288	0.8618549491962935	0.5258931614817375	0.2574922914842708	0.9858682055687025	-34.32128079373469
3380000	3.2944620072230553	3.9690447757789795	0.8095678783612277	0.5836740370046297	0.22376690350426626	0.8862440864667621	-32.19923472058168
3385000	3.7487834149141572	4.416608397162599	0.7662602917149596	0.5014110614375727	0.24288358421926523	0.740584783679441	-34.597025802244794
3390000	3.97373988052781	4.053243445771988	0.7091896867639566	0.6288252612534103	0.2360833385286204	0.8882181563393736	-35.60086464279123
3395000	2.90821546461465	3.0763330988045214	0.8199421363592317	0.6817448012573949	0.23864093013714927	0.7811453578160313	-26.1162706119279
3400000	4.745994794656707	5.3919548305093805	0.7344221627388281	0.3453375404343723	0.38468138005322755	0.7131434212791377	-51.56703123328342
3405000	2.9248277438117047	4.048918438308555	0.7999900176552637	0.7448709642383244	0.2043890029170554	0.9121529452788817	-26.937767778257562
3410000	3.1625014092278323	3.621953915366868	0.7136720695027965	0.6446842243286389	0.28611035303061866	0.8716858304352169	-44.30046106487252
3415000	3.489667845964468	4.29916967095874	0.756414290242954	0.6478987510611333	0.21733579094722044	0.9127388491747935	-33.59110189597299
3420000	3.242961862108009	3.287018804214091	0.806357553668173	0.6309650042246074	0.214741434059837	0.9510355943007712	-27.512032553607824
3425000	3.056349145516601	3.0752905318307797	0.7991247063236977	0.7150997205712726	0.23023444810231183	0.8333345254128597	-27.718797928502955
3430000	3.3132235064794022	3.4858523592768016	0.8591322662575431	0.5364215564411658	0.38838083813247426	0.8036543598261104	-29.203245664464017
3435000	3.54517489036228	4.838537584109245	0.8239812938641267	0.5174915689579528	0.289358194198962	0.7997749198202802	-35.21461936903333
3440000	3.452783019133598	4.6521012897152225	0.7215606017623319	0.5643198183030599	0.35001214699018374	0.7079166058748183	-41.074114845986344
3445000	3.221276144683031	3.8316253687835915	0.7214526079393051	0.6914314903703277	0.28122839128564714	0.8275657019935315	-31.377242597077036
3450000	5.201086194815368	5.59408459973771	0.7945387462443162	0.49945069649930424	0.21048698542188393	0.9566636624990948	-43.58202441777705
3455000	2.980465045525977	3.5819741205937934	0.8549164472067526	0.5566459117076332	0.26236889356725707	0.787200664422985	-26.457537740373464
3460000	4.842091434049918	4.95987870825783	0.8265337211769734	0.5488087585986742	0.21057560210520943	0.8106973451277109	-34.781866028088814
3465000	2.931286499481487	3.438772583523577	0.7463254190774175	0.5761747770821366	0.2554708155600831	0.7326487642295713	-32.01903115958327
3470000	3.0869936376983094	3.3562872488219333	0.7488242123797035	0.6944758701772097	0.28422752043240274	0.9942959579182185	-23.086729035934823
3475000	3.587021482914193	4.3919717712573405	0.8141328343942246	0.6462790694629037	0.25305855274266664	0.9088124184082632	-35.47694702939004
3480000	3.534177715556679	4.57142873350748	0.8316551397896436	0.5259069127858649	0.31310155285945174	0.9853177593959784	-37.106259206751886
3485000	3.7031983535477235	4.24143476808003	0.7325400327953798	0.6055801238385998	0.23055167121971376	0.8119659996572721	-35.137109174636315
3490000	3.65572497514404	3.7649298552135675	0.7959004786830226	0.5499551946072312	0.22793040406912873	0.877873421410174	-31.59064856730174
3495000	3.6737181450796768	4.012605624485942	0.8551979831897986	0.44437311012913955	0.3243927381946407	0.8572814531172901	-41.37397289997325
3500000	3.207084467027312	3.6314878277430056	0.722524183630809	0.7997269370945976	0.22538069560985521	0.9248682137344736	-24.1019322016284
3505000	3.3478606084186477	4.581540920074938	0.7909277770116715	0.6491231155277801	0.21247411525976037	0.9535315749051372	-37.65536671204405
3510000	3.6830831697557294	4.0941390572875225	0.7369441222681343	0.5709099578158574	0.3425872137534449	0.725301876802522	-32.90373037497173
3515000	3.1954110328643366	3.5773335272597313	0.7560898618701796	0.629224553632074	0.2635960475660506	0.894058921331474	-26.802645449021927
3520000	2.9533471725259672	3.581071849937498	0.7317413673911154	0.6976972262101839	0.25913856011516817	0.7292052015596213	-26.654383282375548
3525000	3.156503144323927	4.699634726160735	0.7204849084725126	0.6610851999782641	0.22922655809000927	0.9634879686776892	-24.931451625848425
3530000	3.348554383521066	3.698460804885259	0.8896053685175921	0.6384832237069433	0.20035365026191337	0.8219094754027606	-24.95785273928931
3535000	3.159365668474575	4.033767605188463	0.7923067241461988	0.35809956990308756	0.3914746968708348	0.7097312176497553	-40.13380437292821
3540000	3.2791368859306123	3.4007643936627643	0.8268223639628643	0.5597171486011613	0.3336561102453547	0.7928197100267279	-25.27537048712902
3545000	3.7423346838626563	4.189256354877601	0.7932376389291385	0.3119904850299157	0.3728121366940984	0.714725990954575	-42.82599237159058
3550000	3.5150073923562464	5.062258581796157	0.7194546121281229	0.2545635054820357	0.475826674638847	0.7217079525658435	-42.399431629702576
3555000	3.2706870103159047	4.0428960616059175	0.8457751832268242	0.5492901853026961	0.20666488217985404	0.8815621903970169	-31.79153516876709
3560000	4.3397272453275555	5.409866380476725	0.7413902927768422	0.540378560998743	0.21603116433297165	0.890034519232074	-37.40511179264408
3565000	3.027487201929831	3.3663827725692372	0.8238104612211251	0.6759331260497371	0.2012810276334544	0.8875916291325002	-29.681508113289514
3570000	2.954089647335488	2.96193331927303	0.7783572907681444	0.677114099162314	0.23172803496558597	0.7264152256646561	-28.86628508869642
3575000	2.963692209735908	3.405443680758366	0.7855349057809161	0.6329279541791069	0.2659211103453958	0.9641450231127151	-23.17387452564947
3580000	3.197974505547816	3.4178286617203697	0.7071782011282587	0.7304680627014078	0.23319054040340942	0.8786605450433727	-34.002248948258696
3585000	3.0427635043874135	3.4243170513396053	0.783326356314076	0.5409162699680873	0.2691851589931087	0.7391316815685891	-32.38839578259552
3590000	3.3391276435206496	3.9702387886887545	0.712626717592311	0.5394286773856234	0.3596362950774031	0.7823432123277843	-38.55895097097138
3595000	3.4522087606824994	3.713948811549732	0.794821435612965	0.5192885075401149	0.2374558031642723	0.8980165873823456	-41.06540229380984
3600000	3.560882914130012	4.466780212156515	0.7502787138249186	0.44743752528215897	0.3069523001621186	0.7303048680682094	-41.07039567340169
3605000	2.980195659854025	3.3856124933924905	0.7667172547220913	0.7040628613221903	0.23256883593620103	0.8651310855614571	-31.654352429258843
3610000	3.6582870892841086	3.926028501382255	0.8422107235523553	0.6242434698816497	0.35473916689419477	0.9582140134186258	-31.819857834173746
3615000	3.0850259261256436	4.227200436530257	0.7987335579479933	0.44791009260822473	0.3364177817192077	0.7482008193909333	-40.46416714302241
3620000	3.7033004710331703	4.19559809184071	0.7567128029421625	0.591167456840061	0.23259770049480424	0.8351734742095233	-34.12744770517651
3625000	3.188228347209557	4.220425790427323	0.8313590453037095	0.698150102456606	0.2386830310178399	0.8326730858837688	-20.9077481532362
3630000	3.1249095819875556	3.2746047163635708	0.8092184215245118	0.7269356212864141	0.2405897500001837	0.8891310445712097	-25.271736934486103
3635000	4.82137000387572	4.851819550289901	0.7157932948978509	0.5063544737630261	0.33027051956282943	0.7518803909907791	-38.92410620698246
3640000	3.3184660968207784	3.460767992437267	0.8000688402167808	0.6480175205670018	0.20709317653024673	0.8999149117911011	-30.333901456980374
3645000	2.9430218635067034	3.0401757506550333	0.8367437365288549	0.665965365070251	0.26585823659636576	0.7227002608526276	-36.19947443180529
3650000	2.9340108844932704	3.256495581560597	0.7093780715653953	0.6702696319720773	0.21360224195666905	0.8725946253341538	-23.118502909391555
3655000	3.561190005353052	4.300936623015805	0.8929735289737377	0.4638072094104456	0.33898848740231124	0.7239927647807421	-37.93449034848587
3660000	3.3595514649967386	3.3761266412622564	0.7530773098206592	0.6491509164515071	0.23456611558502988	0.9790371501123685	-29.578870381324872
3665000	5.880508959510712	5.9004003445431445	0.8314196376186918	0.41518018990321803	0.4292197195343665	0.8348185504204235	-45.75656319006433
3670000	3.3778340943910443	5.546054327331875	0.899745712980601	0.6582994895499726	0.20179884578965318	0.8174070650734535	-32.31969740538944
3675000	3.2883560631271584	3.4089623491700363	0.7498675089887832	0.655127164079879	0.26957670350284196	0.8577114966453082	-27.415545971502183
3680000	3.7665791030914564	5.309749202570826	0.7251871785840346	0.5608302415564923	0.22868295587958112	0.8952028412196742	-33.370074230942784
3685000	4.734708507337398	5.112193832180667	0.7697169719472239	0.497011186822155	0.3078381986990545	0.7169774922781514	-42.92652421517865
3690000	3.808636142213767	3.899736557211695	0.7357612335437337	0.47846791417848855	0.25963604148335456	0.9624738963913334	-42.7760969946732
3695000	3.324357415478718	3.679194046983594	0.7645724279076795	0.6410534236627109	0.28243366858482516	0.8341906532678509	-30.026736886836375
3700000	3.555243466683929	3.7261619535147004	0.8617065429245208	0.31579274678749386	0.39204454911309733	0.7855821987287043	-42.8164468847385
3705000	3.2901853074260985	3.5752654792342295	0.8140998961060565	0.5891330680287019	0.32017649559494565	0.8398214039762846	-27.749388476908738
3710000	2.9209538488162057	3.087981983417643	0.7066135518758159	0.5923579718727916	0.3145543681328154	0.929473814489601	-39.11400583590954
3715000	4.863945371428838	5.375506176001685	0.7560099210360239	0.6082808982489429	0.30507060682328013	0.9745510754587482	-38.30671432954417
3720000	3.0643276498934453	3.1186381201428337	0.8359069261867967	0.6578267228288607	0.2505738152802408	0.9657221533614649	-17.830995764296308
3725000	3.8451494280628875	4.559878888835834	0.7597740456500806	0.6186177443258725	0.2737510516838513	0.9708997724671001	-30.816946190252885
3730000	3.6525444128161015	3.656234990377512	0.8760740259541522	0.5347512105139923	0.2839204526850113	0.8175752770810369	-38.001071033553444
3735000	3.7123907945372254	3.79142618521068	0.7319947230541861	0.5660008941388892	0.22603755872274708	0.7408494303257617	-37.448483564391886
3740000	3.528901739066439	3.8260895076729105	0.7149947560676343	0.5220756647585788	0.452629782297978	0.8414777002413903	-35.37616172547759
3745000	3.2718845520410014	3.6225033763220336	0.7134555434346119	0.5998283898636776	0.2150919472571427	0.7842509052126604	-34.705094635485764
3750000	3.0692265961371823	3.100154711016925	0.7868923877385059	0.6143811646908485	0.20857532743914495	0.89940012552393	-23.503097448923054
3755000	3.2408501087275434	3.3253266314501064	0.8881785446117586	0.6194796342323624	0.27546705980194763	0.9132725329267068	-26.1562072973869
3760000	3.394023674169462	4.3649707589163596	0.8114056959535572	0.5856862005503833	0.22047994021285897	0.7073085181001445	-35.88984568534281
3765000	3.8008934930958906	4.431077221578926	0.7775104966342413	0.4248775209548177	0.5001487355733166	0.7488773988280591	-41.143998513399424
3770000	3.269280463532957	3.6160651118595717	0.8049047750397933	0.5955629425136144	0.202042143850523	0.7299153318858205	-28.57977289935742
3775000	3.15191795875097	3.424518169665435	0.7594744339533613	0.4699869229649303	0.3574595724387521	0.7245587740272004	-32.424408337894526
3780000	3.47840790770127	4.891561855375714	0.7362256568672099	0.5062609456116248	0.40081564533275393	0.7343625647898316	-42.72298970216952
3785000	4.281845147249429	5.843831097689219	0.7407073789748596	0.5015166994378842	0.24133651117586907	0.729665142940069	-48.71117647268684
3790000	4.764153304568495	4.838702323055245	0.7211170452510954	0.5665153629392365	0.241555019261928	0.708106221804093	-40.90472725561969
3795000	2.992075126295827	3.843353177995974	0.8493884398313895	0.6166733110619755	0.2038287004734955	0.8146230549930954	-34.06529283811951
3800000	3.294292552398084	3.799627689139145	0.7485855480634102	0.6099979958500581	0.20056746879691797	0.719925309012694	-32.20997322229125
3805000	4.419938957349842	4.8907130630932905	0.7506839371588541	0.4163461908707324	0.30370336643751833	0.7736636494416732	-45.17783583594144
3810000	3.5524851555748547	5.351071543953418	0.8151668809335442	0.665413206859672	0.20210051272388957	0.8670738656724519	-32.19582592736642
3815000	2.9715119958027176	3.6025792002619754	0.7971429534172315	0.5876119730451085	0.2291760878163283	0.8390021897077341	-32.36948081312518
3820000	3.415070856095507	3.6277133313981804	0.7516258979387365	0.5914941729932944	0.2778389020354712	0.8867414592450259	-36.40992182997876
3825000	3.520381909403608	3.7664144746234287	0.8525091373078898	0.780366608818108	0.20884897067737757	0.8609976097434547	-23.7353279464866
3830000	3.203069511417789	5.54967577678765	0.7059741425761419	0.4886638023932605	0.3723717266555958	0.8799796794832537	-34.78898344318272
3835000	3.5214546010318717	3.7505385970470955	0.7899377144406082	0.6381082086834885	0.3564185932210471	0.816134728142167	-20.372938051712307
3840000	3.5643694594373834	3.703824087901345	0.7553152271202535	0.5099704987158569	0.34423865624991223	0.8571888203558246	-33.79527528450251
3845000	3.6865465306793865	3.9094568803410072	0.7236144750260524	0.5586431313010655	0.331709278956375	0.8606506007024527	-34.747914652655375
3850000	3.7863426843171255	3.919935065343018	0.8110586871450876	0.7545069354945866	0.2381690485520451	0.7728843832183372	-29.13067602768277
3855000	3.3588301338517415	3.3642034981868334	0.7749150387724677	0.4110902395161622	0.2529588081138745	0.7681826246872565	-41.29394095356045
3860000	3.6178173856696776	4.253624212972164	0.7228796319535815	0.6942680208623728	0.2087004280256709	0.8735580041777424	-30.75923267526961
3865000	3.624726269763482	4.259802950464553	0.7739842116907321	0.643834551348518	0.20875443485171424	0.9454403744762151	-31.76404667810999
3870000	4.13794578170752	4.215251679435063	0.8454065179251021	0.5025117911188784	0.24792859162057473	0.9906371901134335	-29.22033659573413
3875000	4.405752956198892	5.324483079483796	0.7795774184323367	0.5651824847382965	0.2691565322873288	0.7447976306433388	-58.26297017887241
3880000	2.9902835117863673	3.0208713931768134	0.8876197172495726	0.7891400995518187	0.20758484885351622	0.8367911938193816	-25.207336338143346
3885000	3.837141584182364	4.512889796749493	0.7170690861782836	0.6249426917141786	0.25351293464530783	0.8988040553572824	-30.801860257962346
3890000	2.9483567569036784	3.2760962294059617	0.8204018194364011	0.6009503226712531	0.21375084424344087	0.7712054746729602	-25.479090373345983
3895000	3.472086465192236	4.066687446989086	0.8201401729027178	0.6996257467513973	0.2780270408549664	0.8813661901548715	-27.9123584051719
3900000	3.25349158200631	4.143198785714148	0.8369156673541127	0.5508313309311604	0.20498600907836764	0.7916137880365532	-35.524370239732484
3905000	2.9166249892062455	3.1689808088408187	0.8080232608622934	0.6851303593252067	0.26648441575936205	0.712345608722846	-23.447207153018443
3910000	2.943435386869983	2.9661195651468697	0.7424356140727368	0.6300001729942593	0.30312449948859116	0.9791336664576424	-24.753232964519906
3915000	3.0422969343948547	4.084900499285967	0.818944588045095	0.44848644457960746	0.21760532402177485	0.7325166501139707	-33.83744607515038
3920000	3.2320033552040965	3.2852666216443627	0.8238764009587825	0.5552445049854782	0.2995587751643298	0.7523216773039103	-32.51954207470691
3925000	3.268866872645229	3.2777311938766798	0.8456741883752554	0.5843430866619805	0.2038138251577576	0.8022414510130254	-32.16626850036405
3930000	3.1112455152979437	3.1194761939509097	0.7260587760419391	0.5906489233470045	0.22023929999207023	0.8047107260639308	-38.321044425769614
3935000	3.0092111698122115	3.930154394602239	0.899668920913489	0.5631558616377822	0.30402274704156695	0.8162313301744134	-34.46921730528799
3940000	3.2459192788097893	3.947730139185427	0.7588948278187775	0.4498865400121376	0.3508282227853016	0.7873143522720076	-41.260429160222785
3945000	3.908520843180702	3.9990202251439197	0.8964337354112799	0.3774660820799188	0.32713763698923765	0.8866604762406247	-38.775076714930414
3950000	3.375828741791062	3.45798780038549	0.7395983511555054	0.6592875420470607	0.2508943256278074	0.9331685678532637	-29.596693456854542
3955000	3.628461321542987	4.03492434878745	0.7309222882956001	0.6861466911757987	0.20239199262853227	0.7965759771533921	-33.20246888750761
3960000	3.9754629078979296	5.627201330112384	0.726574523202283	0.47391608548725905	0.2312939155458988	0.9755324165260078	-43.53158412468399
3965000	3.315776066075617	3.4570647288987413	0.8489427828041975	0.6620741182841114	0.3874784889492821	0.7516762953676009	-27.749908350983244
3970000	3.1198631325170276	4.155910134996027	0.7311376331712504	0.5677070862198801	0.22867293156155286	0.9561501909466886	-39.04479473400835
3975000	3.501137332001049	3.703182482791667	0.7520359821194688	0.7188850511669976	0.28670452362785664	0.8706021865437251	-30.62273730004622
3980000	3.243130925160755	3.534378914366219	0.7547869939486217	0.7296947626733922	0.22028296990787521	0.9167421587664876	-22.86599335906817
3985000	3.387644545315877	3.951742581356498	0.7406321729731463	0.4957808946631743	0.20228687812566404	0.9391949082315477	-42.5960315821549
3990000	3.1746462232124535	3.97600128311659	0.8751119974277782	0.7132851884507442	0.21707788497527572	0.9877992846597741	-23.790648839705813
3995000	2.9296482108597965	3.037433226754781	0.8467483997368853	0.6716600224749756	0.2528206036003388	0.7329882881417403	-28.06654334341717
4000000	3.586157075734969	4.0587319300523905	0.7680814765631776	0.6574883713623908	0.21403978804492116	0.9367984431582042	-32.5876645913604
4005000	3.1624616847462854	3.483633470813777	0.8043238736159147	0.571707230660833	0.2453090325859055	0.9523266341994912	-33.786754444429015
4010000	4.106416648991002	5.169535725486205	0.7753026577899906	0.48703747173759593	0.35324881940435693	0.9634438201205389	-45.90622477379072
4015000	3.8879162408253043	4.442726114947645	0.7452257242032906	0.5399226980147964	0.22386372112695835	0.868433149497136	-46.6354803038166
4020000	3.8166252183486833	3.9219657139555926	0.7180544072858607	0.5897633505204554	0.29337342212860607	0.7176545413191198	-38.29117489942662
4025000	3.6329451049635084	4.727917382833139	0.7262608096945684	0.60315158810632	0.2522141316437752	0.9587851356557531	-27.805776053942616
4030000	3.058416781046201	3.6341774931533157	0.7975561566905032	0.5214694940961	0.22289201977688178	0.7124852775666776	-37.2706879429053
4035000	3.244057804367844	3.3265141691430586	0.7991162926383147	0.6926739339848218	0.22765124726343083	0.9911552046821647	-20.67191678656724
4040000	3.009349896903144	3.140284332945537	0.7271031586379303	0.6097507992002537	0.24649031066035132	0.8198497150294469	-26.550966018023
4045000	3.6056574668608596	5.204758657033665	0.7527818395099328	0.2812977681813598	0.4598352210086007	0.78501474635178	-45.667430688744844
4050000	4.216898721750056	4.652296132211016	0.8709761279876402	0.5256492270675379	0.2272825891771483	0.7350973515401443	-37.73871921136278
4055000	3.6511658505148845	4.095514799036893	0.7171506719052494	0.6417739008639023	0.2295361886757765	0.7407800495096881	-32.22319109958159
4060000	3.3910194195802505	4.158440472866537	0.8922333254980329	0.5934157112338707	0.21395894853038971	0.8522134728738814	-29.226061901357287
4065000	3.6216774053872505	3.969529986806185	0.8416308115032402	0.581023620962814	0.24535436278233505	0.9115411476959021	-27.707388006717114
4070000	3.8897961206836955	5.159786918268365	0.8630985444428233	0.5270060086443276	0.33825481260841705	0.7361140609064187	-36.957060440261564
4075000	3.1450265643065545	3.9588270758350137	0.80987494589185	0.44311027770420564	0.39302230546105943	0.8450802197128057	-36.01706877660182
4080000	3.2681925296668815	5.7175946428844595	0.8407963878942049	0.45048269861437423	0.22917669042939193	0.8824680263427731	-37.805315165746464
4085000	3.7246969420488396	6.225015329873982	0.8106756264852863	0.4896577308156187	0.3039007800031112	0.8952425635329005	-43.273760428500374
4090000	3.2138694403868318	3.7240662990295457	0.7538055016845902	0.5511105999023336	0.3089014372673239	0.7865986964772407	-36.07250423973808
4095000	3.8127269791833336	4.364178938520151	0.8700847638095037	0.36808753976752834	0.4299579104302687	0.9527155266113944	-35.563070527033304
4100000	3.229114138098142	4.54141368181006	0.8134805783660274	0.6716726687666589	0.32372153203912135	0.8231213074633122	-33.53882851455214
4105000	4.246176700645603	4.562651637292695	0.8702668195078352	0.41055807817603085	0.25195598583275447	0.9011060027615191	-45.11839311932189
4110000	2.976621004852537	4.393613150887483	0.8677159473667432	0.5655170073891655	0.20929092768722013	0.7262649690765659	-33.55567016591814
4115000	4.043311368514509	4.784174781639059	0.7429560743268535	0.5421818943305003	0.2092839632911329	0.8092796243887707	-44.96636651298373
4120000	3.3388463614499484	4.3268928941767255	0.7913135667356934	0.6336784853248355	0.2507563139944246	0.8580559213260057	-29.581892155564727
4125000	3.035005925521859	3.1338773503302253	0.8502325965177843	0.5564289512760917	0.27735218316048965	0.9107440327401571	-30.296399500554163
4130000	2.9824497724010044	4.149866416193278	0.7134081007531341	0.6201472668789547	0.2552350139662794	0.9440391213296031	-33.06094273316881
4135000	3.8575225717026793	4.1950182625450045	0.7958227998671352	0.5585515619613123	0.23733074135748858	0.9957852441609005	-46.505925698468204
4140000	3.2495817188945857	4.124578458249252	0.8652935778738254	0.6063204235384737	0.22651220326355248	0.8678120945768205	-32.60437992662906
4145000	3.3179370055509882	3.343124330830637	0.8443056018341092	0.5453846513248305	0.2967575870700108	0.984388130501862	-26.933210751156725
4150000	3.5020110224891297	3.5444344066795597	0.8868829905280273	0.6514743571541767	0.23675972676024087	0.8281760139016541	-20.837623959943944
4155000	3.367385774268588	3.436529218409185	0.709710597683197	0.7054236124598131	0.22449158745516917	0.9276800250256279	-32.815850716761524
4160000	3.6617624037476113	3.8459820665318833	0.7020443845396811	0.5215914824299007	0.21485260223800634	0.940702406648889	-41.983799089163874
4165000	3.8888562860873637	3.9117290447374398	0.7663195424390078	0.6517352209976176	0.2851825084641034	0.7260668742800153	-33.98963923779584
4170000	3.3480428261606128	3.734713081847955	0.8313533603553916	0.4048830853619991	0.2702264469577681	0.7464684744109054	-35.006362138993005
4175000	3.055773299746908	3.1805244187660504	0.7319071767090488	0.5561557770467582	0.21976928054958925	0.9203897101748623	-34.83495504091731
4180000	3.292188245771783	3.57360563324022	0.8523104277289991	0.6332929350852053	0.29562593130324494	0.8748116222588407	-28.62611619465449
4185000	3.6294871781184876	3.9686713672805514	0.7710683126886588	0.43821149034529777	0.32103184144238	0.7606466286770878	-41.797266952708306
4190000	2.90821546461465	3.051001982209212	0.8265338543192247	0.699568627862458	0.2197075306105801	0.9244257624535367	-20.29962590852432
4195000	3.1755090602937712	3.326092503447415	0.7955951972887811	0.35914368978628236	0.21774531907636396	0.7265472093093308	-42.79265095654166
4200000	3.313952286074004	3.4831627502411955	0.7734373090639799	0.5683292813918704	0.338664460979077	0.9066557956156543	-28.086166905812174
4205000	3.883746667201168	4.136048893350843	0.784297080354719	0.5862806782837195	0.20523774700825656	0.7716142290618238	-31.601315524476583
4210000	3.1309407756980545	3.845482434602036	0.8044524806893683	0.6633873794735751	0.21564666372018154	0.9986489441311014	-27.680544843996326
4215000	3.1307209369095808	3.427296856166117	0.8427479439433408	0.6251780343462134	0.2142347283011901	0.7959336231180787	-32.63245020657969
4220000	3.3651507489648775	3.3940146879977635	0.7875707794704583	0.4416034105392125	0.3950510297769522	0.9198781169395349	-39.90856554780712
4225000	3.146623539300825	3.1600719110745676	0.8526410524498321	0.5598177547804052	0.30879124991030477	0.8547118173957259	-25.849970624451323
4230000	3.7086425119025823	8.286718538030437	0.8603198667491794	0.604542271449284	0.2151398646181596	0.7007737294557521	-34.77660162550633
4235000	3.3019949929744383	3.4449822778499817	0.8241844248199505	0.5599341769486291	0.28659399282703374	0.8516894127766029	-34.2361455976715
4240000	3.776866571478858	5.466836704718295	0.7936656943400037	0.48249571707891986	0.31402824755860353	0.8589437064786604	-45.24435780656378
4245000	4.06416984489128	4.104855287885442	0.7172675350717699	0.6935385259517862	0.2949723953121705	0.7202134322608669	-33.72913234353581
4250000	3.5694224997491975	4.340387699852192	0.814573723956416	0.3816733914727886	0.4142135772427592	0.8820644082796656	-44.25108613073086
4255000	3.117327825223885	3.999998453525599	0.8352281441928531	0.5809040757502986	0.3347302459468517	0.9431454688325279	-32.72619631875043
4260000	3.5374987330649668	3.8288042422841544	0.7237366813942574	0.5296526278347365	0.23115448717748072	0.7219508608355409	-38.49833133844943
4265000	3.516429872167645	3.5278962369160403	0.8921347123344481	0.6375404394904771	0.23082592837989468	0.7402192525968069	-25.111521179903768
4270000	2.90821546461465	3.5191763090522055	0.88638556510674	0.5484077724797292	0.2672923180765691	0.8526152243477186	-34.20236471130745
4275000	3.106681872835691	4.201725128788549	0.7850896922096513	0.6850337515853758	0.21323750890977577	0.7173755850798975	-26.741773915817927
4280000	3.753726255733223	3.9575308332519232	0.8121740136479024	0.6077575030917312	0.2512599503242281	0.835535340619023	-26.77824348221942
4285000	3.285173768504886	7.323464616137998	0.7745612755695812	0.5838223177774117	0.22819091213091464	0.7329056025935304	-39.25103358958108
4290000	4.179779698585398	4.915200661995734	0.8678121748467377	0.4704635403358379	0.24354151757984438	0.8547141275663144	-43.88179089297693
4295000	3.6467739278286544	3.9334406645526085	0.7943158555157332	0.5090361863542358	0.26057596887813494	0.9640095405813315	-35.308104894742506
4300000	2.922876816427305	3.512868826823359	0.7828218204334506	0.6935557888330578	0.20683611506946917	0.988044472180496	-25.12869224884494
4305000	2.9138855360062728	3.741976939717382	0.874774245957548	0.34317042416789684	0.3246066414301384	0.7201360589161058	-35.76644462374807
4310000	3.1416492180715543	3.2277128505879564	0.8275639466306436	0.5863877963636954	0.35096670476352043	0.731329902719856	-36.537528539581004
4315000	3.5075727123923057	3.6395092273542318	0.7458342955646222	0.6392178980604681	0.24714287393779666	0.9575519982227059	-30.10061827085351
4320000	3.5541087659487345	4.185754118410797	0.7427973923073099	0.5959458455461226	0.29797088511652814	0.8220594723149166	-34.462456837148416
4325000	2.98579812112839	3.1994803677879196	0.8324213174371865	0.5717631999203274	0.3238432193187616	0.8834547371863811	-36.68779160951917
4330000	3.1273900838890514	3.334398634978358	0.7793657302367001	0.5044281527551676	0.24187976175009698	0.8500383437747236	-36.16465216904669
4335000	3.5186193352260626	4.070133219911081	0.740632799756861	0.6249879573476634	0.26148447031213423	0.8043749962354005	-31.538701986561506
4340000	3.2065280667927496	3.3345096695613106	0.7739984514537721	0.659312499976889	0.21537954464785286	0.8295534374926803	-34.018796548611796
4345000	2.9530310475623747	3.8140146974203035	0.8770352788712598	0.7159814056929882	0.33130030801541793	0.757851315303725	-19.000638139501444
4350000	3.7248293643232766	3.956597744943126	0.7223596577412226	0.607072568478172	0.21789432197256522	0.9050657711292195	-30.674944495344807
4355000	3.1139018444066036	3.7416477534764074	0.7797895672707599	0.5647938049913219	0.28422696352034715	0.7062926185200868	-35.16383779383334
4360000	4.683534455122601	5.495726776464747	0.8826605337066441	0.5302884876175376	0.2231796792677716	0.7199126567003905	-41.92742577554593
4365000	3.202110554563662	3.608451435874593	0.7890316698157953	0.5968377183186704	0.2006291447403403	0.8881045381744336	-32.17174506147686
4370000	3.1612845703884385	4.340736475137573	0.7763528499392628	0.5916336692069264	0.28451966237506027	0.7424001157624149	-35.81411896854816
4375000	2.909787585454304	3.2832283935854245	0.8387709933740013	0.6467659237004745	0.20020494150495916	0.9495549748336612	-18.873788126777725
4380000	3.1264116803418487	3.2367014376892373	0.8026895140239206	0.6870872913654181	0.20446023863864501	0.8630697288311611	-36.3224382708697
4385000	3.351580588006528	3.466837212735868	0.8621872116560754	0.49983720179692276	0.22087672911050407	0.9869289068729926	-38.40071402191496
4390000	3.8282291604447027	4.155631204675704	0.8036202543265076	0.7181322006672193	0.20370804701277243	0.7123276797007934	-40.65727528348349
4395000	3.025892650588427	3.5838273425380534	0.7917177570070678	0.6337909611854398	0.20488537184408004	0.8755048136126286	-26.80399543618213
4400000	3.079508555198355	4.723887267839735	0.8402659711509098	0.2930301151712625	0.493427132210845	0.7923747565275423	-43.772031879103295
4405000	3.005583844324277	3.366073958100593	0.847749378608503	0.6218782371197275	0.20948019218712097	0.7408244279923113	-39.94977640224619
4410000	3.294709295024345	4.801910010308643	0.7143720792556172	0.5546922871104301	0.35975998328628883	0.9702349486534865	-36.72914160583161
4415000	3.200171804732362	4.168782640315168	0.8914612254323521	0.36753508850044736	0.4783531713340973	0.963834804354558	-41.19971503039997
4420000	3.1464343655409652	3.817412572114004	0.79967078394249	0.5182981940272725	0.3145686558718277	0.9088978751384638	-30.905052915252632
4425000	2.90821546461465	2.9655156387927053	0.8044691103329378	0.45189886309624616	0.4132362586306327	0.8361555047019112	-39.609538928842
4430000	3.3970473819308933	3.824445345399939	0.8171478374519083	0.3624983245455589	0.48728988155434655	0.9548633874793835	-42.01434495468064
4435000	3.8356584416480675	4.410586885492813	0.7326897460661963	0.6085203825891743	0.20171480653035154	0.872637229297784	-47.95979119226662
4440000	3.6338573667614815	5.816640187691225	0.8561882861805483	0.535450576714344	0.24436509526941805	0.9468576044702681	-36.424267634992525
4445000	3.365009761640604	4.520787507373943	0.85475287153022	0.7026470061871976	0.22675832603399054	0.9322269636771424	-25.340738077906153
4450000	2.976791670330087	3.4335271598214088	0.8075671849148761	0.346980943046863	0.5005646044236183	0.7164053828858444	-39.33226862226568
4455000	3.173719469811573	3.7441303678745346	0.8042165459511225	0.5057784706956919	0.26543159065605065	0.8023348504397211	-35.76523212091378
4460000	4.310657828591022	4.820507498265106	0.8405530847228283	0.46908247849820833	0.27537060896143806	0.8630154361329936	-44.47636555796129
4465000	3.007234758959113	3.196076126236147	0.8604162970312114	0.7399920781145064	0.22980232260965294	0.9749558334173503	-20.555985895017468
4470000	3.846535521189342	4.32685602246248	0.8866323099186731	0.3318891636488188	0.3802763432944479	0.8228555882587404	-45.340496150901686
4475000	2.90821546461465	3.35337361094364	0.7773318029913938	0.742740888523747	0.24016520252426524	0.8545994313550467	-33.16384489584404
4480000	3.05754377792918	3.321397427428985	0.7350043887919337	0.4127819119109048	0.2536170143433765	0.7358007803529786	-34.858964390370026
4485000	3.4915140149068207	3.494992171924044	0.76128051116401	0.5773454848343746	0.21803940507456884	0.918681557461263	-37.226846465953116
4490000	3.6694268847309397	4.227136237299137	0.7544779810654986	0.6272051627348074	0.22320379404556692	0.7407966687370184	-44.8489754616115
4495000	3.2091630940250577	3.3374561974064454	0.7583710344808832	0.5668397250390942	0.22295548083164862	0.7750306463640148	-36.25323648567552
4500000	2.954114870797706	3.1192449624583594	0.7770440875216966	0.27410318204983997	0.6050750995976643	0.7330539691795056	-35.733412935957276
4505000	3.390909445596061	3.4781931756281814	0.7512332646133283	0.6641133435617901	0.23832121692661823	0.7080659127787693	-28.743599207516606
4510000	3.2569105259411746	4.283170957384833	0.8209084384857295	0.6215121702525025	0.277555438292423	0.7507563883772355	-34.88507787999146
4515000	3.684951359371036	5.306844252367171	0.8685723646555678	0.4418572783127476	0.36152884474732244	0.7122271303805425	-39.37383713109137
4520000	3.4013449744966042	3.7937441479250222	0.7640315989266109	0.6002081003170872	0.2520039445676507	0.7653847606379534	-30.51463682617202
4525000	3.8177880195802296	3.9352696913904173	0.7078642485595871	0.40197612181508324	0.3252931620945888	0.7327751659717874	-41.62538421379924
4530000	4.334507877126514	4.341620467854178	0.793961752380236	0.3823227989889327	0.2822007058885529	0.7732339804202516	-43.61382411955253
4535000	3.1956003232717327	3.7937420541727724	0.7480681241049313	0.6131035017177667	0.3368913877962777	0.8358447854234166	-34.50118440409836
4540000	4.292241145665282	4.445707857335434	0.728414963999717	0.5457199065316781	0.2063883027157864	0.7890647892583939	-37.8968092773073
4545000	3.24604184174826	3.6576107872866297	0.7237535758630341	0.5926613794372255	0.5206634943282658	0.8504838603633389	-26.471266140764634
4550000	3.571944090857609	4.3139459609040465	0.8864537627150092	0.42764319558873165	0.42108388413902376	0.8861156784870166	-36.77922939290639
4555000	3.5258378273284015	3.6447880717137036	0.8611817743731992	0.4271904967719231	0.4229564983608996	0.8928937350715398	-37.18309240705565
4560000	3.4907629919780736	3.6600753312069236	0.8947837683310561	0.6963681056445957	0.27364736188670175	0.8789981902704491	-24.53400860250756
4565000	3.150627440273254	3.742355337270791	0.848863273890909	0.579210565267759	0.3443672647316344	0.9277091758344009	-27.68878401666011
4570000	3.0382690972804225	3.701390116465429	0.7379806193637711	0.6586795741298107	0.2638792081139456	0.8424842355031305	-26.801056477545657
4575000	3.0018863181286806	3.9339542627076374	0.7110627974335673	0.5942054578839047	0.30327832042684405	0.7471388532503905	-34.472104459626394
4580000	3.2608110047611847	4.522702885601239	0.779976025772082	0.3469151843008848	0.44602760342904774	0.9121670017205684	-44.15772391045337
4585000	3.8974600633636824	4.648786064797066	0.8954641807125041	0.5363049364335751	0.2807321127547943	0.8637330231942334	-42.652055532178636
4590000	3.4007435267137835	4.536421452241179	0.8114577076526042	0.5787038542814464	0.31641733011195994	0.8631939457125108	-38.00205404392085
4595000	3.9168960634618903	4.556551591368725	0.7328196863673448	0.5435456791765944	0.3200085445981932	0.7443834140110945	-37.62289162518411
4600000	4.164178028679374	5.0711897261999415	0.7152722099675993	0.5524856899644536	0.2881733383631789	0.8245050572602352	-49.46077208382095
4605000	3.4071407641100953	5.069889937187648	0.8271673135141512	0.6325488799756351	0.2940140269061714	0.876174815641804	-25.71728147482619
4610000	3.2920278267029346	4.067497736192008	0.7442794235013566	0.608412623540188	0.21145918349306228	0.8279285937189892	-32.70594204807094
4615000	3.2744927661192422	4.389038687519285	0.7445308304208796	0.7051141328540423	0.2260813163494145	0.9201009076452424	-30.48879456401961
4620000	3.4323222023763904	3.9548409760086116	0.729973041203918	0.5707418968091039	0.360440945093704	0.9091391217688564	-34.2297078708236
4625000	3.3548237099719733	4.314680540057137	0.8194808610262078	0.6402824402025702	0.22116865592405738	0.901823003609466	-25.622241107371686
4630000	3.0044694468133635	3.6583241966722895	0.890611749016783	0.6486415913752271	0.25694850000262714	0.8968342743430011	-21.5753370175351
4635000	3.1150176447000546	4.559334603167513	0.7252019424159695	0.6839956552255021	0.2756598361016696	0.9990302743204835	-25.613906072860026
4640000	3.3804974020485656	4.63454278632759	0.7533795561820142	0.4343783644573903	0.422761792341001	0.7996981891690954	-44.209964102034135
4645000	3.4451847297358595	4.576682012291079	0.7018719704456969	0.6208826894425742	0.28065077675642525	0.8996094120482653	-34.848589077936445
4650000	3.137454288023336	3.3545524402103046	0.7580304613709012	0.593755909340328	0.4049509235627932	0.9456653237234158	-27.467174032597985
4655000	3.3189447185514473	3.6904465295538054	0.8998134735478618	0.5477366100845837	0.2398783837393608	0.7182938582228398	-30.876005731084994
4660000	3.117971873531644	4.10466938617729	0.7138731456482676	0.4932801517268517	0.3339907018494864	0.9696305279556724	-43.30914471056513
4665000	2.920907911389105	3.0468022677048383	0.7344582506704103	0.6995680451849714	0.2993212832539117	0.7663874498552593	-23.787583051533296
4670000	3.864719492325244	4.299477028794387	0.8434001725282151	0.4069725054933622	0.2164579926594675	0.993624914179783	-43.30088023897093
4675000	3.6217986397429796	4.477617690313299	0.7577010118072787	0.5023254109448019	0.2750757841527453	0.8474028667924801	-42.69890169801095
4680000	3.580015971423523	3.699369578677675	0.8149324306321639	0.48409895111559287	0.37969492426074464	0.9216686118874619	-41.0713004448075
4685000	2.958963210482434	2.9743616807850746	0.7092769861830369	0.6364429309948804	0.2291856721012994	0.8377223504845347	-27.12787683682503
4690000	3.730895550448593	4.830526856492332	0.8028216485983283	0.6770893595741275	0.24705466056015402	0.7562170813733026	-29.357105887415802
4695000	3.9064921963832626	4.388670412154774	0.7973401911615252	0.49624083516410633	0.24689955049102622	0.8334108139865494	-41.768469236953194
4700000	2.973713260224464	3.006068259692117	0.8340494584396843	0.6234558687552176	0.20567742306302803	0.784319417519228	-28.282635947572775
4705000	3.278836499065126	3.7215802985421464	0.8403723538212484	0.6775394638292827	0.21238409946744705	0.8067554508977742	-25.15251400464448
4710000	3.3631283485884933	3.747203650318891	0.7206364787178481	0.663048496166419	0.20393133162753818	0.7844404415259414	-32.46519296685086
4715000	4.081749327785059	4.829968029545219	0.7290325962354158	0.3808391382913635	0.23199879659911218	0.7281825000949034	-47.71825452344185
4720000	3.0184382284968434	3.9553000830145333	0.7748794700461523	0.6952013954163768	0.3002973681054244	0.8834143210662655	-20.695453156369616
4725000	2.90821546461465	3.101860386381897	0.8432193816940406	0.601021032238564	0.26226691067839114	0.9158274535894594	-29.75290367499967
4730000	3.9141346563335135	5.698143367458072	0.8962149151303126	0.5003376735696586	0.31557610845163564	0.9320986540876733	-32.47786570176241
4735000	3.2164746419067787	3.648958293436802	0.8798380873419336	0.5706133066999461	0.2264074091778648	0.9787994980341221	-36.87041950200893
4740000	3.7877093517492533	3.8344735078521235	0.7030648170416366	0.6199414213798569	0.3074841822499552	0.8520108465421302	-44.85323612900911
4745000	3.674129021391968	4.138093960886665	0.7103259661026672	0.5910497228180028	0.24585513233891765	0.9541273982466841	-37.04297857645228
4750000	3.3126749874052654	4.026763263438472	0.8616859212686112	0.5812774072841438	0.23362320313911286	0.8787557380466806	-34.923617910367156
4755000	3.3572767154864263	3.3959033472303353	0.7840771620875393	0.6511273355850402	0.3062921307936282	0.7009024596780553	-29.967776422419398
4760000	3.6503451042383386	4.39377918945916	0.8128015949048871	0.63151617610732	0.205654352631054	0.9535264439687183	-38.95113159798748
4765000	3.6475359525280817	4.960960300156178	0.7170547498511541	0.7118263060638899	0.22822547626606493	0.7985674382045982	-35.08234445059892
4770000	3.3587131682041007	3.7485912444738467	0.8581983755274221	0.5719889384193318	0.28260845384053107	0.9630464893707522	-31.064136892262425
4775000	3.620959974926983	3.6353988990916872	0.7533295155158365	0.5215558696186041	0.2623470345138987	0.7106928665514666	-39.42839262292499
4780000	3.214869980387382	4.887023936620913	0.7065257405661102	0.6563703337053519	0.2038434269963448	0.7864116062198789	-34.28546731788586
4785000	3.543042949608214	3.612440035825933	0.7269257571726797	0.499619244695276	0.28761291164833236	0.9865960740231969	-50.997671291214616
4790000	3.1268017014555998	3.7319387162450592	0.8525729642509763	0.6703267367822102	0.2132341770818755	0.8368899199091407	-31.144064516280615
4795000	3.0618873459548013	3.0837635036640565	0.7307720405070909	0.6120679317829119	0.2989801642973384	0.8241645325158093	-33.38268266592005
4800000	3.894906921832278	5.30460985913308	0.7424977793470827	0.4321874153755745	0.34450647011586916	0.7529434005651531	-40.03531281984296
4805000	3.3353178617898007	3.5604958673233553	0.7594643246084077	0.5367189414720291	0.2172099169011056	0.8713202311310801	-34.830707048471574
4810000	3.172771414696458	3.594877248262304	0.8786029564187714	0.4896720900656594	0.3798575276288868	0.8468578435743144	-32.418919962291454
4815000	3.162095056418431	5.0195706216576195	0.8413358696266853	0.5018440445612866	0.2685889931019406	0.7090633443283891	-42.521943555880156
4820000	3.2333041275322105	3.425708994836981	0.8631752453367986	0.7731364196712102	0.250228989039418	0.8492059432913851	-20.518474564870697
4825000	3.2297880642740484	3.439475465528059	0.7929109024218705	0.726347590944594	0.26344686299373715	0.8449863539567057	-34.41655466753216
4830000	2.9247493009389514	3.4321516940662855	0.7631471765255554	0.7222947606257125	0.2039175359057356	0.8873080548266798	-24.729375097501
4835000	4.283681144039628	5.93164835929413	0.7063822799126005	0.5341802784250939	0.38654720130056613	0.993214283547141	-34.83813205953995
4840000	3.850440547124838	5.192024340938314	0.7191039742237814	0.473320208958487	0.25096399017628124	0.9688252188465014	-41.488018723009795
4845000	3.198448177743085	3.8938203145407257	0.8142677996356437	0.6263076018069	0.21649688276287693	0.9167202787331749	-29.233215695453705
4850000	3.0003146551543356	3.9876957855807245	0.7241994801271091	0.6808791442385471	0.31186501087904794	0.9623469744344447	-24.248546861389492
4855000	3.176822408806194	3.26452074947769	0.7166910132175175	0.5827068165090754	0.2381579490519564	0.9397060741649329	-32.346884447593446
4860000	3.1354711271998035	4.193527898440778	0.7917786723831612	0.6247795066755356	0.3105892911464078	0.8619971082469345	-31.722580325552876
4865000	3.6722047466092147	6.69202614291757	0.717494001473921	0.6434069124362993	0.2537518940137749	0.7715192910792437	-37.37445543349944
4870000	2.90821546461465	2.978957516326176	0.8615650490946506	0.5774051799303789	0.22562352068076028	0.9851156310810094	-34.433568322712404
4875000	4.066781265914467	5.037130615449819	0.8333119819707404	0.5525691112563849	0.20145096208985516	0.777996210600807	-39.07579359558303
4880000	2.944612358587153	3.0891583214875173	0.8186717333949762	0.7641758458311979	0.2797016227444101	0.7907339824560683	-15.658450236454563
4885000	3.3992466602929716	3.5978590126620964	0.8379370480707784	0.7310043158055658	0.25981242890778294	0.9365462180258128	-19.303254675866047
4890000	3.14925502394469	3.891500029859918	0.7898754990949622	0.5650119725212721	0.23190326729799354	0.8891494683208999	-31.110035879921284
4895000	3.796801208501587	3.814226770827805	0.7124220983729778	0.6102209261898472	0.28687934071708976	0.987569986177244	-28.15420510789636
4900000	3.4142279029929417	3.4150988211571325	0.7360388322212713	0.5672489639562232	0.28120885608692897	0.9442697505884345	-29.674690053818242
4905000	3.2569782788779853	4.2720345974828025	0.8806251533955978	0.4518258877988222	0.35164730343029754	0.8303324311949307	-34.33165996322978
4910000	3.438681065830304	3.624137463353453	0.8822651910905907	0.6525844124625703	0.2977972133375651	0.7290866502496735	-36.94429512780489
4915000	3.578465757919864	6.374113763051843	0.8261413531621817	0.3699934806193507	0.6110943978776421	0.9917139723706242	-50.942824823514094
4920000	3.451978002996226	4.96052614609991	0.8047998632877505	0.6179467729048113	0.32503363828493004	0.9782228009687581	-28.910579974164538
4925000	3.512804359149359	4.836315034095041	0.8486072374599561	0.4530690711987437	0.26639092051897373	0.9189093316569006	-45.68156026222698
4930000	3.298874959942911	3.777425753446911	0.7943874866520354	0.721356985175269	0.23980147451519498	0.734687062490902	-21.937324492679245
4935000	3.1761704079275117	3.395964958411503	0.7030556624189963	0.5571386740291389	0.34907848007222253	0.7182033907868424	-29.633061063740445
4940000	3.2473144682535966	3.5691787080997535	0.7984598280304824	0.7816969330852803	0.20040366637893567	0.750931197179819	-21.647716822233235
4945000	3.0595263014143974	3.9887376837796458	0.733190478768996	0.701179148887333	0.2844314337459321	0.8721076310513798	-34.98706501435451
4950000	2.993292820753876	2.996764552688098	0.8467777299330811	0.7473741437549121	0.2510040760339801	0.9020398698270319	-16.396606224906737
4955000	4.266687721174465	5.763149904947689	0.8503379624551212	0.5367933742000861	0.20042728923476374	0.8339622035778893	-40.954062528333864
4960000	3.2209637374592073	4.502846024352039	0.7217766911925685	0.5301999971878151	0.2679927952007889	0.9952760710993146	-34.47047346622133
4965000	3.4740098688464762	3.649922987537979	0.7981467745516846	0.6137172029270327	0.22572698286480009	0.9413945366105131	-27.588119567596973
4970000	3.5604014321313233	3.795712915719765	0.8032303228771777	0.476654481886828	0.46294424318248584	0.95117787817883	-38.54703256885738
4975000	3.599147658195084	3.788082214606803	0.7072628382963763	0.6984717732026858	0.31781992156544964	0.7624547291098144	-36.39466473749009
4980000	4.430128381807765	4.672520931486599	0.8056923641385819	0.6257174512826797	0.24928298308880603	0.866726876872268	-30.29881791000199
4985000	3.526234276476635	3.726103623086437	0.8367261116991037	0.5366866534631434	0.3119518361857636	0.8779814414640813	-37.349217883163575
4990000	3.1912336027740613	3.5300767388822725	0.8122235012749842	0.6375371976971455	0.2354228985374256	0.9801124366185411	-34.31194761254616
4995000	3.9780960848344513	4.04789760386038	0.7897256196262731	0.5031631490258	0.22070464512875093	0.819762372326713	-37.3672991667817
5000000	3.325600670654455	3.679626835633241	0.7250564388212806	0.6362486921701019	0.2031030518295603	0.8254011171391146	-26.331155973019357
5005000	3.3668338472055463	3.8674290392364625	0.7377037050936549	0.5933633157229615	0.23157988374243443	0.9299668503468381	-29.881258859387927
5010000	4.262542259473172	4.4539789893754635	0.7474666453164204	0.32176082872962336	0.46690932186017386	0.8171688551256486	-46.87130100037546
5015000	3.31857431438603	3.402389878170036	0.8063158973302889	0.5901860188485801	0.3454534674243585	0.718561416421905	-40.57182546899683
5020000	3.856685977092125	4.135643144020634	0.8191420211233538	0.4272082945168069	0.41881590948585523	0.7426555707083725	-36.31626128998831
5025000	4.129603500898447	4.18063477381296	0.8358290554344331	0.5193348977272358	0.22132440258071695	0.7479690943671196	-44.71830509247433
5030000	3.9192749221034395	4.594110687692341	0.7227780252901049	0.5486489975910178	0.20497900762159718	0.9163974231517659	-46.04076258277302
5035000	3.816480018432892	4.904003087137023	0.7156849534539103	0.52173525502939	0.28514317164356884	0.8793115577770518	-38.22215932722897
5040000	3.24335143555894	3.463045697994206	0.8711502613033809	0.6029187732004131	0.2116553333107296	0.9508161653298867	-25.102823251285518
5045000	3.069372791950779	3.1409624167474397	0.8798743892787726	0.7317746650536969	0.24859388922554881	0.8080597627029613	-17.507245487117597
5050000	3.1001485986824666	3.225184362905963	0.8081486652740513	0.728041727400075	0.264427084468189	0.9404482156080308	-22.522537849589334
5055000	3.1313958693414756	3.745196063528985	0.8429635706504766	0.5442173666746425	0.202067570097439	0.8366743139823593	-33.5456048468915
5060000	3.456137289874193	3.687644693096657	0.7790898591128679	0.6055316451885951	0.2099229055247064	0.8295501481081109	-31.752468451255133
5065000	3.542404935590967	3.7545745481929393	0.8717788328500393	0.5284839996632928	0.30190165053598356	0.9434878667466291	-33.71025801818508
5070000	3.7826055901792888	5.921261979726275	0.7571858748033655	0.4359646287776864	0.21280921224800353	0.717252417359324	-41.95751736351424
5075000	3.0810219053279946	4.038450639875663	0.7053026230117015	0.6590498268838749	0.24080691302310697	0.9753995455360532	-31.328744963719544
5080000	3.1995136077326927	3.2430656184838718	0.7086091068896962	0.6106926138472997	0.38920421009307365	0.9772225687303535	-32.965444008117494
5085000	3.589574855207984	3.776974131326092	0.7861197875925956	0.6237754817628687	0.2184504790029929	0.8250515119681456	-33.728267936217996
5090000	3.084035095154161	3.615679634373814	0.8210182681921185	0.653120774827918	0.3281449749251284	0.8822122606035164	-38.4937077114724
5095000	3.053814331666593	3.2875548301840705	0.83371264380392	0.642684011547609	0.20415288887683863	0.7522723579183591	-29.844848985937183
5100000	3.3888325354098447	3.588949426593213	0.8351814186521515	0.5375671800263714	0.420096545420299	0.9884436992101822	-28.975252650339375
5105000	3.536224938034797	3.8599778894987717	0.7543640859563363	0.7678565141696312	0.22014224799338342	0.834779984602197	-28.001235669232965
5110000	3.254965036243319	4.512427526099585	0.7855841353654678	0.5483247656542911	0.3910566451597706	0.759842994029176	-37.49478113028557
5115000	3.046209556746635	3.5245047634377653	0.7518408520653519	0.6870948959984825	0.2487663840293005	0.8028398834083555	-19.85625122791006
5120000	3.2588563399307353	3.424107738660175	0.7947497503082239	0.48792641852534424	0.4269696872147526	0.9499998452806631	-26.74212650682807
5125000	3.7201756261726837	3.9232947691373266	0.7299607202059349	0.6246177687603497	0.24136611347765544	0.8230322228884546	-34.6379395496129
5130000	3.9788606750615165	5.144383827182041	0.7151838228882621	0.3502567033902392	0.22578124610221345	0.9098182357342224	-49.89665324348771
5135000	3.462609672125809	3.9744938315930556	0.776152214406796	0.6491341532041115	0.24183303842368142	0.8772030583357734	-29.85720101733854
5140000	3.6307435999425874	4.0288041718670415	0.7302958675744554	0.611379445047868	0.25125591226405153	0.7382599029545729	-30.885691464586962
5145000	4.41771069503123	5.270074818220484	0.8159433465494106	0.3715036566487161	0.3481390943558051	0.8924809021003504	-46.14581941174499
5150000	3.73243650137172	4.160146228591811	0.795260241400895	0.40318582288798477	0.4028158358515553	0.8462562955717573	-45.517454090787446
5155000	3.170173978945304	3.573113955304499	0.7986157397100074	0.6218717910078315	0.2571848148331845	0.9284643844569597	-28.036240795108224
5160000	3.272267681165504	4.239776211846986	0.7384500558865641	0.605764172214676	0.2519651002017903	0.7081839135434769	-30.962536243417738
5165000	4.053405617349208	4.4156186637903945	0.8582566328018525	0.4570232618738619	0.23118567782683616	0.9132362585815561	-51.66814673194164
5170000	3.0181633375368584	3.3036496243792906	0.7397171982429167	0.665532082743497	0.30744026809085245	0.9697793036697395	-25.6259043875115
5175000	3.4198146820710447	3.754388585009038	0.872684847940838	0.5310162560506159	0.22717169614251645	0.765064629048624	-32.1725055127191
5180000	3.053504080111617	3.134441472773796	0.7861078490262172	0.5576422364930599	0.20861289910686986	0.7333801915709985	-33.548083757516544
5185000	3.410760615347381	3.9484868962276924	0.8610909542194569	0.48925118415695507	0.25623544249746527	0.9347345237651039	-34.413145326080894
5190000	3.4471278620872106	4.467553306089823	0.8401201171912899	0.40159285689737484	0.3637360852275164	0.9246455185991667	-46.572107374218746
5195000	5.809111181736379	7.239929895712209	0.7181965900392617	0.3757649031155538	0.24061764198037744	0.7516100998626254	-55.26983203515071
5200000	3.464186573546043	3.7790024242004154	0.7865485691323563	0.4245559594158089	0.36525650116018393	0.873347475298128	-38.35668011924316
5205000	3.1294065235687367	3.7635398113041485	0.8266275382696922	0.4998652363482696	0.20522715217259282	0.9084107796136447	-37.38272866810668
5210000	5.155617224263802	5.177494401835783	0.8497207407389841	0.38732382910899726	0.23338666333443533	0.7097262431144788	-45.75857785089883
5215000	3.051931310135031	3.4093894499704773	0.7897339621999562	0.5767819721743735	0.34683471406306804	0.8856296381283388	-32.60954348175468
5220000	2.981160520908682	3.1261089327969582	0.7483483368573366	0.6645137341948602	0.2897585270067961	0.8350294404595643	-24.511098423294197
5225000	3.3314740123014532	3.752279685556647	0.893615331416719	0.7172439061115484	0.2072157141872379	0.8567776440654066	-22.232187478312316
5230000	3.0328691659715705	4.034410474028585	0.8195893598032197	0.39185096277337794	0.2199000460430846	0.7244506927618973	-41.0484151466943
5235000	3.8441747417147907	4.880912840890625	0.8590019738912403	0.5351568809986677	0.235629484064993	0.963613669491038	-38.31104412873149
5240000	3.555225368962056	3.9457655629884223	0.7197386577925564	0.5535628376253173	0.24509738680569818	0.8663888091954303	-35.59806480254696
5245000	2.9349593261603433	3.8363073508714884	0.7762514905063548	0.5290771243943285	0.4329949291646659	0.7307126820724914	-29.204447539202793
5250000	3.6498745252332223	6.284959574574105	0.7062711952235452	0.414877549239472	0.4343759012260182	0.818775542415328	-46.661213385171045
5255000	3.054377309344653	3.4173582611544497	0.8820397795292765	0.20764860516053427	0.4616188535471609	0.9244234202788222	-43.339292193758716
5260000	3.4844944383273533	4.251175596329401	0.856859322096947	0.6465252287324549	0.22730533858169888	0.993017533201822	-38.4044441811551
5265000	2.9569812616311073	3.106166816687695	0.8978405357664545	0.6807017451187966	0.2710267265973269	0.7790901269639686	-19.539815485275106
5270000	3.5082717744858107	3.6874740707060756	0.7343852333942964	0.545041254230567	0.2645819829591221	0.8853698384255388	-38.307491292385635
5275000	4.307783781797244	4.397108693611777	0.8308798439677543	0.5737486434913049	0.22067456554713705	0.9989568302313571	-36.17352577101687
5280000	3.814621940697571	4.071998761337825	0.7167177933653924	0.3483902013693649	0.2468466611295231	0.7913427473761325	-52.15583416049527
5285000	3.6219700821116385	4.334042542936029	0.7065650565937672	0.42104283240089063	0.34625489383891694	0.8408595036641434	-41.689954519309076
5290000	3.3610824428637582	3.81684829868665	0.7350326849963884	0.6901680659569899	0.20904023070840563	0.971208547722457	-20.862121121924563
5295000	4.2859269115961425	4.423495062127632	0.7778101427513332	0.5477172053882369	0.24194134231446643	0.9319329212974135	-44.140915268585275
5300000	2.9652117923465777	2.972495663206404	0.8130858904721533	0.6207996741559646	0.31218382882889445	0.9779724108826117	-26.814767227052698
5305000	3.054545311101657	4.4100469473798505	0.7963770419854693	0.682304531650545	0.26160926931382616	0.9927431935291761	-30.44211974154131
5310000	4.003270616670775	5.413794512035037	0.89605286519076	0.43376659803594986	0.2581954815435904	0.9225118381124784	-37.21993602111111
5315000	3.39442652966486	4.661567712786968	0.7037268291802392	0.658406608584839	0.3022792312350876	0.9599720729251773	-30.77056868131955
5320000	2.9309092849055185	3.2192193160110727	0.70459223066289	0.6061411686868057	0.27614739932485094	0.7825649054042233	-29.291764478200026
5325000	3.0624960868091726	3.09388496430922	0.7036033035488352	0.6634723149295592	0.38368505259282104	0.9509494732937245	-24.461146112071216
5330000	3.725172877020623	5.888535992031314	0.8070610561579695	0.5852722157792791	0.2140950750618744	0.9398445181171386	-42.8048373756107
5335000	3.6450577260546013	3.750209896142835	0.7154034132194254	0.4374961380343929	0.5246427412263337	0.7504192126052611	-42.0301471459371
5340000	3.208630791818357	5.458443361877472	0.7506481803842838	0.4952840051899959	0.24767136426773598	0.7597686584945057	-38.14259471566881
5345000	3.3929425752923708	3.6808847031396734	0.7333883225965365	0.7012434123573433	0.20689098232903744	0.9648287711057962	-27.063653570587526
5350000	3.379449058217005	3.4398144868589537	0.8258309910081002	0.4206310016136873	0.4345083230469806	0.8265739799070574	-38.851996346061036
5355000	2.91173035576485	3.0241556077013674	0.8174716177697824	0.71161592436051	0.2765199169328565	0.880919480046709	-19.850058317086415
5360000	3.397572718502194	3.649592276672516	0.7129456507128745	0.40658302337515284	0.37829092492181565	0.8500270966488049	-37.8080812490763
5365000	3.1399590567078564	3.2497513571000365	0.8308917828740209	0.48208386174061935	0.33899028550625576	0.8275318891613886	-29.33116047927526
5370000	3.1820700817101786	3.2725422739986407	0.837834607163153	0.4640806987232035	0.20009560518404276	0.8177886793929195	-34.80550946095143
5375000	3.3325315546349072	3.584746530294052	0.7403646640554155	0.6325123709669215	0.24873844617856183	0.9339370443664182	-26.869657959968777
5380000	3.2873110262882865	4.012384317457088	0.8943424187375416	0.4402895586616033	0.4181218584201911	0.7356922314245584	-38.08214826029628
5385000	3.0044169437897823	3.53418467386586	0.7240630879507987	0.5953714603035	0.2602300954259748	0.983755134552302	-32.85578373972722
5390000	3.010409460836099	3.082009770593838	0.8561059262900058	0.6693927935993139	0.2912244460199541	0.7689610208362951	-28.040439561313665
5395000	3.6769736940230158	4.5109725436034145	0.8695915369760152	0.582878746442334	0.20308819203791847	0.8850730134808245	-38.80466349065998
5400000	3.033238875720741	5.671609134781619	0.8320379831240418	0.3722663055847852	0.3705523530367324	0.8446063532067682	-38.13216897098383
5405000	5.134965873325027	5.261965158967196	0.822639610843789	0.4711760916292059	0.262473130821166	0.8384361760479538	-38.317245152474754
5410000	3.0784458823422973	3.6531777939889136	0.8149158197990017	0.620242823616387	0.3360034486441305	0.9662615563297603	-27.20743309200017
5415000	2.90821546461465	2.9498907301851807	0.7569645623816558	0.709456894337128	0.28156427344837337	0.8609670915197709	-23.397076614859852
5420000	3.309357735141785	3.6102618429960858	0.7993221680737301	0.6351331168250506	0.24308835678910953	0.9574844996636921	-31.9414363597334
5425000	4.119411498560809	4.267044452009213	0.7056923797936151	0.5698905880457767	0.21528965241900627	0.9574124852663489	-35.90651652990928
5430000	2.9617516646647792	3.4902946465473206	0.8693252143266462	0.6336700098450617	0.20174504996070816	0.9452412909838828	-26.20784179470763
5435000	3.020616935899742	3.4564377734011402	0.7457612051539428	0.739392470787397	0.2757294372695627	0.9122033197161367	-22.123284742568483
5440000	3.613743224305902	4.514600187816237	0.8765659318358155	0.42975325069290066	0.37368421770288207	0.8712358352648498	-38.74570827789732
5445000	3.206621686396414	5.89755978497063	0.8485501074374553	0.6832866332426073	0.251512218939882	0.964411972611719	-27.99995434145863
5450000	3.379901841408512	4.306133947405991	0.7386689587180076	0.5796881321731253	0.2054646781251269	0.8032677889390005	-39.05433608752226
5455000	3.6354296978721172	3.8393161122474053	0.8152688125265296	0.4576196961959388	0.21228188091823794	0.8979854029468617	-42.37430522972456
5460000	4.031775585936369	4.167284695120889	0.8834628545309174	0.40653801128808	0.3819275240040256	0.9012602712070875	-36.823378381222724
5465000	3.4043089343184003	5.598751710057124	0.8385121608696335	0.43304333373378534	0.20817944886679002	0.7334893902104885	-41.503360852912486
5470000	3.3181056092343795	3.3288161345328735	0.8638258504821753	0.6954849394896557	0.24393515500796956	0.8923279660726037	-27.484365980331383
5475000	3.729311577637113	4.659683016283423	0.8388008328623973	0.35467060981491266	0.457614455254565	0.9506821010456551	-42.849877821168725
5480000	3.1010951934994146	3.6511874059748135	0.7971511566114101	0.6374415621371144	0.28280485809111966	0.9313226211616339	-25.460845665584134
5485000	3.187880684981012	3.371868085561224	0.7102327859478003	0.7083846541592483	0.3626845587843788	0.9781258112054398	-21.50961623623058
5490000	2.9639354684909165	3.9670516452230684	0.7457119039866138	0.7328343862606352	0.2358648974148926	0.893319660639347	-23.198510125809296
5495000	3.363179534125722	5.233499982180238	0.732792356096762	0.5043651816958566	0.25610338594067467	0.8321985755021643	-36.32700534035186
5500000	3.201157176446615	3.7699828237415294	0.7770987116040057	0.6266051198909445	0.2570434057730646	0.9323526784658321	-26.800292282053437
5505000	3.31906661538362	4.502744003953747	0.8521489024043635	0.4258302801335333	0.34573753445485744	0.8574078690068463	-37.81671268424025
5510000	3.770698841814114	4.28273611768261	0.8118534708705485	0.4169345719700347	0.40140829403576017	0.8229414070466774	-44.43286505627687
5515000	4.0406443285241	4.0655261514815555	0.8157144116254661	0.5175805680834442	0.2518047145075017	0.9086406836893025	-38.99155078484678
5520000	3.1260997471936482	3.312614407560918	0.8052941069768228	0.5204620088638723	0.3035850156113993	0.7661371100630474	-27.20407970657245
5525000	3.331016187933713	3.778820567825649	0.8389665755987472	0.4802258518700794	0.27211905178317897	0.9374903667864566	-35.57335187529915
5530000	3.3665301038158177	3.4709810931259573	0.7037487649119462	0.6646480855337745	0.24115152456678735	0.9066976802813242	-29.063323399387126
5535000	3.228213731222099	3.6884683760910995	0.7950045425678756	0.47853364266362075	0.33893607851280305	0.8349914305184016	-36.681404880532526
5540000	3.303124736483838	3.8263682128697805	0.8095049183752474	0.6540172054595399	0.20945114710549684	0.9589974609252149	-29.121825363685918
5545000	3.4007391831377394	3.4479855874731524	0.7023707642270474	0.6761326433236926	0.20864265064837273	0.8569305009054253	-27.999370434632972
5550000	3.3995243087737665	4.5057339122288065	0.7259029155668905	0.6089547572259632	0.2072959000180001	0.8981424436117633	-34.05512258098902
5555000	3.7136524750050914	4.062004328616809	0.7356488946167785	0.558703715238427	0.21565279365710077	0.813953066471766	-37.60061987528238
5560000	3.0360539026244115	3.1069675639984338	0.7500221966683798	0.6989130811835396	0.2541008732012035	0.9915564877689045	-23.250781912879514
5565000	3.086992313961334	3.27169638453868	0.890371685902341	0.6088635252199674	0.3190191541253228	0.7365111637904881	-24.82140923094787
5570000	4.69580150890897	5.066566474923867	0.8808387772937124	0.48559307314678996	0.4669318029474414	0.8779871641498733	-42.01556480679353
5575000	3.6783419849896424	4.466732089351469	0.7036822881895807	0.6194203299669483	0.2313801598475956	0.9034484919063507	-33.03106270893563
5580000	3.0729643032474048	4.338715578742226	0.729009639047306	0.7055257955659504	0.2083109490132732	0.9036495724152785	-31.484943381506312
5585000	3.0503363893881645	3.121455037268003	0.8071957098040159	0.44262274412898384	0.30290695418810043	0.7556636726832144	-33.083390432042435
5590000	3.564287803411371	3.9864021639718734	0.8118761155610095	0.6366263195872495	0.2999843236861941	0.9215510803175412	-27.427401930628598
5595000	4.379738066736659	4.6542872271854865	0.7502921980066717	0.7089952804528328	0.20206295472422606	0.9493277891633745	-31.189872036698
5600000	3.580567017305384	3.6528443367978927	0.7410486402430508	0.4809218967420056	0.28094871937204136	0.7237911109305056	-41.9097242643723
5605000	3.1166534111276367	3.120138553497756	0.8064920936653648	0.5198865778782021	0.39198711887317084	0.9208537426163876	-27.641720198816774
5610000	2.966970745883654	3.6100080939097268	0.7132884282260279	0.6406635259599107	0.246704445880404	0.7974330612962817	-34.852082475773656
5615000	3.7771035311006846	3.8285867594101224	0.822260384090366	0.5985086624340903	0.2088212926489485	0.717115977654685	-34.34463014907216
5620000	2.9699752185612285	3.1997273092164202	0.7790541899502125	0.6996168699341475	0.206616152267091	0.8938087931149823	-24.571699915897813
5625000	3.2872269356393464	3.3502308752814174	0.7926289630939816	0.4689525700223507	0.35581933913347746	0.9069059297408998	-28.81568938320495
5630000	2.9709919478690194	3.028049364318362	0.7418161435406311	0.5872241202652413	0.3021337765948542	0.7588882692490484	-25.236799818860476
5635000	3.451027886607644	4.398116742162247	0.8314526129907015	0.48254930654534617	0.25365385043221006	0.729796733393467	-39.48505097394566
5640000	3.089780912640117	3.61447643392145	0.8046740947534323	0.7278942362451315	0.2297296422331357	0.9092080993486514	-16.068406419213762
5645000	2.998928866186	3.0729891376390577	0.8563180234611223	0.7203467175375963	0.24863894831516087	0.8433254556195915	-21.59436686802057
5650000	3.2112780708152493	4.501895560225154	0.7747058658059333	0.556872307542194	0.42461267548922493	0.8341668772429122	-42.72875427074334
5655000	3.0037467345450093	3.101069484727068	0.8874424171828487	0.6855905434396834	0.20623928949364295	0.8559755785354927	-30.89079629956494
5660000	3.167442381171991	3.2197203087277555	0.7754251315972545	0.6091516055348667	0.25771401404160715	0.9588439280095263	-37.54593447755463
5665000	3.667878560044506	4.124885721327315	0.7643954667680994	0.5855738191410039	0.21468545102492254	0.9013006553571176	-34.6153919952786
5670000	3.1967704581102874	4.733635665580223	0.8000247581811252	0.47089640015129913	0.25738164487995313	0.7694807387651922	-36.841590980508514
5675000	3.01183339091454	3.5015838624055853	0.7852670263014013	0.7173780460182154	0.22173527462117082	0.8361154011921421	-21.197428419541335
5680000	2.9184230320988385	3.0561491701847885	0.8796697198141741	0.41113540011944766	0.3566343986418766	0.967051846109854	-42.997626218853505
5685000	2.9723557177564977	3.715980005579509	0.7051416370681861	0.6202532739275678	0.22230476716617306	0.8804488989813103	-41.36800127050519
5690000	3.461535669573451	3.5235290533402197	0.8861639565356979	0.527670468914969	0.23473313185689443	0.82369529903598	-31.80556767800759
5695000	3.880323746454553	4.480662231488173	0.8021111823308416	0.6137872577271126	0.2542933125224746	0.9306027091022487	-31.543690575245016
5700000	3.1437203857550764	3.711282301591523	0.7543175640158966	0.5670734817984491	0.24112479939336234	0.8137427272381219	-31.12897508653178
5705000	3.0882828377650546	3.131811988019345	0.7321952853346562	0.5734200364896735	0.2663770029219815	0.8522287216524898	-31.882930551002914
5710000	4.064480331507666	4.359212831766043	0.7393569422143835	0.46121704117551854	0.20599836164851487	0.8021421548332778	-41.21110124037049
5715000	3.310821604445	5.5699143879629975	0.7098118645464431	0.32041670141096135	0.552155789080506	0.7241514190766443	-42.40084744612886
5720000	3.4102871561004835	3.438962149079991	0.7370349130074947	0.6714319419472055	0.2656489742619589	0.7843749021704416	-33.11403892091415
5725000	3.176130627731815	3.763914950283609	0.7333282453677646	0.602562811746676	0.2758839673660007	0.7159428820055862	-29.19397857728725
5730000	2.959521053192291	3.4836142796047977	0.7299443838527487	0.6907875037837554	0.21725857204280818	0.8056486282408878	-27.120032069456066
5735000	3.2496591795710703	3.905665556849362	0.7499117340431402	0.42352184701688106	0.41208823691490565	0.8860972575156488	-38.461537573451025
5740000	3.616910623523432	3.7082429359461067	0.7066320042385937	0.443926020101614	0.30644047725362755	0.7780235948862211	-39.662335804626316
5745000	3.2561008872468284	4.5288005500980235	0.8702207603673102	0.6610775844673161	0.2232883343679322	0.8397677254534465	-29.211694237383707
5750000	3.2367757633089314	3.9502866064489472	0.8290229136207883	0.558425177678483	0.45096090526622373	0.9233612899466583	-35.36573381802621
5755000	3.3765711946295225	3.3944960181263095	0.7565125892075274	0.4878647117457795	0.3273059723248329	0.912659398755045	-40.120301833819525
5760000	3.1438689268242075	3.200621202824092	0.8683959663476767	0.4989611456560016	0.410427625487098	0.8030936178465933	-36.20841464023164
5765000	3.1263734805395913	3.2329338143631405	0.7564671873299482	0.7963719274420543	0.21604151914873213	0.9048170891000262	-17.16542818826975
5770000	3.723901862684893	3.8647932344799303	0.8135386358310064	0.5335613865931675	0.3138364875218027	0.9621309051170542	-30.122477492032495
5775000	3.1491162445168217	3.481297372384696	0.787522936260577	0.5100539713037496	0.22885949691696564	0.7597574270255899	-39.180791397346134
5780000	3.1532979702206436	3.5322763369689194	0.735429120924158	0.7730372856946378	0.20796834932357605	0.7628019585710687	-22.312704776804715
5785000	3.864335779720983	4.491846395353734	0.7064022209109414	0.5617011740618927	0.2268693158614091	0.8749132508575947	-34.94220529420993
5790000	2.9733012075779146	2.989399759592037	0.8825492858017523	0.5673876119358126	0.2692940862941172	0.9739743917808833	-31.178110686651756
5795000	3.458968751631294	4.184169981382896	0.7334431109743896	0.6113763194058401	0.24437114325128148	0.8672333772267578	-30.49161510290831
5800000	3.0157606838419206	3.1543746100569128	0.7281237747987891	0.4487665172057171	0.4176444014441916	0.7281386044921034	-29.130203486969823
5805000	3.052279088270583	3.6029494568649603	0.7970560153393318	0.7093091342897632	0.3208615771805446	0.9575390379158865	-24.3069072858128
5810000	3.907908889516929	5.769561151099913	0.7835151287660957	0.4738333589795405	0.4131717459069198	0.842671899580076	-45.386307161214546
5815000	2.90821546461465	2.9166113561436235	0.7335740427533384	0.7457599626114847	0.28247136039143556	0.9460209831099748	-23.265879002801547
5820000	3.2563089407046366	3.9007244527779927	0.782846811570215	0.4692359045315153	0.44147793505918903	0.8402425832690851	-43.78550848371129
5825000	3.1508186338166904	3.9472043729625765	0.8146905924710859	0.6236896765205834	0.21128576350795603	0.9937895766795048	-33.23677831253599
5830000	3.463746240349507	4.8699388594937085	0.8166739428814361	0.5798655307807454	0.26909563527586644	0.806331729590366	-29.17589451895098
5835000	3.237525985541013	3.4395945850042735	0.841431407942488	0.5455747970364748	0.2953905062317036	0.9517565410057367	-36.57881949031205
5840000	3.3419788387043483	5.680880226466646	0.7537131864672557	0.6574825261654317	0.2271750060048645	0.9614983001519446	-39.32635474996008
5845000	4.251401016423043	4.908419796260064	0.7359555986202118	0.6438150980885259	0.2431165468879228	0.8944236064251673	-35.62744935090153
5850000	2.991503627844223	5.296215759439988	0.7927528577678659	0.5742577168517484	0.2855297271451348	0.8984990268580706	-37.76934790621383
5855000	3.063104667754797	3.706491937316057	0.731081886951575	0.7083258351519542	0.23420235822065275	0.8896995590794455	-26.0254379086891
5860000	3.1991429347928158	3.2879597262309117	0.7721916433518743	0.5945015966974055	0.21491278456790036	0.7969549706776062	-29.637398309930713
5865000	3.2719950301701095	3.9323825692329377	0.7684120949749313	0.47201425789092044	0.32831186239281185	0.8705688579714871	-30.938820830711528
5870000	4.84047959891823	6.421477348469154	0.7726660138670253	0.4580944308361502	0.25288522418524245	0.9117097256722965	-46.65256069711299
5875000	3.423993014192505	3.5011065135549213	0.7656466769242107	0.4128181021029673	0.41060273202321507	0.814576190582768	-39.44346767353067
5880000	3.0161591313540344	3.2091773596418003	0.7897910722589161	0.608849846726549	0.304749857479986	0.9074377740269749	-24.164996213568
5885000	3.671317284564044	3.7135686671866663	0.8033117817127727	0.601624171316634	0.20761264722231618	0.8815507783577085	-29.53481826165149
5890000	3.2548667409152814	3.3288865542704285	0.8543927168832781	0.5225282249680347	0.38898395362566973	0.763625114620825	-30.882054467231917
5895000	3.0643445223056127	3.579071041127325	0.8832385988934868	0.6383156952850694	0.20309055375789045	0.7808308862088496	-33.4781816586284
5900000	2.9319738119126724	3.8228800227778206	0.8168344955167479	0.5204952861807745	0.3035892253021819	0.7208350748711471	-29.75411597598765
5905000	4.164590463193963	4.227879235410523	0.7004426028649507	0.5788155515809836	0.3298272840168092	0.9793253471539263	-34.49821294462099
5910000	3.1069633688104186	3.278613521766594	0.867156286658742	0.7235116080636919	0.3225116321635371	0.7111826384346491	-17.879860329341803
5915000	3.021624321187014	3.9469150024652278	0.7269615279370303	0.5926151318233155	0.31656357643161404	0.9232816115463154	-35.20050572357943
5920000	3.3949156833487035	3.9358800432951195	0.8046233359287293	0.4472163810870867	0.26149029038098703	0.9142966296849568	-37.481488907060815
5925000	3.3334605774905635	3.9955262046708033	0.8089745995453925	0.7051978727107266	0.2025761324583098	0.7687075353291962	-31.054667231360646
5930000	3.122208968511118	3.4941231289797843	0.719333519642491	0.5556151941217732	0.2493521508653711	0.9079203590855823	-33.889859411360874
5935000	3.428264866361062	3.810093924469704	0.8452251501259695	0.5695153183799261	0.25708057562009634	0.9278171908405082	-37.337860265239165
5940000	3.079185871864759	3.4283487580259675	0.7053725198941969	0.6143887838135281	0.2480210679253026	0.9884532311598306	-29.445260416692054
5945000	3.2722833422729045	3.275821581207434	0.8039486011032025	0.729777745225065	0.2000442615345754	0.7125452582255488	-20.046840517691084
5950000	3.44455961519797	4.636855131046899	0.8023694713484716	0.4679724413780982	0.2924893601967624	0.7789207577863423	-38.70362882904702
5955000	4.638326975884705	5.576778478393403	0.8823509137661801	0.7036747209904006	0.2283705572837058	0.8685527527015993	-38.22915979699908
5960000	3.0577596092233765	3.311086191400988	0.7832179683243843	0.7292549913570827	0.2934234378157326	0.7526452268888781	-25.672534318310763
5965000	4.122633321740112	4.50637825622418	0.7053481682018389	0.4327260859023646	0.36661489913038575	0.8500823354744296	-43.28707440219357
5970000	4.157396573111719	4.169415100010383	0.7818381232999829	0.47832730367637	0.25806720350573353	0.8288739939796629	-43.50608121954558
5975000	3.1832030128032893	3.3263697632799945	0.7086581978544079	0.7359790305333817	0.21285222417872146	0.8207879344306646	-28.355150709781523
5980000	3.4472006287250836	3.6747281941853287	0.7965551996608858	0.6248820189070974	0.3083803257012956	0.7768804172555878	-31.863186413240435
5985000	3.586861054403901	4.861487946353945	0.7177741971335443	0.5582207729364116	0.25418783894158586	0.7968270448772647	-38.725513804945756
5990000	3.4071205718117477	3.506616656752851	0.8334610905714341	0.5559436832859482	0.27403375167233335	0.7561483866879332	-33.86406261389145
5995000	3.14246313604493	3.6371096236892035	0.7209939502027503	0.5563861571308996	0.2418257159841267	0.7268405832926753	-34.45495015005642
6000000	3.0051183762704756	3.507619702831387	0.7337058002295574	0.744531406466855	0.2011640903179139	0.9446084622348986	-34.4030682642425
6005000	2.90821546461465	3.286008924537531	0.8229532571462003	0.693922500197815	0.25427583711374924	0.965976550950128	-23.167036755483892
6010000	3.0528856883369246	3.1898832342053205	0.8785586270674943	0.4733638864857605	0.3003672990148906	0.8241254498002525	-31.542239508038193
6015000	3.2288472532978068	3.4494374979151115	0.7500334742260193	0.7923396289038331	0.24494251895872443	0.997913386921809	-16.545008113163732
6020000	3.0963059374978683	3.1969186748909206	0.8042538701680837	0.41525929000765266	0.46537211485372687	0.841824862425159	-34.23371561264303
6025000	3.204545795007157	3.5180822265804155	0.7049229574605735	0.6597163282241751	0.22489982149089657	0.9394981336710743	-25.328237740232243
6030000	3.619215636702043	4.031421155443252	0.8555687644713329	0.614046346738146	0.21330766216646296	0.9043787585907944	-31.515576125428026
6035000	3.25141308478061	3.771393632786016	0.8311443924453453	0.5358180056742473	0.22609031018907386	0.9094758664194136	-32.46272992683515
6040000	3.2730188265040363	3.590087895384335	0.7248588080129414	0.6994645986966291	0.23772250288435318	0.7719073071345938	-23.287398046922988
6045000	3.2456752745299173	4.39369627057426	0.8915994846373175	0.4911351023270532	0.39054409387587596	0.9125043659183943	-33.21400498352369
6050000	4.376839822859386	5.39703048130488	0.7613711533518683	0.6015707838857174	0.2231959498195941	0.7015249772312476	-35.99594219179617
6055000	3.0703673041622683	3.469955856201917	0.8963761518062826	0.46847162646580964	0.33836897588923714	0.9943632544613654	-31.38136514857358
6060000	3.4706247032685007	3.475452812152487	0.8149597080599751	0.5294986557487478	0.2775453591345485	0.7581837259180365	-33.092736174025
6065000	2.9672490417121176	3.2601883353659447	0.8000791413500986	0.5136532246736979	0.375796317509961	0.8983792275567907	-31.41217099484232
6070000	3.4511245027209894	4.955047285600676	0.8658476443377486	0.45688464423912595	0.36900095710083475	0.7608921748126142	-39.49772038987275
6075000	4.083407678264379	4.2985308299074925	0.722593145913311	0.5075780196144011	0.3827277983685098	0.9679017909071104	-39.19167782944457
6080000	4.194553557799436	4.45944367579333	0.7400966857235495	0.47887114078354376	0.2950935827030175	0.826264186691472	-39.151745529351494
6085000	3.118202596817773	3.145538685088269	0.8636962402619909	0.7185574988790546	0.20059071915810578	0.8758213860112039	-24.600224309865354
6090000	4.321283657678217	4.325352922700155	0.781661962757941	0.5181042887298357	0.2178716672749522	0.7709213429866771	-37.274482254924266
6095000	3.070898222560411	3.1160636461245605	0.7986490561973525	0.5751685739775059	0.21969565561504584	0.934746556797922	-24.020157370332775
6100000	3.354983357794837	3.9918691707550367	0.700097565242636	0.6135007837454283	0.26827832476505714	0.7707982828546033	-31.28981793068636
6105000	3.4497471578205263	3.5622144832903397	0.7360246945404542	0.6291049241427157	0.24948805660921133	0.8995958386607996	-27.846605448734195
6110000	3.537083083417223	3.8300941585675328	0.7499585628221297	0.6182118506528845	0.26032477606998017	0.7721558320225639	-26.584671026269785
6115000	2.957724911964538	3.931948247144004	0.7214748878232726	0.7130639725681998	0.26874696905371614	0.8925805018315857	-26.79200023373149
6120000	3.090039500807049	3.3741422074130623	0.7872335442337796	0.6385182295671359	0.28415898653969507	0.8882895741781364	-25.416970544590505
6125000	2.9606688089836326	3.19659258566319	0.7034908237571834	0.5817372371661824	0.24239607715769548	0.7451069543689245	-27.276234653588862
6130000	4.853623912745336	5.288522939499184	0.7060676818167535	0.5813677567118618	0.22524977031128074	0.8841485897126934	-39.65450408033463
6135000	3.9985174959909235	4.261161599572022	0.7407558123854012	0.5587230611253382	0.27994075292496606	0.917355698401973	-39.595011624474395
6140000	3.3842602159319775	3.6533538972809607	0.7050093973412558	0.4767038347925266	0.36017570511963654	0.8268926384802452	-36.44099227070621
6145000	3.126369627468317	4.087601902863401	0.7669744876044527	0.6401900725192357	0.2113380327877774	0.7440019714954897	-34.174028793754964
6150000	4.456895760570986	4.466916341766578	0.849342613792236	0.5394171610663399	0.2411458366884798	0.7448701541219922	-35.68479737551307
6155000	3.24993238315664	3.277628359708184	0.7962168498211073	0.6323663995694163	0.22161412633157562	0.9844789948753262	-29.830614214819505
6160000	3.006171065398001	3.4100058073213657	0.7170427844808354	0.5273522790248252	0.36392327887511794	0.8622197892928457	-34.38945854429446
6165000	3.922001326393897	4.479115840210754	0.7386015060489045	0.43934353732719306	0.386590359605738	0.9740183618438133	-42.06809217361297
6170000	3.3755029859377372	3.542794594028256	0.7106877054994573	0.699187555680422	0.35778961444689394	0.9549373375678857	-20.830976242070864
6175000	3.634828309164891	4.071039423640233	0.8557051437276288	0.49519772683418106	0.32347267242584116	0.7936885035509167	-37.19102118230318
6180000	3.1689626419984145	4.21369834738664	0.7608135396028874	0.47094182439566334	0.4612190697344927	0.8368953257153304	-36.82392277245796
6185000	3.356402821863116	5.103865878902098	0.7322846251966268	0.4493299602385833	0.230042112111819	0.787901464980507	-40.36779665989759
6190000	3.420435231065293	4.550178146768321	0.7631928659022102	0.6169542773072489	0.2092947244596082	0.8508389390511065	-27.438658322141436
6195000	3.1995334105452753	3.480252297813783	0.8306409747576103	0.7184769970113883	0.2007183391009284	0.9157889936499011	-17.386560501399202
6200000	3.2352574236951197	3.539776990516631	0.7043385229103601	0.6941900603140456	0.2299649618401704	0.9913458423548643	-26.962177675529805
6205000	3.606359944560808	4.0446819914315855	0.767214318413227	0.4584549533552009	0.28776236731770183	0.863439282084658	-42.72812617062715
6210000	2.9196821229928482	3.183746756955405	0.8127213368131189	0.6323249977983687	0.23160060797163481	0.9994094610419059	-23.62522815294068
6215000	3.766292720392789	4.329730178606522	0.8108791923131766	0.4428653166922141	0.25796489446424475	0.9512765380145559	-41.784772250179515
6220000	3.2495208664958586	3.50472336083465	0.8715971436623778	0.5066317421287871	0.4056938649567977	0.8787245338633125	-36.43222942976108
6225000	2.9595257775007777	3.858529164036255	0.7472147168873118	0.630882461624356	0.26060918267970057	0.9944141250909473	-29.19165985979348
6230000	3.014835278042389	3.197316151919901	0.7302316085787385	0.506361903609814	0.39198638869379704	0.7306919501353908	-29.939424690852732
6235000	3.18829657317571	5.895289271943915	0.8079353422871645	0.5855764038862422	0.2531188522668088	0.827572310742183	-36.95550641015981
6240000	3.0415299273027174	3.0429210318070448	0.7664739595132201	0.7150645209425887	0.29574957604858293	0.9192915354563628	-22.688291511547963
6245000	3.1535692725481805	3.528209090302469	0.8465806300789285	0.5322799633621715	0.279474776181251	0.911104326569161	-36.962582812540816
6250000	2.9574073816625717	3.0974276682361714	0.7987751584954842	0.7204750219280678	0.2682574972000344	0.8786006439678032	-32.72494215963218
6255000	3.365521645517309	3.408859201328951	0.8068201938351837	0.7002114518623618	0.20185375000573724	0.9163289656487245	-28.036948194327564
6260000	3.5125519095441007	3.520023653347994	0.8393778091667571	0.5568253591814841	0.21489252490178695	0.713925399763647	-37.05022903939544
6265000	3.183615325933177	3.8341362792668163	0.7072601469086254	0.4321767312771474	0.21093599173279487	0.7840277724313631	-42.29317908286228
6270000	3.838940338965882	4.427648697413681	0.766258488989122	0.5580957925858099	0.2046665515776962	0.7800416244271329	-33.13765402384669
6275000	2.9734778456560766	3.088514179573225	0.7419749750500574	0.7944122099906724	0.2089701659017679	0.7910601710274195	-12.740384874606242
6280000	3.543009894085438	4.005724480734151	0.7259961915205368	0.6237184650141611	0.2633842732385994	0.9128957137125077	-29.91366548876269
6285000	3.5866860811158636	3.7079779094783247	0.8390351174737396	0.6611666327891796	0.20232405135630266	0.7774747547338062	-41.58086002566695
6290000	3.2931947955117695	4.134337703549674	0.7720360133842794	0.5840644307760177	0.2202613596419014	0.7101942538377105	-37.19698457817409
6295000	3.9648989274909745	4.69561300377975	0.7941786936473705	0.5329957759292676	0.218890667259557	0.9313941059723791	-33.55911734485
6300000	3.434753967035727	4.257432734194652	0.8368701136128489	0.6185981530383673	0.21079239163481625	0.9948384609306652	-30.844797275540223
6305000	3.0142515738307445	3.950526984723447	0.7243837991951662	0.6806508814110533	0.35019382092658174	0.9562369713125428	-29.91488884068164
6310000	3.6409078829567756	3.824459235003843	0.7841074851948516	0.4257074887937524	0.2974465219686923	0.9825371079610958	-43.34822650041499
6315000	3.20702595947528	3.5042446784148504	0.8520670926094078	0.5511858557285925	0.20141864682135283	0.9432628720266983	-31.80518534901043
6320000	3.212243755154997	3.6443183925624725	0.8157158650566076	0.6895182454297151	0.20465147422655403	0.9291213319119733	-22.193674296260895
6325000	3.6786295577791988	3.8846447403178246	0.7511502778013406	0.34152311340665453	0.37064705706069706	0.7484448435670008	-46.29058755184113
6330000	3.650247238871442	4.406195775877783	0.7464891059469785	0.5707717207986139	0.2575929248573834	0.9119567431012274	-37.793609242436744
6335000	3.517267698611561	4.246870010465069	0.7520116804660805	0.6425843388157333	0.24417026678753037	0.9185699975838206	-29.146131439372656
6340000	3.087228323033908	3.134998013367403	0.7098483172778715	0.5759978765206745	0.36194609016270285	0.8591289868975248	-21.841400427249642
6345000	3.7589710771658362	3.9481730377215984	0.7726985356987867	0.5794498720235631	0.2505316815352737	0.9276974737355728	-38.333401521174814
6350000	2.917910146813117	3.207614370854166	0.8506992272943976	0.468460914481514	0.344407155351762	0.9316450418420387	-33.36779439520867
6355000	3.381081104359435	3.6240279563351803	0.7571916826973193	0.6113394257603421	0.2215523183656887	0.9572384044154358	-32.968785439634715
6360000	4.213146075196223	4.6309237853430485	0.7487195940180623	0.6136522887162318	0.21771343219319833	0.9492638343053352	-41.19291614995101
6365000	3.2490876879991792	3.281189993806737	0.7279991067705791	0.6746462194861405	0.34618892453167666	0.9019404734990332	-22.19932616153043
6370000	3.20806963276282	3.330609579759843	0.8012882194085815	0.5323745751022438	0.3360103070272076	0.8223280693941486	-30.579457856012073
6375000	3.548153404838943	3.910336929803286	0.7597605398967585	0.5454698498272099	0.2001612717213587	0.9970800867020729	-31.15612079215034
6380000	3.4318462027217205	4.434171228802249	0.7004747695154401	0.4791642308643868	0.23766347446576758	0.8451790747553158	-40.17051147138966
6385000	3.3910098470266163	3.6077869100713067	0.7755877165428947	0.6604452434931058	0.20098283299062134	0.8878898942246028	-28.589064679615117
6390000	3.086291461020109	4.624766299390418	0.7506545311366848	0.5728232994086222	0.22927382703882251	0.8585103337001305	-31.551972051813372
6395000	3.3083438590699794	3.619673442230454	0.7799887274051872	0.5996391253990213	0.23357510026608444	0.7268629618396305	-29.68895236503919
6400000	4.557597284052567	4.778140539473194	0.7744763230310439	0.49285254718238025	0.28236101145013	0.8023878710590066	-42.666647504680846
6405000	2.90821546461465	3.2607568826887943	0.766448165461372	0.7837843920397081	0.20588618599545275	0.8826318124417207	-14.799374578739997
6410000	3.013328806744646	4.006065852310544	0.8156472397826913	0.6313107205008422	0.3312386863139264	0.9654457860314508	-28.527372423377965
6415000	3.1051547938311295	3.692299637326735	0.8249060375734252	0.6818726272873047	0.23546880553248267	0.939411747109778	-25.047370642794093
6420000	3.0177179921374937	3.178880470414339	0.8874454708141228	0.6847008338067614	0.21531357002585624	0.8893108563288928	-23.528616535404044
6425000	3.628555802193047	3.7658903245048867	0.7976169722494306	0.6036181617234178	0.2413369455388617	0.7262924717990342	-28.932815498444196
6430000	3.031623281296588	7.942677050508707	0.7242498655098805	0.5213080679431713	0.2979104336486191	0.7180879629257311	-36.25881431529807
6435000	3.5685612921782774	3.6252471219969604	0.7026227892096742	0.68656660249412	0.23189933103023416	0.9269977541723875	-19.52565331660918
6440000	3.9822791711958434	4.1450292484779965	0.7426811012166163	0.6004842612477037	0.28289307780072237	0.8173848239196764	-38.35095204837251
6445000	3.101642210301793	3.1344379455102303	0.7391995199965871	0.6999203067293641	0.2567087470048282	0.8686373601452552	-30.99103649773067
6450000	3.40871353877053	4.128905123435445	0.8122674188070652	0.60085244913179	0.2456854980892557	0.9035113788691701	-26.956922662702162
6455000	3.9160833198856086	4.31616348067598	0.8445301946895232	0.4505493940343351	0.3356909236560275	0.7027097826591939	-41.232084674269494
6460000	3.0702822045593394	4.916648680202284	0.760689285390393	0.6267420290690718	0.2472506741731616	0.8615477854307748	-32.21765756210308
6465000	3.838725635322822	5.232775633580774	0.7723843016488215	0.5313285792000348	0.2386669645632061	0.7655772297443215	-45.37734338404784
6470000	3.281577186443834	3.9219683530206773	0.7201747170789221	0.7278062814638816	0.23352217415773247	0.9983670782442624	-21.214674478684778
6475000	3.4149409273433684	3.8001092619903623	0.7069460704278322	0.6497345666774067	0.2953061645956935	0.8496535196289509	-29.717912003598652
6480000	3.729736433967993	4.182636565852627	0.7121162415355123	0.46793247876610555	0.2345431427547796	0.7252555247613157	-37.577914665002645
6485000	3.4218335014341332	3.553081816853388	0.7239901417431375	0.5966336740543007	0.23263360469661074	0.9576915706255643	-27.42521123688732
6490000	3.4142414318891547	4.820983775385242	0.881040436065708	0.49947634896743287	0.24768662594219693	0.957558550058135	-31.299790314334302
6495000	3.311912085791175	3.432035012159867	0.884465409755527	0.6373831208555855	0.25214121049810745	0.8420666464408201	-28.37964477999179
6500000	3.2564476748902287	3.5031081486459374	0.865339442983321	0.4926642502567063	0.22556662818025844	0.7281468813596411	-37.57070164816872
6505000	4.013240851748695	4.347027929457111	0.743580832699483	0.462894049601853	0.2357727283334079	0.9469398870231253	-34.39072727569425
6510000	2.90821546461465	4.00379717911299	0.8790036768025978	0.6909207528021187	0.2389796331870095	0.7111142329223179	-26.13883846820508
6515000	3.119142652622222	7.120948218655856	0.7605509440125032	0.4302817400032621	0.32589614248943377	0.9683572431748683	-39.75504899204764
6520000	2.938406421965488	2.9708868539645557	0.8796646443536397	0.7227148674574441	0.20976864054328936	0.7568150781359514	-21.492708422507405
6525000	3.1578448601883644	3.3842065672891612	0.8942182157652281	0.35796263912605547	0.3443639292589834	0.8428969600151172	-33.14277838449719
6530000	3.1379554821604527	3.6416154444982465	0.7327031385538464	0.53577739216388	0.2545017197621205	0.8831508468707228	-31.528752959254973
6535000	3.2871582629069374	4.879765661893708	0.8577247662410722	0.5892777725168256	0.2065285415558499	0.7324175190237961	-36.850016508442735
6540000	4.942485144993483	5.050481052591692	0.7121106428682537	0.37066202472562815	0.47709903422987027	0.7601011073791193	-47.66480886578899
6545000	3.5232075245431558	7.218992494193786	0.8096618147767046	0.5613059284810615	0.2733776748257544	0.8906393854443283	-42.79657108904336
6550000	3.699553173305978	4.314038595413009	0.7381039648393324	0.5601103205008484	0.2572043216656082	0.8925480851596052	-36.522533295819564
6555000	3.356661704162468	5.260988589288503	0.8011976059788407	0.5502496488412385	0.22407639620105171	0.8515069709723121	-37.604959045030014
6560000	3.3959970666892074	4.271304747871885	0.8382589889172289	0.4086762507018767	0.3234360767483652	0.7286884513982259	-37.747749820045016
6565000	3.0692288834860815	3.957789960180868	0.8818393848445971	0.5615477662269535	0.2535907191442352	0.8228681190375681	-30.216328458965187
6570000	4.077609364454729	4.325725826708383	0.7614338325071308	0.6097328319076811	0.29430785285637096	0.7653792397375653	-35.27045786285496
6575000	3.4973630196408774	3.5258870067078885	0.7765090495898735	0.6472038855463305	0.22981802267448864	0.8075015674880823	-25.828531380377232
6580000	4.660006911261347	8.16550484488844	0.7452473125812993	0.5161062035939104	0.2983717871878425	0.8848667287576579	-49.54749306345805
6585000	3.740728569046917	5.231757182614882	0.8841854411999203	0.518146776647828	0.25248312361220154	0.9937371390501636	-39.84164120807994
6590000	3.75358749920328	4.041864547997814	0.8653724046274567	0.5413389793564446	0.2620440063125344	0.7326916760194673	-38.91169610448344
6595000	2.9589230051046775	3.25818547803662	0.7661513218676466	0.5953530527044126	0.3049167786322214	0.7228330569838822	-32.38799510952928
6600000	3.3831925565519376	3.588966454438432	0.7390670526133855	0.5364085877381456	0.21315209039702648	0.9358008284604592	-38.54270577525064
6605000	3.102893319123286	3.3517469309141177	0.710940143109956	0.7018327354741801	0.2218752140458868	0.8120585407908698	-38.82276887680258
6610000	3.835919394613006	4.531731056861789	0.8617916801603976	0.5778953230394669	0.3400258528317136	0.9562451072138348	-31.301838105933612
6615000	3.5226530303868464	3.9083344251043064	0.8436719382789971	0.6326309044366816	0.3293279053154659	0.854489129616552	-34.6638641708992
6620000	3.6986760209208245	4.627445747672118	0.8905173319831948	0.5073482804683872	0.267275436783386	0.8263454108800476	-32.01807325635564
6625000	3.1846320576110942	3.6999117863939115	0.8454041343202526	0.4762624068841338	0.41201503519398375	0.7759751721415884	-37.73349003909034
6630000	3.219218152121426	3.569695428191824	0.7899302370024346	0.6762498185975234	0.24358137729266233	0.7832720163085899	-28.455129340387916
6635000	3.1775551739454175	3.4416332524651625	0.7544134777332312	0.5493102436085874	0.3018760329035175	0.7125668920118379	-34.384653243265845
6640000	2.9669269396952127	3.933474973804166	0.7405480015912579	0.5605698318734945	0.2470339504762505	0.7437820981372961	-33.234332748985885
6645000	3.9472564547103044	4.194953085752118	0.8016277705855147	0.6301360603296675	0.20864543022249696	0.9275800676560224	-32.773259439413685
6650000	3.792893196870316	3.8980871417026064	0.7955945882831656	0.6212920063118235	0.20290882837598348	0.7763715030624093	-35.15630436417146
6655000	3.0853358206103003	3.2083167126936782	0.8275059517885155	0.7526095324828478	0.21712347247182934	0.7039737158140347	-21.842546186140677
6660000	3.296732356190865	3.3039843594893026	0.8221776932769923	0.5138835296544206	0.3119958995723213	0.7607853049820978	-36.58495135506645
6665000	3.153770576424124	4.108072364559105	0.7783981101174968	0.7289339056777301	0.25894726635451387	0.7432921570874373	-32.61076380521206
6670000	2.934748761403356	4.4229650397613645	0.7510619564938369	0.7473449171545634	0.22867733050265057	0.9026599956098721	-30.252978899102168
6675000	3.143409290834606	3.2555195182958094	0.8356462864806933	0.57646765876496	0.23992702266148036	0.9929892373448249	-32.29530246396214
6680000	3.530264803896819	4.286656232559696	0.7472143403572638	0.5580200999946172	0.24076754003789705	0.9951899045931787	-36.44860827895758
6685000	3.553860503136861	4.758150275911323	0.8944926083743547	0.6103422193545825	0.28470546628412285	0.875219569619809	-30.288995418987522
6690000	3.4002200351388323	4.135567628779198	0.7132522794090308	0.5909139480637896	0.40646711209514236	0.9172417860123365	-32.91652997450205
6695000	3.3635052677388866	3.7107034531827794	0.7252642498679499	0.7037050715445713	0.2380885596585707	0.8275579233302376	-28.37205712518389
6700000	3.0308914292143325	3.778014598638448	0.8471712880558814	0.5785482832115919	0.30904369981980206	0.7783389526071468	-33.24818838568403
6705000	3.5885121342800614	4.8862674031275075	0.8437669707734804	0.3191331332156157	0.40669601590853716	0.8754611063865771	-39.992567167622944
6710000	3.664279179973079	3.6714850622500297	0.7425120587545764	0.4718881626488347	0.22912921350864088	0.775421960101197	-40.991286098979835
6715000	4.0310670358845	5.160620035522855	0.833889918603883	0.6216455097167661	0.2341630492310775	0.9958307434426688	-41.29306581017413
6720000	2.90821546461465	4.0661351115403885	0.790899332585885	0.5086358386462754	0.3126709427361528	0.7535925992376964	-34.58090959239536
6725000	3.437829746120182	3.645123659971843	0.7677041001073766	0.6508963513628204	0.270268781295149	0.9814102320991398	-30.248644627001212
6730000	3.1296531420625477	3.3375825350737225	0.8583729397361933	0.4720000910136532	0.5547281617996568	0.8171077073952172	-31.785455912889113
6735000	4.582384835952988	6.164112225813362	0.8082236890219708	0.5800079359944442	0.24639660737233826	0.7767379624939018	-34.39404148879227
6740000	3.5696405041784796	4.308633167883148	0.8037280459336116	0.6183893409026352	0.26802441278126804	0.8949240496391637	-30.716009135357456
6745000	3.2809158545385193	3.54212439591864	0.741245169282984	0.46811420243097107	0.2521213069264293	0.7236103044073463	-37.70859179748571
6750000	3.7898489877230497	4.610663264601024	0.7828522418607257	0.5172661109155348	0.20639839505798468	0.9033953389970206	-41.48958102688178
6755000	2.9801477477334637	3.1046979046851866	0.7742315998420324	0.538565048959716	0.20384021276074088	0.8957392587484536	-33.617400399370084
6760000	3.4034794586654127	3.6931248380877	0.7657105884992356	0.5294187135293125	0.2558761471030119	0.7583344595012378	-33.25669465815203
6765000	3.0723863440197943	4.391396214770452	0.7998830618372688	0.5410504119196278	0.2756177201377816	0.8693743329579313	-34.43446570133304
6770000	3.040313406043858	3.8254602526189916	0.8053797144077649	0.7268608922052281	0.23234841466159936	0.9224381584974316	-27.595321980783403
6775000	3.158522905122725	3.5685343119929454	0.7930781600229295	0.5609203622884593	0.2509445313043839	0.7578860398973503	-31.155269885313125
6780000	3.117816131128739	3.707591636666713	0.86726715075431	0.5757360376353612	0.31649959852759707	0.8154001335914234	-36.313600114883876
6785000	3.4262992376044967	3.4522001981752344	0.7835152367458624	0.5381019106127036	0.2985561243321821	0.7707832794578057	-31.25912392409718
6790000	3.3819440488318993	4.016031019225635	0.858402818152407	0.5983018061371076	0.2572592866028047	0.8498720911007605	-43.99998605623351
6795000	3.264624593215775	3.9450006571270646	0.7423417574157247	0.6853201111805527	0.22245126773370666	0.8549805312819688	-29.584354276510926
6800000	3.111185441866052	3.178679645777992	0.8911738009314945	0.5343293971742085	0.5003112552830684	0.9639813493384568	-26.50771774474495
6805000	3.3556145197197558	4.305514763634423	0.8521135754081095	0.6162991307567314	0.20438378903427978	0.9829987830055228	-42.42544674847519
6810000	3.2773812512583254	3.522180177311778	0.7490445362474778	0.6940617100772399	0.255726460061432	0.9885062044932006	-19.753529295063682
6815000	3.4251293646164576	3.4287861330864833	0.7468187047286846	0.5404803254692708	0.22743855470101548	0.7050919722053237	-35.95387703295406
6820000	3.3834500729644392	3.4282920563643855	0.7900900131974469	0.6197105506828564	0.22660638844545353	0.9106083130316823	-26.876784358441608
6825000	3.0082421732110833	4.413916569946083	0.7373412563135359	0.5392978235969909	0.313750315135911	0.7312579395637558	-36.35920916419763
6830000	4.0394293874251	6.519056359076393	0.7673719889133932	0.5525494879859243	0.23616775779085047	0.8256758977926941	-37.1266434019148
6835000	3.2566701183418174	3.611791136301978	0.7739164557546118	0.5904201611329158	0.24413959461347118	0.8077287560041808	-26.691515867573113
6840000	2.90821546461465	3.3019711727366925	0.8449418327177264	0.6075587042922648	0.21332035709543823	0.8392703619253761	-35.15680914972882
6845000	3.6478998729143526	3.9952159447336695	0.7717524742725761	0.5970622823716636	0.25346081393019904	0.9892224386527623	-28.238908046392655
6850000	3.3239939243147103	3.4182733349210355	0.8571618758434315	0.6099993423999766	0.3261078847794204	0.9089977260689857	-28.057751447347066
6855000	3.064532414865672	3.096479103814969	0.8558819407311992	0.6159669259198463	0.21822276237178825	0.9435974662364515	-34.15317924581447
6860000	3.7660889627790346	4.595146555035543	0.701845205338433	0.5246865868811531	0.24812531540239008	0.8402011592626717	-41.552014759251854
6865000	3.8595456428501422	4.14853492935976	0.7298988638269015	0.6831568189208963	0.22651219396392366	0.8571110440721099	-46.18488398705722
6870000	4.3424835142503015	4.724918433125353	0.8332727355900583	0.5340593586281475	0.2536420206205792	0.8798098177289854	-37.921119452806295
6875000	2.946230368872318	3.4108007435930014	0.8198893320843376	0.5482992482778744	0.41106633823201216	0.9680781780909373	-32.783403793456706
6880000	2.9600857261090945	3.0564176886338617	0.891115941645605	0.7370335267275804	0.2185846153416484	0.7782825327113115	-18.494634480406
6885000	3.0187204894012662	3.040394162586156	0.7187420094325827	0.6962786148539822	0.33927045250551174	0.9736408854915192	-22.049354364822864
6890000	3.637375193166266	4.273690917214184	0.7585633708219198	0.6055213186590827	0.21587104283240696	0.8097070241675858	-40.42526667270046
6895000	3.198781238629489	3.742073214341199	0.8790703733387801	0.4352864287380188	0.3180059372322023	0.7334878447054678	-35.142352802104675
6900000	4.421450695084843	5.445498993811682	0.7625573949467098	0.5193290897620275	0.2942190630622422	0.7595962917208237	-38.79037440896121
6905000	3.382512210099304	5.185965250682704	0.8976690403592862	0.5333403985076258	0.23069849574025503	0.9535727510486082	-40.49955666385081
6910000	3.025550394116228	3.2912782744782128	0.8196110509457744	0.5872617079005996	0.31551760247424276	0.9646463857433794	-29.180653101399418
6915000	3.582153229181396	3.877701223427673	0.705694588683714	0.669805418943468	0.2191742857517453	0.7499676262214452	-25.815526111703782
6920000	4.04300901700047	4.222796306167044	0.7155138923196573	0.6484439706612766	0.22521135581950258	0.7220228618468301	-29.814777811566337
6925000	3.2452604103964116	4.20337993305653	0.8261171275292418	0.6745376900560096	0.2568160867078351	0.9140771983218191	-27.78084333034692
6930000	3.389897431473099	3.5141745467018146	0.8843419992535607	0.7107455314975296	0.2503177968009308	0.9539238728884699	-17.511137701907124
6935000	3.2252229506688392	4.0766069729047	0.7169198187658653	0.5958533893767903	0.25321082922519605	0.8377133569332297	-35.427126041737914
6940000	2.90821546461465	3.7508640555683535	0.8468865477667156	0.390975050065094	0.4421366996068862	0.8653763614171	-36.998863638544904
6945000	3.0180850024874646	3.3063180552532203	0.8780139688863531	0.7110699964259867	0.29568599928603145	0.8000612727743704	-28.163957966920684
6950000	3.3110347114649565	3.4666969220200667	0.7536739519618542	0.4531122315204108	0.4877510726575327	0.8111926316282029	-42.7691031559861
6955000	3.0776343406400044	3.1715462937974017	0.8999689932001665	0.7608084115657061	0.20714866625660242	0.7055165521097227	-17.10390197179705
6960000	3.8406445076672844	4.140396602608884	0.7870125509169447	0.5216354741843556	0.21227791802812757	0.7661517823874334	-32.887439701420064
6965000	2.90821546461465	3.3434661533939765	0.8076067835343222	0.5118618769471283	0.21173464950766768	0.7412470600105964	-40.6702860663398
6970000	3.5217484778389516	3.73709053860229	0.8036550853258401	0.7048678287858415	0.2057528519425218	0.7262229034719048	-25.23570132318316
6975000	3.137857919934349	4.002666334720574	0.8345316292276468	0.41660259879444417	0.40063037472413127	0.7066882289186445	-39.421784663735835
6980000	3.6319609473337087	4.71067321260186	0.7592766339504086	0.5530126178377905	0.24308647949273082	0.9091294651438538	-34.287025703563565
6985000	3.3298019599445934	3.366344238593956	0.8420839312458174	0.7149602299241812	0.24052601446682495	0.8023120490774083	-22.216183491268634
6990000	3.4717497018614987	3.89799441918895	0.783139391256663	0.523883883899685	0.26395116206071007	0.7800521056228386	-31.231686154802816
6995000	3.468259206517336	4.712254619497118	0.8859819109842043	0.5811790573434991	0.35533026489801256	0.979266706308118	-36.21958601856195
7000000	3.4863469927888326	3.9419015839796945	0.7354302614871039	0.663768005675144	0.3015734691939155	0.8272678049802861	-30.786161772043737
7005000	3.5507691098186425	3.7309636506693526	0.8912035593626113	0.4358997267598127	0.24756819825462223	0.8801641687647448	-36.43178619898265
7010000	3.1913409614800243	3.7943947125434834	0.8838320460700255	0.5464551577240098	0.211922769497981	0.7016132981216364	-36.62847518151895
7015000	3.236863564579218	4.746735751717973	0.799611855806124	0.5239729168875975	0.20099913333279149	0.8363361539025316	-39.0798510458817
7020000	4.522870491084485	5.180122383806178	0.8622889477721436	0.45999778706411637	0.3111297735180965	0.8574761753190591	-43.68242788277576
7025000	3.22482907697787	4.066778090247801	0.7874575168899451	0.6205426349924499	0.30036619876530685	0.8388087955498483	-31.740878946469103
7030000	3.9977087865800165	4.107940730557081	0.7219663888436815	0.5547885847041907	0.22054286094008646	0.8127633129766775	-40.645942548009124
7035000	3.1573309883772653	3.5367909081990967	0.8104209482607311	0.47342971831385994	0.39158968991922727	0.9410491120995992	-34.165873708500186
7040000	3.776504864671869	4.200001436852019	0.7905013263992322	0.6221269956272132	0.20743199885207125	0.894115577143786	-28.51923069839427
7045000	3.822100063332796	4.69766613534815	0.7578949630080464	0.5373634259190935	0.2866242310698578	0.9422507509515038	-40.31370490353918
7050000	3.5154799257601272	3.747271299227871	0.8732099374786572	0.6082001650570364	0.25265161197977387	0.7762515894377057	-27.696056321374122
7055000	3.190999274537115	4.229637005073082	0.708894012668125	0.6388122964639366	0.24851639034738493	0.9433043796098107	-39.913160063622904
7060000	3.057272175162639	3.9714165425720873	0.8969146961112686	0.5455136509274462	0.24215374554701766	0.8603015499540734	-38.0767456616154
7065000	3.74554057692244	3.946545517175458	0.721379647891344	0.6758986420685072	0.21825646714774324	0.8979817428293482	-34.32501593243124
7070000	3.3501012774570484	3.35192191818057	0.7664778400906198	0.6482493688324771	0.27368381556774735	0.9523830714532817	-25.215046656141638
7075000	3.1016012178323016	3.297575526969881	0.7853770772714757	0.6493931137745745	0.2672501094388171	0.9331233719917763	-21.57939992810198
7080000	3.354410667573794	3.3844348413369056	0.7021420553683831	0.646599435299456	0.24008490012243575	0.9453625102143439	-27.916483519775564
7085000	3.2808829168731237	3.6491516807063196	0.8068097664259719	0.6544113011487743	0.22610788273454246	0.7861811135576161	-30.00809857281901
7090000	3.7905785408337835	4.117994350783341	0.7107843415774767	0.5131501815461746	0.29478879862022284	0.7007890282491682	-45.64362590648546
7095000	3.282346582796553	3.331564067794205	0.8774532993414955	0.7123504084519781	0.2147664132664912	0.9951966471219893	-24.45371514697297
7100000	3.7939345978565306	4.602119395777856	0.8415066199228857	0.30683986588362383	0.29983964151256476	0.7155037281457128	-42.33639266197531
7105000	3.4099038871375167	3.9932135709135794	0.7429641489253145	0.5255901859366984	0.36158267902706887	0.9317642646216943	-34.962963374188895
7110000	3.9993091503678633	4.251165454963389	0.7692268135572902	0.5516453692872564	0.20078017329847678	0.8373611893855967	-33.89429090124878
7115000	3.025608875399051	3.455896303104933	0.8143423667814341	0.6937549926982836	0.3331101044956951	0.8746953518724262	-21.576439342394558
7120000	3.3105831674650372	3.363790456542896	0.8613597094727425	0.40422378864658554	0.4006458880752317	0.9534474609023481	-38.702349800715254
7125000	3.076589674131836	3.1607898395512026	0.7663260902736772	0.6702982405844696	0.3363071292538865	0.9789141815752554	-32.514680428963736
7130000	3.016202969163196	4.344372206051118	0.7780339276308295	0.574908248219219	0.2715285689821685	0.7583117498180952	-30.392271196285524
7135000	3.2692104464451575	4.526713950742756	0.7717939554795686	0.5887035592163258	0.35066843230727707	0.8328701470456766	-36.232142516394994
7140000	5.484289052261343	6.3865401295688695	0.799010135230273	0.28849174317980836	0.3149972854168694	0.7016416765307341	-54.69846202210588
7145000	3.5941354804212255	3.76217970936874	0.8814999972190134	0.6353165069138789	0.24043471435801253	0.8174210335837493	-30.419994372750576
7150000	4.044821864706522	4.44011722629392	0.7405153740498721	0.5936829762445471	0.3024939096617976	0.733008749510095	-45.421476017465295
7155000	3.4176573084179305	3.589375384716247	0.7487275066562722	0.5674122713815222	0.25984285580983013	0.8241239511707458	-33.67997712025021
7160000	3.3294280277510873	3.6712076185639355	0.8781975510282948	0.4294030594441487	0.43349392337579984	0.7191242477023917	-35.5641980343363
7165000	3.019262966561325	3.19710030841869	0.7196064270623121	0.7575245745484086	0.21305446619617374	0.8488892457529359	-24.366652326332964
7170000	3.471625345753294	3.9647884229505026	0.7711088656051931	0.6783021095278214	0.28519697562014623	0.7228629509806369	-31.16056770671218
7175000	3.7348523230510526	5.528074123853379	0.7268655608965928	0.5033975800679381	0.2724561611425164	0.9425122595681824	-41.67323853634782
7180000	3.0775134328146585	3.2598256701567396	0.8976079179964308	0.4180988503018912	0.24408932848646558	0.7857834708387688	-38.059278240273
7185000	3.103511239860709	3.3569851348826267	0.7984673788599301	0.5897569502646587	0.2929602033470049	0.9318046353863837	-31.766481197394008
7190000	2.944334818070964	4.402794499819285	0.7079725002197111	0.621062930789477	0.3064819198725737	0.9351363969359867	-32.04087523150889
7195000	3.34443332735287	4.028744050105832	0.7370328095806299	0.47644556942259314	0.24587064367784733	0.8145135223779096	-34.146108032798466
7200000	3.0463875165846566	3.753565497224589	0.8626357740352205	0.6263985063581038	0.2788861979968203	0.7798096723977169	-24.992384980599468
7205000	3.6358765918748386	5.180151411553282	0.7311952495672803	0.3807491120801565	0.3482565648274812	0.9232920904652987	-45.61382198181493
7210000	3.290027180741438	4.306540916756743	0.7494071189982712	0.6008891599247551	0.2145406966037103	0.893310362922171	-30.841278784644373
7215000	2.9930644950882743	3.2799728365396317	0.8136527320002884	0.7204269483178395	0.2231923976576953	0.9132404763235535	-24.079921197933867
7220000	3.408325706220225	3.533348154386737	0.8788513192870934	0.6530557518680012	0.21493375024508876	0.766658023447221	-31.177727546150955
7225000	3.132743373622464	3.893620637601896	0.7137937711748821	0.48960251148523154	0.36713361725852744	0.7494220921378306	-37.447723347996046
7230000	3.563738151442044	5.5974120876270685	0.7020775711266182	0.5617623858915687	0.2744364530439608	0.7246114479718881	-44.52942762669076
7235000	3.075573876973728	3.104690564621003	0.7286840483008015	0.6313776183349353	0.31754953479426073	0.9043303621628273	-24.371596459533333
7240000	3.0267282189450286	4.431031321064486	0.7173445192228257	0.615471768055932	0.27405344395620806	0.9398653994997125	-34.49322851555603
7245000	4.026456259834473	4.165827570856038	0.7105664466730285	0.6972980161508067	0.21507301045969207	0.8259039386290782	-35.131353113513526
7250000	3.0950666367100146	3.851842915934821	0.7096940745673372	0.7158390821022866	0.2111805966082021	0.8000078662547574	-31.82167158295281
7255000	3.944096160516989	4.576839234856342	0.790111400391695	0.5946019604259861	0.25557160203504187	0.8881392749789594	-42.53236020449946
7260000	3.9449273914744305	3.9968478326245513	0.8377569412794689	0.5070974993050004	0.325595039830605	0.9946009466338726	-33.063811630278664
7265000	3.17764052805289	3.8401930634334778	0.7413833364977458	0.6641886001012131	0.24339206922147066	0.8940947162794511	-27.066130425059146
7270000	4.400595095354465	4.521691955293386	0.7833573287961588	0.5602529565085647	0.36168082968472226	0.8369717115545077	-32.09943610796097
7275000	3.125221208810604	5.052206609277273	0.7573861061099835	0.7081455954231377	0.20736190272306596	0.9880872077811003	-24.49843419854118
7280000	3.19373330629699	3.218102385318676	0.7101970356555815	0.6092474489990435	0.24503456453983924	0.7122665311753551	-31.29630109108222
7285000	3.2467517295188117	3.4419833092065897	0.8482345083863081	0.3788055752108216	0.543765657705726	0.8716333242228343	-30.769343879206406
7290000	2.90821546461465	3.599764342630799	0.714159581822787	0.48053332500904783	0.4184888161789614	0.8948973391556931	-34.16499711133278
7295000	5.091724306968195	7.114598093631532	0.7724806939466204	0.45658085355057587	0.38221207858368383	0.841694077521831	-45.5881394624348
7300000	3.219084530959902	4.445046442049441	0.8215076306749421	0.48723806327643804	0.27885742348556597	0.7105115118717965	-38.22334290154673
7305000	3.1561977713275815	3.8189874813680937	0.8583909321674962	0.5101299920806819	0.20881986545798506	0.9861306419836114	-26.302307309728565
7310000	3.2847196019384532	4.638458397141871	0.7648627228090467	0.5633529290337769	0.28492890031905294	0.991183742989016	-29.66310038291063
7315000	4.190883283060404	4.72736338303118	0.8407996879405404	0.567100219065623	0.23029228670485252	0.7582801045365712	-37.26074497187173
7320000	5.064828791216395	5.2520600938461985	0.8031984635676331	0.3126103299203136	0.4588676227278637	0.765863187129429	-46.74498106548853
7325000	3.1338500869253862	3.1676638108753514	0.7732786417029506	0.6475434410438932	0.2010957112245244	0.8681071558983094	-23.584927843773023
7330000	3.8704775906662756	4.158714051993869	0.8081995244170754	0.664277519518405	0.23267221142198247	0.98159159749647	-32.171969427814396
7335000	3.01500244925207	4.296597649161964	0.8532896881290486	0.6434807316859316	0.22411099457321187	0.9459266844042218	-30.964119691696915
7340000	3.5687626827580097	3.6088203751315007	0.7792861248038028	0.4368251358289605	0.21952862241474297	0.7317717999605929	-39.769980339624844
7345000	2.90821546461465	3.249072711852167	0.7206217818348125	0.555528830295084	0.2192933069304446	0.7602494147874855	-38.915872248146634
7350000	3.0705316602246757	3.5679317727735747	0.7550449894753576	0.7457768773529815	0.25914047612768076	0.767711054391997	-22.366414386005943
7355000	4.42817439275953	4.660151585698526	0.8976675203418679	0.5664318821429893	0.22362134221694716	0.9169841965230346	-39.1727745875174
7360000	3.113977249012394	3.417912914656071	0.782860958670033	0.5883422409357051	0.20651643051134122	0.7247726656932051	-35.688483647125516
7365000	2.9591392400222905	6.735102695195143	0.8265339322784805	0.5281501079548278	0.2972678527509921	0.9120951193981719	-42.493176121772976
7370000	3.2604101616237284	4.347430813549361	0.8500709729922585	0.5869095926882736	0.2628134157982702	0.9106270906629217	-29.161402612146926
7375000	4.259471675984713	4.968847580822137	0.7000203362510754	0.6721457836811364	0.2841347439224652	0.8403014355063168	-35.698302986172095
7380000	2.920842183252501	3.093434588606817	0.8584436317348286	0.647425218501544	0.31160441600848054	0.8383071571866889	-30.229403366817316
7385000	2.90821546461465	3.1709297903630445	0.8180559898507678	0.4752997517168833	0.29225772258743316	0.9526295186900389	-30.416944709219084
7390000	3.214372692124549	4.044084721351874	0.7580996595885615	0.7064277437103168	0.209742782672314	0.9193891649134907	-31.598999462393664
7395000	3.518418549371632	3.8515730268256103	0.8281867709557769	0.3845974598192652	0.4907476198487598	0.8485063929548785	-42.28523149030879
7400000	3.4971128117457027	3.7504974303715617	0.740668519243401	0.6773237873453444	0.2608464831931272	0.837543842132632	-28.957908907395517
7405000	3.121137177226011	3.1333532855585524	0.8118500396543923	0.6771647692898886	0.24873192638871516	0.9934108013481672	-28.964720163816406
7410000	3.2356191120857067	3.4548635472069202	0.7794066430281108	0.6252764565874093	0.27464249574601685	0.8627538205922056	-31.112295747651416
7415000	3.1592227884427877	3.21736154780411	0.764996411768701	0.6830240153551181	0.4024198301307464	0.9472617332676724	-27.510533627770737
7420000	3.423344505078624	3.898816250622965	0.8685523662483831	0.5252903986190525	0.3026181203606978	0.9732285268619727	-33.74859113201561
7425000	3.0697196664684347	3.1203098740110704	0.8831600323052183	0.5381351094386518	0.25130129695905606	0.87879484910338	-30.5152346453601
7430000	3.177822382945849	3.3488584075123997	0.7812825425762842	0.6405476086500652	0.24397593666818893	0.9732959549019322	-23.766375708516655
7435000	2.9218115374240647	3.1387199970401913	0.8082407958079387	0.6469123807323534	0.4115083986002393	0.880986965308906	-29.018257564779535
7440000	3.058127946953518	3.3221799333956428	0.788279394138908	0.6121329783683014	0.335018324023777	0.8883123402548871	-31.280313078210128
7445000	4.388177980332673	4.433436347565294	0.8775279522258935	0.5651790391408716	0.2354179546633254	0.810499371261816	-36.113289064852715
7450000	3.8225861431361308	4.484395301038942	0.7545999792752737	0.5847565107120608	0.22955029719895442	0.9045176045631498	-36.55258426565583
7455000	4.114696199081905	4.485357346891797	0.8975278287307749	0.4144371420574944	0.32306401551581304	0.9995303617478789	-47.56399519271316
7460000	3.076944820883835	3.1200786551146615	0.770736315232914	0.7408734618822723	0.22080566883329822	0.8095580472364383	-27.140377859346568
7465000	3.712750267852273	4.079585390403533	0.7252095632497746	0.43843841551276413	0.3559835632839249	0.8153645783636237	-36.40807875282755
7470000	4.0375654788072435	6.894597128608636	0.846748228145779	0.6336635740048167	0.22925879791766837	0.7308406966999746	-33.5190246544856
7475000	3.242790151860928	3.4117632308580377	0.8701536184913707	0.3963146366635069	0.2479894402447836	0.8679175197472796	-34.80042098100902
7480000	3.349098186755144	4.0140113674589095	0.7726480598502116	0.5909192163022663	0.2709522047778186	0.7143365160667765	-37.802468671384126
7485000	3.344661079992762	4.868272447643005	0.8347870740147908	0.6207656066425693	0.22606029111958448	0.93439808183207	-36.004464085794346
7490000	3.0774169390483075	3.5895620614743287	0.892593253806373	0.4077264269496788	0.33703986854710893	0.8417005528431875	-37.43471165966229
7495000	2.9743774699489043	3.131225751792588	0.8607663921123888	0.6136832638293411	0.26435961118840595	0.7145700359589789	-26.29192883559825
7500000	3.5629121211780275	4.098498943602908	0.7639657865783471	0.5630908927505338	0.2653981692698271	0.7576276094034071	-36.969476461012
7505000	3.7707801625021755	4.33503581987458	0.7192113620839415	0.46178672201192056	0.32034883169537354	0.7617973963169384	-44.95997643937825
7510000	3.2696193176358777	4.302412013680853	0.747863585424869	0.658583990835256	0.20334384263509594	0.984239812886059	-27.053672117426967
7515000	3.0380957085284246	5.63150626709963	0.8130365736622983	0.5053636610911137	0.3885114129256461	0.8858805622359313	-33.296033271212536
7520000	3.073288049685919	3.399318805576468	0.7538896651875509	0.7036418242771599	0.23269047649333433	0.9044118718634658	-21.313733068283625
7525000	5.087278148034105	5.718048385863128	0.7357942693870063	0.2602211459304703	0.42026066961836306	0.8029727584416462	-48.164224381040825
7530000	3.5660500723601163	4.744680209639102	0.821970324541469	0.6318108897064216	0.23476826060219888	0.9764238703991723	-31.76781257515742
7535000	3.885590893119426	5.580726971446299	0.8612817909408672	0.5569892010354178	0.25410465175271124	0.8570965029065077	-38.286113378036134
7540000	3.4780497553312357	3.5387339119245818	0.7382694505130933	0.5046776836931863	0.22343838504006286	0.7177924247862794	-33.778154530239014
7545000	3.7612586471224647	4.916048808144772	0.7077340184351701	0.5048210525891527	0.2838479731871002	0.7435057597481597	-40.38227014897295
7550000	3.3757488875267985	4.056265064373537	0.7215137069597918	0.5720009048379122	0.24499618511065482	0.9248007617041515	-34.77218022063516
7555000	3.7646904785013775	4.092624679563708	0.8185444501004449	0.5445078679498486	0.24832155289587948	0.9650446598407265	-38.23728025981619
7560000	2.929934053177146	3.397963888656086	0.7116878798264464	0.7897856468734967	0.2618617731582731	0.771892154226698	-20.251426350983678
7565000	4.490371750559269	5.174177245057053	0.7644074210054838	0.557657248579484	0.23079367149102425	0.7555365793129503	-43.417432101861785
7570000	3.1481671191986416	3.7507649829487915	0.8666848002668979	0.49546206657290054	0.31378794252699427	0.7147219916958805	-30.521908571202292
7575000	3.3001051193900963	4.176381624541693	0.8610353043531696	0.646987706349913	0.21239341900279204	0.9771996402400113	-25.448913963437892
7580000	3.3040865949380858	5.423542127807501	0.81266201258031	0.6520450425907494	0.20388050704313573	0.9402105882520003	-35.180694648644476
7585000	4.80909371940805	5.0711885347892	0.8495427175797103	0.5953647375832407	0.22471332177334935	0.9077177785449703	-36.10168968139143
7590000	3.02349653413449	3.445145213969087	0.778941179610823	0.5638740125488453	0.2992608320994106	0.7179437356801446	-37.25479046811893
7595000	3.6264862883562086	3.8974881922711937	0.7465640598098193	0.603904087434453	0.2053203824468256	0.853695214231017	-32.24841368894238
7600000	3.4261155018376632	3.442988583433166	0.854169552542871	0.6217384420190076	0.23893159876916764	0.8846970295757999	-33.289305549292386
7605000	3.666948911017503	3.840256732175115	0.7796136557023682	0.6789730069179495	0.2056632870624548	0.7384647273096113	-28.085939651702788
7610000	3.1164315159853246	3.234637662118548	0.7848399490688471	0.7938584724953995	0.22186442835273426	0.9251177043847055	-24.43831613293884
7615000	3.544994296583417	4.378348778099569	0.735772719772214	0.5733561495821967	0.21012293743032256	0.809957746216266	-27.327718621474972
7620000	3.2766830876187742	4.946524614644807	0.871452169916188	0.5912489170504404	0.27757702469850754	0.8143658190882824	-36.767960569745036
7625000	3.5809099029390747	4.11324022481052	0.8480490895716769	0.48291422159900305	0.2427013958700809	0.8440075438304032	-38.59026083670412
7630000	3.501093646334822	4.0903705584688534	0.8572005788253511	0.5784272822873269	0.24514585757448976	0.8364667088726229	-32.92295727390872
7635000	3.0282636685230515	3.3266090742487755	0.8559471594138298	0.5958273361216858	0.2538504353704759	0.9740600587300606	-29.78993673689537
7640000	3.090351063585941	3.248470526243469	0.7300466077549354	0.7494591839407458	0.22725595102671695	0.9072778721658977	-17.30083162489271
7645000	3.246087834050569	3.839644830688106	0.8841246186984767	0.5804898609437703	0.3389377882669846	0.9988447221178082	-22.687827762369995
7650000	3.5420934903775745	3.817965501467546	0.7368607379629821	0.6315501418095035	0.21425429421086767	0.8942708597887663	-38.37459861689026
7655000	3.369173911293946	3.689586494491332	0.7280812791770712	0.5410722138619998	0.42076857172796234	0.7234502281568833	-32.936098833350876
7660000	3.0077759016383707	3.1806384062589808	0.8867088034811307	0.6602509699848129	0.34444691337543465	0.9937841331247187	-18.6357489374684
7665000	2.9667987108642824	3.1488887582219025	0.8288703720673304	0.5854182847465619	0.2469259143455425	0.8342755741309065	-25.145132110295055
7670000	3.0018872889078767	3.663234395664067	0.7705301869194487	0.5106521850693022	0.413743368945434	0.8941458748719578	-30.20831518539591
7675000	3.7016900769940353	4.2361530794659465	0.7572558607742248	0.594379439899849	0.3344760967658346	0.8617353937144263	-33.79660185797204
7680000	3.0390464823750376	3.1741690978683184	0.7682029097347077	0.5130619828590711	0.3372101408302424	0.9724121216905223	-32.80219266173628
7685000	3.835747478919135	5.075755285503415	0.7037922544801917	0.7051350070896824	0.22198881748149887	0.8173439860668738	-24.81641060425883
7690000	4.463043389675805	5.464291509660413	0.7850226477877624	0.4026447702489627	0.22499386586406325	0.8249372708590573	-50.72167133640026
7695000	3.3163035201290434	3.7300641297254717	0.8550133672411779	0.5134301178362558	0.30157597437732914	0.7041596328405955	-33.91205564487329
7700000	2.9497266260219086	3.462183775656679	0.8443263484297255	0.5372493521077821	0.24082639764065403	0.8664224133479933	-28.93103477380733
7705000	3.4080056097662457	4.547238302115173	0.7122483175073667	0.46861421204663506	0.25387920357939164	0.9322137733023643	-42.92191602559409
7710000	3.2380004770181348	3.9973261417778163	0.8487617692851863	0.6600157443873235	0.25318242833886406	0.8201009435106609	-32.75709586848411
7715000	3.1955651042421342	3.7888771821730765	0.7953345358245135	0.41462502837789	0.24944136638826145	0.7240556361186322	-39.49635293593365
7720000	2.90821546461465	3.485943590088483	0.8102851758640948	0.5111365340365808	0.3541046190038392	0.9807673598172555	-31.836292971932743
7725000	2.9768350453539596	3.060583227786599	0.8782326703605209	0.6367097648953972	0.27076743086341803	0.7620114760917215	-30.31860045379801
7730000	4.003724552409725	4.324645911467385	0.8064564842262504	0.37111442623105667	0.27574715112244863	0.917535600917181	-45.12081195986475
7735000	4.710458443082247	5.025653025146101	0.7482995023868577	0.6445523746743094	0.25603683237058683	0.9901839086893144	-34.82116492276268
7740000	3.417513422510359	3.445804829565928	0.7654436910807739	0.45673580523150836	0.2687180734846938	0.9162718142605921	-40.51940098141809
7745000	3.3961909783532405	3.6419174670467354	0.7084905537726556	0.5051506459545734	0.33945658457385214	0.8169095191888414	-35.16653287574803
7750000	3.877946712923738	4.171195613403161	0.8813876283476177	0.4821984184948659	0.3882047131976365	0.9335790157329289	-34.08969170929106
7755000	3.6873622733812215	3.6950482310251562	0.7625192678842896	0.6905673103170766	0.20508940114096136	0.8851404396237652	-35.45222323641298
7760000	3.1821219785725456	5.280965959436052	0.7084856017510854	0.45634898443714916	0.4847001448829319	0.769880047483574	-39.75483617336309
7765000	3.0027541961046804	3.082983391572695	0.8653394771814569	0.6911774759885688	0.24328706930824032	0.9477690313319083	-22.912348049239508
7770000	3.986128344418612	4.076948673563623	0.7116723651703728	0.36868600181223254	0.4105740723160032	0.8610489723535807	-46.91787653700308
7775000	2.9568425337402817	4.084149567896216	0.7787579547968326	0.5239019247033698	0.4084625490701482	0.8832413095698198	-22.902373425988387
7780000	3.167727688822295	3.55270910557969	0.8197255535366954	0.6144366928251306	0.29712965015868065	0.8770088587649901	-30.16446030292891
7785000	3.213737857043742	5.236679167513094	0.7882170247174247	0.3226927410428652	0.41567703738467254	0.7185403977549648	-41.900482627898036
7790000	3.1547591427125865	4.910514217240581	0.7946205421374356	0.6298336519628491	0.21410565803022835	0.8366198018829614	-30.140890400915353
7795000	3.2936747079655055	3.5016527449884456	0.8369788648583067	0.5606660317176889	0.20139313132619222	0.7680554337391647	-39.66587769039594
7800000	3.1734352747239085	5.31868735280141	0.7613744601155767	0.47383268647078386	0.38586313525838534	0.7575192624808074	-43.385796689441605
7805000	3.1118882988407677	3.334286045974434	0.8582900015692518	0.4737128444678567	0.4449195551931771	0.9744807326333409	-31.43469637216883
7810000	3.075010035836078	3.0758128647842837	0.8999831002785716	0.3510017733899567	0.6457096526088973	0.950245859267948	-30.20125671792573
7815000	3.211588603890687	3.2194511371869456	0.7146829995331607	0.4962071142051205	0.38388403607270044	0.992444389807899	-28.94528497537007
7820000	3.062775501719269	3.6081055087869642	0.8281211687736025	0.6717108624192397	0.3086797241590468	0.8702150926159753	-26.265823583523705
7825000	3.1323408451162624	3.1473439561740966	0.8173692833509842	0.726190695285337	0.3224257283401663	0.9624930599389077	-23.35306852171975
7830000	3.146418207405926	3.174078575648914	0.7160334101577629	0.6055906665644563	0.23421670938316802	0.8984669615775893	-29.318709977576386
7835000	3.5217345512259497	4.5299223607626855	0.8298382397075313	0.5069769093743017	0.33635475474035437	0.7405698931618866	-37.508986694460006
7840000	3.198353764845945	4.274274882591326	0.8139232006035244	0.6017658703426827	0.20078975709917685	0.7229844310696718	-33.20487306318417
7845000	4.177452506451723	4.300799170083303	0.8268926809089217	0.5575969637733122	0.21080086278882826	0.902063063625523	-39.04811137707757
7850000	3.446808157433834	3.477489153546359	0.8871038867980245	0.6347669965548037	0.22530216079290072	0.9462127057411996	-35.307283731444315
7855000	3.579932930924205	3.7731104410003544	0.7732800886676395	0.5612038806689337	0.28951498892750405	0.9364045934801046	-36.31716714660554
7860000	3.128675058467052	3.7471880620387816	0.8347168095300063	0.7636959948742306	0.26879290828846447	0.733302224518105	-20.807715406260304
7865000	3.937766083057536	4.268605110868845	0.8132000797947528	0.5883883423987466	0.2724323004420468	0.9485833115503107	-33.12543816300724
7870000	4.161739711568707	4.323208390272944	0.8686103713072703	0.3422795217320791	0.2664385853487409	0.9882067511429015	-42.06645494938402
7875000	3.0746289831524933	4.053796307159801	0.8629731749817067	0.6384570866512285	0.24921949088215264	0.9671370247175529	-28.8584910828836
7880000	3.020489735531447	3.917109893488401	0.7562577591306192	0.6734282299643191	0.27598188076868535	0.7890060991501145	-37.66777105048315
7885000	2.9854855485883514	3.5130720176809334	0.7937636695861383	0.5954787988169967	0.24717566200569596	0.8689848618189355	-26.772869275890816
7890000	4.612996354902023	5.145340716733212	0.7367383485857864	0.44442965339786356	0.3079957255060863	0.8657093294448194	-44.91664469043827
7895000	3.6408980381845844	3.8058160199154605	0.7033436176275387	0.6993035224819997	0.2019737995501304	0.9737209515488857	-33.17755656144188
7900000	3.2869654608720524	3.56844456438651	0.7351765365877957	0.6874969575245196	0.20404004031132206	0.8478255133415755	-37.48488538621451
7905000	4.11358098494868	4.697706576421039	0.8256660473711701	0.4054500974822742	0.31265991828350315	0.7332148090007158	-42.66011202263472
7910000	3.4295276646184853	3.7627281138408266	0.746084596983876	0.7233589160869789	0.23965200411783982	0.8893227815769944	-22.629957649968205
7915000	3.513256455871536	3.6445910429059554	0.7736855308703652	0.3877261317090319	0.3810404253605139	0.7334063201172145	-37.7613162792439
7920000	3.6615240262279922	4.2805716505507405	0.7198194152090148	0.616106212785058	0.3038032960608344	0.7024829168732457	-39.034693801961104
7925000	3.521846709301332	3.6675746997854857	0.804027625256523	0.6108834184895167	0.23040781863239962	0.8341601162281475	-31.477227148043056
7930000	3.0831124935339913	3.3580157345848383	0.8902237020562731	0.5896935021570562	0.2212044368928503	0.771643540960866	-29.99007911173542
7935000	3.243900126519693	3.638883112318382	0.7234345293915274	0.6620459662093034	0.20985086684748436	0.9286199269759465	-31.97515076222723
7940000	3.189829003440139	3.8230772637610437	0.811890115833243	0.4335844109288575	0.22737025281865267	0.7388885999467	-38.936437246207326
7945000	3.606595439710543	3.662381167900702	0.8061711595053075	0.7216023672322391	0.2053430557198514	0.8219339262309562	-27.84780401525573
7950000	4.310739058270657	4.459323344314316	0.7943241340854856	0.498162789228326	0.24379843321696906	0.9784587455679243	-42.108871704682144
7955000	4.1592669534885305	4.772345759419534	0.744218166544749	0.48692335837839945	0.33140962728283063	0.7807088332756769	-43.063158025558906
7960000	3.021564150938315	3.207118258669552	0.7068265322902231	0.7555064969944932	0.20437330483738222	0.8725813059018525	-21.571320222903402
7965000	3.2815907594213254	3.8697684271157513	0.8846547548409438	0.6453338047728148	0.2990708771246855	0.7694747947401368	-27.138332416605373
7970000	3.3668244082138736	3.4631895474674	0.711259745784196	0.6113148334682423	0.2658235410958213	0.9087458204474913	-37.343126979631215
7975000	4.265912402782675	4.738093693079847	0.8749649112760639	0.45168178364436773	0.36126482572095725	0.8685700005337924	-41.184219470383155
7980000	3.9837483530083433	5.917627427211013	0.7279207359811333	0.635897501134944	0.2614093474798042	0.9023218948041942	-44.89791477971466
7985000	3.1105295837414753	3.3747689969671764	0.7658691799667307	0.6496102931623773	0.3396562697420785	0.9748454141555366	-26.338948842699992
7990000	3.9661759964751844	5.76876402996046	0.7178098976032002	0.6433281356762522	0.27184955213324125	0.909665217943941	-36.46640735536003
7995000	3.0076381452369247	3.8989774923347733	0.7207985633391575	0.5823076880141125	0.2650271946943809	0.934994353877342	-31.475014981108373
8000000	3.036464176582591	3.083979701955344	0.855944878318893	0.663439826507405	0.27737668463991555	0.7398447253859484	-26.129951250750022
8005000	3.034774576332123	4.139047639704122	0.7033144433440711	0.7127253414758504	0.214615405980175	0.7600869553841418	-29.180226436776135
8010000	3.4010193922415155	3.7148157485752167	0.7172140104288018	0.612151224410866	0.22059332890679495	0.8231000347230666	-30.987291508398165
8015000	5.192708526418437	6.744486920251188	0.7689106476653091	0.5212001451362686	0.23853660370889881	0.9799819906922752	-47.866779747748176
8020000	4.364422859489444	5.398187647799718	0.7309800549813353	0.5538545848757014	0.24423820172882765	0.7692597201627115	-35.9559400325442
8025000	2.9132178268050004	3.351580541258251	0.7319174408757133	0.6967966593066335	0.29711421578128006	0.8721998018440406	-19.408351662035614
8030000	3.121014973001544	3.3630245853085894	0.7888763751379504	0.5619982521806496	0.4073254283535059	0.7930450193711293	-33.68567724286211
8035000	3.7090973367601228	4.066766043563928	0.7577924468067353	0.5647661024141775	0.2446417222307864	0.8586817523751674	-35.562145765794554
8040000	4.371585999099442	4.580441581526606	0.8373942454129683	0.3203714019941003	0.42477982633212613	0.7296466985330508	-50.63364258137422
8045000	2.985213401244143	3.804684638840884	0.8118099861244488	0.4593927172665392	0.3122775273905278	0.9618333752922644	-39.43348834162357
8050000	3.772503851070556	3.868601284292347	0.8279194024617057	0.5758595365896397	0.22417902900072764	0.9963385088006588	-37.21355706880181
8055000	2.9342509520228037	3.5029162313200133	0.8772665064784375	0.5496853032218559	0.27580049866250717	0.9121443728962809	-24.781657245714026
8060000	3.1808263036321858	5.128013677707131	0.7423610623810084	0.6470462009849404	0.28515586299981555	0.7974479013936189	-31.0014663224935
8065000	3.0174405067867687	3.192869521392221	0.7360019145550634	0.7097774736170499	0.3180132089047042	0.9614703753380747	-28.462509186305173
8070000	3.238870841915444	3.3912723317052564	0.8357482874258738	0.7033667504771	0.21548622459406602	0.9158088944611881	-24.922722637284554
8075000	3.76804844403138	4.5246951619588005	0.819035602025278	0.5600621274333587	0.29724390694053004	0.929267896664443	-35.48201718513638
8080000	3.083746380480651	3.584345113601549	0.8016118256742147	0.7676075565758306	0.22760427270278366	0.7746268462176531	-25.82968758223456
8085000	3.9263155346719665	4.089944715297228	0.8180848409790632	0.4019658122104923	0.24086502543533767	0.7804588857351542	-44.8041719083275
8090000	3.0524544544731924	3.283285946732026	0.845334857545411	0.7669713275943671	0.20629479685311236	0.9050183495180527	-18.77162215860973
8095000	2.939340442313846	2.9527645462735093	0.7927204174787263	0.6280144139929267	0.33893710733238175	0.8657408071714917	-30.948121591961993
8100000	3.2952148869553324	3.740678366534345	0.8253738045724761	0.624891333919337	0.20328970145111103	0.8341190403541353	-31.994136634895995
8105000	3.3679212665392844	4.1153419646282705	0.7751025179254769	0.48028127509585766	0.35881972240036364	0.8961745073065033	-32.50008423176945
8110000	3.731239988633303	3.9302685723941	0.7822990158176678	0.4937501234462806	0.2247951135165802	0.8495347905243976	-38.55629586880292
8115000	3.3857899117905053	3.4189070897771363	0.7276670601293026	0.767751871520109	0.24352231088182216	0.9013520928597301	-38.01640499032027
8120000	3.271676394390477	3.2852534743269928	0.7954568434181827	0.6441004796304961	0.23993705296872675	0.9540332636050185	-23.86931220788177
8125000	4.706065349717279	5.12905666633342	0.7106763176261571	0.5923579318862414	0.2149432533912378	0.9018654700671567	-37.01948374982708
8130000	3.879818059196861	4.6352103189316844	0.8006300265986768	0.46553691510159956	0.21392957424347017	0.7343222356140567	-36.42055980229271
8135000	2.933706069952315	3.8974860331892174	0.853304836035449	0.6743318039831937	0.21531405532012166	0.9784059269815555	-28.346342258813078
8140000	3.0385579678653776	3.285285748853766	0.754791263425622	0.305513552584563	0.6102862833402495	0.7378094062919547	-43.01047098548815
8145000	3.963271962815164	4.580002539178423	0.8240573167249186	0.570990574599745	0.2374614775670629	0.7956665829598775	-40.08525157643981
8150000	3.1704046534923966	4.9366258990177085	0.8169693267024406	0.6218673332148021	0.27936077134565496	0.8964098978635291	-31.37848570507677
8155000	3.2059628743734008	3.300432647685512	0.7510104509331332	0.6151067170723246	0.2474927710072027	0.8118930634168938	-29.516929437660774
8160000	3.9911296707960204	4.704023115970026	0.7081374389979572	0.4568067419783998	0.23746993369845956	0.7618123176871174	-42.591218776831596
8165000	3.277102268030581	3.9046466815389596	0.8133329455948516	0.5598361897995512	0.35293416991810417	0.9097679594660866	-28.056806646834016
8170000	5.243944601175554	5.815080971512465	0.7152075541705825	0.6868708642899717	0.2581185702444413	0.7622554730676502	-41.16142624365513
8175000	3.371114542796457	3.8192641771937414	0.7553934256094873	0.6632941182470729	0.4280289827159203	0.8251040533745712	-30.067426940452776
8180000	3.039434098217522	3.2233807926620215	0.7596046017701898	0.7539247049143921	0.2459669682743195	0.7635186800607375	-24.07786482911323
8185000	3.808708295263869	3.867760368035006	0.8618601010858552	0.7007149525472949	0.2155894327302893	0.7200176841799094	-31.87223058539083
8190000	3.0238834953751725	3.3406288424955015	0.7569427193058449	0.6455842393285767	0.21071041300790816	0.7258550755972492	-26.592925224194964
8195000	3.9407373001068615	4.370097897259526	0.74738598487492	0.605928098379109	0.23074314597236187	0.8451591363225575	-43.91956701995719
8200000	3.597924949650006	3.7848263190598987	0.7358149870889371	0.5413278029373394	0.22458213053528664	0.722440661483778	-34.43786546965945
8205000	3.1539113220606625	3.242236786500715	0.7850391095128775	0.6954690943314907	0.29353608200550435	0.911220418005644	-26.515197836416498
8210000	3.071278461136592	3.2067310035557424	0.7970837448547584	0.24379642304585541	0.49021563759756326	0.8558592064132748	-43.26185808301611
8215000	3.5119353081582076	3.6148855764225507	0.8561637081287252	0.6669719577121932	0.20062911167551206	0.9241677221942378	-29.8639111628764
8220000	3.5962304097561524	3.7812656773353606	0.866397502678726	0.493268472270138	0.24135242297856543	0.7359700514081772	-30.37821661403048
8225000	3.224317647043451	3.3885115430255692	0.7631776815260426	0.7119028916198101	0.2017079393472659	0.8162239239349703	-31.112659090562026
8230000	4.192353034261021	4.23941997650388	0.7753089215441452	0.4894625971514492	0.20240756201288607	0.7390244696922	-41.216340834624695
8235000	3.652859966810581	4.674775625258633	0.7164857746735149	0.46871996436235025	0.26738128077156803	0.8504392993023882	-40.88140743104714
8240000	3.046245310373875	3.169136664590111	0.8124385106328521	0.5994243445261475	0.28489508749533093	0.8353472111697685	-34.048686932523175
8245000	3.6464713668214705	4.529676601963425	0.857695364399048	0.42807463191953415	0.30596143305381185	0.731142677602135	-44.9888139861064
8250000	3.781362620804491	4.210306438734588	0.7087092263906989	0.4562041257585382	0.2786101843762164	0.7644699235247661	-39.89618553025249
8255000	3.0981647351011374	3.153782908153132	0.7337955094839212	0.5334645490213953	0.36079203367550317	0.8676247894464326	-36.361188212484954
8260000	3.72801008200747	4.74892455617764	0.7312597899020428	0.4621686414839243	0.2938124676331152	0.9957249641130385	-38.84933413540334
8265000	4.46744261167003	5.95618432116904	0.7901743091293484	0.3915214187371452	0.305224065161607	0.7666647549946277	-43.59998184357913
8270000	3.0595134139305404	3.3450728290327274	0.8278010483109319	0.5065682062642987	0.2751195793734538	0.7916175879224409	-34.469323300057404
8275000	3.2792019685528775	3.8327760489723954	0.7001701886302266	0.42840273789411554	0.3642443970171183	0.9720314488566882	-42.85521236254541
8280000	3.3260482091078547	3.3611156455323523	0.7354359957730062	0.591964977026749	0.31380989805683646	0.8553214449546116	-30.159044713619643
8285000	3.114114786216821	3.580831262157704	0.701295402712447	0.526017029295528	0.4286004122978662	0.890156301337202	-37.57861481190248
8290000	3.1153896787935365	4.0442465998108075	0.7067979567388335	0.599483466902447	0.21265476605068306	0.7039022126173275	-34.69248108952678
8295000	3.998594040573006	4.171088700563983	0.79636147941203	0.4070596713294631	0.39840624549229636	0.936290809736587	-41.49524333574165
8300000	3.60247948014754	3.8234023701728894	0.8024392373839921	0.3930762737462479	0.30238310434879734	0.7841201005204337	-38.62493271161376
8305000	3.441519551724713	3.873028535969527	0.7640328595843638	0.4371685903022956	0.3811516469421261	0.7879738157957945	-35.531436631887445
8310000	3.9134310421518137	4.416697663654315	0.7702861551051443	0.49611208221986136	0.22516208014897074	0.9052371311135196	-37.60091633921146
8315000	3.482803351814398	3.5053472703134188	0.7928697428216633	0.5152911666667398	0.32876811584222715	0.8851400863986496	-35.305490504917806
8320000	4.0821798535419935	5.191276765671381	0.8296137693284817	0.45247568140585226	0.24642038135139374	0.846182589062244	-51.61529194148415
8325000	3.379200401805873	4.382343103464001	0.8393340952129209	0.6184872245297658	0.2412870259269559	0.9859667574453771	-27.501756879470644
8330000	3.37542951615428	4.39770922854461	0.7062541014743848	0.6304750055211189	0.21622777122569847	0.8745694809740385	-33.96762043991579
8335000	3.309708012011967	3.878676552215582	0.7632684860252502	0.6387567017422271	0.22410648427876936	0.7251906064097634	-28.81231952831892
8340000	2.90821546461465	3.844708093512676	0.7065073850730282	0.5748912849648499	0.2948742074476016	0.7784567435382539	-35.93546928800928
8345000	3.5900951084275707	3.60408787457019	0.8611534975275843	0.542141957101471	0.26857366826527135	0.9489966061044084	-35.37022728897375
8350000	3.151009480144008	3.196154244343326	0.7455977254170142	0.5854880334431369	0.23263754548111382	0.7083897407515393	-34.17197298730462
8355000	2.94801445902989	3.088361779784159	0.7935266897172004	0.632384649707851	0.3026787524949898	0.8400000786144869	-31.405436380515546
8360000	3.600052593384424	3.7724089432030516	0.8226018621383523	0.4081368429472074	0.36720256123127315	0.9805617050551744	-38.16964989957199
8365000	3.1054143439956876	3.4355242546784	0.828914248822312	0.43171352353991815	0.2997552902244084	0.7620904037398306	-36.605661240496985
8370000	4.418459672367939	4.779890605774939	0.8366857474400157	0.43248221720107977	0.48323467956635646	0.7521876525631862	-37.58538893511851
8375000	2.90821546461465	3.7586676922073603	0.8319179628292741	0.5688823555552293	0.30672103173034926	0.8109736853723282	-32.22124139219317
8380000	3.260252390608106	4.343616983012073	0.8287541239007085	0.6936750153178586	0.21536928629129923	0.776746355031658	-26.715271107478348
8385000	3.3272934764605466	3.4850779145210957	0.8794864352000273	0.5468927117221799	0.2063760925287415	0.7925128240858911	-37.65024342188896
8390000	3.0471130699211226	3.1732668381455316	0.7289570623814975	0.7640102163151411	0.2040282370120283	0.8342976150982799	-21.191086307038923
8395000	3.0773161362365165	3.0908401228354836	0.8752332725902218	0.7081007924992411	0.22234689886911752	0.9558235811261055	-20.583772162027156
8400000	3.363751687498536	4.284020926227148	0.8274192811881821	0.6735781110727012	0.2085181693484741	0.9485426373595205	-33.94547751452844
8405000	3.766745401356694	4.110015978770345	0.8703822971285314	0.5849249374919488	0.2016581915209436	0.8214828625130328	-30.43172233127901
8410000	3.1186597290053624	3.2890661207298484	0.7977321638042886	0.5167900981238968	0.26370871234445503	0.9765394861208843	-36.17156641116547
8415000	2.9229758664745193	2.9566199053184277	0.8837382224881551	0.6503549428525357	0.21476727404170226	0.9682305581090244	-22.774298761823047
8420000	3.6425290200397598	3.834928244569056	0.7934683973164819	0.6017403846592896	0.2835852134078667	0.9083015070132491	-28.25662430399586
8425000	3.2965584118025006	3.309181485122077	0.8903851091380043	0.6415231857213811	0.2720718261728258	0.9830616443569433	-22.621792996789154
8430000	3.4087014477719477	4.3089447497196725	0.7875350065184716	0.3999833367187043	0.3557124649581298	0.7972065845833087	-40.6597624770062
8435000	3.3975979934471834	3.723662996770005	0.7502365106252965	0.6977427620328553	0.24386853331863476	0.8054237423787503	-25.468290052818396
8440000	3.0968831721167582	3.3986265795745956	0.8910589886581665	0.5302979485260739	0.2755417861630547	0.9517089910267095	-32.74271667684121
8445000	3.129823698508347	3.3294723849787733	0.7109921939127729	0.7149730533794819	0.24274790938792157	0.8148258210277086	-25.121470703801766
8450000	3.320701601774408	3.65056274219423	0.767214484365014	0.6171953682716993	0.20492079795677529	0.8077927773108527	-34.27151138373198
8455000	3.274798437535942	3.45415530300911	0.7231414086240883	0.49629153099823387	0.2142664802710329	0.9318566538835301	-38.72621638950854
8460000	3.041462469578216	3.9876123888760366	0.7719656608622963	0.610299109270437	0.24678621706090142	0.8727702119572095	-29.521714125583916
8465000	3.113912717961609	4.182379036567743	0.7614468615366206	0.6640077581268106	0.25463126610685133	0.8891961315015321	-30.46566990963139
8470000	3.6178952765842376	4.001253474795245	0.7200278823048111	0.6180738623031489	0.20614018204339166	0.9928665631484517	-42.92901252216886
8475000	3.7937642846824167	4.082260090370019	0.7752476462418636	0.5171177912052685	0.2391014717978495	0.8352527966473411	-37.98539806375984
8480000	3.103794854727457	3.215518272028026	0.7402712757771835	0.6480295156166345	0.20781210734264172	0.9335173259619661	-30.977713972959513
8485000	3.219219688432179	3.392440522534038	0.7898024851606692	0.5443417743489116	0.4467699690475669	0.8078560343666973	-34.15426492814637
8490000	3.9461438716845283	5.244767044901452	0.7094828630691615	0.5106936964101714	0.2553539017021738	0.7492655747837075	-41.186150819777
8495000	3.9435207727614388	4.834183060890772	0.8738237087730749	0.4990656578406309	0.21907327658188155	0.9805287839386925	-42.30006265296965
8500000	3.6323100698159387	3.7224874080394934	0.7101345427737717	0.5974035775994874	0.22481353397204967	0.84990581965683	-41.097484348211566
8505000	3.7533830737417464	4.466965847176007	0.888482515425834	0.42550330620944693	0.21021225426679302	0.8747063195593362	-39.68294189469715
8510000	3.534997400370074	4.037765670617476	0.782931759954697	0.4661321649931182	0.27943914049283236	0.9310872832365354	-40.11051982299732
8515000	3.324099930815173	3.66244412512525	0.7113342365690379	0.6283543325433906	0.22963690911495352	0.7598081086516769	-41.9410868560626
8520000	2.9854800504179924	3.6183717143254417	0.8374231091794144	0.5337215389723489	0.3066761140606982	0.8410952281157911	-35.753158712095754
8525000	2.9358477843169295	3.5512897597551136	0.7874366739476428	0.41671950960528936	0.3678171232816038	0.7880423957376395	-30.668340589373198
8530000	3.8686410105444367	4.458560469084488	0.8237929520963971	0.631216984464634	0.32509607914958416	0.9786101924953445	-26.15222472206769
8535000	3.708664801036036	3.90551582831675	0.700531824702897	0.5743243806990189	0.20395133062917167	0.9738618170580927	-35.060814162647446
8540000	3.8274779054289327	4.101396581514609	0.7516194388454818	0.46838076076627083	0.28813969881722334	0.9456353633406842	-35.06581933727005
8545000	3.8516615401982026	4.052249022190156	0.8287711253999765	0.6345213157235186	0.21723278097258017	0.8124113586496791	-32.880181132759674
8550000	2.9626998364032757	3.4458232932148203	0.7668270932039186	0.6714943447034067	0.26464413865558906	0.932356721370524	-29.523276495912523
8555000	3.772144563045718	3.899463653139071	0.7328253845426259	0.5851838050892942	0.31160319518064883	0.881917880336876	-41.003479857920254
8560000	3.335654082901223	3.361508336147394	0.83542485615205	0.6286718608895704	0.2136302810013542	0.8775750116630501	-30.070840037384798
8565000	3.136572588282658	3.3109726107851167	0.8854987793070965	0.3766810902882285	0.4283156758094347	0.7172234341400274	-34.632487463225075
8570000	2.933135890888775	3.1348632286234794	0.8195523937109938	0.7412918352385853	0.21891577070792204	0.9302146463322752	-19.710371625703107
8575000	3.1490422860297227	3.767045082435454	0.7838497548968446	0.6882437232567832	0.287674969590822	0.7604004365916446	-26.529675253313474
8580000	3.174401592440586	4.331915509762841	0.7190171827390033	0.5876790527707424	0.37246956960801425	0.7578109946012339	-35.804190771965416
8585000	3.1206851059035583	3.870918488309531	0.7885320500730391	0.6786076405975726	0.23339210337567148	0.7187683024169856	-23.19350161583549
8590000	3.94449797940364	3.9851448270835803	0.7280879897564967	0.4677745129571705	0.3122990172278867	0.8546823407385996	-45.418963623324466
8595000	3.8827533477340626	4.842885452879615	0.7813982053141678	0.5226302155029557	0.2047548074029042	0.7448046705579711	-41.365229101427175
8600000	3.737360135791333	5.606587034363896	0.7350944958395972	0.61383785384704	0.2599093901833089	0.7816332731158301	-38.656527191899976
8605000	3.6664022500436926	3.9465012182341734	0.8292333723137296	0.47787984030011754	0.213192430242615	0.7577068344320123	-43.015033350358685
8610000	3.1267073057357715	3.373724936324467	0.7773456898987701	0.5787947698541638	0.34593087787339	0.7700900186055954	-27.85628666986106
8615000	3.103276295012397	3.145956395471086	0.7646660024591228	0.6001619975343984	0.2715925744609618	0.9212054224986088	-33.88666355119003
8620000	3.5695772720028627	3.6351757692139253	0.8020055170351393	0.35553956796520886	0.42451071750278424	0.8794737929471692	-47.21836548328759
8625000	3.7968298374404057	3.87190646043161	0.7345500093455037	0.5104006320815465	0.29109110620430406	0.8881167863096834	-44.737732813562275
8630000	3.3407416342973475	3.7040930263181133	0.7549129673189898	0.5002172120412076	0.27385913732211664	0.9423366770670142	-33.646226174866314
8635000	3.0168623769019294	3.3285062129297076	0.8907618902090148	0.6895691804943809	0.22235820515523871	0.7242486457758233	-29.624149657205987
8640000	3.2625999265038605	4.1275835677814605	0.8222218024434096	0.4587841076993945	0.25171199136113476	0.7183553436793729	-37.260240717449236
8645000	3.4944530648925127	3.7037603278086784	0.8189585626486651	0.6802780640778615	0.28346706769087476	0.7529177937677333	-29.75237021011552
8650000	4.8005174673534805	5.015651224343921	0.7811649603509233	0.4087208258583271	0.35317523003721346	0.872330375692687	-46.1547440567979
8655000	3.4935561163688607	4.848000187874896	0.8211117332276409	0.48785114205435176	0.29238748118628016	0.8476116423648682	-40.77462786494833
8660000	2.9937574521736767	3.0996339385929166	0.7706800781133062	0.6241309105454633	0.28670010236380866	0.8326614343439256	-31.855448718126716
8665000	3.0711925305016576	7.958669812319959	0.7723068266970046	0.5816825986063966	0.27897373165192363	0.9154315163974537	-41.998633281624514
8670000	4.498366970835089	4.687978387945276	0.8907798632632193	0.2863856026184032	0.4183071284928528	0.7684226131219061	-43.89019172532356
8675000	4.850073578145614	4.944359141349217	0.727287608736879	0.4873715741164745	0.3133721030365207	0.9263563080337154	-45.1223281692407
8680000	4.185726394025881	4.6397125492189355	0.7644503214004593	0.5582425755005206	0.32111519078551815	0.7781665891860602	-39.2081968884039
8685000	4.0175952627952825	4.077991307799921	0.8790383174185772	0.7007261360093084	0.2655974275950364	0.7935536487444252	-29.915732013857003
8690000	3.337503079702474	3.3485343912707695	0.8159836995877052	0.5973586582980569	0.3156338006392899	0.8856182249926768	-24.8974433854442
8695000	3.8003147682329828	4.126508491042437	0.7618052614645415	0.5382659278215286	0.23421096553939538	0.7306269144816833	-31.8855476734267
8700000	3.1553627252886276	3.7286076517570796	0.730402156302581	0.4524190962522486	0.5529275706243939	0.8182822448229625	-39.42854956351697
8705000	3.7331771510664344	8.297220624550246	0.7689819466783544	0.557255801962242	0.25338593301216916	0.8412246932918022	-45.94032545266795
8710000	3.3258000260842544	3.4197119987131916	0.7950289206499164	0.6353462160782715	0.24299089528404585	0.957281453792569	-36.860199593969114
8715000	3.3275300109589634	4.039030303484943	0.760136667501054	0.5993546546249662	0.22978216231499057	0.9852165772721906	-36.02204669707341
8720000	3.2321807441826396	3.7361283516078054	0.7180658479606009	0.6175660135145151	0.2219114315665657	0.8605773946617123	-35.98075180878816
8725000	2.9952004277142708	3.495174556400106	0.8602898746234774	0.695645139643231	0.21883315485021937	0.7516087289538174	-31.31591048742829
8730000	3.055289227960197	3.09561846199383	0.8959936274363804	0.32522269621705424	0.48874486598268024	0.7045020353324565	-38.56865305312744
8735000	3.2723401351405914	4.985749256551154	0.8183458248492859	0.4752187021618064	0.3835239842267987	0.7138530746228663	-37.97193087499027
8740000	3.187633218825176	4.21240490966318	0.8523551940492426	0.5267486845519624	0.29949055100465494	0.7962285698678203	-37.58109649653962
8745000	3.854611243405909	4.275035035066883	0.810476012809918	0.48017973813778253	0.31594735753239767	0.9062790735204646	-39.02195123155247
8750000	3.323344726612726	6.060571525715844	0.8123250268335322	0.2577382673019298	0.4843328036548458	0.7286906354775674	-41.372893981962584
8755000	4.000194678896998	5.294355557123923	0.7531382979460425	0.4571525215903099	0.22430028446176922	0.8998849670552292	-36.80977731169214
8760000	3.111372097428727	3.225459862558582	0.7994944494217294	0.6130255531857779	0.2902427846896899	0.9759822863470465	-24.98507104046244
8765000	3.211659561861699	3.2330514036715154	0.8568724698164919	0.6404658660801253	0.3404407086954035	0.9955574343601763	-15.926328942734276
8770000	3.1473237502021534	4.4927603358135215	0.7328478704153202	0.6918768865543887	0.2503063391352985	0.9366060487570668	-24.46976500984756
8775000	3.4987340435600522	5.0508668173960904	0.779080772002073	0.6546783461626503	0.23700206988392478	0.9478264023905936	-39.01467983635042
8780000	3.4488121182997795	4.161982383538207	0.8601603494371814	0.665097942210524	0.2542342281781701	0.7848044928066895	-31.81531820311791
8785000	3.1470991259412546	3.4290250779620592	0.8492038928675442	0.7127630331542778	0.2018294021725093	0.8413438519614715	-26.362570524046202
8790000	3.7040551499191667	4.462109450320189	0.7279300780341766	0.6145964359288603	0.2283011432124179	0.9497340584878919	-41.8233790962018
8795000	3.475814289739969	4.406412718556209	0.7313200649787591	0.652772656597862	0.30651028167305944	0.7887845207217589	-33.65226697907546
8800000	2.90821546461465	3.4858368146071324	0.7258398932784754	0.5069637075701814	0.28300431544576155	0.8441467336214644	-38.18897265707532
8805000	3.3250711545504354	3.369316735534881	0.7117464067012974	0.5502444059511655	0.30811178696335434	0.7138762156810456	-37.78304917929543
8810000	3.92235050556361	4.149121735530141	0.7250496193991806	0.6573098708727897	0.20079015068401396	0.9243694987984389	-31.313954321223903
8815000	3.5389868935367566	4.193367198307995	0.8278377865121872	0.43454744338963647	0.40281516503028997	0.8511057913935302	-36.795094043094664
8820000	3.3863395772449	4.343969089980015	0.7266241580426602	0.6039760251325693	0.25117858098010026	0.853676573986889	-34.606718517450396
8825000	3.4434539194846336	3.538529128526861	0.7768670841470362	0.463542559493372	0.3006745706968256	0.8607702442366907	-39.967951850082
8830000	3.0104289805312643	3.2997062931589247	0.8142777241891656	0.5663720806643583	0.2895168438903014	0.766807177885482	-31.457479903360642
8835000	3.0121604941668645	3.326871899559807	0.7380399122406305	0.7239545777219294	0.23585072714836067	0.8705303203889847	-26.209121743970776
8840000	3.0670074980703927	3.914364483095045	0.7033964730309835	0.7859197455019757	0.23965525518551756	0.9442201970094581	-23.7279782919504
8845000	5.5176323911282905	7.458361265587106	0.7003308742758443	0.466339186382748	0.2094234007081484	0.7224407732695024	-52.16496025600229
8850000	3.6492516632866994	3.849086943522191	0.7517507695915151	0.40701830586467586	0.3918124980108895	0.7049205182149663	-42.93660984720675
8855000	3.225183415348166	3.5658367597564955	0.7948125692434447	0.6297074623029265	0.23375324873264972	0.973107158507213	-29.022125495611537
8860000	3.383356288836893	3.9354616457634664	0.8635148737652051	0.46134662112125857	0.3698118672851907	0.7754545194108186	-40.778860859419396
8865000	2.991145170069282	3.14685564419468	0.8593788179194031	0.6658131510894026	0.26678051815741755	0.8353209936459713	-19.532091665752024
8870000	3.4438223000574757	6.068903577270658	0.7224626949621773	0.5581785434309651	0.25544392671916777	0.8764020624153959	-37.52562790701709
8875000	4.390412511014066	4.455576784341735	0.7171294256732064	0.5857898756069481	0.22506457507992905	0.8719376719752245	-34.960243959651066
8880000	3.0552163031581663	3.3212414990248083	0.762967448513698	0.5359627014857741	0.2911483815251953	0.9985078858142535	-31.726222704010958
8885000	3.1659756166524717	3.3016941758189686	0.868824916535746	0.6788169201591482	0.21859680435782203	0.8987378370821316	-26.853419476120724
8890000	3.280214462462197	4.177597414427911	0.7013804510841476	0.5114614506853201	0.30244040757768215	0.8296786429422356	-37.43443257048718
8895000	4.313173629755175	5.062873558457334	0.8346340469946522	0.4019893345189804	0.3786761058590928	0.9707019184689121	-45.2188897093435
8900000	3.4925212974700024	3.5004944909084026	0.7404278353791942	0.5420306376071315	0.4010936028629565	0.8221160095004632	-33.10850705562717
8905000	3.3641020125941408	3.807251880256835	0.8998074687815591	0.27703237017453847	0.47405336468762765	0.8241229622575887	-37.66104524891765
8910000	2.978761768064235	3.1449748114555693	0.7360757112638353	0.6951127648267321	0.25669179681871307	0.8885967603506979	-34.510125674948924
8915000	4.065868003210661	6.342716802463022	0.8619783756079145	0.41232203184958244	0.3728392370165287	0.7370348156078307	-47.02165834868326
8920000	3.2504716957385433	3.830394771755765	0.7195640662757473	0.5715375847526472	0.29728346493963365	0.8472039201246377	-37.87421076284339
8925000	3.4580399375640303	3.9053394046872763	0.7335443087674475	0.5793020242727603	0.223204373380682	0.846565415990923	-46.358427533746045
8930000	3.103949392809665	3.6576063519746795	0.8449238163733027	0.5960714824432064	0.36334556114449224	0.7700377850517192	-31.28709889503608
8935000	3.2947751053402667	3.3881998831767652	0.8176876269796888	0.7744800023945566	0.2278791329344703	0.927538597758951	-17.08898711002549
8940000	2.923101356888552	3.1332024143339527	0.8024314463375196	0.751991724161892	0.2085821392962741	0.8033540357150946	-28.26801954038068
8945000	3.2037827790885425	3.3361043109078996	0.7117659758237703	0.6169770452882394	0.24236140201262968	0.7247832050998367	-31.242875751708276
8950000	3.7300605362531503	4.877979435261857	0.8765747674113873	0.5237173389997481	0.24469977971716322	0.9907017189019347	-33.84557109242746
8955000	3.3555925872583416	3.648343087971787	0.7002308833952373	0.6072004408134147	0.21209619288498652	0.9145541723173278	-38.771502263139524
8960000	3.439854758222579	3.793498648513592	0.7448237823301491	0.6873758017616105	0.2376607048512817	0.8032271178666919	-36.70089597228941
8965000	3.2555802872651114	3.7675495247059825	0.7440657292842112	0.563865324967774	0.2880475940275635	0.7970008544213579	-30.84091220617762
8970000	3.3890514423381393	3.3907230255105647	0.898385788158479	0.5130957740632904	0.300386531664202	0.959233045106389	-33.7877595199275
8975000	3.101522129857263	3.2514735058782422	0.8021066351956526	0.62197346646866	0.24850823038841843	0.9183262536312788	-31.058316541615845
8980000	4.174515665982989	4.176749385898351	0.8051514376342137	0.49627086951704463	0.3032699800562875	0.8579947243619458	-36.680059201343106
8985000	3.5404602947266617	4.007936634742132	0.7368734637107951	0.6240093267260796	0.26322743644278623	0.8296329268133142	-33.98275414342501
8990000	3.2062453992386084	3.551569623627253	0.8567601603506801	0.5153987360842187	0.2038805384632139	0.7514720503223552	-38.69762764954389
8995000	3.098615933681864	4.847725068405333	0.8674791185738973	0.5656626190657335	0.3341528921572623	0.7181507226017356	-35.29414777929236
9000000	3.0621227568669562	3.772772202623177	0.827707583640121	0.6534622160144339	0.27869236897024136	0.769609278931992	-32.38243360627027
9005000	3.171853176770731	3.688352481487034	0.8159228903580698	0.6287928059443183	0.2175129929669763	0.9296531860742812	-26.604136231338835
9010000	3.3983836257717344	4.3413912740246445	0.7765415355614494	0.6578535182845834	0.21246400533004092	0.7833711772437394	-32.12097630723457
9015000	3.4677072616625266	3.5690893846937857	0.8951397718111179	0.5466709480163046	0.2676184524197454	0.7504537305014695	-34.87216058002855
9020000	3.166762015415391	4.394256994850325	0.7846669342209003	0.5754961209577755	0.23000191807830672	0.7973114350051765	-36.52251163142275
9025000	3.6842763767052564	4.563401200604474	0.700135865544488	0.6134943778286673	0.4347917085662758	0.8640474364150018	-33.90964738782549
9030000	3.6771964733362625	4.061633938212406	0.7300248748803869	0.6032336589353795	0.2475009367517359	0.908170861815274	-34.72305791639634
9035000	3.585462335984169	4.648485948793415	0.8761999147433417	0.4326061692845072	0.3015980938478297	0.9191630198022518	-37.67862708024373
9040000	3.252893740817247	4.043978393447812	0.8774112793382461	0.6530501335055034	0.20888528695589614	0.7940617974770805	-30.12208255791935
9045000	3.4036586980826424	3.6668288431362766	0.847998304542899	0.47592504092532056	0.22210157304769954	0.7481289366703423	-34.26538376882688
9050000	2.9148209701326384	2.9739479547891903	0.836578369269037	0.6779365380516088	0.26294266598331373	0.8678024087993599	-24.352512054441856
9055000	3.4738031099115254	3.944549387732673	0.8582447607631717	0.5614240268066791	0.21070261045281563	0.8010686923264174	-26.738604014678945
9060000	3.2497491868977586	3.506559448307406	0.8179784708763989	0.5396246035233759	0.3270689927680053	0.8521226060267952	-29.522253667827716
9065000	2.9673757718328293	3.4126124587307407	0.7370389421885002	0.706045018140094	0.2020326459201898	0.8935543769530082	-22.840363012669233
9070000	3.400916761139687	4.189128515845394	0.7202067029418234	0.5206301528078743	0.36318281262211477	0.9018325778510372	-39.958331902835845
9075000	3.50520028435977	4.052027140926125	0.7277875296721461	0.5851869915923688	0.30622655086590433	0.9103806819226596	-30.992754282420286
9080000	3.29499600987294	3.336649090502697	0.881171519002175	0.5412218085413111	0.22131309196993987	0.730904347323411	-27.694904803509214
9085000	4.07689795241046	4.523154424960588	0.8653614454782232	0.5204814655263005	0.2648300706057006	0.8389510629322627	-33.18321469867696
9090000	3.3969738922599118	3.472432120453024	0.7949082209867104	0.5627225832582367	0.33543783545840833	0.9058760778719466	-31.214459997496014
9095000	3.5820595446147965	4.156217247714741	0.8399726096563297	0.48890785152156	0.27579974224416104	0.9175156601961734	-35.064078360573774
9100000	4.427776956347358	6.078934484118838	0.7846744494093657	0.49888688835144174	0.2751571632728932	0.75793484374594	-42.450779582404024
9105000	3.1644916152311824	3.5283728613045247	0.8602788364868411	0.5750828728931799	0.29510421931836495	0.7294036749954943	-28.594629075428546
9110000	2.963716279398345	2.9640688195882956	0.7167128984567337	0.7318961348517762	0.2013254137733167	0.8339634289852561	-18.958439550551894
9115000	3.0864580023027224	4.4423751449276105	0.7297642373991631	0.509596096126852	0.2051644577965253	0.9001803754241874	-40.50890486444089
9120000	3.1593721884215156	3.5171893704999375	0.8654722756727249	0.5635123865194592	0.3588291806252695	0.9256810779111898	-34.86285524547617
9125000	3.5014870859400644	4.709161290054375	0.8073543090891456	0.48095268467111113	0.3153319313332502	0.8088354870001498	-35.21442802715013
9130000	3.1816354140360037	3.263519865157855	0.8269249725851804	0.5928225348934573	0.22786244167107808	0.8286758202579827	-29.604865101028285
9135000	3.156391817575834	3.192096378437513	0.8414258606684278	0.4207349858674675	0.4721605563720219	0.768543193572902	-32.00546434513986
9140000	3.953784741784255	4.390196306789407	0.8399593729067943	0.5410697503668067	0.2196375733289403	0.8743621289859432	-38.0058583105728
9145000	4.247077603439416	4.470871799758965	0.7005404056293216	0.47744127035135725	0.35132086438090343	0.7911811840525811	-41.45284238520569
9150000	3.054111594325378	3.0937372734636335	0.7668795315450379	0.5135843083978655	0.2784568098106264	0.8803822187827174	-36.49155261520595
9155000	3.1066025409949916	3.1473804619348766	0.770765898001416	0.6163461331533185	0.26956872008470306	0.7172387410324056	-35.73938915398056
9160000	3.809722970666773	3.9508165767445447	0.8597763763984166	0.3976931841059308	0.2862727204009865	0.7718369408354588	-39.31043878026034
9165000	3.2020366777794	3.607429510063977	0.7047020017539709	0.6195088342878353	0.29955121306092625	0.7468151658412985	-27.383624032086388
9170000	3.5710549127463933	3.9559614117453767	0.849764600356089	0.5156887299856728	0.3360108245820945	0.7014419543448838	-36.66716744808802
9175000	3.19006254049879	6.434101546593348	0.7320902667722632	0.5906334241172312	0.23071822485253796	0.9144081742323146	-32.208415857027994
9180000	3.944416295633905	4.13715576356785	0.7913778381108201	0.593380161805302	0.21133065863320946	0.704867061063217	-38.0185776134701
9185000	4.020170055982451	4.523644981546076	0.7776694508748276	0.328690268197074	0.32632250092702075	0.779769727634519	-49.963090465084875
9190000	3.3057094124062782	3.7864798146859204	0.8653812799258346	0.5209934281044865	0.20527415854399023	0.9468176149318163	-31.542093961883452
9195000	3.00380416130021	3.11709771276784	0.8383635616750835	0.6094278404753365	0.3263337372981653	0.7442333265246336	-27.837430456504922
9200000	2.9174373543418755	3.0360972569681395	0.8953739714974015	0.6401243927172441	0.2263981108656319	0.8126473713637696	-35.79848928541476
9205000	3.2371332040085528	3.386771573038393	0.8358363968685459	0.47892643194475815	0.45109179181272224	0.9854562350009324	-34.57382142739973
9210000	4.259895325917458	4.2880422071174555	0.8061023083265972	0.5165427217529244	0.39074974070243884	0.9286051457076058	-35.648017216084725
9215000	3.414633621316752	3.5853548508174096	0.7502717024564746	0.6411473478335956	0.31678915981169914	0.9028411441680173	-30.89804077101158
9220000	3.484774131964601	3.524549574122619	0.7136260890219215	0.47037135394491936	0.2648538280813801	0.774804233429147	-45.48358467464935
9225000	3.5542701925437754	5.194385505926044	0.7228780881024269	0.2907640416783806	0.4749503130393322	0.841474385485784	-46.228104654780104
9230000	3.125563063862739	3.1660475054171964	0.7654329598739246	0.5040420384466003	0.49055838492523723	0.9597348904433213	-33.48175220791285
9235000	3.4489576664055446	4.427936960132213	0.7458897795045576	0.5299771024444122	0.31146084101217947	0.9112594514005301	-31.82322146063578
9240000	4.289029477859897	4.309213416980277	0.7042682039921477	0.61071123172353	0.22401246382566245	0.7926004661823148	-36.37848261747256
9245000	3.4369706806098463	3.4450240915048935	0.8942611106441507	0.47933788915233944	0.26373299185142857	0.8934705294226298	-42.56945910953748
9250000	3.7254081908766437	4.4233743942354105	0.8772350276343197	0.4795717070873728	0.28491549584493564	0.7580984204423771	-43.33270326664845
9255000	3.3618462596195737	3.6019395112373265	0.774904906056844	0.5705072734989379	0.22317558296105297	0.8765560178978927	-30.2421174956241
9260000	4.04547818234732	5.139219502315831	0.7571763366835121	0.6054567560339079	0.207740736145422	0.9784987526777336	-48.30157694447123
9265000	4.415335888746123	4.613653327667823	0.7626327320963526	0.5021739962094421	0.2948802748160143	0.8850049217542197	-39.30987156431423
9270000	3.231113662458787	3.8249816472562395	0.7622610491713548	0.5023620949931891	0.24449909194105365	0.7755878693622154	-37.76186286715422
9275000	3.513346597077741	4.125504827568077	0.705664649144056	0.3138652733168558	0.48949556409850514	0.7816181606959678	-49.49906704704171
9280000	3.223281595446169	3.3765252120302556	0.7171852872532227	0.5914190095432086	0.20361346261576	0.8555678434044639	-36.5864490415804
9285000	2.9933420452195123	3.4016183464897107	0.8498647578256711	0.5498954001996386	0.20335432913584145	0.8422614307401142	-26.772028182913438
9290000	3.4571291656696896	4.067775966497986	0.7242561416806854	0.4732835287984998	0.2761709419570227	0.9649611381287371	-36.60871475204907
9295000	3.468610265884417	3.817000860091211	0.8447893635319199	0.5157648763698696	0.2719641314394029	0.9801911613047994	-27.791290695627747
9300000	3.637016310158693	5.110921006202493	0.7669761946800823	0.530410316438926	0.2808403120082432	0.9309185459870924	-34.083070035759214
9305000	3.186921731142998	4.534070850099517	0.7072506415993847	0.4050100101663772	0.4952773183155291	0.8763141231552131	-38.02594447363314
9310000	2.943414962775967	3.021856436657942	0.7466962121414381	0.6601425778753283	0.24593243297209172	0.8429708428200813	-22.721331085556105
9315000	3.9587635243311077	4.489143266609934	0.7279758726907916	0.5617409219741755	0.22942547101178035	0.8830694787048424	-40.95000789382074
9320000	3.2005067641598663	4.298565381415499	0.7056895208015544	0.6466451438155457	0.2485464640987783	0.7942905719156069	-29.590020679970475
9325000	2.9665960127780595	3.331816973729572	0.8478743108842037	0.5656987858146069	0.29257088537579656	0.9760071747129255	-20.86955987152925
9330000	2.930021011935396	3.113739857282247	0.8537109769449351	0.4567225921681976	0.43060835990142765	0.9309545145661079	-28.869717283505903
9335000	3.1446464637730434	3.7600098463080545	0.7854901909689589	0.6319535967158925	0.34010106478163205	0.9000339751427021	-23.89736089658261
9340000	4.494913985030436	4.845526005945068	0.7676512180076224	0.42752835277193924	0.29567822130853433	0.8423732683895085	-45.67961778375653
9345000	4.203232702063789	4.811346052718552	0.8918096539647541	0.6851342109152252	0.20133285810306706	0.8760941211851153	-31.053067221990545
9350000	3.174399080278426	3.4712081502987018	0.8680263221456577	0.6344216570044366	0.24948645960813753	0.7426012722685833	-29.4156122524652
9355000	3.041686951783471	3.3102006874246035	0.7365074929003196	0.5972178197825633	0.23492772955535868	0.8547574616173932	-27.760959510448494
9360000	2.972513598617654	3.624504164857263	0.7390991708992282	0.6161121593931685	0.3721025747847524	0.954846185817448	-21.6683348571154
9365000	3.2807509334673473	3.9462712393955712	0.8917471625483893	0.5500286478278267	0.2875630520427514	0.8801515751652026	-35.73454641632607
9370000	3.495553931039353	3.6239752562276113	0.8633617218908923	0.6190057410338258	0.2318725293713566	0.7221217172701134	-35.66001574052299
9375000	3.576169406972567	3.868429545329564	0.8666414709585493	0.44391843868993086	0.3911586038127109	0.8447540009129796	-47.55824554735624
9380000	3.3412490160116692	3.9038367261964884	0.7519283258001488	0.5337896360422129	0.22411957402433902	0.7343655107058483	-37.11705915455769
9385000	3.411187193763026	3.4408525185550567	0.7498907778468613	0.5646884848498162	0.22685480742201783	0.7317140068645007	-41.014950458875646
9390000	3.2618219220820897	3.4331068577464774	0.734850212226878	0.47215822528325524	0.3781572139957976	0.8313334747165383	-37.021044819942496
9395000	4.105480036223846	4.344323267964553	0.8129720091408722	0.6003212753273784	0.29342739207107554	0.8898962405537542	-38.91940199322985
9400000	4.181002290855693	8.943452036963725	0.7831306310078625	0.4348540140263434	0.2661364706979839	0.7883542127125521	-46.00667945830576
9405000	3.2714832234581164	3.8327569398796784	0.7240976261435339	0.5407337612985174	0.26600682045765955	0.7399398884638331	-39.96836162003024
9410000	4.2679701801608445	5.186645426649898	0.8049714755529777	0.40535884087538854	0.32530482126163524	0.7013520261645202	-46.32709888964348
9415000	3.4965253274563395	4.026749743075813	0.7987453994144326	0.6414875175763074	0.21084748487062202	0.7906566264094739	-35.97390358202064
9420000	3.4100027214201796	4.261255784936072	0.7220386453110954	0.5512004231999376	0.2720355809555304	0.9280469790027117	-34.95005313076947
9425000	3.0361611841551275	3.3577533502301993	0.7449473951349397	0.5265445874105015	0.23339695770456786	0.9656500350958913	-35.689163685273506
9430000	3.1750287192703874	3.465197957357233	0.7341561051803255	0.3907666212769324	0.43881983545371084	0.7731182780666234	-35.66226089449915
9435000	3.3616949156131364	3.8250574904988643	0.74722471315001	0.5075112909247859	0.3048283862874102	0.8323992281586841	-40.12907631655816
9440000	3.155863747581525	3.4635615950933385	0.7964994598832613	0.6627506526463662	0.3161848927605823	0.8302240657229929	-28.192296076466132
9445000	4.02603895929153	4.593331542448836	0.704938942063808	0.5393465335114845	0.23494332646857813	0.825547499372214	-39.83306204560516
9450000	3.6351644746690592	3.704346596208569	0.8153034427968375	0.5116662820823394	0.27409129148751565	0.8099105683439402	-36.58050265823344
9455000	3.50451793852023	4.3423137216933005	0.7330348280781397	0.39117479991050863	0.24431457511310103	0.9868442587706732	-45.658686926513674
9460000	2.9587415885726034	3.270154018278596	0.7192381916178399	0.6169650571994751	0.29198170634364773	0.9248585434994616	-33.30189433961531
9465000	3.0959668502516084	3.2156468545219674	0.7204727864257564	0.5714729793908899	0.2546600157559239	0.9847309377087181	-34.19697882466144
9470000	3.712024136109199	4.647945115657541	0.7408901920598725	0.6288830654985236	0.24825110363665256	0.9103424675466882	-29.235144617531223
9475000	3.0321569608975305	3.4900144137849085	0.7885254825052262	0.5753058503985553	0.37644383784370755	0.8684574586744543	-28.204222847557805
9480000	4.539174139321535	5.6786563417724425	0.7165562329969409	0.3860072589752074	0.4939901163905935	0.9231776407034743	-35.83040854452277
9485000	3.243959192250892	3.8837961039038515	0.8774794229210898	0.4351783370250394	0.3710356463443361	0.87239879169271	-35.98505771468943
9490000	3.346862908239234	3.7138606160978203	0.7440369988994141	0.6549240889110948	0.27418403909492195	0.9837394475058935	-28.455710003775867
9495000	3.2106420428415365	3.561776223781063	0.846168191903659	0.6499887115290416	0.23971427594582775	0.8249731899420135	-20.477790638976767
9500000	3.328322692304191	3.6480615569245916	0.7692395360876044	0.6590631180520938	0.21499519536918232	0.8257611721244935	-32.55166003797723
9505000	3.422550461064571	4.251689768410551	0.889781853379344	0.5114872338102301	0.21086211664873244	0.9643662003956588	-35.66840841777944
9510000	3.109688456787657	3.1807526384693747	0.8165727180169503	0.757846953240553	0.26565340491238204	0.8749914967378077	-21.677747464931187
9515000	3.5733928232025627	4.043841708169263	0.8219989007038172	0.6395740875396391	0.23252941956554882	0.7735210145486302	-36.005939161479795
9520000	3.530963088570437	6.067330289892768	0.8724348609671395	0.6232785150203702	0.22312182733082536	0.9690392255287404	-28.58909243886954
9525000	4.23162637142161	4.555569004085154	0.8332746034051922	0.5450558184384505	0.24029801080397328	0.7339092405954161	-47.839933048430225
9530000	3.3788339986302303	3.602474174259553	0.8101929965447544	0.6357561128478334	0.30289275693817475	0.8360015022039831	-23.736392661439083
9535000	4.169947059832703	4.67396924098812	0.8624161435800369	0.36609388772033147	0.39407288971465626	0.9143077502512514	-37.804087547953806
9540000	3.768738242761863	4.101211661075619	0.8185113076921575	0.6507923462003647	0.236188109577085	0.7532877067638827	-30.661846643431563
9545000	3.115918711076075	3.577374084488623	0.8616446137083731	0.5487968458807814	0.34470785003627913	0.7739907725315247	-34.04860036967786
9550000	3.984185896466551	4.070464868568394	0.865204154080501	0.511919329064244	0.3196288999790791	0.8421915026280204	-36.06280162386805
9555000	3.424517324595722	4.296081760563992	0.7067094579282367	0.4453370144806668	0.3001894722275301	0.7054378901111472	-43.8508799613511
9560000	3.327541488533052	3.421435548494138	0.7427253444901285	0.6583143323440817	0.2845328920951632	0.9739316028164086	-32.68738301117297
9565000	3.735815174333844	4.616658560546626	0.7018881253697824	0.5978541801012244	0.2928294646818928	0.7377800771447514	-36.98764824085824
9570000	3.240547610647612	3.3065773706286308	0.8904812981465404	0.4174882439807425	0.2375621632860911	0.8992916451526338	-40.54215015538199
9575000	3.0343573973682427	3.4923504337759352	0.7638018678995322	0.6945634214715997	0.2247111066143743	0.9379743796214397	-25.23496450686322
9580000	3.683012255691256	7.559833706519836	0.7820731334936976	0.39798850025217886	0.39818741229653387	0.8864398568899513	-43.949717716388484
9585000	3.6358711601161002	4.679319469536899	0.7962801114114129	0.4193495537281139	0.3877862847287909	0.9807922159875504	-35.16622093363633
9590000	3.343025523804113	3.521829737838898	0.8482709643218669	0.4788447664107475	0.385611233978303	0.8915253839219974	-31.361275446737324
9595000	2.90821546461465	3.116698513835884	0.7601533897342951	0.7046853346892642	0.264877115624821	0.8600435769405458	-25.41422766833375
9600000	3.52070525701222	3.659239346370416	0.7938781900058784	0.6220060446288201	0.2544637288795823	0.8633915118226583	-25.44978909470473
9605000	3.949389100002409	3.980862762986836	0.7880111618676541	0.6337857987117516	0.20916632403576724	0.9170838279307542	-32.70009198087143
9610000	4.233543994966747	4.664541346880843	0.8893048483135705	0.5446316771973337	0.22546275464906504	0.8185455045125132	-30.07255679258658
9615000	3.254664440723586	5.152764338139753	0.7540588738677971	0.6505974963423345	0.24106771839356067	0.9716581622491445	-33.42124835387611
9620000	3.5522906041591558	4.931812551319628	0.7772460981706594	0.6617020124778601	0.22830162731401157	0.7287745992722059	-31.166838299287065
9625000	3.4788665893000394	4.4419947393433565	0.7092163950860353	0.5486329776277824	0.3762940707975045	0.9592713013110619	-36.27089992123682
9630000	3.1494222463324264	4.622871641230668	0.8023754952494002	0.5858581435489075	0.2689555614138692	0.9988314262418057	-33.83462901676066
9635000	3.235620653091375	3.3266624923910264	0.7612569053833182	0.6701594132468527	0.31676391974697116	0.920511730540309	-26.27802955320687
9640000	3.906374812407664	4.690719555542669	0.7100536861081569	0.6024303825009991	0.33164696348733347	0.7914808749451855	-40.13084104229041
9645000	3.197129612465163	3.940416857069788	0.7449760213396036	0.5403889032672586	0.5138321730586937	0.7255066696108295	-38.992055046386255
9650000	3.1616332421745725	3.551055487313288	0.7465271103026387	0.4687160956981664	0.3454110531920102	0.9362999514987506	-34.747454903421556
9655000	3.4433784531472704	3.748964202448846	0.8425578566689144	0.5296329678139695	0.20176335033251028	0.9290870548989398	-34.322318591013435
9660000	3.5450854827225866	3.6376866865318984	0.8176667847749631	0.6040793174866462	0.20806606337976594	0.7268605154582407	-37.78515679753335
9665000	3.2751396746265256	6.288534325302593	0.7397639100032747	0.5014745613280699	0.34613298216359956	0.7462828130516784	-44.99678131469754
9670000	3.0934874129947016	3.533303725443058	0.8625604446986751	0.672143262729371	0.2235448390701431	0.7028652664116117	-22.319891910005506
9675000	2.90821546461465	3.2113416482051034	0.8106495815806127	0.6307348895540159	0.2209225894251458	0.986732798638361	-23.11930367472944
9680000	3.021454926518198	3.2487982504949287	0.8353575335453468	0.5151100856629527	0.26472174826389083	0.7671212779540082	-30.54080384042879
9685000	6.1670037036349505	6.3148302601448085	0.8125061797352228	0.5294519381694367	0.24198881439264813	0.7434794701007664	-49.76214109269386
9690000	3.0877118003433175	3.310295900586805	0.8515735445270745	0.7344644028870703	0.22469237701047054	0.8733583239251842	-20.192590066667567
9695000	2.9407439023430237	3.0108721761103117	0.7480033792205434	0.6666641970769159	0.26613594450251743	0.8745634105899379	-23.909749385295164
9700000	3.4876900144295413	3.6741034665384373	0.8880402805856257	0.5391607576151223	0.26102873761774126	0.7874880149388872	-34.46410483535552
9705000	3.1005856003590733	4.28662264291483	0.8932665301450271	0.5452914941316289	0.26045917800631185	0.7765680166718055	-39.99190368458812
9710000	3.2683276654707516	4.111741782407257	0.7260338892510007	0.4042027035375168	0.38184448020370654	0.8206100591646077	-40.22197609033013
9715000	3.18042769074016	4.845277950211537	0.8299262596451793	0.4676942011872018	0.20837814737990068	0.8913322072306684	-36.28462957842724
9720000	4.118462931169489	4.368319197418247	0.7841444190496621	0.5034994620728793	0.2325386357581092	0.7350509550589875	-43.933712016726474
9725000	3.0964684766911863	3.158722069306316	0.8675072659246034	0.5488167604142046	0.35341765395944374	0.8078604002491491	-34.337421014595286
9730000	3.088618384128099	3.5394514916396678	0.7361326879227317	0.5148256826062758	0.23140524842867127	0.8457178075525678	-30.91449322257403
9735000	3.515580985329185	5.948389963077511	0.8392654111288373	0.49179841285880155	0.2580627379014324	0.8708160458906155	-41.77911361723219
9740000	3.7943133362252617	3.8460319886775274	0.8157485232105781	0.47274531251836166	0.28366486102705707	0.7467911711852101	-37.11785518571219
9745000	3.1338967937577307	3.7028996206892266	0.753660837911584	0.6224167011377527	0.2239471287322749	0.8145814996068962	-32.734102145118015
9750000	3.6894719407759244	4.283539793989408	0.7230239610735074	0.5066557907607729	0.28576175179755076	0.9271080393478299	-35.52835683958342
9755000	3.7169960011955885	3.8483539306546	0.7122854865767175	0.5825074470664602	0.2342745991670661	0.9086125281552213	-34.688007515963136
9760000	2.9536822273169396	2.9887257050667224	0.7373952918591694	0.7980785743864904	0.22898554655217937	0.9094775487729383	-22.025157147166706
9765000	3.1166981846401147	3.4044632029014137	0.769458589094792	0.6627791721025751	0.20915119668095628	0.7397411653780118	-29.85503342599535
9770000	3.530232212463405	4.317914209172753	0.710224091964864	0.7198365592744447	0.2232392177237621	0.8623475879671822	-27.20727398576941
9775000	3.3341640769752963	3.3870598485956633	0.8688714319586226	0.5244515372431146	0.23721078431347367	0.7391971785456112	-28.846494584845825
9780000	4.020888598657843	5.7478816726818645	0.8937868047637071	0.5860234021169226	0.22776034773006396	0.8632093934758442	-37.817883805795155
9785000	3.704403168880717	5.1414311865375675	0.7304831215582057	0.41236868311758595	0.28153219264564167	0.7748801709365507	-39.39165465395608
9790000	2.9385370046026074	3.3131146838442738	0.8294139320888132	0.5412829984204756	0.34937915866567115	0.7734546742883619	-29.05501353871009
9795000	3.6960409484609844	3.8899700878907084	0.7718920817587307	0.6213673342162994	0.26628404020728513	0.7298178431194898	-31.27997577045391
9800000	3.537342257309835	4.721161938029345	0.7760720321476888	0.589003144810242	0.3010606534316874	0.7072348268839465	-38.661369282931574
9805000	2.90821546461465	3.5886894672481886	0.7669367759055866	0.5013679385484382	0.3071895695682248	0.9010324232913157	-29.604837684008498
9810000	2.9136622241194052	3.11761941890458	0.7285366979131687	0.6150037196310346	0.35172266567145116	0.9262344486065219	-26.239146302864636
9815000	3.0938165386178804	3.2261552895735797	0.7314904459322044	0.5446533859116889	0.24827025246271556	0.7487335783568118	-32.50056545958562
9820000	3.0804689728339514	3.3228929853043	0.8590883204412345	0.645585007052937	0.2785415319136172	0.7207887206543686	-32.00265307797409
9825000	3.8809735814848274	5.564350969768554	0.8002157876396414	0.39861262794560914	0.2934066343125653	0.7184638217242569	-44.898716022850884
9830000	3.9493433857399225	6.075365700457798	0.7360419180512567	0.6152507732588163	0.21424850038791537	0.9701168448114464	-42.46373713632063
9835000	3.1984977219911435	3.5183179399999402	0.8543959588652986	0.5408492140539451	0.3126866920187839	0.8108628446597592	-33.57466964077953
9840000	3.4869515368673474	5.939476542032933	0.8495376020354141	0.5192566440503346	0.24625728982757947	0.8553916290405764	-40.25542057367863
9845000	3.481626553804584	4.779298225069719	0.7852935962133085	0.6682694387194218	0.2564771746327431	0.7028350700726623	-34.08265338383616
9850000	3.100337159593611	3.1240054994273065	0.8641464940714351	0.6415406642037902	0.2622738852987457	0.7092355098154256	-26.641945660029744
9855000	2.9335187682369357	3.208989349845978	0.8970123541657287	0.5949236829729876	0.38760785157624794	0.994297557804836	-28.792343180894445
9860000	3.5059049657600037	3.6587425220292533	0.7163687689720885	0.7277354173644803	0.22222453115568952	0.8904773336940984	-18.812401606540096
9865000	4.169622071066861	4.261606497918266	0.7158681537564889	0.5209451423780734	0.22253586537129166	0.9214894101209455	-43.05808319796835
9870000	3.43300857964844	3.5465706741765546	0.8104633608406803	0.5915344828047755	0.2603501916068817	0.842879428770092	-37.959297636145145
9875000	4.239233729362107	4.335294768694907	0.7194948373042991	0.565328409146298	0.20345983402935175	0.8985884980005794	-39.3634859728588
9880000	3.5498820736963315	3.613554128876273	0.7176931078574735	0.534496916267771	0.2971737230765783	0.9823060968395362	-37.70361085418928
9885000	4.227193494231336	4.83746181026247	0.8506275204485387	0.576525736650615	0.22569006406979092	0.84999589019053	-34.42804880359139
9890000	3.139444847974075	3.379264970590702	0.8055750209474326	0.46641725827369357	0.20956457767078174	0.7463410670990378	-39.63182373452642
9895000	3.9455533722731255	4.002656046049013	0.7533788653272423	0.5887365812842905	0.34097972310135666	0.9706977604926303	-29.077036981905454
9900000	5.119987447352796	5.129621540280981	0.8004720687308325	0.44532684456083127	0.30769860571127644	0.7765193850035355	-39.831547242041744
9905000	3.456309763457087	6.520802548619817	0.7598980972959951	0.6601098162275038	0.21368850330411637	0.7941745405461511	-38.427536897488054
9910000	3.651171313064424	4.177724810760932	0.7112933318884203	0.28556606007734187	0.22271087591557945	0.7379811893037463	-48.110410584797386
9915000	4.225876873517531	4.946372534696246	0.8618519253840888	0.5742244050784479	0.2057565705972483	0.8496016466005447	-39.293155620244974
9920000	3.3180176548123046	4.176024741052923	0.8953528780074957	0.5850616009474368	0.29787167717763086	0.8500859252657874	-29.73983147944927
9925000	3.4901779436827414	4.162237475297478	0.712615001419098	0.7820488467684875	0.22352769844013567	0.7866065565015481	-28.406439407638697
9930000	3.3429641960442593	5.372596978973408	0.8349033107667566	0.4896497277896744	0.20604999886185238	0.8285373867032206	-38.66413584392815
9935000	3.2387236649633895	4.68172607059932	0.7644090141837322	0.4176938502841314	0.3105618664395422	0.7669019522450244	-38.55558972347247
9940000	3.0010222666346293	3.394908553795145	0.848292162377807	0.6127832468676736	0.2450420267051496	0.7143715045862598	-28.579776769062914
9945000	3.7003655270104976	3.9463123840994645	0.7214608774378236	0.43629905641836575	0.21860798100441042	0.7711494306182578	-42.14581573777688
9950000	3.452900667130639	3.58660350339828	0.7506231427313608	0.3711911971928362	0.2764905007157115	0.7781892095771943	-44.56225517064605
9955000	3.0127632258433352	3.078140676372552	0.7230011695972921	0.4927708417307885	0.3756777483605486	0.8520418990806764	-36.27132899955147
9960000	3.1151556626289185	3.6801840022200945	0.7775680593347264	0.5911414639713065	0.21380333518535868	0.7045229931318204	-35.76615141873075
9965000	3.7322545352430985	4.3137409033730325	0.8723211067795386	0.3877218201222886	0.2104104147529175	0.8887865547051971	-41.56460282927275
9970000	3.0731644175257857	3.1749300790176456	0.7241110867426679	0.6927077822415076	0.24927144927292402	0.9993924257967992	-21.23095174419931
9975000	3.7825223409368434	3.997765963470597	0.8458195173971059	0.4969359172904038	0.21673237102375642	0.8616811844155158	-42.69434829718773
9980000	3.210343956087708	3.902432731814751	0.7758327504396298	0.4714414467000433	0.2366062712895835	0.748683055291066	-44.82194122918488
9985000	3.188539623647557	3.5290592582017912	0.7007406844765228	0.6762463733788755	0.28481824404754325	0.7446950625393357	-27.194132455971694
9990000	2.9396493682428604	3.528111892402499	0.7058943993368519	0.611644523517973	0.3141433479393613	0.7255842241360091	-29.67552252844219
9995000	3.198427612606669	3.533443471412896	0.722619877367512	0.6116646448550005	0.2897053423467208	0.9172615476573478	-27.325735952876073
10000000	3.532247879699356	3.5990666267854543	0.8083913507780207	0.4981771046415109	0.24699463518107045	0.8566149652439208	-36.01691013047673
