#
#model:
#
#<?xml version="1.0" encoding="UTF-8" standalone="no"?><input id="posterior" spec="beast.base.inference.CompoundDistribution">
#    <distribution id="prior" spec="beast.base.inference.CompoundDistribution">
#        <distribution id="birthDeath" spec="ssr.speciation.SRangesBirthDeathSkylineModel">
#            <parameter id="RealParameter" lower="0.0" name="intervalTimes" spec="beast.base.inference.parameter.RealParameter" upper="0.0">0.0</parameter>
#            <parameter id="origin" lower="0.0" name="origin" spec="beast.base.inference.parameter.RealParameter">174.597898678529</parameter>
#            <removalProbability id="Function$Constant" spec="beast.base.core.Function$Constant" value="0.0"/>
#            <parameter id="rho" lower="0.0" name="rho" spec="beast.base.inference.parameter.RealParameter">0.931775580788962</parameter>
#            <parameter id="samplingProportion" lower="0.0" name="samplingProportion" spec="beast.base.inference.parameter.RealParameter">0.56556098209694</parameter>
#            <parameter id="netDiversification" lower="0.0" name="netDiversification" spec="beast.base.inference.parameter.RealParameter">0.803204235248268</parameter>
#            <parameter id="turnOver" lower="0.0" name="turnOver" spec="beast.base.inference.parameter.RealParameter" upper="1.0">0.550544581701979</parameter>
#            <tree id="tree" nodetype="sr.evolution.tree.SRNode" spec="sr.evolution.tree.SRTree">
#                <stratigraphicRange id="r0" spec="sr.evolution.sranges.StratigraphicRange">
#                    <firstOccurrence id="t468_first" spec="beast.base.evolution.alignment.Taxon"/>
#                    <lastOccurrence idref="t468_first"/>
#                </stratigraphicRange>
#                <stratigraphicRange id="r1" spec="sr.evolution.sranges.StratigraphicRange">
#                    <firstOccurrence id="t157_first" spec="beast.base.evolution.alignment.Taxon"/>
#                    <lastOccurrence idref="t157_first"/>
#                </stratigraphicRange>
#                <stratigraphicRange id="r2" spec="sr.evolution.sranges.StratigraphicRange">
#                    <firstOccurrence id="t331_first" spec="beast.base.evolution.alignment.Taxon"/>
#                    <lastOccurrence idref="t331_first"/>
#                </stratigraphicRange>
#                <stratigraphicRange id="r3" spec="sr.evolution.sranges.StratigraphicRange">
#                    <firstOccurrence id="t445_first" spec="beast.base.evolution.alignment.Taxon"/>
#                    <lastOccurrence idref="t445_first"/>
#                </stratigraphicRange>
#                <stratigraphicRange id="r4" spec="sr.evolution.sranges.StratigraphicRange">
#                    <firstOccurrence id="t426_first" spec="beast.base.evolution.alignment.Taxon"/>
#                    <lastOccurrence idref="t426_first"/>
#                </stratigraphicRange>
#                <stratigraphicRange id="r5" spec="sr.evolution.sranges.StratigraphicRange">
#                    <firstOccurrence id="t32_first" spec="beast.base.evolution.alignment.Taxon"/>
#                    <lastOccurrence idref="t32_first"/>
#                </stratigraphicRange>
#                <stratigraphicRange id="r6" spec="sr.evolution.sranges.StratigraphicRange">
#                    <firstOccurrence id="t263_first" spec="beast.base.evolution.alignment.Taxon"/>
#                    <lastOccurrence idref="t263_first"/>
#                </stratigraphicRange>
#                <stratigraphicRange id="r7" spec="sr.evolution.sranges.StratigraphicRange">
#                    <firstOccurrence id="t43_first" spec="beast.base.evolution.alignment.Taxon"/>
#                    <lastOccurrence idref="t43_first"/>
#                </stratigraphicRange>
#                <stratigraphicRange id="r8" spec="sr.evolution.sranges.StratigraphicRange">
#                    <firstOccurrence id="t29_first" spec="beast.base.evolution.alignment.Taxon"/>
#                    <lastOccurrence idref="t29_first"/>
#                </stratigraphicRange>
#                <stratigraphicRange id="r9" spec="sr.evolution.sranges.StratigraphicRange">
#                    <firstOccurrence id="t411_first" spec="beast.base.evolution.alignment.Taxon"/>
#                    <lastOccurrence idref="t411_first"/>
#                </stratigraphicRange>
#                <stratigraphicRange id="r10" spec="sr.evolution.sranges.StratigraphicRange">
#                    <firstOccurrence id="t382_first" spec="beast.base.evolution.alignment.Taxon"/>
#                    <lastOccurrence idref="t382_first"/>
#                </stratigraphicRange>
#                <stratigraphicRange id="r11" spec="sr.evolution.sranges.StratigraphicRange">
#                    <firstOccurrence id="t427_first" spec="beast.base.evolution.alignment.Taxon"/>
#                    <lastOccurrence idref="t427_first"/>
#                </stratigraphicRange>
#                <stratigraphicRange id="r12" spec="sr.evolution.sranges.StratigraphicRange">
#                    <firstOccurrence id="t206_first" spec="beast.base.evolution.alignment.Taxon"/>
#                    <lastOccurrence idref="t206_first"/>
#                </stratigraphicRange>
#                <stratigraphicRange id="r13" spec="sr.evolution.sranges.StratigraphicRange">
#                    <firstOccurrence id="t334_first" spec="beast.base.evolution.alignment.Taxon"/>
#                    <lastOccurrence idref="t334_first"/>
#                </stratigraphicRange>
#                <stratigraphicRange id="r14" spec="sr.evolution.sranges.StratigraphicRange">
#                    <firstOccurrence id="t25_first" spec="beast.base.evolution.alignment.Taxon"/>
#                    <lastOccurrence idref="t25_first"/>
#                </stratigraphicRange>
#                <stratigraphicRange id="r15" spec="sr.evolution.sranges.StratigraphicRange">
#                    <firstOccurrence id="t167_first" spec="beast.base.evolution.alignment.Taxon"/>
#                    <lastOccurrence idref="t167_first"/>
#                </stratigraphicRange>
#                <stratigraphicRange id="r16" spec="sr.evolution.sranges.StratigraphicRange">
#                    <firstOccurrence id="t322_first" spec="beast.base.evolution.alignment.Taxon"/>
#                    <lastOccurrence idref="t322_first"/>
#                </stratigraphicRange>
#                <stratigraphicRange id="r17" spec="sr.evolution.sranges.StratigraphicRange">
#                    <firstOccurrence id="t386_first" spec="beast.base.evolution.alignment.Taxon"/>
#                    <lastOccurrence idref="t386_first"/>
#                </stratigraphicRange>
#                <stratigraphicRange id="r18" spec="sr.evolution.sranges.StratigraphicRange">
#                    <firstOccurrence id="t219_first" spec="beast.base.evolution.alignment.Taxon"/>
#                    <lastOccurrence idref="t219_first"/>
#                </stratigraphicRange>
#                <stratigraphicRange id="r19" spec="sr.evolution.sranges.StratigraphicRange">
#                    <firstOccurrence id="t214_first" spec="beast.base.evolution.alignment.Taxon"/>
#                    <lastOccurrence idref="t214_first"/>
#                </stratigraphicRange>
#                <stratigraphicRange id="r20" spec="sr.evolution.sranges.StratigraphicRange">
#                    <firstOccurrence id="t311_first" spec="beast.base.evolution.alignment.Taxon"/>
#                    <lastOccurrence idref="t311_first"/>
#                </stratigraphicRange>
#                <stratigraphicRange id="r21" spec="sr.evolution.sranges.StratigraphicRange">
#                    <firstOccurrence id="t94_first" spec="beast.base.evolution.alignment.Taxon"/>
#                    <lastOccurrence idref="t94_first"/>
#                </stratigraphicRange>
#                <stratigraphicRange id="r22" spec="sr.evolution.sranges.StratigraphicRange">
#                    <firstOccurrence id="t111_first" spec="beast.base.evolution.alignment.Taxon"/>
#                    <lastOccurrence idref="t111_first"/>
#                </stratigraphicRange>
#                <stratigraphicRange id="r23" spec="sr.evolution.sranges.StratigraphicRange">
#                    <firstOccurrence id="t5_first" spec="beast.base.evolution.alignment.Taxon"/>
#                    <lastOccurrence idref="t5_first"/>
#                </stratigraphicRange>
#                <stratigraphicRange id="r24" spec="sr.evolution.sranges.StratigraphicRange">
#                    <firstOccurrence id="t358_first" spec="beast.base.evolution.alignment.Taxon"/>
#                    <lastOccurrence idref="t358_first"/>
#                </stratigraphicRange>
#                <stratigraphicRange id="r25" spec="sr.evolution.sranges.StratigraphicRange">
#                    <firstOccurrence id="t437_first" spec="beast.base.evolution.alignment.Taxon"/>
#                    <lastOccurrence idref="t437_first"/>
#                </stratigraphicRange>
#                <stratigraphicRange id="r26" spec="sr.evolution.sranges.StratigraphicRange">
#                    <firstOccurrence id="t210_first" spec="beast.base.evolution.alignment.Taxon"/>
#                    <lastOccurrence idref="t210_first"/>
#                </stratigraphicRange>
#                <stratigraphicRange id="r27" spec="sr.evolution.sranges.StratigraphicRange">
#                    <firstOccurrence id="t416_first" spec="beast.base.evolution.alignment.Taxon"/>
#                    <lastOccurrence idref="t416_first"/>
#                </stratigraphicRange>
#                <stratigraphicRange id="r28" spec="sr.evolution.sranges.StratigraphicRange">
#                    <firstOccurrence id="t89_first" spec="beast.base.evolution.alignment.Taxon"/>
#                    <lastOccurrence idref="t89_first"/>
#                </stratigraphicRange>
#                <stratigraphicRange id="r29" spec="sr.evolution.sranges.StratigraphicRange">
#                    <firstOccurrence id="t151_first" spec="beast.base.evolution.alignment.Taxon"/>
#                    <lastOccurrence idref="t151_first"/>
#                </stratigraphicRange>
#                <stratigraphicRange id="r30" spec="sr.evolution.sranges.StratigraphicRange">
#                    <firstOccurrence id="t418_first" spec="beast.base.evolution.alignment.Taxon"/>
#                    <lastOccurrence idref="t418_first"/>
#                </stratigraphicRange>
#                <stratigraphicRange id="r31" spec="sr.evolution.sranges.StratigraphicRange">
#                    <firstOccurrence id="t127_first" spec="beast.base.evolution.alignment.Taxon"/>
#                    <lastOccurrence idref="t127_first"/>
#                </stratigraphicRange>
#                <stratigraphicRange id="r32" spec="sr.evolution.sranges.StratigraphicRange">
#                    <firstOccurrence id="t368_first" spec="beast.base.evolution.alignment.Taxon"/>
#                    <lastOccurrence idref="t368_first"/>
#                </stratigraphicRange>
#                <stratigraphicRange id="r33" spec="sr.evolution.sranges.StratigraphicRange">
#                    <firstOccurrence id="t309_first" spec="beast.base.evolution.alignment.Taxon"/>
#                    <lastOccurrence idref="t309_first"/>
#                </stratigraphicRange>
#                <stratigraphicRange id="r34" spec="sr.evolution.sranges.StratigraphicRange">
#                    <firstOccurrence id="t48_first" spec="beast.base.evolution.alignment.Taxon"/>
#                    <lastOccurrence idref="t48_first"/>
#                </stratigraphicRange>
#                <stratigraphicRange id="r35" spec="sr.evolution.sranges.StratigraphicRange">
#                    <firstOccurrence id="t126_first" spec="beast.base.evolution.alignment.Taxon"/>
#                    <lastOccurrence idref="t126_first"/>
#                </stratigraphicRange>
#                <stratigraphicRange id="r36" spec="sr.evolution.sranges.StratigraphicRange">
#                    <firstOccurrence id="t409_first" spec="beast.base.evolution.alignment.Taxon"/>
#                    <lastOccurrence idref="t409_first"/>
#                </stratigraphicRange>
#                <stratigraphicRange id="r37" spec="sr.evolution.sranges.StratigraphicRange">
#                    <firstOccurrence id="t237_first" spec="beast.base.evolution.alignment.Taxon"/>
#                    <lastOccurrence idref="t237_first"/>
#                </stratigraphicRange>
#                <stratigraphicRange id="r38" spec="sr.evolution.sranges.StratigraphicRange">
#                    <firstOccurrence id="t56_first" spec="beast.base.evolution.alignment.Taxon"/>
#                    <lastOccurrence idref="t56_first"/>
#                </stratigraphicRange>
#                <stratigraphicRange id="r39" spec="sr.evolution.sranges.StratigraphicRange">
#                    <firstOccurrence id="t67_first" spec="beast.base.evolution.alignment.Taxon"/>
#                    <lastOccurrence idref="t67_first"/>
#                </stratigraphicRange>
#                <stratigraphicRange id="r40" spec="sr.evolution.sranges.StratigraphicRange">
#                    <firstOccurrence id="t129_first" spec="beast.base.evolution.alignment.Taxon"/>
#                    <lastOccurrence idref="t129_first"/>
#                </stratigraphicRange>
#                <stratigraphicRange id="r41" spec="sr.evolution.sranges.StratigraphicRange">
#                    <firstOccurrence id="t290_first" spec="beast.base.evolution.alignment.Taxon"/>
#                    <lastOccurrence idref="t290_first"/>
#                </stratigraphicRange>
#                <stratigraphicRange id="r42" spec="sr.evolution.sranges.StratigraphicRange">
#                    <firstOccurrence id="t93_first" spec="beast.base.evolution.alignment.Taxon"/>
#                    <lastOccurrence idref="t93_first"/>
#                </stratigraphicRange>
#                <stratigraphicRange id="r43" spec="sr.evolution.sranges.StratigraphicRange">
#                    <firstOccurrence id="t320_first" spec="beast.base.evolution.alignment.Taxon"/>
#                    <lastOccurrence idref="t320_first"/>
#                </stratigraphicRange>
#                <stratigraphicRange id="r44" spec="sr.evolution.sranges.StratigraphicRange">
#                    <firstOccurrence id="t406_first" spec="beast.base.evolution.alignment.Taxon"/>
#                    <lastOccurrence idref="t406_first"/>
#                </stratigraphicRange>
#                <stratigraphicRange id="r45" spec="sr.evolution.sranges.StratigraphicRange">
#                    <firstOccurrence id="t440_first" spec="beast.base.evolution.alignment.Taxon"/>
#                    <lastOccurrence idref="t440_first"/>
#                </stratigraphicRange>
#                <stratigraphicRange id="r46" spec="sr.evolution.sranges.StratigraphicRange">
#                    <firstOccurrence id="t36_first" spec="beast.base.evolution.alignment.Taxon"/>
#                    <lastOccurrence idref="t36_first"/>
#                </stratigraphicRange>
#                <stratigraphicRange id="r47" spec="sr.evolution.sranges.StratigraphicRange">
#                    <firstOccurrence id="t412_first" spec="beast.base.evolution.alignment.Taxon"/>
#                    <lastOccurrence idref="t412_first"/>
#                </stratigraphicRange>
#                <stratigraphicRange id="r48" spec="sr.evolution.sranges.StratigraphicRange">
#                    <firstOccurrence id="t479_first" spec="beast.base.evolution.alignment.Taxon"/>
#                    <lastOccurrence idref="t479_first"/>
#                </stratigraphicRange>
#                <stratigraphicRange id="r49" spec="sr.evolution.sranges.StratigraphicRange">
#                    <firstOccurrence id="t14_first" spec="beast.base.evolution.alignment.Taxon"/>
#                    <lastOccurrence idref="t14_first"/>
#                </stratigraphicRange>
#                <stratigraphicRange id="r50" spec="sr.evolution.sranges.StratigraphicRange">
#                    <firstOccurrence id="t407_first" spec="beast.base.evolution.alignment.Taxon"/>
#                    <lastOccurrence idref="t407_first"/>
#                </stratigraphicRange>
#                <stratigraphicRange id="r51" spec="sr.evolution.sranges.StratigraphicRange">
#                    <firstOccurrence id="t62_first" spec="beast.base.evolution.alignment.Taxon"/>
#                    <lastOccurrence idref="t62_first"/>
#                </stratigraphicRange>
#                <stratigraphicRange id="r52" spec="sr.evolution.sranges.StratigraphicRange">
#                    <firstOccurrence id="t45_first" spec="beast.base.evolution.alignment.Taxon"/>
#                    <lastOccurrence idref="t45_first"/>
#                </stratigraphicRange>
#                <stratigraphicRange id="r53" spec="sr.evolution.sranges.StratigraphicRange">
#                    <firstOccurrence id="t448_first" spec="beast.base.evolution.alignment.Taxon"/>
#                    <lastOccurrence idref="t448_first"/>
#                </stratigraphicRange>
#                <stratigraphicRange id="r54" spec="sr.evolution.sranges.StratigraphicRange">
#                    <firstOccurrence id="t267_first" spec="beast.base.evolution.alignment.Taxon"/>
#                    <lastOccurrence idref="t267_first"/>
#                </stratigraphicRange>
#                <stratigraphicRange id="r55" spec="sr.evolution.sranges.StratigraphicRange">
#                    <firstOccurrence id="t395_first" spec="beast.base.evolution.alignment.Taxon"/>
#                    <lastOccurrence idref="t395_first"/>
#                </stratigraphicRange>
#                <stratigraphicRange id="r56" spec="sr.evolution.sranges.StratigraphicRange">
#                    <firstOccurrence id="t272_first" spec="beast.base.evolution.alignment.Taxon"/>
#                    <lastOccurrence idref="t272_first"/>
#                </stratigraphicRange>
#                <stratigraphicRange id="r57" spec="sr.evolution.sranges.StratigraphicRange">
#                    <firstOccurrence id="t400_first" spec="beast.base.evolution.alignment.Taxon"/>
#                    <lastOccurrence idref="t400_first"/>
#                </stratigraphicRange>
#                <stratigraphicRange id="r58" spec="sr.evolution.sranges.StratigraphicRange">
#                    <firstOccurrence id="t221_first" spec="beast.base.evolution.alignment.Taxon"/>
#                    <lastOccurrence idref="t221_first"/>
#                </stratigraphicRange>
#                <stratigraphicRange id="r59" spec="sr.evolution.sranges.StratigraphicRange">
#                    <firstOccurrence id="t255_first" spec="beast.base.evolution.alignment.Taxon"/>
#                    <lastOccurrence idref="t255_first"/>
#                </stratigraphicRange>
#                <stratigraphicRange id="r60" spec="sr.evolution.sranges.StratigraphicRange">
#                    <firstOccurrence id="t61_first" spec="beast.base.evolution.alignment.Taxon"/>
#                    <lastOccurrence idref="t61_first"/>
#                </stratigraphicRange>
#                <stratigraphicRange id="r61" spec="sr.evolution.sranges.StratigraphicRange">
#                    <firstOccurrence id="t275_first" spec="beast.base.evolution.alignment.Taxon"/>
#                    <lastOccurrence idref="t275_first"/>
#                </stratigraphicRange>
#                <stratigraphicRange id="r62" spec="sr.evolution.sranges.StratigraphicRange">
#                    <firstOccurrence id="t371_first" spec="beast.base.evolution.alignment.Taxon"/>
#                    <lastOccurrence idref="t371_first"/>
#                </stratigraphicRange>
#                <stratigraphicRange id="r63" spec="sr.evolution.sranges.StratigraphicRange">
#                    <firstOccurrence id="t454_first" spec="beast.base.evolution.alignment.Taxon"/>
#                    <lastOccurrence idref="t454_first"/>
#                </stratigraphicRange>
#                <stratigraphicRange id="r64" spec="sr.evolution.sranges.StratigraphicRange">
#                    <firstOccurrence id="t472_first" spec="beast.base.evolution.alignment.Taxon"/>
#                    <lastOccurrence idref="t472_first"/>
#                </stratigraphicRange>
#                <stratigraphicRange id="r65" spec="sr.evolution.sranges.StratigraphicRange">
#                    <firstOccurrence id="t303_first" spec="beast.base.evolution.alignment.Taxon"/>
#                    <lastOccurrence idref="t303_first"/>
#                </stratigraphicRange>
#                <stratigraphicRange id="r66" spec="sr.evolution.sranges.StratigraphicRange">
#                    <firstOccurrence id="t286_first" spec="beast.base.evolution.alignment.Taxon"/>
#                    <lastOccurrence idref="t286_first"/>
#                </stratigraphicRange>
#                <stratigraphicRange id="r67" spec="sr.evolution.sranges.StratigraphicRange">
#                    <firstOccurrence id="t424_first" spec="beast.base.evolution.alignment.Taxon"/>
#                    <lastOccurrence idref="t424_first"/>
#                </stratigraphicRange>
#                <stratigraphicRange id="r68" spec="sr.evolution.sranges.StratigraphicRange">
#                    <firstOccurrence id="t244_first" spec="beast.base.evolution.alignment.Taxon"/>
#                    <lastOccurrence idref="t244_first"/>
#                </stratigraphicRange>
#                <stratigraphicRange id="r69" spec="sr.evolution.sranges.StratigraphicRange">
#                    <firstOccurrence id="t149_first" spec="beast.base.evolution.alignment.Taxon"/>
#                    <lastOccurrence idref="t149_first"/>
#                </stratigraphicRange>
#                <stratigraphicRange id="r70" spec="sr.evolution.sranges.StratigraphicRange">
#                    <firstOccurrence id="t366_first" spec="beast.base.evolution.alignment.Taxon"/>
#                    <lastOccurrence idref="t366_first"/>
#                </stratigraphicRange>
#                <stratigraphicRange id="r71" spec="sr.evolution.sranges.StratigraphicRange">
#                    <firstOccurrence id="t305_first" spec="beast.base.evolution.alignment.Taxon"/>
#                    <lastOccurrence idref="t305_first"/>
#                </stratigraphicRange>
#                <stratigraphicRange id="r72" spec="sr.evolution.sranges.StratigraphicRange">
#                    <firstOccurrence id="t24_first" spec="beast.base.evolution.alignment.Taxon"/>
#                    <lastOccurrence idref="t24_first"/>
#                </stratigraphicRange>
#                <stratigraphicRange id="r73" spec="sr.evolution.sranges.StratigraphicRange">
#                    <firstOccurrence id="t193_first" spec="beast.base.evolution.alignment.Taxon"/>
#                    <lastOccurrence idref="t193_first"/>
#                </stratigraphicRange>
#                <stratigraphicRange id="r74" spec="sr.evolution.sranges.StratigraphicRange">
#                    <firstOccurrence id="t384_first" spec="beast.base.evolution.alignment.Taxon"/>
#                    <lastOccurrence idref="t384_first"/>
#                </stratigraphicRange>
#                <stratigraphicRange id="r75" spec="sr.evolution.sranges.StratigraphicRange">
#                    <firstOccurrence id="t112_first" spec="beast.base.evolution.alignment.Taxon"/>
#                    <lastOccurrence idref="t112_first"/>
#                </stratigraphicRange>
#                <stratigraphicRange id="r76" spec="sr.evolution.sranges.StratigraphicRange">
#                    <firstOccurrence id="t188_first" spec="beast.base.evolution.alignment.Taxon"/>
#                    <lastOccurrence idref="t188_first"/>
#                </stratigraphicRange>
#                <stratigraphicRange id="r77" spec="sr.evolution.sranges.StratigraphicRange">
#                    <firstOccurrence id="t460_first" spec="beast.base.evolution.alignment.Taxon"/>
#                    <lastOccurrence idref="t460_first"/>
#                </stratigraphicRange>
#                <stratigraphicRange id="r78" spec="sr.evolution.sranges.StratigraphicRange">
#                    <firstOccurrence id="t73_first" spec="beast.base.evolution.alignment.Taxon"/>
#                    <lastOccurrence idref="t73_first"/>
#                </stratigraphicRange>
#                <stratigraphicRange id="r79" spec="sr.evolution.sranges.StratigraphicRange">
#                    <firstOccurrence id="t242_first" spec="beast.base.evolution.alignment.Taxon"/>
#                    <lastOccurrence idref="t242_first"/>
#                </stratigraphicRange>
#                <stratigraphicRange id="r80" spec="sr.evolution.sranges.StratigraphicRange">
#                    <firstOccurrence id="t234_first" spec="beast.base.evolution.alignment.Taxon"/>
#                    <lastOccurrence idref="t234_first"/>
#                </stratigraphicRange>
#                <stratigraphicRange id="r81" spec="sr.evolution.sranges.StratigraphicRange">
#                    <firstOccurrence id="t105_first" spec="beast.base.evolution.alignment.Taxon"/>
#                    <lastOccurrence idref="t105_first"/>
#                </stratigraphicRange>
#                <stratigraphicRange id="r82" spec="sr.evolution.sranges.StratigraphicRange">
#                    <firstOccurrence id="t343_first" spec="beast.base.evolution.alignment.Taxon"/>
#                    <lastOccurrence idref="t343_first"/>
#                </stratigraphicRange>
#                <stratigraphicRange id="r83" spec="sr.evolution.sranges.StratigraphicRange">
#                    <firstOccurrence id="t327_first" spec="beast.base.evolution.alignment.Taxon"/>
#                    <lastOccurrence idref="t327_first"/>
#                </stratigraphicRange>
#                <stratigraphicRange id="r84" spec="sr.evolution.sranges.StratigraphicRange">
#                    <firstOccurrence id="t155_first" spec="beast.base.evolution.alignment.Taxon"/>
#                    <lastOccurrence idref="t155_first"/>
#                </stratigraphicRange>
#                <stratigraphicRange id="r85" spec="sr.evolution.sranges.StratigraphicRange">
#                    <firstOccurrence id="t456_first" spec="beast.base.evolution.alignment.Taxon"/>
#                    <lastOccurrence idref="t456_first"/>
#                </stratigraphicRange>
#                <stratigraphicRange id="r86" spec="sr.evolution.sranges.StratigraphicRange">
#                    <firstOccurrence id="t297_first" spec="beast.base.evolution.alignment.Taxon"/>
#                    <lastOccurrence idref="t297_first"/>
#                </stratigraphicRange>
#                <stratigraphicRange id="r87" spec="sr.evolution.sranges.StratigraphicRange">
#                    <firstOccurrence id="t396_first" spec="beast.base.evolution.alignment.Taxon"/>
#                    <lastOccurrence idref="t396_first"/>
#                </stratigraphicRange>
#                <stratigraphicRange id="r88" spec="sr.evolution.sranges.StratigraphicRange">
#                    <firstOccurrence id="t283_first" spec="beast.base.evolution.alignment.Taxon"/>
#                    <lastOccurrence idref="t283_first"/>
#                </stratigraphicRange>
#                <stratigraphicRange id="r89" spec="sr.evolution.sranges.StratigraphicRange">
#                    <firstOccurrence id="t231_first" spec="beast.base.evolution.alignment.Taxon"/>
#                    <lastOccurrence idref="t231_first"/>
#                </stratigraphicRange>
#                <stratigraphicRange id="r90" spec="sr.evolution.sranges.StratigraphicRange">
#                    <firstOccurrence id="t166_first" spec="beast.base.evolution.alignment.Taxon"/>
#                    <lastOccurrence idref="t166_first"/>
#                </stratigraphicRange>
#                <stratigraphicRange id="r91" spec="sr.evolution.sranges.StratigraphicRange">
#                    <firstOccurrence id="t220_first" spec="beast.base.evolution.alignment.Taxon"/>
#                    <lastOccurrence idref="t220_first"/>
#                </stratigraphicRange>
#                <stratigraphicRange id="r92" spec="sr.evolution.sranges.StratigraphicRange">
#                    <firstOccurrence id="t160_first" spec="beast.base.evolution.alignment.Taxon"/>
#                    <lastOccurrence idref="t160_first"/>
#                </stratigraphicRange>
#                <stratigraphicRange id="r93" spec="sr.evolution.sranges.StratigraphicRange">
#                    <firstOccurrence id="t159_first" spec="beast.base.evolution.alignment.Taxon"/>
#                    <lastOccurrence idref="t159_first"/>
#                </stratigraphicRange>
#                <stratigraphicRange id="r94" spec="sr.evolution.sranges.StratigraphicRange">
#                    <firstOccurrence id="t101_first" spec="beast.base.evolution.alignment.Taxon"/>
#                    <lastOccurrence idref="t101_first"/>
#                </stratigraphicRange>
#                <stratigraphicRange id="r95" spec="sr.evolution.sranges.StratigraphicRange">
#                    <firstOccurrence id="t473_first" spec="beast.base.evolution.alignment.Taxon"/>
#                    <lastOccurrence idref="t473_first"/>
#                </stratigraphicRange>
#                <stratigraphicRange id="r96" spec="sr.evolution.sranges.StratigraphicRange">
#                    <firstOccurrence id="t200_first" spec="beast.base.evolution.alignment.Taxon"/>
#                    <lastOccurrence idref="t200_first"/>
#                </stratigraphicRange>
#                <stratigraphicRange id="r97" spec="sr.evolution.sranges.StratigraphicRange">
#                    <firstOccurrence id="t459_first" spec="beast.base.evolution.alignment.Taxon"/>
#                    <lastOccurrence idref="t459_first"/>
#                </stratigraphicRange>
#                <stratigraphicRange id="r98" spec="sr.evolution.sranges.StratigraphicRange">
#                    <firstOccurrence id="t163_first" spec="beast.base.evolution.alignment.Taxon"/>
#                    <lastOccurrence idref="t163_first"/>
#                </stratigraphicRange>
#                <stratigraphicRange id="r99" spec="sr.evolution.sranges.StratigraphicRange">
#                    <firstOccurrence id="t333_first" spec="beast.base.evolution.alignment.Taxon"/>
#                    <lastOccurrence idref="t333_first"/>
#                </stratigraphicRange>
#                <stratigraphicRange id="r100" spec="sr.evolution.sranges.StratigraphicRange">
#                    <firstOccurrence id="t153_first" spec="beast.base.evolution.alignment.Taxon"/>
#                    <lastOccurrence idref="t153_first"/>
#                </stratigraphicRange>
#                <stratigraphicRange id="r101" spec="sr.evolution.sranges.StratigraphicRange">
#                    <firstOccurrence id="t130_first" spec="beast.base.evolution.alignment.Taxon"/>
#                    <lastOccurrence idref="t130_first"/>
#                </stratigraphicRange>
#                <stratigraphicRange id="r102" spec="sr.evolution.sranges.StratigraphicRange">
#                    <firstOccurrence id="t245_first" spec="beast.base.evolution.alignment.Taxon"/>
#                    <lastOccurrence idref="t245_first"/>
#                </stratigraphicRange>
#                <stratigraphicRange id="r103" spec="sr.evolution.sranges.StratigraphicRange">
#                    <firstOccurrence id="t397_first" spec="beast.base.evolution.alignment.Taxon"/>
#                    <lastOccurrence idref="t397_first"/>
#                </stratigraphicRange>
#                <stratigraphicRange id="r104" spec="sr.evolution.sranges.StratigraphicRange">
#                    <firstOccurrence id="t342_first" spec="beast.base.evolution.alignment.Taxon"/>
#                    <lastOccurrence idref="t342_first"/>
#                </stratigraphicRange>
#                <stratigraphicRange id="r105" spec="sr.evolution.sranges.StratigraphicRange">
#                    <firstOccurrence id="t57_first" spec="beast.base.evolution.alignment.Taxon"/>
#                    <lastOccurrence idref="t57_first"/>
#                </stratigraphicRange>
#                <stratigraphicRange id="r106" spec="sr.evolution.sranges.StratigraphicRange">
#                    <firstOccurrence id="t37_first" spec="beast.base.evolution.alignment.Taxon"/>
#                    <lastOccurrence idref="t37_first"/>
#                </stratigraphicRange>
#                <stratigraphicRange id="r107" spec="sr.evolution.sranges.StratigraphicRange">
#                    <firstOccurrence id="t352_first" spec="beast.base.evolution.alignment.Taxon"/>
#                    <lastOccurrence idref="t352_first"/>
#                </stratigraphicRange>
#                <stratigraphicRange id="r108" spec="sr.evolution.sranges.StratigraphicRange">
#                    <firstOccurrence id="t147_first" spec="beast.base.evolution.alignment.Taxon"/>
#                    <lastOccurrence idref="t147_first"/>
#                </stratigraphicRange>
#                <stratigraphicRange id="r109" spec="sr.evolution.sranges.StratigraphicRange">
#                    <firstOccurrence id="t253_first" spec="beast.base.evolution.alignment.Taxon"/>
#                    <lastOccurrence idref="t253_first"/>
#                </stratigraphicRange>
#                <stratigraphicRange id="r110" spec="sr.evolution.sranges.StratigraphicRange">
#                    <firstOccurrence id="t328_first" spec="beast.base.evolution.alignment.Taxon"/>
#                    <lastOccurrence idref="t328_first"/>
#                </stratigraphicRange>
#                <stratigraphicRange id="r111" spec="sr.evolution.sranges.StratigraphicRange">
#                    <firstOccurrence id="t321_first" spec="beast.base.evolution.alignment.Taxon"/>
#                    <lastOccurrence idref="t321_first"/>
#                </stratigraphicRange>
#                <stratigraphicRange id="r112" spec="sr.evolution.sranges.StratigraphicRange">
#                    <firstOccurrence id="t419_first" spec="beast.base.evolution.alignment.Taxon"/>
#                    <lastOccurrence idref="t419_first"/>
#                </stratigraphicRange>
#                <stratigraphicRange id="r113" spec="sr.evolution.sranges.StratigraphicRange">
#                    <firstOccurrence id="t39_first" spec="beast.base.evolution.alignment.Taxon"/>
#                    <lastOccurrence idref="t39_first"/>
#                </stratigraphicRange>
#                <stratigraphicRange id="r114" spec="sr.evolution.sranges.StratigraphicRange">
#                    <firstOccurrence id="t239_first" spec="beast.base.evolution.alignment.Taxon"/>
#                    <lastOccurrence idref="t239_first"/>
#                </stratigraphicRange>
#                <stratigraphicRange id="r115" spec="sr.evolution.sranges.StratigraphicRange">
#                    <firstOccurrence id="t450_first" spec="beast.base.evolution.alignment.Taxon"/>
#                    <lastOccurrence idref="t450_first"/>
#                </stratigraphicRange>
#                <stratigraphicRange id="r116" spec="sr.evolution.sranges.StratigraphicRange">
#                    <firstOccurrence id="t351_first" spec="beast.base.evolution.alignment.Taxon"/>
#                    <lastOccurrence idref="t351_first"/>
#                </stratigraphicRange>
#                <stratigraphicRange id="r117" spec="sr.evolution.sranges.StratigraphicRange">
#                    <firstOccurrence id="t31_first" spec="beast.base.evolution.alignment.Taxon"/>
#                    <lastOccurrence idref="t31_first"/>
#                </stratigraphicRange>
#                <stratigraphicRange id="r118" spec="sr.evolution.sranges.StratigraphicRange">
#                    <firstOccurrence id="t137_first" spec="beast.base.evolution.alignment.Taxon"/>
#                    <lastOccurrence idref="t137_first"/>
#                </stratigraphicRange>
#                <stratigraphicRange id="r119" spec="sr.evolution.sranges.StratigraphicRange">
#                    <firstOccurrence id="t208_first" spec="beast.base.evolution.alignment.Taxon"/>
#                    <lastOccurrence idref="t208_first"/>
#                </stratigraphicRange>
#                <stratigraphicRange id="r120" spec="sr.evolution.sranges.StratigraphicRange">
#                    <firstOccurrence id="t197_first" spec="beast.base.evolution.alignment.Taxon"/>
#                    <lastOccurrence idref="t197_first"/>
#                </stratigraphicRange>
#                <stratigraphicRange id="r121" spec="sr.evolution.sranges.StratigraphicRange">
#                    <firstOccurrence id="t257_first" spec="beast.base.evolution.alignment.Taxon"/>
#                    <lastOccurrence idref="t257_first"/>
#                </stratigraphicRange>
#                <stratigraphicRange id="r122" spec="sr.evolution.sranges.StratigraphicRange">
#                    <firstOccurrence id="t190_first" spec="beast.base.evolution.alignment.Taxon"/>
#                    <lastOccurrence idref="t190_first"/>
#                </stratigraphicRange>
#                <stratigraphicRange id="r123" spec="sr.evolution.sranges.StratigraphicRange">
#                    <firstOccurrence id="t238_first" spec="beast.base.evolution.alignment.Taxon"/>
#                    <lastOccurrence idref="t238_first"/>
#                </stratigraphicRange>
#                <stratigraphicRange id="r124" spec="sr.evolution.sranges.StratigraphicRange">
#                    <firstOccurrence id="t170_first" spec="beast.base.evolution.alignment.Taxon"/>
#                    <lastOccurrence idref="t170_first"/>
#                </stratigraphicRange>
#                <stratigraphicRange id="r125" spec="sr.evolution.sranges.StratigraphicRange">
#                    <firstOccurrence id="t186_first" spec="beast.base.evolution.alignment.Taxon"/>
#                    <lastOccurrence idref="t186_first"/>
#                </stratigraphicRange>
#                <stratigraphicRange id="r126" spec="sr.evolution.sranges.StratigraphicRange">
#                    <firstOccurrence id="t385_first" spec="beast.base.evolution.alignment.Taxon"/>
#                    <lastOccurrence idref="t385_first"/>
#                </stratigraphicRange>
#                <stratigraphicRange id="r127" spec="sr.evolution.sranges.StratigraphicRange">
#                    <firstOccurrence id="t235_first" spec="beast.base.evolution.alignment.Taxon"/>
#                    <lastOccurrence idref="t235_first"/>
#                </stratigraphicRange>
#                <stratigraphicRange id="r128" spec="sr.evolution.sranges.StratigraphicRange">
#                    <firstOccurrence id="t285_first" spec="beast.base.evolution.alignment.Taxon"/>
#                    <lastOccurrence idref="t285_first"/>
#                </stratigraphicRange>
#                <stratigraphicRange id="r129" spec="sr.evolution.sranges.StratigraphicRange">
#                    <firstOccurrence id="t28_first" spec="beast.base.evolution.alignment.Taxon"/>
#                    <lastOccurrence idref="t28_first"/>
#                </stratigraphicRange>
#                <stratigraphicRange id="r130" spec="sr.evolution.sranges.StratigraphicRange">
#                    <firstOccurrence id="t182_first" spec="beast.base.evolution.alignment.Taxon"/>
#                    <lastOccurrence idref="t182_first"/>
#                </stratigraphicRange>
#                <stratigraphicRange id="r131" spec="sr.evolution.sranges.StratigraphicRange">
#                    <firstOccurrence id="t374_first" spec="beast.base.evolution.alignment.Taxon"/>
#                    <lastOccurrence idref="t374_first"/>
#                </stratigraphicRange>
#                <stratigraphicRange id="r132" spec="sr.evolution.sranges.StratigraphicRange">
#                    <firstOccurrence id="t86_first" spec="beast.base.evolution.alignment.Taxon"/>
#                    <lastOccurrence idref="t86_first"/>
#                </stratigraphicRange>
#                <stratigraphicRange id="r133" spec="sr.evolution.sranges.StratigraphicRange">
#                    <firstOccurrence id="t178_first" spec="beast.base.evolution.alignment.Taxon"/>
#                    <lastOccurrence idref="t178_first"/>
#                </stratigraphicRange>
#                <stratigraphicRange id="r134" spec="sr.evolution.sranges.StratigraphicRange">
#                    <firstOccurrence id="t288_first" spec="beast.base.evolution.alignment.Taxon"/>
#                    <lastOccurrence idref="t288_first"/>
#                </stratigraphicRange>
#                <stratigraphicRange id="r135" spec="sr.evolution.sranges.StratigraphicRange">
#                    <firstOccurrence id="t17_first" spec="beast.base.evolution.alignment.Taxon"/>
#                    <lastOccurrence idref="t17_first"/>
#                </stratigraphicRange>
#                <stratigraphicRange id="r136" spec="sr.evolution.sranges.StratigraphicRange">
#                    <firstOccurrence id="t474_first" spec="beast.base.evolution.alignment.Taxon"/>
#                    <lastOccurrence idref="t474_first"/>
#                </stratigraphicRange>
#                <stratigraphicRange id="r137" spec="sr.evolution.sranges.StratigraphicRange">
#                    <firstOccurrence id="t403_first" spec="beast.base.evolution.alignment.Taxon"/>
#                    <lastOccurrence idref="t403_first"/>
#                </stratigraphicRange>
#                <stratigraphicRange id="r138" spec="sr.evolution.sranges.StratigraphicRange">
#                    <firstOccurrence id="t119_first" spec="beast.base.evolution.alignment.Taxon"/>
#                    <lastOccurrence idref="t119_first"/>
#                </stratigraphicRange>
#                <stratigraphicRange id="r139" spec="sr.evolution.sranges.StratigraphicRange">
#                    <firstOccurrence id="t185_first" spec="beast.base.evolution.alignment.Taxon"/>
#                    <lastOccurrence idref="t185_first"/>
#                </stratigraphicRange>
#                <stratigraphicRange id="r140" spec="sr.evolution.sranges.StratigraphicRange">
#                    <firstOccurrence id="t53_first" spec="beast.base.evolution.alignment.Taxon"/>
#                    <lastOccurrence idref="t53_first"/>
#                </stratigraphicRange>
#                <stratigraphicRange id="r141" spec="sr.evolution.sranges.StratigraphicRange">
#                    <firstOccurrence id="t47_first" spec="beast.base.evolution.alignment.Taxon"/>
#                    <lastOccurrence idref="t47_first"/>
#                </stratigraphicRange>
#                <stratigraphicRange id="r142" spec="sr.evolution.sranges.StratigraphicRange">
#                    <firstOccurrence id="t51_first" spec="beast.base.evolution.alignment.Taxon"/>
#                    <lastOccurrence idref="t51_first"/>
#                </stratigraphicRange>
#                <stratigraphicRange id="r143" spec="sr.evolution.sranges.StratigraphicRange">
#                    <firstOccurrence id="t429_first" spec="beast.base.evolution.alignment.Taxon"/>
#                    <lastOccurrence idref="t429_first"/>
#                </stratigraphicRange>
#                <stratigraphicRange id="r144" spec="sr.evolution.sranges.StratigraphicRange">
#                    <firstOccurrence id="t6_first" spec="beast.base.evolution.alignment.Taxon"/>
#                    <lastOccurrence idref="t6_first"/>
#                </stratigraphicRange>
#                <stratigraphicRange id="r145" spec="sr.evolution.sranges.StratigraphicRange">
#                    <firstOccurrence id="t141_first" spec="beast.base.evolution.alignment.Taxon"/>
#                    <lastOccurrence idref="t141_first"/>
#                </stratigraphicRange>
#                <stratigraphicRange id="r146" spec="sr.evolution.sranges.StratigraphicRange">
#                    <firstOccurrence id="t213_first" spec="beast.base.evolution.alignment.Taxon"/>
#                    <lastOccurrence idref="t213_first"/>
#                </stratigraphicRange>
#                <stratigraphicRange id="r147" spec="sr.evolution.sranges.StratigraphicRange">
#                    <firstOccurrence id="t261_first" spec="beast.base.evolution.alignment.Taxon"/>
#                    <lastOccurrence idref="t261_first"/>
#                </stratigraphicRange>
#                <stratigraphicRange id="r148" spec="sr.evolution.sranges.StratigraphicRange">
#                    <firstOccurrence id="t246_first" spec="beast.base.evolution.alignment.Taxon"/>
#                    <lastOccurrence idref="t246_first"/>
#                </stratigraphicRange>
#                <stratigraphicRange id="r149" spec="sr.evolution.sranges.StratigraphicRange">
#                    <firstOccurrence id="t217_first" spec="beast.base.evolution.alignment.Taxon"/>
#                    <lastOccurrence idref="t217_first"/>
#                </stratigraphicRange>
#                <stratigraphicRange id="r150" spec="sr.evolution.sranges.StratigraphicRange">
#                    <firstOccurrence id="t205_first" spec="beast.base.evolution.alignment.Taxon"/>
#                    <lastOccurrence idref="t205_first"/>
#                </stratigraphicRange>
#                <stratigraphicRange id="r151" spec="sr.evolution.sranges.StratigraphicRange">
#                    <firstOccurrence id="t417_first" spec="beast.base.evolution.alignment.Taxon"/>
#                    <lastOccurrence idref="t417_first"/>
#                </stratigraphicRange>
#                <stratigraphicRange id="r152" spec="sr.evolution.sranges.StratigraphicRange">
#                    <firstOccurrence id="t452_first" spec="beast.base.evolution.alignment.Taxon"/>
#                    <lastOccurrence idref="t452_first"/>
#                </stratigraphicRange>
#                <stratigraphicRange id="r153" spec="sr.evolution.sranges.StratigraphicRange">
#                    <firstOccurrence id="t281_first" spec="beast.base.evolution.alignment.Taxon"/>
#                    <lastOccurrence idref="t281_first"/>
#                </stratigraphicRange>
#                <stratigraphicRange id="r154" spec="sr.evolution.sranges.StratigraphicRange">
#                    <firstOccurrence id="t330_first" spec="beast.base.evolution.alignment.Taxon"/>
#                    <lastOccurrence idref="t330_first"/>
#                </stratigraphicRange>
#                <stratigraphicRange id="r155" spec="sr.evolution.sranges.StratigraphicRange">
#                    <firstOccurrence id="t116_first" spec="beast.base.evolution.alignment.Taxon"/>
#                    <lastOccurrence idref="t116_first"/>
#                </stratigraphicRange>
#                <stratigraphicRange id="r156" spec="sr.evolution.sranges.StratigraphicRange">
#                    <firstOccurrence id="t380_first" spec="beast.base.evolution.alignment.Taxon"/>
#                    <lastOccurrence idref="t380_first"/>
#                </stratigraphicRange>
#                <stratigraphicRange id="r157" spec="sr.evolution.sranges.StratigraphicRange">
#                    <firstOccurrence id="t99_first" spec="beast.base.evolution.alignment.Taxon"/>
#                    <lastOccurrence idref="t99_first"/>
#                </stratigraphicRange>
#                <stratigraphicRange id="r158" spec="sr.evolution.sranges.StratigraphicRange">
#                    <firstOccurrence id="t4_first" spec="beast.base.evolution.alignment.Taxon"/>
#                    <lastOccurrence idref="t4_first"/>
#                </stratigraphicRange>
#                <stratigraphicRange id="r159" spec="sr.evolution.sranges.StratigraphicRange">
#                    <firstOccurrence id="t75_first" spec="beast.base.evolution.alignment.Taxon"/>
#                    <lastOccurrence idref="t75_first"/>
#                </stratigraphicRange>
#                <stratigraphicRange id="r160" spec="sr.evolution.sranges.StratigraphicRange">
#                    <firstOccurrence id="t310_first" spec="beast.base.evolution.alignment.Taxon"/>
#                    <lastOccurrence idref="t310_first"/>
#                </stratigraphicRange>
#                <stratigraphicRange id="r161" spec="sr.evolution.sranges.StratigraphicRange">
#                    <firstOccurrence id="t441_first" spec="beast.base.evolution.alignment.Taxon"/>
#                    <lastOccurrence idref="t441_first"/>
#                </stratigraphicRange>
#                <stratigraphicRange id="r162" spec="sr.evolution.sranges.StratigraphicRange">
#                    <firstOccurrence id="t458_first" spec="beast.base.evolution.alignment.Taxon"/>
#                    <lastOccurrence idref="t458_first"/>
#                </stratigraphicRange>
#                <stratigraphicRange id="r163" spec="sr.evolution.sranges.StratigraphicRange">
#                    <firstOccurrence id="t433_first" spec="beast.base.evolution.alignment.Taxon"/>
#                    <lastOccurrence idref="t433_first"/>
#                </stratigraphicRange>
#                <stratigraphicRange id="r164" spec="sr.evolution.sranges.StratigraphicRange">
#                    <firstOccurrence id="t279_first" spec="beast.base.evolution.alignment.Taxon"/>
#                    <lastOccurrence idref="t279_first"/>
#                </stratigraphicRange>
#                <stratigraphicRange id="r165" spec="sr.evolution.sranges.StratigraphicRange">
#                    <firstOccurrence id="t466_first" spec="beast.base.evolution.alignment.Taxon"/>
#                    <lastOccurrence idref="t466_first"/>
#                </stratigraphicRange>
#                <stratigraphicRange id="r166" spec="sr.evolution.sranges.StratigraphicRange">
#                    <firstOccurrence id="t122_first" spec="beast.base.evolution.alignment.Taxon"/>
#                    <lastOccurrence idref="t122_first"/>
#                </stratigraphicRange>
#                <stratigraphicRange id="r167" spec="sr.evolution.sranges.StratigraphicRange">
#                    <firstOccurrence id="t383_first" spec="beast.base.evolution.alignment.Taxon"/>
#                    <lastOccurrence idref="t383_first"/>
#                </stratigraphicRange>
#                <stratigraphicRange id="r168" spec="sr.evolution.sranges.StratigraphicRange">
#                    <firstOccurrence id="t287_first" spec="beast.base.evolution.alignment.Taxon"/>
#                    <lastOccurrence idref="t287_first"/>
#                </stratigraphicRange>
#                <stratigraphicRange id="r169" spec="sr.evolution.sranges.StratigraphicRange">
#                    <firstOccurrence id="t117_first" spec="beast.base.evolution.alignment.Taxon"/>
#                    <lastOccurrence idref="t117_first"/>
#                </stratigraphicRange>
#                <stratigraphicRange id="r170" spec="sr.evolution.sranges.StratigraphicRange">
#                    <firstOccurrence id="t95_first" spec="beast.base.evolution.alignment.Taxon"/>
#                    <lastOccurrence idref="t95_first"/>
#                </stratigraphicRange>
#                <stratigraphicRange id="r171" spec="sr.evolution.sranges.StratigraphicRange">
#                    <firstOccurrence id="t398_first" spec="beast.base.evolution.alignment.Taxon"/>
#                    <lastOccurrence idref="t398_first"/>
#                </stratigraphicRange>
#                <stratigraphicRange id="r172" spec="sr.evolution.sranges.StratigraphicRange">
#                    <firstOccurrence id="t189_first" spec="beast.base.evolution.alignment.Taxon"/>
#                    <lastOccurrence idref="t189_first"/>
#                </stratigraphicRange>
#                <stratigraphicRange id="r173" spec="sr.evolution.sranges.StratigraphicRange">
#                    <firstOccurrence id="t96_first" spec="beast.base.evolution.alignment.Taxon"/>
#                    <lastOccurrence idref="t96_first"/>
#                </stratigraphicRange>
#                <stratigraphicRange id="r174" spec="sr.evolution.sranges.StratigraphicRange">
#                    <firstOccurrence id="t230_first" spec="beast.base.evolution.alignment.Taxon"/>
#                    <lastOccurrence idref="t230_first"/>
#                </stratigraphicRange>
#                <stratigraphicRange id="r175" spec="sr.evolution.sranges.StratigraphicRange">
#                    <firstOccurrence id="t13_first" spec="beast.base.evolution.alignment.Taxon"/>
#                    <lastOccurrence idref="t13_first"/>
#                </stratigraphicRange>
#                <stratigraphicRange id="r176" spec="sr.evolution.sranges.StratigraphicRange">
#                    <firstOccurrence id="t229_first" spec="beast.base.evolution.alignment.Taxon"/>
#                    <lastOccurrence idref="t229_first"/>
#                </stratigraphicRange>
#                <stratigraphicRange id="r177" spec="sr.evolution.sranges.StratigraphicRange">
#                    <firstOccurrence id="t324_first" spec="beast.base.evolution.alignment.Taxon"/>
#                    <lastOccurrence idref="t324_first"/>
#                </stratigraphicRange>
#                <stratigraphicRange id="r178" spec="sr.evolution.sranges.StratigraphicRange">
#                    <firstOccurrence id="t271_first" spec="beast.base.evolution.alignment.Taxon"/>
#                    <lastOccurrence idref="t271_first"/>
#                </stratigraphicRange>
#                <stratigraphicRange id="r179" spec="sr.evolution.sranges.StratigraphicRange">
#                    <firstOccurrence id="t420_first" spec="beast.base.evolution.alignment.Taxon"/>
#                    <lastOccurrence idref="t420_first"/>
#                </stratigraphicRange>
#                <stratigraphicRange id="r180" spec="sr.evolution.sranges.StratigraphicRange">
#                    <firstOccurrence id="t399_first" spec="beast.base.evolution.alignment.Taxon"/>
#                    <lastOccurrence idref="t399_first"/>
#                </stratigraphicRange>
#                <stratigraphicRange id="r181" spec="sr.evolution.sranges.StratigraphicRange">
#                    <firstOccurrence id="t69_first" spec="beast.base.evolution.alignment.Taxon"/>
#                    <lastOccurrence idref="t69_first"/>
#                </stratigraphicRange>
#                <stratigraphicRange id="r182" spec="sr.evolution.sranges.StratigraphicRange">
#                    <firstOccurrence id="t164_first" spec="beast.base.evolution.alignment.Taxon"/>
#                    <lastOccurrence idref="t164_first"/>
#                </stratigraphicRange>
#                <stratigraphicRange id="r183" spec="sr.evolution.sranges.StratigraphicRange">
#                    <firstOccurrence id="t428_first" spec="beast.base.evolution.alignment.Taxon"/>
#                    <lastOccurrence idref="t428_first"/>
#                </stratigraphicRange>
#                <stratigraphicRange id="r184" spec="sr.evolution.sranges.StratigraphicRange">
#                    <firstOccurrence id="t209_first" spec="beast.base.evolution.alignment.Taxon"/>
#                    <lastOccurrence idref="t209_first"/>
#                </stratigraphicRange>
#                <stratigraphicRange id="r185" spec="sr.evolution.sranges.StratigraphicRange">
#                    <firstOccurrence id="t121_first" spec="beast.base.evolution.alignment.Taxon"/>
#                    <lastOccurrence idref="t121_first"/>
#                </stratigraphicRange>
#                <stratigraphicRange id="r186" spec="sr.evolution.sranges.StratigraphicRange">
#                    <firstOccurrence id="t451_first" spec="beast.base.evolution.alignment.Taxon"/>
#                    <lastOccurrence idref="t451_first"/>
#                </stratigraphicRange>
#                <stratigraphicRange id="r187" spec="sr.evolution.sranges.StratigraphicRange">
#                    <firstOccurrence id="t277_first" spec="beast.base.evolution.alignment.Taxon"/>
#                    <lastOccurrence idref="t277_first"/>
#                </stratigraphicRange>
#                <stratigraphicRange id="r188" spec="sr.evolution.sranges.StratigraphicRange">
#                    <firstOccurrence id="t469_first" spec="beast.base.evolution.alignment.Taxon"/>
#                    <lastOccurrence idref="t469_first"/>
#                </stratigraphicRange>
#                <stratigraphicRange id="r189" spec="sr.evolution.sranges.StratigraphicRange">
#                    <firstOccurrence id="t72_first" spec="beast.base.evolution.alignment.Taxon"/>
#                    <lastOccurrence idref="t72_first"/>
#                </stratigraphicRange>
#                <stratigraphicRange id="r190" spec="sr.evolution.sranges.StratigraphicRange">
#                    <firstOccurrence id="t204_first" spec="beast.base.evolution.alignment.Taxon"/>
#                    <lastOccurrence idref="t204_first"/>
#                </stratigraphicRange>
#                <stratigraphicRange id="r191" spec="sr.evolution.sranges.StratigraphicRange">
#                    <firstOccurrence id="t59_first" spec="beast.base.evolution.alignment.Taxon"/>
#                    <lastOccurrence idref="t59_first"/>
#                </stratigraphicRange>
#                <stratigraphicRange id="r192" spec="sr.evolution.sranges.StratigraphicRange">
#                    <firstOccurrence id="t300_first" spec="beast.base.evolution.alignment.Taxon"/>
#                    <lastOccurrence idref="t300_first"/>
#                </stratigraphicRange>
#                <stratigraphicRange id="r193" spec="sr.evolution.sranges.StratigraphicRange">
#                    <firstOccurrence id="t259_first" spec="beast.base.evolution.alignment.Taxon"/>
#                    <lastOccurrence idref="t259_first"/>
#                </stratigraphicRange>
#                <stratigraphicRange id="r194" spec="sr.evolution.sranges.StratigraphicRange">
#                    <firstOccurrence id="t256_first" spec="beast.base.evolution.alignment.Taxon"/>
#                    <lastOccurrence idref="t256_first"/>
#                </stratigraphicRange>
#                <stratigraphicRange id="r195" spec="sr.evolution.sranges.StratigraphicRange">
#                    <firstOccurrence id="t339_first" spec="beast.base.evolution.alignment.Taxon"/>
#                    <lastOccurrence idref="t339_first"/>
#                </stratigraphicRange>
#                <stratigraphicRange id="r196" spec="sr.evolution.sranges.StratigraphicRange">
#                    <firstOccurrence id="t414_first" spec="beast.base.evolution.alignment.Taxon"/>
#                    <lastOccurrence idref="t414_first"/>
#                </stratigraphicRange>
#                <stratigraphicRange id="r197" spec="sr.evolution.sranges.StratigraphicRange">
#                    <firstOccurrence id="t76_first" spec="beast.base.evolution.alignment.Taxon"/>
#                    <lastOccurrence idref="t76_first"/>
#                </stratigraphicRange>
#                <stratigraphicRange id="r198" spec="sr.evolution.sranges.StratigraphicRange">
#                    <firstOccurrence id="t142_first" spec="beast.base.evolution.alignment.Taxon"/>
#                    <lastOccurrence idref="t142_first"/>
#                </stratigraphicRange>
#                <stratigraphicRange id="r199" spec="sr.evolution.sranges.StratigraphicRange">
#                    <firstOccurrence id="t408_first" spec="beast.base.evolution.alignment.Taxon"/>
#                    <lastOccurrence idref="t408_first"/>
#                </stratigraphicRange>
#                <stratigraphicRange id="r200" spec="sr.evolution.sranges.StratigraphicRange">
#                    <firstOccurrence id="t336_first" spec="beast.base.evolution.alignment.Taxon"/>
#                    <lastOccurrence idref="t336_first"/>
#                </stratigraphicRange>
#                <stratigraphicRange id="r201" spec="sr.evolution.sranges.StratigraphicRange">
#                    <firstOccurrence id="t262_first" spec="beast.base.evolution.alignment.Taxon"/>
#                    <lastOccurrence idref="t262_first"/>
#                </stratigraphicRange>
#                <stratigraphicRange id="r202" spec="sr.evolution.sranges.StratigraphicRange">
#                    <firstOccurrence id="t177_first" spec="beast.base.evolution.alignment.Taxon"/>
#                    <lastOccurrence idref="t177_first"/>
#                </stratigraphicRange>
#                <stratigraphicRange id="r203" spec="sr.evolution.sranges.StratigraphicRange">
#                    <firstOccurrence id="t475_first" spec="beast.base.evolution.alignment.Taxon"/>
#                    <lastOccurrence idref="t475_first"/>
#                </stratigraphicRange>
#                <stratigraphicRange id="r204" spec="sr.evolution.sranges.StratigraphicRange">
#                    <firstOccurrence id="t425_first" spec="beast.base.evolution.alignment.Taxon"/>
#                    <lastOccurrence idref="t425_first"/>
#                </stratigraphicRange>
#                <stratigraphicRange id="r205" spec="sr.evolution.sranges.StratigraphicRange">
#                    <firstOccurrence id="t345_first" spec="beast.base.evolution.alignment.Taxon"/>
#                    <lastOccurrence idref="t345_first"/>
#                </stratigraphicRange>
#                <stratigraphicRange id="r206" spec="sr.evolution.sranges.StratigraphicRange">
#                    <firstOccurrence id="t367_first" spec="beast.base.evolution.alignment.Taxon"/>
#                    <lastOccurrence idref="t367_first"/>
#                </stratigraphicRange>
#                <stratigraphicRange id="r207" spec="sr.evolution.sranges.StratigraphicRange">
#                    <firstOccurrence id="t195_first" spec="beast.base.evolution.alignment.Taxon"/>
#                    <lastOccurrence idref="t195_first"/>
#                </stratigraphicRange>
#                <stratigraphicRange id="r208" spec="sr.evolution.sranges.StratigraphicRange">
#                    <firstOccurrence id="t125_first" spec="beast.base.evolution.alignment.Taxon"/>
#                    <lastOccurrence idref="t125_first"/>
#                </stratigraphicRange>
#                <stratigraphicRange id="r209" spec="sr.evolution.sranges.StratigraphicRange">
#                    <firstOccurrence id="t120_first" spec="beast.base.evolution.alignment.Taxon"/>
#                    <lastOccurrence idref="t120_first"/>
#                </stratigraphicRange>
#                <stratigraphicRange id="r210" spec="sr.evolution.sranges.StratigraphicRange">
#                    <firstOccurrence id="t316_first" spec="beast.base.evolution.alignment.Taxon"/>
#                    <lastOccurrence idref="t316_first"/>
#                </stratigraphicRange>
#                <stratigraphicRange id="r211" spec="sr.evolution.sranges.StratigraphicRange">
#                    <firstOccurrence id="t54_first" spec="beast.base.evolution.alignment.Taxon"/>
#                    <lastOccurrence idref="t54_first"/>
#                </stratigraphicRange>
#                <stratigraphicRange id="r212" spec="sr.evolution.sranges.StratigraphicRange">
#                    <firstOccurrence id="t443_first" spec="beast.base.evolution.alignment.Taxon"/>
#                    <lastOccurrence idref="t443_first"/>
#                </stratigraphicRange>
#                <stratigraphicRange id="r213" spec="sr.evolution.sranges.StratigraphicRange">
#                    <firstOccurrence id="t84_first" spec="beast.base.evolution.alignment.Taxon"/>
#                    <lastOccurrence idref="t84_first"/>
#                </stratigraphicRange>
#                <stratigraphicRange id="r214" spec="sr.evolution.sranges.StratigraphicRange">
#                    <firstOccurrence id="t289_first" spec="beast.base.evolution.alignment.Taxon"/>
#                    <lastOccurrence idref="t289_first"/>
#                </stratigraphicRange>
#                <stratigraphicRange id="r215" spec="sr.evolution.sranges.StratigraphicRange">
#                    <firstOccurrence id="t30_first" spec="beast.base.evolution.alignment.Taxon"/>
#                    <lastOccurrence idref="t30_first"/>
#                </stratigraphicRange>
#                <stratigraphicRange id="r216" spec="sr.evolution.sranges.StratigraphicRange">
#                    <firstOccurrence id="t2_first" spec="beast.base.evolution.alignment.Taxon"/>
#                    <lastOccurrence idref="t2_first"/>
#                </stratigraphicRange>
#                <stratigraphicRange id="r217" spec="sr.evolution.sranges.StratigraphicRange">
#                    <firstOccurrence id="t113_first" spec="beast.base.evolution.alignment.Taxon"/>
#                    <lastOccurrence idref="t113_first"/>
#                </stratigraphicRange>
#                <stratigraphicRange id="r218" spec="sr.evolution.sranges.StratigraphicRange">
#                    <firstOccurrence id="t78_first" spec="beast.base.evolution.alignment.Taxon"/>
#                    <lastOccurrence idref="t78_first"/>
#                </stratigraphicRange>
#                <stratigraphicRange id="r219" spec="sr.evolution.sranges.StratigraphicRange">
#                    <firstOccurrence id="t478_first" spec="beast.base.evolution.alignment.Taxon"/>
#                    <lastOccurrence idref="t478_first"/>
#                </stratigraphicRange>
#                <stratigraphicRange id="r220" spec="sr.evolution.sranges.StratigraphicRange">
#                    <firstOccurrence id="t131_first" spec="beast.base.evolution.alignment.Taxon"/>
#                    <lastOccurrence idref="t131_first"/>
#                </stratigraphicRange>
#                <stratigraphicRange id="r221" spec="sr.evolution.sranges.StratigraphicRange">
#                    <firstOccurrence id="t161_first" spec="beast.base.evolution.alignment.Taxon"/>
#                    <lastOccurrence idref="t161_first"/>
#                </stratigraphicRange>
#                <stratigraphicRange id="r222" spec="sr.evolution.sranges.StratigraphicRange">
#                    <firstOccurrence id="t446_first" spec="beast.base.evolution.alignment.Taxon"/>
#                    <lastOccurrence idref="t446_first"/>
#                </stratigraphicRange>
#                <stratigraphicRange id="r223" spec="sr.evolution.sranges.StratigraphicRange">
#                    <firstOccurrence id="t401_first" spec="beast.base.evolution.alignment.Taxon"/>
#                    <lastOccurrence idref="t401_first"/>
#                </stratigraphicRange>
#                <stratigraphicRange id="r224" spec="sr.evolution.sranges.StratigraphicRange">
#                    <firstOccurrence id="t464_first" spec="beast.base.evolution.alignment.Taxon"/>
#                    <lastOccurrence idref="t464_first"/>
#                </stratigraphicRange>
#                <stratigraphicRange id="r225" spec="sr.evolution.sranges.StratigraphicRange">
#                    <firstOccurrence id="t269_first" spec="beast.base.evolution.alignment.Taxon"/>
#                    <lastOccurrence idref="t269_first"/>
#                </stratigraphicRange>
#                <stratigraphicRange id="r226" spec="sr.evolution.sranges.StratigraphicRange">
#                    <firstOccurrence id="t123_first" spec="beast.base.evolution.alignment.Taxon"/>
#                    <lastOccurrence idref="t123_first"/>
#                </stratigraphicRange>
#                <stratigraphicRange id="r227" spec="sr.evolution.sranges.StratigraphicRange">
#                    <firstOccurrence id="t104_first" spec="beast.base.evolution.alignment.Taxon"/>
#                    <lastOccurrence idref="t104_first"/>
#                </stratigraphicRange>
#                <stratigraphicRange id="r228" spec="sr.evolution.sranges.StratigraphicRange">
#                    <firstOccurrence id="t348_first" spec="beast.base.evolution.alignment.Taxon"/>
#                    <lastOccurrence idref="t348_first"/>
#                </stratigraphicRange>
#                <stratigraphicRange id="r229" spec="sr.evolution.sranges.StratigraphicRange">
#                    <firstOccurrence id="t354_first" spec="beast.base.evolution.alignment.Taxon"/>
#                    <lastOccurrence idref="t354_first"/>
#                </stratigraphicRange>
#                <stratigraphicRange id="r230" spec="sr.evolution.sranges.StratigraphicRange">
#                    <firstOccurrence id="t431_first" spec="beast.base.evolution.alignment.Taxon"/>
#                    <lastOccurrence idref="t431_first"/>
#                </stratigraphicRange>
#                <stratigraphicRange id="r231" spec="sr.evolution.sranges.StratigraphicRange">
#                    <firstOccurrence id="t70_first" spec="beast.base.evolution.alignment.Taxon"/>
#                    <lastOccurrence idref="t70_first"/>
#                </stratigraphicRange>
#                <stratigraphicRange id="r232" spec="sr.evolution.sranges.StratigraphicRange">
#                    <firstOccurrence id="t174_first" spec="beast.base.evolution.alignment.Taxon"/>
#                    <lastOccurrence idref="t174_first"/>
#                </stratigraphicRange>
#                <stratigraphicRange id="r233" spec="sr.evolution.sranges.StratigraphicRange">
#                    <firstOccurrence id="t243_first" spec="beast.base.evolution.alignment.Taxon"/>
#                    <lastOccurrence idref="t243_first"/>
#                </stratigraphicRange>
#                <stratigraphicRange id="r234" spec="sr.evolution.sranges.StratigraphicRange">
#                    <firstOccurrence id="t438_first" spec="beast.base.evolution.alignment.Taxon"/>
#                    <lastOccurrence idref="t438_first"/>
#                </stratigraphicRange>
#                <stratigraphicRange id="r235" spec="sr.evolution.sranges.StratigraphicRange">
#                    <firstOccurrence id="t165_first" spec="beast.base.evolution.alignment.Taxon"/>
#                    <lastOccurrence idref="t165_first"/>
#                </stratigraphicRange>
#                <stratigraphicRange id="r236" spec="sr.evolution.sranges.StratigraphicRange">
#                    <firstOccurrence id="t23_first" spec="beast.base.evolution.alignment.Taxon"/>
#                    <lastOccurrence idref="t23_first"/>
#                </stratigraphicRange>
#                <stratigraphicRange id="r237" spec="sr.evolution.sranges.StratigraphicRange">
#                    <firstOccurrence id="t33_first" spec="beast.base.evolution.alignment.Taxon"/>
#                    <lastOccurrence idref="t33_first"/>
#                </stratigraphicRange>
#                <stratigraphicRange id="r238" spec="sr.evolution.sranges.StratigraphicRange">
#                    <firstOccurrence id="t250_first" spec="beast.base.evolution.alignment.Taxon"/>
#                    <lastOccurrence idref="t250_first"/>
#                </stratigraphicRange>
#                <stratigraphicRange id="r239" spec="sr.evolution.sranges.StratigraphicRange">
#                    <firstOccurrence id="t349_first" spec="beast.base.evolution.alignment.Taxon"/>
#                    <lastOccurrence idref="t349_first"/>
#                </stratigraphicRange>
#                <stratigraphicRange id="r240" spec="sr.evolution.sranges.StratigraphicRange">
#                    <firstOccurrence id="t169_first" spec="beast.base.evolution.alignment.Taxon"/>
#                    <lastOccurrence idref="t169_first"/>
#                </stratigraphicRange>
#                <stratigraphicRange id="r241" spec="sr.evolution.sranges.StratigraphicRange">
#                    <firstOccurrence id="t319_first" spec="beast.base.evolution.alignment.Taxon"/>
#                    <lastOccurrence idref="t319_first"/>
#                </stratigraphicRange>
#                <stratigraphicRange id="r242" spec="sr.evolution.sranges.StratigraphicRange">
#                    <firstOccurrence id="t240_first" spec="beast.base.evolution.alignment.Taxon"/>
#                    <lastOccurrence idref="t240_first"/>
#                </stratigraphicRange>
#                <stratigraphicRange id="r243" spec="sr.evolution.sranges.StratigraphicRange">
#                    <firstOccurrence id="t191_first" spec="beast.base.evolution.alignment.Taxon"/>
#                    <lastOccurrence idref="t191_first"/>
#                </stratigraphicRange>
#                <stratigraphicRange id="r244" spec="sr.evolution.sranges.StratigraphicRange">
#                    <firstOccurrence id="t391_first" spec="beast.base.evolution.alignment.Taxon"/>
#                    <lastOccurrence idref="t391_first"/>
#                </stratigraphicRange>
#                <stratigraphicRange id="r245" spec="sr.evolution.sranges.StratigraphicRange">
#                    <firstOccurrence id="t156_first" spec="beast.base.evolution.alignment.Taxon"/>
#                    <lastOccurrence idref="t156_first"/>
#                </stratigraphicRange>
#                <stratigraphicRange id="r246" spec="sr.evolution.sranges.StratigraphicRange">
#                    <firstOccurrence id="t138_first" spec="beast.base.evolution.alignment.Taxon"/>
#                    <lastOccurrence idref="t138_first"/>
#                </stratigraphicRange>
#                <stratigraphicRange id="r247" spec="sr.evolution.sranges.StratigraphicRange">
#                    <firstOccurrence id="t110_first" spec="beast.base.evolution.alignment.Taxon"/>
#                    <lastOccurrence idref="t110_first"/>
#                </stratigraphicRange>
#                <stratigraphicRange id="r248" spec="sr.evolution.sranges.StratigraphicRange">
#                    <firstOccurrence id="t357_first" spec="beast.base.evolution.alignment.Taxon"/>
#                    <lastOccurrence idref="t357_first"/>
#                </stratigraphicRange>
#                <stratigraphicRange id="r249" spec="sr.evolution.sranges.StratigraphicRange">
#                    <firstOccurrence id="t7_first" spec="beast.base.evolution.alignment.Taxon"/>
#                    <lastOccurrence idref="t7_first"/>
#                </stratigraphicRange>
#                <stratigraphicRange id="r250" spec="sr.evolution.sranges.StratigraphicRange">
#                    <firstOccurrence id="t201_first" spec="beast.base.evolution.alignment.Taxon"/>
#                    <lastOccurrence idref="t201_first"/>
#                </stratigraphicRange>
#                <stratigraphicRange id="r251" spec="sr.evolution.sranges.StratigraphicRange">
#                    <firstOccurrence id="t389_first" spec="beast.base.evolution.alignment.Taxon"/>
#                    <lastOccurrence idref="t389_first"/>
#                </stratigraphicRange>
#                <stratigraphicRange id="r252" spec="sr.evolution.sranges.StratigraphicRange">
#                    <firstOccurrence id="t461_first" spec="beast.base.evolution.alignment.Taxon"/>
#                    <lastOccurrence idref="t461_first"/>
#                </stratigraphicRange>
#                <stratigraphicRange id="r253" spec="sr.evolution.sranges.StratigraphicRange">
#                    <firstOccurrence id="t8_first" spec="beast.base.evolution.alignment.Taxon"/>
#                    <lastOccurrence idref="t8_first"/>
#                </stratigraphicRange>
#                <stratigraphicRange id="r254" spec="sr.evolution.sranges.StratigraphicRange">
#                    <firstOccurrence id="t375_first" spec="beast.base.evolution.alignment.Taxon"/>
#                    <lastOccurrence idref="t375_first"/>
#                </stratigraphicRange>
#                <stratigraphicRange id="r255" spec="sr.evolution.sranges.StratigraphicRange">
#                    <firstOccurrence id="t216_first" spec="beast.base.evolution.alignment.Taxon"/>
#                    <lastOccurrence idref="t216_first"/>
#                </stratigraphicRange>
#                <stratigraphicRange id="r256" spec="sr.evolution.sranges.StratigraphicRange">
#                    <firstOccurrence id="t378_first" spec="beast.base.evolution.alignment.Taxon"/>
#                    <lastOccurrence idref="t378_first"/>
#                </stratigraphicRange>
#                <stratigraphicRange id="r257" spec="sr.evolution.sranges.StratigraphicRange">
#                    <firstOccurrence id="t100_first" spec="beast.base.evolution.alignment.Taxon"/>
#                    <lastOccurrence idref="t100_first"/>
#                </stratigraphicRange>
#                <stratigraphicRange id="r258" spec="sr.evolution.sranges.StratigraphicRange">
#                    <firstOccurrence id="t124_first" spec="beast.base.evolution.alignment.Taxon"/>
#                    <lastOccurrence idref="t124_first"/>
#                </stratigraphicRange>
#                <stratigraphicRange id="r259" spec="sr.evolution.sranges.StratigraphicRange">
#                    <firstOccurrence id="t3_first" spec="beast.base.evolution.alignment.Taxon"/>
#                    <lastOccurrence idref="t3_first"/>
#                </stratigraphicRange>
#                <stratigraphicRange id="r260" spec="sr.evolution.sranges.StratigraphicRange">
#                    <firstOccurrence id="t376_first" spec="beast.base.evolution.alignment.Taxon"/>
#                    <lastOccurrence idref="t376_first"/>
#                </stratigraphicRange>
#                <stratigraphicRange id="r261" spec="sr.evolution.sranges.StratigraphicRange">
#                    <firstOccurrence id="t223_first" spec="beast.base.evolution.alignment.Taxon"/>
#                    <lastOccurrence idref="t223_first"/>
#                </stratigraphicRange>
#                <stratigraphicRange id="r262" spec="sr.evolution.sranges.StratigraphicRange">
#                    <firstOccurrence id="t98_first" spec="beast.base.evolution.alignment.Taxon"/>
#                    <lastOccurrence idref="t98_first"/>
#                </stratigraphicRange>
#                <stratigraphicRange id="r263" spec="sr.evolution.sranges.StratigraphicRange">
#                    <firstOccurrence id="t432_first" spec="beast.base.evolution.alignment.Taxon"/>
#                    <lastOccurrence idref="t432_first"/>
#                </stratigraphicRange>
#                <stratigraphicRange id="r264" spec="sr.evolution.sranges.StratigraphicRange">
#                    <firstOccurrence id="t369_first" spec="beast.base.evolution.alignment.Taxon"/>
#                    <lastOccurrence idref="t369_first"/>
#                </stratigraphicRange>
#                <stratigraphicRange id="r265" spec="sr.evolution.sranges.StratigraphicRange">
#                    <firstOccurrence id="t18_first" spec="beast.base.evolution.alignment.Taxon"/>
#                    <lastOccurrence idref="t18_first"/>
#                </stratigraphicRange>
#                <stratigraphicRange id="r266" spec="sr.evolution.sranges.StratigraphicRange">
#                    <firstOccurrence id="t103_first" spec="beast.base.evolution.alignment.Taxon"/>
#                    <lastOccurrence idref="t103_first"/>
#                </stratigraphicRange>
#                <stratigraphicRange id="r267" spec="sr.evolution.sranges.StratigraphicRange">
#                    <firstOccurrence id="t372_first" spec="beast.base.evolution.alignment.Taxon"/>
#                    <lastOccurrence idref="t372_first"/>
#                </stratigraphicRange>
#                <stratigraphicRange id="r268" spec="sr.evolution.sranges.StratigraphicRange">
#                    <firstOccurrence id="t365_first" spec="beast.base.evolution.alignment.Taxon"/>
#                    <lastOccurrence idref="t365_first"/>
#                </stratigraphicRange>
#                <stratigraphicRange id="r269" spec="sr.evolution.sranges.StratigraphicRange">
#                    <firstOccurrence id="t393_first" spec="beast.base.evolution.alignment.Taxon"/>
#                    <lastOccurrence idref="t393_first"/>
#                </stratigraphicRange>
#                <stratigraphicRange id="r270" spec="sr.evolution.sranges.StratigraphicRange">
#                    <firstOccurrence id="t212_first" spec="beast.base.evolution.alignment.Taxon"/>
#                    <lastOccurrence idref="t212_first"/>
#                </stratigraphicRange>
#                <stratigraphicRange id="r271" spec="sr.evolution.sranges.StratigraphicRange">
#                    <firstOccurrence id="t162_first" spec="beast.base.evolution.alignment.Taxon"/>
#                    <lastOccurrence idref="t162_first"/>
#                </stratigraphicRange>
#                <stratigraphicRange id="r272" spec="sr.evolution.sranges.StratigraphicRange">
#                    <firstOccurrence id="t27_first" spec="beast.base.evolution.alignment.Taxon"/>
#                    <lastOccurrence idref="t27_first"/>
#                </stratigraphicRange>
#                <stratigraphicRange id="r273" spec="sr.evolution.sranges.StratigraphicRange">
#                    <firstOccurrence id="t9_first" spec="beast.base.evolution.alignment.Taxon"/>
#                    <lastOccurrence idref="t9_first"/>
#                </stratigraphicRange>
#                <stratigraphicRange id="r274" spec="sr.evolution.sranges.StratigraphicRange">
#                    <firstOccurrence id="t41_first" spec="beast.base.evolution.alignment.Taxon"/>
#                    <lastOccurrence idref="t41_first"/>
#                </stratigraphicRange>
#                <stratigraphicRange id="r275" spec="sr.evolution.sranges.StratigraphicRange">
#                    <firstOccurrence id="t85_first" spec="beast.base.evolution.alignment.Taxon"/>
#                    <lastOccurrence idref="t85_first"/>
#                </stratigraphicRange>
#                <stratigraphicRange id="r276" spec="sr.evolution.sranges.StratigraphicRange">
#                    <firstOccurrence id="t20_first" spec="beast.base.evolution.alignment.Taxon"/>
#                    <lastOccurrence idref="t20_first"/>
#                </stratigraphicRange>
#                <stratigraphicRange id="r277" spec="sr.evolution.sranges.StratigraphicRange">
#                    <firstOccurrence id="t68_first" spec="beast.base.evolution.alignment.Taxon"/>
#                    <lastOccurrence idref="t68_first"/>
#                </stratigraphicRange>
#                <stratigraphicRange id="r278" spec="sr.evolution.sranges.StratigraphicRange">
#                    <firstOccurrence id="t338_first" spec="beast.base.evolution.alignment.Taxon"/>
#                    <lastOccurrence idref="t338_first"/>
#                </stratigraphicRange>
#                <stratigraphicRange id="r279" spec="sr.evolution.sranges.StratigraphicRange">
#                    <firstOccurrence id="t337_first" spec="beast.base.evolution.alignment.Taxon"/>
#                    <lastOccurrence idref="t337_first"/>
#                </stratigraphicRange>
#                <stratigraphicRange id="r280" spec="sr.evolution.sranges.StratigraphicRange">
#                    <firstOccurrence id="t423_first" spec="beast.base.evolution.alignment.Taxon"/>
#                    <lastOccurrence idref="t423_first"/>
#                </stratigraphicRange>
#                <stratigraphicRange id="r281" spec="sr.evolution.sranges.StratigraphicRange">
#                    <firstOccurrence id="t227_first" spec="beast.base.evolution.alignment.Taxon"/>
#                    <lastOccurrence idref="t227_first"/>
#                </stratigraphicRange>
#                <stratigraphicRange id="r282" spec="sr.evolution.sranges.StratigraphicRange">
#                    <firstOccurrence id="t387_first" spec="beast.base.evolution.alignment.Taxon"/>
#                    <lastOccurrence idref="t387_first"/>
#                </stratigraphicRange>
#                <stratigraphicRange id="r283" spec="sr.evolution.sranges.StratigraphicRange">
#                    <firstOccurrence id="t132_first" spec="beast.base.evolution.alignment.Taxon"/>
#                    <lastOccurrence idref="t132_first"/>
#                </stratigraphicRange>
#                <stratigraphicRange id="r284" spec="sr.evolution.sranges.StratigraphicRange">
#                    <firstOccurrence id="t325_first" spec="beast.base.evolution.alignment.Taxon"/>
#                    <lastOccurrence idref="t325_first"/>
#                </stratigraphicRange>
#                <stratigraphicRange id="r285" spec="sr.evolution.sranges.StratigraphicRange">
#                    <firstOccurrence id="t187_first" spec="beast.base.evolution.alignment.Taxon"/>
#                    <lastOccurrence idref="t187_first"/>
#                </stratigraphicRange>
#                <stratigraphicRange id="r286" spec="sr.evolution.sranges.StratigraphicRange">
#                    <firstOccurrence id="t183_first" spec="beast.base.evolution.alignment.Taxon"/>
#                    <lastOccurrence idref="t183_first"/>
#                </stratigraphicRange>
#                <stratigraphicRange id="r287" spec="sr.evolution.sranges.StratigraphicRange">
#                    <firstOccurrence id="t55_first" spec="beast.base.evolution.alignment.Taxon"/>
#                    <lastOccurrence idref="t55_first"/>
#                </stratigraphicRange>
#                <stratigraphicRange id="r288" spec="sr.evolution.sranges.StratigraphicRange">
#                    <firstOccurrence id="t236_first" spec="beast.base.evolution.alignment.Taxon"/>
#                    <lastOccurrence idref="t236_first"/>
#                </stratigraphicRange>
#                <stratigraphicRange id="r289" spec="sr.evolution.sranges.StratigraphicRange">
#                    <firstOccurrence id="t46_first" spec="beast.base.evolution.alignment.Taxon"/>
#                    <lastOccurrence idref="t46_first"/>
#                </stratigraphicRange>
#                <stratigraphicRange id="r290" spec="sr.evolution.sranges.StratigraphicRange">
#                    <firstOccurrence id="t65_first" spec="beast.base.evolution.alignment.Taxon"/>
#                    <lastOccurrence idref="t65_first"/>
#                </stratigraphicRange>
#                <stratigraphicRange id="r291" spec="sr.evolution.sranges.StratigraphicRange">
#                    <firstOccurrence id="t350_first" spec="beast.base.evolution.alignment.Taxon"/>
#                    <lastOccurrence idref="t350_first"/>
#                </stratigraphicRange>
#                <stratigraphicRange id="r292" spec="sr.evolution.sranges.StratigraphicRange">
#                    <firstOccurrence id="t179_first" spec="beast.base.evolution.alignment.Taxon"/>
#                    <lastOccurrence idref="t179_first"/>
#                </stratigraphicRange>
#                <stratigraphicRange id="r293" spec="sr.evolution.sranges.StratigraphicRange">
#                    <firstOccurrence id="t194_first" spec="beast.base.evolution.alignment.Taxon"/>
#                    <lastOccurrence idref="t194_first"/>
#                </stratigraphicRange>
#                <stratigraphicRange id="r294" spec="sr.evolution.sranges.StratigraphicRange">
#                    <firstOccurrence id="t64_first" spec="beast.base.evolution.alignment.Taxon"/>
#                    <lastOccurrence idref="t64_first"/>
#                </stratigraphicRange>
#                <stratigraphicRange id="r295" spec="sr.evolution.sranges.StratigraphicRange">
#                    <firstOccurrence id="t273_first" spec="beast.base.evolution.alignment.Taxon"/>
#                    <lastOccurrence idref="t273_first"/>
#                </stratigraphicRange>
#                <stratigraphicRange id="r296" spec="sr.evolution.sranges.StratigraphicRange">
#                    <firstOccurrence id="t71_first" spec="beast.base.evolution.alignment.Taxon"/>
#                    <lastOccurrence idref="t71_first"/>
#                </stratigraphicRange>
#                <stratigraphicRange id="r297" spec="sr.evolution.sranges.StratigraphicRange">
#                    <firstOccurrence id="t346_first" spec="beast.base.evolution.alignment.Taxon"/>
#                    <lastOccurrence idref="t346_first"/>
#                </stratigraphicRange>
#                <stratigraphicRange id="r298" spec="sr.evolution.sranges.StratigraphicRange">
#                    <firstOccurrence id="t258_first" spec="beast.base.evolution.alignment.Taxon"/>
#                    <lastOccurrence idref="t258_first"/>
#                </stratigraphicRange>
#                <stratigraphicRange id="r299" spec="sr.evolution.sranges.StratigraphicRange">
#                    <firstOccurrence id="t402_first" spec="beast.base.evolution.alignment.Taxon"/>
#                    <lastOccurrence idref="t402_first"/>
#                </stratigraphicRange>
#                <stratigraphicRange id="r300" spec="sr.evolution.sranges.StratigraphicRange">
#                    <firstOccurrence id="t260_first" spec="beast.base.evolution.alignment.Taxon"/>
#                    <lastOccurrence idref="t260_first"/>
#                </stratigraphicRange>
#                <stratigraphicRange id="r301" spec="sr.evolution.sranges.StratigraphicRange">
#                    <firstOccurrence id="t145_first" spec="beast.base.evolution.alignment.Taxon"/>
#                    <lastOccurrence idref="t145_first"/>
#                </stratigraphicRange>
#                <stratigraphicRange id="r302" spec="sr.evolution.sranges.StratigraphicRange">
#                    <firstOccurrence id="t453_first" spec="beast.base.evolution.alignment.Taxon"/>
#                    <lastOccurrence idref="t453_first"/>
#                </stratigraphicRange>
#                <stratigraphicRange id="r303" spec="sr.evolution.sranges.StratigraphicRange">
#                    <firstOccurrence id="t92_first" spec="beast.base.evolution.alignment.Taxon"/>
#                    <lastOccurrence idref="t92_first"/>
#                </stratigraphicRange>
#                <stratigraphicRange id="r304" spec="sr.evolution.sranges.StratigraphicRange">
#                    <firstOccurrence id="t430_first" spec="beast.base.evolution.alignment.Taxon"/>
#                    <lastOccurrence idref="t430_first"/>
#                </stratigraphicRange>
#                <stratigraphicRange id="r305" spec="sr.evolution.sranges.StratigraphicRange">
#                    <firstOccurrence id="t140_first" spec="beast.base.evolution.alignment.Taxon"/>
#                    <lastOccurrence idref="t140_first"/>
#                </stratigraphicRange>
#                <stratigraphicRange id="r306" spec="sr.evolution.sranges.StratigraphicRange">
#                    <firstOccurrence id="t150_first" spec="beast.base.evolution.alignment.Taxon"/>
#                    <lastOccurrence idref="t150_first"/>
#                </stratigraphicRange>
#                <stratigraphicRange id="r307" spec="sr.evolution.sranges.StratigraphicRange">
#                    <firstOccurrence id="t87_first" spec="beast.base.evolution.alignment.Taxon"/>
#                    <lastOccurrence idref="t87_first"/>
#                </stratigraphicRange>
#                <stratigraphicRange id="r308" spec="sr.evolution.sranges.StratigraphicRange">
#                    <firstOccurrence id="t462_first" spec="beast.base.evolution.alignment.Taxon"/>
#                    <lastOccurrence idref="t462_first"/>
#                </stratigraphicRange>
#                <stratigraphicRange id="r309" spec="sr.evolution.sranges.StratigraphicRange">
#                    <firstOccurrence id="t449_first" spec="beast.base.evolution.alignment.Taxon"/>
#                    <lastOccurrence idref="t449_first"/>
#                </stratigraphicRange>
#                <stratigraphicRange id="r310" spec="sr.evolution.sranges.StratigraphicRange">
#                    <firstOccurrence id="t10_first" spec="beast.base.evolution.alignment.Taxon"/>
#                    <lastOccurrence idref="t10_first"/>
#                </stratigraphicRange>
#                <stratigraphicRange id="r311" spec="sr.evolution.sranges.StratigraphicRange">
#                    <firstOccurrence id="t415_first" spec="beast.base.evolution.alignment.Taxon"/>
#                    <lastOccurrence idref="t415_first"/>
#                </stratigraphicRange>
#                <stratigraphicRange id="r312" spec="sr.evolution.sranges.StratigraphicRange">
#                    <firstOccurrence id="t90_first" spec="beast.base.evolution.alignment.Taxon"/>
#                    <lastOccurrence idref="t90_first"/>
#                </stratigraphicRange>
#                <stratigraphicRange id="r313" spec="sr.evolution.sranges.StratigraphicRange">
#                    <firstOccurrence id="t447_first" spec="beast.base.evolution.alignment.Taxon"/>
#                    <lastOccurrence idref="t447_first"/>
#                </stratigraphicRange>
#                <stratigraphicRange id="r314" spec="sr.evolution.sranges.StratigraphicRange">
#                    <firstOccurrence id="t135_first" spec="beast.base.evolution.alignment.Taxon"/>
#                    <lastOccurrence idref="t135_first"/>
#                </stratigraphicRange>
#                <stratigraphicRange id="r315" spec="sr.evolution.sranges.StratigraphicRange">
#                    <firstOccurrence id="t176_first" spec="beast.base.evolution.alignment.Taxon"/>
#                    <lastOccurrence idref="t176_first"/>
#                </stratigraphicRange>
#                <stratigraphicRange id="r316" spec="sr.evolution.sranges.StratigraphicRange">
#                    <firstOccurrence id="t50_first" spec="beast.base.evolution.alignment.Taxon"/>
#                    <lastOccurrence idref="t50_first"/>
#                </stratigraphicRange>
#                <stratigraphicRange id="r317" spec="sr.evolution.sranges.StratigraphicRange">
#                    <firstOccurrence id="t265_first" spec="beast.base.evolution.alignment.Taxon"/>
#                    <lastOccurrence idref="t265_first"/>
#                </stratigraphicRange>
#                <stratigraphicRange id="r318" spec="sr.evolution.sranges.StratigraphicRange">
#                    <firstOccurrence id="t347_first" spec="beast.base.evolution.alignment.Taxon"/>
#                    <lastOccurrence idref="t347_first"/>
#                </stratigraphicRange>
#                <stratigraphicRange id="r319" spec="sr.evolution.sranges.StratigraphicRange">
#                    <firstOccurrence id="t49_first" spec="beast.base.evolution.alignment.Taxon"/>
#                    <lastOccurrence idref="t49_first"/>
#                </stratigraphicRange>
#                <stratigraphicRange id="r320" spec="sr.evolution.sranges.StratigraphicRange">
#                    <firstOccurrence id="t306_first" spec="beast.base.evolution.alignment.Taxon"/>
#                    <lastOccurrence idref="t306_first"/>
#                </stratigraphicRange>
#                <stratigraphicRange id="r321" spec="sr.evolution.sranges.StratigraphicRange">
#                    <firstOccurrence id="t341_first" spec="beast.base.evolution.alignment.Taxon"/>
#                    <lastOccurrence idref="t341_first"/>
#                </stratigraphicRange>
#                <stratigraphicRange id="r322" spec="sr.evolution.sranges.StratigraphicRange">
#                    <firstOccurrence id="t379_first" spec="beast.base.evolution.alignment.Taxon"/>
#                    <lastOccurrence idref="t379_first"/>
#                </stratigraphicRange>
#                <stratigraphicRange id="r323" spec="sr.evolution.sranges.StratigraphicRange">
#                    <firstOccurrence id="t11_first" spec="beast.base.evolution.alignment.Taxon"/>
#                    <lastOccurrence idref="t11_first"/>
#                </stratigraphicRange>
#                <stratigraphicRange id="r324" spec="sr.evolution.sranges.StratigraphicRange">
#                    <firstOccurrence id="t63_first" spec="beast.base.evolution.alignment.Taxon"/>
#                    <lastOccurrence idref="t63_first"/>
#                </stratigraphicRange>
#                <stratigraphicRange id="r325" spec="sr.evolution.sranges.StratigraphicRange">
#                    <firstOccurrence id="t294_first" spec="beast.base.evolution.alignment.Taxon"/>
#                    <lastOccurrence idref="t294_first"/>
#                </stratigraphicRange>
#                <stratigraphicRange id="r326" spec="sr.evolution.sranges.StratigraphicRange">
#                    <firstOccurrence id="t106_first" spec="beast.base.evolution.alignment.Taxon"/>
#                    <lastOccurrence idref="t106_first"/>
#                </stratigraphicRange>
#                <stratigraphicRange id="r327" spec="sr.evolution.sranges.StratigraphicRange">
#                    <firstOccurrence id="t335_first" spec="beast.base.evolution.alignment.Taxon"/>
#                    <lastOccurrence idref="t335_first"/>
#                </stratigraphicRange>
#                <stratigraphicRange id="r328" spec="sr.evolution.sranges.StratigraphicRange">
#                    <firstOccurrence id="t91_first" spec="beast.base.evolution.alignment.Taxon"/>
#                    <lastOccurrence idref="t91_first"/>
#                </stratigraphicRange>
#                <stratigraphicRange id="r329" spec="sr.evolution.sranges.StratigraphicRange">
#                    <firstOccurrence id="t457_first" spec="beast.base.evolution.alignment.Taxon"/>
#                    <lastOccurrence idref="t457_first"/>
#                </stratigraphicRange>
#                <stratigraphicRange id="r330" spec="sr.evolution.sranges.StratigraphicRange">
#                    <firstOccurrence id="t152_first" spec="beast.base.evolution.alignment.Taxon"/>
#                    <lastOccurrence idref="t152_first"/>
#                </stratigraphicRange>
#                <stratigraphicRange id="r331" spec="sr.evolution.sranges.StratigraphicRange">
#                    <firstOccurrence id="t455_first" spec="beast.base.evolution.alignment.Taxon"/>
#                    <lastOccurrence idref="t455_first"/>
#                </stratigraphicRange>
#                <stratigraphicRange id="r332" spec="sr.evolution.sranges.StratigraphicRange">
#                    <firstOccurrence id="t144_first" spec="beast.base.evolution.alignment.Taxon"/>
#                    <lastOccurrence idref="t144_first"/>
#                </stratigraphicRange>
#                <stratigraphicRange id="r333" spec="sr.evolution.sranges.StratigraphicRange">
#                    <firstOccurrence id="t394_first" spec="beast.base.evolution.alignment.Taxon"/>
#                    <lastOccurrence idref="t394_first"/>
#                </stratigraphicRange>
#                <stratigraphicRange id="r334" spec="sr.evolution.sranges.StratigraphicRange">
#                    <firstOccurrence id="t42_first" spec="beast.base.evolution.alignment.Taxon"/>
#                    <lastOccurrence idref="t42_first"/>
#                </stratigraphicRange>
#                <stratigraphicRange id="r335" spec="sr.evolution.sranges.StratigraphicRange">
#                    <firstOccurrence id="t143_first" spec="beast.base.evolution.alignment.Taxon"/>
#                    <lastOccurrence idref="t143_first"/>
#                </stratigraphicRange>
#                <stratigraphicRange id="r336" spec="sr.evolution.sranges.StratigraphicRange">
#                    <firstOccurrence id="t228_first" spec="beast.base.evolution.alignment.Taxon"/>
#                    <lastOccurrence idref="t228_first"/>
#                </stratigraphicRange>
#                <stratigraphicRange id="r337" spec="sr.evolution.sranges.StratigraphicRange">
#                    <firstOccurrence id="t251_first" spec="beast.base.evolution.alignment.Taxon"/>
#                    <lastOccurrence idref="t251_first"/>
#                </stratigraphicRange>
#                <stratigraphicRange id="r338" spec="sr.evolution.sranges.StratigraphicRange">
#                    <firstOccurrence id="t332_first" spec="beast.base.evolution.alignment.Taxon"/>
#                    <lastOccurrence idref="t332_first"/>
#                </stratigraphicRange>
#                <stratigraphicRange id="r339" spec="sr.evolution.sranges.StratigraphicRange">
#                    <firstOccurrence id="t60_first" spec="beast.base.evolution.alignment.Taxon"/>
#                    <lastOccurrence idref="t60_first"/>
#                </stratigraphicRange>
#                <stratigraphicRange id="r340" spec="sr.evolution.sranges.StratigraphicRange">
#                    <firstOccurrence id="t317_first" spec="beast.base.evolution.alignment.Taxon"/>
#                    <lastOccurrence idref="t317_first"/>
#                </stratigraphicRange>
#                <stratigraphicRange id="r341" spec="sr.evolution.sranges.StratigraphicRange">
#                    <firstOccurrence id="t373_first" spec="beast.base.evolution.alignment.Taxon"/>
#                    <lastOccurrence idref="t373_first"/>
#                </stratigraphicRange>
#                <stratigraphicRange id="r342" spec="sr.evolution.sranges.StratigraphicRange">
#                    <firstOccurrence id="t421_first" spec="beast.base.evolution.alignment.Taxon"/>
#                    <lastOccurrence idref="t421_first"/>
#                </stratigraphicRange>
#                <stratigraphicRange id="r343" spec="sr.evolution.sranges.StratigraphicRange">
#                    <firstOccurrence id="t274_first" spec="beast.base.evolution.alignment.Taxon"/>
#                    <lastOccurrence idref="t274_first"/>
#                </stratigraphicRange>
#                <stratigraphicRange id="r344" spec="sr.evolution.sranges.StratigraphicRange">
#                    <firstOccurrence id="t184_first" spec="beast.base.evolution.alignment.Taxon"/>
#                    <lastOccurrence idref="t184_first"/>
#                </stratigraphicRange>
#                <stratigraphicRange id="r345" spec="sr.evolution.sranges.StratigraphicRange">
#                    <firstOccurrence id="t405_first" spec="beast.base.evolution.alignment.Taxon"/>
#                    <lastOccurrence idref="t405_first"/>
#                </stratigraphicRange>
#                <stratigraphicRange id="r346" spec="sr.evolution.sranges.StratigraphicRange">
#                    <firstOccurrence id="t390_first" spec="beast.base.evolution.alignment.Taxon"/>
#                    <lastOccurrence idref="t390_first"/>
#                </stratigraphicRange>
#                <stratigraphicRange id="r347" spec="sr.evolution.sranges.StratigraphicRange">
#                    <firstOccurrence id="t26_first" spec="beast.base.evolution.alignment.Taxon"/>
#                    <lastOccurrence idref="t26_first"/>
#                </stratigraphicRange>
#                <stratigraphicRange id="r348" spec="sr.evolution.sranges.StratigraphicRange">
#                    <firstOccurrence id="t154_first" spec="beast.base.evolution.alignment.Taxon"/>
#                    <lastOccurrence idref="t154_first"/>
#                </stratigraphicRange>
#                <stratigraphicRange id="r349" spec="sr.evolution.sranges.StratigraphicRange">
#                    <firstOccurrence id="t224_first" spec="beast.base.evolution.alignment.Taxon"/>
#                    <lastOccurrence idref="t224_first"/>
#                </stratigraphicRange>
#                <stratigraphicRange id="r350" spec="sr.evolution.sranges.StratigraphicRange">
#                    <firstOccurrence id="t109_first" spec="beast.base.evolution.alignment.Taxon"/>
#                    <lastOccurrence idref="t109_first"/>
#                </stratigraphicRange>
#                <stratigraphicRange id="r351" spec="sr.evolution.sranges.StratigraphicRange">
#                    <firstOccurrence id="t360_first" spec="beast.base.evolution.alignment.Taxon"/>
#                    <lastOccurrence idref="t360_first"/>
#                </stratigraphicRange>
#                <stratigraphicRange id="r352" spec="sr.evolution.sranges.StratigraphicRange">
#                    <firstOccurrence id="t442_first" spec="beast.base.evolution.alignment.Taxon"/>
#                    <lastOccurrence idref="t442_first"/>
#                </stratigraphicRange>
#                <stratigraphicRange id="r353" spec="sr.evolution.sranges.StratigraphicRange">
#                    <firstOccurrence id="t413_first" spec="beast.base.evolution.alignment.Taxon"/>
#                    <lastOccurrence idref="t413_first"/>
#                </stratigraphicRange>
#                <stratigraphicRange id="r354" spec="sr.evolution.sranges.StratigraphicRange">
#                    <firstOccurrence id="t222_first" spec="beast.base.evolution.alignment.Taxon"/>
#                    <lastOccurrence idref="t222_first"/>
#                </stratigraphicRange>
#                <stratigraphicRange id="r355" spec="sr.evolution.sranges.StratigraphicRange">
#                    <firstOccurrence id="t128_first" spec="beast.base.evolution.alignment.Taxon"/>
#                    <lastOccurrence idref="t128_first"/>
#                </stratigraphicRange>
#                <stratigraphicRange id="r356" spec="sr.evolution.sranges.StratigraphicRange">
#                    <firstOccurrence id="t58_first" spec="beast.base.evolution.alignment.Taxon"/>
#                    <lastOccurrence idref="t58_first"/>
#                </stratigraphicRange>
#                <stratigraphicRange id="r357" spec="sr.evolution.sranges.StratigraphicRange">
#                    <firstOccurrence id="t361_first" spec="beast.base.evolution.alignment.Taxon"/>
#                    <lastOccurrence idref="t361_first"/>
#                </stratigraphicRange>
#                <stratigraphicRange id="r358" spec="sr.evolution.sranges.StratigraphicRange">
#                    <firstOccurrence id="t434_first" spec="beast.base.evolution.alignment.Taxon"/>
#                    <lastOccurrence idref="t434_first"/>
#                </stratigraphicRange>
#                <stratigraphicRange id="r359" spec="sr.evolution.sranges.StratigraphicRange">
#                    <firstOccurrence id="t340_first" spec="beast.base.evolution.alignment.Taxon"/>
#                    <lastOccurrence idref="t340_first"/>
#                </stratigraphicRange>
#                <stratigraphicRange id="r360" spec="sr.evolution.sranges.StratigraphicRange">
#                    <firstOccurrence id="t180_first" spec="beast.base.evolution.alignment.Taxon"/>
#                    <lastOccurrence idref="t180_first"/>
#                </stratigraphicRange>
#                <trait id="dateTrait.t:tree" spec="beast.base.evolution.tree.TraitSet" traitname="date-backward">
#                    t468_first=2.15172155580835, t157_first=2.52291498038895, t331_first=3.04170311123495, t445_first=2.78510561464831, t426_first=2.38639547341936, t32_first=1.66708734319168, t263_first=1.27162857933135, t43_first=0.709441925541642, t29_first=0.81911515503198, t411_first=1.2295853372603, t382_first=0.068468959250697, t427_first=0, t206_first=0, t334_first=0.53912570819658, t25_first=0.354952239637261, t167_first=0.228632888252023, t322_first=0, t386_first=1.21710436993444, t219_first=1.18153563529829, t214_first=0.954941562105239, t311_first=1.26129567562199, t94_first=1.48158948689005, t111_first=1.00823161205135, t5_first=0, t358_first=0.164125694750848, t437_first=0, t210_first=1.71349061398509, t416_first=1.64886096018294, t89_first=2.06958908695527, t151_first=2.10493083737005, t418_first=2.43214428292485, t127_first=1.83162904527269, t368_first=1.89419904530534, t309_first=1.44967951642792, t48_first=1.46948282376305, t126_first=0.360755939962978, t409_first=0, t237_first=0.411107166369618, t56_first=0, t67_first=0.109158999147398, t129_first=0, t290_first=0, t93_first=0, t320_first=0, t406_first=0.717886384715742, t440_first=1.56752032951462, t36_first=1.46446450369967, t412_first=1.36152069072753, t479_first=2.12468653414046, t14_first=0.487601399474925, t407_first=0.288065131421388, t62_first=0.204636279219034, t45_first=0, t448_first=0, t267_first=0.188074444384616, t395_first=0, t272_first=0.80597639754136, t400_first=0.477012983670195, t221_first=0.925946742511501, t255_first=0.912547045244865, t61_first=0, t275_first=0, t371_first=0, t454_first=0.336937308025602, t472_first=0, t303_first=0, t286_first=0, t424_first=1.16334957744133, t244_first=0, t149_first=0, t366_first=0.346176719119563, t305_first=0.619349035642567, t24_first=0.240775230698762, t193_first=0.22155553758084, t384_first=0.600783787146073, t112_first=0.766303907214432, t188_first=0.310067126558795, t460_first=0.354355277780402, t73_first=0.399782698442734, t242_first=0.145454477037446, t234_first=0.496534480926425, t105_first=1.15257891247178, t343_first=1.17057682739134, t327_first=0.328432130934611, t155_first=0.320157485672097, t456_first=0, t297_first=0.091690080695044, t396_first=0, t283_first=0.26697530322848, t231_first=0.165130274827598, t166_first=0, t220_first=0.794880729463864, t160_first=0, t159_first=0, t101_first=0, t473_first=0, t200_first=0, t459_first=0, t163_first=0.341569775868066, t333_first=0.175180695232953, t153_first=0, t130_first=0, t245_first=0, t397_first=0, t342_first=0, t57_first=0.44862022934191, t37_first=0, t352_first=0.134395043453326, t147_first=0.345083531035913, t253_first=0, t328_first=0, t321_first=0, t419_first=0, t39_first=0, t239_first=0, t450_first=0.672170533394724, t351_first=0.555912394416611, t31_first=0.859835223362184, t137_first=1.24096184503667, t208_first=1.27680190013344, t197_first=1.64532242101513, t257_first=1.52410573549866, t190_first=1.5059659173806, t238_first=1.24179515998187, t170_first=1.32259860048375, t186_first=0.931711756003024, t385_first=1.86325315518724, t235_first=0.873446462775458, t285_first=0.630962926587919, t28_first=0.331179512930387, t182_first=0.087333684800602, t374_first=0, t86_first=0, t178_first=0, t288_first=0.598719521314273, t17_first=0, t474_first=0, t403_first=0, t119_first=0.574646853585343, t185_first=0.215960865744643, t53_first=0.208522114172466, t47_first=0.028102316966893, t51_first=0, t429_first=0.103650179131565, t6_first=0.407401676567401, t141_first=0.233809873894168, t213_first=0, t261_first=0.928507541782476, t246_first=0.776355547525694, t217_first=0.739466915662424, t205_first=0, t417_first=0, t452_first=0, t281_first=0.329579532435548, t330_first=0.333195954561745, t116_first=0.633524836311952, t380_first=0.9864867273566, t99_first=0.306263988692455, t4_first=0.752146902777742, t75_first=0.847473340151569, t310_first=1.08957683438755, t441_first=1.19123179143248, t458_first=0.599990658780647, t433_first=0.263183888340043, t279_first=0.494860347705267, t466_first=0.294711027263413, t122_first=0, t383_first=0, t287_first=0.798255497938917, t117_first=0.156790032098194, t95_first=0, t398_first=0, t189_first=0.045480792172587, t96_first=0, t230_first=0, t13_first=0, t229_first=0, t324_first=0.653663695237067, t271_first=1.16092271853248, t420_first=1.73092267456485, t399_first=1.60270055205032, t69_first=0.983716366527797, t164_first=0.828262968544457, t428_first=1.29706550781751, t209_first=1.76608419488082, t121_first=2.09720339143082, t451_first=2.35761953512832, t277_first=2.05828845630511, t469_first=2.22052470850172, t72_first=2.22202277317476, t204_first=2.14032803561792, t59_first=1.69655895600815, t300_first=0.862192923258877, t259_first=0, t256_first=1.99269398531799, t339_first=2.38534806315886, t414_first=2.82578159716503, t76_first=2.87223567952364, t142_first=2.18208810604638, t408_first=1.63382100263102, t336_first=1.54948331377288, t262_first=1.93244245657804, t177_first=1.74002907077527, t475_first=1.7842969414439, t425_first=1.98262915575849, t345_first=1.06124130045255, t367_first=0, t195_first=0, t125_first=0.193487601401551, t120_first=0, t316_first=0, t54_first=0, t443_first=0.240968715985928, t84_first=0, t289_first=0.279743321624202, t30_first=0.372438635289228, t2_first=0, t113_first=0.362398977611178, t78_first=0.543781323180894, t478_first=0.097103647876762, t131_first=0.723138150074122, t161_first=0, t446_first=0.40590776933094, t401_first=0.071914977173039, t464_first=0, t269_first=0, t123_first=0, t104_first=0, t348_first=0, t354_first=0, t431_first=0, t70_first=0, t174_first=1.83597335575531, t243_first=2.40283323639162, t438_first=1.9876952597255, t165_first=1.57775556145385, t23_first=1.34638623638376, t33_first=0.993970835116415, t250_first=0.67644021426492, t349_first=0, t169_first=0.112826005704364, t319_first=0.190122415982312, t240_first=0, t191_first=0, t391_first=0, t156_first=0.199111719155928, t138_first=0, t110_first=0.374940369624202, t357_first=0.599867239074457, t7_first=0.707715034092882, t201_first=0.618912067273683, t389_first=0.208738163935911, t461_first=0.318975882930219, t8_first=0.842336298910337, t375_first=0, t216_first=0.44807734865219, t378_first=0.385760965433534, t100_first=1.43367397964985, t124_first=0.555737558376654, t3_first=1.24418329693431, t376_first=2.20861829420197, t223_first=2.27860232367995, t98_first=2.18394213547044, t432_first=2.31207016953004, t369_first=2.76108533232935, t18_first=2.76891870690137, t103_first=2.54913777267699, t372_first=2.66937025143542, t365_first=2.78783871050707, t393_first=2.5145743748113, t212_first=2.98357504121636, t162_first=3.18292392335354, t27_first=2.18010915044369, t9_first=2.09528617593925, t41_first=1.73482106941728, t85_first=2.41165251701118, t20_first=2.84487975584334, t68_first=2.01727432759376, t338_first=2.28232806455225, t337_first=3.2462801951236, t423_first=3.30875241256659, t227_first=2.88398684037708, t387_first=2.78546699178077, t132_first=3.29215546058303, t325_first=1.84693404875664, t187_first=2.08740309042808, t183_first=0.461008750836873, t55_first=0, t236_first=1.53773063033737, t46_first=1.25491290595562, t65_first=0.503740947707508, t350_first=0, t179_first=0.04775533011141, t194_first=0, t64_first=0, t273_first=0.077331266629987, t71_first=1.53554907430659, t346_first=1.15123676914085, t258_first=1.19128942558236, t402_first=0.460365846965707, t260_first=0.712233478805545, t145_first=1.59357329294686, t453_first=2.24984385696003, t92_first=0.61885401147954, t430_first=1.11847791645792, t140_first=0.836224459788871, t150_first=0.630989724197761, t87_first=0.720152796474775, t462_first=0.619910297594898, t449_first=1.45833639234222, t10_first=0.519104749778577, t415_first=0.718874048678729, t90_first=0.828897743277327, t447_first=1.09658337779382, t135_first=1.44540188806858, t176_first=1.31702661996547, t50_first=0.489884972140302, t265_first=1.4059468943825, t347_first=0.865589027286066, t49_first=1.74558314458411, t306_first=1.48283998732876, t341_first=1.3558421646185, t379_first=1.3926725819407, t11_first=1.16775233643885, t63_first=2.13149091944329, t294_first=1.65427887034371, t106_first=1.68797570769227, t335_first=1.83053861734923, t91_first=1.86545676367294, t457_first=2.39911515117166, t152_first=3.02630448331029, t455_first=3.49850103421889, t144_first=2.59938669156095, t394_first=2.70652234200153, t42_first=3.13008275713416, t143_first=2.67356082383177, t228_first=2.58371110611575, t251_first=1.08607077196143, t332_first=0.133234700285236, t60_first=0, t317_first=0, t373_first=0, t421_first=0.81091817722676, t274_first=0.781935870831978, t184_first=1.2448354330117, t405_first=1.14915058655043, t390_first=2.27055112032308, t26_first=1.70073635941557, t154_first=1.94490149980794, t224_first=0, t109_first=0, t360_first=0, t442_first=0.033336671829443, t413_first=0, t222_first=0, t128_first=0, t58_first=0, t361_first=0, t434_first=0, t340_first=0.458523596151017, t180_first=2.9666945923487
#                                    <taxa id="taxonSet" spec="beast.base.evolution.alignment.TaxonSet">
#                        <taxon idref="t468_first"/>
#                        <taxon idref="t157_first"/>
#                        <taxon idref="t331_first"/>
#                        <taxon idref="t445_first"/>
#                        <taxon idref="t426_first"/>
#                        <taxon idref="t32_first"/>
#                        <taxon idref="t263_first"/>
#                        <taxon idref="t43_first"/>
#                        <taxon idref="t29_first"/>
#                        <taxon idref="t411_first"/>
#                        <taxon idref="t382_first"/>
#                        <taxon idref="t427_first"/>
#                        <taxon idref="t206_first"/>
#                        <taxon idref="t334_first"/>
#                        <taxon idref="t25_first"/>
#                        <taxon idref="t167_first"/>
#                        <taxon idref="t322_first"/>
#                        <taxon idref="t386_first"/>
#                        <taxon idref="t219_first"/>
#                        <taxon idref="t214_first"/>
#                        <taxon idref="t311_first"/>
#                        <taxon idref="t94_first"/>
#                        <taxon idref="t111_first"/>
#                        <taxon idref="t5_first"/>
#                        <taxon idref="t358_first"/>
#                        <taxon idref="t437_first"/>
#                        <taxon idref="t210_first"/>
#                        <taxon idref="t416_first"/>
#                        <taxon idref="t89_first"/>
#                        <taxon idref="t151_first"/>
#                        <taxon idref="t418_first"/>
#                        <taxon idref="t127_first"/>
#                        <taxon idref="t368_first"/>
#                        <taxon idref="t309_first"/>
#                        <taxon idref="t48_first"/>
#                        <taxon idref="t126_first"/>
#                        <taxon idref="t409_first"/>
#                        <taxon idref="t237_first"/>
#                        <taxon idref="t56_first"/>
#                        <taxon idref="t67_first"/>
#                        <taxon idref="t129_first"/>
#                        <taxon idref="t290_first"/>
#                        <taxon idref="t93_first"/>
#                        <taxon idref="t320_first"/>
#                        <taxon idref="t406_first"/>
#                        <taxon idref="t440_first"/>
#                        <taxon idref="t36_first"/>
#                        <taxon idref="t412_first"/>
#                        <taxon idref="t479_first"/>
#                        <taxon idref="t14_first"/>
#                        <taxon idref="t407_first"/>
#                        <taxon idref="t62_first"/>
#                        <taxon idref="t45_first"/>
#                        <taxon idref="t448_first"/>
#                        <taxon idref="t267_first"/>
#                        <taxon idref="t395_first"/>
#                        <taxon idref="t272_first"/>
#                        <taxon idref="t400_first"/>
#                        <taxon idref="t221_first"/>
#                        <taxon idref="t255_first"/>
#                        <taxon idref="t61_first"/>
#                        <taxon idref="t275_first"/>
#                        <taxon idref="t371_first"/>
#                        <taxon idref="t454_first"/>
#                        <taxon idref="t472_first"/>
#                        <taxon idref="t303_first"/>
#                        <taxon idref="t286_first"/>
#                        <taxon idref="t424_first"/>
#                        <taxon idref="t244_first"/>
#                        <taxon idref="t149_first"/>
#                        <taxon idref="t366_first"/>
#                        <taxon idref="t305_first"/>
#                        <taxon idref="t24_first"/>
#                        <taxon idref="t193_first"/>
#                        <taxon idref="t384_first"/>
#                        <taxon idref="t112_first"/>
#                        <taxon idref="t188_first"/>
#                        <taxon idref="t460_first"/>
#                        <taxon idref="t73_first"/>
#                        <taxon idref="t242_first"/>
#                        <taxon idref="t234_first"/>
#                        <taxon idref="t105_first"/>
#                        <taxon idref="t343_first"/>
#                        <taxon idref="t327_first"/>
#                        <taxon idref="t155_first"/>
#                        <taxon idref="t456_first"/>
#                        <taxon idref="t297_first"/>
#                        <taxon idref="t396_first"/>
#                        <taxon idref="t283_first"/>
#                        <taxon idref="t231_first"/>
#                        <taxon idref="t166_first"/>
#                        <taxon idref="t220_first"/>
#                        <taxon idref="t160_first"/>
#                        <taxon idref="t159_first"/>
#                        <taxon idref="t101_first"/>
#                        <taxon idref="t473_first"/>
#                        <taxon idref="t200_first"/>
#                        <taxon idref="t459_first"/>
#                        <taxon idref="t163_first"/>
#                        <taxon idref="t333_first"/>
#                        <taxon idref="t153_first"/>
#                        <taxon idref="t130_first"/>
#                        <taxon idref="t245_first"/>
#                        <taxon idref="t397_first"/>
#                        <taxon idref="t342_first"/>
#                        <taxon idref="t57_first"/>
#                        <taxon idref="t37_first"/>
#                        <taxon idref="t352_first"/>
#                        <taxon idref="t147_first"/>
#                        <taxon idref="t253_first"/>
#                        <taxon idref="t328_first"/>
#                        <taxon idref="t321_first"/>
#                        <taxon idref="t419_first"/>
#                        <taxon idref="t39_first"/>
#                        <taxon idref="t239_first"/>
#                        <taxon idref="t450_first"/>
#                        <taxon idref="t351_first"/>
#                        <taxon idref="t31_first"/>
#                        <taxon idref="t137_first"/>
#                        <taxon idref="t208_first"/>
#                        <taxon idref="t197_first"/>
#                        <taxon idref="t257_first"/>
#                        <taxon idref="t190_first"/>
#                        <taxon idref="t238_first"/>
#                        <taxon idref="t170_first"/>
#                        <taxon idref="t186_first"/>
#                        <taxon idref="t385_first"/>
#                        <taxon idref="t235_first"/>
#                        <taxon idref="t285_first"/>
#                        <taxon idref="t28_first"/>
#                        <taxon idref="t182_first"/>
#                        <taxon idref="t374_first"/>
#                        <taxon idref="t86_first"/>
#                        <taxon idref="t178_first"/>
#                        <taxon idref="t288_first"/>
#                        <taxon idref="t17_first"/>
#                        <taxon idref="t474_first"/>
#                        <taxon idref="t403_first"/>
#                        <taxon idref="t119_first"/>
#                        <taxon idref="t185_first"/>
#                        <taxon idref="t53_first"/>
#                        <taxon idref="t47_first"/>
#                        <taxon idref="t51_first"/>
#                        <taxon idref="t429_first"/>
#                        <taxon idref="t6_first"/>
#                        <taxon idref="t141_first"/>
#                        <taxon idref="t213_first"/>
#                        <taxon idref="t261_first"/>
#                        <taxon idref="t246_first"/>
#                        <taxon idref="t217_first"/>
#                        <taxon idref="t205_first"/>
#                        <taxon idref="t417_first"/>
#                        <taxon idref="t452_first"/>
#                        <taxon idref="t281_first"/>
#                        <taxon idref="t330_first"/>
#                        <taxon idref="t116_first"/>
#                        <taxon idref="t380_first"/>
#                        <taxon idref="t99_first"/>
#                        <taxon idref="t4_first"/>
#                        <taxon idref="t75_first"/>
#                        <taxon idref="t310_first"/>
#                        <taxon idref="t441_first"/>
#                        <taxon idref="t458_first"/>
#                        <taxon idref="t433_first"/>
#                        <taxon idref="t279_first"/>
#                        <taxon idref="t466_first"/>
#                        <taxon idref="t122_first"/>
#                        <taxon idref="t383_first"/>
#                        <taxon idref="t287_first"/>
#                        <taxon idref="t117_first"/>
#                        <taxon idref="t95_first"/>
#                        <taxon idref="t398_first"/>
#                        <taxon idref="t189_first"/>
#                        <taxon idref="t96_first"/>
#                        <taxon idref="t230_first"/>
#                        <taxon idref="t13_first"/>
#                        <taxon idref="t229_first"/>
#                        <taxon idref="t324_first"/>
#                        <taxon idref="t271_first"/>
#                        <taxon idref="t420_first"/>
#                        <taxon idref="t399_first"/>
#                        <taxon idref="t69_first"/>
#                        <taxon idref="t164_first"/>
#                        <taxon idref="t428_first"/>
#                        <taxon idref="t209_first"/>
#                        <taxon idref="t121_first"/>
#                        <taxon idref="t451_first"/>
#                        <taxon idref="t277_first"/>
#                        <taxon idref="t469_first"/>
#                        <taxon idref="t72_first"/>
#                        <taxon idref="t204_first"/>
#                        <taxon idref="t59_first"/>
#                        <taxon idref="t300_first"/>
#                        <taxon idref="t259_first"/>
#                        <taxon idref="t256_first"/>
#                        <taxon idref="t339_first"/>
#                        <taxon idref="t414_first"/>
#                        <taxon idref="t76_first"/>
#                        <taxon idref="t142_first"/>
#                        <taxon idref="t408_first"/>
#                        <taxon idref="t336_first"/>
#                        <taxon idref="t262_first"/>
#                        <taxon idref="t177_first"/>
#                        <taxon idref="t475_first"/>
#                        <taxon idref="t425_first"/>
#                        <taxon idref="t345_first"/>
#                        <taxon idref="t367_first"/>
#                        <taxon idref="t195_first"/>
#                        <taxon idref="t125_first"/>
#                        <taxon idref="t120_first"/>
#                        <taxon idref="t316_first"/>
#                        <taxon idref="t54_first"/>
#                        <taxon idref="t443_first"/>
#                        <taxon idref="t84_first"/>
#                        <taxon idref="t289_first"/>
#                        <taxon idref="t30_first"/>
#                        <taxon idref="t2_first"/>
#                        <taxon idref="t113_first"/>
#                        <taxon idref="t78_first"/>
#                        <taxon idref="t478_first"/>
#                        <taxon idref="t131_first"/>
#                        <taxon idref="t161_first"/>
#                        <taxon idref="t446_first"/>
#                        <taxon idref="t401_first"/>
#                        <taxon idref="t464_first"/>
#                        <taxon idref="t269_first"/>
#                        <taxon idref="t123_first"/>
#                        <taxon idref="t104_first"/>
#                        <taxon idref="t348_first"/>
#                        <taxon idref="t354_first"/>
#                        <taxon idref="t431_first"/>
#                        <taxon idref="t70_first"/>
#                        <taxon idref="t174_first"/>
#                        <taxon idref="t243_first"/>
#                        <taxon idref="t438_first"/>
#                        <taxon idref="t165_first"/>
#                        <taxon idref="t23_first"/>
#                        <taxon idref="t33_first"/>
#                        <taxon idref="t250_first"/>
#                        <taxon idref="t349_first"/>
#                        <taxon idref="t169_first"/>
#                        <taxon idref="t319_first"/>
#                        <taxon idref="t240_first"/>
#                        <taxon idref="t191_first"/>
#                        <taxon idref="t391_first"/>
#                        <taxon idref="t156_first"/>
#                        <taxon idref="t138_first"/>
#                        <taxon idref="t110_first"/>
#                        <taxon idref="t357_first"/>
#                        <taxon idref="t7_first"/>
#                        <taxon idref="t201_first"/>
#                        <taxon idref="t389_first"/>
#                        <taxon idref="t461_first"/>
#                        <taxon idref="t8_first"/>
#                        <taxon idref="t375_first"/>
#                        <taxon idref="t216_first"/>
#                        <taxon idref="t378_first"/>
#                        <taxon idref="t100_first"/>
#                        <taxon idref="t124_first"/>
#                        <taxon idref="t3_first"/>
#                        <taxon idref="t376_first"/>
#                        <taxon idref="t223_first"/>
#                        <taxon idref="t98_first"/>
#                        <taxon idref="t432_first"/>
#                        <taxon idref="t369_first"/>
#                        <taxon idref="t18_first"/>
#                        <taxon idref="t103_first"/>
#                        <taxon idref="t372_first"/>
#                        <taxon idref="t365_first"/>
#                        <taxon idref="t393_first"/>
#                        <taxon idref="t212_first"/>
#                        <taxon idref="t162_first"/>
#                        <taxon idref="t27_first"/>
#                        <taxon idref="t9_first"/>
#                        <taxon idref="t41_first"/>
#                        <taxon idref="t85_first"/>
#                        <taxon idref="t20_first"/>
#                        <taxon idref="t68_first"/>
#                        <taxon idref="t338_first"/>
#                        <taxon idref="t337_first"/>
#                        <taxon idref="t423_first"/>
#                        <taxon idref="t227_first"/>
#                        <taxon idref="t387_first"/>
#                        <taxon idref="t132_first"/>
#                        <taxon idref="t325_first"/>
#                        <taxon idref="t187_first"/>
#                        <taxon idref="t183_first"/>
#                        <taxon idref="t55_first"/>
#                        <taxon idref="t236_first"/>
#                        <taxon idref="t46_first"/>
#                        <taxon idref="t65_first"/>
#                        <taxon idref="t350_first"/>
#                        <taxon idref="t179_first"/>
#                        <taxon idref="t194_first"/>
#                        <taxon idref="t64_first"/>
#                        <taxon idref="t273_first"/>
#                        <taxon idref="t71_first"/>
#                        <taxon idref="t346_first"/>
#                        <taxon idref="t258_first"/>
#                        <taxon idref="t402_first"/>
#                        <taxon idref="t260_first"/>
#                        <taxon idref="t145_first"/>
#                        <taxon idref="t453_first"/>
#                        <taxon idref="t92_first"/>
#                        <taxon idref="t430_first"/>
#                        <taxon idref="t140_first"/>
#                        <taxon idref="t150_first"/>
#                        <taxon idref="t87_first"/>
#                        <taxon idref="t462_first"/>
#                        <taxon idref="t449_first"/>
#                        <taxon idref="t10_first"/>
#                        <taxon idref="t415_first"/>
#                        <taxon idref="t90_first"/>
#                        <taxon idref="t447_first"/>
#                        <taxon idref="t135_first"/>
#                        <taxon idref="t176_first"/>
#                        <taxon idref="t50_first"/>
#                        <taxon idref="t265_first"/>
#                        <taxon idref="t347_first"/>
#                        <taxon idref="t49_first"/>
#                        <taxon idref="t306_first"/>
#                        <taxon idref="t341_first"/>
#                        <taxon idref="t379_first"/>
#                        <taxon idref="t11_first"/>
#                        <taxon idref="t63_first"/>
#                        <taxon idref="t294_first"/>
#                        <taxon idref="t106_first"/>
#                        <taxon idref="t335_first"/>
#                        <taxon idref="t91_first"/>
#                        <taxon idref="t457_first"/>
#                        <taxon idref="t152_first"/>
#                        <taxon idref="t455_first"/>
#                        <taxon idref="t144_first"/>
#                        <taxon idref="t394_first"/>
#                        <taxon idref="t42_first"/>
#                        <taxon idref="t143_first"/>
#                        <taxon idref="t228_first"/>
#                        <taxon idref="t251_first"/>
#                        <taxon idref="t332_first"/>
#                        <taxon idref="t60_first"/>
#                        <taxon idref="t317_first"/>
#                        <taxon idref="t373_first"/>
#                        <taxon idref="t421_first"/>
#                        <taxon idref="t274_first"/>
#                        <taxon idref="t184_first"/>
#                        <taxon idref="t405_first"/>
#                        <taxon idref="t390_first"/>
#                        <taxon idref="t26_first"/>
#                        <taxon idref="t154_first"/>
#                        <taxon idref="t224_first"/>
#                        <taxon idref="t109_first"/>
#                        <taxon idref="t360_first"/>
#                        <taxon idref="t442_first"/>
#                        <taxon idref="t413_first"/>
#                        <taxon idref="t222_first"/>
#                        <taxon idref="t128_first"/>
#                        <taxon idref="t58_first"/>
#                        <taxon idref="t361_first"/>
#                        <taxon idref="t434_first"/>
#                        <taxon idref="t340_first"/>
#                        <taxon idref="t180_first"/>
#                    </taxa>
#                </trait>
#                <taxonset idref="taxonSet"/>
#            </tree>
#        </distribution>
#        <prior id="originPrior" name="distribution" x="@origin">
#            <Uniform id="Uniform.origin" lower="1.0" name="distr" upper="1000.0"/>
#        </prior>
#        <prior id="netDiversificationPrior" name="distribution" x="@netDiversification">
#            <Uniform id="Uniform.div" lower="0.7" name="distr" upper="0.9"/>
#        </prior>
#        <prior id="turnoverPrior" name="distribution" x="@turnOver">
#            <Uniform id="Uniform.turnover" lower="0.2" name="distr" upper="0.8"/>
#        </prior>
#        <prior id="samplingProportionPrior" name="distribution" x="@samplingProportion">
#            <Uniform id="Uniform.samplingProportion" lower="0.2" name="distr" upper="0.8"/>
#        </prior>
#        <prior id="rhoPrior" name="distribution" x="@rho">
#            <Uniform id="Uniform.rho" lower="0.7" name="distr"/>
#        </prior>
#    </distribution>
#</input>
#
Sample	TreeHeight	origin	netDiversification	turnOver	samplingProportion	rho	posterior
0	5.221165189408046	174.597898678529	0.795492435992519	0.744486886679568	0.6722624610960959	0.931775580788962	-1480.5807179668743
5000	3.7773134639795485	17.191773205658414	0.8929187702920582	0.7978292778951928	0.2363743518585477	0.7567871106487439	-270.6951110181816
10000	3.9722913250306275	9.113646672980671	0.8938776121108617	0.7987016102642422	0.22616275840317968	0.7266753716215814	-294.3705069314456
15000	3.833810567189855	4.010659601452903	0.8979091424608523	0.7979535832822	0.2215043729469946	0.704935410473126	-327.4209712995019
20000	4.054974033687679	4.1990659067149325	0.8944215565899971	0.7987871682632441	0.20405821566224172	0.7138961105713411	-323.67814274452905
25000	3.913787642100712	3.930238204177997	0.892072373018064	0.7988281697546661	0.21618573099395585	0.7240010057889148	-339.27073429858365
30000	3.767245683776354	3.775503232111601	0.8702267943887183	0.7978069032176955	0.21197816193992872	0.7333492693809415	-394.53212740107983
35000	3.8769434237747573	4.129570899057795	0.864005739519751	0.7998399091768305	0.20222101365617826	0.7128813068148906	-389.44508083608514
40000	3.9495691395080734	4.025978201343268	0.8979252271553695	0.7984523348770005	0.20904644340299616	0.7017529670619245	-393.260689397696
45000	3.85866164941205	4.081917695124611	0.8963459945040847	0.7884730945506412	0.20495831949011115	0.7010901118080235	-451.3503197387251
50000	3.8726130976009587	3.952756161336038	0.8772190167961287	0.7942398542851775	0.20409694656499192	0.7367810817478095	-427.89058878295197
55000	3.7251386689787918	4.365098320672469	0.8382285473601563	0.7978249128870015	0.20942285182130282	0.7040321737039098	-453.03963495552387
60000	3.523457408949133	3.6748922684873846	0.8681902104564729	0.7996978528338085	0.20182190039871128	0.7242920976009175	-404.3209791614563
65000	3.49850103421889	3.634815865818597	0.8855680344554338	0.7981563842867497	0.20472102873050263	0.7076025956441834	-410.63029341559076
70000	3.8404683317331814	3.8459474383911108	0.8867100280038838	0.7977774900176501	0.20028210895140774	0.7599000719110384	-415.37921102034124
75000	3.5777904864520442	3.8146596415166183	0.8774189529781956	0.7990869988853101	0.2107184831352784	0.7045482798808682	-424.8818900936213
80000	3.6661767186682552	3.729672652128013	0.8927158201098313	0.799096408804459	0.2049294354320683	0.70489740323069	-407.00625279499394
85000	3.680524760793485	3.7524618828201297	0.899930485471901	0.794168603560001	0.209592530903273	0.7119838881012951	-395.22220792255786
90000	3.7701459242816373	3.9528324692551235	0.8950954675216024	0.7988692140968122	0.20051379357584403	0.7054353788905257	-443.1133243684313
95000	4.207350139345314	4.415431294207124	0.8834038714031903	0.7981365183770021	0.2008431989059425	0.7140340096093819	-463.5116938170837
100000	3.656599399751102	3.700982530125338	0.81811411424971	0.7995539127457276	0.20064308566378367	0.7255886091626083	-441.1482716873541
105000	3.6784005253261745	3.7513613590885533	0.8611355764470494	0.7988531082716849	0.20437883943888618	0.7199432411966628	-410.53206229095156
110000	4.272226927050855	4.399642400001345	0.8930157777603596	0.7915180911708171	0.20079497927961515	0.7022552052933576	-399.24218062745547
115000	3.8178147297628775	3.9035116047421843	0.8531418955871407	0.7955107548652857	0.20484268419097548	0.724792060331015	-434.1579662041985
120000	3.968007545322265	4.091012156563624	0.8936030129805094	0.7969276281987178	0.20845916355508146	0.712235849666002	-393.91109110868103
125000	3.905796385335725	4.589648628104854	0.8932549931734586	0.7991768917720469	0.21665385792280553	0.7382517681376323	-405.5551948985945
130000	3.9523245928415274	4.04710338774438	0.8942938429989046	0.7961468203452442	0.20402604214221456	0.7059955802690376	-425.83578865903985
135000	3.742723300826529	3.7737590958303926	0.8846421987734092	0.7975718721307629	0.20128454248326588	0.7119404047908755	-405.68747400512854
140000	3.503693505734091	3.60250553384921	0.8829379379355302	0.7926539540166995	0.20709859063252012	0.7356263065383716	-404.4968005620244
145000	3.753475661832364	3.8385211680622113	0.8951788713549573	0.798796798485862	0.2052032827107233	0.7100919809671776	-426.26862723626635
150000	3.9595644701346897	4.009589813048282	0.8975001093048547	0.7905174650762782	0.20947171559373015	0.7127598575759216	-437.2723575558503
155000	3.847356111051092	3.8984671934805344	0.8440792608438595	0.7989826366602685	0.20270904114223207	0.701434557614327	-417.6994801751106
160000	3.780198910353216	3.905935679049686	0.891185358157258	0.7969646291831612	0.20511592478294602	0.7030061413896496	-419.33938165991407
165000	4.066854729419562	4.076086843896079	0.8267370183715598	0.7903949337759268	0.20404169605526778	0.7159080453343477	-443.15228090005684
170000	4.30338467966913	4.524343854877835	0.8729574273452556	0.7974901368810572	0.20550436190263144	0.7089443136045781	-443.7357109597332
175000	4.445913380756584	4.497856127517382	0.884929753605112	0.782656172056731	0.20516856025912877	0.7064692154811268	-457.73897308757535
180000	3.921775418685037	4.5980617634518355	0.8897773658568238	0.799485417485159	0.21146814450393783	0.7081601535229545	-464.4070506455723
185000	4.075334539756759	4.105275010773124	0.8876803222097367	0.7992886467636515	0.2003351997714686	0.7051298221483011	-480.90016476448716
190000	4.000780143518573	4.052931343498552	0.8961962165670729	0.7991411082728141	0.2005354643005574	0.7113875900870895	-462.39565336474783
195000	4.097361230350151	4.2552554551738675	0.8830864317151644	0.799486497897448	0.20083145682251916	0.7111048169275247	-408.25074755862545
200000	4.266878502372106	4.312683339241888	0.8712970296063585	0.7940988751301783	0.2020681455230155	0.7272524312671129	-434.8030111516349
205000	3.923985452277029	4.23943359471283	0.8999929839593845	0.799435175579431	0.2037075775711202	0.720847152213442	-427.3593987022321
210000	4.1741102263443475	4.346901424696695	0.8859505852381514	0.7996358274874052	0.20143633258146634	0.7030708814641637	-429.17487503349184
215000	4.043582805082834	4.160261203569297	0.8971492365918224	0.7982686281159028	0.20672953944569958	0.7064180564529734	-419.11725802740386
220000	3.821919357636344	3.971051624548765	0.8985542559097208	0.7955860774440601	0.2171431006027634	0.700096125700003	-393.1174836084313
225000	3.636919368313863	3.703633954149236	0.8984388271103969	0.7965758262508241	0.20812497516898762	0.7164041825094605	-411.37572507568706
230000	3.7342450110802656	3.9094668928845393	0.8936057069366082	0.7980492919788363	0.20234142328892946	0.7059546551548429	-426.97743284901213
235000	3.606933997005563	3.704306956567912	0.8994838348991268	0.7914946406554487	0.2102328636842588	0.7096766553060941	-376.0345242858122
240000	3.8411535486628483	4.001684204151888	0.8596811253246032	0.7997514056491214	0.20662527792600632	0.7079437205934598	-403.18917185706147
245000	3.575643100614087	3.942527527261732	0.8811223159659176	0.7996665088722891	0.20240518841593583	0.7157513237622602	-378.18860824497534
250000	3.7938472514516883	4.536415143793629	0.8973839666223766	0.7999730441170966	0.20021664048044785	0.7212843554875334	-369.4650383323146
255000	3.7363689285824035	4.4018402978424325	0.8757206037086339	0.7977555826091667	0.2086250193828106	0.7323191162240901	-389.1324209013366
260000	3.6579872837839797	4.007324605150338	0.8606121477248302	0.7997556062732947	0.20278679744169023	0.73087673181033	-435.38341066003676
265000	3.7513082153174735	4.179381417091528	0.8614113788306685	0.7998660402617254	0.20360559611359072	0.7060159809084328	-416.2511694120832
270000	3.8615341838105772	4.259965940068232	0.8758031082295817	0.7916781998402206	0.2029187656035304	0.7030183016193187	-437.5705693412095
275000	3.809537237925902	3.90760933053697	0.8696780355695879	0.7991739416663485	0.20016733185476426	0.7128931429381342	-446.150672209238
280000	3.729201411266696	4.98770227843324	0.8779789620268201	0.7976462184653682	0.20105583285340858	0.7369450022147968	-431.8373599974193
285000	4.078215166705598	4.16618396191089	0.8924482844969251	0.7984723412193236	0.20159523008112898	0.7072063239205961	-402.35339477350806
290000	3.744418873901259	3.8506912244255314	0.8707606410331613	0.7995360200076724	0.20796491818360482	0.7086915928133452	-407.5851029826737
295000	3.677542761235395	3.8895227857809487	0.8579175893963222	0.7966333630575516	0.2142515470359556	0.7323561841616782	-399.30956332926115
300000	3.7114417315741846	3.8155624923243017	0.8911399347456268	0.7922940045041739	0.2025581914454009	0.704582430614197	-395.8485696528749
305000	4.090964921703549	4.091608274471299	0.834656507709816	0.7970907341373701	0.21014921643309978	0.7014886373697501	-439.43530109647344
310000	3.859549975876405	4.431157178470498	0.8762779458265135	0.7985109733039666	0.20056347966251897	0.712485301937102	-443.9680958502508
315000	3.957354850330744	5.018891149368693	0.8700245967225808	0.7952975805736292	0.2066024691346797	0.7087400648378747	-433.8664295691208
320000	3.7313111025936223	4.387625334189377	0.8979356884470353	0.7990115740625693	0.20156935827699357	0.7125817616758137	-423.2198430611238
325000	3.6421768347049515	3.6486852992941734	0.8816225910061962	0.7986256395340744	0.2010696198014948	0.7146148746301748	-414.09684710721297
330000	4.078901098416116	4.416875014634184	0.895183874421274	0.7986370836884766	0.20025144050428587	0.7085292703227569	-424.363488978063
335000	3.594966549044702	3.9527878094404874	0.8987330876958605	0.7996653500514282	0.20161983873379197	0.7240134389805649	-376.9554715483748
340000	3.7701062226493134	3.9234841112964944	0.8825642139180666	0.7988602188758916	0.20077818100334166	0.7037336880338615	-395.87799964014965
345000	3.5857483974809012	3.5864685852483347	0.8947475121768002	0.787281249371363	0.21157908313700918	0.7016191104607848	-420.19209587660026
350000	3.8121523589477584	4.050115019627337	0.8436905178390063	0.7998807282802319	0.20315434982984362	0.7183594349073052	-405.48995971874257
355000	3.795855727262695	4.170914952051557	0.8740867365440645	0.7994600271328953	0.20020894437506667	0.7236658025938031	-433.8724328529202
360000	3.717970775410769	4.280066092420757	0.8613675565395149	0.7953118041826062	0.2016356671281257	0.7093502650377463	-446.8055072881675
365000	3.816132096711188	3.842968807092061	0.8658678053405641	0.7985066657704073	0.20461426627134888	0.7243128524859372	-420.5090334262448
370000	3.7747514830852507	3.7969628969008067	0.8910942482909777	0.7896322899954336	0.21574805229951632	0.715636410934462	-418.5953497478595
375000	3.5665865937129415	3.7363017308065465	0.8767111202913885	0.7999462736637089	0.20183944424124967	0.7115567272589357	-408.5271402574846
380000	3.7810348844869397	4.007991170662815	0.881907381360326	0.7988085996644441	0.206452051446987	0.7035486982654966	-425.79112015315377
385000	3.529264141609	3.5495741988268	0.8943747321162683	0.7986434043056875	0.20396034977480468	0.7043341302256542	-413.5611556919316
390000	3.801225324523938	3.8280333281252705	0.8995250212636318	0.7871211341437335	0.21043265377649414	0.7129685999388438	-431.46902129783155
395000	3.773311316647445	4.454882320319119	0.8962559007294321	0.7916778990035589	0.20540132990198465	0.700757721495283	-409.4046303288726
400000	3.6981104463246774	4.134271703361638	0.8964169578975935	0.7965623512427916	0.2003625095729212	0.7485217158769107	-407.2247347508721
405000	3.737253378661559	3.891059947779007	0.8961263459581202	0.7991294629233595	0.21130496040411748	0.7027919738782838	-380.9091598171114
410000	3.8059182133559206	3.9341102102330483	0.895478220294136	0.7903833802987387	0.21491358857755313	0.7104113915514937	-387.50662470560684
415000	3.8955317876391686	4.068870090744999	0.8848983767894683	0.7960107248645514	0.20724130981001537	0.7049869936722875	-410.31515817635966
420000	4.118825070351578	4.620689081551194	0.8725106065413888	0.7941578812915303	0.2028485353414368	0.7049643388167659	-415.1461073407401
425000	3.7780790275708314	3.809933176415502	0.8976004333847569	0.7970596947686799	0.21064641166175688	0.7147716909803309	-396.9144098522391
430000	3.644019860305632	3.742291004638602	0.8979027624354525	0.7949163831271757	0.20304961644596556	0.7192154848569468	-398.4289024563047
435000	3.6828480205845304	4.115959561730841	0.8899971293678123	0.7961275956522372	0.2070177575956913	0.7017773580863528	-428.5603039557073
440000	3.6527660833570463	4.638369286668084	0.8919847615254419	0.7970001017541626	0.2096589736031229	0.7135971471585942	-385.3312327105426
445000	3.728115341619247	4.3197420812263605	0.8993783818851142	0.7965691404229535	0.20232870686560067	0.7120697352512668	-399.03483683612137
450000	3.7720130900210425	4.0848594731673655	0.8902779422822368	0.7973333642044917	0.20957040396358181	0.7078086922674561	-397.53314870012633
455000	3.925576899677834	4.427652711460138	0.861896973067264	0.7992712155164601	0.2117517798546358	0.7227218669746006	-438.0417092000339
460000	3.6091499959766407	3.649442604436579	0.8861396296723978	0.7986091643895263	0.2036351598497658	0.7083972732083399	-437.0426657819487
465000	3.5627268420249396	4.312755771815195	0.8964226281928406	0.7970404344352909	0.20144202790600152	0.708413892340938	-403.36579480694525
470000	3.6483288107809986	3.670969123727207	0.8434891659951745	0.7990263334707878	0.20928263617146672	0.74114004729041	-419.75735931384787
475000	3.8528257775586243	3.9341786239190832	0.8968754593411608	0.7998433368875485	0.20097280306717227	0.7154925578681682	-427.8538929578611
480000	3.5438839079005655	3.6759599148160045	0.8888726277472713	0.7988601961715641	0.20165592209421876	0.7026205539860527	-415.09447310662057
485000	3.664397788266224	4.14005835008406	0.8954605834660586	0.7990409884341447	0.2046896372680156	0.7289643870610271	-383.9314243940151
490000	3.6602318595930314	3.8832087740385606	0.823938798297065	0.799350857913741	0.2227526624277958	0.7114668206054316	-409.3484633425026
495000	3.7671473191556446	3.943833180190761	0.8884363572514825	0.7971830899746302	0.2029101977454148	0.7012414406414917	-423.2052762818559
500000	3.9628925147442353	4.313974396256976	0.8825136997739947	0.7960178646867643	0.2009401126951468	0.7054791336221573	-427.228301542188
505000	3.743750924668244	4.201216685268125	0.8939949557246564	0.7954454567013831	0.21103048285730305	0.7035986180485252	-418.1494156647707
510000	3.539301333810474	3.663729092750048	0.8969168199011452	0.7998979322551988	0.20025449172868773	0.714481282519623	-405.9623340230872
515000	3.7305331076712185	4.172384239866991	0.821195328186137	0.7985827641714246	0.20963264580137167	0.7002248629605056	-450.917063813493
520000	3.8383248852409504	4.111893942291796	0.8552124139329764	0.7978216103666832	0.20020995505984074	0.7000005106273645	-392.64614162012145
525000	3.571212829817123	4.586146115108914	0.8537852631823195	0.7990018286368303	0.20263041959222997	0.7013357098937413	-412.45232198527947
530000	4.198862211150017	4.54680257898131	0.8908984498539388	0.7945443894488066	0.21267478348290472	0.7113716986321834	-468.48335367822835
535000	3.999790248516603	4.063548580974163	0.8845170499750367	0.7920883973562286	0.20008318825243618	0.7051934783561155	-450.2393236080107
540000	3.934068036237287	3.9669164075232497	0.8968473057913484	0.7937806120468377	0.202671109128361	0.7307457731225864	-435.2025733203901
545000	3.788098491142653	4.864295693762594	0.8822593990492299	0.7904082277993671	0.2009759045211866	0.7082854220093959	-452.87325190297645
550000	3.839935543192259	4.039422861540869	0.899800009914646	0.7933141364114651	0.20397592140874837	0.7004931175994565	-439.2992443560227
555000	3.70440362691918	3.728628485657471	0.8938009292870731	0.7894085072440751	0.2012705547315023	0.7740592851381335	-409.4688166221883
560000	3.6261287937502003	4.458515268854498	0.8828028892287367	0.794047677512797	0.20443573040951113	0.7017143640297843	-432.5030781762265
565000	3.81349000817678	4.16649700238574	0.8675307491393937	0.7934650429628636	0.20888685334722332	0.721393572143137	-427.82838709721574
570000	3.885408042889551	4.196982229079591	0.8902306048841835	0.7975026569020117	0.20139434058790887	0.7112754185388291	-437.83680258443655
575000	4.459884697704269	5.322670762734556	0.896368639755867	0.7957890307740544	0.20046508470575194	0.7308275482347266	-429.66146785925264
580000	3.950043569505929	4.145285475700525	0.893948186649462	0.7967276382503262	0.20873807119529147	0.7168478237232357	-462.38201287322806
585000	4.031637947833137	4.893043616317554	0.8600612953072149	0.7937214216354499	0.20639201244820835	0.700695666911154	-432.4540165248723
590000	4.01536095748038	4.104257571786946	0.8842638580224974	0.7991489175461963	0.2014206157949339	0.7082704531426111	-418.05722369399916
595000	3.9736182495849297	4.097797934580147	0.8805906789606414	0.7919174899860256	0.20761738374117308	0.7026667343376076	-445.44919034578436
600000	3.9029293574283064	4.151749324799781	0.7899849263026943	0.799816571322226	0.20188581580244888	0.706373809350969	-469.78733341804843
605000	3.9347449683504845	4.239514045365659	0.8875071938387749	0.798559516714662	0.20146514247254052	0.7103733904479258	-428.75997795076626
610000	3.6444089571348632	4.261002042377612	0.8580397046890581	0.7996720537783183	0.2027034768738007	0.7032192396544448	-404.26275293559496
615000	3.7609532503618284	3.9255971314695404	0.8509872979867147	0.7979938007198157	0.20083195199147158	0.738359304241345	-438.034170771115
620000	3.740653639901715	4.052421546694242	0.8998373743972078	0.7883247481410387	0.21425003743842058	0.7109980993634422	-417.94972115529157
625000	3.9937268912397728	4.090216247004394	0.897335253967906	0.793727020130298	0.20771099082475863	0.7000247242128311	-411.5316428585563
630000	3.6226543594535983	3.6972319514215024	0.871902145235302	0.7960183177690985	0.20233093183528278	0.7045213710610241	-405.37863940367464
635000	3.6876650301340694	3.973144430564227	0.8726229703131649	0.7940566781976252	0.21123516518343624	0.7276907097804829	-389.8399040481191
640000	3.951712622607302	4.155094946369383	0.8580434392405725	0.7913216486226665	0.20214539928071498	0.7031342136649533	-464.41663860734167
645000	3.7760641519422142	3.9466794962061	0.8917497875181649	0.7981000849223464	0.2027769519558988	0.7017661848244402	-396.8367998468245
650000	3.640706798344801	4.3945518169810995	0.8893612301679628	0.7990779884867403	0.2011656599249633	0.7018478797067398	-397.76414852803185
655000	3.710247873013424	4.046937341822387	0.8853330012036206	0.7943867876749938	0.20398073506359046	0.7415886995996285	-430.4473927869518
660000	3.6383224567936896	4.003439308773481	0.8966908846082885	0.7952532990845149	0.2010687105923445	0.7144478304197395	-404.06958770881175
665000	3.624661196886832	4.137418809449784	0.8831374042894108	0.7984899791167414	0.20313652130010124	0.7089367765330886	-410.82948566098605
670000	3.9244138597154268	4.225486668809826	0.8883544647029881	0.7877747648810053	0.20519579311799996	0.7183227420062478	-457.4268943588935
675000	3.8152691573619393	3.902378409208869	0.893348118627422	0.7953263095764905	0.20286135628578386	0.7335578988526085	-414.3531113561059
680000	3.9642239761259064	4.421646394965701	0.8769672684545871	0.7951734589927885	0.20033264357918135	0.7295113332217056	-413.817371917112
685000	3.7672656695960556	3.928849505382968	0.880287762435941	0.7967813272616021	0.20288431488716935	0.7381391857664735	-406.958772369125
690000	3.793403874343016	3.9443374192303904	0.866492740815214	0.7984234593988634	0.21406691922125487	0.7001722886880903	-394.6266893489284
695000	3.7250922703582448	3.8433248484394866	0.8913688096763228	0.7979756137636853	0.2053171827469315	0.7323623334115865	-406.74932098646065
700000	3.7306110720200256	3.7618031292694574	0.8996179531396258	0.7991598598936775	0.2000155537733098	0.7099083006369452	-397.0582784927447
705000	3.799772122876307	3.856818538600915	0.890689184496243	0.7992442018945238	0.20226174102308114	0.7163543273028337	-406.0110648020091
710000	3.7174214156124443	3.9834911084210236	0.8997144236374838	0.7949573727189054	0.20161842566007243	0.7227974833057268	-410.129397742223
715000	3.7102108715366615	3.8926756837692027	0.887769589653792	0.7924127509137502	0.20522055563911273	0.732219275582389	-445.324420386727
720000	3.6376905252421503	3.8071829960689607	0.881658323895331	0.7978726927319025	0.20227209385852762	0.7378128290384609	-398.39434278386943
725000	3.6183145039725204	3.8908165130879677	0.8788018878711135	0.7989010696647466	0.21005471359453368	0.7192837305696139	-418.90358503622815
730000	3.815872570270312	3.903348092592595	0.8998036034367421	0.7984333503998329	0.20784258091048735	0.7161983806022533	-400.26411116141986
735000	3.73007391804782	3.903599410698161	0.8738081901329902	0.7998682683989772	0.20275637145764674	0.7126270776277056	-377.8626535676873
740000	3.726721543035675	3.879659314871411	0.8921645208200437	0.7987802231888964	0.20543212746354553	0.7011387172553325	-378.843427487278
745000	3.6589990238540793	3.7539801120381155	0.8984114088246179	0.7998435363879731	0.2183737862186806	0.7194171030594043	-380.0454882002499
750000	3.5856446674305538	3.8794979381377135	0.894162198171372	0.7992353723386273	0.20967127667756286	0.706269974658452	-405.3707793875554
755000	3.83931901570525	4.1778924854954145	0.8783550375349783	0.7969667303546628	0.20029891735271602	0.702707524405687	-425.0245716216637
760000	3.8593380270763538	3.9630952273900637	0.8424486202410998	0.799829305299854	0.2049226178110734	0.7023350736801128	-432.3002076124195
765000	4.122925335176527	4.28208851762857	0.875072007084317	0.7976731001661512	0.20208375501631667	0.7574428695779093	-400.9620576477334
770000	3.7350945108032723	4.415576204354447	0.8979166589375855	0.7992923481023555	0.20182264108156703	0.7238998852970404	-424.9966014798655
775000	3.8305408195399475	4.223590598816188	0.8872118664821549	0.796910085583797	0.20103528217803257	0.7139507500873365	-420.5695436183206
780000	3.7254674503328284	4.172658236107499	0.8874162063289396	0.7968339549105291	0.20012596056798845	0.7261405904169673	-412.20657899638775
785000	4.219160933355987	4.722783724773664	0.8875045433150275	0.7940760217873136	0.20282799780763128	0.7343940669579586	-448.699654283417
790000	3.953799501268114	4.645114033151037	0.8888767054423599	0.7952682359907189	0.2028906457215122	0.7163478570044562	-423.0218424544175
795000	4.040519712512759	4.158381102347251	0.8993442260833231	0.7967906752048222	0.20043551216812494	0.7009408966316067	-419.4709685513583
800000	3.8351938425236276	3.952170412291643	0.8908215643565929	0.7992180660175358	0.201908342061752	0.7110076734125141	-429.3163094960537
805000	3.9017056417537117	3.998374286571326	0.8937467882859977	0.7935260475218119	0.2002971950674509	0.7150999113860795	-435.17187154150866
810000	3.762534311843065	4.000227022052531	0.8314451868583743	0.7971595823783891	0.20131107661291958	0.700026517251489	-456.3307113376327
815000	4.308525606443636	4.3121189282771635	0.8812898629259837	0.7872011895688305	0.2030176319395475	0.7028159240438081	-461.57999160088184
820000	3.902095945534533	4.908925294506733	0.8436131263750003	0.7949056750928004	0.2116748571575727	0.701744292116535	-454.0174992265638
825000	3.844761719893985	4.1820573435985775	0.8728607185229393	0.793831321348062	0.20276133004939975	0.7075798642569353	-422.90704515523123
830000	3.8741518272924704	4.060042852839877	0.8895149623245708	0.798643459173879	0.21378167146727892	0.7049223999781471	-368.3284777221126
835000	4.015787160480976	4.154691861803907	0.8876177504608737	0.7993168839924344	0.20043119037300514	0.7027174927734977	-400.52273631236017
840000	3.700142693576843	3.7342132685639573	0.8831819561721064	0.7924906674763447	0.21181443657557578	0.7027943986326921	-445.8220379253774
845000	3.782163376811149	3.9549272650271505	0.8873275884143527	0.7912438187984956	0.2096999825233935	0.7395161244565928	-443.9475157911945
850000	4.239891636092268	4.474737921221261	0.8697529934087463	0.7927206359334231	0.21080772704164155	0.7014420836526769	-434.1648006363882
855000	4.170101532760958	4.721935845426672	0.886684921786811	0.7947802633495853	0.20186631876942931	0.7019294886975357	-442.6942875883623
860000	3.8364956231466842	3.8580395741768005	0.8793115492679117	0.7892138728008354	0.21025936435140594	0.701114100358787	-423.22143461477356
865000	4.152123449950863	4.158557119567368	0.8943748475486354	0.7865379616818712	0.2054572183818036	0.7121481775258739	-444.67616690180955
870000	3.7227179930217638	3.7590242552795825	0.8674710026517565	0.7991487197509334	0.2109935605547046	0.7017018780088232	-426.93593530723615
875000	3.688120071996961	4.100471581028578	0.8864982160039427	0.799165014368635	0.20118273383063429	0.7627033741469144	-395.08757692595816
880000	3.532602790827127	3.995369278470999	0.8951409861020285	0.7986086935369481	0.20619327149659428	0.7113944212183904	-384.3448935848932
885000	3.5871055422808293	4.226827674760868	0.8989174926172436	0.7997551151883696	0.20809057289079816	0.733346428763814	-372.2118506283
890000	3.53781524361289	3.594924256445607	0.879678116156444	0.7981896862159078	0.20326947854492602	0.725128793887912	-394.7625233455811
895000	3.824897243193563	4.644957944532793	0.8859843971102455	0.7983671138813343	0.20162974546995557	0.7001514630030738	-354.86344017225434
900000	3.6647445258532216	4.596502766336391	0.8969897766062591	0.7995166744986132	0.20044566846248474	0.7005689789415726	-370.1959616541918
905000	3.7191348612560136	3.9319425272590967	0.8962004711363686	0.7997845208623254	0.20570652871002465	0.7329999793350278	-359.0749853536253
910000	4.022145140354234	4.188308307892538	0.8991138128930091	0.7970902653362365	0.20566922495143553	0.7058769470327313	-398.90218027249256
915000	4.313958306283916	4.381649065536511	0.8400712369169955	0.7961887945191807	0.20600449286827	0.7252271329796527	-432.4457746297907
920000	3.846890594052133	4.431128091866352	0.8826950460379677	0.7993912725320717	0.20032943561322222	0.7155315890192274	-425.54553557253763
925000	3.7065081348417923	3.7940920999821723	0.8826637299146907	0.7958114842969413	0.21239053715228404	0.700509505173456	-415.8136990697474
930000	3.9468345842095736	4.005075078061976	0.8924355458313176	0.7984591715127677	0.21590238937425493	0.725388316767997	-367.85315788648785
935000	3.7674490577343476	3.8873661655208274	0.8594524980648971	0.7961383322830685	0.21995260521153237	0.7077034086400141	-384.2110667855408
940000	3.9763390084089982	4.071345536506913	0.895743424937946	0.7989079498089248	0.20253479528452087	0.7293295940910517	-419.8203247434413
945000	3.9882343091100556	4.095916271143683	0.8816260212373112	0.7909795626906572	0.2010266106737744	0.7125624555355528	-421.58484673034553
950000	3.7472305127443124	3.795072773856467	0.8597103177115559	0.7976338637479435	0.2008619212575815	0.7348115568718286	-430.14748725143846
955000	3.5965355945607986	3.6151241632940336	0.8896046123222343	0.7924872794370365	0.20191762745137531	0.7138543750427715	-424.98349260218913
960000	3.655558263950105	4.009291510084535	0.844408594427907	0.7993024300805965	0.2202048527235407	0.72975740286938	-399.6964570293166
965000	3.7341047703230568	3.7800201650524614	0.8567436621004081	0.7925410902078619	0.20385828332242295	0.7038229638813812	-427.7411476583549
970000	3.870368661151418	4.946012234851358	0.8178879101396931	0.7995520368359308	0.20305499368032467	0.7039641344430755	-484.89046540258647
975000	3.9400709225357065	4.047274969590245	0.884749163863088	0.7932263892700694	0.20363373906594423	0.719441319456072	-481.48138486650583
980000	4.268755217814359	4.515617674537827	0.8909772573777481	0.7855210252452907	0.20818599392489742	0.7082170068405356	-476.24707618091315
985000	3.9816525892583745	4.257346929322871	0.8932782061615095	0.7905093095951965	0.20490960364288227	0.7176165127655574	-460.1378875776177
990000	3.813008889112	3.920650005413705	0.8720017265095787	0.7950922782056646	0.20144009661896284	0.7137899515280457	-420.653706722026
995000	4.104242795005469	4.164752978140465	0.893582068699704	0.7969623057261697	0.20603527369729208	0.7001143796504843	-423.8273103875443
1000000	3.951572199091483	3.972705992711922	0.868131406590165	0.7941404391402495	0.20902970959874578	0.7055278132117498	-438.1679398711558
1005000	3.6717887350867753	3.863026298223171	0.8811542462800076	0.7972861842464909	0.20856073644403514	0.7285425389996898	-466.16471490611474
1010000	4.183601357786405	5.1923021462754715	0.8754374197270989	0.793455555807807	0.20302437761680409	0.7075959281586912	-421.1052797898708
1015000	3.773323686258861	4.296643650384008	0.8610899250850961	0.7990603744905729	0.20361135428834862	0.7325275562017656	-437.3638423517105
1020000	3.7494903682612235	4.167273532893931	0.8957204648387304	0.7950107601440313	0.20508023381141677	0.7018150003203848	-466.3927732893673
1025000	4.248610637525741	4.350587997839981	0.8748457406908438	0.78545921285321	0.20255268717033972	0.7168851168983498	-507.62644068665685
1030000	3.758212558864403	3.8229357008648805	0.8135647738297123	0.7902017105291067	0.20339177013518742	0.7203107409680708	-510.5189265397203
1035000	3.655351027280402	3.902638778182107	0.8672087603135376	0.7830980513165736	0.20372926478081677	0.7117799554045746	-493.6949950438471
1040000	4.232669674127196	4.260308299094217	0.820678900156035	0.7882520662634848	0.2013632639692802	0.7260455072763577	-536.7243197564483
1045000	3.746026635301268	3.854474628445954	0.8395808725714381	0.7956155839187806	0.20027810074262156	0.72872959267871	-527.5228663087221
1050000	3.658824287243689	3.7617437034526158	0.8822486651600223	0.7989337843460469	0.20269130888726822	0.7209799032480527	-458.7574589532715
1055000	3.987919543733773	4.054405853138266	0.8467007331994718	0.7969315783121023	0.20179989495735937	0.739905901536356	-469.3816715728074
1060000	3.978480489674349	4.097574019182255	0.8749210000493252	0.7922469188999158	0.2019991317168181	0.7216697917661998	-431.59377737839293
1065000	3.877498128054441	4.133501149686863	0.8997165830346072	0.7885791651413601	0.20194102193667157	0.7018014680432086	-383.6500797055258
1070000	3.9660268303311716	4.767456765420541	0.8614019512542794	0.7979335671160633	0.20099107100491348	0.7066748166589061	-426.8723425277861
1075000	3.787585061076646	3.7876351968338824	0.8792291715108266	0.7964894093382933	0.20010690802568165	0.7347745016115484	-418.45275093376574
1080000	3.642272482857286	3.881463761051072	0.8971891162570924	0.7867748829373534	0.20922122590161277	0.7080447224450334	-427.49204343397366
1085000	3.634456812799044	3.7829099152728825	0.889859815260609	0.7990681675016027	0.20095690797712892	0.7032788345871207	-419.1241325499739
1090000	3.7681184655605726	4.184845461805506	0.8821894623992904	0.7912135028610661	0.20398273132196995	0.7147796877790182	-403.3669295490177
1095000	4.14064446634639	4.166634593345559	0.844905664101552	0.7967296136504232	0.2052289807283125	0.7042634809258902	-420.97805481736987
1100000	3.654636542360236	3.7561307217653668	0.8572007244985147	0.7950822162519611	0.2074055867738656	0.7006943366868458	-410.93082281417236
1105000	3.7733030469946867	3.881327812048785	0.8818382290546267	0.7984570294264075	0.21129839988595792	0.7055637263267487	-397.67571523480746
1110000	3.758689472541866	3.784907326788673	0.8816357642175893	0.7985567245172001	0.20399748352699046	0.703851937866527	-398.09525853331604
1115000	3.846344697666172	3.861651625394619	0.8772079572148875	0.7982442122339214	0.2076757120535266	0.7152739250938189	-419.09495724368867
1120000	3.809817281010062	4.168481036879507	0.8953973355851476	0.7967705384937139	0.20370244935165072	0.7092129525054895	-436.0940841797811
1125000	3.8145745389287566	4.661692591560355	0.8995861221038197	0.7869403312725429	0.20200183321199378	0.7119087383243	-437.3199516894998
1130000	3.681954895234523	4.147299354790581	0.8812016184873877	0.7985693037825209	0.21889767696921172	0.71108491180716	-414.64450731098253
1135000	3.844947729627622	4.867370156744078	0.8903936259443598	0.793778804631537	0.20557862777324581	0.7053645540633596	-442.02796023821344
1140000	3.92828373890901	4.226649884778702	0.864474243774176	0.7977971123536903	0.2073122414581953	0.7047839355873985	-443.4768951295043
1145000	3.9672947098988813	4.35641617518344	0.8632301221906787	0.7923058622956194	0.2112397474545364	0.707324221871539	-429.7427035057236
1150000	3.9359519248643955	4.043090270881156	0.8641447604323929	0.7962059177022692	0.2011051080799028	0.704040621767886	-471.4825137367494
1155000	4.116010839031299	4.730945353480646	0.8885496575665609	0.7969666953889106	0.20156217883407254	0.7106005257180866	-460.84375637199656
1160000	4.166807069939194	4.208053735870847	0.8567955159530417	0.7905458987993342	0.20153883039702805	0.7129839527147449	-431.68647989272426
1165000	3.6557152179229497	3.843218321176872	0.8909248660895595	0.7949863633195942	0.20262079297290964	0.7064690921476836	-396.4434046703834
1170000	3.6437132063763853	3.745387262684714	0.8637273934105715	0.7982038357151238	0.2010215029704151	0.7009421249655939	-380.10054595121574
1175000	3.554704918742673	3.8036789738795505	0.8770529258129361	0.7969106824033098	0.20254237356947835	0.7216719743234031	-390.5313871771997
1180000	3.7742618635301675	3.8859087863574193	0.894511812031985	0.7999736656945597	0.20747357322888446	0.7024383157082567	-394.8782390897502
1185000	3.9299670994556815	3.997300088589248	0.8880660562103039	0.7908000647131223	0.20059578490536226	0.7128788688553116	-402.5930148358631
1190000	3.76677540161037	3.8932328021579403	0.8533249202931865	0.7979236618426822	0.2270237457199825	0.7188584107114524	-443.5299585035783
1195000	4.0966226810800395	4.1509802738260175	0.859469482968867	0.7954780994245498	0.2158599150186899	0.7092238629115497	-407.99752823649004
1200000	3.926651215935581	4.08859521849016	0.8836206760762759	0.7994316218636436	0.20033365148917964	0.7265275040838205	-433.81829824546486
1205000	3.7639150433692987	4.6448646984439765	0.8637219227656013	0.797016629544285	0.20325916431800586	0.7079194730418098	-417.41316462109484
1210000	3.764723220720559	4.051407264154052	0.8758525979895898	0.7997792205956743	0.2045927225766527	0.7052671339942049	-404.4992995039306
1215000	3.717162364629309	3.8428604105012063	0.8759153843210946	0.7967322322996289	0.20000846600535213	0.7215046422274316	-431.01579267650146
1220000	3.9808909517991333	4.118139135618331	0.8117058012859213	0.7955001388838996	0.2028277554023231	0.7042254759182409	-420.9152158779423
1225000	3.976027161977764	4.192446687503569	0.8860659460285847	0.7929991795048573	0.20218116230520755	0.7121129829803514	-429.59726654184806
1230000	4.112480688150025	4.299938821362075	0.8679646195911422	0.7824378775475945	0.22767964380159977	0.7050926202946789	-459.3437495305401
1235000	4.1872131623913385	4.53918134446188	0.8823779994155395	0.791152390908124	0.20920810689226932	0.7032008223916903	-474.7886405410291
1240000	3.8098088349217334	3.944827744287328	0.8684199211011137	0.7976570130310452	0.2008491039810762	0.7104352595666305	-453.11549465195
1245000	3.6858058536178224	3.8037607781194893	0.8631220445358216	0.7931024358139727	0.20389706515521594	0.7010894667117005	-440.92441199034835
1250000	3.7860184579128866	3.989380433113295	0.8737190051149095	0.798945193346344	0.20436013183162627	0.7363909349202844	-463.0560755916296
1255000	3.6825385066740037	4.000436141977151	0.8169061031673862	0.7997662074790979	0.20038994333844823	0.7105733021646965	-456.45826949428704
1260000	3.5951790889921202	3.838076296130818	0.8925063464686406	0.799173483992542	0.2003423603553054	0.7043563848726505	-419.2633654154227
1265000	3.7596319800168825	3.917181642410183	0.8882902123933339	0.7992561282135595	0.2030263944104801	0.700216975931441	-379.83600815150487
1270000	3.502717625729626	3.8771166365701153	0.8988727309266729	0.7991653603756179	0.2025419547864157	0.7064428662906294	-380.142009439737
1275000	3.5036956745181786	3.5558408410378943	0.8745926961108876	0.7955425625523553	0.20944776112149632	0.7267887950395712	-405.7422060556824
1280000	3.537600381926728	3.5727903986861898	0.8807111724166908	0.7980774828228947	0.21399248539500976	0.765535494552422	-425.7342081907353
1285000	3.6610805202500707	3.698621965017077	0.8676369272902014	0.7992092590210798	0.21538077146081971	0.7152029095352438	-429.9092560504647
1290000	3.9041806953576916	3.9732059943332287	0.8788982644084957	0.7951340121365889	0.20275097823490174	0.7019492813019216	-449.1401945199736
1295000	3.9177197677147944	3.9924257802657563	0.8849755687717605	0.7956522360599586	0.2100775708116949	0.7005002817219016	-476.8801710538892
1300000	3.8421278355818775	4.015239180019651	0.8773610203241813	0.7883791637003263	0.20969878282555404	0.7119621594682227	-431.5441428991638
1305000	3.6377952049143074	3.818818829512421	0.8612129891288424	0.7996362493414785	0.203320511638047	0.7561183490387255	-405.2070474993502
1310000	3.733529101663736	3.9917903284931433	0.8828862128977776	0.7984390253214901	0.20871594652758754	0.7024075246445594	-362.17415266167274
1315000	3.610938705222808	3.663529565781742	0.8941150093520546	0.7991708561847815	0.202000326098701	0.7177453724440954	-375.4134444820199
1320000	3.7968574527586183	3.817206121024593	0.8964698251978537	0.7995561561143477	0.21705812393189405	0.7178653560112782	-382.30417763259084
1325000	3.6599676235548526	3.769532019829505	0.8708202810709852	0.7988514253768272	0.21479632158088477	0.7339111509883256	-419.0717936409526
1330000	3.901949836124575	3.9442744427681533	0.8774139812258288	0.7998094911360596	0.20060186467249083	0.7074188514044984	-416.8618924534009
1335000	4.04396504049362	4.169687708209757	0.8821910299095306	0.7966049359072069	0.20092530704443565	0.7440060538505625	-447.7202699038045
1340000	3.6598833602451655	4.05695566695804	0.8010620848268817	0.7961934293291808	0.20397012154028923	0.7131793759402068	-461.18673990454937
1345000	3.8872306138823447	4.657811228352619	0.8849292469535487	0.7963023616894926	0.20400001712980634	0.7098674498141946	-438.4438268861756
1350000	3.966158371540381	3.9759636619450567	0.877884774675972	0.7919753208443305	0.20030691120467098	0.7031506539232789	-414.5855823416347
1355000	3.8484439936920958	4.151481965221871	0.8952095740742605	0.7990192495568349	0.20842592171566895	0.7027957392130407	-411.37203495731154
1360000	3.8936098133051815	4.611359365415275	0.8649161484351712	0.7991441383843232	0.21014666331140264	0.7016720749701975	-445.2079397255243
1365000	3.8021535256171166	3.8066692167529914	0.8947485205351378	0.7961196024846375	0.20231659666496596	0.714151758602317	-367.0226857499444
1370000	3.941220171300633	4.108823764929042	0.8991455701815936	0.79503999454637	0.2117917423978763	0.7042320677040014	-376.5277595698602
1375000	4.076830785631467	4.718106348633416	0.8840693610444076	0.7996770050843894	0.2095881069357789	0.703448028862128	-408.14045168728376
1380000	4.002257129837022	4.243848623071133	0.8888741208468102	0.7899995102829851	0.2100993678627091	0.7028743676171653	-428.5035996074507
1385000	3.7001018569260777	3.7742143182169006	0.8751080729083978	0.7981547780943667	0.20151627464307179	0.720041683397246	-456.3003412814175
1390000	3.8016063493155747	3.8519148904444034	0.8657637108197169	0.79537336897547	0.20023813562230988	0.7071502040549421	-431.52994907132955
1395000	3.693497201687274	3.9224251514812867	0.8963932917825782	0.7982342104602208	0.20124426423211514	0.7039954956113759	-423.4094397768113
1400000	3.8070681195404488	4.01405173924525	0.8855751576096499	0.7946605236278628	0.20625534568448994	0.7219098655412471	-404.5718870349914
1405000	3.658869054410405	4.037336895890102	0.8986440369494942	0.7999142893715885	0.20407483428715184	0.728961081062273	-410.8258442645259
1410000	3.5635714272280072	4.073390974321935	0.8976228725324709	0.7901660109222092	0.20203391985028352	0.7028514173528537	-393.1313699864095
1415000	3.737617977826986	3.8494943786608475	0.8998963365595091	0.7990532711318735	0.20767718319762607	0.716239088108028	-386.49085234652534
1420000	4.031043488735369	4.306203496441534	0.8538674094604195	0.7985805962100424	0.20655423112514842	0.7164800635946671	-402.98899524639256
1425000	4.1220339927059495	4.340199668367923	0.8367207255704348	0.7975294436441571	0.2016808759477572	0.7267995012673408	-450.4128255590545
1430000	4.089471160149572	4.846095272611165	0.8987935799039903	0.798984740410784	0.2014226912802068	0.7091293876551183	-378.9022783225931
1435000	3.7639328525348765	4.581085223254641	0.8873903095084665	0.7959862144599696	0.20189858597865734	0.7374774003882189	-394.1247758766151
1440000	3.7797842799458365	4.444589122732917	0.8870074787884241	0.7987288193267332	0.2092237430659153	0.7038708587618872	-367.99922689602516
1445000	3.6241904024957905	3.753468839979152	0.890953072215588	0.794233692612558	0.20114557609460607	0.7241238524808187	-435.4927205900903
1450000	3.6935908566694495	3.939657580165423	0.8329111186118873	0.7970582081537244	0.20229925433954413	0.7071731163564142	-456.9901535799644
1455000	4.199368920852741	4.404521776527043	0.8972241498657366	0.798766158287259	0.20212092514615515	0.7021618896767589	-442.69588044757825
1460000	3.915725640394204	4.031974740732489	0.8739704110185974	0.7989961291885005	0.20169157634595822	0.7150548922430383	-444.690467362309
1465000	4.176182080237401	4.208520196132331	0.8519979244148922	0.798068709772094	0.20254689737842796	0.7558014936197641	-476.8248893328661
1470000	4.025427728781026	4.248682624230658	0.8986347147584897	0.7937819660107691	0.20064693860838623	0.7007720428571085	-433.16455649032866
1475000	3.915139498408753	4.555458997118355	0.8889859114521885	0.7994574974814898	0.2065688063708453	0.714234014580129	-380.61970985989797
1480000	3.609304410703926	3.6818958302273432	0.8942761478146806	0.798743553940255	0.20585403655291376	0.7108573603063983	-389.94733355485187
1485000	3.6501987177437396	3.916529944201623	0.8645547608448232	0.7985122567825388	0.20588193602880464	0.7022831375702714	-363.9902056440318
1490000	3.5124477279420447	3.5152996277560327	0.8889921949953454	0.7957608828462169	0.2023956608527637	0.7163439895776865	-384.26763775123504
1495000	3.646778442831063	3.708500146968841	0.8882206695353564	0.7965654904819691	0.2199999623930862	0.7634844542786222	-398.22171354233836
1500000	4.048056499553822	4.110338184026563	0.8693658689473838	0.7900057569243417	0.2054405689361073	0.7008366065796272	-421.72491910313704
1505000	4.049875566280284	4.089277883387255	0.8935559771892952	0.7972618135933789	0.20161198696977906	0.7116717327604741	-434.6820432023545
1510000	3.8811449289765165	3.9628337827776914	0.8676509687987068	0.7891136684675235	0.20357010388904925	0.7212904114334199	-454.92535303728545
1515000	3.9557550120581717	4.282134190761782	0.8972125363349671	0.7963482450642323	0.20188309199324594	0.7012700315822031	-432.1614967848385
1520000	3.614025886635365	3.973041514027601	0.8954809882855538	0.797135283161637	0.20072931986375578	0.7012089502212101	-431.8986808466963
1525000	3.6983833977526714	4.4882672406735145	0.8915152684633662	0.7938498351738003	0.21150563997539185	0.7314724594128399	-462.1522261020271
1530000	3.6488762842927036	4.036033265494525	0.8505497397561685	0.7878958957187735	0.20118641763824366	0.7133899966237384	-495.26292150284024
1535000	3.941970705400096	4.208884482069642	0.869944335847703	0.7989388876397472	0.2017947596632577	0.7049466966208149	-478.5708628123712
1540000	3.668291355641773	4.344258225989415	0.8526133204467835	0.7957854736688876	0.20417376251056846	0.7057623626619014	-435.96824793733504
1545000	3.6643606182952486	3.7448470296608565	0.8983005314418735	0.7995570186504884	0.20632523519456458	0.7066448687291846	-374.16877352355374
1550000	3.708388635570946	3.9784416091677484	0.8895787776991125	0.7943111097125672	0.2063651294673687	0.7044973309070921	-404.30408224129536
1555000	3.9087261562889246	3.9412380900822543	0.8996288238670375	0.7976723103414838	0.20084444816230387	0.7163432954880078	-375.22896640428115
1560000	3.8131733830678005	3.9022181099694984	0.8926745361276811	0.7955832104987604	0.2014026479002566	0.7024661785740669	-391.3758365385546
1565000	3.7385388679033755	3.9598809036032177	0.8963626847558327	0.7967617850006424	0.2077323515015495	0.7077436707454702	-374.329302805039
1570000	3.5466457191955807	3.8030127304127843	0.8865884693274975	0.7991945215154818	0.2120941835084038	0.7046878914115163	-401.8544623669427
1575000	3.49850103421889	4.477926907912369	0.8796556751906686	0.7963993939451024	0.2005246116009912	0.7090042106005031	-442.18038548725684
1580000	3.841274340054778	4.426516869950281	0.8995409728215983	0.7693744181614325	0.2127772422232738	0.7039723544227653	-456.47222773000374
1585000	3.781390077699073	3.8421736610368544	0.843788839144404	0.7885964320774895	0.21182305743354263	0.707550942324678	-465.067794827322
1590000	3.879469905740145	3.9882174502988765	0.875775039018318	0.7993020751520286	0.2001220762201395	0.7148563295075018	-404.39324142592704
1595000	4.216825457545082	4.34468935580758	0.8828508086339654	0.7960615645837797	0.21579030331402704	0.7056624268158574	-441.23138635839223
1600000	4.199926095931366	4.40688875611487	0.8940924182108458	0.7993602893354714	0.20553623021527823	0.7027149677540995	-394.58316399254403
1605000	3.8337667897892427	3.9678898615209075	0.8868212240186198	0.7917588253782896	0.20032552791569316	0.7216500764400254	-408.4693210224211
1610000	3.554249921010009	3.8466455252828355	0.8757551561297444	0.790833012748781	0.2007234731664198	0.7045392847318637	-445.56501584129717
1615000	3.597493920045206	3.606559892287899	0.8533144675631161	0.7984425874005009	0.20329539414169248	0.7640191405295879	-434.0874884983494
1620000	3.7348959066296383	3.9893547066965875	0.8378183608909284	0.7986699842408104	0.20071154156800758	0.7049922651136222	-468.36845466347916
1625000	3.7264403452795247	4.464477791140188	0.8943147608994074	0.7849755458202198	0.2022124302901537	0.7092698023225188	-496.67824217036366
1630000	4.050369086934321	4.206569288350755	0.8475222412454788	0.7927826249085369	0.2001555703372214	0.7118014508992293	-451.94843877821063
1635000	3.7144082629143917	3.8204004021963063	0.8331101476113695	0.7994329381815587	0.2032629013875966	0.708537708597298	-462.2310825414772
1640000	3.6935193466348033	3.994887789295301	0.8647152376741769	0.7949082496184354	0.20524827544989482	0.7073096600932514	-421.62395028042425
1645000	3.8069239289936165	3.814475686621525	0.8984620996855673	0.7994490398703965	0.21342573506275875	0.7447231562535306	-403.29124907561993
1650000	3.7775078326916756	3.9441141549430725	0.8994515722588564	0.7950521140518354	0.22013556709972992	0.7193169761001973	-384.62990548538284
1655000	3.6332029937677897	3.9200961001983896	0.8366757228015458	0.7992315077943695	0.204636877909085	0.7096306899614959	-431.605188733801
1660000	3.8564019876361026	4.2705113084275546	0.8867074366611871	0.7905222237179891	0.2003503605482982	0.7347835976999112	-426.4765110948649
1665000	3.8472081474733457	3.854182715308977	0.8891193122417796	0.7937174301623167	0.2035831214894853	0.7251031645439237	-431.9715877972393
1670000	3.7120347667341242	3.8061992124529738	0.8528853869649364	0.796083456734293	0.20476875709933134	0.7033273649110051	-441.5949314645045
1675000	3.6868944689759533	4.607450703056534	0.8236773284134609	0.7998834626444201	0.21159337076763327	0.7058711978465649	-458.7892278534247
1680000	3.685562058233976	3.8651355695340337	0.8608247463793056	0.7941829018661127	0.20969934994420023	0.7256505317947332	-437.1461632510775
1685000	3.7291671524409677	4.200066548455647	0.892190745744408	0.7986376929342153	0.20457223451364123	0.7021519817082795	-417.1260421963433
1690000	3.7689560427857316	4.046754814997963	0.893464444549996	0.7976771180560388	0.20566497994249944	0.7028315930982305	-375.6376295515906
1695000	3.801183174646757	3.934885409045959	0.8667617065522163	0.7980985246535308	0.20372454966599404	0.711562485530644	-420.85773078890423
1700000	4.082007185713227	4.108114240232918	0.8838023276285327	0.7980295792776885	0.20045518219544214	0.7017723296525726	-438.522468606649
1705000	3.8469178139791653	3.8591584225727753	0.8685779308695255	0.798596666515762	0.20683516212448683	0.7074960036272108	-419.9676323772133
1710000	3.7313294461863893	3.787563689726169	0.8894883670819698	0.7952475650196376	0.20244338449849242	0.7022293830540767	-438.29769863301016
1715000	3.8378914553460333	4.069605530891088	0.8497289605724273	0.7986663274052831	0.2051927104206603	0.7348043218889901	-452.7124741700687
1720000	3.76249051914051	3.983055265014277	0.8944419249108015	0.7977178435090646	0.21256521154848837	0.7037968924689759	-441.0046793537643
1725000	3.816720850474368	4.460527261014545	0.8526944790775995	0.7919517820552612	0.21194082225670482	0.7033679764848104	-415.07260603549037
1730000	3.7999020680850455	4.0215272536504365	0.8867547955489417	0.7920321285268507	0.20032264472203468	0.7188498387884934	-394.6030122376744
1735000	3.851682425897791	3.974554946847845	0.8723193723135861	0.7928384853881643	0.20698331250632138	0.7381746586068189	-405.2591608472222
1740000	4.331971139847235	4.3437449042909835	0.8647811569284285	0.7998313273448152	0.20262198293520223	0.7199994470056762	-445.7615907763201
1745000	3.658619169421232	3.819067566676594	0.8756708419235419	0.7846713237930941	0.20095045214708257	0.7311476484481417	-480.95148143126573
1750000	3.6319388101658383	3.6570629588940546	0.8830099691838762	0.7926173729579997	0.20108290948227706	0.740074674782743	-467.28593594155444
1755000	3.868741862072785	3.931575863685231	0.8870512255646869	0.7966379255811163	0.20012251083831983	0.74610214980996	-424.3899265589566
1760000	4.246753176690518	4.473596068131343	0.8806054031010272	0.7970270917231758	0.21014642757974902	0.7055044782377	-438.1203040142623
1765000	4.041834296103587	4.221922033057796	0.8540557888880353	0.7994296785748928	0.20455134934282618	0.7017515551399413	-443.46413782875715
1770000	3.7399295456775152	3.90014256374915	0.883952595793728	0.7981297646845146	0.20516615154609713	0.7322683180328253	-467.0870848134782
1775000	3.765045502726853	3.8113004213555257	0.8746610100182072	0.7924516252972496	0.20512739022682003	0.7156326353145634	-426.06002210210875
1780000	3.9213052696130557	4.010371664748972	0.8804100837201938	0.7986141474746468	0.20745914276629523	0.7139358796819173	-427.28452779534365
1785000	3.9240259282049528	3.939038731097934	0.883890503120163	0.7999970507731986	0.21173877071029726	0.703636493002494	-392.42445034792405
1790000	3.617528967015208	3.949726798666275	0.8780092404057606	0.7997689626559938	0.20575186010060464	0.7097788723140658	-426.2403316145145
1795000	3.7450807677362334	4.023774090138926	0.8854077245322584	0.7969475206029856	0.2049818240623695	0.7385203507516039	-432.8054178836198
1800000	3.6343070756591045	3.730480813776775	0.8714979796670023	0.7993100461573015	0.20096651650445854	0.7057663999924343	-403.24627952047626
1805000	3.727161625835639	3.7427857697546454	0.8839197660736029	0.7909672735443614	0.20367244909617124	0.7123324058446263	-409.70140998053495
1810000	3.683529669877023	4.547454771087856	0.8397536361263747	0.7989028728332843	0.20077695298766765	0.7034150059095795	-444.7506330053706
1815000	3.6278512874791082	4.004230635872841	0.8959799300685674	0.7922284710394709	0.20426664320617402	0.7028516422013245	-415.02357957281333
1820000	3.9406047690825994	4.213930275325361	0.8733661826756379	0.798613557794508	0.2115280506849417	0.7005282183881858	-414.08288101041603
1825000	3.5548715139362317	3.7279020351296337	0.8815459643140194	0.797304654357191	0.20282260302476385	0.745261003674216	-399.399351826855
1830000	3.6419411686493763	3.6866222741080916	0.897722513129725	0.7978592119524107	0.20028205099350568	0.7019181649601774	-382.4273543333599
1835000	3.8828759981308454	4.767727332323701	0.8692164938486707	0.7994437466769877	0.2009447332994918	0.7157211427720103	-415.1905091324419
1840000	3.957724220868652	4.170604880810428	0.8918006428936981	0.7970763626185969	0.2074937344087955	0.7013901774041583	-417.24267297886763
1845000	3.7991817824711105	4.00696547902492	0.8692124080212347	0.7980592536182586	0.20066596571054776	0.7018057643799747	-416.4786146468173
1850000	3.7027637368845583	4.379221190856662	0.8326994509429815	0.7999089091005092	0.20562311554214938	0.7101827546276056	-430.90496207113307
1855000	3.8089384472702124	4.3758922318409885	0.8678564869486947	0.7992523069731388	0.2080537483117964	0.7149539046315868	-424.61223128663016
1860000	3.827243215194498	4.029147199276601	0.8961489248511345	0.792661556293396	0.20079194959779567	0.7128936696093585	-406.3645751123785
1865000	3.5824496721838726	4.818998578189835	0.8983102335514326	0.7968716285443238	0.20670427124603521	0.7076789977535559	-380.26006626761756
1870000	3.685501448675685	3.7057171668700426	0.895611256817668	0.795716701639159	0.20271829283796516	0.7239947621047369	-415.1667777968844
1875000	3.685501448675685	4.037484554121275	0.8925589770973215	0.7929364452204584	0.2122598770465571	0.7007119014287749	-424.7154372798278
1880000	3.67681770704285	3.6794499496333883	0.8878916393809224	0.7933411197267695	0.20008857560504376	0.7038565779614988	-439.5073113994222
1885000	3.9024369470405023	4.5506846855892755	0.8715219241725558	0.7959251671857966	0.20212465028746018	0.7123296054089328	-418.3935856535317
1890000	3.8600748981521362	3.980243325075548	0.8980291384132479	0.7982020867936146	0.20737777909012792	0.700999280045957	-411.6815294488609
1895000	4.080445987559211	4.258984173918651	0.8574774609809243	0.7952192141174137	0.2135977250051177	0.702481838895216	-377.97680147776504
1900000	3.822060933606319	4.210678979597517	0.8867677790210567	0.7982610428726977	0.2050594172926375	0.7299803768442908	-384.2693030656306
1905000	3.613104271920314	4.114803347759088	0.8942308594953735	0.7945161603835468	0.2121463988144331	0.7225043041488063	-395.61112384192273
1910000	3.727197424351284	4.21586737973486	0.8468471616016344	0.795795455735254	0.20256770434984142	0.7049293035267116	-441.13592208636146
1915000	3.5583494664323	3.8350608574297826	0.8880927295263827	0.7937019290482609	0.20071705835553857	0.713170028319674	-432.3762714939554
1920000	3.626377686882971	3.6939780614396853	0.8729935736866414	0.7971856572904774	0.20029543104115563	0.7842068938574503	-463.8759361140004
1925000	4.503710162957638	6.005771056782348	0.8722401630308146	0.7975760361756993	0.20208577096062338	0.7755293657739032	-448.93350016309586
1930000	3.7076292377027467	3.7348558564824685	0.8951752276960919	0.7909989719510905	0.2000011827750893	0.7025290654652999	-433.97757342117427
1935000	3.64753792494921	3.8319047243381728	0.8580447406468446	0.7954072467073935	0.21403126856298516	0.7082906326166268	-415.9064701013187
1940000	3.640455706855884	3.7289581420807822	0.8990274587133233	0.7966428790644412	0.21390404969804064	0.7029484302683978	-392.202461844273
1945000	3.8672983727004926	4.028377540180753	0.8901540140228716	0.7982613946654816	0.20120132489487674	0.7312463685511739	-428.3920624392322
1950000	3.8478020026456115	4.227606247653951	0.8815381958723005	0.7965254504534394	0.2001643560141113	0.7003092390743185	-414.10113939248447
1955000	3.7241995449685703	3.7548575641235393	0.8758677811810428	0.7996373686974628	0.2168405110368041	0.7022405443279065	-400.5371226725697
1960000	3.775368501474643	4.095732998519827	0.8911694853996295	0.7986512058877422	0.20694581017429042	0.711253865791685	-417.3066173567107
1965000	3.7171756916147243	3.974734327096402	0.8889900679339245	0.7931520861688159	0.2041422760719848	0.7324193656800169	-386.1742031689718
1970000	3.9507763749753035	4.06376538167532	0.8700065119682104	0.7988351783250135	0.2020088756728567	0.7225098683755605	-413.68388136775764
1975000	3.7056897214378424	3.838646625898747	0.8635732166260339	0.7996783595613357	0.20334695359627092	0.7055021014591686	-429.9710564819954
1980000	3.6631945430763238	3.6734394459145534	0.8388187177789881	0.7997327773996203	0.2071464783871285	0.7164555089190668	-427.33128802127607
1985000	3.6096182533272874	3.6720621189850293	0.8825433371003331	0.79522030946761	0.20108944834513512	0.7048242570532954	-422.37088095868825
1990000	4.014076251782233	4.399511553787803	0.8658980723923536	0.7988395843854232	0.20031306778089913	0.7093974278672406	-432.7420820039875
1995000	4.086841569957578	4.106824545961757	0.8885632894771714	0.7980101147763596	0.20056764207613087	0.7113082595486301	-428.58956535699326
2000000	3.8072271104355697	3.815301461348705	0.8994836459607394	0.7970926885170487	0.20559558428941913	0.7022131789499433	-434.114572492088
2005000	4.032273246644378	4.911085950600688	0.8929044101553817	0.7948012828133205	0.20495347111089188	0.7101159005610044	-420.4140820736194
2010000	3.667947542095696	3.7054611287995107	0.8768535276655812	0.793817636799987	0.21597475428241464	0.713652373706099	-431.0818001698238
2015000	3.570184151663798	4.04386131162061	0.85556193578784	0.7960609072664122	0.20443210820590987	0.701413839405607	-412.544550850637
2020000	3.9771449820626477	4.061290729211606	0.8586947955160015	0.799482915100555	0.20926450254004636	0.7098174040283801	-405.24779194032664
2025000	3.8185311691167136	3.9259125298391915	0.8699298522712875	0.7989110175619925	0.20745462840568593	0.7154202399334223	-363.63124086770404
2030000	3.812583946467156	4.008247051193706	0.8518781378475284	0.7989670646092333	0.2048484009158057	0.715373894684897	-403.361327801632
2035000	3.712262698885198	4.101547429440018	0.8360678529521545	0.7983410150303027	0.20358109009741787	0.7279189248185687	-425.932662605179
2040000	3.7196063967561797	3.983301499818186	0.8666712193013014	0.7993227577384501	0.20009501131738527	0.7033596639327725	-424.7663386739427
2045000	3.608188349076623	3.928991566026585	0.8633704893375423	0.7977522343624875	0.20146357044423066	0.7013231985859015	-452.38398174265154
2050000	3.8939682784276077	4.037080167455373	0.7928858367402415	0.7967066951727296	0.20124072137218077	0.7041971601729866	-453.10986881153616
2055000	3.8752287525649978	4.951446071804343	0.8583545713079276	0.7990570491514069	0.20033102133590489	0.7025111515395467	-476.30074465391624
2060000	3.8439718766858237	4.712866852407432	0.8933174853462615	0.7930049790863501	0.20271243726086494	0.7052018484625067	-457.9357837177768
2065000	3.9877377336891393	4.117888719702898	0.844968189764275	0.7968391917937039	0.20031775735538027	0.7027923318483464	-452.79434297998256
2070000	3.837075087937024	4.061988933755437	0.8905192445870656	0.7964527817420589	0.2047135254932326	0.7303935731931774	-494.116921510937
2075000	3.905546324168253	4.008735710115933	0.8924745609606874	0.7954700837702455	0.20007450310133806	0.7017530670951325	-448.8403566170368
2080000	3.8403965102412765	3.9812050382010846	0.8823537136454737	0.7964698779040384	0.20428868813625253	0.7424876390534018	-418.2049027657465
2085000	3.72906543836319	3.794833290752747	0.8900632964907104	0.7988716869734666	0.20316760908365145	0.7414738765394495	-420.73367133905435
2090000	3.6599930481384813	3.7516006992356017	0.8938792050280902	0.798926145626512	0.20270661838430137	0.713192698080917	-415.86123195902843
2095000	3.7041158828783853	4.314498962469836	0.8762157198244293	0.7963368335952342	0.20222190893185893	0.7099656623325105	-381.6925573739063
2100000	3.5752897150865577	3.626042848370617	0.8737190716164327	0.7961680581502272	0.20217277154512375	0.7132079004580595	-398.0208889498704
2105000	3.611990971229284	3.7418467272325584	0.8900449672930405	0.7999159722602001	0.20008579820673625	0.7098735260289053	-366.9533544610512
2110000	3.772645833816247	4.260391457644414	0.8931438294057594	0.7906480378604487	0.2199413213141592	0.7078576010215237	-406.0782834309289
2115000	3.9670295821846855	4.027436000423277	0.8757100472476753	0.7913852957179189	0.20072315623875336	0.7047140847140926	-468.9228443142633
2120000	3.5741715910607406	4.034464894024539	0.8876921336776652	0.7986690976132202	0.20339821127838845	0.7109863822181236	-447.53481622531143
2125000	4.208533513790694	4.448581473139261	0.8970389280351668	0.7868759301354639	0.2103851073715995	0.7144450720488905	-452.79623097546533
2130000	3.9151430663427877	3.9324471443758453	0.8844039200737145	0.7971682781122318	0.2044408841503944	0.7119469534194675	-414.68769551494506
2135000	4.026222411871151	4.312660199667629	0.8856545138618517	0.7979720068991485	0.20136762602079206	0.7012771685567318	-438.34941463643844
2140000	3.73476420338093	3.9488172894715317	0.8976306594525684	0.7999046815838604	0.20263876601000605	0.7132963471711716	-401.02023137440915
2145000	3.7283704471031016	4.0700671986930255	0.8858503088892029	0.7980254704188866	0.20014137430126028	0.7188119810455178	-391.64002014116346
2150000	3.5966671373988786	3.98147481585743	0.8509602972362024	0.7988154004076312	0.20106898874963802	0.7056445146623676	-412.56022280622784
2155000	3.5518807391675677	3.643704244928015	0.8752037512132644	0.7936391491907531	0.21395701689562002	0.7433260278029304	-411.3924242083432
2160000	3.7292534792336602	4.0103402568506885	0.8517239311983796	0.7976993966339931	0.201369088170383	0.7145161159257603	-450.6011662939811
2165000	4.0233934703486405	4.4484930357001495	0.8970901644331268	0.7913086470608883	0.20433837821651335	0.7116527960163024	-445.0264329486659
2170000	3.7946190594313305	3.821020734266072	0.8851822204003501	0.7895473309859231	0.20672581806482834	0.7039853650419371	-420.10888054876114
2175000	3.6326589710259167	3.8309684204025105	0.8807263682135584	0.7982048609891649	0.20433920278227294	0.714365145663105	-424.0164321672832
2180000	3.828233323092436	3.9667526102940958	0.8899809592704201	0.7966644410765332	0.2004497517605835	0.7173562563966598	-440.53127571013255
2185000	3.95097094996182	4.593233669072709	0.816578710135078	0.7986277671578998	0.2024341831369696	0.7173504032180484	-484.810851345613
2190000	3.8609501502534007	3.9801040615584626	0.8739070649265783	0.7831536547173154	0.21148530189542364	0.7046446776680115	-439.3041447771127
2195000	3.9553439229202665	4.007601296276048	0.8445536788743573	0.7934325634726452	0.20466962633611493	0.7000361796542323	-451.34851317463784
2200000	3.582581174461562	3.6619558606493134	0.8930528145348743	0.7969191214740722	0.21281856071305588	0.7063122823726466	-387.22929681125476
2205000	4.1193422276982155	4.528554494947431	0.89548689628069	0.7948634717795072	0.21511271323113723	0.7086804271639225	-405.7999953966346
2210000	3.6486116682596554	3.816562325222767	0.8678283173179755	0.7887837991981638	0.20801323904999885	0.7214703847987503	-421.35885674401516
2215000	3.927217076862054	3.9890025755983722	0.8668198788443638	0.7989323863230968	0.20014294995278203	0.7092853888055902	-439.47065061209435
2220000	3.9417681460249527	4.305583111356191	0.863473744785172	0.7982888073552229	0.205332309493274	0.7099229828641347	-437.54863268853967
2225000	4.116825843607893	4.219217632837547	0.8774941339770992	0.7851003494299478	0.20326386557395132	0.7123824372454441	-439.78269844185814
2230000	3.7230893153685694	3.757805048433418	0.8283597408146813	0.7982949127702884	0.20264647150464885	0.7501130269680525	-448.45519657205404
2235000	3.6472226178256886	3.774479051443061	0.8825866460083238	0.7989064351245009	0.2161201177642704	0.7171482963360268	-444.31948666958556
2240000	3.8819276212285603	4.557223249804696	0.8701739758261493	0.7822566760107845	0.20824403053034912	0.7017466879789396	-480.6670157237997
2245000	3.894955819691347	3.9941533166421155	0.7911445674484519	0.798882486488869	0.20137108708846946	0.7043466956899713	-474.17514368676154
2250000	3.942635931802892	4.097474204382676	0.8511363006713819	0.7899436956712912	0.20147624686884058	0.7177113298804328	-485.47071042558565
2255000	4.056532667314844	4.365664161280367	0.8670593826430617	0.7919929712647749	0.20137076602250262	0.7278231773296818	-455.60721369431906
2260000	3.8826592030080915	3.9064128336503625	0.8952804692078922	0.7966582680353219	0.21093590065903411	0.7000778274068737	-398.5185467123835
2265000	3.8786515825950425	3.962217120336698	0.8782967594359009	0.7979843547056419	0.20314476826872493	0.7176974398213752	-390.51986029944834
2270000	3.8772979599799164	4.031693592745182	0.8945273468058182	0.7991662860595187	0.20296638218399243	0.7808530243033815	-436.70406354091125
2275000	3.9680746110388614	4.348697813147125	0.8983795666435038	0.7914405062217701	0.21274784441305242	0.7348904288606932	-437.90108688737706
2280000	3.8981797507251534	4.08433180187539	0.8805941471603238	0.7857600842371799	0.20123655664640097	0.7086343977256252	-418.38595230274376
2285000	3.7428545973777627	5.020454642963085	0.8938293635325701	0.7864704453675488	0.20385111530254493	0.7142737109855646	-405.15517927637427
2290000	3.6879793961114973	3.733567378124829	0.8667535709274271	0.796847198251865	0.20268919923639758	0.7002022684778327	-391.98072684574475
2295000	3.919742524267204	4.043865464918459	0.8438281625486943	0.7960079927786373	0.20739494958092583	0.714380354380373	-432.8905424463735
2300000	3.7134627882746285	3.722220715994851	0.8865369487163782	0.7883431848148758	0.2005606214492805	0.7022458579344923	-405.00151645086424
2305000	3.6046449831190794	3.635870671732692	0.8812620920583146	0.7989492104895211	0.20283169773197535	0.7418734210869523	-408.0369613819916
2310000	3.605002098210682	3.6514832619207978	0.8587588699812403	0.798040121454327	0.20360577758917037	0.7422253787077405	-448.763032027343
2315000	3.878495345311583	4.486148944623599	0.8881990611593267	0.7847585344845852	0.20470031454605173	0.7252141679352454	-477.49234583345486
2320000	3.6780126431526003	3.9226686549510035	0.8316896289687539	0.7971707735727049	0.20406091359188286	0.7061165402392242	-466.89216054039935
2325000	3.7908600032661863	4.018080266955977	0.8654805073864762	0.7989856686545459	0.21443172976293165	0.7012889087630025	-408.27258239248937
2330000	3.9595984917099476	4.402026355907501	0.8755991992156997	0.7999994950386525	0.2037680149246206	0.7203972350282954	-422.044567489185
2335000	3.781802380709679	3.9130131576224043	0.8781545215998238	0.7959613968553579	0.2011165536854386	0.7169623242337045	-434.4258059619145
2340000	3.9194639497429113	4.009187736475522	0.8641745387587155	0.7974016070417297	0.20048512322114856	0.7126236078804984	-424.41679943306326
2345000	4.0820867293038	4.298337190179318	0.8829487795249397	0.7851021025026268	0.20144090605089937	0.739520285705162	-441.9627232529276
2350000	3.948067042642335	3.971206470803499	0.8978912234578718	0.7982512049022853	0.2026058324274751	0.7312436076697765	-394.2181231573592
2355000	3.6345928633524354	4.12084752095646	0.8911210808600142	0.7982809367531714	0.2050909010395633	0.7153541487144343	-435.3797937189857
2360000	3.8448766418278435	4.12008079880393	0.8476259334253775	0.795973316831358	0.20076301459468215	0.7036804707071109	-450.6397666033
2365000	3.562350103866935	3.9031798449653876	0.8855334929965197	0.7932939442055751	0.20169615826217802	0.7355447022551708	-433.7315171076241
2370000	3.8061643555761546	3.8218700525248894	0.8844037386779533	0.7993817134039514	0.20133058299697684	0.701649391919658	-395.8237393921097
2375000	3.7827331490185516	4.031584583493638	0.8983156507041083	0.7954572404832957	0.21174879201666422	0.7139003328205921	-380.15025911476187
2380000	3.965844354625983	4.046140569158095	0.8898039080198493	0.7904492903397315	0.22416478163912992	0.7006790653259112	-393.96152007209713
2385000	3.83502034785794	4.066535372197496	0.8978076485195775	0.7965180988615098	0.21284042747512527	0.7238992651360522	-376.3567577938426
2390000	3.8217214961582036	3.969718467236517	0.893353629895519	0.7963315190395774	0.2030546924798164	0.7152335690382061	-379.0446536264867
2395000	3.802622161463679	4.285228957457433	0.873789538253063	0.7988306326094413	0.2012827349985305	0.7621952118364967	-426.9864866381315
2400000	3.6884612082402364	3.950642021939738	0.8823588134732592	0.7977384537286201	0.20673631232098255	0.7183498003904768	-435.8239680268894
2405000	3.7337219727221513	4.21942871486233	0.8897862157690403	0.799107040638001	0.2115403930065547	0.7113334796333555	-422.68133356374
2410000	3.919559127675091	4.014256024575876	0.8928604992509585	0.7935195186555337	0.2033589270393947	0.7247029180653592	-395.05109584143764
2415000	3.9874760421768234	4.056458248801783	0.8974208612935162	0.7992930514068608	0.2003521658753063	0.7146187042139577	-432.94142928487776
2420000	3.8178699223031365	4.235379607339984	0.8778821973440393	0.79994824731415	0.20000414577109177	0.7031628149273168	-416.9838916820648
2425000	3.981938866529382	4.384461002736613	0.8925201065099576	0.7990130880465173	0.20259140445068347	0.7081970688784747	-385.3750580030784
2430000	4.039446476555488	4.245161951484772	0.8713504963448391	0.7932493057082475	0.20007608425645473	0.7393684655619851	-384.2714919384402
2435000	3.8605207452476282	3.866561985932476	0.8924062460175683	0.7999884484618602	0.20159114130357905	0.7179770591270908	-420.41435564527563
2440000	3.7168983307626533	3.769128467454321	0.8919828561415372	0.7982577248224282	0.2023562691127205	0.7522243752119765	-392.57929544951423
2445000	3.7339181083815465	3.779621392469029	0.883261018031114	0.7978309058140691	0.2039945975955595	0.7250058750325352	-380.6924135308769
2450000	3.7334477151639964	3.9443459014062556	0.8856592017814077	0.7955712103309441	0.2044713672728171	0.7194252578868647	-417.71016013844365
2455000	3.6723753987400176	4.460817607335197	0.8971342686914702	0.7973625058927017	0.2078327261587977	0.7738385475014744	-431.7635857413288
2460000	3.688940702836526	3.7121095046586428	0.8947154389335211	0.7986963138056605	0.2033721791891603	0.7117054694880284	-424.15589520651736
2465000	3.8379585047426104	4.34991401217313	0.8668337117088419	0.7981676861044269	0.20026707231839075	0.7183381301404853	-436.85052857204516
2470000	3.9996844162200538	4.061219582832291	0.8951564043166884	0.7996536636342338	0.2002307813926935	0.7202763359711004	-408.63374360933364
2475000	3.8112028497372723	3.8317605074836116	0.8814759493415313	0.7993195627041071	0.21034406661831612	0.7082872295221936	-391.0047756996309
2480000	3.789924894099817	3.8485099115907526	0.8879189339720738	0.7935340929252386	0.21496739645180624	0.7131399064052566	-450.3071948521392
2485000	4.384955778270039	4.394434606307391	0.8874583807515029	0.7979534405091958	0.20499288017658288	0.7089664030918367	-430.9107104843083
2490000	3.8411265896449542	4.143680201103528	0.8972047456283552	0.7953628710713727	0.20926616883330554	0.7000090082070352	-453.0156980901204
2495000	3.8853889731941393	4.509882918634617	0.8327775017184251	0.7950414057588825	0.20577557768620985	0.7084016680809394	-448.1148998252097
2500000	3.8788971757796276	4.081772610101971	0.8391150619169152	0.7927953794739777	0.22035198161071526	0.7091304178473217	-442.37466272457846
2505000	4.127206073402654	4.2546627089469755	0.8502670679294406	0.7993371426236	0.20073367262492775	0.7014216279334945	-426.90829387306275
2510000	3.9859754818265807	4.562494832221586	0.8545843040559608	0.7938465099797071	0.20350138786624164	0.7300558599896523	-435.91881897539275
2515000	3.8321182547525274	3.9666447134409726	0.8640129460846236	0.7952501470368263	0.20335042956605492	0.7021618520085043	-462.9498830703525
2520000	4.10451586523219	5.362572872035167	0.8947082727873452	0.7939928004509844	0.20535043093941907	0.7347929121549759	-439.8122034460445
2525000	3.879376925155867	4.038992246218499	0.8869040448850206	0.796602459035638	0.20136091410000473	0.8029756202999506	-427.07248091303103
2530000	3.786289460075346	4.068976981923743	0.8800531140844969	0.7932256666844771	0.20145682961387434	0.7017082359313206	-428.98763199414594
2535000	3.739595764849038	4.36674499908478	0.8373896770361565	0.7931135576824557	0.204075021172848	0.7006078861310607	-441.6461072596584
2540000	3.802971947952772	3.9312169780078974	0.8983151247858373	0.7941896837412595	0.20129541492105507	0.7264844099669213	-473.20989438730777
2545000	3.778375159003615	4.342546814044082	0.8896331694058558	0.797397238380078	0.21274554668167706	0.7297717252241422	-425.0009497186923
2550000	3.603554158320133	3.767425528166095	0.8939893209974829	0.798871533603852	0.2049530382310487	0.7111355417115114	-412.8951192193023
2555000	4.223788230411618	4.337660789997333	0.8641810011315278	0.79986231298913	0.20369365701278871	0.7002235360914794	-440.4865933482298
2560000	3.8701255897706224	4.1363347650501066	0.871997982363763	0.7988728679321497	0.21637581037288442	0.7008264450426194	-423.7893642823801
2565000	4.265098991600105	4.317136257753439	0.8998115091926849	0.7997772842237094	0.20036323568983383	0.7196375552301734	-454.26239278891745
2570000	3.891736261837342	4.233825886463287	0.8963217218919786	0.7853589077248907	0.20034774247956913	0.704894362349445	-484.97463292697347
2575000	3.930003070204764	3.979362948621486	0.8941086490805381	0.7860724176421752	0.20014858116855078	0.7041265491765766	-481.7007816684273
2580000	3.6615613151022486	4.054294973359012	0.8978511899745718	0.7951760249347489	0.2000722730218881	0.7020809215603313	-427.06381203816414
2585000	3.6079923974408326	3.9314748757371953	0.8815975136904607	0.7948244936965172	0.20373887572974408	0.7148692208405836	-437.0617017400466
2590000	3.8246030141464944	3.844090402853971	0.8758876606418385	0.79499959864607	0.2056641909407129	0.7122404387343123	-448.63557505803897
2595000	3.6972086220786236	4.188803211701015	0.8839020370069189	0.7979485388090993	0.203308614513439	0.7013587383931759	-399.8657224836548
2600000	3.6667428640600246	3.8308101196417463	0.8928966250143774	0.7937378212021847	0.20092610673810934	0.7251139737884051	-419.58695221768147
2605000	3.636270164612518	3.7476528253839905	0.8916319102077884	0.7957010293079181	0.20159074571281663	0.7076830559541344	-441.075619815789
2610000	3.8438311386463107	4.4595691550783325	0.8625196198580743	0.799300167992738	0.20269700781882236	0.7366429192972159	-426.2477361251452
2615000	3.7716338969281034	3.8911565200636473	0.864622376987297	0.7929262410522031	0.20248050634041898	0.7029323501634994	-454.46638399483896
2620000	4.134190526781639	4.390442348736311	0.8296207428736031	0.7983414450796639	0.20209960381604397	0.7050182356894382	-444.9535715337324
2625000	3.8478798420773432	4.238758869123794	0.8916819824771121	0.7964125146705487	0.2014633283144613	0.7766057505285817	-421.02443060784833
2630000	3.7952798753484878	3.98498166395256	0.8894889279032228	0.7962501011496131	0.2038185750948293	0.7065891825448304	-426.90104675494
2635000	3.6338235088595647	3.774455674831128	0.8749274304937172	0.7974083189861804	0.20088623090537214	0.7097056075948688	-417.26903935299606
2640000	3.755667038834069	3.7738168838238892	0.841142582405598	0.7996041627137037	0.20001989794472538	0.7153274117098686	-459.7557892931796
2645000	3.8911852341699813	3.999620129876211	0.8838473456516261	0.790439839760165	0.2041693491250132	0.7103113366048049	-449.91942553112733
2650000	3.996754176017957	4.562969116354856	0.8943212646558569	0.7960809033977186	0.20132310591981098	0.7101338027921343	-409.9965305648773
2655000	3.837831579524833	3.8954867797189885	0.8927664010638289	0.7998269337011934	0.20395531538912856	0.7448761756430577	-400.20815435800836
2660000	3.7949529540492195	4.032221631593776	0.8720926090351644	0.7968167352412018	0.20643261204451252	0.7139562019166513	-431.26295989346477
2665000	3.7960216698227573	3.8193297064192437	0.8817193220506042	0.7978042932007161	0.21195799314759373	0.7042512681380539	-429.2685959609566
2670000	4.062889552895306	4.713895649921866	0.8903587273449307	0.7934904728794299	0.2026331857913387	0.7018923257646273	-429.5054645554451
2675000	3.8373163925765024	4.02378635140366	0.8897078748468864	0.7966144271077193	0.20512972049307132	0.7249676204019195	-450.3150998982561
2680000	3.9072172710993422	3.9824284689585396	0.8400006067180261	0.7930542257819955	0.2065258241330909	0.7032819916283745	-443.3497723165197
2685000	4.245825600625242	4.729687767754893	0.8864850941677701	0.7970308426174509	0.2042453835376092	0.7514398327870797	-425.80059749919644
2690000	4.12889776078699	4.48653527776877	0.876242298059073	0.7952772228475795	0.20253050484874566	0.7223184111339761	-455.05942228852757
2695000	3.6432797748417376	3.727248994009946	0.8765881409649477	0.7979480382299979	0.20150009338878552	0.7213994462947438	-436.10276148743316
2700000	3.583329979481208	3.635643040443471	0.8410549116007956	0.7933222280837263	0.21563621344805445	0.7316623595639834	-457.6118644826405
2705000	3.647430109484988	3.9268016230981138	0.8846192187913758	0.7985593497844776	0.20021740990104034	0.7097019616298393	-407.41015498112523
2710000	3.672305802161773	4.1322527186582905	0.8998134425339409	0.7941055597192257	0.20778467136132825	0.7174540058090225	-386.8812238306487
2715000	3.6537914722721707	3.8962048211280758	0.8900755951842648	0.7905256542534511	0.20248436404881154	0.7130690288439268	-372.7678248309492
2720000	3.748910882039878	3.838123725564599	0.8978133294240299	0.7999330866207088	0.2024348090144088	0.7069336557665576	-388.2200776820317
2725000	3.8720645486238836	3.959513544528487	0.898338778736319	0.7983635731447033	0.20350433112890268	0.7227044988685123	-411.90693772842786
2730000	3.7524595376888508	4.176247079414921	0.8977283980291005	0.7993632521013995	0.20262963222507635	0.7185426726720016	-372.09740484728565
2735000	3.829524635127402	3.874437452513319	0.8988504270327552	0.7999768775205832	0.20698888303245327	0.7002091597641439	-396.04928648219374
2740000	3.770783685619141	3.9584948123897172	0.8868107827105874	0.7999902175231501	0.21203583937815432	0.7014252070378271	-387.82250751360954
2745000	3.8247339073736164	3.9822174106524653	0.8996876793155769	0.7999247941752746	0.2074707015083301	0.7019373129641348	-422.86367504804605
2750000	3.7495300416840958	3.7833946560836154	0.8971814468187352	0.7973301941903377	0.20064165366114076	0.7525669750613514	-428.9805787650705
2755000	3.7707160868401575	3.908539566527724	0.8762279474191443	0.7991061159196058	0.2023383946644365	0.7039919981757196	-424.57267418585496
2760000	3.667412306154231	3.6700567389173826	0.871690553791372	0.7960562057062011	0.20068071034112178	0.7182777982830262	-437.32529408423864
2765000	3.9245675217102147	3.9921457581236637	0.8563786218880312	0.7986826656214439	0.20723371369218477	0.7106209941175374	-458.0509288907205
2770000	3.693040010569409	4.400548009870029	0.8255546250308669	0.7883407592144034	0.20710630361041651	0.7013446390574005	-488.8118274003336
2775000	4.077066060796077	4.555346986440415	0.8980161769247016	0.789720876840613	0.20468749123072402	0.7081925497945128	-519.2963335655298
2780000	3.785875636191395	4.5042286055817025	0.8250143277316745	0.7847483193074171	0.20344376986824297	0.7689586772952574	-473.2604760956152
2785000	3.9142105455730505	4.140725250453533	0.8724523774759719	0.7997297360750474	0.20217671154677733	0.7083331359798	-425.3335939023947
2790000	3.8265132053927533	4.137599117890882	0.8965974181233263	0.7874468906880399	0.20000632973156965	0.7153476863155939	-448.40111232094716
2795000	3.969427945409439	4.2167414554654865	0.7758133663421104	0.7987813213649267	0.201145200067015	0.701579177298844	-443.8521838569346
2800000	3.9939889967253035	4.044642260715044	0.8669377084264417	0.7960367765118239	0.20995507809276864	0.7268276211286856	-428.58883190563347
2805000	3.6380305260472143	3.7162837377182676	0.8631346487754743	0.7993463703961851	0.2024238445333583	0.7026146020646248	-403.6828480569436
2810000	4.077813569849656	4.082361167221967	0.8630746984278347	0.7991168908181099	0.212958341262843	0.7166914993822879	-392.79664173263586
2815000	3.7670232002078965	3.935548141068637	0.8957971726305131	0.7991276074536636	0.2029059052059118	0.7261958749580192	-361.3943731080623
2820000	4.1551377269161005	4.722187426769132	0.8995830414633718	0.7999569959515003	0.20622941229485323	0.7068810921022814	-373.82540502448876
2825000	4.06678284207225	4.267160765387472	0.8480662912184629	0.7956290891631135	0.20887468129256231	0.7061703642419144	-416.62178721666123
2830000	4.11021972400128	4.294403609094516	0.8991783280217034	0.7933416691699554	0.20464140421024113	0.7196142469989357	-470.07612522757313
2835000	4.0461321128984595	4.614679848743693	0.8945860718415998	0.7885413916314129	0.20647490801812282	0.7000977470621602	-473.99889162272046
2840000	3.9206548955064497	4.445073718143101	0.8822006481320829	0.797173514846001	0.2023265147466958	0.7089807468294607	-439.11318725062654
2845000	3.884571836280772	4.57269026120084	0.8408975735803889	0.7955881843171568	0.20233765106698226	0.7083486585387063	-459.5593893027083
2850000	3.867714515216314	3.935814315349393	0.898934625741296	0.7946968921075642	0.20919501013660904	0.7492555727376441	-422.29357902952233
2855000	3.9704398166389008	4.025173286604921	0.8917546780353731	0.7956905032307273	0.2065459573774717	0.713991161813705	-406.60988241751204
2860000	3.71535819804448	3.716392545764846	0.8574841796024959	0.7997201163112323	0.20748165479678365	0.7035335532219333	-356.3585006062614
2865000	3.8840635643907597	4.169781925510197	0.8901323065669223	0.7996385722553012	0.2003037680498375	0.7092489845648257	-361.1372015214799
2870000	3.6441703297674195	3.8621772409863637	0.8991177566740053	0.7996452095368832	0.203545798879872	0.7222045234008501	-348.5748777871748
2875000	3.780125745505186	4.075977550837337	0.8874226529075627	0.7967043968484357	0.21157802927338795	0.712941550255143	-337.32480364408076
2880000	3.5854619153642253	3.7266391992562973	0.8954781224696903	0.7984546149705664	0.20171117853046935	0.700479991820612	-340.8010297396017
2885000	3.6840557958767364	4.2381791137403955	0.8927345462093199	0.7998253787013108	0.20789429621516523	0.7314345610752329	-347.0754730449191
2890000	3.703077157269824	4.145679390803785	0.8998892713322408	0.7998963101024976	0.2010934015042931	0.7075544705782846	-373.64317187341794
2895000	3.976720598900681	4.584124575862225	0.8809467307859142	0.7993220325555778	0.2026018428745208	0.7020819153583866	-417.6302374129908
2900000	4.104623197660834	4.125291049086812	0.8750776362477035	0.797050738778252	0.2034371958997928	0.7084166048541206	-434.17102991440504
2905000	3.76002903664473	4.221816111487818	0.8930459852881389	0.7931202106640503	0.20252065755363122	0.7007438809399699	-417.23713310377036
2910000	3.7288272870521464	4.110321603226855	0.8732225286683714	0.7972881970722595	0.20119694356897444	0.7277610168261666	-438.9724011416743
2915000	3.7446901757738447	3.7770811845423222	0.8979293995809814	0.7990188273019811	0.20061069768135112	0.7009580904700022	-418.3981953750958
2920000	3.829719244660896	3.850586426284235	0.8961525291842052	0.796817249479423	0.2012729013577983	0.7010306972218944	-400.1594876000348
2925000	3.677121835350987	3.912113079312382	0.8860558564183719	0.7927301458540675	0.2053496509632497	0.7018063236580462	-402.74017218299946
2930000	3.6076870091089757	3.772295117895709	0.8781258801195195	0.7902171717527182	0.21138359988766497	0.7245605394915602	-403.79390163737315
2935000	3.6803015393937493	3.7491999005648733	0.8929069700178478	0.7976947248564009	0.20214652728026963	0.7326518838472285	-400.44522575979147
2940000	3.6088206843445576	3.613618951144887	0.8747268295687497	0.7987405044305883	0.21651035816699885	0.711903656330371	-373.10446254454604
2945000	3.5242384128717092	3.8620559951543565	0.8921173693645349	0.7945939223391615	0.2030800206504759	0.7271984468718459	-411.0968158168822
2950000	3.49850103421889	3.702588925168665	0.8997551853814235	0.7961055157874969	0.2001028301260755	0.7003774864449309	-386.35592633974807
2955000	3.49850103421889	3.557634788418434	0.8998921940833937	0.7954198167355571	0.2045877144666601	0.7088482123549068	-380.06349364583065
2960000	3.5547209285907426	4.252630346023591	0.8629350352058218	0.799464276288564	0.20095432984933645	0.7150586351865057	-420.93954115776097
2965000	3.8490967103294977	3.929343240227189	0.8929224865249363	0.7988225160186566	0.20310316323300037	0.703038785132783	-394.82883428683755
2970000	3.5922617151827896	3.944269767284395	0.8761707841082614	0.7997895788602841	0.20385393753702208	0.7110388575741371	-414.07237322910794
2975000	3.7210903427318667	3.7468095086838997	0.8896037047028222	0.7990308293493245	0.20124207200616948	0.7002117318176475	-413.4332897900652
2980000	3.73104116922035	3.9986989957309707	0.8685873225570898	0.799860209875532	0.20808189696441023	0.7042551951955575	-373.5304921364215
2985000	3.697390780825029	3.8269820251825495	0.8981548710589286	0.7999410600827015	0.20497108820189225	0.721077539874095	-393.89340132426344
2990000	3.571453448856559	4.060784890266954	0.895325147777774	0.7949355330881921	0.2189577018210875	0.7058935848301692	-402.31291068411315
2995000	3.637902506197382	3.671199197435541	0.8974398621328791	0.7974478486133453	0.20221886933502525	0.7048089478013567	-406.0701562239034
3000000	4.051229981890057	4.202547713687995	0.8579474811824229	0.7965724983735986	0.20995852769128445	0.7188304526371496	-409.7110208369419
3005000	3.8114899552873887	3.951577068230002	0.8981224583777208	0.7980952330227654	0.20550733008791164	0.7136069215948687	-360.21688054937323
3010000	3.9057820659058935	4.0706415928744	0.8973284614941345	0.7987386384542678	0.20452740737904362	0.7209153583465449	-407.87136756716035
3015000	3.7867851060726787	3.9235908146501326	0.8951478445126502	0.7922040189976142	0.20018287220015732	0.7080102800175735	-405.06478788349017
3020000	3.9219214666627673	4.063455110858977	0.8946870375273395	0.7949295046823032	0.22058263398704173	0.7025259161572062	-405.63681215405103
3025000	3.8223566892803533	4.129589552590738	0.8986426602033752	0.7975877130696575	0.2049327772698978	0.7158470556398345	-367.11066426547814
3030000	3.9063251985670346	3.929657481502367	0.894780840278577	0.7989101904930165	0.20413321963295142	0.733671911117163	-382.6829857536739
3035000	3.6735360540284394	4.280500145713454	0.8993891034024571	0.7992131970380787	0.21249348367324583	0.7371874432977489	-388.9832931189331
3040000	3.665359396972007	3.956133064623798	0.8754571103339207	0.7998794929789007	0.21019672873809722	0.7161786578849755	-384.1812441782193
3045000	3.558246839845843	3.6263122985319596	0.8966217862968199	0.7969722145787801	0.20683377642161913	0.7070647526691282	-425.57650035395733
3050000	3.6981525014925003	4.074851532751355	0.8943539170910179	0.7999289271863895	0.2002349373724772	0.7245560433980446	-382.9832518127214
3055000	3.7013973332494214	4.020935590616958	0.884456135849811	0.7977213452903372	0.20417431095859034	0.7002371087283248	-401.90232471413486
3060000	3.7688712855362616	3.9859829077430713	0.8839475463394085	0.7934802344820939	0.20436156550924037	0.715883738335811	-421.74888770762186
3065000	4.0872540048943575	4.1525409145504835	0.8863524402648484	0.7990284531702048	0.21115635113876896	0.7007981955367211	-393.8230068194299
3070000	3.899860279373484	3.9203690492113106	0.8971158245002078	0.7864183023224184	0.20621279555031952	0.7193565653791151	-413.5300392250087
3075000	4.082112057916176	4.254469571460647	0.8887613776302468	0.7979886788726681	0.20854926299992263	0.7026234502148039	-427.4501396886265
3080000	3.90379322378412	3.976098162438273	0.8578726196962796	0.7993708232398445	0.20346924478732759	0.7210637562091259	-464.32570154088523
3085000	4.07124415761256	4.337382326333982	0.8947472518271515	0.7991027105786132	0.20903750111148534	0.7055817831225654	-434.52921541157167
3090000	3.585622546876441	3.6913909116609323	0.8916617352828088	0.7982674246838337	0.20275014417777418	0.755744057638126	-451.89222317213165
3095000	3.6217107186497826	4.182408876144304	0.8911896627072586	0.7975467048700151	0.2195836410133824	0.7127527439471957	-399.0199619236405
3100000	3.709729644624337	3.7462337720805694	0.8936391360935785	0.7977000614139513	0.20695926757700228	0.7088673703330527	-371.30987914591844
3105000	3.7303625183838904	4.743969104562183	0.8960132746131236	0.7985978503697806	0.20908153252625755	0.7066260888689544	-375.0486388301952
3110000	3.611864614411704	3.8218899288895174	0.8877537724040199	0.7992850331697688	0.20237377019415284	0.7002822727751932	-359.00557868635195
3115000	3.64482240950089	3.7384210381184615	0.8882533026232982	0.7982482355683524	0.2023450336635298	0.7251251196396871	-420.2577066316459
3120000	3.555803548557548	3.559513443593777	0.899200178154853	0.7942656446980436	0.2115413204774867	0.7044494736581346	-398.71326163750973
3125000	3.850236378948841	3.97424235138339	0.8924482749193646	0.7947918221575778	0.20050486842809948	0.7063109273174275	-411.4889959770442
3130000	3.772998553993065	3.7913361371620824	0.89602550494136	0.7998785502215937	0.20215555192225088	0.7011506520990621	-414.3916004744749
3135000	3.7726789164031644	3.8560654421244984	0.864112735770313	0.7961361046067725	0.20473326448183846	0.7539367630200429	-415.0343617415836
3140000	3.6927590600588487	3.930355061304932	0.8970660525370283	0.7974035128682787	0.20584948000712222	0.7125288122284978	-442.1430291168108
3145000	3.7548521608683765	4.033235202492487	0.8693477568589619	0.7958869007021858	0.2015325957539846	0.7154008372620957	-451.5867351835129
3150000	3.9505375556388054	4.116826356905654	0.856812412064908	0.7949044086707053	0.2070700265264182	0.7014057403754571	-471.8812238866203
3155000	4.259539604477108	4.350542643028274	0.8386959479776784	0.7965415067126367	0.21668784903650962	0.7068294888328956	-456.2210490417595
3160000	3.789476612807181	3.7941405314320464	0.8889621149093975	0.7961858367866554	0.20928577041611765	0.7002630572397222	-425.3737354276262
3165000	3.754353925713498	4.273900432138819	0.8654059657294955	0.798611688708145	0.20588573831790327	0.7214360947906842	-421.6932861074765
3170000	4.3201940530324965	4.864182917646966	0.8658627730492829	0.7987491607839102	0.20245728702650484	0.7059787282878622	-431.3563282188722
3175000	3.815183321257777	4.15690809233299	0.8744990626872393	0.7962268112033273	0.20651025412473542	0.7054964519861933	-435.8449636289273
3180000	3.8336723077143815	3.905745721894401	0.8779033865758609	0.799323199733725	0.2101249431678363	0.7045078075554538	-415.0443391937117
3185000	3.7266182394228355	3.732875679421899	0.8680339837101819	0.797987736735085	0.20070869985191808	0.7214003313571432	-440.75881583045935
3190000	3.8142196536499497	4.706774356629352	0.8199690821238471	0.798886457014062	0.21125108012864863	0.7432411471948718	-452.3725717715867
3195000	3.7539419594247354	3.7915769894168414	0.8643932640577343	0.7954527690448426	0.20476126991938792	0.7044333193391961	-463.2077754971899
3200000	3.855004855375194	4.300165633612598	0.8959040056112413	0.7894659834097527	0.2016283970854446	0.7003619540828412	-443.882399679164
3205000	3.7174297337994555	4.190074636988908	0.8477158946543739	0.7998997314844909	0.20162488765110637	0.7774433297910825	-447.07199927577767
3210000	4.368054638209846	4.531031118797267	0.8991353117576725	0.7991994556564741	0.20957702076259785	0.7041022244894457	-422.6328623094747
3215000	3.8417334377775325	4.015938393320614	0.8647647139953885	0.7919876782039293	0.20768809211915304	0.7198744862485513	-459.2519015511105
3220000	3.8148107284848183	5.530755949734943	0.8931697395601399	0.7995470749069659	0.20241184856588712	0.7092649403954352	-416.25635320012776
3225000	3.8288572473836604	4.811734155480178	0.8789911502827643	0.7984373262779036	0.20307389069525264	0.7081962082871596	-414.7671210382778
3230000	3.5895708443386414	3.6641600515771415	0.8977439197798383	0.7993982993368687	0.2003528836591356	0.7087905193518904	-403.30353764272775
3235000	3.8455022919122204	4.18739996424848	0.8829803257548864	0.7994104011143274	0.204279845891746	0.7083612977123982	-398.1708791052753
3240000	3.6613928482652076	3.770822980533585	0.8974073772454583	0.797192217606296	0.20310000060542335	0.705549577145379	-389.20722676523695
3245000	4.564320615062115	5.276908383946975	0.8911614045412055	0.7989437387854962	0.20882418184606277	0.7027629484568241	-408.14207342220374
3250000	3.7086277001240022	3.9641819150502258	0.896212477112901	0.7988887904458972	0.21692336582944552	0.7118429232335741	-401.37521627083714
3255000	3.88134869097778	4.018371628076389	0.8947862770230494	0.7999434512971426	0.20231055816198998	0.7350701659683672	-394.65736151396084
3260000	3.8140347148686127	4.08283157379559	0.8890863625791507	0.7988822469041773	0.2046142187814412	0.7443643525161777	-402.0096029701005
3265000	3.744636215432784	4.027871921898615	0.8805988304357988	0.7963822138975123	0.2061441631757149	0.7272522588331446	-462.6151264928092
3270000	3.8559540247017123	4.421491188927837	0.8956242832557749	0.7992162646525381	0.20085530531003526	0.7516343018465792	-427.5058105060209
3275000	3.968107283814373	4.064757245691956	0.8919659697090228	0.7998061686528584	0.2022425133101138	0.7132048122260778	-426.25826079172293
3280000	3.8665292077418854	4.002273571846086	0.8766269492191002	0.7965577751707454	0.20009668825986426	0.7121637283352996	-448.42502171522335
3285000	4.004737730001098	4.249050831966129	0.8364358548930559	0.7997975109911243	0.20263738388405855	0.7021321463471927	-482.27821918919335
3290000	3.9135938616237245	4.395449539820762	0.8969748153681429	0.7945475372438284	0.2002185394258269	0.7001706820348085	-430.70448984503145
3295000	3.781532069571827	3.9406879388522196	0.8572271317359801	0.7975582823822854	0.20188843276235424	0.7268785955943514	-430.1277853634107
3300000	3.893634132338171	4.035914788802839	0.8599918142966836	0.7940595346709257	0.20137931029357187	0.71108966056347	-435.26443852654467
3305000	4.299418909496343	4.567100689890814	0.8481671755242188	0.7965883652763525	0.20839800611079795	0.7363137711960541	-433.7113815203884
3310000	3.998714692571125	4.270312120587034	0.8779504778946122	0.7953436570283307	0.2013896567294402	0.7095142138700096	-423.55137653137274
3315000	4.156077360408686	4.327300057027479	0.8951942666786474	0.7987613899167862	0.2010435345388417	0.7286806416050792	-419.85300014898223
3320000	3.717897969549959	3.770365571671751	0.8886690197422882	0.7966553453519348	0.20151348837875388	0.7016186007235067	-415.37893873617435
3325000	3.6541116051346942	3.6585381612477788	0.8580313352870681	0.7998871156802809	0.20450380298354398	0.7123617944796492	-424.0120040880349
3330000	3.7899038918848724	3.8431922656480944	0.8941048972809835	0.7996834687467465	0.20314351461047692	0.7249400191206667	-435.00511485995185
3335000	3.9693157181937866	4.033691804544093	0.8910627146935296	0.7956027761153823	0.20423817176680178	0.7018091810118269	-445.39950569713005
3340000	3.8442437346127503	3.9772774836948486	0.8998744894755213	0.7965121944610223	0.2014465284280011	0.7226672319082061	-446.63169222732665
3345000	3.9455736707532796	4.207754380457975	0.8808537033644471	0.7870314182284076	0.20210224341775285	0.7001764233293437	-430.7925801447387
3350000	3.9768354858022366	4.027724711140411	0.8554606408030211	0.7959650469944283	0.20071842365005568	0.7203257174948562	-441.2828494801731
3355000	3.603097427618236	3.697228434020977	0.8938940040222552	0.7943950743825605	0.21058520808734615	0.7104954349871031	-405.4188286979623
3360000	3.727841266590588	4.475085631584729	0.8941337727013634	0.7986408288515305	0.20036747866933352	0.7188697909406898	-428.05088857528483
3365000	3.7503787833594027	4.363649622727225	0.8845249629066517	0.7997279574808897	0.2072558988512376	0.7330759885118499	-415.4113573970567
3370000	4.005610279816412	4.386734586968246	0.8633368368696878	0.7853385257205394	0.2127583294813843	0.7151257975288228	-444.70911711841757
3375000	3.709238513392499	3.807390990982682	0.867989429219493	0.7945375531588666	0.2066147291782714	0.7042512996161685	-429.46409082468426
3380000	3.49850103421889	3.987135268659001	0.8833382796466872	0.7954428061851163	0.20173905978705117	0.712573564046304	-417.6517908528906
3385000	3.5333706186126874	3.542524573025856	0.8648368453400268	0.7933429110060989	0.21103075501723897	0.7033444283779461	-454.54495601702615
3390000	3.690675714514679	3.9875055784659077	0.8904358359256114	0.7951238103904945	0.21213750725212277	0.7141940584810903	-435.70364211106903
3395000	3.768452761157944	3.843470360489895	0.8562919069973255	0.797145362745931	0.21742432309635884	0.7014730292466088	-434.34969548384254
3400000	3.8200992004970127	3.9328149077093286	0.8410553270511691	0.7949130650767954	0.20074633971369188	0.7066349338686615	-431.51355097941314
3405000	3.6890728127147563	3.6921113137763415	0.8634736045170204	0.7991476165337995	0.20520027558003381	0.7098613348268128	-443.1382683684747
3410000	3.6668596581513264	4.015848378667069	0.8966037051715859	0.7998835708104574	0.20047022769075212	0.7040668064518946	-421.81232999033887
3415000	3.5322043445600864	3.935313229072844	0.8992662653248864	0.7989291223779147	0.20093190502227373	0.7174558683059218	-387.2679102736657
3420000	3.899624151732531	4.674480278372633	0.869916551779667	0.7936605060236649	0.20270249166342014	0.7180086106189852	-407.82311239978026
3425000	3.914382242522247	4.346917189204059	0.8764911981050518	0.7944615354702118	0.20580194481008984	0.7205845099528283	-424.7603302384217
3430000	3.8664292274536938	3.9085597357813584	0.8842023515759022	0.7972170214846334	0.20147802155295869	0.7024349816307427	-440.1192488198878
3435000	4.412019563189263	4.557561098608008	0.8856815569579602	0.7969417120037297	0.204379438543383	0.7010042619134144	-450.5314246375273
3440000	4.271974248756489	4.82249708952123	0.89954750354652	0.7976519577083062	0.20142348352737416	0.7203858500615733	-441.97002375871585
3445000	4.222956043465323	4.3878432500772195	0.8874376911626539	0.7979109600751628	0.21157923000162782	0.7344177320351971	-400.6955629603517
3450000	3.844051717614348	4.486443728408124	0.8706544899731518	0.797502974149368	0.21143091217199625	0.7091261839666398	-430.45370581101423
3455000	3.64666079519343	3.702821609701663	0.8744139952263771	0.7981821647545281	0.21208074122909046	0.7041462565498824	-432.8835541335185
3460000	3.8844477176035843	4.111872167302686	0.8964892582927592	0.799895815241782	0.204796545976275	0.7410923196674323	-396.52786131141227
3465000	3.8057032903600754	3.8996444643164687	0.8645808468548841	0.7989775331229393	0.20059555246228028	0.7035445720421684	-397.67244193977734
3470000	3.9928846028922598	4.379636519611922	0.8970798416113775	0.7955519530928964	0.20636573798652622	0.7350382924656649	-431.33480462756063
3475000	3.7100805352377257	3.9192104607099902	0.896547498065023	0.7999914143728638	0.20340689476284507	0.7033175438877879	-355.22603997413813
3480000	3.826403095996663	3.8994842027124212	0.8902267783000566	0.7998007773283816	0.21702194036254258	0.709666536110004	-352.63057531601874
3485000	3.5521113600983454	3.76545482058252	0.8951434992514701	0.7996699080983374	0.2033492077672889	0.7102995480605775	-384.33411100310235
3490000	3.604832784426355	3.6448728270568114	0.8717693873710269	0.7982844859096564	0.20404255378110556	0.7255110310729854	-423.8709643754493
3495000	3.887998257513496	4.004883884051568	0.8985126944569246	0.7972920468349011	0.20354260305554162	0.7196649151235351	-406.42141216262064
3500000	3.9010431017897176	4.0065327455701185	0.8805434876020426	0.792599201652457	0.2044434264151165	0.7186240585092479	-399.8711024605375
3505000	3.77195143814034	3.930979651089155	0.8945574790288805	0.7952666667059025	0.20425136148090697	0.7237006788141486	-413.5850569642752
3510000	3.970671689455258	4.226649308556433	0.8981635124571353	0.7973902539487207	0.20170553292805976	0.7174365749748405	-406.6017678926765
3515000	3.933736695738678	4.40415510108266	0.8898057406661799	0.7980646035180983	0.20005069539661122	0.7104648746610156	-409.71954874638
3520000	3.846652635250026	3.854688577809746	0.8723078162561289	0.7966534620935529	0.2029999697366659	0.7115069031181088	-456.94766152919846
3525000	3.791506208375324	4.397245653338989	0.8919844562341127	0.7968170819032037	0.20096500380916757	0.7198166745314643	-435.3150675335452
3530000	3.8026321651917923	3.838793408157906	0.8799186932539859	0.7975552033938642	0.20437792503120125	0.7121424921986039	-387.5786607895579
3535000	3.7752390278897106	3.9007813608581112	0.8515840148690931	0.7965917657273256	0.21146120281159872	0.7239806493430894	-454.527342542249
3540000	3.662900094317636	3.8304705360108944	0.8942083251183952	0.7992648257931326	0.2000821051017551	0.7257570691134727	-412.54510662872707
3545000	3.577373594974827	3.6094011013338942	0.8939386468883673	0.7910079511760025	0.20607753943902982	0.7281818236296886	-410.3384526882339
3550000	3.931669090578491	4.2437216456970095	0.8937579697978063	0.7984611105443314	0.20088195560163838	0.7168971028675828	-391.75059319442977
3555000	3.6412070527133675	4.068547055521546	0.8515979577827733	0.7980312311346305	0.20699225350334508	0.7063136521207763	-435.29160740298977
3560000	3.6744142748490836	3.713803536838824	0.8806769177972751	0.7982165446093427	0.20160461224142653	0.7152665345222557	-442.05117259283105
3565000	3.719288926362311	3.8163907601318185	0.8980828590844324	0.7996246699318599	0.2051714507294199	0.7137323272293212	-389.79082700553465
3570000	3.7323966462704443	4.406602629085764	0.8863402157950878	0.7999631931128699	0.20608089256647527	0.703010463324497	-413.75755205031294
3575000	3.7184649758894506	4.0304098655870435	0.8960920960772366	0.7994646678009163	0.20070128207048601	0.7091255204027843	-423.28508096346667
3580000	3.8706241495466673	4.161594945486659	0.8949034675521951	0.7983939771008409	0.2037048885960832	0.7085538434595944	-423.1024327112828
3585000	3.911183800693316	4.134859456289406	0.8905340901805275	0.7966636513267671	0.21126520599257512	0.7012218822950447	-437.2788681344845
3590000	4.032191093988866	4.7681535695569135	0.882828034242824	0.7941082513113868	0.20419629022620392	0.711285836535943	-454.9286568983742
3595000	3.604953591237543	3.7241791568569593	0.8720667802838082	0.799975765983952	0.20040159173301528	0.702077706068163	-380.73968399075636
3600000	3.7793041113976034	3.9254732212104173	0.880244970179439	0.7956026872028561	0.20645416198247465	0.7080590444466202	-412.255381028362
3605000	4.755714332823276	4.865494713786992	0.890271395784575	0.7989940014652339	0.20041703772891029	0.711481155071339	-412.2914117879824
3610000	3.852793584122908	4.1669508940566145	0.8798820716392164	0.7975422041991327	0.20457887079050938	0.7203133225113176	-436.6655756441549
3615000	3.9478667549820736	4.2547310278147386	0.8816669095885783	0.79504053987081	0.20870489003937942	0.7028450166118424	-424.9493641703553
3620000	3.6552642415454972	3.776704583072622	0.8465722196098805	0.7994558227206573	0.20192290527328088	0.7093229241466259	-406.8919652481871
3625000	3.9353933275522563	4.187601577824994	0.8865880977831955	0.7982920905286357	0.20163436555748757	0.7073248545498038	-425.9105094136082
3630000	3.8485827988137564	4.264269151760626	0.8855334804973652	0.7981215135798779	0.20230711169184631	0.7198157550180231	-409.08418967031434
3635000	4.031687658149063	4.342542990691164	0.8704050673881986	0.7989910552167371	0.21258994870135306	0.7259906686506364	-450.019932816673
3640000	3.8453576434619507	4.081959134226321	0.8850158706183501	0.7962499719754585	0.2006983326069415	0.7043882788906114	-416.21191674368526
3645000	4.12840204656918	4.2686399827969925	0.897157914279528	0.7847685855070496	0.20879157697310857	0.7047509900611724	-446.73936546977836
3650000	4.008235569179651	4.334867450014423	0.8874802994008677	0.7945493559479279	0.20371262109423582	0.7412503452290259	-455.60553224432505
3655000	3.8253095949103852	4.096957947890794	0.8737387718612114	0.7917985225074491	0.20561600046796155	0.7046564367183377	-454.8760395090635
3660000	3.639933243476342	3.9094735358282136	0.8641270719091682	0.7997008824623276	0.2012047564450379	0.7063212246120556	-444.42758921442174
3665000	3.779931850896383	4.4177773053508105	0.8859531344281785	0.7933351256079538	0.20256006257198542	0.7053390687967447	-439.8458470858337
3670000	3.8106379497171874	4.3027201991051225	0.8753199200542695	0.7933166925997849	0.20650896729702736	0.7091591018722305	-421.54241828178914
3675000	3.973808410701018	4.453292339980435	0.8705016499918826	0.7916398345801585	0.20082965623470336	0.7343557862600799	-443.26686311446923
3680000	3.7684354374309295	4.185962196478306	0.8956091178457715	0.7984353102065204	0.20187051700606495	0.700734939454233	-421.65692561296095
3685000	4.011903353451356	4.017458825688335	0.8857038648031277	0.7914758644638799	0.20127146270791282	0.7161269538790055	-416.79396251604834
3690000	3.865899293042986	4.41803919217999	0.8948827627168185	0.7975833864310945	0.2127695296887292	0.71236046203042	-390.9362044789862
3695000	3.6477299532061287	3.9773788446065006	0.8969551960542069	0.794528778826087	0.20228650362677592	0.7186555333843933	-429.1548149653223
3700000	3.656609798200858	3.8009243601309817	0.8751107657919349	0.7987290270208931	0.20467746198638498	0.7122597941238229	-438.5029333042642
3705000	3.6299994073466673	3.6307372548713106	0.8996396910147473	0.7951953413746188	0.20045116116858233	0.7430969843519396	-443.60935401146077
3710000	3.531890199415547	3.5939913013831206	0.8999359172395612	0.7921714283603705	0.20371490582814278	0.7046463561655777	-433.3670391306281
3715000	3.570681044457744	3.626136473053992	0.8982514092916982	0.7984605528861376	0.20315040602491616	0.7115856551397632	-423.7618250912227
3720000	3.9747898555262613	4.171432219811965	0.8964818254879512	0.7975862186546612	0.2091567349581425	0.7020541041404934	-437.7729860400822
3725000	3.925246181771497	3.943732104284813	0.8231381810717764	0.7985065491120259	0.20590069381690615	0.7178560892452226	-439.6044881858306
3730000	3.6498530255993065	3.8408190481612694	0.8786201293414378	0.7982862200479199	0.20018552306928505	0.7403268952874493	-424.4399055916693
3735000	4.111265097448298	4.2086230189413305	0.8545949287460324	0.7902436480141591	0.20161753937504315	0.7106197610080893	-437.4802135864325
3740000	3.9544319610881713	4.037127372144666	0.879424678438203	0.7998922351956633	0.20051479794255547	0.7007139356847577	-430.07550406522824
3745000	3.652107458854699	4.380514740668054	0.8973744425635499	0.7903280992091833	0.20108028447963883	0.7190200761093541	-425.1384014253099
3750000	3.6274752309202594	3.74150223145362	0.8985700608416114	0.7815314684307957	0.2055818962842765	0.7268557578528815	-442.6094932053153
3755000	3.722473277354162	3.752533585051646	0.8977555566737258	0.7968770095002669	0.2034191482272162	0.7109332814062783	-439.5886327438137
3760000	4.063441118159362	4.1521224173892515	0.8889563550918141	0.794361684344266	0.20294989359648846	0.7104163564746615	-408.60441980247685
3765000	3.7463589997728888	3.8896138467246018	0.891816789771384	0.7988128307270423	0.20262954614614323	0.728579214390194	-397.5092195321615
3770000	3.7813319106965393	4.14903687292547	0.8941392409664004	0.7992231784609265	0.2084107646625253	0.7133738985533977	-370.22904992841217
3775000	4.01258968122637	4.390490964830957	0.8862313763621061	0.7977958130480912	0.2189011386957682	0.7035452387515788	-353.2692101770318
3780000	3.8154176541572022	4.13547841598069	0.8939358787853275	0.7984803845154612	0.21406349988770026	0.7005389007262794	-378.7184838628776
3785000	3.598077738472814	3.714090945339725	0.8988927804716826	0.7998996634804806	0.20105810544588745	0.7264426011266194	-375.95385974207585
3790000	3.780435947788643	3.7894226201017323	0.8873586392034614	0.793631214974947	0.20089236634665963	0.7248926855253605	-364.89974471102465
3795000	3.7716597503859006	4.074352958235149	0.8930899076061285	0.799922123020911	0.20670293175013993	0.7403928593394962	-343.08147919163
3800000	4.159041559787124	4.371994461419348	0.897065006919279	0.7903360237501792	0.20423486447814998	0.7074058340882337	-407.00258678686805
3805000	3.8112506078274744	3.869366293279936	0.8430538559093524	0.7998043920798964	0.20032910514732755	0.7026353757634078	-393.3457034764099
3810000	3.8677691508327463	4.10871326698396	0.8753707877294681	0.7999146202215391	0.20004856521153666	0.7079917596228529	-353.6388890933505
3815000	3.756016503627052	3.964600706053834	0.8896386663053935	0.799563778249645	0.20353759682369282	0.7023056020485395	-382.5528301973284
3820000	4.298301576140748	4.591875647448347	0.8896615963683916	0.7988789338225042	0.2179855235283683	0.7643074780426599	-383.3083654549398
3825000	3.8443191537710626	3.8705744274226874	0.8962460595355641	0.7939663441180533	0.21230259317663328	0.7222260322859693	-423.5401493634259
3830000	3.846131769612545	3.8812566862062017	0.8839391898002442	0.7998854961959845	0.2006174694609245	0.7063084314671793	-372.0623914608431
3835000	3.83297047121089	4.741845223929339	0.8884314014060958	0.7959804977546747	0.22493011184303432	0.7082886649267275	-368.6032744972527
3840000	4.109135960615136	4.681045868375902	0.8972453730677553	0.7985237414913555	0.20418889847492605	0.743801047237064	-380.8766382182632
3845000	3.6955122859478844	3.831701469775121	0.8781306680872876	0.7989856707037631	0.21153977383688574	0.7335357017975762	-372.21529065172354
3850000	4.093702416682287	4.235553532255635	0.896846414274656	0.7931256005398728	0.21121635178559803	0.718887355820206	-410.5962506919663
3855000	3.7917110446217075	3.7970807169364864	0.8784820984654276	0.7993239376147817	0.2019511204866447	0.7048000448978805	-421.2716865196495
3860000	3.928038745418408	4.210615713829201	0.8858744426468234	0.7915813635812395	0.20068356324904696	0.7571666454734497	-414.4893165626841
3865000	3.861022415864879	3.87416657808788	0.8856336096580308	0.7956824187387322	0.20182021534142947	0.7211373611861068	-426.6534775232514
3870000	3.5706587357075557	4.3564091555699	0.8781839272187169	0.7981405225611689	0.20483222953498134	0.737532716697239	-424.6082177771769
3875000	3.5817951335091958	3.7224959105413347	0.878061352730426	0.7967578421041481	0.2078372504576852	0.7126628905605598	-432.145384411441
3880000	3.8359606375716293	4.08165988482519	0.8926227157590405	0.7943399861610719	0.20404793571689375	0.7295884938831958	-419.66408468372856
3885000	3.5972620796746173	3.666260994108519	0.8851448649447369	0.7819006517363698	0.20509493984068725	0.700091654713961	-444.2034871793691
3890000	4.033041874168182	4.418122635146341	0.8933255084753882	0.7987372766557733	0.20137111833459628	0.7030600614645736	-471.4824286223771
3895000	3.7929134258925075	3.907933824492579	0.8996873663097985	0.7958136638515211	0.20154541222741215	0.7140029506929795	-401.78206283446207
3900000	3.844081854023999	3.9576079926622816	0.8723011480778118	0.7992395640386578	0.20153467893853508	0.7083445671545164	-404.7977363817066
3905000	4.034869410448697	4.044797130900612	0.8761890132238493	0.7984307943590756	0.20292138134658727	0.7177830224158391	-416.36752863333095
3910000	3.753416725746766	3.8945842508515107	0.8628391572213056	0.789511697545888	0.21053489657996755	0.7016677572518214	-454.64984820705774
3915000	3.7723461598432166	4.0374313449004235	0.8523270484381688	0.7968764709723711	0.20085088229608591	0.7013329477858063	-428.5641908041323
3920000	3.619994650573038	3.657284252172126	0.840490606443546	0.7991451760357529	0.20021144118457726	0.7017311665651624	-467.6126364383054
3925000	3.958549748618999	4.082692760428749	0.8849568956408922	0.7957360876199883	0.20136367236025235	0.7623657878646085	-472.2752642546872
3930000	4.255278279978834	4.54921528642372	0.8692727258080379	0.791545654216787	0.2001559594779582	0.7088341776624733	-467.43907802002417
3935000	3.9594162671447606	4.247314745855399	0.8661851473181796	0.7884639270740375	0.20222384732921378	0.7000247065576322	-454.68734178690295
3940000	3.9579216449938786	4.16500321526488	0.8867970553322901	0.7980859740798475	0.2054851431652315	0.7028190401494323	-470.258305856615
3945000	3.866677603558765	3.8915839844499223	0.8793291525825477	0.7824391197441454	0.21139977982374905	0.7103132055734631	-462.9420423592203
3950000	3.9405932410012756	4.106566158180447	0.87635838820537	0.7906937515656223	0.20060023524344853	0.7074354572315891	-473.07533535182637
3955000	3.9048962066903754	3.9674277179500494	0.8627380524265662	0.7908633265889035	0.20023051006079753	0.7150362530873241	-463.52243429141186
3960000	3.9357630443515834	4.0419161126350085	0.8999230673089331	0.7998290698274986	0.20851249637901362	0.727425788632401	-417.5468197087507
3965000	3.715387664954321	4.32233527753932	0.8806600104152201	0.7848891184234082	0.21241927775462618	0.7000779471842992	-438.32388930937276
3970000	3.632545050518287	3.826575281020097	0.8874969046027651	0.7902173325742082	0.20378390053154996	0.723717978222463	-424.78791237966146
3975000	3.542333860904	3.6687476572973634	0.8983066635237144	0.7917283376408321	0.20132962737636753	0.7187406658978085	-405.6438150546978
3980000	3.7781452809439946	3.7969301222077774	0.8991621194177021	0.7910214013950346	0.21536237949401965	0.7102401441502576	-423.59703228469016
3985000	3.728872278614175	4.440525667844112	0.8969180935979993	0.796571372344124	0.2024577411116323	0.7003238200689311	-418.95075388134654
3990000	3.625684960683103	4.173866112327332	0.882593118799742	0.799009711890561	0.20675242281036976	0.720530905962129	-405.2974472462494
3995000	3.5709606676270407	3.594165517023301	0.8969270488675655	0.7975920393089141	0.20824261250933598	0.7018051960289676	-376.3229664160625
4000000	3.660889910410621	3.7275089014114977	0.8667628940881336	0.7992312577663916	0.2028461901196938	0.7118440036863107	-373.1373340345557
4005000	4.018855554217947	4.545810080599832	0.8763584002326886	0.7951739958832088	0.20776848138589624	0.7200418659628385	-408.9606242137412
4010000	3.6757437445143943	3.945182814471589	0.8862383695223552	0.7969359933495768	0.20361271676330026	0.727315394387683	-367.2620786786046
4015000	3.923881666536549	4.2531690380518095	0.8818105977291977	0.7972547418216996	0.20229650380879824	0.7003436883504284	-422.257684726468
4020000	3.699960515174141	4.022898377335212	0.8246671894966862	0.7943867706685129	0.2037698780648176	0.7110679327032949	-431.38058810620504
4025000	3.778506367193384	4.123728474606169	0.8931592860785124	0.7988789873368324	0.20052619508673852	0.7011218321124846	-432.54183578377484
4030000	3.768359255910361	3.922405876252704	0.891545321624442	0.7948550979516732	0.20078105337883845	0.7046818460348644	-415.803978498763
4035000	3.84213654927494	3.868738523617505	0.8931719438984894	0.7998684736061903	0.20439881827522607	0.702348346553242	-389.5602783447113
4040000	3.6099557628324113	3.8239343212666457	0.866278267636557	0.7986246908245191	0.20540909719622305	0.7075790803160886	-369.4482774568694
4045000	3.795349211776516	3.8223069431990075	0.858496641383854	0.7965780674074533	0.20540716007449844	0.7530834107147267	-407.3243527533991
4050000	4.0967689563731335	4.565244141810193	0.8811126074131217	0.7967965857485328	0.20094922963291362	0.7111614670812133	-405.1838553097591
4055000	3.93305874264165	4.022364166361026	0.8775880545707859	0.7943289403013073	0.20949251157930854	0.7104588469744777	-397.82624692453214
4060000	4.10044757906812	4.22103251161332	0.8793212169006862	0.7986819605553624	0.221677275838449	0.7120706456390061	-392.0078707174284
4065000	3.9627698098432687	4.041211942297175	0.8889605571460331	0.795756094443592	0.20061208126837698	0.7190280881611575	-414.68383024621687
4070000	3.800988849453064	3.8107905571336516	0.8859372655948411	0.7984813006416288	0.20703132517183329	0.700847532882616	-426.99003179965564
4075000	3.6969289304231956	3.7951070804437808	0.8973860040748725	0.7992763195340055	0.2096364934112945	0.7536672557260833	-447.79701184024344
4080000	3.6910353124006474	3.8400495268041577	0.8885540494356656	0.7944219598354471	0.20214808820016592	0.709333164711538	-432.1787935237102
4085000	3.6931141927909796	3.939892262956958	0.8928112831393479	0.796374373753649	0.2154278980731932	0.7015257508213153	-415.8011558376079
4090000	3.6591036421737493	3.6837747572494606	0.8758049685497749	0.7991436520618862	0.20157569579039455	0.7065308976590591	-397.19450092278043
4095000	4.263104989848972	4.60956051870087	0.8884420090547658	0.7954614495357322	0.20580104428775736	0.7040205749529211	-393.9327699526312
4100000	4.060381751437024	4.201744093432163	0.894791413455504	0.7984731607281178	0.20799290901409032	0.7033246952367029	-456.5769718317579
4105000	3.746477086083646	3.7592417319969353	0.8842210440760352	0.7999872614218482	0.20569168187898998	0.7838777831146748	-447.638705786806
4110000	3.7360289233181327	3.91191697479635	0.8800062311032858	0.789455482432564	0.20955516921564063	0.7048399888484825	-425.93670275612953
4115000	3.625305189827344	4.227480488809558	0.8888998271856815	0.7937179083751433	0.20284634792166414	0.7000351932525662	-431.269615352017
4120000	3.7221825317604442	3.7431659851486554	0.8725471314588864	0.7965325467804218	0.20840768771735702	0.7198424184301764	-459.4444814500826
4125000	3.694756402420812	3.6985289178833645	0.8968352335769647	0.7976865743265285	0.20435102451295278	0.7397553074226197	-446.67875529735767
4130000	3.8153174326857955	4.097496061201048	0.8819629119186703	0.7964657631073109	0.20485567120463224	0.7042278798429434	-415.17929612651136
4135000	3.7798902126271923	3.821914805117418	0.8858276595321168	0.7998236666705454	0.20185116947860676	0.722504122864275	-374.3599436365551
4140000	4.504492048755484	4.704104572073525	0.8784184162950606	0.7998720700422958	0.2012472328605618	0.7118723130229768	-407.6483059649426
4145000	3.6509160467597783	3.8438113420608078	0.8612064738058369	0.7989726987327886	0.2015535581366676	0.7016780537303238	-394.6996211886672
4150000	3.851133693839364	4.104884876703356	0.885778658968772	0.7972480019333088	0.20045360139429994	0.7273391488765791	-407.43595202808723
4155000	3.784944098267125	3.7959602059421464	0.8943827069007276	0.7988219498769378	0.22574387093289	0.7135102706596577	-416.0489130468586
4160000	3.5324247071673973	3.7521791594402756	0.8969413581784463	0.7999854006157704	0.20132991974314693	0.7378179603884985	-414.2987801135845
4165000	3.580314229932128	3.6979326505052477	0.8686864030535412	0.7997888123563139	0.2022932269953996	0.7035968266451631	-376.7745669297371
4170000	3.6179385965848883	3.7484057993022204	0.8997287554888519	0.7994093820462047	0.20110972249632086	0.7403560029979963	-354.64697970713166
4175000	3.8137415386038245	3.8358989772935828	0.883250280102463	0.7994412233249621	0.20827474483814665	0.7072868985492622	-372.8705438886492
4180000	3.516821741929251	4.337634044765148	0.8673814961933572	0.7961544340109715	0.20624253166007306	0.7034604179756758	-420.4390738704476
4185000	3.8153534545205567	4.261941485839717	0.89367214892673	0.7991632601039403	0.20407947756392758	0.7000383730885245	-403.74436464673005
4190000	3.6693228445996495	3.813584563938467	0.8719038259871756	0.7866185995982711	0.20015959699582883	0.7141529214104372	-441.99966498822965
4195000	4.005232371198857	4.037605232972447	0.8988321910905904	0.7991223005915422	0.20920377574185273	0.713705889571237	-390.8360528877527
4200000	3.754883496663352	3.810933351390686	0.8790900896677906	0.7971973828433819	0.20519598925033572	0.7010845440833126	-369.4193874042704
4205000	3.774487103971219	3.90584612948244	0.8561615530993734	0.7971633653905623	0.20097962507600522	0.7179141337681779	-379.40677104341
4210000	3.96887972728402	4.153347569238285	0.8937697550664951	0.7947729239780303	0.20123123605945664	0.7102390137977254	-388.23724908195356
4215000	3.6917410301487963	3.77723458778665	0.8878426860488556	0.7985873024316923	0.2065275885891912	0.7026901923460142	-367.49288707881993
4220000	3.9535688454070392	3.960270103274552	0.8901045940734409	0.7995045296652517	0.21678592755078213	0.7360899706391938	-394.31335886477166
4225000	3.8404313930279668	4.012578282192321	0.8615145263749933	0.7960700931029496	0.20142030809172756	0.7148253279268066	-444.56640603182547
4230000	4.001772868667751	4.087092936676808	0.8960045529018208	0.7977125007546731	0.20033520982790606	0.7290449620967551	-395.8529643680977
4235000	3.8968428479863157	3.9189917990493606	0.8423831282749815	0.7950745284818012	0.20247304528294874	0.71652881589158	-377.7486642659868
4240000	3.754497890251143	3.7585648998259846	0.8981778481858554	0.7941742689545612	0.20362464895214805	0.7052940067135781	-408.9693891433287
4245000	4.027619310999403	4.028879437297987	0.8813150436906485	0.7997218793586626	0.20544729789708846	0.7555466878472453	-390.64601640797025
4250000	3.9497108389011766	4.474683106360602	0.8984406725240806	0.7896437620859837	0.2035215156459849	0.7298985195669321	-429.487296836625
4255000	4.271272361944106	4.3782075588320915	0.8451045309379285	0.7940523149757746	0.2033901002569677	0.7168178959631075	-454.6133843112573
4260000	3.8880041750250856	4.31379615889182	0.89001539969552	0.787054131743028	0.20149623308483455	0.702121642307293	-493.91391858733124
4265000	3.9325197346340737	4.276596516926638	0.8996323226110057	0.7672823554110006	0.20117677954796614	0.7094673269893759	-521.9891731658003
4270000	3.817148905329944	4.008628608120836	0.8493810950848193	0.7997571972554792	0.20394665765558395	0.7177779479766591	-464.13601695391907
4275000	3.7613687597849883	4.3540501713338555	0.8977925290025799	0.7856734364627352	0.2022819878851846	0.704049432816773	-517.060289085538
4280000	3.6769386648088513	4.636085695226645	0.8956592505823442	0.7966286055298457	0.20124448855439145	0.7003844643058137	-437.63423357416923
4285000	3.776323097189404	3.8363502215032264	0.8948927417587739	0.7965956404022548	0.20142286455102174	0.7037105074776523	-452.0773819743407
4290000	4.283559738532569	4.476339368916798	0.8980067452165698	0.7998425232853357	0.2007367628409972	0.7002540698846554	-435.14014440365895
4295000	3.7182905825691996	4.16531309467624	0.8512105218810838	0.7965288870740083	0.21028823181353212	0.7005755216776139	-415.53174924849014
4300000	3.8192269785104918	3.9613902503470353	0.8938821728408516	0.7944739065012404	0.203953034966197	0.7045183243709763	-431.5295802174392
4305000	3.9046534460828575	4.357572836182712	0.8809497081724812	0.7933581879444085	0.2123308286428688	0.7441866723500766	-419.86265711645
4310000	3.862929845511734	3.8843599223540246	0.8905097321369325	0.7984544191196016	0.20693524143873093	0.7162704710118529	-409.55326802854074
4315000	3.937446082809091	4.027730573422967	0.8268304118018852	0.7971894303477274	0.2005418926938426	0.7248523149870757	-441.1662265597313
4320000	3.9011999483441553	4.15436979612208	0.8584692169693903	0.7925348648033403	0.20323626601725905	0.7227513155472682	-443.28473509184124
4325000	3.829568427618204	3.9398607930857263	0.8989379191798866	0.7956044925915539	0.20753059025886844	0.7383142946917695	-449.94261355334635
4330000	3.803478395144912	3.888793641263984	0.887571498765456	0.7988539109968157	0.2008871955392422	0.7307442392046753	-410.4296641455375
4335000	3.7536087899571675	5.460511235339707	0.8765263637308431	0.7916738940454465	0.21069588286395802	0.7084770804884585	-434.441822497279
4340000	3.796029864091033	4.129586156585049	0.8926504919918266	0.7974244921582699	0.2024058221060001	0.7395202671749904	-412.2939841454241
4345000	3.799526092008361	3.937680949266442	0.8866106003302808	0.7983629281790144	0.20293571297580373	0.714693875698572	-354.07336490126636
4350000	3.56413246474898	3.835063774504067	0.8901170663136089	0.7969583512123505	0.20571090564351202	0.7430557005070837	-393.17672338837247
4355000	3.6669473285953202	3.7487267225747227	0.8979701567431084	0.7984580212383369	0.20000617782532176	0.7105834161338427	-405.2557806995062
4360000	3.804603906194033	3.925949331958984	0.8834664944732797	0.7904826406562073	0.20427341243518174	0.7005837560950692	-419.199647161839
4365000	3.627831224380422	3.851040811153842	0.8413456585525807	0.7988696556983758	0.20698178172260176	0.7290136889949413	-410.8840596812041
4370000	3.6938741658517076	3.83894725748994	0.8890448537267542	0.7991248053269865	0.20718780008022827	0.7434969073292859	-390.23939378967634
4375000	3.6513450628898765	3.8939466694331433	0.8889158068331087	0.7993888773923505	0.20390090424558696	0.7013323385227073	-397.7947558377173
4380000	3.8978891934460975	4.01444363382508	0.8646994595151378	0.7998528746900261	0.20230481252026253	0.7468478234855168	-429.8588681221851
4385000	3.7396442743578255	4.199665482016363	0.8990384814769239	0.7943453728884983	0.2125365959134063	0.7005678263028525	-413.2535322368996
4390000	3.905426144466362	3.9246127173730683	0.8993662689081311	0.7963083389482174	0.20022035870318222	0.7004467511633165	-390.61648422335924
4395000	3.7808234314275175	3.8824891298961273	0.8781829877436221	0.7994024510482649	0.20296473122385708	0.743320335876995	-443.7662560308074
4400000	3.96175576837866	3.9828988981170674	0.8977700958642828	0.7979172547523803	0.20200929888062272	0.7035963065439713	-416.65807261476346
4405000	4.113912304777216	4.625504085405432	0.830248130120727	0.7968269796094335	0.2110747024879423	0.7003448171199165	-460.7730294037752
4410000	4.076011063143228	4.6056661298298405	0.8971786047993513	0.7892166767767475	0.20705593333910544	0.7104823379251469	-467.84407130607394
4415000	3.90706282358487	3.940055498247807	0.8868537462302358	0.7968226768806019	0.20297218115196827	0.7074475194242847	-443.2821979492331
4420000	3.7558125800691786	4.13445965573809	0.8947161454682461	0.7926695019854584	0.20567784793604266	0.7072033082989263	-484.0279995362802
4425000	4.230125561327426	4.486837348910163	0.8858791416797739	0.792159241415353	0.21186327224715085	0.7053087570577302	-444.4496765995017
4430000	3.567571492672843	3.930343547084365	0.8928405181705359	0.7985656308050075	0.201058428733617	0.7081993207485809	-412.81307581603784
4435000	3.7326797942763688	3.9519796075269924	0.8970991132178266	0.7920218765272808	0.20156336887854218	0.7048018764103046	-413.5942459536591
4440000	3.8284854902535996	4.095209292905498	0.8600496775706546	0.7952339396440027	0.20008821005840918	0.7370317402739434	-480.04144625572707
4445000	3.647445310403249	3.6536725585314165	0.8867448957113718	0.799174602498527	0.20979188459145234	0.7061686668828739	-437.66401470951314
4450000	3.6953428466936526	3.950491798915275	0.8987214449633808	0.7950309630415119	0.2075817505349342	0.7061248109423544	-433.7750190460501
4455000	3.49850103421889	4.191801894120538	0.8968122360028854	0.798677977592358	0.20407995767016826	0.7087960359999458	-439.0055902725195
4460000	3.9149679422446484	4.105762707085658	0.8786728055002574	0.7954559174693875	0.20072407676880943	0.7124528475275423	-437.661509081206
4465000	3.5986827806748583	3.9099537188098905	0.8611023306191571	0.7943530863751305	0.20111211753711583	0.7124715276401199	-403.8382735954744
4470000	3.6322490625863204	3.6878790759113445	0.8620335810505064	0.7963973490730201	0.2044643269006293	0.7152597514522162	-417.0480300713261
4475000	3.674983268427542	3.6752032546986517	0.8916034839689313	0.7956373550172976	0.20529548778938242	0.7037584058308024	-403.3350742530812
4480000	3.5652207149775252	3.6005201970704435	0.8980688642417922	0.7973454444090611	0.20825442449564777	0.711773669637105	-412.6342855950547
4485000	3.965266672993398	4.052802230507105	0.8417382878522088	0.7990667288709455	0.20557623973149547	0.7403601816680765	-431.1438502069761
4490000	3.6325849134506942	3.8313574520360065	0.858931183024434	0.7995488938326684	0.2054217926057597	0.720502767412164	-404.449071201509
4495000	3.7288201801354437	3.8173554334207545	0.8893732077170275	0.7995526905591717	0.20018649484198597	0.7007030875957546	-408.30241577806476
4500000	3.6559879376360236	3.8576028804801417	0.8568312975962283	0.7870516220974447	0.20650575319983144	0.7133066607438562	-465.770977919933
4505000	3.717788202950081	4.24944932179251	0.8717223639455994	0.7970636239819522	0.20277828108388846	0.7075146695197496	-456.1270310795797
4510000	3.866118251197263	4.057654050373938	0.8844442378887264	0.7996533562617578	0.20643152076292381	0.7020444971771256	-409.008968590752
4515000	4.079398210437052	4.563933463122551	0.883613684738626	0.7973906838950197	0.20087979799613195	0.7075898067937186	-431.46096760932426
4520000	3.9893346248930968	4.070858133801834	0.8975992770674888	0.7990245594815201	0.20402887779556195	0.7122767455207751	-393.90445479911426
4525000	3.948413347585635	4.101736306504024	0.899078051017628	0.7955256819869408	0.20593962553382195	0.7112398133367684	-425.86345222932044
4530000	3.77952029186418	4.276799771782035	0.8673120733548296	0.7991463884581274	0.20042075640087403	0.7342743401112448	-436.30839362249276
4535000	3.8576904680516506	3.950017878065691	0.7992225478323646	0.7956661650642904	0.21204344152074645	0.7083033010754535	-451.1842844026595
4540000	3.659024866763456	4.370864265290634	0.8373952718306853	0.7990212557389531	0.20859631708967588	0.7185570706685812	-430.2128484154384
4545000	3.822976457035478	4.4680042844467724	0.8939253024519593	0.7976738216225191	0.2074358238855665	0.7064339074554046	-404.28898230047446
4550000	3.73927481490158	4.302135822507687	0.8914878213386627	0.7950893892712039	0.20014788048641827	0.7399074070816939	-410.4593714264676
4555000	3.619294148258733	3.761802175771561	0.8825408439693356	0.7991490496539646	0.20041208908189573	0.7183184717687409	-408.014855320067
4560000	3.5936146187944034	4.447553800521552	0.83663537213116	0.7984925762240022	0.21510566832552694	0.7100260889352483	-412.54028275472365
4565000	3.873582347383387	3.9244211312258765	0.8934497643873344	0.7983805823179176	0.2007266132569194	0.7417988157874178	-414.49063628377655
4570000	3.9779589153284767	4.002846251916485	0.8792607253082271	0.7997388626824368	0.20406070340905233	0.7185803323772769	-455.95756706119647
4575000	3.7031892416134813	4.035329318027499	0.8697701451527778	0.7943434845000654	0.20117302555087888	0.7146209843672705	-421.04642179767507
4580000	3.849972350590581	4.061089127657143	0.8604635902181959	0.7980630455636597	0.20690717894247135	0.7035651860977745	-389.3979360187262
4585000	3.797211879352743	3.851667292758546	0.8701204808731866	0.7991354681707197	0.2023758415624382	0.7064796976024015	-410.2976609351654
4590000	4.349306889741866	4.494325747213828	0.8931903066272713	0.7954429390887299	0.2066801739476141	0.7031388676643481	-420.4172745310599
4595000	3.657887760435144	3.709609664967755	0.8810188882225091	0.798064866584007	0.20106436085304094	0.7326064470582571	-388.4782820184304
4600000	3.7730476704837708	4.013836163301903	0.8464316855556742	0.7905454674567958	0.20243807066054775	0.701018475017314	-418.9634345053684
4605000	3.802869265198579	4.2167463023247445	0.8563696396302554	0.7949547332964116	0.20139105529235973	0.7014477982928252	-426.01664330996744
4610000	3.95033363988584	4.149761895771384	0.8825645373074607	0.7936836311096633	0.20910298549927184	0.7138217608112252	-443.7464894816437
4615000	3.9849977650196813	4.944434292792682	0.832367503889641	0.7972152683504787	0.20225590879118202	0.704739672489088	-449.77284472965596
4620000	4.256629517620904	4.290839979232145	0.8571894405953527	0.7986447341441203	0.20563228651648222	0.7202177771519308	-447.6510713640147
4625000	3.7048608317692375	3.914470631544875	0.8721166684665493	0.7963488630746728	0.20853035309366166	0.7334436526636275	-436.01086704003023
4630000	3.830719985329998	3.845415454845149	0.8841836526231145	0.7884629532409866	0.20210135113015484	0.7042907549585072	-415.54655212304635
4635000	3.967075121040468	4.226615353985573	0.8985819619502194	0.7987540696749235	0.2079737307102682	0.7133128813873217	-435.1227180098122
4640000	3.797904590612456	4.089944748491215	0.8925800196812793	0.7914190360165819	0.20935176237042444	0.7005128378853809	-448.7566866374008
4645000	3.781909141683934	3.8904142834193696	0.8794894584654496	0.7999545901974228	0.20135575120342547	0.7059113600774178	-428.30529393722185
4650000	3.548726151752004	3.6012276747261787	0.8869803220236628	0.7967483212552885	0.203657322041284	0.7273054595910927	-425.5769725517066
4655000	3.9168978733536033	3.917932632256823	0.8938242904688072	0.7954730161314387	0.20026888767700496	0.7086667253048405	-431.35319102191664
4660000	3.6695933051088994	3.7057640095081466	0.8948860576488533	0.7997871139135926	0.20311934494658157	0.7122184538440719	-425.94120280790435
4665000	3.920578700855535	4.346477587257441	0.8752843382740645	0.7997635070579038	0.20360952194869397	0.7181034355070787	-445.0508595424525
4670000	3.9990924686426372	4.1608966085482235	0.8994753468080703	0.7945869583454896	0.20405033160820799	0.7265241343440042	-444.76853125708305
4675000	4.208136365203855	4.925219144751596	0.8418618988884635	0.798869548709646	0.2033014177199194	0.7574545251745248	-462.59792458209904
4680000	3.814447126636095	3.970269343975067	0.8850444160113945	0.7920707103545506	0.2004351381135563	0.7080160168420634	-412.2395979653506
4685000	3.6975004144378225	3.8762243008593438	0.8943616717538477	0.7972659336838367	0.21380971094732293	0.7054985169689674	-375.7064238644797
4690000	3.694268689748621	4.34868478286038	0.8820608748870854	0.7981257524113045	0.20508963619977996	0.7057942645755	-391.9179207505128
4695000	4.019173117325726	4.255908176109446	0.8915384063492161	0.7968014237159673	0.2067446874840374	0.7010047727719175	-373.5198372674579
4700000	3.9467168524659577	4.159945192313385	0.8954757265235468	0.7998769660505411	0.20683022764588216	0.7033255178263625	-387.3214846199342
4705000	3.7201451496523266	3.9864871413920775	0.8961361804699319	0.7999184564544032	0.20357406189895427	0.7500790698430978	-373.8523095249774
4710000	3.7627723425692965	3.8555343615234565	0.8782173726663689	0.7957614576669835	0.20100998881396953	0.7030004302458541	-417.73002066867247
4715000	3.708608508227088	3.7704773494670794	0.889698877879681	0.7979192351336717	0.2005623973920017	0.701488255140044	-406.0960170910617
4720000	3.777244871600008	3.8947243644139515	0.8821244990623377	0.7965417829136195	0.20764963431840006	0.7292914283265005	-402.49140596140705
4725000	3.5640148049802485	3.5952456252029887	0.8587965551092238	0.7988004633241653	0.20230103264352772	0.7111313779324895	-422.77663294271684
4730000	4.263660121934128	4.365772064894471	0.8818719306888285	0.7975059471683428	0.20000436591956441	0.7121729435343928	-444.3529539646908
4735000	4.221843526204625	4.8298704826280625	0.888769608507943	0.7987577867222786	0.2021123581318678	0.7469447719163655	-389.7734028626259
4740000	4.554205020053208	4.5805293538904674	0.8933199144942918	0.7906757554772187	0.2085308723570079	0.7252532203667887	-394.7299624946406
4745000	3.7255641536430404	3.9704029993210126	0.885722074308993	0.7996176428903643	0.20152783829061197	0.7110348522102976	-396.2557527475886
4750000	3.6308284578470302	3.634575841368263	0.895793612488026	0.7905464958444237	0.21134484458443342	0.7094424869942273	-381.2054547060494
4755000	4.001662073840877	4.02751868938334	0.8989310005231689	0.7944616681651061	0.20093292412890337	0.7039862475876821	-381.3735231959064
4760000	3.6254299684275955	3.815013752556486	0.8946582029905397	0.7941663146972159	0.20320668311861687	0.7017020914405228	-380.48750367383286
4765000	3.5556438597708055	3.847727039952785	0.8870932161485329	0.7998575138828341	0.2000423020859251	0.7011631438373594	-378.42462793279395
4770000	4.0316345762802825	4.404694662219689	0.877482290714068	0.7998258563201023	0.20361355239847204	0.7132579662169968	-412.64167893880506
4775000	3.5623119187026515	3.6509710277683984	0.8797560265674452	0.7940692828625056	0.2091527495843212	0.7318309675556531	-410.10473649878145
4780000	3.595441875838889	4.136646659020393	0.8497756752870788	0.7972942112562804	0.2015217962418314	0.7005810862937218	-424.4793533616857
4785000	4.11919676977073	4.151521866721183	0.8927131723851934	0.793724285408895	0.20972151742260953	0.7094031389878159	-425.63703845208835
4790000	3.793013650312059	3.8653205981853582	0.8525837177632128	0.7972724254178292	0.20102070095846383	0.7311837807270269	-437.1851383957699
4795000	4.132254951301376	4.231561833162818	0.8865270323674557	0.7959777303523949	0.21331616332301634	0.7164884637024027	-412.24724144988943
4800000	3.8000542362811354	3.8489339427475713	0.8880600473378486	0.7904663049712375	0.20238359342182316	0.7285677097887533	-418.9709148743136
4805000	4.035984166871474	4.332851622755814	0.896116825170129	0.7931626339725879	0.20169697260544675	0.7093453086453956	-411.936035155526
4810000	3.7821036596037074	3.8277940825769994	0.8825551744678403	0.7916770013972518	0.20276409405783793	0.7281457677334843	-437.2716048235137
4815000	3.847157513747643	3.8620025020857867	0.8240124630638054	0.7982422662326477	0.2138748688484853	0.7285023780163271	-456.97572431680345
4820000	3.6709805354018683	4.992654732841512	0.8842748780654256	0.7980607103442707	0.20879584230280665	0.7035706004583493	-426.80124713754594
4825000	4.0413865001313	4.042277916036447	0.8978007898614004	0.7881836837070808	0.2037819067472477	0.7217693891845751	-435.11322942070194
4830000	3.570595024893487	3.720524296092077	0.8668895774350364	0.7979398155325693	0.20706595495419677	0.7115571830909392	-386.7292394154826
4835000	4.2695518561414625	4.440465458072869	0.8409920772402933	0.7990990444841792	0.205484971879253	0.7173775507263053	-429.74329915332305
4840000	4.274284818390441	4.333459748702359	0.8857381907940866	0.798409898848229	0.20315722401749647	0.7021542611004702	-419.33797382107
4845000	4.108389965255185	4.253934574747638	0.8651885563277674	0.7926801452872014	0.20035392972754495	0.7311359763960771	-437.09895195892886
4850000	4.111609256055171	4.181915513693806	0.8554445693163495	0.7970679678597217	0.20087713213079633	0.7095929333424109	-428.7910516254244
4855000	3.9003976410308914	4.158208196946137	0.8866148011567355	0.7939679024554734	0.203998326350439	0.7160716044859914	-416.2019822388835
4860000	3.790973197032159	3.882880474817441	0.8734534043211958	0.7958643662250886	0.21020436256835942	0.7282014656302753	-413.66878828277606
4865000	3.749013548286253	4.538300774656238	0.895485972258228	0.7991609339261094	0.20461001522059752	0.7110274196017775	-408.22018785708315
4870000	3.8294527929742945	4.2312404631555856	0.8968724336205073	0.7925229122248261	0.2043718105588719	0.70120004293725	-395.96312020483174
4875000	3.6882040253314314	3.7107683685738486	0.8988484263731122	0.7945670152084967	0.21666168645926998	0.7044062287020236	-392.00932746879425
4880000	4.4691174983230075	5.030852357862551	0.8880670656781587	0.7989396044120834	0.20512853800833086	0.7084554948541781	-419.76590702523544
4885000	3.8575791801077077	4.042800972473774	0.8951273132816668	0.7976952138135892	0.20089154257558917	0.7070404067355992	-413.4114152503287
4890000	3.8425179996001284	4.210488008651581	0.864001767545847	0.7966056539706049	0.20209679131584196	0.711478883166633	-434.0856776519344
4895000	3.8444648288780323	4.007570382690477	0.8951334542949374	0.7938379398509415	0.20275923249733022	0.7003461790254195	-384.21223558507376
4900000	3.7679471503735926	3.8554090073826752	0.8874187771843616	0.7938060097666186	0.22647833622306254	0.7139044921375938	-405.4539767243988
4905000	3.95913011872663	4.008257313169035	0.8977333130960589	0.7966558808107259	0.20245966948335642	0.7215224777877424	-407.03841125192355
4910000	3.792799970393927	3.8349819091299437	0.8712384444563454	0.797701299921397	0.20327210458004188	0.709118994689524	-355.91670506699984
4915000	3.8502393023498303	4.176379797883414	0.8959101032487462	0.7996021726512917	0.20022606512000926	0.7275349329147868	-385.086083676979
4920000	4.120655340682836	4.305200236126233	0.8674716993704535	0.7985573981980629	0.20104879655715313	0.7059696969270657	-404.6123264711254
4925000	3.9626342220886626	4.231300271462847	0.8563533551071143	0.7961580419030851	0.20211693771748074	0.7473461970881765	-461.4980009368832
4930000	3.6012646897217073	3.74889103553709	0.8432803817918196	0.7950421748259237	0.20086149710595042	0.7141108551385498	-439.1096221564058
4935000	3.772833165589739	3.782174302398207	0.8858186874622334	0.7982964634310677	0.21084824623860327	0.7020405562074116	-394.4649659316967
4940000	3.7781535341826653	4.247360420652041	0.857458423815714	0.795855168445206	0.2000114710266118	0.7558427405831686	-419.5801504900108
4945000	3.9784791285534373	4.052555754705748	0.8917640717406986	0.7933781507345059	0.20441863652058628	0.701476116700562	-396.95957230981867
4950000	4.119645807806736	4.206638331664153	0.8856487853956844	0.7996056104666782	0.20017636411267292	0.7173042155624304	-458.4563108297429
4955000	4.0252189167721	4.042858917516459	0.8786018137949575	0.795130138943928	0.20310498051520678	0.7239282838004772	-470.41201992268896
4960000	4.050251035363861	4.052477664584491	0.8760091759664961	0.7985012758371393	0.2021883998259314	0.71421575808979	-440.33733243987103
4965000	3.9039209111302577	4.305577444575174	0.8579617688187186	0.7952034768322844	0.2007282282889234	0.7113828555153192	-463.5058560269251
4970000	3.889501029940897	5.042234567142795	0.8794277898319797	0.7963376606952365	0.20293879106114718	0.7026905017882044	-463.39946113847776
4975000	3.7330046608130414	4.035876792171863	0.867525896511736	0.798551976358632	0.2022770931077488	0.8003767304485416	-408.2379498199718
4980000	3.754144102128433	4.2966277178793195	0.8847595764743861	0.7994285098130837	0.20064932485578016	0.700810521036479	-406.4291139126059
4985000	3.883890717159	3.9907439920311467	0.8955041369240911	0.7939232460539671	0.20562220422333474	0.7210755758090608	-391.55015738612116
4990000	3.5994843755025716	3.7039899552192765	0.8850749006125568	0.7975865373353136	0.21150522853977427	0.7411465483041746	-415.134014327743
4995000	3.6543847707612027	4.0899665066043855	0.8922010388459594	0.7987189833237869	0.2010010756568418	0.7006432654478173	-407.22623534351925
5000000	4.160768109528071	4.21325266412922	0.8487061642177678	0.7993837252018331	0.20748630791660688	0.7285774313469021	-407.1514868896384
5005000	3.8392159177149106	4.420777599981168	0.8867288647643163	0.7985242760313973	0.2019318959947679	0.7134206695836991	-421.7155577276814
5010000	3.9915877826290806	4.375921637442642	0.8907548630588682	0.7995273620586476	0.20777073730435736	0.7127326810578232	-409.7513859635034
5015000	3.9481753972380065	3.9592177631868255	0.8875781554332697	0.7994149445615583	0.20040132545737913	0.7038687241955837	-414.6326629895455
5020000	4.101368764600801	4.652506575604133	0.869541537979127	0.7975489359018133	0.21512076895366827	0.7157283513414673	-430.50044764874957
5025000	3.5845114682536297	3.7896305897850855	0.8948475738726507	0.7945250734973691	0.20931722558348148	0.7075116376959265	-405.55600135820737
5030000	3.9491126365327665	4.143657272960289	0.8840775091795045	0.7989584897814022	0.2023932553852424	0.70391021130583	-397.67994397027684
5035000	3.8343730990122284	3.8518855659520144	0.8885591552743044	0.7949494184654695	0.20773146908557988	0.7481213077833708	-407.1510640829575
5040000	3.627942935423105	3.7895729666461726	0.8630661635102388	0.7974092130549989	0.20586049437433152	0.7068548453512048	-389.79136098658154
5045000	3.8510375183407337	4.319535971572333	0.8853363306007673	0.7910300375981679	0.21154448473398263	0.7075315926458273	-393.2682022387259
5050000	3.905071367692081	4.445928779560194	0.8755883235983207	0.7973906407424498	0.20009704662661562	0.7141314659699188	-408.3438594977618
5055000	3.786415385486368	3.901742676239549	0.8966897111900147	0.7854746005961801	0.20584546394529543	0.7047919182085072	-453.6146517036846
5060000	3.782373719776583	3.932002228238583	0.8984915346791331	0.7893205598157021	0.20179604418621558	0.7312877832983938	-433.9848855839835
5065000	3.7246355562375006	3.7307465098564836	0.8913561165532577	0.7986700474126716	0.2031954107851194	0.700439932717828	-409.5245680185396
5070000	3.7768457567681217	3.8183321646208537	0.8596463705235858	0.7910594256704195	0.20256924850841276	0.7055316107282462	-451.8449750778527
5075000	3.7032381152960134	3.7281059060424484	0.894692439300367	0.7932268661002317	0.2066974914204119	0.7166886062346325	-420.5146039991845
5080000	3.8841141847956635	4.127226135099036	0.8868898828070861	0.796286812743231	0.20983145143506643	0.7786951468249387	-430.09403460922886
5085000	3.939964558525819	3.98999036280593	0.8850753748179686	0.7890479042932025	0.20952455913362977	0.7676896339405619	-430.30463456135226
5090000	3.7993836285040796	4.068210595304479	0.8932636350041816	0.7972885480150615	0.2021703981109737	0.7154109745411005	-423.9742600485216
5095000	3.700501036380993	3.7082571192161278	0.8725198636751826	0.7985923993585667	0.2262963779394287	0.7075886816670123	-410.7655221779284
5100000	3.8534101374565517	4.024877885072318	0.8822869158801946	0.7992022168958217	0.2013461640862897	0.7045234520392333	-380.6989589873974
5105000	3.960133009359782	4.11115654817828	0.8921247019627843	0.7980947386488007	0.20225833538139634	0.7000620333215005	-377.48534226794493
5110000	3.7875159683830075	3.931461436851621	0.8850807799357665	0.7996878485473111	0.20262850902114005	0.7002629237761201	-377.57426137162525
5115000	3.6320484934620545	4.497099701091575	0.8526859888127614	0.7965822929942911	0.20167893316067734	0.724297186093732	-411.16185878979803
5120000	3.654506967837955	4.7770385587373285	0.8991688972260867	0.7985371626107437	0.20354174860079402	0.7146857090290409	-394.6869130712038
5125000	3.731198749147461	3.8196784372084704	0.8933258641012514	0.7987269750498234	0.2015081456237214	0.7045613416406801	-404.369133116987
5130000	3.793531959460434	3.820179432431002	0.8886525139118777	0.7988691026416644	0.20308755243192733	0.7134015962352142	-393.29301810523765
5135000	3.844385247254119	4.176864012422719	0.8787917497416804	0.7985914195689684	0.2023788290817014	0.7561380329650911	-427.77529140664734
5140000	3.6991036879227215	3.8183945316963643	0.8675063673776295	0.7999808415694016	0.20037153234874414	0.7002814128933766	-416.44934638887133
5145000	3.921645179376231	3.991353326624373	0.8931177810834788	0.7989212066524302	0.2052439502304332	0.7268601818251658	-413.99887414113033
5150000	3.795765921005111	3.8363134509942807	0.8935803131762194	0.7973316302908282	0.20014056730354632	0.7044235152634132	-389.9548700673005
5155000	3.7686855687737344	3.8560010701102216	0.8984047899308476	0.7976299142897212	0.21148343671663125	0.7407188891858044	-392.6095778243269
5160000	3.714822827590183	3.786205161994317	0.8946282092235229	0.7976848089365091	0.20248070098483925	0.7009047553593651	-367.9444143720884
5165000	3.627705654528085	3.7922869001482837	0.8904341024692022	0.7988066228990911	0.20825227691934275	0.7124168293678391	-369.7967616649775
5170000	3.7727951850632193	3.800740434429752	0.8924401687716728	0.7974539031492338	0.2028382129845024	0.7316797834768757	-387.4866072850562
5175000	3.745195594349359	4.027344118262341	0.8974915490907471	0.798038181786753	0.2062579853729597	0.7054716705767705	-388.67264324625535
5180000	3.836124612764401	3.9755936199700534	0.8606903839417074	0.7972077157974397	0.20701582863141144	0.7234114515323812	-415.3840493016427
5185000	3.9085765331175226	4.242221185775841	0.8992964240271891	0.7975005380620885	0.20121216982275586	0.723542199269788	-389.64639690712
5190000	4.010259064730717	4.149323130366096	0.8959409116437218	0.7998574261152609	0.20032221543990164	0.7110144107019036	-387.6910206105744
5195000	3.7356435227390157	3.8501440112771625	0.8898088853376582	0.7979183160390132	0.20176595197854186	0.7208416561398071	-412.26158624580887
5200000	3.8402532740891338	4.279125718478535	0.8759099683192147	0.7932226315646266	0.20392227861878817	0.7151032368414553	-442.27786416177497
5205000	3.922368338139728	4.107322948534244	0.8567113842494294	0.7998062832358573	0.20187927646959544	0.7330192389631843	-441.0534446534262
5210000	3.8832656152980123	4.45441568403245	0.8983099195758087	0.7791087385544737	0.2032951391296174	0.7002151634541633	-425.7092548898819
5215000	3.928898881557522	4.06084110270649	0.8598932870657819	0.7909634017592678	0.20367732216276943	0.701196609520655	-430.3912617714706
5220000	3.8412212355428403	4.009730329049935	0.8387365577661727	0.7946767695250495	0.2095779482436431	0.7420339271295284	-456.9123779253995
5225000	4.252711968980809	4.3494560788872505	0.896469993804279	0.7911327676605859	0.20536537176415423	0.7169296605695938	-410.5743687169452
5230000	3.7165118725921746	4.039056653591678	0.8965298393964403	0.7969658649894056	0.20266149869648303	0.7124240370714916	-454.5986439311187
5235000	3.9441101590169976	4.0635220674691	0.8981285163542154	0.7933437396428227	0.20033276236354036	0.704513172267718	-421.8772839689976
5240000	3.952812943160708	4.070455697766684	0.8757969198232269	0.7988633812645144	0.2030528163208078	0.7082095047754812	-392.29211324188975
5245000	3.680602895305735	3.734115485122852	0.8847839590536797	0.7976249496030905	0.20147026121029946	0.7638316977033196	-414.5578419522401
5250000	3.923866174871031	4.239273229427601	0.8721402193905597	0.7966467544682013	0.20011794223141086	0.7050619594459419	-403.0480414660002
5255000	3.7624682929580504	4.381208806565626	0.8952668170232527	0.7891050644263482	0.20158767062071042	0.7039145292563644	-435.13365080263304
5260000	3.6383917979132825	4.240845713201457	0.8814154628876358	0.7984361386328346	0.20850294676055292	0.7008634633651937	-402.8085489478496
5265000	3.590963302343748	3.6046066371763064	0.8813415996651728	0.7958053739794787	0.21578889637654883	0.7051741666982706	-404.0605359044821
5270000	3.594926514437588	3.6759269228435723	0.8825444312763958	0.7945957688133721	0.20568509184397732	0.7064818045645527	-417.4417615282527
5275000	3.527402795972737	3.553764434585125	0.877166508106282	0.7988521054706272	0.20491366826527102	0.7161630398128119	-408.66654810950104
5280000	3.552542742524854	3.563076204493666	0.8963439285525239	0.7949379182593472	0.21322744196282514	0.709384905110213	-424.8623559089872
5285000	4.328948439560507	4.41661227758252	0.8750911794788779	0.7971580983970473	0.20818237886307137	0.7062616223966562	-408.40368789841864
5290000	3.9880465858098852	4.14673127601902	0.8341829834094184	0.7938835926702086	0.20864402304854834	0.7039165023023656	-418.2618609106865
5295000	4.111746021148191	4.624446382012803	0.8893182966381141	0.7982749638249883	0.2006289823902856	0.7135954618069402	-452.99049137148444
5300000	3.817991737005124	4.3031357109149395	0.8803330750579096	0.7983679109685526	0.20277289839846788	0.7014598041783148	-434.9342438664841
5305000	4.405026842843108	5.072492988221856	0.8529729931835992	0.7995337443866978	0.20374624027549146	0.7043601196452529	-464.6371211316555
5310000	3.764751462970635	4.357981874099407	0.8977935416155407	0.7934441878958578	0.20623127320708476	0.7158018182439293	-413.5535981434723
5315000	3.981617921196919	4.172160030602038	0.8997075572807974	0.7981893590460007	0.20067632784741182	0.7287256921006882	-399.6080402466862
5320000	4.023826973406415	4.099285102374443	0.8885504894239741	0.7993112324754543	0.20245237560402363	0.7257020384846582	-428.1817364024972
5325000	3.6245484337830463	4.0290927473045155	0.889022979367356	0.7954134249977459	0.21552847062390718	0.7095520344514696	-397.98470037372016
5330000	3.5582593427142917	3.6033706982510765	0.8840379180549937	0.7992458285791093	0.20361408185863764	0.7136600481786187	-423.21562428139754
5335000	4.0248120471828575	4.132496441145444	0.8581973045451157	0.7987402079549204	0.20162011916877776	0.7175686260285965	-449.91751432731775
5340000	3.585202991245391	4.007024509578972	0.8939814391082762	0.795191121661032	0.21304831826417334	0.7049044899849781	-419.59133317104096
5345000	3.7068054614697177	4.067910404329055	0.8999662253433214	0.799150654270268	0.20674560964000346	0.7100841082038253	-398.64328220863365
5350000	3.852365287928761	4.520161719739248	0.8908329782545735	0.7945587243719932	0.20131045386386032	0.7150302367027789	-425.8353644289974
5355000	3.7296508526778784	3.8810208952402756	0.8984352889170496	0.7990232415817637	0.2068033797057432	0.7099840844703981	-387.455452882837
5360000	3.981439494552595	4.614651230050074	0.898361755228547	0.7973902184832495	0.20329197019548884	0.7318403138632195	-409.39970057857346
5365000	4.095092325613618	4.181370691085807	0.8880230425705381	0.7979771480662876	0.20244751073198194	0.7158345644208769	-431.8723446665815
5370000	4.007671399845162	4.02022816097988	0.8967019421693615	0.7940152235389074	0.20227319025427626	0.7244360556667241	-456.8738273582441
5375000	4.060424470126231	4.129765356890324	0.8519504362813697	0.7961110587568522	0.2002920104234468	0.7018884483869229	-472.59592129917826
5380000	4.060159357526423	4.944784579065041	0.8894591424245513	0.7915312307992276	0.20452850687712262	0.7024741403849701	-438.5429648293632
5385000	4.009561364969374	4.048759484652092	0.8905307063313248	0.7871600004942133	0.2155515110393813	0.7004483625646583	-457.9990943174975
5390000	4.035891054056067	4.577345184250397	0.892666001376365	0.7909022188872014	0.20579594089788844	0.7250413431104421	-478.23516088761426
5395000	4.083034867415614	4.657174620479998	0.8312158435006942	0.7985062722087855	0.20128048539939955	0.7527326116299694	-453.8500911313393
5400000	3.6717467313058982	3.87732753652901	0.8979904663935615	0.78876124026293	0.2023309133258359	0.7062046008197723	-437.7836727836547
5405000	3.987165113469145	4.227717705266395	0.8755846851825916	0.7913493740753628	0.21035239555086255	0.7138177867822425	-411.22439903920633
5410000	4.035580077433899	4.362916857391313	0.8977079585751561	0.795123559339316	0.21389666435228943	0.7017415076140083	-400.9599037461372
5415000	3.8240804427781563	4.042632617713782	0.8823195348006804	0.7983853201153639	0.2049179349108418	0.7274447607413591	-440.6922130495443
5420000	3.8665400095061906	4.0846059228620195	0.8599607880488429	0.7976485231876047	0.20060442460717978	0.7150632494984822	-449.50645590919896
5425000	3.9172680621243146	4.407973235599386	0.8995626157310902	0.7944516456853997	0.20206151113961146	0.7058461844210029	-466.2159145377892
5430000	3.890539031143234	3.9228114901619984	0.8869557445454435	0.7944591262165311	0.20567327652586498	0.7015903420236242	-411.8338694401066
5435000	4.197059890747418	4.390525150661955	0.8977032063444728	0.7998425673302615	0.20043004072042286	0.7065718274655894	-443.7407661430851
5440000	3.795668145057307	3.8153483693294366	0.8849662089101255	0.799921407274623	0.200494162483665	0.7244051179230458	-407.7922877631376
5445000	3.80037982016082	4.047397113799846	0.8834239673341768	0.7983843429090264	0.21365185050119032	0.7385745198543606	-457.77891875353276
5450000	3.705898560962156	3.709442442257321	0.872745317389209	0.7982356673445467	0.20280035179742273	0.7061558115622933	-354.98537043501756
5455000	3.9518499463993995	4.026508366893533	0.8958200851383534	0.7906646676502743	0.21314526959613658	0.7038460766366632	-415.80608088827444
5460000	3.7609977615372117	3.765712497674821	0.8755389823838231	0.7980451890250635	0.20044632649843694	0.7148605137200852	-391.7997428765331
5465000	3.8049705223581847	4.07569039666065	0.877534223540646	0.7942883156221631	0.20002543007013712	0.7121660321470644	-431.10355256422355
5470000	3.726105888517652	3.734799371401494	0.8992171289392233	0.7947609432092202	0.20823058762505048	0.7006419897224037	-449.30655358370905
5475000	4.174475370551743	4.305471930651888	0.834461853680662	0.799582626696919	0.20666370132649317	0.7002446715695843	-435.70543611860546
5480000	3.7341962211571516	3.9148563555142135	0.8923253155358404	0.7975541466728667	0.20172083436471225	0.7213750315955055	-438.67535824844276
5485000	3.7595738366130997	3.7639381087159536	0.8882970006280266	0.7993656767590708	0.20103946127827138	0.7125180727744898	-457.4165216075117
5490000	3.7313436536110283	4.3505272411463665	0.8728158947470224	0.7979440077457082	0.20434538377235423	0.7222702115252758	-446.297367005285
5495000	3.9819814382662346	4.197375365387189	0.8794873636667698	0.7815570622925495	0.2078036824285208	0.7337895426744191	-466.39943435647723
5500000	4.306615343372876	4.632754619774669	0.8902370219822945	0.7938075742970789	0.20102657270598473	0.7052259783065098	-445.56613687291406
5505000	4.200392191041733	4.386646845123182	0.8855691813756528	0.7704672080723419	0.2013104707692921	0.7002553952481353	-508.5170869274258
5510000	4.287212782672775	4.522056119179518	0.8192432146676492	0.7995160632947744	0.20689171464082642	0.7293597467820755	-489.3162950866773
5515000	3.8124602914119134	4.347111790501141	0.8937608373773476	0.7972424444439649	0.20518755370129815	0.7002601900950217	-453.8270064381644
5520000	3.7824549676440635	4.497273135726008	0.8963614208407193	0.7992369867484379	0.20132764818852486	0.7466507724806954	-446.7653326125094
5525000	3.591949143884717	3.708506436999578	0.8879011156937315	0.7974162332717069	0.20506793678949747	0.7022770360122355	-419.6155297682828
5530000	3.5885201583459514	3.6126108376787185	0.8970356252741835	0.7991150182110415	0.20261392096014028	0.7328391172165964	-431.5379601750189
5535000	3.5945184244003983	4.704756261360079	0.899044728472844	0.7989012455592926	0.21597539466649004	0.7081567574713269	-429.0760657440995
5540000	3.6684078578987034	4.2574271179717655	0.898760651952756	0.7816928265830883	0.20075308245018747	0.7106440098577185	-426.68904412024096
5545000	3.7111646357649755	4.050490434182715	0.855763786859514	0.7974068011136479	0.20448205644887216	0.7204859098429213	-443.07194936928363
5550000	3.959173381367419	4.182176939017629	0.8991923738728529	0.7955205131688876	0.20679448249868237	0.7093833356209036	-429.05274247885785
5555000	3.9004255788548616	4.128281461720152	0.8183870062992581	0.7945614117140779	0.20949351453688106	0.7249597347028657	-457.71567449501157
5560000	3.740768247440655	3.801340032650337	0.8374717103303866	0.798755120183525	0.20003568064731006	0.7073596045279927	-413.734400144362
5565000	3.721582671698274	3.9937711890229224	0.8870478017518796	0.7968426214392241	0.20237935734467646	0.7063909220668577	-414.6990769978873
5570000	3.6918068253352896	4.430375150928163	0.8953272716080105	0.7945498797830443	0.20065461233240195	0.7022669970011275	-459.2801392737466
5575000	3.8873377893096372	4.101954945286775	0.7971125806481484	0.7980082369454322	0.2100622380637535	0.7415616519458657	-466.45225670835015
5580000	3.826372779982783	4.251444691324778	0.854128671790422	0.7975775274778752	0.2133868299882467	0.743119568490706	-469.612949489971
5585000	3.88986526397255	4.123068565640108	0.8745736833270821	0.797923833308056	0.20086263744051994	0.7122799066696753	-434.93756012343385
5590000	3.73718806451401	3.7557595784168796	0.8698914213743698	0.7988431398997909	0.20019350525514518	0.7124760563601654	-437.9104189496082
5595000	3.7370954898097963	4.274539473465816	0.894882964105711	0.7970994170213901	0.20639901995593463	0.7027419945104705	-411.7285017390699
5600000	3.8884063374168143	4.067663934827209	0.8686720868214819	0.7952812172016768	0.2031940343683616	0.7123302922954252	-411.5043455814149
5605000	4.05351136038889	4.525089856193711	0.895325576000882	0.7944864089632441	0.20199865632587719	0.7282311881313214	-433.43637383417087
5610000	3.7942935904433144	3.902850791126632	0.8529890070733243	0.7962111155128292	0.20568509589420383	0.7019800568018205	-448.1238323940513
5615000	3.777726439734731	3.781299776236725	0.8513224692035131	0.7952951662045858	0.20545387962331005	0.7110635826735212	-444.9554613594496
5620000	3.755338020201061	3.9178922365131457	0.8603143866285243	0.7994789322764743	0.20144524641162237	0.704290902103189	-402.8784966394908
5625000	3.9340716403513136	4.14053258821961	0.8563871652044663	0.7965905773891934	0.203677377632871	0.7263266790138639	-441.6319385769079
5630000	3.692392672121909	3.987629772391677	0.8924631895135657	0.7972113911629529	0.20260494434076137	0.7663250764625451	-411.51345322467586
5635000	3.99692919929857	4.308019874385976	0.8657775280159944	0.7952576744439305	0.2083434447896375	0.7041571234453027	-389.5052110725636
5640000	4.083457989684351	5.108645858118741	0.829665163150977	0.7937383046315284	0.2016923811853392	0.7037877223782497	-485.23944429446533
5645000	4.1500279950273296	4.32075493565595	0.899898434848822	0.7942701345191684	0.2014251502633391	0.739368702436297	-423.75962916376955
5650000	3.8715106350424855	3.975817762339943	0.8931684638865871	0.7870361701846249	0.2071896894157781	0.7031890215827035	-427.7191357784885
5655000	3.98269205027818	4.025543691235728	0.8900453424343837	0.7996985809148363	0.20451513164330284	0.7109127989372382	-408.95955985794177
5660000	3.814919539574812	4.005802022092311	0.8903265707427542	0.7999739649960783	0.20729596477515067	0.7036566211288093	-412.2459573871899
5665000	3.6298354756564857	5.069002469963052	0.8951012673750616	0.7964621434972232	0.20448162408291384	0.7320939354753025	-425.794465465891
5670000	3.7467383790408646	3.763412313246498	0.8929651196628522	0.7880297621854707	0.20226481855178483	0.7247070144196853	-431.7569663300208
5675000	3.5407416918189396	3.8579478002805727	0.8996118382252022	0.7997670883056959	0.20141032247379193	0.7077627464503535	-370.2421520973752
5680000	3.8969440801192268	4.271641064872391	0.898344923973683	0.7998207368410681	0.21748489074654304	0.7246351262362238	-385.79544071522247
5685000	3.7645623565466986	3.8044307286058086	0.8808167012284649	0.7987075975997745	0.202515529491892	0.7143250206807366	-415.23702743678206
5690000	3.7514118085605443	3.775164978827877	0.8940972404827251	0.7961131423458007	0.20235915551373992	0.7087568078839452	-415.9346250890786
5695000	3.8177726134092715	3.9117994163764718	0.8665631280295776	0.7990936276916515	0.20050175016051822	0.7096924554458743	-453.13853077847256
5700000	3.7616405526873864	3.8662519952517687	0.8960275719272026	0.7965450518886525	0.20470482366841303	0.7052819228341555	-418.3482943018209
5705000	3.7397708315280056	3.868872408226042	0.89110209939533	0.796485453768303	0.2155591952510223	0.7218886781316891	-438.57029034136514
5710000	3.6432622689126206	3.755824641184227	0.8990293826415378	0.7882198728262667	0.20030140898180604	0.7178640453149613	-467.1708049719616
5715000	3.8552007215070523	3.900249391256411	0.894784434193686	0.7921326753606233	0.20025092857543295	0.7323425272656662	-434.852240310967
5720000	3.7902812038604687	4.00335848708299	0.8714326221215658	0.7931533077593474	0.21149527350795155	0.7173326071327176	-413.696066194688
5725000	3.5810117984788117	3.662247097256538	0.8689238574192849	0.7999900260147611	0.20767480964232699	0.7131387961424236	-389.87200986462216
5730000	4.150609159176194	4.310332333327532	0.8883137103079015	0.7998360345989757	0.2051535119088615	0.7131792691474422	-366.7778377309382
5735000	3.662861553610332	3.858856619507316	0.8924692375470219	0.7997505565861142	0.20133462582169948	0.7752906671693336	-379.6249357365728
5740000	3.7767353222685656	3.8217191451837826	0.8964086408841149	0.7941226092640319	0.20426113492531617	0.7043606286921925	-410.07494251891956
5745000	3.9591797062924305	4.213145801033379	0.8739968411406814	0.7967562660990312	0.20537444170883964	0.7081013750521339	-426.0213538704341
5750000	3.743010181668758	3.846425733882672	0.862570972434725	0.7995439940949504	0.21391777491736458	0.7074188886963836	-447.4090628834543
5755000	3.6551377765440614	3.6580632698717293	0.8428455830117166	0.7991193384806545	0.20083386647701046	0.7007265330256899	-436.23824596881104
5760000	3.800431275066809	3.975710149793553	0.8903906684095988	0.793568317221942	0.201649576924932	0.727520323304304	-460.00721150180334
5765000	3.6774545433910273	3.756134966807344	0.8895640136578482	0.7948415313537377	0.2016090000297561	0.7341166514393549	-458.4008412657684
5770000	3.592182483325345	3.6328841463522643	0.8740383666141215	0.7880656806258661	0.20181327761708964	0.7024987181787521	-454.94905255616976
5775000	4.202504877052661	4.3775838176351245	0.87558947316483	0.7949113384502823	0.20600045442697182	0.7072589559139663	-403.5229561100496
5780000	4.062863399247925	4.126227932422641	0.864171900611034	0.7934859114664001	0.20293841910838323	0.707983137466714	-486.74236878736957
5785000	3.978244898563785	4.003193772179707	0.8965144031820288	0.799841208514143	0.2002915215319298	0.7147907366723761	-389.1895594202784
5790000	3.8072811390225096	4.037645482629664	0.8995467653494024	0.7986355387514553	0.20499093758368436	0.70635961454671	-375.16118147887767
5795000	3.815866984228447	4.1234079468335905	0.897717901925242	0.7974173420208266	0.20017092023750085	0.7036556223522117	-391.39717867209737
5800000	3.569343348364356	3.7315131968356017	0.8825422758621888	0.7969407278663955	0.2120555295287529	0.7060303632418697	-405.93716457615386
5805000	3.82700180962535	3.9438684021988446	0.8956268015862298	0.7996517704797249	0.20129197413359307	0.7086006220348653	-376.5830533300508
5810000	3.882259885355692	3.8842898566708706	0.8382960083309742	0.7973578484354142	0.2165342808724322	0.7113489226611485	-408.7698007209569
5815000	3.80494059099351	3.8968093386588856	0.8974791313887007	0.7990283584228564	0.20156232398545543	0.7454687617897211	-425.3020928986076
5820000	3.7384143909087637	4.639269113864738	0.8958502470844054	0.7992400088233913	0.20616835371760794	0.7666903440737719	-369.0167519885226
5825000	3.7126517387188347	3.761445760549068	0.887391463218476	0.7886626405765798	0.21505131105693798	0.745986282767494	-418.4232488041714
5830000	3.6815099446837056	3.780829615696786	0.8800761470692579	0.7833345319184368	0.203939356100023	0.7124445940813342	-436.1343676041339
5835000	3.785753089266338	3.887130496311221	0.8290914583437874	0.7977406195039505	0.20296290806182513	0.7210643091002099	-441.8681983619435
5840000	4.3471700725859295	4.564609590155082	0.8868665150829285	0.7999419540404158	0.20834113554515007	0.7067106786956655	-417.31351548969326
5845000	3.859230307170054	3.9632020364548186	0.8983104026196754	0.7977219782221506	0.20129427880290998	0.7027775705255003	-416.32050006488026
5850000	3.7968303541766986	4.292093352798643	0.8666423450991336	0.7980948734063363	0.20572109663481383	0.7039294948579321	-430.7709075829515
5855000	3.8010131735164907	4.367234246838479	0.8743174838518457	0.7980485767892814	0.20344487960094723	0.7040583001855281	-418.5040707983709
5860000	3.675665501421488	3.7010311890732464	0.8917604897409477	0.7985789894952164	0.20772647247013404	0.7154734386714392	-433.1429764456059
5865000	3.672283493244306	4.096360070017059	0.8893783515044763	0.7924349747240663	0.2017711748015043	0.7237776683506387	-414.4134311994649
5870000	3.6310209863409812	3.65296931172894	0.8755411312646203	0.7983379236702735	0.20842629316549902	0.7206670058178152	-391.2973487791782
5875000	3.6823637232665503	4.026977549816031	0.8891716445334713	0.7993502369614701	0.20303583008585718	0.71199872839049	-414.74627899662966
5880000	3.721533999800268	3.933524076510941	0.8785810958680407	0.7990435106496441	0.204168575555463	0.7015000607112243	-408.652951922263
5885000	3.8447411070247024	4.196759683245038	0.8925061098296088	0.7996275152661836	0.20294316830904124	0.7058852685385945	-408.37596917825556
5890000	3.9728842907755344	4.077064543593896	0.8992623635135308	0.7940163095979806	0.20442711232798352	0.7227262097316438	-398.66179347273317
5895000	3.8031959884609083	4.2050875766097455	0.8695669653590654	0.7946064067423226	0.2187978132288271	0.7270860296872399	-381.7530445047061
5900000	3.789022794643501	4.409575114002668	0.8674124873017912	0.7996774739284455	0.20345260559630526	0.7074811234621806	-408.34611649063567
5905000	4.064412777997775	4.230915065806303	0.8626064714940541	0.798951810147361	0.20967796010311157	0.7534221461395743	-448.3249912894853
5910000	3.8711576543974506	4.397402753266248	0.870312383851614	0.7995083910218945	0.2039068416507053	0.7114257605249622	-390.55001829107016
5915000	4.5111995685721995	4.5389100759083	0.8969728598152718	0.7997752953824595	0.2082497199867046	0.7193981035526577	-400.3086296094183
5920000	3.7558542972604627	4.004240426398154	0.8757806569588453	0.7974890168679016	0.2010853619558552	0.703713206300366	-426.2957478140848
5925000	4.139822243369163	4.220302943022202	0.8716177855044033	0.7941641729120923	0.2050604303732831	0.7085702998327886	-410.56294877140635
5930000	3.6365135977937344	4.466770614823765	0.8981385998404283	0.7976234219403181	0.20085847155986739	0.7053889508096844	-379.22075309831865
5935000	3.7274978200601474	4.009929347076704	0.8756119305873706	0.7982022706626108	0.20185794119478392	0.7016974848777136	-390.6077782254867
5940000	3.6441605482155555	4.031410276902737	0.8699929492167178	0.7999916357242083	0.20065594233653034	0.7025726679912117	-431.2614683650538
5945000	3.847873075299957	3.8623812572172374	0.8612385050041154	0.7944309016265544	0.20485269593641084	0.71563848564556	-460.93813503970307
5950000	4.084929499567761	4.252146191086586	0.8213186058602935	0.795108093837164	0.20127543778466234	0.7045507144628432	-476.8871660065784
5955000	3.7690065048629635	4.077621569419967	0.8833665103507569	0.7912281550196092	0.20241678213913983	0.7013078281750253	-467.80792345703395
5960000	3.6059323414847597	3.6730353072400863	0.8737678352489041	0.7982511210974088	0.20121815893861025	0.7011428371552161	-458.3795903989317
5965000	3.695733506780745	3.7144903418958686	0.8903079545616808	0.7925998481513377	0.2077660941906058	0.7034355454074611	-443.5647323922155
5970000	3.6055698841471946	3.620477963477674	0.8736665795751589	0.7943128321960204	0.2003398752930042	0.7169472399559637	-419.6776461416618
5975000	3.8767850335826433	4.339002403869172	0.8844410475163117	0.7984913505243034	0.21245925892429318	0.7116152146100911	-424.81830182318413
5980000	3.818276132472249	3.893096214736776	0.8962248180275755	0.7968624270971683	0.20067775728982803	0.7101303775158004	-453.59281520047153
5985000	3.7815734775024024	3.9923214292651394	0.8421282799434624	0.7962361093896194	0.20262459669932228	0.7221077584971792	-428.3231501151709
5990000	3.6370536211027162	3.6834369239988183	0.8897460308370142	0.7981742941720719	0.20816048207109208	0.7338425008973387	-385.0211033167981
5995000	3.7099046892676855	4.112375809673397	0.8699538764701703	0.7989833542521149	0.2015076260174181	0.736438510620908	-397.1787656637812
6000000	3.6033196483420715	4.542838887566214	0.8936217181327353	0.7989076787195789	0.20105789872413002	0.7025098964142314	-400.6351990950114
6005000	3.7268349455769667	3.7606665988418264	0.8839486295705384	0.7995862785573458	0.20237584585111393	0.7032089046114881	-367.85905538265064
6010000	3.61004706254421	3.650850116048979	0.8499252284750098	0.7945142959331714	0.2067042257909078	0.7126537236536875	-396.89717488660386
6015000	3.761747960779579	4.182755139790749	0.887727243565407	0.7999191912720401	0.20552229444574305	0.7195756314976712	-410.55557803031024
6020000	3.5878198039755853	3.774392052393393	0.8755511648017532	0.7963060449922996	0.20460516226403905	0.7085510087537275	-448.04982681896666
6025000	3.6623797980081414	4.233498545824269	0.8972577103896813	0.7934738123171002	0.20209075324434836	0.7152555156839387	-429.0939678675069
6030000	4.375506814045042	4.421846036514354	0.8764868187828418	0.7991498080052507	0.20204012803809648	0.7000737999285543	-427.27134773177386
6035000	4.011468979331095	4.227399889606164	0.8876594795648232	0.7985271955178621	0.200982129162531	0.7012793289529058	-453.4777160913996
6040000	3.734038123271424	4.26486402246999	0.8906625630156357	0.7979592636056022	0.2042763681318384	0.7023084005370991	-420.19673571085497
6045000	4.0017155337768795	4.080129873600803	0.8824558358161494	0.7982543965671403	0.20633239001731166	0.7248942094736522	-423.18703209381056
6050000	4.131805006238783	4.222788148245338	0.8638367881744304	0.7995740883530997	0.201096100510285	0.7021268340629032	-411.09088028720015
6055000	4.047839457812024	4.089295234884944	0.8727477559422478	0.7895170048803924	0.20011655723869298	0.7000318001256032	-442.58774395336
6060000	4.045380239211809	4.430186925250442	0.8902026799887314	0.78804636779598	0.2045065210374249	0.7032293595319841	-428.0407608049761
6065000	3.924490739231674	4.023547686135502	0.8849274974129638	0.7958198732625157	0.20019380380862578	0.7089009227862881	-468.8838045519149
6070000	4.120422314011142	4.271495691054052	0.8960440676089367	0.7948322200408238	0.2042361948293868	0.710897673887503	-444.5700752246335
6075000	3.6960905065490515	3.964276491878753	0.8960394291592613	0.7904137976736099	0.21342126888084662	0.7138097825979114	-447.380840105231
6080000	3.83739671856488	4.18172979211132	0.8783867933835385	0.7989280098964624	0.20901310762619504	0.7364169207358673	-436.3997467551108
6085000	3.7396356037343716	3.906986232556627	0.8904247284381084	0.7989699336567927	0.20235180648242782	0.7079653337834665	-382.5173049756189
6090000	3.71438256632848	4.0280079444361805	0.8982863492813679	0.7996192441232798	0.20368102882253541	0.7096216511752128	-386.20435682525425
6095000	3.7331696844034195	3.883346572732214	0.8964618564370045	0.7871724153574994	0.2091828083852044	0.7337164309819498	-408.1566786667307
6100000	3.8565584576128664	3.90952793828421	0.8991390583296387	0.7995365419135222	0.20230402444163065	0.7152863929488164	-384.0901517323807
6105000	3.9360283822633257	5.427187474091864	0.874641639992362	0.7934291650000697	0.20681509079613736	0.7030380960387771	-437.5485099081463
6110000	3.5610064396258254	3.563687205928061	0.8795375259246174	0.7989074917011315	0.20528389574083963	0.7530276867746412	-427.83930596641363
6115000	3.688980108532186	3.9212775257939416	0.8746587693378877	0.7989092667834718	0.2128941332190946	0.7704920274762208	-447.4981579855604
6120000	3.715273847617963	4.126618854661261	0.8894912567798812	0.7977640324461991	0.20007900579601526	0.7014005018827517	-437.605145405406
6125000	3.6451924887141747	3.657902041309006	0.8870520764659153	0.798717291728494	0.2007371731915085	0.7019571470770881	-431.88978880532744
6130000	3.652092079162046	3.8607023069710595	0.8854870367845976	0.7984805033764967	0.20757964564022421	0.7068959700301856	-434.1467509609116
6135000	3.69932195791648	3.9946825985128007	0.8709625560499303	0.7887476729851094	0.2082204349456103	0.7173423831651461	-423.0517752147372
6140000	3.881776147414217	3.9801582073386044	0.8741745667350808	0.7970434600532245	0.20015353305528294	0.7387270515770651	-425.78720164974703
6145000	3.8523513608921722	4.007851553299917	0.8996153283371859	0.7980660642919598	0.20607016869891723	0.7075775652701445	-381.17658895043456
6150000	3.6731981074406224	3.8600242243807883	0.8773523175499536	0.7991509377138596	0.2107855837439505	0.709945535276885	-417.50624266125294
6155000	3.849899129361294	4.386400936447537	0.8671659997561392	0.7998209630270429	0.21409149473856598	0.7253250322262725	-415.8720817630127
6160000	3.7509731913738573	3.809366641404607	0.8981027031138831	0.7997391237458767	0.20484963729433855	0.7009819226879099	-392.20908087102305
6165000	3.771486870184087	3.890396932156793	0.8750936685710939	0.7999009889442065	0.20082886787755283	0.70831015902141	-388.4301204230197
6170000	4.054539130292515	4.203955862761255	0.8997657120560099	0.7968303448686961	0.20658280484853744	0.7032927448435212	-388.22927431517144
6175000	3.8825029962145554	4.211250367015663	0.8967061888325903	0.7958718404223991	0.20080440172456662	0.7257038330727477	-387.1350037323018
6180000	3.8201370397215793	4.617448179380455	0.8731985059662803	0.7963809629945197	0.21192385684090667	0.711202734993646	-415.386308329032
6185000	3.9095199638207934	3.9824466403050414	0.8846528226261552	0.7969312574510046	0.20591030715315964	0.7542267324591468	-428.9404504141519
6190000	4.009673088461377	4.2735398381241225	0.8804223038675698	0.7998780081759076	0.20545749887001288	0.7066473927176103	-394.2467421972757
6195000	3.8925636751652894	4.259023964604158	0.8595978291577611	0.7928574204930763	0.20505270618735913	0.704173527984562	-422.47210495246964
6200000	3.7565082162511167	3.848847704921419	0.8974801176557934	0.7966814048808515	0.2017676778212662	0.7092718347466144	-408.8329125092292
6205000	3.8463602251992786	3.9167587915097717	0.8905563497970748	0.7900829917874582	0.2073323710402748	0.7129827923210943	-401.81232496097243
6210000	4.368553309805331	5.0181826370446165	0.8711533521797987	0.7978446208808971	0.20395569785638218	0.7063411975802135	-420.2202738023763
6215000	3.689444207700909	3.762800959785199	0.8788132080898323	0.7979135755534741	0.20270970572212557	0.7076206213934491	-415.3371324163609
6220000	3.698784113565384	3.7394288555140656	0.886620963086492	0.7982261365255701	0.21017390900704205	0.7101679740713928	-403.37491651382265
6225000	3.7020083719038412	3.7537123267960077	0.881974189148819	0.7991688513207708	0.20557652003499385	0.7048476345090212	-378.2511333966725
6230000	3.7105677661481757	3.7678573135275855	0.876289602987008	0.7968102605742431	0.2032892422723781	0.7065880471402539	-374.4168515497034
6235000	3.948442072466591	4.00190230907119	0.8964389409900028	0.798422415491164	0.2077949037978807	0.7349442648165562	-407.70777022111463
6240000	3.891481642049525	4.0816949208631765	0.882425410175411	0.7992336274462938	0.20040225216746016	0.7122917314820564	-441.3203509873321
6245000	3.6545748553315613	3.7067776069775533	0.8389619991185652	0.7987528633722177	0.2007558344891428	0.7095735970773215	-440.84730004247973
6250000	3.621858409606968	3.673873518226429	0.8984774205536373	0.7959506443636187	0.21208506979531735	0.7023499912063096	-429.34689448554883
6255000	3.739434245741614	4.115592835555779	0.8715112994254194	0.7976365916174402	0.2107969326030795	0.717584164250102	-424.33675602384557
6260000	3.770595715414954	4.5029638546515915	0.8843238552088218	0.7958588697168307	0.2026921501766664	0.7019400856908722	-442.8082072465181
6265000	3.8756953326975503	3.988442609089147	0.8411309580609158	0.7961731355202525	0.20695120855521648	0.7143923465395581	-450.46702808731413
6270000	4.033688005929981	4.158399134730773	0.8739286343563802	0.7912411003540895	0.20121127030738734	0.7220636036280984	-443.90069873633433
6275000	4.091446496764583	4.095999123141353	0.8765853314211868	0.7966513060316344	0.20179706015657486	0.7062277768190193	-415.62489510117115
6280000	4.123896017253316	4.257654357082768	0.8792728451782851	0.7840081856115528	0.20393012136268684	0.7049963993691708	-489.137938584631
6285000	4.647274139976268	4.870734494835013	0.8557048071675862	0.7964831653601614	0.20200559260704132	0.7066754193826409	-418.9677459316685
6290000	4.063990463377888	4.104828855269468	0.8895190811668516	0.7992372798126078	0.20448511873178926	0.7220657959721412	-411.0166133617349
6295000	3.9286981672853187	4.209428798501227	0.8816192765781903	0.7898918208236361	0.20734334167011068	0.713658096749866	-426.7314654267027
6300000	4.142117714604369	4.264275699706676	0.8705501159587811	0.7985197767126313	0.20329975641931283	0.7065270531510232	-448.3507051634802
6305000	4.061195409812655	4.109177942394245	0.8259020009877686	0.7989095811578252	0.20574177722795947	0.7012784360277361	-436.63059424529695
6310000	3.779636334823052	4.198666349987851	0.8853729504563229	0.7888024180745071	0.21652675909518718	0.7010564527210867	-430.3201467492886
6315000	3.815134785943756	4.208574905870315	0.8970636771861182	0.7977460652384788	0.2153005708484441	0.7069371324446427	-416.27333330926757
6320000	4.029026191596235	4.361389178985916	0.8222591051419855	0.7967203010864357	0.20696696909311943	0.7121980715194868	-457.6855844611387
6325000	3.614483420761325	3.66923227314671	0.8957423668738491	0.7933267078923479	0.20604715510971405	0.7077329859197704	-413.09342599066224
6330000	3.8738226417740043	4.57007400565197	0.8903086417752628	0.7910665404647791	0.20565840258414456	0.7107132552188566	-441.8385859759989
6335000	3.8183903414547156	4.605905795948538	0.8637052701309067	0.795182725317098	0.20139233674093865	0.7182596214426656	-421.4599301354823
6340000	3.8240615022232496	3.928544232419257	0.8776088205811297	0.7992756760344819	0.20086249747688378	0.7110707992990121	-436.7719519776079
6345000	3.837222985428762	3.9490058466032556	0.854742128450836	0.7979225132509666	0.20003973869808167	0.7172446581763822	-448.554947267055
6350000	3.6878765768244204	4.264940416979354	0.8824697988297564	0.7980715070670681	0.2080435391807019	0.701844869228435	-436.9813120663757
6355000	3.6125105731889975	3.6137423978869703	0.8867941357694137	0.7945456431802339	0.20358607993876196	0.7096468369888328	-460.97739872273394
6360000	3.828304800028582	4.61510427688988	0.8676879291398085	0.7960185276959122	0.2013538446804321	0.702845398309765	-480.32400554624274
6365000	3.79196251876045	3.859313019157948	0.8592730839443261	0.794663202328031	0.20148039608066215	0.7137958575480184	-461.04145395164545
6370000	4.037749241438951	4.149513040531933	0.8493319814840289	0.7954741591917803	0.2022702989105745	0.7242604939180977	-483.34267567534386
6375000	3.8594323685699727	4.060487158558518	0.8545912796540208	0.7951912754627806	0.20934018089711104	0.7152808918634275	-451.7577135190207
6380000	3.7815261188688485	3.84685170981804	0.8868217770251866	0.7951452107429128	0.20112100939835575	0.7050486463771322	-435.50801770389893
6385000	4.038171970154008	4.043757587046281	0.8907912975483633	0.796467994234737	0.20384617513873765	0.710264562389744	-421.0023398157428
6390000	3.7888272585596914	3.803525019799046	0.8851881312277329	0.7942559203037909	0.2014087344821775	0.7238272794744158	-425.89939658374533
6395000	3.856126483274608	4.187452456834824	0.8665351716193523	0.7959518551206337	0.21073448550559007	0.7048014485298792	-402.47227407683044
6400000	3.54753704690461	3.6071604653335667	0.8953453767049873	0.7984788681079279	0.2000684755012257	0.7019896266112801	-401.2283611810611
6405000	3.894430444473037	4.447161050104602	0.8872081232549119	0.7887267135189934	0.2037916005962253	0.7019047047281483	-432.75573921335723
6410000	3.79749004319027	4.077747041451322	0.8994380962511744	0.7941368078016975	0.20069531722768563	0.7072195811913827	-451.8912987478219
6415000	3.9150704962409466	4.13549531155065	0.8991071517996003	0.7896664024810083	0.21372918463417534	0.7202225972589686	-432.173959981018
6420000	3.654230948512207	3.9771326998580028	0.8663198061092043	0.7996057099084733	0.2041238355749373	0.7114198986772184	-396.3379221964061
6425000	3.910162276586353	4.10510005779901	0.8700951938140857	0.7961476521231342	0.20625301713609492	0.7003933626121454	-436.4108444403321
6430000	4.019016969670823	4.501467334497201	0.8996652930533652	0.7950855982285251	0.20092060554079255	0.7045873961781789	-392.5983243055011
6435000	3.739444009973614	3.848754413373914	0.8982385227973356	0.7996193376810655	0.20341058740811235	0.7225533302720919	-408.9326715257643
6440000	3.9498527030017803	4.059231056263556	0.8825252462225809	0.7995254410224364	0.20124704082444703	0.7023415775324998	-403.3549378110643
6445000	4.0649063072477185	4.177868877903377	0.8561198029084616	0.7993245394055528	0.20367800968732133	0.7100146476976563	-407.9033218740236
6450000	3.7850127742460327	4.265149951265144	0.8778587359266148	0.7927640821711144	0.21012531159385714	0.7022695447757952	-425.6905905901138
6455000	3.7856129500968003	3.952982152402525	0.8827653283620203	0.7985454569906496	0.2073418041981036	0.7002351259763046	-401.12847298002754
6460000	4.051294011400871	4.066617688285235	0.888138236382038	0.7988414784378804	0.20492208630106848	0.7004617060592748	-418.60491124419696
6465000	3.821395805964748	4.097579611812952	0.8585176371780602	0.7969076986148226	0.20424150035480618	0.7103725414132315	-442.85732188464374
6470000	4.0288726357428715	5.5647991287973095	0.8830368492796326	0.796440730461587	0.20571588182093964	0.7315250614641124	-458.2194440702903
6475000	3.7220269720544876	3.912423629012864	0.8171289645159729	0.7975998829735683	0.20681861168213037	0.714250504107341	-468.31566011110954
6480000	3.600349734930861	3.794605156709353	0.8353058587762162	0.7951025084994856	0.20403852419535662	0.7113184919978071	-474.3954699834203
6485000	3.6014957858247296	3.79150240422521	0.888324979109234	0.7976576756561047	0.2011526055252368	0.7046055196819438	-428.0141497996165
6490000	3.6213537244651026	3.786984198125411	0.8999147264950895	0.7996894691099024	0.20089529939940912	0.7049882203714933	-391.1568388769446
6495000	4.03050711870954	4.145371661779054	0.8605088637126495	0.7949584802213845	0.20717114747501578	0.7448987511319883	-421.1902303812042
6500000	3.834535947280822	4.059291841700279	0.8928183121475078	0.7945902510000423	0.20394844350918637	0.7107599666400852	-422.6639736367548
6505000	3.7559583370366356	3.908191077670626	0.8859864922705638	0.795986796369577	0.20285197086994625	0.7049296583506172	-436.80922276716177
6510000	3.7436365804697065	3.8780774578703388	0.880365716364808	0.7986330739280014	0.2002821283793687	0.701148936882675	-449.76372707359985
6515000	3.727794141805261	3.862138893014855	0.8573867720142497	0.7934213141803776	0.2019869532892634	0.7210394773184834	-457.14550625537004
6520000	3.8828024291355447	3.9799941765296913	0.8928055806886459	0.7984414421848355	0.20389735538170609	0.7035131864913904	-355.8810252192967
6525000	3.7604645153632155	3.9701326721458896	0.8764798524325054	0.7939768633884834	0.20107070101959243	0.7172790542392542	-445.96348659579735
6530000	4.252854612785253	4.487289598317968	0.8993072427473034	0.796756414633373	0.20236427347935804	0.7005131383105168	-436.1598933336057
6535000	3.9009962486057077	4.07903437926914	0.8996672102833302	0.7989627560007964	0.2066045153048724	0.7113898464100599	-388.2418683098045
6540000	3.89892743923378	4.122471681490623	0.8777517008022221	0.7971515658856236	0.2005531152036391	0.701060970684874	-394.5214456237978
6545000	3.9733868442403346	4.617738973458354	0.8485184084997139	0.7989998361889412	0.2107952087143815	0.7214424848701052	-413.6019492388618
6550000	4.002781049363037	4.026184034063426	0.8839985137482289	0.7968490416704226	0.21065180888633073	0.7100486097354269	-390.804060321428
6555000	4.09853597233327	4.1225719367412985	0.8732402840313135	0.7991078198405129	0.2014272771444964	0.7561415836177133	-408.44557564900276
6560000	4.4370845424028245	4.487865800328485	0.877831479366177	0.7936284539422753	0.2031178017797817	0.7063661726674068	-434.9185669829925
6565000	3.849514252218978	4.062945361742179	0.8139975562545088	0.7984121503213086	0.21658922716617518	0.7100333252536872	-442.3318565950336
6570000	3.900342695924681	4.002769889442682	0.8879081718769863	0.7967733003194226	0.2015915689605406	0.7012029673318304	-436.7242880943242
6575000	3.558610620550546	3.6079166887556973	0.8635703755145999	0.7997881562699163	0.20725790973730146	0.7086498246446925	-413.9514773340928
6580000	3.9496793680230966	4.5665467961993045	0.8753393177857902	0.7974135541409462	0.20324800813667918	0.7106928477518725	-415.0813249757761
6585000	3.767121869194685	4.525891581379623	0.8938016040419253	0.7991414022081808	0.20264558732543023	0.7235752789524037	-445.2666206317512
6590000	3.7833196330558554	3.8088834653369394	0.8983909134164785	0.7846768654077919	0.2075825205686056	0.7014329799570251	-450.29290663791517
6595000	4.144422265689349	4.324592190529781	0.8494980165600095	0.7944965495251581	0.20414791470300636	0.705352429804486	-446.8340814849981
6600000	4.058721449635292	4.0924831580520475	0.8421476958617948	0.7994121006970544	0.21729402180099627	0.7180879743242254	-440.57159954863744
6605000	3.9910968476310758	4.136086673396126	0.8858687681648972	0.7956533797434429	0.20066554189082683	0.7302199289698398	-423.95850313484704
6610000	3.9783617675613745	4.231689406707426	0.8925002749159296	0.7888781423270178	0.20313780642075166	0.7348161966225831	-410.0292765016386
6615000	3.6520360030078924	3.66347727072451	0.8993239972701368	0.7925674478471298	0.20433019255732698	0.7148963979022386	-388.07347559527113
6620000	3.695453324849832	4.118033901331929	0.8968591178048618	0.7908356285470993	0.20716130643505534	0.7006867604443521	-419.06373717998724
6625000	3.619185345954614	3.730661325731649	0.870596827907951	0.7973031505123548	0.20064703763743222	0.7041045316424253	-407.1695457349847
6630000	3.6100713913180216	3.6422317133739375	0.8814995649915957	0.7972475501088823	0.20542277450342677	0.7122804509278857	-407.71235814066415
6635000	3.603960999675821	3.705140289458409	0.8932105661164758	0.7982929624810154	0.2059671326373201	0.7062961402820229	-397.3556812606014
6640000	3.653744709005499	4.2287606751492115	0.899007190864674	0.7992881961524635	0.2096991475526128	0.7095854191166634	-412.7017628220695
6645000	4.219926058850577	4.328535062220836	0.8713120708588131	0.7975643304281619	0.200778294954887	0.7066723136195658	-388.70755795508796
6650000	3.607810394264195	3.9531299290694	0.8978694409453765	0.7995592797981786	0.21682400739290206	0.7011453629461704	-400.65684629859976
6655000	3.765325120435661	4.048398249534385	0.8966265806889682	0.7955392300904807	0.20698802672167918	0.700896840477158	-404.5359540086042
6660000	4.04827466649156	4.278482922824453	0.8974953566164443	0.7992315644209484	0.20338496641598308	0.7355243259086419	-418.7160742660982
6665000	3.823331989572037	4.182756596313206	0.8940288583059572	0.7989977690024229	0.20039468974845076	0.7157004941280375	-456.69634111444765
6670000	3.691453691631822	4.1248035978101	0.8958727356969259	0.7969202657683613	0.2024185985888403	0.7040542866316385	-417.76729122735037
6675000	3.871035830998592	4.01752047021478	0.8969563764497255	0.7956685869731653	0.20186650317929825	0.7037017699809427	-404.5403757472634
6680000	3.9114756675511444	4.516118309159312	0.88944429820422	0.7990874825815787	0.205121211611493	0.7186060575085789	-417.1041639243948
6685000	3.8700170253225012	4.049523897264628	0.8622450321118967	0.797316812307449	0.20257684551841657	0.7062957507241814	-419.38464841828596
6690000	3.5679310698238336	4.52886542429559	0.8955309587586834	0.7935579566303649	0.20372110518644446	0.7493818885847203	-388.18219539889503
6695000	3.7832301054701483	3.9171743399733088	0.8913302057095328	0.7999575088556987	0.21089369534656796	0.7182202383989033	-379.91174819006545
6700000	3.515871331502172	3.757378967466137	0.8918374940920495	0.7999251402222909	0.20633486957629085	0.7142033400254917	-405.3083655716017
6705000	3.49850103421889	3.648914893669945	0.8527308271929366	0.799716273684141	0.20081645691674846	0.7025746291245534	-398.39427497731486
6710000	3.9491190733955746	3.9578547940573237	0.8779084694580945	0.7957568632278705	0.20340931817097702	0.7046644576954624	-420.15062253763523
6715000	4.07302038548083	4.218904431625508	0.8619467739738189	0.7989727834645156	0.20378969316085585	0.7032337200711174	-436.097726650375
6720000	3.632634283446803	3.842990461882869	0.8846331971252652	0.7961918284285879	0.20729826431075019	0.7047791147391441	-413.92955441283846
6725000	3.681654789986162	4.542008205141558	0.8862153968542532	0.7955413970727537	0.20636704988768984	0.7133800661272962	-403.7009525485629
6730000	4.107515371147285	4.249695712078995	0.8897368975990483	0.7979185840387429	0.2133772506230899	0.7040349168299166	-396.6503227096527
6735000	3.9690647082224575	4.1837050783187655	0.824799085649265	0.7990706737929107	0.21240555280700063	0.7122292693965628	-435.4664331341873
6740000	4.246850661112437	4.50785320929681	0.8198368987223504	0.7976954942567338	0.2006770171279352	0.7059593492229761	-438.1219764160978
6745000	4.040891081045255	4.118761012028564	0.8896784300276298	0.7861591008018226	0.21589039725042025	0.7051088126205495	-425.92080648471995
6750000	3.7837694806105264	3.92676987632546	0.8375839345555316	0.7985619208805583	0.20085161417169062	0.7087722802590248	-445.1312600983785
6755000	3.624099189366894	3.8101699040672727	0.8456810227548213	0.7919702504418682	0.20107448167344508	0.7001118760097158	-428.11309926701534
6760000	3.7176101594876094	3.794773994238133	0.8945858591507909	0.7939992208533931	0.21359150194179732	0.7057482111360831	-420.95925527961793
6765000	3.7539994047689045	3.8674465455890465	0.8731738968384849	0.7945443689994366	0.21219056209582213	0.7143816627816516	-444.73496719497535
6770000	3.739135460178499	3.7538565149426546	0.8509188740101029	0.7973157510046784	0.20149266594521517	0.7020409441234133	-444.5669836634208
6775000	3.859975055924917	4.136588526203137	0.8786279535706141	0.7996856856089049	0.20737803771950286	0.7069176105202069	-424.94757612992186
6780000	3.819656766981359	4.181271321893169	0.8733782711732461	0.7982588803636573	0.20085147498314723	0.7148522039295091	-394.6389713614547
6785000	3.855587788859864	4.43530057283197	0.8888561355919484	0.7960829901529375	0.20602941198680955	0.7029325932122792	-400.25883565309294
6790000	3.7263000766026892	3.889127514265175	0.8849732382763243	0.7963399191702893	0.20281183117856633	0.7010267571404923	-429.4531689355528
6795000	3.9777296553038526	4.248782863611965	0.872783804465518	0.7988528077550752	0.20211021961852355	0.7005502164842423	-436.63343404746325
6800000	3.613089035591698	3.733237343202225	0.8866815067905576	0.7976368411987977	0.20377253899509995	0.7378638177608599	-434.6831385488194
6805000	4.10900047027617	4.493688953974934	0.8690258509030807	0.7969681120674966	0.20419842133633642	0.7066069445090759	-447.63595499256974
6810000	3.7349748050729707	3.7757566938778733	0.8967105858584397	0.7947655058998139	0.20443309029993223	0.7063867612863163	-453.08430774731175
6815000	3.6601523442692794	3.7513000303069384	0.898639684069679	0.7990262871303668	0.20144420397147256	0.7055238473113806	-402.77508371333886
6820000	3.5294474026758658	3.7948882163368247	0.8981892933437913	0.7993033322382894	0.20218883542594893	0.7413718503436215	-387.60642791656073
6825000	3.8319466965139735	4.059548574041538	0.889128055097016	0.7921314298789334	0.20732727014243932	0.7096907292088193	-443.55264418960235
6830000	4.1083583906871795	4.168896392087067	0.8874382157266739	0.7977595610940166	0.22487574766991741	0.7036001108949739	-415.54430290865474
6835000	4.183033801027686	4.413887073038877	0.8586676399284918	0.7952734660577788	0.2014497336938138	0.7013466047122817	-428.364983621254
6840000	4.0299058198735	4.0885235797496104	0.8868681335875211	0.7986605662648427	0.20019726368082513	0.7046624801007094	-426.15301720568436
6845000	4.038259771844297	4.362956023254339	0.8555198333059982	0.7990159653886991	0.20272328788055693	0.7002731772764846	-429.0480010030757
6850000	3.697925273280295	3.7318028660983114	0.8958440086028252	0.7973500133180421	0.2015459514264073	0.7246533120707321	-429.88224439086673
6855000	3.758312271772515	3.9246824715251036	0.8149776450932883	0.798228474724746	0.2003004486179708	0.7084193358911547	-450.6371860129606
6860000	3.7734815885083663	3.832038145080161	0.8558889090840797	0.7938188686210754	0.20197188641072777	0.7058382146790172	-450.6823075262401
6865000	3.7112664250983762	3.9018053922713767	0.83466263146347	0.7996420648017672	0.20493399353952207	0.715178074381426	-436.4257488094888
6870000	3.9276812150663196	4.105804354316726	0.8670317838740481	0.791130181249138	0.20303400506015767	0.7166692571672445	-412.8124852062303
6875000	3.767335851781021	3.8677910493828667	0.869577595800587	0.7974891400516441	0.2003442398510258	0.7318292608632199	-464.29225910720794
6880000	4.213598594379614	4.220977871851522	0.8928523665283651	0.7974305296856755	0.2017746902461749	0.71410680088007	-422.6184246885634
6885000	3.9425268922951084	3.9468416095742267	0.8662286383779844	0.7999268884209769	0.20473096235041957	0.7010959211620162	-421.58144135886965
6890000	3.712381884291235	4.202277773523809	0.8804071872376172	0.794298661036036	0.20246914667596536	0.7162096162966739	-472.4469716671727
6895000	3.828561275131004	4.112689280292052	0.8807930775266146	0.7989438978954121	0.20406580156430476	0.7090878467035153	-441.4624994985221
6900000	3.686799770799338	4.03923808919214	0.8947327786793476	0.796885278925351	0.20113596357347646	0.7091383216445672	-414.10786533619734
6905000	3.810750107784943	4.087438318665126	0.8697067704833065	0.7983858408498439	0.20709046769092068	0.7001703419764398	-435.662653019471
6910000	4.187201559328596	4.569579278820195	0.8578452180432812	0.7997150425189664	0.20633860499880496	0.7093043680826987	-404.6641833777787
6915000	3.863518851253175	4.157980688807413	0.8986655242282718	0.7992716348524148	0.20030678267594829	0.7048678185899413	-402.9628348738215
6920000	3.77432574356136	4.142358047984094	0.8748764096101903	0.7972547113475905	0.20275350168869305	0.7024249719869045	-433.8378002554668
6925000	3.9764638765984945	4.184400028288883	0.8953744623743347	0.7968326811060634	0.20459832298588554	0.7210708519061985	-417.8366211241788
6930000	3.64893580890229	3.6751299134053084	0.8917183269558191	0.7997685202080509	0.20018200046627738	0.7226346042185631	-433.61299033965287
6935000	3.7505248168907426	4.011541586162412	0.8474344334502824	0.7995569707427015	0.20505001999645678	0.7462952483275275	-456.4691309736961
6940000	3.5392397789552965	3.6840520649087347	0.8702364346442629	0.7991834721744536	0.20049275817584364	0.7078822344627973	-405.881974433763
6945000	3.9831144397951395	4.016151134680571	0.8935143677088178	0.7996292457277748	0.20102911231851103	0.7399201444645922	-390.93227445038923
6950000	3.780579487432111	3.8749235028289633	0.8971916004022892	0.7999757801659237	0.20584955448048597	0.718953275933178	-429.4063942933663
6955000	3.6364168880113406	3.876461834831308	0.8471155004414377	0.797061794602778	0.20412293680581	0.706719166796491	-439.18452604203776
6960000	3.6594882328990384	3.8116990899014587	0.8864704700412707	0.7920998097751509	0.20002676840281663	0.7070548849105972	-436.7959598420228
6965000	3.8952007202427263	4.552795808416925	0.864193587851006	0.7995841858455727	0.20046383989834562	0.7094002766277453	-437.08992391162883
6970000	3.7763277145457246	3.782445702755364	0.8969118643089411	0.7934892160303545	0.20767408403711665	0.7011929610459946	-457.46858953900494
6975000	3.8021788334559883	3.9523657890251336	0.8347830769982647	0.7979316372395377	0.20141506590381247	0.7041448092998792	-435.8497425734001
6980000	3.7842622622435176	4.3814599699939825	0.8949754507234601	0.795187605107549	0.2034693452306059	0.7286156141526894	-402.88669334777506
6985000	3.9423189470360533	4.090276699915775	0.8833853755759626	0.7978862494781316	0.20226474301921893	0.718233267768201	-418.53841839410245
6990000	3.8330905848885286	4.019616578969742	0.8899142103885612	0.7990375207268836	0.20095882154042102	0.7030944233221335	-414.771994948468
6995000	3.8861971290842545	3.9683658167219806	0.8604424806217703	0.7966370501210599	0.21093030120926792	0.7018747995356656	-392.4317679552865
7000000	3.996264214462531	4.296170281142091	0.8952379755356603	0.7986799392566523	0.20011859750793962	0.7031150117408052	-379.180882948388
7005000	4.028761593742208	4.252215162707541	0.8656191740256911	0.799839216529657	0.2133753397307082	0.7360207700853488	-401.3061966272778
7010000	3.9362197290822305	4.225458988854325	0.897726663763904	0.7984945880158514	0.21171268462335996	0.7096382635641474	-387.40775872933375
7015000	3.6794268104830636	3.81950211706051	0.8875145587098908	0.7956454479384327	0.20744114720042578	0.7030302958345552	-394.8740876985477
7020000	3.644146181168306	3.799130209440481	0.8884429290335344	0.7907648658078071	0.20553224060819272	0.7252227175250154	-422.5496090653353
7025000	3.843176943514951	4.37803196964923	0.8971312960016709	0.795148089177751	0.20717925103741172	0.7345402030637582	-404.10536363232876
7030000	3.8756040811490555	3.91062060479073	0.8521154943174932	0.7972340770434786	0.2206759554694296	0.7050584148691748	-455.3583752836789
7035000	3.8115009071420034	4.018104168823769	0.8995837074846413	0.7944626538854249	0.20530873816052134	0.7127645877377172	-440.7219200433505
7040000	4.022695510093533	4.444365432592784	0.8979209761816309	0.796454789490914	0.20841714365837546	0.7003972479061442	-414.6875719156893
7045000	4.151891468558164	4.705823970890146	0.867555590336155	0.7985507743077677	0.20716374149336508	0.7740532327279784	-425.00698954426815
7050000	3.9858473360510636	4.134641133658357	0.8928681476581934	0.789246416022103	0.21663504004333609	0.7139174920167	-423.93891844733355
7055000	3.8182141051107306	3.917788899940678	0.7854801978015078	0.7997966088547223	0.21486735626961556	0.7015118134007607	-459.98825878488424
7060000	3.648938273555648	3.7765417950815254	0.8680521617482774	0.7973033672030295	0.20369539999510028	0.7056238139844192	-436.7068326825998
7065000	3.8165645054385546	3.864130042746034	0.885375035098667	0.7899043319399924	0.20827711089218898	0.7031496919682526	-434.05735722886334
7070000	4.399428333508392	4.59501183219032	0.8772799967437774	0.7959003855168549	0.20525360600239326	0.7119972026051413	-431.6527399824519
7075000	4.059181201725864	4.093514710812577	0.8392881112217893	0.7976562514424085	0.20205506700212092	0.7128443065621015	-418.94922997189946
7080000	4.027012478559157	4.2468814103770125	0.8714979039937603	0.798823504528066	0.21270286907438016	0.7125018729065792	-433.0191105770455
7085000	3.7622145488070156	4.018961246302503	0.8633402538311414	0.7911516913625423	0.2025144366976804	0.7022341593972139	-445.41096594009883
7090000	3.7252983735547733	4.294399966632064	0.8401828383348783	0.7894457736915126	0.20180851924533919	0.7035319898295191	-485.90113043059085
7095000	3.783697037351581	4.114520046093642	0.8309949869038444	0.7952472291560138	0.20243510681277893	0.7070337044027954	-489.5079646574559
7100000	3.8297827270790172	4.229654741662662	0.8544884369689445	0.799139810664539	0.20478284610740233	0.7034407833464702	-468.60387144369554
7105000	3.692003623098661	3.9914494587214393	0.8660755879073734	0.7986756506930548	0.2007226226758684	0.7059953877977329	-443.461887306826
7110000	3.7614634608561395	4.053154034712196	0.8880618769523653	0.7965578100589675	0.20408152528991413	0.7561767004432486	-455.53781740893305
7115000	3.670714281647369	4.052061360347199	0.8917573823927715	0.79675716921169	0.22526133652276917	0.714100548285081	-426.12840508270114
7120000	3.752591208901767	4.176480973505744	0.8734471958240397	0.7952278142137325	0.2078889797969225	0.7051392099912444	-418.50009992167986
7125000	3.8228047946183565	4.989586012582198	0.8965647150764058	0.7967865427330945	0.20905933798902301	0.7008267505521865	-422.8049664503288
7130000	3.706879927773261	3.931293762546177	0.8910817411287787	0.7981646387581014	0.20142602991331113	0.70153979663227	-397.73420057376126
7135000	4.059905598831084	4.9027047715064125	0.8956643420732534	0.7992853016592364	0.21848173484527242	0.7015312327160957	-384.30089489045423
7140000	3.9132806437750536	3.988332204735036	0.8739124859308467	0.7991073660127581	0.20216760772454778	0.707347144561993	-373.7688470546741
7145000	4.08975883880341	4.117185731009348	0.8878148349610234	0.7989326850829515	0.2048541334772778	0.7112763885538645	-414.69127833856885
7150000	3.8523526097042975	4.310470941855326	0.8926112574758787	0.7924633026766039	0.2066685960080093	0.7068000545819498	-414.0758118604629
7155000	4.09149018039781	4.393223428349156	0.8582833041424116	0.7934779026830983	0.2126991707809959	0.7172974387288102	-422.3822359953178
7160000	3.874813343543973	3.998297790962139	0.894976891766063	0.7983488195291972	0.20104892316898562	0.7043728842715569	-428.06014917674923
7165000	3.630923734225083	4.021228713914628	0.8484114860610515	0.7993434922909547	0.21111513978394533	0.7272027147710198	-435.6801386221652
7170000	3.751156748399713	4.013239033012752	0.8531406177935476	0.7976744201582513	0.21623599638319704	0.7036162216648947	-439.1692962941887
7175000	4.709964720560139	4.968572290719186	0.8929738429151683	0.7973696955656873	0.20955434606291828	0.7280615950811654	-434.3454228899125
7180000	3.7955465933993198	3.824842671954706	0.8462977842944496	0.7934901055039781	0.203412405391577	0.7011245754737483	-410.188633806126
7185000	4.075251461647689	4.38052812742941	0.8990696961173081	0.7964787384411214	0.20076099668312417	0.717949620646421	-406.4961866608096
7190000	3.651825880750864	4.628918140238407	0.8295866819040779	0.7971421252533538	0.200561805243449	0.7078918837072576	-433.0587383136326
7195000	3.728976702717949	3.8032617358864953	0.8957654370576454	0.7937994658430454	0.2004523058398058	0.7180178027143054	-410.1350305801054
7200000	3.647576500505681	4.085068108775868	0.8948115159244959	0.7983367113786078	0.20491167742658356	0.7204168822279559	-422.91002120846366
7205000	3.879615531629478	3.9330278059506436	0.8839350060782574	0.7974490578595399	0.2121597362217875	0.7062872410115097	-432.7251841714171
7210000	3.6180798652108614	4.400120322103575	0.8930503042183506	0.7972417810027181	0.2048098562257769	0.730601484908858	-380.71897148232694
7215000	3.774614552166267	3.782777731652128	0.896216668059242	0.799850204358807	0.20945884307642876	0.7103893672586271	-379.9608598050855
7220000	3.955465260296647	4.065308904227121	0.8968907758256507	0.799569926607995	0.20099111338929454	0.7076809419349507	-395.41342670033083
7225000	3.5877168685471834	3.680357211759819	0.8907380984357126	0.7999676337695807	0.20292740732071057	0.717987841489677	-381.908052938202
7230000	3.709801292419575	3.7463258354990154	0.8560052305537723	0.7994460966769403	0.20051054194702017	0.7071323154605316	-379.54178241230943
7235000	3.7014470499384307	3.7756922092017517	0.8727589707466709	0.7964707059612742	0.20866730757471325	0.7053828878957454	-408.9975187209166
7240000	3.6345117331373546	3.8536905885167876	0.8974823309894815	0.7963007839501006	0.20017791626833933	0.7035172375960843	-395.3563578974657
7245000	3.9912010288846576	4.190080762536916	0.8859527182727412	0.7936891313773589	0.20635008170021812	0.7005674345615059	-401.5595570877956
7250000	3.846915553608609	3.946677300092393	0.8920849834356291	0.7926026268541756	0.2123981231118022	0.7255101939544549	-412.1121094700737
7255000	3.794463816695797	3.8136104053778452	0.8988604054704191	0.7954337976407752	0.2025092079028537	0.7145873464288462	-402.04656050781836
7260000	3.7371432642099283	3.8702874680439208	0.868918099741043	0.7997424954771474	0.22298407368950554	0.7255022464110035	-379.84197837485897
7265000	4.115941114227871	5.13736493236223	0.8805006683353764	0.7991726569930492	0.20452716559547504	0.7055769519774666	-401.6102203363674
7270000	4.051092127690366	4.184321773064756	0.8922640159074794	0.7991784123035387	0.20275267481175616	0.7044791712816635	-400.86610140506014
7275000	3.669001678703288	4.124514434356334	0.8781097400230582	0.7919344048205303	0.20276093599612138	0.7131409975177989	-404.34086634476824
7280000	4.016833502351458	4.131449944967021	0.899419462987298	0.7932348807699644	0.20457093247291525	0.7064054516257716	-386.0658575723136
7285000	4.0926702539707795	4.297075113075697	0.887502886758172	0.7979586072967596	0.20201877772929167	0.700120061980463	-375.83450066462717
7290000	3.675030920540485	3.7811910114442147	0.8989376026893775	0.7930492844677502	0.21099461221752722	0.7501922062404919	-425.4240638310413
7295000	4.055880056360717	4.063415870260257	0.8871056184132577	0.7997048896215981	0.205379515445347	0.7013171575207893	-414.7443136060064
7300000	3.6556265317724495	5.229163391628584	0.8812915048429629	0.7984369129736628	0.21078259950247136	0.7155591353243929	-428.2339909805494
7305000	3.9594361569004164	3.993506642661442	0.8942308558937648	0.7973900937424317	0.20177521220661535	0.7002914225377291	-415.1278016310924
7310000	3.853567888047806	3.8824452036069705	0.8689727993285021	0.7999779256989739	0.20183128837320238	0.7132216844571901	-423.4858344371589
7315000	3.614559363141939	3.7409271911925597	0.8808958108686203	0.795258205915763	0.20596236459655903	0.7289805226712917	-439.6580379053153
7320000	3.7941002373575636	4.0344503124867375	0.8956204033457635	0.7944577715869257	0.20245328270819207	0.7193536162836897	-460.8992173285471
7325000	3.71433424962713	3.915622977925587	0.8900123019640432	0.7944548914095925	0.20406497062979578	0.7076557926164007	-440.4318461672097
7330000	3.9270918374240056	3.9450374337200778	0.8513810552927571	0.7773504785142027	0.2098510898346652	0.7118563581909204	-485.4494264578924
7335000	3.9503907949308203	3.9675939290309286	0.835355936589303	0.7947106188426322	0.20059826638481842	0.7002302240912525	-482.6796738423046
7340000	4.238660988758958	4.405323594904395	0.8908030230058386	0.7905835384714157	0.2008150299388865	0.7030435312017669	-446.55489107040984
7345000	4.014704443745558	4.148221932908394	0.888387532632661	0.7849409093765666	0.20145768070748832	0.7443558338322198	-453.8264084752964
7350000	3.789187426504633	5.147157742222465	0.8752704596723044	0.7875092554555002	0.20274678750834008	0.7108773519418571	-461.93902162127506
7355000	3.967286448286749	4.526330001225165	0.8637973627124367	0.7910108733667451	0.21674481058712344	0.7145795566251777	-477.02605149289343
7360000	3.7078397358058646	4.114477702547835	0.8650399975994726	0.7988174022254285	0.205802553742635	0.7388523046986846	-426.651510282154
7365000	3.9674526204215144	4.040438746197874	0.8717731129661378	0.7932879497164774	0.20652400029299803	0.7135751208605263	-480.1408438229651
7370000	4.116262044731603	4.304634442120176	0.8999429017929721	0.7957267945610847	0.20247059879865845	0.7048310439976756	-448.2750536693741
7375000	3.8958292489232593	4.22885499934327	0.8347595002744399	0.7979633402274489	0.20613246271246394	0.7026780626116844	-440.74085281195096
7380000	3.674346381886359	3.797855628820628	0.8825426878676195	0.7972118293225167	0.20049901002340959	0.7068444982122253	-383.3088393340074
7385000	3.9853683415277343	4.04759301553793	0.8999142934899763	0.799709454775066	0.2008319166358875	0.7028772430645993	-382.63378818252676
7390000	3.922919885025774	3.923233883184424	0.881742080342725	0.7999756071340844	0.2008853980324296	0.7402158594596431	-425.78033408880196
7395000	3.8616941688015505	4.146366170187421	0.885661063186022	0.7970366573620331	0.2007285006247983	0.7287548171076199	-401.71626017749287
7400000	3.683512995812136	3.742514395637382	0.8285194347854825	0.7966650589378635	0.21193355011578247	0.7103080014040324	-409.29465382143684
7405000	3.7620270203684147	3.7968542677997634	0.8621316750648926	0.7959487365095852	0.2026018297574634	0.7042038387368782	-420.13320929644016
7410000	3.6009013695461847	4.0691538335893505	0.8991228949012605	0.7937474685327853	0.21527798548718052	0.7083228248538201	-416.32517058930057
7415000	3.76988151944213	3.9131757060093353	0.8547640743319528	0.7958445646860056	0.21268771447049942	0.7127116960329755	-409.4087749770881
7420000	3.6087735139475994	3.872058821846613	0.8976940822511736	0.7993837148818727	0.20091394187418324	0.7757171576558002	-363.26808995437375
7425000	3.642552161108567	3.791292617139143	0.8886594438109492	0.7984405023654151	0.20129564542077166	0.709455219370222	-397.37165540017503
7430000	3.6019622908884994	3.678517478031375	0.8977631731819433	0.7986101102637881	0.20597996187842704	0.7105587785373823	-377.7101371848222
7435000	3.711815474145504	3.7948501398045678	0.8970228398876727	0.7994505351854753	0.21139004805870068	0.7023693732074425	-385.554786782543
7440000	3.6005741784348917	3.639719929959044	0.890362264628502	0.7944365007148724	0.20551656103466162	0.7060497362034837	-431.1648256853546
7445000	3.6973410136359335	3.717591808476985	0.8966222835318273	0.7827261209691935	0.20028702828273112	0.7474807813991394	-449.4317556310542
7450000	3.6732844355416296	4.391523805635548	0.8865834460924941	0.79057447720953	0.2013155679942786	0.7121146731289554	-447.0497223116128
7455000	3.764925976793226	3.772413759876989	0.863291300746899	0.7986482939677577	0.2142511652391169	0.709710685055475	-443.40687660283794
7460000	3.590828632141734	3.9501598998797873	0.8933859407973667	0.7942574629754132	0.20248405902396338	0.7066173045178485	-428.2538314143709
7465000	3.8918928252361757	4.157481326479045	0.8875085174475706	0.7935602271184593	0.2038583629031918	0.7325306383689019	-394.0506799062115
7470000	4.12133445913086	4.712964786547537	0.8502584449112517	0.7956582047059834	0.2002471869496358	0.7215623919629889	-418.15952450746346
7475000	3.858637192355852	4.178300510548123	0.883557124782099	0.7929347497465236	0.2016430601043917	0.714805855597735	-428.43567887012813
7480000	3.625974442543373	3.6797529470213632	0.8689575065164507	0.7999193104126585	0.20469354797673417	0.7386271698666053	-392.94322067545903
7485000	3.578742242468603	4.001901424940141	0.8872369175382071	0.7949461744528222	0.21350795942433462	0.7282390110050546	-421.65777765974104
7490000	3.7037914493730506	3.7364712087353724	0.8992101649998148	0.7991170245192099	0.20318074271613318	0.7173907621703447	-387.92601555947255
7495000	3.727671378896779	4.030509730224525	0.8915959881537793	0.7928579952120638	0.20105845779785092	0.7152758818643881	-389.7843341347515
7500000	3.6457515200141875	4.1284800195237885	0.8886705587147207	0.7972832626849926	0.20569069501968076	0.7062797426534083	-386.3878946965375
7505000	3.621673311342676	4.061267405516037	0.8957612740501183	0.7949725835309338	0.20545761581742122	0.7046276044586132	-395.0040659860025
7510000	3.590724745396324	3.659853602430973	0.8858620867047369	0.7995028231932869	0.2120505483414329	0.7000808968113615	-423.2247687297429
7515000	3.82232267162233	3.9250193904950805	0.899717411477078	0.795732743651696	0.20475119342415468	0.7307820858969147	-405.31182999345714
7520000	3.7402686363264177	3.821284172244151	0.8861026232951766	0.7996440252358514	0.20321052185149405	0.7038843872814555	-394.9406055373868
7525000	3.58294139587436	3.6898661821897507	0.8453706130469336	0.7996262722986854	0.2077918772597885	0.7051056813658043	-419.9403610321091
7530000	3.523818824293479	3.541204230963745	0.8966027125362566	0.7998336262620356	0.2007067476223136	0.709779506388332	-387.1974635412858
7535000	3.552068128102772	3.6361913402516026	0.8911919367985307	0.7983447522759796	0.20494037763522732	0.7412543223730591	-383.2996312927374
7540000	3.9936599800814827	4.382201244399479	0.8854438624786705	0.7965168559961455	0.2002703168360252	0.7176174956774433	-357.9318419968953
7545000	4.004724150443475	4.206111737250098	0.8827865670480142	0.7977658091586874	0.20412688699302467	0.729450719815718	-388.5081513185214
7550000	4.086517907854942	4.512022932362478	0.8851029596430572	0.7991211496738372	0.2002584804779059	0.7106782326958352	-403.67085949720735
7555000	3.7910119046829003	3.9108215349628597	0.8745347366577558	0.7987554536211945	0.20108621787984332	0.722156924335436	-442.69678203837685
7560000	3.8330111936511773	3.849190349656781	0.8728940849056022	0.79744112357253	0.20305148739790335	0.7008384207148368	-393.7882211683584
7565000	3.845670454130803	4.060768811808383	0.8998346470785085	0.7988304715121056	0.20126887427246007	0.7066816533291435	-395.7940758466139
7570000	3.9717784276542574	4.0020200378525566	0.8585346042392903	0.7969760347441253	0.20980018006676493	0.7042468206551116	-412.3237413059668
7575000	3.618717907779217	3.681556160028516	0.8907925112261234	0.7973958538963309	0.2002938666681064	0.7218032145143745	-424.56073662356346
7580000	3.560509691078584	3.8109229245782967	0.8727214545980114	0.798038288325421	0.206293375852196	0.7397550812560343	-415.1873491697559
7585000	3.5987546124909486	3.7152435135208886	0.8818285764949811	0.7979543342649501	0.20445192202278614	0.7111415714511973	-433.10866705621214
7590000	3.808726560594804	3.939959394583038	0.8834523963565252	0.7945680938725245	0.20934467754980907	0.7145037371810151	-434.40505838608334
7595000	3.683692708083041	3.829810500540645	0.8957575589236602	0.7930103728495116	0.20086579487662412	0.7040783671687411	-424.1532305135559
7600000	3.737055305608424	4.041769531246146	0.8819494126440576	0.7907844139796336	0.2035554870779123	0.7091246316649953	-406.52981631318903
7605000	3.651694139939726	3.943718987531269	0.8901807782657049	0.797318433789908	0.20467684301790717	0.7009869155460823	-426.22386750120944
7610000	3.49850103421889	3.991840060349519	0.8839232101416884	0.7969011839123884	0.20392808027092002	0.7075033491509739	-407.7523442135055
7615000	3.73668168771273	4.149673230889787	0.8808652176162617	0.7991291270845444	0.20040560109715633	0.7003414229403369	-440.47301568763726
7620000	3.5616766807836115	3.954334980893543	0.8812899445304038	0.7970000455896109	0.20028678551043683	0.7219059520684317	-397.1598835327327
7625000	3.7347334145996065	3.8000980257646906	0.8974944169919621	0.7992848184947431	0.2006111391515336	0.7169819927249494	-453.19167681395214
7630000	3.8600152437924304	3.9524130603511174	0.8836345952442397	0.7993296293950342	0.20973998744031006	0.719811903013959	-408.09279506389703
7635000	3.775727549161519	3.8220021096372063	0.8948789578838178	0.7997455308558983	0.21484102151235393	0.7382726887393606	-408.75967399118827
7640000	4.001238370025561	4.429479105229376	0.8792246009755608	0.7982121795281085	0.2040345834988661	0.714720464629236	-389.40855431032986
7645000	3.7141885327798585	4.264876151715649	0.8878819005337961	0.7990569308890451	0.20693059187337698	0.7278159518440659	-407.42591255384696
7650000	3.9311671310113923	4.539716157207029	0.8891327095983297	0.7955454777317532	0.20642337414459602	0.7002434825505945	-421.2242564395575
7655000	4.091652633164261	4.208742101191561	0.8962516005057555	0.7974218851688477	0.20001531511985188	0.714523892525452	-423.84617436121016
7660000	3.5913131560419322	3.6653351848135807	0.8903850367178411	0.7979147771703115	0.20521890746509602	0.7203279025606426	-412.8976638863328
7665000	3.661692025924764	3.706968859963079	0.8925734525545054	0.7977342326987957	0.20227422369944367	0.7155616135550328	-429.059638086458
7670000	3.8366553583698515	3.8661642027334473	0.8851882762645257	0.793173094731253	0.215594126050558	0.7124247813292511	-451.10137015655323
7675000	3.954644614569708	4.073855880483559	0.898730333698089	0.7903642825082678	0.20765574591509908	0.745902047620908	-450.35349415647437
7680000	3.699588590810497	3.954809452246034	0.8764452795494073	0.798630051638368	0.21470708990700485	0.7648728517882526	-410.4350394073708
7685000	3.5734782332269264	4.630774198202344	0.8657611885801972	0.7994812713454187	0.20176763008544132	0.7068203209814389	-391.5437512746934
7690000	3.7354312807801704	4.0485711294659374	0.898785191529685	0.7935925710629387	0.20044523958581814	0.7162478013722149	-393.64603071295267
7695000	3.612887880550303	4.068198109748433	0.8961342248858771	0.7986729278561804	0.2059874151729924	0.7241373581519858	-411.04942216281773
7700000	3.6095285454828043	3.666589908347991	0.8946804664613656	0.7990167231538272	0.20301533006283545	0.7071274487003633	-385.6082952251752
7705000	3.830065567415578	3.882985903171871	0.8716073806793633	0.7982399517128083	0.20714102461939765	0.7002648382186102	-370.138988223774
7710000	3.6708931340934337	3.942521095191434	0.8924169545392863	0.7997297734824597	0.2037170920786011	0.7164265170063576	-353.60013575237133
7715000	3.9855009309336746	4.877552048596786	0.8878569522355214	0.796125296539606	0.20813315463684437	0.7148610393595197	-370.3500474840582
7720000	4.07950312454325	4.675696285904544	0.8615385995303305	0.7980844891509602	0.2154610673825353	0.7107566159899243	-401.2293375394
7725000	3.6382793655140406	3.968611583767981	0.8989988762188478	0.799993292196055	0.2003140384433452	0.7025246390385531	-403.94839613806494
7730000	3.836016461677271	4.3981080583334125	0.8769896423158358	0.7995131924803379	0.2005010400319794	0.7196847977925068	-392.6680203052205
7735000	3.731924997098498	4.4017082514000965	0.8002408483415366	0.7979369724633657	0.2030682396893738	0.7234794342043972	-444.6141988081716
7740000	3.5576628896328995	3.7169959254849356	0.8770243983661759	0.7989108651760165	0.2022611245696129	0.7253711607143953	-419.482484062454
7745000	3.62807077427167	4.1949780752974215	0.889340067662276	0.791961808312811	0.20124245911636046	0.7285671015202406	-423.8097366406748
7750000	3.7678270600375936	3.8919088418295185	0.8956977185360121	0.7883276931668606	0.20401739402565486	0.7099173988804891	-421.3326095755554
7755000	3.9136347187715503	3.9376178294691586	0.8866168408891439	0.7996234739666119	0.20044733334524503	0.7062256575688217	-409.2960016913185
7760000	3.719318709296064	3.8301700711990128	0.8227715683207638	0.7965297492629122	0.20130333664522607	0.7197452697675363	-480.1449493269878
7765000	4.135411236301416	4.323088619867936	0.8147380161150332	0.798816365971353	0.20330618287423383	0.7060831781397208	-467.0653776920813
7770000	3.9322032510342573	4.269241317745273	0.8857962640714936	0.7987659280530538	0.20844550928440017	0.7133933764735755	-423.6354586119327
7775000	3.946907338634098	4.1166000279052275	0.8998206533795557	0.7956873905383722	0.20461080562995276	0.7152619310108094	-407.09233460548245
7780000	4.004487124618731	4.0238463272876235	0.8971953681985573	0.7985548319320411	0.20832762609353464	0.7011693641341912	-420.71593116685597
7785000	4.0757120604006385	4.118998655908642	0.8650727069438897	0.799060423388972	0.20313075117434695	0.7046551040059746	-404.56472421949184
7790000	3.8023187080114864	4.433039654680024	0.8874214478497552	0.7936193810013832	0.20226766940872554	0.7202450118976186	-449.68793755768684
7795000	3.543161111581629	3.785751658453356	0.8660543661189665	0.7974170437458026	0.21154881092677238	0.7218307073974636	-451.90069118667304
7800000	4.026346281052127	4.086575362714556	0.8962697441434888	0.7960192906312861	0.2004305777075985	0.7011770271385228	-460.51763196851897
7805000	3.6746655839339177	3.7268811132165305	0.8837573903842946	0.7984676666497572	0.2029881161585842	0.7088789237983694	-421.8620142410921
7810000	3.7413669896484336	4.095301571701275	0.8920114277665397	0.7981436886855131	0.20149368908726603	0.7043513118891248	-433.4046274885011
7815000	3.622487358724047	3.6771071679207576	0.8939911678274017	0.7972367316269369	0.20289295274947233	0.706355743676663	-390.63524339422645
7820000	4.0064344935287055	4.173690182435369	0.8961105388381048	0.7983049964996992	0.20590030011067365	0.7135276188829299	-407.58755684125435
7825000	3.49850103421889	3.603320444284346	0.8548900944774082	0.797037596978576	0.20894133445568255	0.713314072123305	-429.55868595275024
7830000	3.9661291379880574	4.070755648836244	0.8930221654364415	0.7989915441795981	0.21289058582649484	0.7062035739190843	-385.61559635359845
7835000	3.5818368742101394	3.6212669924879144	0.890483619329971	0.7994540841915173	0.2012390876389918	0.71327519500399	-376.6355825544908
7840000	3.5453313216117115	3.6567907875536756	0.8739038576675405	0.7965697450924873	0.20748271246864494	0.7077775964416404	-417.0094949196103
7845000	3.81379566961036	3.907924409738558	0.8942593532267374	0.798761369064357	0.20161347021783274	0.7047122100044624	-381.48607568874485
7850000	3.833768834372497	5.071634877882828	0.8839798756924292	0.7972166572558688	0.20405247033120968	0.7039839891705869	-433.17066354596324
7855000	3.6529315876839137	3.683193054453935	0.8750692485680922	0.7956083018650514	0.20301181146081332	0.7545321398655672	-430.54526816845197
7860000	3.607621498839475	4.043507897482136	0.8906515593555041	0.7923075945527549	0.20450503642957132	0.7189729027016635	-414.1007650030528
7865000	3.7664210638637114	4.724250574919478	0.817567969062777	0.7932279974309788	0.20091990204931515	0.7112253968868141	-442.17580066657837
7870000	3.9883327960805617	4.162618733877396	0.8747568381735848	0.7946523624528676	0.21973873838413296	0.7119834654302288	-421.5466521766714
7875000	3.707253603105973	3.939028983332733	0.8526274012368947	0.7978352366820434	0.21047898075629265	0.7351968210876135	-409.7253783220051
7880000	3.8435009658494987	3.9936050379595898	0.8751193774202373	0.7996299261621517	0.20104281653163075	0.7011669564317805	-395.6223898705351
7885000	3.715171910648277	3.951892415184538	0.8434405884028585	0.7992655344195523	0.20537270310164688	0.7051625864031161	-420.98063699620747
7890000	4.087524815479569	4.194350567066867	0.8886915717722079	0.7961211556640447	0.20279203318819103	0.700840246966914	-416.9529520084688
7895000	3.649067293059107	3.851486696907213	0.837731113270361	0.7966026781196475	0.20053301537198537	0.7043935774189458	-443.73017381896744
7900000	3.6416908414231868	3.9722041650105204	0.8584591189459978	0.7997203181603731	0.20630570027503173	0.7143608633265774	-447.3292488267634
7905000	3.790388455118384	4.157872535669928	0.8303994587677269	0.7967258526567169	0.22402528812691588	0.7042133556470035	-470.5623400161687
7910000	3.8081895331437257	4.4051105708756	0.8455269701960757	0.7976517237674523	0.21235579853745756	0.7002550289165438	-463.4639725579586
7915000	3.7905295936911942	3.87815171652043	0.8642602171304323	0.7987952498604179	0.20358336099356933	0.7366733063482981	-412.7928870244943
7920000	3.9921105021457954	4.81120373803507	0.8690396027880797	0.7971778270862881	0.20036236892547205	0.7322400368374548	-433.2397819324321
7925000	4.173988956449092	4.429180735508785	0.8968450790424964	0.7988687221336965	0.20137580614519426	0.7006281882857882	-410.3911267490268
7930000	3.752740595331881	3.866654695169288	0.8994271787012017	0.7982235960909143	0.2020124547812404	0.7016436136821734	-418.08843681538366
7935000	3.77420186092992	3.8080726344002445	0.8833198038440725	0.7975444804567304	0.2058854234937944	0.7001921585527715	-424.6612120560829
7940000	4.168351238628813	4.413385138787494	0.893517181833724	0.7897409971841398	0.20440739767985303	0.7063074315477669	-472.9571196544074
7945000	4.022438549994339	4.448857871274294	0.8300593639686269	0.7991103872381776	0.2022697483050676	0.716202824106089	-440.1866564495554
7950000	4.478656536056034	4.589659983206428	0.891138613295447	0.7990409406216551	0.20342940589122938	0.7362340510814464	-410.0786572668098
7955000	4.0628399463286	4.372379402984716	0.8737637240971147	0.797897155981447	0.21252330296322727	0.7088279498600385	-389.34460114603587
7960000	4.154067229286306	4.165076653100784	0.8795768064641093	0.7982933948519778	0.20176568577508178	0.7491186300131769	-407.8589489445941
7965000	3.800372291062466	3.8892225052735805	0.8996756556063953	0.7859064574012264	0.20966019598189306	0.7121234798913176	-447.48862176477564
7970000	4.107083984555921	4.2715893858198575	0.895835382881858	0.793340421790369	0.20237474963667132	0.7511860935099722	-442.1236074465764
7975000	4.003142422175076	4.157667569241341	0.8778720816814198	0.7990644058591129	0.2062816217075942	0.7052851705594015	-411.60900357437487
7980000	3.7496057269158567	3.818142832169177	0.8869983564020192	0.7902923710176889	0.20112449175939603	0.7026725046018842	-412.60519749203183
7985000	3.844088414221855	3.940306209254909	0.8717168765566919	0.7966483426140694	0.2113964583500205	0.7000981918532144	-404.26087850378156
7990000	3.6372082560439356	3.659069126509989	0.8717904369949102	0.7989447326101049	0.2034892578980003	0.7294009771756846	-398.3679167039033
7995000	3.740799730903951	3.816779153933537	0.8817398985097002	0.7935178112243021	0.20515330331867251	0.7120312094385887	-416.6281045794511
8000000	3.593054866790523	3.9854262477453406	0.8899089511405707	0.7997552843781457	0.2086065405191606	0.7094246361490124	-378.0453231073482
8005000	3.746377592755816	3.7562461920567953	0.8747619328241888	0.7974391542109269	0.21484158088356398	0.7003069072451527	-404.9334213217079
8010000	4.068817030379843	4.232258511788643	0.887481805241972	0.797164088247617	0.21204883063601324	0.7003947201705666	-431.72060597330426
8015000	3.864710992609928	3.9074523099140372	0.8537961983367652	0.7955261949695371	0.20006582562144598	0.7102968678098794	-446.5783060304428
8020000	3.822978738546715	3.958596777848746	0.8761292439964862	0.7981059542789991	0.20929021891766114	0.7084474736855952	-458.3816037391145
8025000	4.045193384519784	4.141486442807939	0.8584090109765848	0.7979999989014261	0.20117501429320359	0.7408694717708071	-466.38868012257706
8030000	4.085660101610856	4.1346448134401586	0.877643651825394	0.798734713003091	0.2081239019020406	0.7174907772465176	-464.97785961454474
8035000	4.167938516796909	4.359305790933661	0.8950371813767581	0.7960233475464059	0.20134745988751265	0.7080346910544467	-428.4188324234229
8040000	3.8944577515271113	4.09921141389786	0.8949408278228348	0.7954196880521419	0.20571796151942498	0.7178076945970966	-437.6931726804505
8045000	3.8621708505368044	4.1551598198971185	0.8679717642761101	0.7990657767111229	0.20385191180874135	0.7048509292631931	-435.83939749489593
8050000	3.9026966409504125	4.024011994739706	0.8868346584736001	0.7927333269451777	0.2088587758941262	0.7222483911188605	-443.26047711075154
8055000	4.058904300393443	4.386636822180146	0.7963625676950978	0.7969585979879867	0.20511157127900587	0.7006272235160422	-497.74110338714047
8060000	3.620026740450484	3.655760097763936	0.8457990007095012	0.7904614004177749	0.20318686449351725	0.7006874875396615	-484.59757548648804
8065000	3.7256036336645195	4.043046389168639	0.8972986476602693	0.7987307404903137	0.2024192638879395	0.7247508062231025	-438.51285197015966
8070000	3.7551217353540074	3.769195761948424	0.8694847303384993	0.7990887269956279	0.20670238363010623	0.7122981402635039	-453.4997500807242
8075000	3.756240326023681	3.7709669969438395	0.87218823293926	0.7928427819351114	0.20300491913963353	0.7041191214013357	-459.1652184351664
8080000	3.9301057881909944	4.043650561558022	0.8610170463255483	0.7998446590322662	0.20005192642384567	0.7096449926664702	-455.1444155538076
8085000	4.264544612390655	4.4687292252426545	0.8879741631816296	0.7921362857275314	0.20914148696027227	0.7041595559721318	-459.5145758746523
8090000	3.9807160504283545	4.121916719501423	0.7859579075211294	0.7979465823047326	0.2087248285443023	0.7001669129985417	-409.80372529590306
8095000	3.9703783613992623	4.090163751629259	0.8975809854727991	0.7923464188764685	0.20999229928513327	0.71583725841223	-415.45811937055765
8100000	4.278102144512257	4.3033799219156865	0.8460319947685201	0.7937176647208561	0.20244682855364332	0.7111570044805885	-466.69984618043907
8105000	3.875504455697215	3.901050858632637	0.8801162903094197	0.7920847309533988	0.20486829161798156	0.7434069417556303	-443.43373496392405
8110000	3.7529127802959734	3.951230965098734	0.8614766480693908	0.7939521650943057	0.2027281050874077	0.7159307980686556	-447.0179809365464
8115000	3.84659694241748	3.963188108429904	0.8825390053080797	0.7889843304399011	0.20049404077577	0.701736840790873	-444.7438770531074
8120000	4.038868436880625	4.148761029960926	0.8215101514939284	0.7902694027081312	0.20000824509695542	0.707486797585357	-444.2802085276724
8125000	3.7713652842000327	3.8169290292259888	0.872842477361738	0.7952949097437506	0.20078533584816774	0.7208923181195265	-457.16628157067527
8130000	3.84060712771072	3.852243383276204	0.8523315939366631	0.7996461159167523	0.20375857619972462	0.7234092097664379	-410.88632370970646
8135000	3.8021711130742655	3.8447123259118214	0.8749734225458813	0.7986180997492331	0.2016654227940561	0.7443913810821459	-414.39950516636674
8140000	3.920484005225457	3.9227298813816893	0.8791044436012005	0.799847281177901	0.20136691466547293	0.7100671995592573	-407.6327852418761
8145000	4.366874103440622	4.740229144523815	0.8898472731885878	0.7996797924865414	0.21241557287857238	0.7055986737218704	-402.30461629983665
8150000	3.86608889426667	4.131473341037891	0.894768233870955	0.7982843089656849	0.2077388188892232	0.7147101665202918	-428.43271690570776
8155000	4.04440202224495	4.208278568953732	0.844568975422941	0.7947845836189367	0.2016601889239203	0.7163568972730359	-472.76869176206816
8160000	3.7760996178801873	4.178745753738167	0.8568400027145072	0.7901226339998152	0.20252690046624544	0.718357400240342	-491.07213312069365
8165000	3.626934933351881	4.06267548219629	0.8662696416189661	0.7928611822430801	0.20315800722406716	0.7155072307621253	-461.20549843143306
8170000	3.7215089788416393	4.116233556481092	0.896633639824338	0.7993846030659164	0.2005050737660786	0.724295963981079	-430.63966163502226
8175000	3.921512077542102	4.279928404799812	0.8342458830700397	0.7982926166346351	0.20031410247490158	0.7095925914829193	-458.8349054429366
8180000	3.663412770235416	3.7365667612975004	0.898111205136406	0.7955626283282833	0.20253740035269588	0.7049874012630278	-425.5187808094738
8185000	3.706024114755211	4.0996563205546135	0.8940108723418742	0.7977949593770937	0.2014138735454761	0.7173892556987193	-425.7961504656197
8190000	3.7362953681591917	4.043428800955702	0.8602939845624198	0.7912965933045084	0.20493241686175412	0.7010712086196002	-439.33561056687444
8195000	3.829132175611791	3.865268529024251	0.8301298721000598	0.7967980286131948	0.22240789454390783	0.7338985850570521	-425.3787923094969
8200000	3.7866039267606726	4.221012235795207	0.8974534009740082	0.7973900859087121	0.2025450379834061	0.7186904101317988	-391.2813928064144
8205000	3.948171295534763	4.137240627566678	0.8876985997756235	0.7989146445561841	0.20081220922078774	0.7170126833009481	-386.92490588261535
8210000	3.5790839758222144	3.6967167445926146	0.8630958728778947	0.7945422423945997	0.20672434275251997	0.7000995621846563	-397.703366243282
8215000	3.56639721940298	3.627032004152522	0.8976110272373348	0.7981803603948312	0.20484189410816012	0.7010790879736203	-394.7527693741253
8220000	3.7809135166264887	4.078673471084366	0.8852721692420552	0.799270182095583	0.20332375309836606	0.7301931925470303	-401.2885842544861
8225000	3.7051779391566337	3.723787442673199	0.8718718536210173	0.7972596430062578	0.20964691356990528	0.786302569415349	-411.6018627065963
8230000	3.7157390865926128	3.775666889617308	0.8951413589723156	0.7955684446618354	0.20043832227730143	0.7106538290599829	-413.1322924173321
8235000	3.9157356004649237	4.22831005609196	0.8823205194921026	0.7930795299754853	0.20352680113465477	0.71263387263387	-425.36473243255034
8240000	3.8703189392044024	4.252746841077748	0.8918854209421502	0.7984965524425235	0.2001340706395417	0.7184107556713919	-416.115661510801
8245000	3.8859273757270967	4.3147025682168705	0.8977404708670429	0.7859000238057496	0.2118971807753287	0.7165160108915885	-450.2975611710135
8250000	3.9004490484291665	3.947980032377543	0.8848035843279454	0.7924866686154123	0.20576070863151913	0.7301936333945113	-448.10278554715364
8255000	3.93337825774877	4.075645851188739	0.8988008141348405	0.7981957605525568	0.20280075575811315	0.7001344543475969	-446.4126092600079
8260000	3.7739182335635655	4.16989362602245	0.8784284445128607	0.7967324869403102	0.20331412006007155	0.7173518744491877	-418.79009220469624
8265000	3.733867666901204	3.836753127739061	0.8878665473697708	0.7994947765010529	0.20073607994886652	0.7036241645217983	-413.30044406894086
8270000	4.210479708853055	4.329645017411241	0.8352999759065962	0.7991491116113483	0.20902087180277412	0.7240842061900516	-483.2068095814319
8275000	3.7017395762921623	4.103991743893784	0.8319727955842151	0.7960411899692047	0.20814972411549373	0.7083621512027585	-474.0274061925841
8280000	3.766932158153708	4.172413578770982	0.8646665303245828	0.7982336242150871	0.2042511287014953	0.7100198896029871	-461.96016673037866
8285000	3.70519558129023	3.7631677410992057	0.893620521088022	0.7963200704276672	0.2026919968689569	0.7126619035047418	-438.21305089336994
8290000	4.2238174470441825	4.492525475803431	0.8734960518754648	0.79572810481121	0.2015043549680049	0.7009963710016206	-467.66024655619657
8295000	3.7968761962299937	4.066994985577262	0.8523106671828173	0.7997730024185725	0.20335717895211872	0.708737272651393	-456.84945539143695
8300000	3.813969355021341	4.019327114710383	0.8858164144325941	0.7931411414401629	0.20622535394754737	0.7016203648795007	-434.99296237150895
8305000	4.0029299609343125	4.137947785954989	0.8813907543716827	0.7897363051585139	0.20258093133964916	0.7512628632892231	-420.00647608442733
8310000	3.816152298533823	3.9547844518640547	0.8581598919409136	0.7909169051077318	0.215078334988307	0.7072596056964775	-421.84758494110065
8315000	3.8330685132303364	4.319268071669058	0.8900154237889533	0.7972270728430086	0.2082532512512676	0.7288669675437522	-399.54397265209053
8320000	4.005563718742233	4.469883707440978	0.846856732066578	0.7965796151135612	0.2162141390324865	0.7047588774338771	-444.23829272158883
8325000	3.7311251203949665	3.7521975535024104	0.8849340535196936	0.7959038843956272	0.20034320427324911	0.7113485252410479	-430.79657320769803
8330000	3.6761403552967487	4.661330037230137	0.8972575001159315	0.7992422451229113	0.2166671258386702	0.7051195555252391	-406.92295394243445
8335000	4.142129166397017	4.266241493277148	0.8872831456938166	0.7985365401470051	0.20990926403293084	0.7355227609973063	-402.1727941864336
8340000	3.682146618943912	3.9666557500203674	0.8545804163699661	0.7989051133447544	0.20313097010327016	0.7003907747963088	-398.03110750995666
8345000	3.777914067430986	3.9770525369131122	0.8727190815442903	0.799128635408502	0.2051241610478161	0.7139171394323129	-401.92199298283197
8350000	3.9608495101932992	5.139663121820726	0.8758578623179847	0.7949453794816906	0.2086177262910269	0.7115169457024081	-406.32874568008265
8355000	4.102398605182433	4.146727774360418	0.8721921580999992	0.7703058399864917	0.21018430136394942	0.7279349599932723	-487.5065090093908
8360000	4.16636635495983	4.29944600665975	0.8729054676715566	0.7816488441386201	0.21101631362967616	0.7098285357207336	-493.5437884571214
8365000	3.8869145377729613	3.8961038628881175	0.8806854562853245	0.794078546337763	0.20323232767786106	0.712993166656591	-448.5205562170084
8370000	3.7924180493852067	4.045617480113631	0.8889440314514875	0.7951984402066448	0.20152667966303178	0.7024937660119538	-423.4517627608916
8375000	3.864152749713909	4.401646646284933	0.8950010770747149	0.7985885162729509	0.20078850763784073	0.7068846199090358	-428.36391360638794
8380000	3.5679180090875633	3.938385980878417	0.8986654581670801	0.7976930261298991	0.20204363625072488	0.7010719863908104	-381.93193253471014
8385000	3.49850103421889	3.788184776572708	0.8973465223640493	0.7944038516734002	0.20980842357366652	0.7009701584440674	-438.6644492312372
8390000	3.9336132155975774	3.9581574586409083	0.862169006100467	0.7970692854398371	0.2076872842933479	0.7117354134541685	-402.9907440678964
8395000	3.709906249233592	3.7496441254593638	0.895815198164752	0.7953037086404796	0.20252637166751353	0.7095970739445573	-411.7883923888418
8400000	3.621324799305068	3.7876761985241423	0.8943219497505359	0.7977032845861187	0.20126618236205648	0.7102578205968163	-399.58367674925114
8405000	3.802638406058409	4.022750355052841	0.8517146638966068	0.7998101244818661	0.2072842273163382	0.7104922273561965	-402.09917256255585
8410000	3.874797335493822	3.9414449850599356	0.897220407245484	0.7883721418728757	0.20087893439199117	0.719881603361237	-445.67682871977587
8415000	3.955607829810221	4.155183981648758	0.8409033825380848	0.7958687516947758	0.2002841308263701	0.7210015859405514	-468.730204599418
8420000	4.075936308828649	4.462318558799763	0.893190650604991	0.7943697258826673	0.2002993767627277	0.7148362155361501	-498.04802350895983
8425000	4.121561488328476	4.252356799573616	0.8156022054580544	0.7978340146223492	0.20085339535878619	0.7085864821777157	-479.1368738871346
8430000	4.1052110345582795	4.4249704937731185	0.815183748571946	0.7997260298078956	0.21978518287957352	0.7109485484073298	-450.08753577250155
8435000	3.8358518176766685	4.266041720930578	0.8950603938655455	0.7967331245598351	0.201058311426387	0.7525291769611795	-422.5170701699512
8440000	3.7295408124421385	3.8624227068111954	0.8592728494421853	0.7987367900306106	0.22328489101277615	0.7169417205279455	-395.28814765768874
8445000	3.8568223148979817	4.1533246880344565	0.8936296210421163	0.7992582735568199	0.2014276978794694	0.7134882902841215	-390.60667870630766
8450000	3.855814297785673	4.314172904586214	0.8937744528316277	0.797790494539679	0.20125417953284547	0.7044383404716016	-378.05836133762335
8455000	4.246221069172658	4.2710821241506345	0.8514738928998676	0.7954868795880576	0.20525493368447645	0.7122616890222633	-418.50097338597334
8460000	3.6469930662064605	3.7885665522599723	0.8886328177071176	0.796536862003117	0.20211338574112053	0.7111702385284134	-427.7766451301604
8465000	3.882875140197144	4.306020572229683	0.8427618581420899	0.7965248589592512	0.20266052489970357	0.7275145866943094	-435.51877673200664
8470000	3.953354678694263	4.513715485036229	0.8885126117814479	0.7999249766610939	0.20207692635744087	0.7157403024832809	-415.32464569235214
8475000	3.9621538420578304	4.010236979459774	0.882866986799742	0.7966055021652286	0.20173063470596975	0.7153859367303561	-453.15849009772467
8480000	3.8274585526165765	3.9365731032826634	0.8960016578765381	0.7963033387297148	0.21010004752188033	0.7108916118197997	-380.5088008057858
8485000	3.709022299662322	3.7639505874062276	0.897181367899373	0.7974151395057617	0.21167896071907175	0.7219662008415452	-384.54489587816346
8490000	3.7872310056245935	3.8202270193914574	0.8783718627086019	0.7986704423617549	0.20321514671619925	0.7072550955084757	-407.74451027626344
8495000	3.7881555174700305	3.8696431787928236	0.8913693233250012	0.7969215136608738	0.2004987295049418	0.7278611279416723	-393.76465687126404
8500000	3.951644411986057	4.002673185990258	0.8961453916922844	0.7977027178317627	0.2006691619739282	0.7004837661962053	-393.4154337108053
8505000	3.8340313484219823	3.8437789725634532	0.8939581931009272	0.7996273272332745	0.20498988365600523	0.7097128039943135	-399.29073866905253
8510000	3.8062254521206724	4.101322338764067	0.8831558286522582	0.7983986427452181	0.20047433037885287	0.7003905681590225	-380.48545870387113
8515000	3.7935563259191114	3.8869099952006145	0.873680538802785	0.7999848926836298	0.20129302110023445	0.7577157892429073	-391.4097271788861
8520000	3.7530195433216447	4.347286770952957	0.8864006163415279	0.799256353018093	0.2037922281116634	0.7000419824865836	-424.09167033829067
8525000	3.881146664889855	3.911471237263279	0.8498897718342485	0.7981861185072691	0.2043379410351488	0.7004389310729667	-455.3065276728301
8530000	4.0051329440293575	4.0468437595128135	0.8982414098027008	0.797564317322995	0.20358564812579705	0.7022611869278336	-440.1640579424512
8535000	3.711383665706865	3.779717604120376	0.8632518985795394	0.7992168729622817	0.20300260196549885	0.7528713821378711	-424.4222610031132
8540000	3.6510194559470275	3.8544514533804253	0.8834331463615689	0.797648573667735	0.20562065878337604	0.7372350430679472	-414.0868253876798
8545000	4.105446422318857	4.174785797954862	0.8963810004082583	0.7909454123724237	0.20191420825519385	0.7097161235632321	-417.0685597692001
8550000	3.5239348381305	3.806651829512875	0.8857979530940232	0.7938881091532896	0.22281158350712255	0.7756709453581291	-402.24179557920434
8555000	3.6862276228541884	4.067151691323249	0.8749891424042092	0.7884947691479022	0.20260311784324836	0.7042220395060739	-441.00621759777067
8560000	4.01110907479537	4.090683052736802	0.8323694501730734	0.7974234004554608	0.204506488874593	0.7345682076048917	-419.1747007774119
8565000	4.42398832719205	4.599595000876146	0.8877356423904029	0.7992846318127536	0.21232462252644468	0.7101703002963007	-428.8065948711755
8570000	4.124461053568718	4.169594599645445	0.8979743993406856	0.7957836763952556	0.21770553004316018	0.7047862241402475	-420.8432553407014
8575000	4.015190101036945	4.183080218022838	0.8994769911482404	0.7998157397179921	0.2002382375670852	0.7284161437576007	-421.9631262231282
8580000	4.228185889349536	4.3799892068483395	0.8791008344956697	0.7896344971233576	0.21475254084797882	0.7116468965767647	-422.8221928576492
8585000	4.009932255223475	4.088655102936403	0.8953664938111695	0.7965117815178874	0.20573063169516118	0.7123384152748032	-403.8758371709862
8590000	3.7277431261915543	3.847460601028423	0.8554294118635332	0.7991188622314211	0.20632206538499345	0.7217210099408558	-409.5839478759377
8595000	3.9547195763078955	4.011533963007101	0.8910880020619485	0.7921566035762889	0.2187448146305784	0.702457603566256	-412.8865276202148
8600000	4.067074213427617	4.4505045636178036	0.8586281082656178	0.7968381794256515	0.20784839704659225	0.7333214568439247	-421.58934488175436
8605000	3.6470768099633695	3.6897486763954457	0.8913947493953052	0.7987784667951648	0.20829517404035064	0.7012691901931286	-412.9535183226318
8610000	3.6866589066832645	3.7889941839182417	0.898046303260738	0.7995895602920426	0.2019412339905924	0.7014643454864614	-412.8976215629613
8615000	4.162585001055337	4.2566418666560075	0.8985722514779492	0.7995047636940162	0.20034468742924805	0.7146693462095163	-386.85482135524853
8620000	3.6721787522516514	4.010236543162212	0.8868983987423174	0.7973618462492379	0.20344776171920337	0.7066904268668428	-408.0902028933795
8625000	4.076723370186227	4.959930496479207	0.8912077082701522	0.7878067897470133	0.20337180296969123	0.7028449115090514	-460.72043219093
8630000	3.7192962598886816	4.012357742607361	0.8951435458590671	0.7906388359869309	0.20055198569896002	0.7005718145409595	-489.95113417865684
8635000	3.9701920900879153	4.397192188257601	0.8909621991962451	0.7940459484187955	0.2037837147367128	0.7028383391860783	-423.0004009833646
8640000	3.597913086296317	4.718693718494652	0.8952464664558284	0.7983045237911942	0.2028380343252944	0.7075651271493334	-394.3563471765463
8645000	3.7851740313147384	3.8478636302300204	0.8957834003041838	0.7968316067193797	0.20514950150445357	0.7278358085800639	-394.62104605066395
8650000	3.6038980867644406	3.766889899186304	0.8704630867891326	0.795688833129934	0.2021811740849897	0.7007043656654875	-422.77479410450127
8655000	3.784704005740845	3.7864428363537876	0.8955386652502526	0.7978591542945885	0.21597797225545404	0.702156524576664	-398.67982180659277
8660000	3.883723792921658	4.198157429030157	0.8619626316947062	0.7999750122704178	0.20492229021674654	0.7073001018687997	-406.57319828382884
8665000	4.0825845965930805	4.473068445535925	0.8980219557516317	0.7970866996361248	0.20679861901960495	0.716192073955445	-419.1469747918765
8670000	3.9976864211740697	4.531564847420316	0.8984147117894397	0.7983497948947454	0.20554108379795072	0.7035980746858354	-372.4027533233837
8675000	3.9035912239552313	4.254304616231758	0.8851985928375897	0.7956418620864855	0.2060291540654832	0.7284218147348595	-352.40510757350023
8680000	3.6485150249253704	3.8857906522061803	0.8693084177534794	0.7972271909774442	0.2078247190003648	0.7173638088183001	-384.7363177974374
8685000	3.5919991753661	4.054335709364067	0.8397829532224401	0.7996892625425103	0.22191585834500377	0.703860045342309	-417.5861702798788
8690000	3.7004507722837556	3.72749238021765	0.8985768502529637	0.7948755010057356	0.2006308139165728	0.7011262496662244	-432.21503139965495
8695000	3.6467600244089824	3.6583797972759253	0.8910247670558876	0.7931192906945341	0.20746155439230182	0.714272265079934	-389.3732493814074
8700000	3.897393289519857	4.4831481944430704	0.8910296860687827	0.7896410794093905	0.2055224298408757	0.7038786596176971	-426.6574895487186
8705000	3.801128590794243	3.877056681940444	0.8830180296120063	0.7954702685331813	0.20011199978009514	0.7100335281975193	-402.82377362644536
8710000	3.773126159780817	3.8331936657246684	0.8621771177235555	0.7978911069268904	0.20784414994444034	0.7057843232563743	-385.49030946924194
8715000	3.7546761712659102	4.839313076640336	0.8638442113821386	0.7999533255383132	0.21295066686170386	0.7347196896043412	-401.5663189942374
8720000	3.5964613819419537	4.3499969419037035	0.8839630258350482	0.7961587594838944	0.2046312952013219	0.8379073212446045	-421.77132338726346
8725000	3.8336358667664157	4.368800647449052	0.8811219957622676	0.7940044607656396	0.20912761919797518	0.7294844868336837	-418.63545812030725
8730000	4.214553915272185	4.463827068929007	0.8901809306814595	0.7886482279560181	0.20432166717173209	0.7057582381215459	-423.2393914586254
8735000	3.7997411187281327	3.9183125377433425	0.8542048155392266	0.7972387562303155	0.2054980548818064	0.703543296486975	-416.3416067458358
8740000	4.017568619737407	4.0644243993574625	0.8766521614740314	0.7976825572929078	0.2024528977423655	0.7039868602070238	-444.229130462799
8745000	4.136063266365197	4.290824487901859	0.8713559341413212	0.7959068197818785	0.20161412991805475	0.7139312066543494	-436.17712928643545
8750000	3.724695016033577	3.731141139230086	0.8969001938867386	0.7920015792992521	0.2064755003116144	0.7041348163321479	-409.7898519465731
8755000	4.097883702598395	4.643253250121992	0.8587998825562575	0.7984046679913449	0.20306204219784157	0.7109257512800391	-416.84119766052373
8760000	3.61745206137811	4.611753975275728	0.8867201955102426	0.7994626336739337	0.20730974188929346	0.7058995747044552	-417.37580316041345
8765000	4.237034083856199	4.4257601077874025	0.8853113417399014	0.7976498689306512	0.20018653007673815	0.7049255113182294	-464.6906658278066
8770000	3.7133403351949354	3.7540316435602694	0.8855479725931433	0.7965227753582437	0.20205080337758693	0.7007558776530745	-449.5756388848865
8775000	3.716459188792795	3.7876822659713287	0.8942366512998948	0.7941845173967458	0.20821182997207688	0.708572398043817	-412.1511130525908
8780000	3.64867978329035	4.419107632975201	0.888559640993661	0.7984691491309254	0.20398712211883516	0.7006450030568164	-396.3731870534331
8785000	3.8195035460241984	3.9292294555379774	0.8808590543823662	0.7962830221654518	0.20212326107853743	0.7064005141358194	-387.57466487069297
8790000	3.9453299731461473	3.958568815393315	0.8889683308131543	0.7991714449236721	0.2007806110667751	0.7073523918264402	-387.75275676933353
8795000	3.9222486610566003	3.959929785906072	0.8872013157034243	0.7996398505108323	0.202326240907322	0.7046188343146433	-406.8456104241516
8800000	3.7077962366815194	3.995654048352721	0.8730304186452601	0.7987548105260651	0.20234022813679592	0.733361473080496	-425.0200244858722
8805000	3.9413504516345363	4.388302438099153	0.8400590796041132	0.7935462775072967	0.20123146710810663	0.7169723896279303	-462.3784538633809
8810000	3.69146916056151	4.1089741987866235	0.8948704223910936	0.7985460709138986	0.20115827498016878	0.7041058688160206	-440.37203128645837
8815000	3.747453379718228	4.135093039732763	0.8397836095430276	0.7969734330346863	0.20390729714262498	0.7256427442129133	-454.8946831630888
8820000	3.6685949845760724	4.083678904389166	0.817427033703278	0.7976013621981812	0.20674958563432452	0.749420726289752	-437.53853529916705
8825000	4.015254211331898	4.149771408629553	0.8720633664672749	0.798613492665528	0.20403118280129523	0.7050020970757271	-437.8484059473885
8830000	3.9410805725771825	4.227962226688221	0.8746411414829374	0.79371396748147	0.20187056184551933	0.7092937802770268	-444.7773829980037
8835000	3.8824175405456014	3.9053777535197782	0.8940903267723747	0.7945205337420208	0.20687550914047545	0.7008002372977737	-411.42662464124356
8840000	3.8324959430736425	3.9450319281243615	0.8993265930024246	0.7973460251200787	0.2012926731935743	0.7020954935155274	-407.60663458480747
8845000	3.687593042694362	4.1809294220427375	0.8805563786437244	0.7967776877535317	0.2049992973004203	0.7200983637977595	-423.0008396945573
8850000	3.706007986097904	3.9377741781053546	0.8850917249512303	0.7947569413105225	0.20351927348497148	0.7093509512881266	-430.70204560315227
8855000	3.692652502814838	3.700800579149692	0.893062405854822	0.7993030558112002	0.20192425582291007	0.7052357846922634	-421.58744276073963
8860000	3.7190086640631503	3.8453820580488087	0.8969761753754034	0.7999988076582115	0.20133054406950002	0.7134642063901548	-388.0492404841329
8865000	3.6646226899051473	3.9612900875184343	0.8929619971429043	0.7994563027114918	0.21360279318998787	0.7000812823589574	-364.65497610558447
8870000	3.6501368795641516	3.7526953977317987	0.8936170675698385	0.7997795303982105	0.2027728073747065	0.7148157528177419	-422.11693689321197
8875000	3.5804199844363676	4.072948205568937	0.8921256551034663	0.7948043149591638	0.20044273346245772	0.7175569492559173	-442.8930992903943
8880000	4.250739245904722	4.368513375590789	0.8878633118081706	0.7983831865185839	0.2005108619079927	0.7056616617997596	-431.1673762171952
8885000	3.879401358747021	4.196159332199715	0.8812563949471193	0.7976050221177678	0.20222338565691514	0.709103015922284	-434.3898277779334
8890000	3.7203780989679247	4.031458219202176	0.8195422068680462	0.7981964276505702	0.20157686947283934	0.7330981816523092	-459.83674239011833
8895000	3.672544667527494	3.7067831119166526	0.88222708310579	0.7982069832741433	0.20499230940636798	0.7189538939319924	-397.8922313257709
8900000	3.749727146297294	4.0488891179669935	0.8651894647456061	0.7960637787102695	0.21689602485702802	0.7290265552374395	-441.57538773121973
8905000	3.889315055442882	4.055814744287134	0.8992209252640126	0.7965689501693649	0.2004637608877517	0.7024269673348241	-432.8693281030819
8910000	3.8376097270592306	3.9060948210363384	0.8890955218727192	0.7920928737432222	0.20396619836585317	0.7029573559072511	-422.93219449300017
8915000	3.92340373536644	3.971268744614811	0.8156437718813592	0.7984342680324592	0.2008464080737344	0.7037152238499312	-444.3209416117619
8920000	3.718524807119358	4.032515017141236	0.8393667569042544	0.7946380258737421	0.20529000722991306	0.7376089294782487	-439.8552849097251
8925000	3.70657349485617	3.853890884509385	0.8678904974840332	0.7971754413992395	0.20272882982956772	0.7188376938542939	-416.12685515790946
8930000	4.21739190784599	4.3474928399425625	0.8654197546809486	0.7989374682580823	0.21042304046658455	0.703613467701386	-464.1506630923389
8935000	3.8592480287280218	3.904121255973426	0.8868464592557291	0.7983997468160943	0.20077065212337133	0.7086225696364522	-415.9847437790336
8940000	4.049667642611398	4.082243336068576	0.8765410717951168	0.7905276086122304	0.20233050760671561	0.7055052197829158	-446.73657614256115
8945000	3.705136271779593	3.9156906108232685	0.8745555132368584	0.7975157909697242	0.20345712523911516	0.70146071352301	-442.5686143655835
8950000	3.9065417717250672	4.467707448404947	0.8894448398782209	0.7984947577106172	0.20020541395362773	0.7009368859973149	-462.7269790426189
8955000	3.6634713880490897	4.012527330337768	0.889217186391735	0.7875482842530955	0.20624589565154808	0.7234281316373442	-425.5613606686468
8960000	4.155621154116378	4.227330380626551	0.8598928813682349	0.7976832349644605	0.2179569733113712	0.7024331717104347	-422.31030721616986
8965000	4.032414884954381	4.380110828281344	0.8244658211630695	0.7993815720263511	0.20696935681272532	0.7105587064576645	-435.6564939361646
8970000	3.6445589006588577	4.285301813267054	0.8876383656292282	0.7855087919273062	0.21379743496627987	0.7070692303726608	-403.03342661800787
8975000	3.8879619358536655	4.151608005991645	0.8943897133500189	0.799995844054429	0.21854987637412582	0.7011970293776191	-386.39866978892445
8980000	4.404585988207206	4.9435522128909115	0.8677277073591755	0.797663124925508	0.20317456379839433	0.710285186788513	-436.52452186572185
8985000	3.7887006240424097	3.953678706844839	0.8792669656959222	0.7999772687337476	0.2064403601402459	0.7176047139120975	-438.59034008346714
8990000	3.7950739745860274	3.846207262665878	0.8813167494652008	0.7944303976814849	0.20083932427636506	0.7023819409515275	-430.74682655848045
8995000	3.820915347714916	4.048367761995124	0.8816106684436015	0.7972938323012853	0.2001008116423651	0.7063944007720049	-417.325627383198
9000000	3.681499570793953	3.877623526796486	0.8993622540312637	0.7941144265532831	0.2094721122579197	0.7098271728929434	-429.4350573871355
9005000	3.785958960250854	3.8761775567732304	0.8541756870613469	0.7949654804300801	0.20484156162282727	0.7287161894567321	-435.932570624132
9010000	3.7137539609392904	5.185553863486108	0.8800227069344267	0.7993341466206736	0.21091687075092624	0.7221907683440822	-427.31330895580317
9015000	3.9035789597547033	3.932525785088118	0.8870405367319031	0.7980413074140759	0.20423411575856246	0.7464799502442753	-442.0103044951194
9020000	3.648283080873651	3.878083713653431	0.863756458985542	0.7999528831971033	0.20111475112562582	0.7538476618145311	-422.8242435743684
9025000	3.6561672943886707	4.000962145065183	0.8694155293358086	0.7985298710293273	0.20327682108685705	0.72233890057119	-425.9072878475065
9030000	3.6983640560924633	3.7984569762753755	0.8933840003690898	0.7889214788632802	0.20353407303444254	0.7013041509843643	-473.9938199412307
9035000	3.7233608176349233	3.9827084670156	0.8955047211126068	0.7938671109521037	0.2032280559063685	0.7507386859935448	-465.60065337649377
9040000	3.6668539290785334	3.7113527439505196	0.8778620617646664	0.7984374295955023	0.2069581959261004	0.7146528294138589	-422.5409627948755
9045000	3.647842280851321	4.312458928874168	0.8803667175748596	0.7961492320062111	0.2141504945404851	0.7034942737755203	-401.2213768544076
9050000	3.7699590413060236	3.9254335469074095	0.8823197707390363	0.7986724912368225	0.20005317499004055	0.7019416555308136	-411.75697557135356
9055000	3.8348826667628533	3.8524336562379866	0.8896165037513697	0.7949292842444428	0.20282028239513086	0.704497922308174	-422.481595925038
9060000	3.9541661231604373	4.192539770595921	0.85501768371045	0.7931234673569073	0.20171483661039172	0.7787110296205367	-465.49075607324374
9065000	3.728440358794759	4.21469925973867	0.8973028488562419	0.7925927620943185	0.20155026312670923	0.7039097455425491	-490.40298405493263
9070000	3.7452300543586388	3.8192035394122965	0.8983993654522677	0.7873020912783218	0.2032466011478338	0.7080026029806775	-452.7683413347046
9075000	3.895827446755791	4.353370320004861	0.8844995360529171	0.7989280940665668	0.20223217322572465	0.7402972208941676	-445.80018464397494
9080000	3.6050465892897723	3.9934234591650193	0.8859624002569538	0.7988897843125037	0.20460529037903452	0.7022057474001577	-428.119957774245
9085000	3.903943185949156	4.040582016760556	0.8932840779518666	0.7989726208785262	0.20366232368182663	0.7074134529330712	-435.4449164644473
9090000	3.720595284400689	3.9453980143446725	0.8462345038796055	0.7989451378335827	0.2084278072319255	0.7391354440399658	-412.10917086936473
9095000	3.807436526338612	3.986057906492787	0.8958301917263394	0.7994791685557411	0.20714902225052687	0.7023632203867347	-386.00978701166457
9100000	3.5592982973377154	3.7664726295669184	0.8928392370674404	0.7963818101211999	0.20581781677351654	0.7111815085097122	-432.95804851680157
9105000	3.545536640604864	3.8661836826567675	0.8937901650203373	0.7897394265884399	0.20264659717818803	0.7213686324450053	-452.9915901029947
9110000	3.6068562796536945	3.7767088094890675	0.89106304881124	0.7974277373796433	0.21248935557358942	0.7112844015556209	-404.47599684151044
9115000	3.706870596860557	3.844684735038718	0.8927178533780658	0.7968743728790357	0.20542762391480643	0.7120682552218167	-400.34455386585955
9120000	4.026290471333767	4.173457609858339	0.8859014721638673	0.7989121910907265	0.2021541893070419	0.7037390936652012	-393.1975931176304
9125000	4.005108026727088	4.1773301356707835	0.8898048826408309	0.7920512172799843	0.20211074743553487	0.7123568336079905	-423.86687157243983
9130000	3.778175883657737	3.8748466469662453	0.8750385560558412	0.7942007881726701	0.20296574537048642	0.7042750431194564	-433.6067678308001
9135000	4.035753054012313	4.408725586083388	0.8963308254240788	0.7910001042173362	0.20013681816882475	0.7127657997229959	-448.6979473145385
9140000	3.8818857533753377	3.9076522719452043	0.8700759005539518	0.7902821022344483	0.20366180043555204	0.7084358738275155	-469.42611913773084
9145000	3.7279930974054887	5.092094430595501	0.8809782458449033	0.7878302255479761	0.20500219080341317	0.7247906838061066	-470.1272514360154
9150000	3.758606131124575	4.261375432176751	0.8058652836381003	0.7983502218644667	0.20614234650400318	0.7030557774897944	-499.1677316870395
9155000	4.000856685190534	5.220127133078937	0.8230591160215356	0.7930766696513191	0.2011096246643233	0.7213458929887919	-499.0680187658502
9160000	4.0366953978547695	4.06417078061172	0.8858536498380049	0.7888188679728039	0.20213227281501756	0.7290944547068555	-471.3361437264384
9165000	3.9516695372520556	4.040848717465774	0.8457346766153525	0.798361934724441	0.20052635730644303	0.7072083264234863	-458.6681371797892
9170000	3.8708248691737364	5.054374688883877	0.8343205694502916	0.7956587934946598	0.2054431281762975	0.7109631531100608	-479.81095508989574
9175000	3.615001481752269	3.6763195046738453	0.8656175069101749	0.7983448022370406	0.209542856191873	0.7001955932660393	-459.28146375646264
9180000	3.755228910130919	4.624548206525642	0.8604671705592681	0.7986163424151265	0.20639112540303303	0.7110189321008878	-462.98213977578524
9185000	3.898272256438081	4.112531195341261	0.8706289623264275	0.7927492200942686	0.20584598222614017	0.7096017642100448	-475.3950248109932
9190000	3.7527904622050694	4.031330706014749	0.8643373368313119	0.7972096929447112	0.20012598329516967	0.7043314961602153	-437.16879433077315
9195000	3.9260431882413465	3.9334977917378144	0.8765279018387024	0.7928991734142613	0.20315691166169045	0.7027717272337606	-476.0117288228191
9200000	3.866346081741378	3.980785840108917	0.8716005878021855	0.7946251138077256	0.20050237129534904	0.7269056132144891	-480.5421295355358
9205000	3.775533255391391	4.624191440946517	0.8940771827039854	0.7833734319711902	0.20247179400551293	0.7407409494775041	-482.9323881162259
9210000	3.5717607250825902	3.832014177963611	0.8971500571916357	0.7965990392856523	0.20336237826910236	0.7216479468446817	-430.4852023912321
9215000	3.7503876465381216	3.913124373301626	0.8840865702557598	0.7980747724434097	0.2001452308102915	0.7768670291786965	-407.7146180289416
9220000	3.964747152244744	4.753155634022031	0.8764402633162014	0.7978534819642991	0.2040130009902705	0.7052087023272235	-415.08058610562375
9225000	4.431568469054675	4.486374717958742	0.8993852562788143	0.7905246673431712	0.20490142055924518	0.7258403912316538	-424.72608938128
9230000	4.095193030189605	4.445945666302777	0.8471296560572125	0.7900895831890137	0.20155246011611555	0.7110997007449051	-447.32469104536426
9235000	3.7772906447078074	3.8237113434714924	0.8979445439047796	0.7996548608610227	0.20005794655291245	0.7155963521224403	-423.25384626109286
9240000	4.094609669477142	4.538347086594352	0.8776753283258406	0.7992192268617507	0.20121376825703474	0.7108029882583375	-457.32843778078853
9245000	3.814525372169864	3.8233595299177847	0.8700051684763302	0.7989033402673102	0.20576872253838577	0.7231484680639199	-487.990811384974
9250000	3.8437357999374746	4.093757429702858	0.8652112867785124	0.7970532354949166	0.20391939986420626	0.7125851157028648	-466.89537600381544
9255000	3.8683357212129956	4.0753065013291065	0.8826752216913182	0.7957848504208517	0.20044257557736014	0.7026077294408424	-479.15644511975813
9260000	3.791092822909066	3.806369020513735	0.8780674035052578	0.795762740739314	0.20362329743288166	0.7046176928973175	-461.7586351843246
9265000	3.7863315031730607	3.799040783039807	0.8830863995782366	0.7932520510582065	0.20165589403533982	0.7118480758118659	-455.68939334590294
9270000	3.9736417817997163	4.220580463735505	0.874377291813754	0.7957882605624553	0.20353986271624114	0.7089652884720156	-451.21731623486403
9275000	3.810065526511331	5.081389172790708	0.8263386101578813	0.7966477071999244	0.2012818895460461	0.7158689325250172	-470.603472296417
9280000	4.171527962987856	4.289531098168656	0.8390050616203818	0.797467610704478	0.20107513586005352	0.7115208775859001	-449.5698537105519
9285000	4.4372830896601405	5.116262446652871	0.810075553803384	0.7957624947345037	0.20818998414345902	0.7269253578028404	-482.94645565861066
9290000	3.663235036657585	4.02344080048454	0.8641618932723006	0.7885112977086218	0.20020103236617157	0.7046656157374788	-488.38152226989564
9295000	3.8931413458085897	4.255136912559009	0.735586177485315	0.7977644776451217	0.2034748306192375	0.7244550805817715	-525.5908919382683
9300000	4.668364025214247	5.366335940216626	0.7726320995087167	0.7960990023928889	0.20507861743650352	0.7047533973849126	-539.0291202178648
9305000	4.4778431613501795	4.555253746979804	0.8613333306494837	0.7969447023126731	0.20024246326015682	0.7054922333985013	-496.4705293907868
9310000	4.0911870461393685	4.850880585695658	0.8668779932471639	0.798377691267145	0.20463620067558336	0.7095597861785061	-437.2795999535957
9315000	3.7994965391513857	4.033537199898744	0.8899239379926803	0.7873793588358667	0.20012280316221037	0.7275157023022182	-458.3645176366152
9320000	4.033228871028612	4.230699764675781	0.8377005099187543	0.7957590198288007	0.21138324378889542	0.7167405884075461	-439.17829616744854
9325000	3.7924006239485806	3.8739051242463853	0.8499863410262403	0.7949282423397925	0.20027030825909778	0.7609376957349672	-452.15878217381646
9330000	3.746690442926975	3.766656712966381	0.8720729698811445	0.7873334395846991	0.20461405215183	0.7042085477163177	-482.3243723140525
9335000	3.9302305732248355	3.9460111783212564	0.8963169803690925	0.7940770885453684	0.20352097553363752	0.7225894326418716	-439.2602126613538
9340000	3.7115814969572147	3.8958083378917414	0.8974473322116936	0.7985523562218415	0.20130813529504332	0.7029388595865804	-432.99196485636276
9345000	3.980738791829729	5.16991260822916	0.8827378581309191	0.790590389280034	0.20046581524495907	0.7306505248526012	-464.5646800567842
9350000	3.8728660785425433	4.066110286062604	0.8978223067906007	0.7877457991246565	0.2010074108629326	0.7030870159444358	-469.124569486437
9355000	4.122745535058071	4.479467208134266	0.8799147356326569	0.7896778387844394	0.2021678846507615	0.703604329973292	-448.2807330577301
9360000	4.42322617554031	4.711226116271903	0.8904671487090974	0.7966888040541545	0.20090714369939872	0.7100139972676633	-430.3703086910996
9365000	3.821098528477581	3.97785171002403	0.8910860007524544	0.7995536295366781	0.20074682419581952	0.7039351474759598	-423.0971343956262
9370000	3.82065967408447	4.25501966953213	0.823029073983497	0.7994213734720076	0.20351815427555675	0.7146801170624861	-419.65577755671643
9375000	3.848783284169642	4.0279463195115435	0.8788736162454144	0.7999050632961322	0.20480645376503276	0.7149847536283024	-402.5052110031758
9380000	3.841452849099931	4.09428864456797	0.8700032255817349	0.7952944136577824	0.20620011025478843	0.7286814939014787	-406.8999219510221
9385000	3.9198657028264146	3.953118472146812	0.8923789929871643	0.7885326160976339	0.20000745730184352	0.706676167293369	-443.6464182975516
9390000	4.513765514809772	5.387791920792852	0.8874399932861218	0.7978271230502333	0.20026023161910672	0.71113708366629	-372.7130148482738
9395000	3.9689504751266482	4.475696935889628	0.8954209301279641	0.7983188670912826	0.21322849319758108	0.7460828299914376	-383.9952337762999
9400000	3.981163412788038	4.188505588761196	0.8947632328235767	0.7912767634814428	0.20088579833992812	0.7055079182665921	-386.5396892081276
9405000	3.6923281705683584	3.767700422074073	0.8926515830343196	0.7977736199348759	0.20052995925948897	0.7140339297449991	-423.19125200129076
9410000	3.631599151351643	3.7994449994848876	0.8923641608208258	0.7992357983629249	0.20916944160695178	0.7164472161670582	-400.2966778644806
9415000	3.663846345510104	3.724344233110557	0.8523902999343761	0.7955618212404182	0.2310679974216492	0.7488148830443624	-364.77193159832535
9420000	3.6974886666048032	3.967758414408021	0.8940034988314597	0.7975013640980189	0.20260399018120417	0.7572249301951256	-405.45094736085395
9425000	3.8109331601851886	3.836552393443681	0.8829784879285073	0.7993202519952075	0.20643552225344056	0.7067470640266056	-424.13924991584383
9430000	3.7809350832269737	4.0923716821137495	0.8904449796558921	0.7978104181693917	0.20357070474174516	0.7059119048168688	-417.4796869604508
9435000	3.6410663605729185	3.9201814092480416	0.8907236631420458	0.7984595974602869	0.20669148747879204	0.7063131206056522	-409.8481342078542
9440000	3.7409214030149793	3.782323545276603	0.8941128305642266	0.7919249325172429	0.20218018852395891	0.7003947093968401	-437.09503950276047
9445000	4.037581949954421	4.159109487809708	0.802195157627435	0.7991105589771423	0.2017799448172763	0.7170044936000644	-439.548034122564
9450000	3.856074767572157	4.155845491899535	0.8793042853818088	0.7942059779907163	0.20165279656414892	0.7027619379082475	-417.33983994249223
9455000	4.318408305521616	4.520292784923724	0.8999536389488924	0.7971518821864628	0.20278623742081606	0.7478483507861535	-409.61661137227526
9460000	4.052119383208577	4.185180110848557	0.8600555185245622	0.7924642418400265	0.2126170717680152	0.7356253353457455	-411.2795185910755
9465000	4.16004471921288	4.1605853975054075	0.8913961709980607	0.7990291426600117	0.20511400837989885	0.7333617524016344	-393.5029700940879
9470000	3.727475728686673	4.001100222654201	0.8935030329055474	0.7951958790003939	0.21895349494714644	0.7008374092127851	-433.8068786701047
9475000	3.7210559176083486	3.920585065839584	0.8743686282248341	0.7907151872851035	0.2060481088602972	0.7115627543603755	-419.035026898429
9480000	4.121356762658385	4.597058065363131	0.8628764314903545	0.7998110626249655	0.20901219486959272	0.7002678480892759	-396.34800460226614
9485000	3.9540681721976085	3.9779133205613793	0.8940774302605073	0.7995171289081049	0.20677165516226795	0.7018312318381832	-399.83355626164126
9490000	4.098335832271113	4.177491900764101	0.89614443324202	0.7992813867131644	0.2097124533222774	0.7676351033469891	-418.00141932027276
9495000	3.6668621981036074	4.059909205322617	0.8788817594709555	0.7955931104290819	0.20999947521017287	0.7039761731932429	-378.3474470805808
9500000	3.9436742494597734	3.951205645607252	0.8917532780541669	0.7995038939606379	0.2147358365787951	0.7393259570000656	-367.19339349995664
9505000	3.7028678712489262	3.7105199241145237	0.8998278268882615	0.7941893958922109	0.2030327418130472	0.7170115184548825	-402.9128056431198
9510000	3.873110613926714	3.9170272750084614	0.8882426251666106	0.7946979395966807	0.2011702260007629	0.7043068244059177	-407.2634439940098
9515000	3.704879671878865	4.281387569835109	0.896458970539668	0.79520418948396	0.20617067416968016	0.717133209572405	-407.2354541122753
9520000	3.8571140012171026	3.9489499632741274	0.8441492391363179	0.7970851906781755	0.21385731142641398	0.7028494070202551	-432.9307945840714
9525000	3.6527612609768503	4.189703111833348	0.8984025100057889	0.7981095593432833	0.20248119076178245	0.7084306100351438	-410.3045957613958
9530000	3.7263303894590143	3.896383738536164	0.8917288674942869	0.7997937881844507	0.20525833037009875	0.7417798470103054	-430.1752650682836
9535000	3.6920108385247814	3.6958872162384493	0.8628684447846626	0.7986799703983928	0.20374234891370485	0.7183975950518219	-449.024159809468
9540000	3.7658649249961726	3.85352925948618	0.8790735448610371	0.7958393810924539	0.2051443565232918	0.7122948368712884	-449.8163534757902
9545000	3.749158001742273	3.971859390285403	0.8888962982807017	0.7963321274249447	0.20069846458184395	0.7302435532384873	-420.73944780441974
9550000	3.9300942421447247	3.9468158778168334	0.8759830412824136	0.7953142376738768	0.20036859534112808	0.7058767265573734	-436.8154653225605
9555000	4.0730032834439305	4.414446269824306	0.861158426388022	0.798585030075483	0.2021384675803291	0.7084044147558332	-420.0061307667335
9560000	3.8083669079835394	3.930763284877593	0.8427876078584369	0.7996121936107888	0.21160553577058783	0.7097229338706796	-418.6527964098959
9565000	4.180336163561005	4.20498054959341	0.8917237828887606	0.7990907295843089	0.20421043543476394	0.713644086075487	-434.7063072905312
9570000	3.6216203305233847	3.777764014098593	0.8465863223185127	0.7957282491130888	0.20900464402692714	0.7038655799625003	-452.36379446577513
9575000	3.629142891544836	3.7184146154035846	0.896125326035522	0.7939453809961954	0.20150992191920622	0.7000488829376492	-449.469243528455
9580000	3.9713493220549263	4.496805462046433	0.8924777396543997	0.7975822413303844	0.20808371109284599	0.7134278012300206	-437.4785559376894
9585000	3.94691642972598	3.9762426783541422	0.8920904818630171	0.7813554167474841	0.20603743564027682	0.7066019392180429	-442.96511442912697
9590000	4.0036357009628825	4.035584083275049	0.8693779601556192	0.7943869081556348	0.20343509803521942	0.7013406220575151	-420.4899491765026
9595000	3.9911709524260743	4.406420407202476	0.8935500062889086	0.7988959974682984	0.20122358729942888	0.7086259536316745	-416.75259140313165
9600000	3.9285122537503017	4.052331742522545	0.8950101166146455	0.7968410596317702	0.2060712346823075	0.7144505720001565	-426.61003324293705
9605000	3.5280768102549738	3.587841386104538	0.8993863635906534	0.7990614687011514	0.2052487597912286	0.7045367347736873	-442.3704198027246
9610000	3.6548122489490744	4.120771245464316	0.8698211705713106	0.7925094888778615	0.2052668464174936	0.717077027228139	-462.59971799003
9615000	4.100358030418423	4.23176695164896	0.8106391432004154	0.7993333558723013	0.2083677598995839	0.704522479131613	-449.20555875454176
9620000	3.87859714521502	5.042847463627371	0.8118729901263074	0.7951645474204938	0.20050882991436594	0.704780788908609	-503.4041197515341
9625000	3.8513688850775187	5.001641131659806	0.7964580200280239	0.797269376814518	0.21185142850381114	0.7379425907260971	-483.0447480293017
9630000	4.032696220045253	4.242784524618788	0.8885083954264607	0.784515621290043	0.20034517559767107	0.7254874797731988	-469.5249531593731
9635000	3.985756704957342	4.095283419239271	0.7734071001570963	0.7994657317896561	0.2036327526380206	0.7045408805414769	-497.2337758853997
9640000	3.980225712974009	4.3554394204586595	0.8852052649190236	0.7958182301770614	0.20065959506080397	0.7110270914780892	-444.72785831488574
9645000	3.8015559787954443	4.160332605611553	0.8956566028019196	0.7947498227770865	0.20372881255299857	0.7069600031538945	-423.8420254253263
9650000	3.970555501591451	4.227469371239369	0.8866172615487565	0.7938570550267326	0.20725881860345208	0.7111017760657101	-444.60078271622586
9655000	3.8479297090688354	3.925724128462236	0.8958917116547461	0.7982763262434476	0.20392892634660836	0.708118661202144	-417.2860732112849
9660000	4.195508037485199	4.7055510615558855	0.840135940400153	0.7974313967839716	0.20042909344942306	0.708545022122813	-467.9436020739728
9665000	3.590469921157016	3.615570903626806	0.8682359093662665	0.7954926619282867	0.21013259611808258	0.7099626230105167	-426.64599886545454
9670000	3.7116430976533175	4.108174144256477	0.891250872216094	0.7994467301529334	0.20299644956969964	0.7167113629089489	-410.7404761239768
9675000	4.193394663611271	4.548576304577311	0.8038777284985493	0.7958339993889874	0.2036162540803646	0.7027416069273811	-437.56341589395186
9680000	4.004488612850387	4.451687741767199	0.8810746652089506	0.7882456835992464	0.20279343555686005	0.714888338609927	-461.18694972823727
9685000	3.8122128583740644	3.975426998601174	0.8446729020602841	0.7994675704240043	0.2002582381458345	0.7085105494948816	-453.16036413784434
9690000	4.371732754739637	5.019405414043877	0.8968504086172389	0.7976829782248125	0.20116731949563232	0.7080413065192185	-462.1528933209332
9695000	3.632362980359982	3.7558112484711033	0.8581273777567795	0.7986154451501362	0.2002579080435891	0.7085175928604001	-421.6899867556869
9700000	3.83938044835383	4.060021486281639	0.8896816884295831	0.7979986525801289	0.20173572592990469	0.7068698580125314	-381.68297488538474
9705000	4.026085500014126	4.302393684875421	0.8852165960428631	0.7930950722633208	0.20223550250928957	0.7058674010182422	-436.77201246799814
9710000	3.8964777350023696	4.0342813244575435	0.8325821336428667	0.7976087268282098	0.20040465416636438	0.70299101093106	-432.02283493111526
9715000	4.1694541203047955	4.228749540368046	0.8925420878356216	0.7950143911055274	0.2071028746738207	0.703406564912696	-384.9497606549265
9720000	3.934273516308844	4.075049988874367	0.8961629174488597	0.7956155734134507	0.20060093350670077	0.7055153301564511	-396.8424557098614
9725000	3.85957081666893	3.8762075590311174	0.8908926319663972	0.7941102182138506	0.20151319646517402	0.7218925292219528	-415.7119153668856
9730000	4.345099007391874	6.094891708783599	0.8951082693138342	0.79914452207692	0.20334952885119495	0.7415206789175764	-400.79682628827067
9735000	3.9583010772496565	4.544792305801041	0.8873203549699161	0.798626327509734	0.20541189085778874	0.708676220825175	-421.8214858547917
9740000	4.342512548898756	4.505483122076814	0.8756377850975448	0.7986928971105305	0.20518948775989873	0.7013090852033332	-437.3852909625894
9745000	3.846719344744951	3.8538753702314756	0.8803005313597576	0.7979677228106318	0.20155608551015586	0.7000216448443262	-408.97257225860375
9750000	3.7645134105316926	4.574965369519336	0.8791182279451127	0.7950159947469538	0.20143079137202946	0.7013732027065488	-430.14807303081494
9755000	3.70798410390126	3.731169772268441	0.8281663025354599	0.7987243232889946	0.20287628623171128	0.7278603893242472	-456.1057749290761
9760000	3.8428022041600176	3.9707155611692273	0.8919176054627541	0.7947765715945722	0.20056221109757288	0.704273787913003	-453.4701071586816
9765000	3.5497993724408823	3.609017265008792	0.8190465221803094	0.7978259480473916	0.20008121341643376	0.7041541925589825	-436.0820157185631
9770000	3.9556399549837007	4.206417071244644	0.8888965579259066	0.7947005504451541	0.20785708490493646	0.7307584094386337	-415.29351493508744
9775000	3.6939503965269602	4.052376532981221	0.8939059385557282	0.7972220475121536	0.2041197515864758	0.7295657785953976	-398.07067347825523
9780000	3.6869306056900357	3.870127869543886	0.8792863407380739	0.7965239594203681	0.20203042853809683	0.7290780903690409	-417.05202933294714
9785000	3.6051985707348053	4.015661827250124	0.8688507054488045	0.7947681289259898	0.20138717952728963	0.7118834859192203	-427.31238623684345
9790000	3.796085439658364	3.828182402298251	0.8839195258564451	0.7998565364141215	0.2003604706126658	0.7004618236147095	-389.2172407483487
9795000	3.683424920265277	4.57712347037323	0.8923864122973508	0.789019164941462	0.21401907556877886	0.710677059012331	-408.9492250427324
9800000	3.71769343070644	4.261866346821537	0.8743026607617161	0.7952237138901695	0.2004751139046275	0.7166615522698552	-398.98074296187406
9805000	3.7502215213684305	3.9452717846471046	0.8363418445561973	0.7982295820865577	0.20228610192594457	0.7061833518624291	-427.9464408024722
9810000	3.936133039498489	4.212549228507828	0.8806143531367777	0.7994667630846594	0.21288720476401357	0.7029385410759558	-413.34514873617826
9815000	3.901315894462157	4.238489086069578	0.8712528514052486	0.7997893869485168	0.20366891281269542	0.7125099868081101	-413.0211325714027
9820000	4.1014141517462415	4.207496252768188	0.8908556526009581	0.7978266974672514	0.20161884155723556	0.7379359024625202	-402.2221288682559
9825000	4.294388392582665	4.609564925335626	0.8840354624808744	0.7920047538346255	0.20050792841129375	0.7325807174711645	-445.4732420329269
9830000	4.4693953959214845	4.656672720332959	0.8859364684023998	0.7960730667539602	0.2076125124162067	0.7231481757151028	-436.6584784665497
9835000	4.130270575538006	4.203258701443968	0.863594401194622	0.7958299405993403	0.20023655330815035	0.7137958659485376	-459.40600403522825
9840000	4.136118309998268	4.401677518250029	0.8961162746221305	0.7975269703990291	0.20166253567812034	0.7116039635201163	-447.3679963422509
9845000	4.121027071074708	4.630498871443777	0.8684779884906153	0.7948976142563005	0.20167551694471544	0.706536908085707	-440.09617917084654
9850000	4.094010194088207	4.62968253532974	0.8499257021224097	0.7991151045389636	0.20620902092507026	0.7108965722267138	-457.2113898393524
9855000	3.918012926255464	4.320541529730919	0.8775482519345965	0.7951080138579221	0.2018807256544933	0.7032027824871023	-447.3797374038679
9860000	3.9777798355625587	4.105497750648657	0.8819809708849439	0.791758527487785	0.20215291977510697	0.7088745259121217	-442.40649027637414
9865000	3.9392130997909987	4.07833995199953	0.8805567580581826	0.7981340833784152	0.21135348626494127	0.7144412115348022	-430.253576855351
9870000	3.927043220200037	4.1393847594377755	0.8865169430079651	0.7993678762593576	0.20453090657628925	0.7112426410421837	-394.7847070949016
9875000	3.6878682296253826	3.9489408982198997	0.8995780167688389	0.7995255658469066	0.20078249112168509	0.7037077709459719	-386.8971140713987
9880000	3.7511422255576967	3.753753190602	0.876031256233352	0.7982457816443159	0.20944586271432714	0.7052139447191775	-383.11499945970246
9885000	3.720025767960882	3.8040779706227994	0.8835262195405255	0.7942089221574493	0.20259494752553955	0.7001120335315396	-420.88760928453644
9890000	3.63998533140929	3.731471557611572	0.8748494935100191	0.7971650414925928	0.2040683013597009	0.7357686752935934	-424.9831184069836
9895000	3.8948096595097192	3.9575998100235275	0.862888418694921	0.794498612269513	0.20814902649240943	0.702866945480233	-447.59227397183287
9900000	3.916573415433088	4.056968933732305	0.8607530960272967	0.7947324321102649	0.2014741905094572	0.7077905164391342	-436.84260149890156
9905000	4.001946252946912	4.229518420857346	0.8920611466640082	0.796772067125582	0.20221892589222326	0.7003117665133042	-430.6707944092476
9910000	3.9406223950218484	3.9533912881009465	0.8912707843657783	0.7995643783874193	0.20248522268938948	0.7296823337785094	-360.70506275549644
9915000	3.7122658509641364	3.8882695492417194	0.8665412795934851	0.7983940007715205	0.2037531923510619	0.7068717187088636	-392.0232164536666
9920000	3.9994453021279512	4.221826015092676	0.8354108797811451	0.7994346664711047	0.20173687724411732	0.700731722667697	-435.4259649953404
9925000	3.814464935062747	4.264233775111462	0.883268894121484	0.7975181170325192	0.20051319196550701	0.7053011009759615	-416.3927073084156
9930000	4.355814809319391	4.424216891819239	0.8705967894749564	0.7980255432612012	0.20134726635157804	0.7064365670400589	-400.010980207406
9935000	4.062210464063812	4.7730760562171115	0.8888855707152366	0.7980864801181742	0.2034176384831329	0.7438410846134735	-418.0471728864633
9940000	3.564076920227511	3.591089050684216	0.8872846917547466	0.7979302559580063	0.2028669765042779	0.7296095327718437	-407.56777599671483
9945000	3.588907047527818	3.837590785340134	0.8733488190410168	0.786749999219859	0.21335545305381565	0.7064608626037285	-452.36505809345255
9950000	3.6853297166915078	3.806492453865624	0.8737103268891555	0.7893609826042788	0.2029211817128758	0.7298378099962258	-459.28878146829396
9955000	3.674294401357455	3.895285811415449	0.8833450251870477	0.7990509182510129	0.20826334277881595	0.7072236551218472	-421.7594897442021
9960000	3.598147522477921	3.729615524408934	0.8950187991908797	0.7999824398538703	0.20066545539560493	0.7059207154748053	-424.3603744124323
9965000	3.579547827639718	3.7489759916384013	0.8594960714251304	0.7947606558750525	0.20814494713316062	0.7085990165438573	-439.44980847372284
9970000	3.5240174944700238	3.5796755999574463	0.877075243888565	0.7940073886807888	0.20407635660457696	0.7074916431910588	-460.7862135175015
9975000	3.668046867449361	3.8728770496987317	0.844456152638997	0.7990967729196615	0.2028457105509495	0.7377058631959976	-430.6239319431498
9980000	3.863175741298856	4.165061760495782	0.8437116799799304	0.792895301801526	0.2060762956030863	0.7038584307462876	-436.7491565408753
9985000	3.871758058722782	3.907881122938542	0.8952267815864108	0.7957670079438866	0.20017383488281093	0.712612635872852	-436.92356827557575
9990000	3.620040170010459	3.806519403882695	0.8803778878527132	0.7934406167688742	0.21850396048600074	0.7096550305676574	-422.49224858535155
9995000	3.616590727819108	3.9171481795862806	0.8983801139107767	0.7981927550291138	0.20355343631075012	0.7134822684028248	-401.3994121605323
10000000	3.76709303556922	3.906951263378193	0.8019807391295464	0.7991980345558424	0.20456613480484254	0.7090226875947571	-458.120137797378
