#
#model:
#
#<?xml version="1.0" encoding="UTF-8" standalone="no"?><input id="posterior" spec="beast.base.inference.CompoundDistribution">
#    <distribution id="prior" spec="beast.base.inference.CompoundDistribution">
#        <distribution id="birthDeath" spec="ssr.speciation.SRangesBirthDeathSkylineModel">
#            <parameter id="RealParameter" lower="0.0" name="intervalTimes" spec="beast.base.inference.parameter.RealParameter" upper="0.0">0.0</parameter>
#            <parameter id="origin" lower="0.0" name="origin" spec="beast.base.inference.parameter.RealParameter">312.392804634879</parameter>
#            <removalProbability id="Function$Constant" spec="beast.base.core.Function$Constant" value="0.0"/>
#            <parameter id="rho" lower="0.0" name="rho" spec="beast.base.inference.parameter.RealParameter">0.798201291123405</parameter>
#            <parameter id="samplingProportion" lower="0.0" name="samplingProportion" spec="beast.base.inference.parameter.RealParameter">0.275871870061383</parameter>
#            <parameter id="netDiversification" lower="0.0" name="netDiversification" spec="beast.base.inference.parameter.RealParameter">0.730084741162136</parameter>
#            <parameter id="turnOver" lower="0.0" name="turnOver" spec="beast.base.inference.parameter.RealParameter" upper="1.0">0.281934033054858</parameter>
#            <tree id="tree" nodetype="sr.evolution.tree.SRNode" spec="sr.evolution.tree.SRTree">
#                <stratigraphicRange id="r0" spec="sr.evolution.sranges.StratigraphicRange">
#                    <firstOccurrence id="t101_first" spec="beast.base.evolution.alignment.Taxon"/>
#                    <lastOccurrence idref="t101_first"/>
#                </stratigraphicRange>
#                <stratigraphicRange id="r1" spec="sr.evolution.sranges.StratigraphicRange">
#                    <firstOccurrence id="t44_first" spec="beast.base.evolution.alignment.Taxon"/>
#                    <lastOccurrence idref="t44_first"/>
#                </stratigraphicRange>
#                <stratigraphicRange id="r2" spec="sr.evolution.sranges.StratigraphicRange">
#                    <firstOccurrence id="t75_first" spec="beast.base.evolution.alignment.Taxon"/>
#                    <lastOccurrence idref="t75_first"/>
#                </stratigraphicRange>
#                <stratigraphicRange id="r3" spec="sr.evolution.sranges.StratigraphicRange">
#                    <firstOccurrence id="t71_first" spec="beast.base.evolution.alignment.Taxon"/>
#                    <lastOccurrence idref="t71_first"/>
#                </stratigraphicRange>
#                <stratigraphicRange id="r4" spec="sr.evolution.sranges.StratigraphicRange">
#                    <firstOccurrence id="t97_first" spec="beast.base.evolution.alignment.Taxon"/>
#                    <lastOccurrence idref="t97_first"/>
#                </stratigraphicRange>
#                <stratigraphicRange id="r5" spec="sr.evolution.sranges.StratigraphicRange">
#                    <firstOccurrence id="t90_first" spec="beast.base.evolution.alignment.Taxon"/>
#                    <lastOccurrence idref="t90_first"/>
#                </stratigraphicRange>
#                <stratigraphicRange id="r6" spec="sr.evolution.sranges.StratigraphicRange">
#                    <firstOccurrence id="t34_first" spec="beast.base.evolution.alignment.Taxon"/>
#                    <lastOccurrence idref="t34_first"/>
#                </stratigraphicRange>
#                <stratigraphicRange id="r7" spec="sr.evolution.sranges.StratigraphicRange">
#                    <firstOccurrence id="t40_first" spec="beast.base.evolution.alignment.Taxon"/>
#                    <lastOccurrence idref="t40_first"/>
#                </stratigraphicRange>
#                <stratigraphicRange id="r8" spec="sr.evolution.sranges.StratigraphicRange">
#                    <firstOccurrence id="t77_first" spec="beast.base.evolution.alignment.Taxon"/>
#                    <lastOccurrence idref="t77_first"/>
#                </stratigraphicRange>
#                <stratigraphicRange id="r9" spec="sr.evolution.sranges.StratigraphicRange">
#                    <firstOccurrence id="t20_first" spec="beast.base.evolution.alignment.Taxon"/>
#                    <lastOccurrence idref="t20_first"/>
#                </stratigraphicRange>
#                <stratigraphicRange id="r10" spec="sr.evolution.sranges.StratigraphicRange">
#                    <firstOccurrence id="t50_first" spec="beast.base.evolution.alignment.Taxon"/>
#                    <lastOccurrence idref="t50_first"/>
#                </stratigraphicRange>
#                <stratigraphicRange id="r11" spec="sr.evolution.sranges.StratigraphicRange">
#                    <firstOccurrence id="t52_first" spec="beast.base.evolution.alignment.Taxon"/>
#                    <lastOccurrence idref="t52_first"/>
#                </stratigraphicRange>
#                <stratigraphicRange id="r12" spec="sr.evolution.sranges.StratigraphicRange">
#                    <firstOccurrence id="t67_first" spec="beast.base.evolution.alignment.Taxon"/>
#                    <lastOccurrence idref="t67_first"/>
#                </stratigraphicRange>
#                <stratigraphicRange id="r13" spec="sr.evolution.sranges.StratigraphicRange">
#                    <firstOccurrence id="t87_first" spec="beast.base.evolution.alignment.Taxon"/>
#                    <lastOccurrence idref="t87_first"/>
#                </stratigraphicRange>
#                <stratigraphicRange id="r14" spec="sr.evolution.sranges.StratigraphicRange">
#                    <firstOccurrence id="t16_first" spec="beast.base.evolution.alignment.Taxon"/>
#                    <lastOccurrence idref="t16_first"/>
#                </stratigraphicRange>
#                <stratigraphicRange id="r15" spec="sr.evolution.sranges.StratigraphicRange">
#                    <firstOccurrence id="t27_first" spec="beast.base.evolution.alignment.Taxon"/>
#                    <lastOccurrence idref="t27_first"/>
#                </stratigraphicRange>
#                <stratigraphicRange id="r16" spec="sr.evolution.sranges.StratigraphicRange">
#                    <firstOccurrence id="t78_first" spec="beast.base.evolution.alignment.Taxon"/>
#                    <lastOccurrence idref="t78_first"/>
#                </stratigraphicRange>
#                <stratigraphicRange id="r17" spec="sr.evolution.sranges.StratigraphicRange">
#                    <firstOccurrence id="t36_first" spec="beast.base.evolution.alignment.Taxon"/>
#                    <lastOccurrence idref="t36_first"/>
#                </stratigraphicRange>
#                <stratigraphicRange id="r18" spec="sr.evolution.sranges.StratigraphicRange">
#                    <firstOccurrence id="t15_first" spec="beast.base.evolution.alignment.Taxon"/>
#                    <lastOccurrence idref="t15_first"/>
#                </stratigraphicRange>
#                <stratigraphicRange id="r19" spec="sr.evolution.sranges.StratigraphicRange">
#                    <firstOccurrence id="t55_first" spec="beast.base.evolution.alignment.Taxon"/>
#                    <lastOccurrence idref="t55_first"/>
#                </stratigraphicRange>
#                <stratigraphicRange id="r20" spec="sr.evolution.sranges.StratigraphicRange">
#                    <firstOccurrence id="t114_first" spec="beast.base.evolution.alignment.Taxon"/>
#                    <lastOccurrence idref="t114_first"/>
#                </stratigraphicRange>
#                <stratigraphicRange id="r21" spec="sr.evolution.sranges.StratigraphicRange">
#                    <firstOccurrence id="t92_first" spec="beast.base.evolution.alignment.Taxon"/>
#                    <lastOccurrence idref="t92_first"/>
#                </stratigraphicRange>
#                <stratigraphicRange id="r22" spec="sr.evolution.sranges.StratigraphicRange">
#                    <firstOccurrence id="t12_first" spec="beast.base.evolution.alignment.Taxon"/>
#                    <lastOccurrence idref="t12_first"/>
#                </stratigraphicRange>
#                <stratigraphicRange id="r23" spec="sr.evolution.sranges.StratigraphicRange">
#                    <firstOccurrence id="t31_first" spec="beast.base.evolution.alignment.Taxon"/>
#                    <lastOccurrence idref="t31_first"/>
#                </stratigraphicRange>
#                <stratigraphicRange id="r24" spec="sr.evolution.sranges.StratigraphicRange">
#                    <firstOccurrence id="t102_first" spec="beast.base.evolution.alignment.Taxon"/>
#                    <lastOccurrence idref="t102_first"/>
#                </stratigraphicRange>
#                <stratigraphicRange id="r25" spec="sr.evolution.sranges.StratigraphicRange">
#                    <firstOccurrence id="t60_first" spec="beast.base.evolution.alignment.Taxon"/>
#                    <lastOccurrence idref="t60_first"/>
#                </stratigraphicRange>
#                <stratigraphicRange id="r26" spec="sr.evolution.sranges.StratigraphicRange">
#                    <firstOccurrence id="t51_first" spec="beast.base.evolution.alignment.Taxon"/>
#                    <lastOccurrence idref="t51_first"/>
#                </stratigraphicRange>
#                <stratigraphicRange id="r27" spec="sr.evolution.sranges.StratigraphicRange">
#                    <firstOccurrence id="t73_first" spec="beast.base.evolution.alignment.Taxon"/>
#                    <lastOccurrence idref="t73_first"/>
#                </stratigraphicRange>
#                <stratigraphicRange id="r28" spec="sr.evolution.sranges.StratigraphicRange">
#                    <firstOccurrence id="t23_first" spec="beast.base.evolution.alignment.Taxon"/>
#                    <lastOccurrence idref="t23_first"/>
#                </stratigraphicRange>
#                <stratigraphicRange id="r29" spec="sr.evolution.sranges.StratigraphicRange">
#                    <firstOccurrence id="t6_first" spec="beast.base.evolution.alignment.Taxon"/>
#                    <lastOccurrence idref="t6_first"/>
#                </stratigraphicRange>
#                <stratigraphicRange id="r30" spec="sr.evolution.sranges.StratigraphicRange">
#                    <firstOccurrence id="t85_first" spec="beast.base.evolution.alignment.Taxon"/>
#                    <lastOccurrence idref="t85_first"/>
#                </stratigraphicRange>
#                <stratigraphicRange id="r31" spec="sr.evolution.sranges.StratigraphicRange">
#                    <firstOccurrence id="t70_first" spec="beast.base.evolution.alignment.Taxon"/>
#                    <lastOccurrence idref="t70_first"/>
#                </stratigraphicRange>
#                <stratigraphicRange id="r32" spec="sr.evolution.sranges.StratigraphicRange">
#                    <firstOccurrence id="t94_first" spec="beast.base.evolution.alignment.Taxon"/>
#                    <lastOccurrence idref="t94_first"/>
#                </stratigraphicRange>
#                <stratigraphicRange id="r33" spec="sr.evolution.sranges.StratigraphicRange">
#                    <firstOccurrence id="t33_first" spec="beast.base.evolution.alignment.Taxon"/>
#                    <lastOccurrence idref="t33_first"/>
#                </stratigraphicRange>
#                <stratigraphicRange id="r34" spec="sr.evolution.sranges.StratigraphicRange">
#                    <firstOccurrence id="t79_first" spec="beast.base.evolution.alignment.Taxon"/>
#                    <lastOccurrence idref="t79_first"/>
#                </stratigraphicRange>
#                <stratigraphicRange id="r35" spec="sr.evolution.sranges.StratigraphicRange">
#                    <firstOccurrence id="t17_first" spec="beast.base.evolution.alignment.Taxon"/>
#                    <lastOccurrence idref="t17_first"/>
#                </stratigraphicRange>
#                <stratigraphicRange id="r36" spec="sr.evolution.sranges.StratigraphicRange">
#                    <firstOccurrence id="t21_first" spec="beast.base.evolution.alignment.Taxon"/>
#                    <lastOccurrence idref="t21_first"/>
#                </stratigraphicRange>
#                <stratigraphicRange id="r37" spec="sr.evolution.sranges.StratigraphicRange">
#                    <firstOccurrence id="t99_first" spec="beast.base.evolution.alignment.Taxon"/>
#                    <lastOccurrence idref="t99_first"/>
#                </stratigraphicRange>
#                <stratigraphicRange id="r38" spec="sr.evolution.sranges.StratigraphicRange">
#                    <firstOccurrence id="t56_first" spec="beast.base.evolution.alignment.Taxon"/>
#                    <lastOccurrence idref="t56_first"/>
#                </stratigraphicRange>
#                <stratigraphicRange id="r39" spec="sr.evolution.sranges.StratigraphicRange">
#                    <firstOccurrence id="t49_first" spec="beast.base.evolution.alignment.Taxon"/>
#                    <lastOccurrence idref="t49_first"/>
#                </stratigraphicRange>
#                <stratigraphicRange id="r40" spec="sr.evolution.sranges.StratigraphicRange">
#                    <firstOccurrence id="t39_first" spec="beast.base.evolution.alignment.Taxon"/>
#                    <lastOccurrence idref="t39_first"/>
#                </stratigraphicRange>
#                <stratigraphicRange id="r41" spec="sr.evolution.sranges.StratigraphicRange">
#                    <firstOccurrence id="t72_first" spec="beast.base.evolution.alignment.Taxon"/>
#                    <lastOccurrence idref="t72_first"/>
#                </stratigraphicRange>
#                <stratigraphicRange id="r42" spec="sr.evolution.sranges.StratigraphicRange">
#                    <firstOccurrence id="t1_first" spec="beast.base.evolution.alignment.Taxon"/>
#                    <lastOccurrence idref="t1_first"/>
#                </stratigraphicRange>
#                <stratigraphicRange id="r43" spec="sr.evolution.sranges.StratigraphicRange">
#                    <firstOccurrence id="t25_first" spec="beast.base.evolution.alignment.Taxon"/>
#                    <lastOccurrence idref="t25_first"/>
#                </stratigraphicRange>
#                <stratigraphicRange id="r44" spec="sr.evolution.sranges.StratigraphicRange">
#                    <firstOccurrence id="t47_first" spec="beast.base.evolution.alignment.Taxon"/>
#                    <lastOccurrence idref="t47_first"/>
#                </stratigraphicRange>
#                <stratigraphicRange id="r45" spec="sr.evolution.sranges.StratigraphicRange">
#                    <firstOccurrence id="t43_first" spec="beast.base.evolution.alignment.Taxon"/>
#                    <lastOccurrence idref="t43_first"/>
#                </stratigraphicRange>
#                <stratigraphicRange id="r46" spec="sr.evolution.sranges.StratigraphicRange">
#                    <firstOccurrence id="t76_first" spec="beast.base.evolution.alignment.Taxon"/>
#                    <lastOccurrence idref="t76_first"/>
#                </stratigraphicRange>
#                <stratigraphicRange id="r47" spec="sr.evolution.sranges.StratigraphicRange">
#                    <firstOccurrence id="t19_first" spec="beast.base.evolution.alignment.Taxon"/>
#                    <lastOccurrence idref="t19_first"/>
#                </stratigraphicRange>
#                <stratigraphicRange id="r48" spec="sr.evolution.sranges.StratigraphicRange">
#                    <firstOccurrence id="t2_first" spec="beast.base.evolution.alignment.Taxon"/>
#                    <lastOccurrence idref="t2_first"/>
#                </stratigraphicRange>
#                <stratigraphicRange id="r49" spec="sr.evolution.sranges.StratigraphicRange">
#                    <firstOccurrence id="t103_first" spec="beast.base.evolution.alignment.Taxon"/>
#                    <lastOccurrence idref="t103_first"/>
#                </stratigraphicRange>
#                <stratigraphicRange id="r50" spec="sr.evolution.sranges.StratigraphicRange">
#                    <firstOccurrence id="t11_first" spec="beast.base.evolution.alignment.Taxon"/>
#                    <lastOccurrence idref="t11_first"/>
#                </stratigraphicRange>
#                <trait id="dateTrait.t:tree" spec="beast.base.evolution.tree.TraitSet" traitname="date-backward">
#                    t101_first=1.37780869592458, t44_first=1.82672147406959, t75_first=0.652290504005661, t71_first=0.284763668142079, t97_first=1.0514992087024, t90_first=1.53037519898163, t34_first=2.06349977558061, t40_first=2.22260784027092, t77_first=2.44480503588031, t20_first=2.125212378442, t50_first=1.46951719990923, t52_first=1.41202518055907, t67_first=1.38040438890153, t87_first=2.20861037266282, t16_first=2.88032825688657, t27_first=1.32918728331217, t78_first=1.34179855046174, t36_first=2.04873048851592, t15_first=2.07250222496324, t55_first=2.37389676195758, t114_first=0, t92_first=0, t12_first=2.51308779915147, t31_first=1.27678801685652, t102_first=1.81134796725203, t60_first=1.87058590981901, t51_first=1.24691645605591, t73_first=0.353744967997704, t23_first=0, t6_first=0, t85_first=0.260581153827498, t70_first=0, t94_first=0, t33_first=0, t79_first=1.41164280911042, t17_first=1.02521534664354, t21_first=1.19054061563997, t99_first=0, t56_first=0, t49_first=0, t39_first=0.576231604441913, t72_first=0.344021980596645, t1_first=1.49712472719955, t25_first=1.31701192348067, t47_first=1.65363937527747, t43_first=2.26841431521647, t76_first=2.15479494734037, t19_first=2.11050141717151, t2_first=2.53802355685427, t103_first=2.92492935532695, t11_first=3.18638055169799
#                                    <taxa id="taxonSet" spec="beast.base.evolution.alignment.TaxonSet">
#                        <taxon idref="t101_first"/>
#                        <taxon idref="t44_first"/>
#                        <taxon idref="t75_first"/>
#                        <taxon idref="t71_first"/>
#                        <taxon idref="t97_first"/>
#                        <taxon idref="t90_first"/>
#                        <taxon idref="t34_first"/>
#                        <taxon idref="t40_first"/>
#                        <taxon idref="t77_first"/>
#                        <taxon idref="t20_first"/>
#                        <taxon idref="t50_first"/>
#                        <taxon idref="t52_first"/>
#                        <taxon idref="t67_first"/>
#                        <taxon idref="t87_first"/>
#                        <taxon idref="t16_first"/>
#                        <taxon idref="t27_first"/>
#                        <taxon idref="t78_first"/>
#                        <taxon idref="t36_first"/>
#                        <taxon idref="t15_first"/>
#                        <taxon idref="t55_first"/>
#                        <taxon idref="t114_first"/>
#                        <taxon idref="t92_first"/>
#                        <taxon idref="t12_first"/>
#                        <taxon idref="t31_first"/>
#                        <taxon idref="t102_first"/>
#                        <taxon idref="t60_first"/>
#                        <taxon idref="t51_first"/>
#                        <taxon idref="t73_first"/>
#                        <taxon idref="t23_first"/>
#                        <taxon idref="t6_first"/>
#                        <taxon idref="t85_first"/>
#                        <taxon idref="t70_first"/>
#                        <taxon idref="t94_first"/>
#                        <taxon idref="t33_first"/>
#                        <taxon idref="t79_first"/>
#                        <taxon idref="t17_first"/>
#                        <taxon idref="t21_first"/>
#                        <taxon idref="t99_first"/>
#                        <taxon idref="t56_first"/>
#                        <taxon idref="t49_first"/>
#                        <taxon idref="t39_first"/>
#                        <taxon idref="t72_first"/>
#                        <taxon idref="t1_first"/>
#                        <taxon idref="t25_first"/>
#                        <taxon idref="t47_first"/>
#                        <taxon idref="t43_first"/>
#                        <taxon idref="t76_first"/>
#                        <taxon idref="t19_first"/>
#                        <taxon idref="t2_first"/>
#                        <taxon idref="t103_first"/>
#                        <taxon idref="t11_first"/>
#                    </taxa>
#                </trait>
#                <taxonset idref="taxonSet"/>
#            </tree>
#        </distribution>
#        <prior id="originPrior" name="distribution" x="@origin">
#            <Uniform id="Uniform.origin" lower="1.0" name="distr" upper="1000.0"/>
#        </prior>
#        <prior id="netDiversificationPrior" name="distribution" x="@netDiversification">
#            <Uniform id="Uniform.div" lower="0.7" name="distr" upper="0.9"/>
#        </prior>
#        <prior id="turnoverPrior" name="distribution" x="@turnOver">
#            <Uniform id="Uniform.turnover" lower="0.2" name="distr" upper="0.8"/>
#        </prior>
#        <prior id="samplingProportionPrior" name="distribution" x="@samplingProportion">
#            <Uniform id="Uniform.samplingProportion" lower="0.2" name="distr" upper="0.8"/>
#        </prior>
#        <prior id="rhoPrior" name="distribution" x="@rho">
#            <Uniform id="Uniform.rho" lower="0.7" name="distr"/>
#        </prior>
#    </distribution>
#</input>
#
Sample	TreeHeight	origin	netDiversification	turnOver	samplingProportion	rho	posterior
0	4.899375062453722	312.392804634879	0.8850710121251656	0.42774793110035975	0.6324664281690384	0.798201291123405	-914.1467973325812
5000	4.657693973628488	70.95682724709833	0.7038619431175951	0.4843845895686659	0.20706383575498571	0.7124795417588614	-248.6604954560135
10000	3.6842233894616774	4.7981208402223	0.8537056913449588	0.7380010160307188	0.21505967481579968	0.7057836424874115	-111.28459917056185
15000	3.5462140258238706	3.5840668036769316	0.759810906267796	0.7964907640743272	0.22982505695362218	0.7536753970021728	-73.22544737675395
20000	3.3937053210578174	3.8563708822343328	0.8650336050209954	0.7696388962591906	0.2261360732205427	0.811380205902167	-66.00503030391585
25000	3.7054651737929643	4.078826593380185	0.8300779553075786	0.7911857474860992	0.23414217347975144	0.7397241387095407	-74.05158468747459
30000	3.18638055169799	3.984814099248453	0.7471124361618114	0.7817984607499072	0.2350452079224678	0.7845951254934864	-75.68972507134623
35000	3.358814283150389	3.377365863396684	0.8098885724345241	0.786387887118723	0.25050260784191836	0.7761316882680623	-76.19965797717543
40000	3.235924998637562	3.2738523232448884	0.8736952196436681	0.7953343895466861	0.25964093290272233	0.8460084821094445	-90.08322273024814
45000	3.18638055169799	3.4204358830574213	0.8948399738189711	0.7559706968124119	0.21705030592006824	0.9151022033740984	-72.74190174948768
50000	3.356472490060477	3.8239560301455935	0.8963694733349639	0.745368105103492	0.20421581594465382	0.7816548432437209	-81.68313617292188
55000	3.18638055169799	3.2544331561661983	0.7365077186170385	0.7768343403778735	0.21580482571589257	0.8398827504939671	-83.18983888390338
60000	3.506437896940278	3.724719172294383	0.8707708586282191	0.7835006585802817	0.21586859162872638	0.98350998460675	-67.70013578594563
65000	3.7580863104957105	3.858030512279233	0.7292799995683137	0.7796901493792731	0.21629253546194807	0.9686934959845624	-94.97908452477566
70000	3.549040008792248	3.7531969390757176	0.8369877717324621	0.7782734751761617	0.20679291462840993	0.729553895431158	-85.38921108341748
75000	3.557327712409943	3.8320681052218983	0.8652531830403225	0.7910581977592254	0.20761696487345335	0.7805897986562959	-66.72169214316676
80000	3.871924162311092	3.8865175132450904	0.8701662689436939	0.7972323636530592	0.20195608940966683	0.7815672624475111	-78.76607107797534
85000	3.619698053190904	3.999030254412814	0.7169332060571459	0.7698930501469957	0.2111135400284296	0.957200852573009	-100.50906552498228
90000	3.810217662271288	3.9406125101566953	0.8571987387498013	0.7843880255070834	0.22437837475806033	0.8029454138303973	-75.906190074601
95000	3.689911777204321	4.294368436982477	0.7567394001445551	0.7955251605967346	0.21067937425356578	0.9523328605581854	-69.7088300444843
100000	3.38653277900692	3.9969887451511994	0.8852659561672974	0.7675773680961522	0.24676508573435574	0.8674744342979138	-66.97073034592998
105000	3.415017444304983	3.9374476377739143	0.742042231673803	0.7767388569164904	0.227133025290172	0.8645564495029189	-93.87396204801044
110000	3.325300064421219	3.637361475627217	0.872856393591898	0.7632181846615937	0.211400346357031	0.952246450366487	-80.272522481544
115000	3.739277732979461	3.7494926436862657	0.820724659177357	0.7737560929925865	0.2193714099075135	0.7514525265478186	-81.51012978115116
120000	3.333091445597828	3.3924775591079497	0.8584330407448636	0.790373621328619	0.22743562755713786	0.90344416845679	-56.46941482808968
125000	3.8013671599108085	3.9770200059457776	0.8607184925418557	0.7925916985883416	0.2155342053396547	0.7292941142538357	-57.53560008556475
130000	3.198707947578513	3.31217462977319	0.840093434010215	0.7955917200374226	0.2190400544376703	0.7969550611572733	-76.40939069855062
135000	3.6663830824205226	3.77335641579074	0.8156868831200355	0.7838967479562622	0.20381631196726666	0.7008044434450541	-70.73970371675307
140000	3.4665968947682826	3.6076758273697305	0.82809348491757	0.7995449519932156	0.2269634650600907	0.8007613184572903	-64.77142277566037
145000	3.56143524511005	3.6610665946806957	0.8420226697961223	0.7800204219076073	0.2688364533731721	0.794547413073424	-78.28451576290013
150000	3.5077723841101935	3.860638239015336	0.873671481290857	0.7571403407927839	0.21668062287712195	0.8234420577644735	-80.75469717428967
155000	3.4409575805096995	3.5659194947931647	0.847659559752164	0.7880807169566358	0.21218800937397697	0.8760173258023869	-62.273946282535015
160000	3.18638055169799	3.337936302571378	0.740748486811291	0.7853720015079684	0.21503676083642026	0.9377967672626701	-74.28917008765615
165000	3.2711419975401794	3.3214755122640844	0.8987296385863301	0.7658549163132103	0.2024757610289457	0.7216431716278877	-65.26460874327918
170000	3.436174535174294	3.4680036964921555	0.880513309966844	0.795185977367084	0.2037586051148292	0.8553449793422017	-75.44499588490763
175000	3.7436991336202685	4.7128282872086205	0.8202696747533594	0.7542712096403653	0.21112636949476948	0.7288727960498494	-93.55713712649384
180000	3.511251629333465	3.9989429095810403	0.8238317115052646	0.7553942431948975	0.2750110193275888	0.7142400976970406	-79.03905962451611
185000	3.586778918689898	3.7492830623139275	0.7348816616642367	0.7975459034683426	0.22215459688239172	0.9107625021115142	-86.51382998109767
190000	3.3839090516294905	3.4456847194580136	0.8747026252521702	0.7640313060844149	0.20646239744331937	0.9076663479686088	-95.69827789747285
195000	3.21937362892979	3.2964168951981665	0.7564500289143876	0.7994441831716996	0.20176706573023995	0.813834800093686	-59.5427397795921
200000	3.18638055169799	3.2138235754816	0.8219706208968467	0.7819539303197878	0.20663324124753618	0.9983911038968128	-70.65140529764145
205000	3.849811908125333	3.942503497937277	0.7739094108541169	0.7631385777274585	0.2503125657569383	0.8935792839511346	-85.01047875886556
210000	3.1913245150719898	3.438377391330369	0.7078794186940309	0.7951468179189711	0.20702441551429726	0.8688632240414984	-82.75454402153022
215000	3.20287881475918	3.9464342159105943	0.8653449623588414	0.7900857397914676	0.20269075470310244	0.8079522984855376	-64.41347939492024
220000	3.227666096981042	3.2696713138942126	0.7442055138694026	0.785671170577304	0.2891938755874619	0.8483236493598336	-69.06020055408715
225000	3.3674898055684857	3.965313816835838	0.8532473515298186	0.7980160133045868	0.2289834813040947	0.9903400727655661	-49.18444650490887
230000	3.3425431753479145	3.7721358780576795	0.8879881075494143	0.7705732118200854	0.25835881393412274	0.7253206591241925	-73.48864211772366
235000	3.302170954315024	3.726769866142383	0.7861283136816247	0.7983127561725945	0.21943093891763246	0.9288067854954385	-72.34574449299757
240000	3.333415939107555	3.810117162411683	0.7695704991536824	0.7930201247197591	0.21715499731529103	0.8116528100913798	-75.56450153722574
245000	3.2639180971430783	3.5395391244526953	0.8717187747115371	0.7419808436703191	0.2348709040301437	0.8361845365534982	-86.95194417149668
250000	3.18638055169799	3.333544461472103	0.7609017177424915	0.7771402929160655	0.222882357637958	0.7444551513022539	-83.0637719137172
255000	3.18638055169799	3.7828797809837327	0.8256122086861067	0.7956164619344599	0.26042169251150904	0.982106032014681	-75.65244319618404
260000	3.3508593863560114	3.9772864019201175	0.8573349817842151	0.7921067706557826	0.24368870058667083	0.9195328503649707	-71.81219304289968
265000	3.193410064514254	3.282750021687017	0.8583110770387469	0.7944202113419412	0.20431055245257954	0.9590653554052928	-69.7117919296551
270000	3.223382242558577	4.214532716945639	0.8717593241464323	0.7225091114465996	0.20956642481794477	0.945465538937012	-82.46864262966216
275000	3.395710555999114	3.498130287834024	0.8740733740810088	0.7980253024200396	0.22279499136794034	0.734682385251677	-60.3230239762029
280000	3.298540075020343	3.588344702868347	0.8749934315889497	0.7481206861314404	0.21276383198980314	0.8509126222824724	-71.7319459690994
285000	3.339017289578691	4.361685474872123	0.8630852916257592	0.78670753444759	0.2192503339084627	0.7451570849042278	-75.96540149141896
290000	3.2970377976843945	3.4325174304682444	0.8261083558497275	0.7619884626434277	0.2953572086588618	0.7048247024731026	-73.97395884140641
295000	3.400044480048132	3.5519299859795246	0.7765233481193414	0.7735432686294306	0.2018006421683693	0.7885761155537337	-92.72357821594866
300000	3.4123974013710194	3.4841349563112525	0.8596316164815123	0.7787059565199741	0.20598059800289853	0.8770799703291844	-76.72009024473812
305000	3.2918090413001324	3.358024872869981	0.8652244670950058	0.7963704965285873	0.23971760591931646	0.7124111901715664	-60.88535362479407
310000	3.2532486620045673	3.8304405971517896	0.8823155400058135	0.7977188097475855	0.21078074897019067	0.9837436909736748	-67.60583222266703
315000	3.330616685786991	3.5047475521722844	0.8069768490858802	0.7936009357194304	0.20740031067564027	0.9620367296688638	-71.09446054774307
320000	3.324969561998587	3.4908272695065925	0.8975172094126879	0.7480079672273856	0.222044132801657	0.984268158333697	-69.3019626838327
325000	3.332272030052229	4.391430393036692	0.7781152637746795	0.7838319369696338	0.24431167639251336	0.7963458521489183	-71.27074706414038
330000	3.226022643299612	3.4284608761883946	0.7813415103181228	0.7828523643635424	0.27750963335818324	0.9181013171244984	-52.348198195041704
335000	3.2381778500194915	3.285715053048303	0.882821275026962	0.7634217247414062	0.2602455915720003	0.7410129904426951	-75.0246073838911
340000	3.334410835882629	3.6828820460463905	0.794363151781603	0.7930022258230152	0.200451655319659	0.8480162860676055	-86.31272535490342
345000	4.175655662694013	4.539203498251357	0.7581697364338893	0.7880225924771045	0.20758823054895856	0.7308443428973438	-90.21203365771655
350000	3.3719483853119594	3.546370941416781	0.7486776222719717	0.7912979995293656	0.22504153825445927	0.9900925288314306	-86.5769746294311
355000	3.4722247633568046	3.9810578650372754	0.8895270912721785	0.7818457685846149	0.20762828886512227	0.9245182478723362	-68.28706872080235
360000	3.36452467909174	3.7175560748483116	0.893622491348549	0.7599668945169085	0.20558972939515152	0.7853924170009642	-74.67805199369445
365000	3.18638055169799	3.7575649719820796	0.8521058143471625	0.7930791900998047	0.2045100086385131	0.911834144029792	-53.80462043378046
370000	3.2774357140434374	3.301139734770384	0.856130367222674	0.7684469315330618	0.20016675377884666	0.890679151647606	-67.293964437857
375000	3.6248444709023997	5.417076356232829	0.75012339712218	0.7584321462984251	0.23006600573925434	0.8129886271830222	-96.19074068759193
380000	3.447209139809632	3.9905761756877256	0.7896586767631927	0.7942991648242099	0.2153729015742369	0.9388289113856395	-87.94498792841995
385000	3.235816842326748	3.297561503931856	0.8938997131746903	0.7825618402643217	0.22817301277112673	0.8860216465993087	-78.37527447384684
390000	3.2899678480575996	3.3895531531826157	0.7627430680127928	0.7980365743755093	0.24139214081706015	0.9112895034129932	-70.90847535955541
395000	3.9072480082713565	4.32273397228779	0.8328658058449742	0.7767780866843287	0.2189863447349063	0.7313709231827482	-85.43409578091666
400000	3.4467204637787496	3.6592210165522117	0.8161822765207857	0.7924384237482563	0.2553590558434627	0.9039260943302876	-70.38459871262435
405000	3.3504088012392796	3.7860693687592857	0.8082582093985151	0.7914297062136033	0.21307979982104133	0.8169571253266427	-79.18299636721
410000	3.6297622432114225	3.7841295579132934	0.8287962681076386	0.7592032272441148	0.27120562349546445	0.8661524151372871	-97.94069483922738
415000	3.38946781315046	4.389153364226091	0.8449295002081527	0.7603585978478836	0.22057977063070652	0.929922031043087	-89.41962316237598
420000	3.4777407136241947	4.237553014784078	0.800546124342868	0.7990340348483553	0.20451929098315882	0.9193846194734127	-68.24805992679987
425000	3.6865611628292205	3.759576538034443	0.7486594407996928	0.7953183369678906	0.22348134857494154	0.7574164159716276	-87.34028502805711
430000	3.2652488971929174	3.3660939997875983	0.7678949547212545	0.7912454226425053	0.22912442333145758	0.8445161438920309	-74.13557441682573
435000	3.567306893836795	3.836811161274531	0.8530639856892998	0.7894037438399528	0.21974337339295583	0.7832350044161944	-63.67719350129456
440000	3.366942483091935	3.9397394165560256	0.8356606267610515	0.783282415628973	0.24408867223586245	0.7136914995534169	-70.83086499683631
445000	3.7310773803779598	3.8280682610630423	0.8301495252779351	0.7878408775973095	0.2193249618978517	0.7406436234237063	-67.49155931620345
450000	3.238147742678414	3.4613737204670696	0.7258156662360863	0.7993223414955665	0.20384379324195007	0.9789617514116403	-74.8198122538
455000	3.18638055169799	3.558309097949393	0.7486329156622533	0.7716328786334887	0.211894660849408	0.9102054646322162	-87.66566927866558
460000	3.678602207092882	3.894739563847986	0.7499882225569049	0.7757765519197705	0.2013138174017362	0.8433992540022769	-92.19126159998598
465000	3.18638055169799	3.2759037141200693	0.8889318097822793	0.7932719888465796	0.2441752061690745	0.8955626788539165	-53.884339702100405
470000	3.18638055169799	3.407960332844005	0.8960204505912255	0.798327059947397	0.2250885350785683	0.8884558694862168	-60.21098911623529
475000	3.602440146547344	4.44324895150867	0.7665630232629508	0.7748663235324155	0.21231408475689853	0.756189253440717	-82.71253685114723
480000	3.4007846148034617	4.071358736691109	0.8420771756362458	0.7610366643830215	0.2330967320782925	0.9077347337133732	-76.38677319746233
485000	3.518928507604578	4.477197746427117	0.738973899264004	0.7327523911905129	0.20949750510616727	0.7419716306797535	-101.09028047727307
490000	3.8267171318817734	4.099035332286013	0.871053226447092	0.7578875474122776	0.2309758180260286	0.9215489970695053	-71.61877390193962
495000	3.3044168098061255	3.385176791589854	0.7714009879248104	0.7853720178661471	0.226146539713736	0.8439819684215113	-65.75332724259314
500000	3.303128600319321	3.5492612030488986	0.8615490644845828	0.7470624158025496	0.25584068250032355	0.7953731858626754	-78.0518566972651
505000	3.223709896135391	3.450353005081623	0.8266877350352061	0.7807718558321814	0.2107923597071136	0.8257875365445814	-67.66412048066454
510000	3.5974594266799165	3.7769228895149185	0.8429950004561019	0.7972474428460982	0.21383333225740175	0.8888748719935563	-84.58276982795843
515000	3.6544283012300944	3.7542853595000008	0.8617148466545421	0.7702905814781709	0.21224503773948278	0.8140826168127334	-79.59061269375036
520000	3.3231601739428314	3.340531051319417	0.8726651370923295	0.7821996939819355	0.22754449594587164	0.8244383451997482	-68.28337525186998
525000	3.803190358788016	4.455403015906947	0.7371353098228043	0.7784997300180081	0.2365317480593777	0.901074450186293	-85.21435166185356
530000	3.525712971648236	3.872088711018148	0.8538429050120618	0.7723162387084046	0.27636762505610385	0.9908860079579798	-69.02455669887763
535000	3.6704358228246035	3.932387629757174	0.8961631630625657	0.7963852161719162	0.2211373588785476	0.9216894389175792	-58.00382668678296
540000	3.617907846941066	5.388155026572687	0.8169489019238175	0.7615853953109031	0.24827545969088544	0.8892071414445017	-79.86925530992488
545000	3.223065620986374	3.577393503958638	0.8924811784790876	0.7917375922099118	0.2380338494152596	0.734658165494845	-49.152741158206844
550000	3.3493770602609185	3.6000729631608315	0.8156053148148563	0.7869607571366126	0.23383340260133803	0.8389536501106956	-70.4702328930288
555000	3.3495940583262733	3.3710533419863373	0.8553796780609281	0.7726658850689073	0.2532446868507463	0.8000800288606698	-61.06473142938943
560000	3.492063645818293	3.64259411746009	0.8836590578445028	0.7918017385239386	0.22809678124484714	0.8088272130672817	-61.75814961266601
565000	3.2157909162359037	3.4182250175808613	0.8757405807719146	0.7722510996358103	0.2287380403065251	0.7668677948183592	-78.79027539188795
570000	3.5700424203484555	3.7491382086373184	0.8472373263210602	0.7796065353833118	0.21006563110681803	0.8187539869557945	-93.61456346534305
575000	3.477184888769841	3.853579050450378	0.7089153515461637	0.7714968183241294	0.21495707109985351	0.7936546184756244	-91.742145449622
580000	3.6086190961938422	4.097606286271005	0.8103446919427636	0.7713968722387244	0.20393603418735604	0.89356221607627	-73.09794411078516
585000	3.18638055169799	3.387515441244779	0.7042895799940947	0.7840092511646498	0.2036479982189762	0.7386824692381178	-72.92912192975177
590000	3.269988507479321	3.7342175641414785	0.8197396275150495	0.796835310922654	0.2167559944380949	0.8040118115770367	-58.91660877235408
595000	3.18638055169799	3.32538557053865	0.8415794610810968	0.7865808857986499	0.2122043347210232	0.8566625454005925	-79.98099222451128
600000	3.18638055169799	3.3103061752614478	0.8936246634116948	0.7833859017935095	0.2648846294919252	0.8474369344975775	-44.351197092470244
605000	3.4733865131906962	3.5703937884536354	0.8343392552656277	0.7836086225775176	0.2237434463636212	0.8727492888477242	-64.45190092656861
610000	3.2590332743803057	3.554828121701726	0.761312668978605	0.7928630216080629	0.2104744683062197	0.8689489669426437	-69.49704296184208
615000	3.568663729677432	3.6758501196319515	0.7150299773009651	0.7799612337180749	0.30563067481092193	0.8034434711122761	-84.91742798582473
620000	3.5356217103370393	3.6535528129856627	0.8895639020196174	0.7766161828738816	0.20925593945994797	0.8357659185037303	-62.51808289620436
625000	3.2435764898104127	3.318203906068819	0.7911381142447679	0.7736789720050555	0.20011372981585165	0.9758653910733137	-75.5077203172113
630000	3.393027870265493	3.442264058264302	0.8051546157202402	0.7992492946761691	0.20950112381580344	0.7646949743376149	-84.0444289535101
635000	3.2304403186249377	3.3046627683085754	0.7691364235629687	0.7974297898388893	0.2189081913460012	0.8744397587144815	-63.502588776459795
640000	3.4055877925750764	4.090844995482438	0.8135174607466598	0.7923449651679151	0.20142812892554204	0.7065570900873978	-63.29437150979775
645000	3.18638055169799	3.304919985167052	0.8518995417393023	0.7976859750635696	0.205529706792079	0.9430947124716605	-57.34597189174544
650000	3.4788828949206114	3.6469292281104955	0.7855143678962375	0.7637363924223202	0.24400023014592773	0.7551297051811755	-82.82196908939531
655000	3.254862047299926	3.8497157544529617	0.7823536498775925	0.756165856384778	0.22545795478048536	0.858501870678347	-84.86429759305958
660000	3.18638055169799	3.2790560125388155	0.8805278027407648	0.7742699282576672	0.2113738274283701	0.7869044997637912	-58.73399027747547
665000	3.2042329463893355	3.496921542913831	0.8185766591040968	0.7871991442894974	0.24104199385555594	0.8683087928106402	-55.31083645737293
670000	3.6089307414981215	3.641728496917746	0.8787941597582555	0.7766904294302281	0.24738252197349853	0.8306950008523935	-77.03971561588381
675000	3.18638055169799	3.200696999105566	0.8600838945820514	0.7908436229171476	0.21628631880583762	0.7567424299683748	-63.0874497634158
680000	3.244701758563187	3.724291154121837	0.8865581566996151	0.7792145491171341	0.20283797633611117	0.8677985844314847	-75.89578825668613
685000	3.30022396719772	3.4668297143896436	0.8144604243751233	0.7471277052996353	0.27177424153664265	0.861406857016094	-61.40311105107809
690000	3.256712129613509	3.435985954984701	0.7963006989676593	0.7742174320697099	0.20470794654810054	0.8676679316780971	-83.07944831250606
695000	3.3004113369681574	3.6259222307646377	0.893665305448679	0.7934265820602033	0.20726162029311268	0.8487436464135587	-59.87454700048402
700000	3.2223968418809146	3.525407403774033	0.8923828642207424	0.7973762619146414	0.20231280261600545	0.7198682751618847	-64.8718567650817
705000	3.6903368600499222	4.264765072785516	0.7866343807973024	0.7989251632559489	0.20025563771382623	0.9094970567766595	-59.50660147756572
710000	3.892865901589987	4.076200187170495	0.7091294356767603	0.7720579011323857	0.21368402830162048	0.7156853778412844	-97.85360668984899
715000	3.4611910521053755	3.6186254794049995	0.7898114927099782	0.7833169544957613	0.21124668602539784	0.8598628108010907	-66.68499167937512
720000	3.1985547002972705	3.2405263014180457	0.8721401897353664	0.7808949337300461	0.2326546949436075	0.7470553921566038	-58.00983921729633
725000	3.2933441857243606	3.8106316106639064	0.7647254663299806	0.7979870988485456	0.24706152391616004	0.8112092935905174	-76.66202726338125
730000	3.7818253191350757	3.794116708355858	0.8028634909301945	0.7804882692522328	0.20529306598123317	0.7507877162046165	-86.49450471915634
735000	3.218873195048359	3.2362127892651404	0.8247857505882499	0.7613634970846545	0.23698545026412018	0.8987715358822191	-80.88760537857436
740000	3.2842869450674947	3.881634511896233	0.7561523746321371	0.7733587842605258	0.21647929744258812	0.7705425156058301	-80.38110501442381
745000	3.3005772880586277	3.4307931682417636	0.8475513583501726	0.7719900536301307	0.21005164825051847	0.7396130852178927	-77.368811935525
750000	3.3935825963266724	4.319372690462482	0.8195038037933751	0.7895165327020224	0.2074818535029161	0.803435126370968	-69.63684303068496
755000	3.585674585410597	4.024917436469749	0.7274527074156292	0.7924150730408646	0.21851318689815222	0.9172399274495444	-85.24849732260665
760000	3.357995146446689	4.0260565547016585	0.7397280554893181	0.7943785240108688	0.21237132270978884	0.7754685227189607	-84.9449494560829
765000	3.380871896625704	4.293588071429777	0.8270589252641007	0.7795946941376184	0.2134926139559244	0.818464662422934	-87.09938398535795
770000	3.18638055169799	3.335867487762252	0.7685705309164126	0.7977684161020179	0.27115236738870496	0.9990461806187205	-54.63044379339365
775000	3.2473049857246634	3.324970477422527	0.7951735673552893	0.7853177454634114	0.20505325823154472	0.8138071057418744	-66.5163750880063
780000	3.470304988928436	3.786594620025953	0.7381538006757498	0.7633883937178713	0.23711998167534568	0.7246062539036894	-87.69480327402297
785000	3.303766365327305	3.336065034731677	0.8446921705889576	0.7927488187797894	0.2049268317496998	0.7463047311424368	-59.987009303859324
790000	3.3517284006849497	3.7146455237369542	0.8257354023283966	0.7922183630172687	0.24010262051913364	0.8159570784512148	-66.22152491317223
795000	3.9341530687070607	4.20267997205126	0.891432614147768	0.7282763660457624	0.21260352677096261	0.8031613381772605	-94.02386120260019
800000	3.3913906122043067	3.6121678624353213	0.7157551254600846	0.7889329523505362	0.20261534650111682	0.8922422609700544	-72.9250081030568
805000	3.3895024889852463	4.356410870988948	0.8116219634363485	0.7979107965583009	0.23762092904822812	0.8544714424678628	-63.78087636053102
810000	3.257300504844525	3.467707767466829	0.8305591447688265	0.792588168876639	0.2183434053615344	0.8851702184916657	-62.650994993805085
815000	3.228110042200779	3.432575343290257	0.7985724454565646	0.7692651475220642	0.25599960176653475	0.8499775107848028	-76.61292510537626
820000	3.383172037939367	3.4373209193917766	0.8609042287465605	0.7969101960985837	0.21336954876237657	0.9408558283218363	-85.41473034200902
825000	3.3281957883048636	3.33121139461947	0.807545263476194	0.7881388531779844	0.20874428617549404	0.9273035742690494	-74.4081221041246
830000	3.34978635455568	3.4029259440788557	0.7261605721287492	0.7577874740174925	0.20107188339194715	0.7242492901466518	-90.72166963537916
835000	3.198492549719296	3.4732028596942155	0.8625786629892437	0.7797286867139035	0.21608970407873102	0.7359975600244398	-93.18309722809713
840000	3.242207328115036	3.529855374996827	0.8186124665103233	0.7943964802701126	0.221964569765288	0.9717576108605477	-64.32031219903209
845000	3.351739444499943	3.4417408680210593	0.7865407234117986	0.780969834031531	0.2062887670177962	0.7965283687940562	-65.82932980281498
850000	3.9092977695025937	4.2622224353882014	0.7713959617467554	0.7862408211178116	0.24662113561555402	0.7561363798866416	-86.1962544910559
855000	3.485472426063696	3.605729792258976	0.8661648400676745	0.7959393736003281	0.24229751481428388	0.7276690720946837	-77.34780481548407
860000	3.4671440859582074	3.546574675122429	0.8042860710995178	0.7166247958402342	0.22892301003154195	0.920660839544236	-113.87381741296127
865000	3.464054803442727	3.5050936626977443	0.892360136736608	0.7790133237990051	0.2021704215372929	0.7364482380642846	-76.72927032885039
870000	3.60797994912413	3.7080027252947225	0.7373353553562659	0.7914035044313483	0.20230782293780797	0.7356855456772649	-77.92484270508015
875000	3.1920679139622825	3.4054113450001773	0.7822548175050339	0.768587793739784	0.2511163000495469	0.8155148479560332	-80.15887353931745
880000	3.583877600057686	3.7664656296263166	0.8220943599340657	0.7577816610806642	0.21740454748320814	0.7614875779011169	-88.24072984097552
885000	3.9246475166169863	4.198158974129977	0.8607758037681073	0.7971771797722053	0.22178741708620636	0.7554469100653172	-69.91102059884264
890000	3.21788384547077	3.328457318847485	0.7552938136877763	0.7978912585991826	0.23030012418102228	0.7382491698731543	-72.42476408694418
895000	3.2202831345871497	3.3262444023379927	0.7580735564093438	0.7829260930422117	0.21449610058068352	0.7156164151380275	-79.56305669096852
900000	3.2293058941429433	3.2716365430358123	0.8897758455833059	0.781895331283817	0.2296145961484662	0.7410261249244583	-71.09935013577274
905000	3.521429005144979	3.9366045878970652	0.7946245305463709	0.7853576749753097	0.21474242240922833	0.9139285480889465	-86.79726137176053
910000	3.6877168985901156	3.962018107219166	0.7931992979217473	0.7955623586627361	0.2164920413987683	0.8132486990245724	-73.69824543925432
915000	3.5839329719065756	4.123618359340838	0.8978550439309099	0.7715022802574781	0.2772473478825122	0.8961424652198494	-56.06271346872422
920000	3.3612018343756564	3.421440246070804	0.8320233497211006	0.7752410122077884	0.2497699644285286	0.8925206590102139	-69.87596500686121
925000	3.764661811882617	4.181142603880544	0.8810871142172898	0.7316578719357129	0.23059359306594424	0.7512279563329455	-90.30006738013546
930000	3.7037840107733926	3.9171180359706463	0.8606934977823093	0.7826291876870156	0.2048805567124583	0.8809538673848764	-83.83819939376144
935000	3.315845453161285	3.4447313504348465	0.7518477091414303	0.7938841264347444	0.23715571717127648	0.8203328047896474	-72.32024122747691
940000	3.42241527458141	3.433457725409434	0.866535554847953	0.7936091764961162	0.20107445435792662	0.8567120605151124	-62.02953385517642
945000	3.5310432807203807	4.618940319244847	0.8415207054905487	0.7753564078196802	0.2028974854728963	0.7181177073340574	-73.71058681487301
950000	3.351898673203125	3.4675158328964093	0.7828726326846274	0.79774991264584	0.20226806461733565	0.9569462851280034	-79.38686558833092
955000	3.1897607139903896	3.587073483404854	0.8469702610818639	0.791738518843052	0.273154524700503	0.793963401468816	-58.01276317358352
960000	3.481872753548652	3.5059420756123143	0.8686259086760465	0.7606074624848279	0.2241015874830259	0.9758361092138123	-64.62614748372144
965000	3.2621491832649236	3.5479114326615253	0.8547035436308787	0.7964149352464254	0.2037707848911618	0.7979006041436466	-68.50339444788938
970000	3.563203844166624	3.572595202012006	0.7393954453066948	0.7974883286790362	0.20099992877706907	0.7763205543955842	-77.84453393448607
975000	3.3159452369640987	4.121597487409891	0.8555157379108703	0.7992888622549477	0.25054469727776174	0.7275085583235075	-65.20752652286004
980000	3.289318531277101	3.6279000813412465	0.8258034121822752	0.7777816853012578	0.21014865034352018	0.7374705572647369	-73.55530666284673
985000	3.18638055169799	3.85934539917011	0.8106883509765701	0.799144233366353	0.21059999155938788	0.9141520260072435	-76.57531341045873
990000	3.240603572853441	3.412601066217033	0.8655801378482118	0.7670822348668904	0.23345750402747295	0.9026166811464865	-58.037584296532955
995000	3.18638055169799	3.498698979565627	0.8815291581528465	0.7984220874281555	0.21908430972991086	0.9357401827022028	-50.095874178700555
1000000	3.6835660370902743	4.3600388750363495	0.7450854056056501	0.7809657587871633	0.29098797984296126	0.71371849873754	-62.682660209663766
1005000	3.403491931343435	3.6722004619629574	0.837552023161575	0.7955547207893603	0.24099630609450984	0.8594558097175011	-91.8494199626549
1010000	3.2221179927658845	3.469716222322929	0.8911360008385292	0.7994730756763089	0.20956567141869858	0.9270743329905002	-47.08784392677489
1015000	3.18638055169799	3.831400960514039	0.7078613863865504	0.7960993437174154	0.22059079612290086	0.7995386684442244	-79.55341407599045
1020000	3.232173319731531	3.621115952523464	0.779867500273147	0.7504638523517065	0.20188680381077984	0.9577598680797181	-101.3924366449883
1025000	3.9388007203151525	3.9893216679359984	0.899496138207761	0.736319573833034	0.2345936489361843	0.9512761514662156	-95.53321308481074
1030000	3.8703267839573843	4.254167523760916	0.7152220885264727	0.7773885270339185	0.23818323817341164	0.8949714932206472	-93.14755022645821
1035000	3.2586506802375066	4.241206775108484	0.7882740958739962	0.7635676283506769	0.2149650675285377	0.8922291229127269	-77.97701257910967
1040000	3.4199733103114007	3.5887451088491424	0.8296026033736481	0.7766486606720784	0.22776827760949023	0.9146094816771697	-87.30428504083037
1045000	3.2446766226081962	3.7088096511283015	0.7819807569363709	0.7720425164769282	0.2814801934126804	0.9558869823266711	-73.43732472063775
1050000	3.3784428578486447	3.6282555190955272	0.7517077035500048	0.7974729378262386	0.20480338428305364	0.7474793213251193	-70.70692725321837
1055000	3.741500707187356	3.9401188759759673	0.8317252450761072	0.7959597373073979	0.21608013346357666	0.9355922114420091	-66.92600720345379
1060000	4.209615747929897	4.433332178281117	0.7173435713930287	0.755949915862338	0.24007032418928487	0.7933077209469855	-91.66186518125497
1065000	3.1983481416687436	3.519428912316402	0.8809580259423742	0.7912815189832777	0.20135270637452582	0.7156140152527265	-66.05185243829743
1070000	3.18638055169799	4.24170487430877	0.7909840523099476	0.793311721510776	0.2008013843207874	0.868798236429071	-68.44187528597868
1075000	3.3144336329985298	3.919802744555617	0.8933060385424623	0.7952604778567762	0.2010416804853804	0.7648061905951633	-60.931784742274125
1080000	3.592999274129137	3.655180297388621	0.7939846250909431	0.7761975702456675	0.22340529764448247	0.7949055961137941	-74.10779261199875
1085000	3.4260969817115945	3.5144472506121214	0.8025661273377758	0.7970055502249952	0.2105271786328613	0.8294749647718259	-85.38926648422466
1090000	3.18638055169799	3.256562681345357	0.892316735009435	0.7890485296986985	0.20079661829987108	0.8480602346629258	-58.27578328987736
1095000	3.54529108320556	3.5541455552008583	0.7497307993230656	0.7853869407975552	0.218022082650732	0.9040013684978745	-91.92608861806852
1100000	3.511269642062079	3.801065059447692	0.8616368801789317	0.7757893929305881	0.22478030249780134	0.7223853740927344	-67.99235535479608
1105000	3.322151339215157	3.9709581918677985	0.8483642905018839	0.7787517826395678	0.20327325471980548	0.8289306822564054	-74.06710486319139
1110000	3.2344374278437114	3.260386971737483	0.7202772775263029	0.7836720147381816	0.26254664681167006	0.7307307296851084	-71.29281158492213
1115000	3.2096130954497055	3.222693131336731	0.8385966497976338	0.7911952901970554	0.26300678413276624	0.9869347906593773	-65.310107999297
1120000	3.350515263801397	3.4226700049271934	0.8679295701186237	0.7671884841949115	0.21801120457793047	0.8154006400702332	-83.6046842578859
1125000	3.6999484521051156	3.909850679655264	0.782266647034031	0.7927614900134077	0.22232366189566458	0.7036505762361761	-97.24597685710279
1130000	3.6605414291551908	3.820019720558973	0.7399737296599525	0.7584523179712451	0.2546276634563539	0.7393818631671658	-83.00975595923941
1135000	3.32571698781705	3.368238862882658	0.8383149668754132	0.7943642530875771	0.2728984933828007	0.7724379570387128	-60.88867928931621
1140000	3.532435012727295	3.6800727284745793	0.7931679642649369	0.7836469399558267	0.20245629158516787	0.8296488514195631	-79.28244761986329
1145000	3.59310572053187	3.6331922063081024	0.8344709334599414	0.7667867251122983	0.21140053756772917	0.7214537267263429	-80.56994242455426
1150000	3.445587843472043	3.5259470585099466	0.8748385714525169	0.7956038679986496	0.22911566521319085	0.9242799782819653	-58.73688036114072
1155000	3.349156554645107	3.352958410967189	0.8658211665821961	0.7801632465541193	0.2604296587874477	0.8411074592946727	-65.23214459026994
1160000	3.2616269973357808	3.6651620554249904	0.8737761272087782	0.7705923895720266	0.28607979191930194	0.8076929349679499	-68.81941561235374
1165000	3.2096088579237914	3.3098104153861674	0.8960280983425178	0.7735095294748213	0.22570152156395648	0.8277974110598938	-71.6648425795207
1170000	4.114752110312686	4.282493027042616	0.7755818428286796	0.7986104399163746	0.21933790893317082	0.968066064359916	-74.24713393086373
1175000	3.383719844711216	3.6688582325435113	0.8308429270972764	0.7945226863267875	0.20965980334227988	0.7618254722318804	-79.86792312384569
1180000	3.18638055169799	3.4184117708024133	0.8350779816142132	0.795147283902989	0.21062500198571993	0.8707509230809826	-61.50244350076927
1185000	3.292157764857761	3.445496302763324	0.7655550690924355	0.7920134400568493	0.22583803233871658	0.8970507206618921	-70.13524341480561
1190000	3.3636151817575284	3.5013905505510547	0.8683850850857929	0.7837273958748379	0.24955037978048453	0.8744297580539477	-65.97225219314396
1195000	3.3566605304648753	3.8795783430217	0.7409285127785151	0.791251138719599	0.20074069084004578	0.7877874027637602	-102.8319216669154
1200000	3.18638055169799	3.2492196523972123	0.8969942463395906	0.7659042199869216	0.20117854958315873	0.8330397847091803	-64.59897566293097
1205000	3.4072041774636888	3.77940001521429	0.8189542743129743	0.7461344009132801	0.2127567042902697	0.7141651565287223	-103.06346174726147
1210000	3.3252631863773616	3.47603223991495	0.8850657853739855	0.7460581964147834	0.2168125700353799	0.9903637848887336	-72.3934487578415
1215000	3.265815113803421	3.3420793403676874	0.86758950376599	0.7907917540690576	0.2014407076993265	0.9230058361433109	-64.47413544377633
1220000	3.2247995632451554	3.8133896861986094	0.7135941444114176	0.7966215020446592	0.20264160223178315	0.8750250491341771	-67.94683168101861
1225000	3.18638055169799	4.329914962757875	0.8631750006699832	0.7873489909736069	0.20982334649437115	0.7495016240467892	-61.61152636212403
1230000	3.249052337852244	3.6001028102955077	0.7177627399295605	0.7988044697072106	0.21215093146571706	0.9199622059236569	-92.86633082113815
1235000	3.3392470709040065	3.439124043760134	0.7562506465890467	0.7348834672716614	0.2435942876884754	0.8227050126421931	-88.0457396721672
1240000	3.401335177676652	3.7054040822288172	0.8357917922839951	0.7688556318899858	0.23453482201104972	0.8861783740159924	-95.50402314048188
1245000	3.2241396929279067	3.5337709097179584	0.7223849156112008	0.7633470303275666	0.25780670357010105	0.9158423626138141	-77.89956928841929
1250000	3.3559025959445052	4.217307165608953	0.8648783482557528	0.7823228518567469	0.24637437452376168	0.7081656494165227	-67.3917796614881
1255000	3.3745133208346156	3.506300204145779	0.8532000145841659	0.7735713533841083	0.23080063331732723	0.9616401896214133	-70.69030867118138
1260000	3.4770572802193853	3.5587731130076543	0.8970753611395006	0.7728941369414536	0.21334049070899289	0.727062481276607	-85.56334894512156
1265000	3.604303909942947	3.685447043939637	0.890440037327856	0.7813934784068928	0.20487536893673866	0.9332989512247171	-63.51276186890747
1270000	3.5612262248030437	4.174122083687715	0.82237126026909	0.7928036707777861	0.25554918020842576	0.888465105723806	-60.59307066622214
1275000	3.20095791828136	3.376249796462505	0.8804191447937318	0.7956347474753263	0.20192092464061073	0.8058564189829944	-62.06498277359194
1280000	3.402167438946294	3.4853259863942534	0.7462849128709206	0.7112914360822374	0.2989720133283582	0.9170794438009923	-86.72938669400872
1285000	3.4128290189164274	3.7568810334829363	0.8417142438590007	0.7809300949918802	0.205788803049325	0.7675175368375825	-69.6198611144714
1290000	3.4053037419561227	3.4187421302834426	0.8850537549518399	0.7969420952295861	0.2158477244466729	0.8073766433700743	-57.59802108764612
1295000	3.18638055169799	3.4088964978641285	0.8639962361153214	0.7891351483644914	0.24039455422320632	0.8233851279338674	-65.19393020335633
1300000	3.24355266605373	3.405179569281968	0.798610735812679	0.792487989956818	0.21287233876503586	0.9236019654752657	-72.56027738194078
1305000	3.4674110244799654	3.6250403708363157	0.8173064282547987	0.7244356907460957	0.21971722816568556	0.7195556443247462	-94.51236183490343
1310000	3.3741649623384697	3.3954834090504367	0.8132992138179989	0.7951446159820263	0.22845420528080457	0.9014462919732679	-75.3776768666416
1315000	3.5216494862705665	4.109652431104857	0.8818978448016658	0.7401368412500157	0.2433752445645501	0.7079710221141955	-91.69274032264224
1320000	3.674471208382121	4.255059962049854	0.7594588601491303	0.6912117485429128	0.2075748243932758	0.8050237687314983	-124.26081392302888
1325000	3.4621199688317392	3.746998601673904	0.8250148138533641	0.7611823436760758	0.21858301792205748	0.8588478757261833	-89.43990976491975
1330000	3.389591240513763	3.507691996431533	0.8978193983726351	0.750708012943007	0.2179918008424279	0.7575344301639817	-78.79009247544494
1335000	3.4020878771036926	3.9915813007779675	0.7203257628654016	0.7847683173938147	0.2131210967528363	0.7139250185287105	-76.775038437565
1340000	3.4599873864742245	3.5986119125754144	0.8847261990067393	0.7884424150228126	0.2212208970764897	0.9264910355934584	-72.30349460419089
1345000	3.2786108517080743	3.6129596815671556	0.7882571741127401	0.7971630713443466	0.2445207287253898	0.9346035375117093	-61.13063522806696
1350000	3.5300977187499236	3.8489829887981717	0.8494839793175646	0.7612303617411206	0.21599728537625637	0.7895261856730967	-85.9665704818699
1355000	3.583556237965751	3.6361525153903598	0.7813410694998083	0.7944077525952554	0.2155089721728796	0.7612716252654296	-75.44746778842344
1360000	3.3257484676639137	4.049998167510979	0.798432110111329	0.7192390190914341	0.24703643412101908	0.7778197782218178	-92.38769837647376
1365000	3.250626454495087	3.925960232138563	0.7952824925492252	0.7985532498661888	0.2270747287576269	0.8720899140321978	-89.20975924556399
1370000	3.7964073131792566	3.958288498033141	0.7299229743196951	0.772176279929362	0.22220344735621864	0.719132159323051	-71.46844364694033
1375000	3.2885324881488116	3.4178460676398856	0.8409201891261694	0.7779075490431864	0.23539593773367248	0.7199220926016572	-77.35173648903856
1380000	3.2063296564074264	3.72447422741622	0.7543700369027967	0.794865476037567	0.2292886486253107	0.9041628441095112	-68.38229922845721
1385000	3.454938721516735	4.410536035448063	0.7405852274948286	0.7832078717501597	0.21866829290999815	0.7123688864087997	-78.49579107603037
1390000	3.228230683886632	3.43150928970224	0.8813499867228863	0.7867202407731819	0.21161716388907645	0.7087539075595519	-84.70731408588571
1395000	3.388055096507183	3.5558824424668387	0.8760135709530976	0.7746097920257614	0.20953114577999785	0.7825269875731294	-73.21516733921305
1400000	3.18638055169799	3.448786826489328	0.8319145823087094	0.781442819833904	0.2424955971743205	0.7300998868527113	-65.02479319550997
1405000	3.305798794653797	5.234431779309068	0.8499635509786369	0.7836249498261165	0.20050005191790457	0.7571233903073471	-75.85367382610943
1410000	3.4848040980205206	3.536947270180286	0.7123219585158825	0.7620394286920953	0.2892152106659169	0.8521355896848736	-92.55235721351292
1415000	3.5371702647195615	3.5740791055239316	0.85295691176369	0.7852970731779383	0.2547110382018062	0.7223953611265242	-85.97141914543587
1420000	3.247621156120524	3.57221258575723	0.8003817130810161	0.7618112766464081	0.28039023272911423	0.9072500109356865	-80.10793869988692
1425000	3.5077982906686382	3.8169777086149446	0.8080022005572555	0.7666327544817552	0.20259145169424664	0.8302438995258985	-92.27561094779966
1430000	3.315959768480489	3.497264548168452	0.7786311472784192	0.7615464837631793	0.20223953656249774	0.8452476821383648	-88.89344484896063
1435000	3.79277746109349	4.179273425932231	0.8576040386007736	0.7934761157774958	0.20940020958659286	0.868576855844781	-79.69917967673692
1440000	3.8682830296583126	4.840022831630619	0.8267172263402555	0.7696568293280889	0.20396240733338547	0.8150486756113181	-87.26063483399471
1445000	3.4453755765361915	4.524260735281027	0.8955110586766444	0.7917122732059555	0.23551643008272738	0.7117131014061228	-56.283803858111845
1450000	3.2099843599342996	3.2285761964061357	0.807112623611159	0.7853329295078688	0.2315777231815257	0.8892102358610374	-74.47607650017869
1455000	3.4999037602623875	5.135055258157447	0.8235071619620381	0.7592665420898412	0.20119286572706935	0.7187878746632725	-85.2999629275798
1460000	3.248645239699291	4.00572878333735	0.8804810739010721	0.7881619457779919	0.23149023751215578	0.8738868117148689	-69.45365045453599
1465000	3.714362319568436	3.74063002794079	0.8425512477698429	0.7659862459086254	0.22386248507437564	0.72575601221893	-72.94225692610561
1470000	3.2289874536023224	3.295642832742811	0.8144095019215372	0.7937946606589961	0.21155117105834226	0.7869091483744384	-84.58470301599485
1475000	3.384465107487867	3.617739427741025	0.8777443805327089	0.7948052402965086	0.2218324214510134	0.7119033228148107	-88.43837855852573
1480000	3.336331567025252	3.6131167865465126	0.8592756588958052	0.7906418780380611	0.2026168578240793	0.8378995182664101	-74.51879653766085
1485000	3.284791325797288	3.3544586121673374	0.8723846957721362	0.7901260199200262	0.22524226911541445	0.8293094637768597	-67.58988475422606
1490000	3.556684069373737	3.8252965228195173	0.837555439195816	0.790190062353923	0.22259047204608706	0.7162008779329361	-71.25489643793648
1495000	3.5727607605393117	3.632295089197571	0.8866557450179963	0.7931952263050609	0.2258372283395654	0.9292664742526032	-56.3565307783716
1500000	3.1927550776552156	4.539568368843843	0.8994082945355368	0.7839244178711686	0.20220149633460513	0.8081368364461178	-77.31250871183107
1505000	3.6872560224290094	3.71631638411652	0.7308736531574445	0.7946738666927212	0.225589374305507	0.7383039435290318	-59.91641403991608
1510000	4.177813330666017	4.661325465284407	0.7378829851546711	0.7407300076217337	0.264865521436282	0.7751915024444049	-93.60280506256987
1515000	3.18638055169799	3.304693555787628	0.8306614255212202	0.7628863308426411	0.21288592166434336	0.9233756621637701	-77.39335360742388
1520000	3.3600016262664067	3.96838766354575	0.8975674483017312	0.7885338503453904	0.21539340232494292	0.8866898741878276	-58.64392040114176
1525000	3.5028771121750553	4.005152202931157	0.8687904105325269	0.7961109793069405	0.2008484680563654	0.8137270725073824	-83.78549732741288
1530000	3.377646013394154	3.5342947615184954	0.7785735487498678	0.7745016217688364	0.2096095548760583	0.8119019329529384	-80.6106194250037
1535000	3.228581177882657	3.312804721877638	0.8932967662418314	0.7817524341336665	0.20317249618872213	0.7175254305095051	-62.34608011446443
1540000	3.4145162950997707	3.778124016947431	0.8625493151748356	0.7352425658426862	0.2184304659747515	0.9408506552810572	-73.14974265333473
1545000	3.4416917681365327	4.7436489294732285	0.8759827432869189	0.7867878434113472	0.23826177059772521	0.7310828362486244	-61.6075753045719
1550000	3.18638055169799	3.408650282449084	0.8045779192295172	0.7624488226577895	0.21562705302811486	0.9433941783467368	-79.2499331282014
1555000	3.5164455536183823	4.043049374851659	0.723302380974622	0.7498763841333111	0.21442215819171379	0.7429949264703608	-98.27470729539033
1560000	3.4842621130319262	3.600684449351825	0.8197764083190218	0.7925424589812171	0.20174369319316598	0.7966756030177023	-65.63431805603187
1565000	3.5131694020286837	3.6892179345229086	0.7215276362895747	0.7654721929051063	0.2288269511734088	0.7677132788240559	-87.14785059719813
1570000	3.4765554776774965	3.7293691979192287	0.8767709811953498	0.7959921773100428	0.22128276353586906	0.8719263083205757	-75.17985762244771
1575000	3.4142610940881983	4.158356013888948	0.7832050182025725	0.7950401215602583	0.22735774136719117	0.8030078486248877	-64.0142867404775
1580000	3.18638055169799	3.7203807246377787	0.808916206770676	0.7875066054308836	0.22792073797696216	0.8180537463412281	-77.26015540462961
1585000	3.699681777687184	4.050383644770293	0.7714027476552572	0.7968216539779687	0.20773096354064166	0.7211532148473334	-64.52884918855716
1590000	3.2236157878062066	3.5152519824743185	0.8673049509199842	0.7747993195553179	0.20371814648787442	0.8667276423354	-70.90920362292755
1595000	3.3610227795660674	3.6438549486589142	0.7312688834343694	0.7699805372397521	0.27075740164735285	0.7521482403535512	-79.7800709858052
1600000	3.3255738311004324	3.3302300992413527	0.8670058293211357	0.7856516877333389	0.21056058945050543	0.725255806753982	-66.04345268138911
1605000	3.5629706250977065	4.514228254520524	0.7677089704770104	0.7759935888028219	0.24073701554297744	0.8070433117672783	-98.44264382873811
1610000	3.7495008968869574	3.8505206432428585	0.8488900510907661	0.7812981735551056	0.22097865332541494	0.9851556475418694	-102.98715840184607
1615000	3.531798388625607	3.671423922542848	0.7513603516108585	0.7894229844475297	0.21594402582864372	0.7557028493223803	-65.79842852860236
1620000	3.5299016139576684	3.6697937948248445	0.8745990733432655	0.7990210553059703	0.23367392440765797	0.8885747000376286	-54.538221029696324
1625000	3.5722008334572455	3.85903168430221	0.8461415924354793	0.7827090048165555	0.22409817541767857	0.9291634222342131	-92.55840868095532
1630000	3.373368317596833	3.6828337003469858	0.8732019709266599	0.7695920614392303	0.20219036515347305	0.8471960789092159	-73.72607704578684
1635000	3.2255576170098497	3.410472817131659	0.7897981438063487	0.7991412159813716	0.23586019749011275	0.7120411060843027	-71.39483666945358
1640000	3.53166845460035	4.110564848540223	0.7558435962082614	0.778608227615519	0.22381794080240108	0.8343806650840169	-86.09672875195596
1645000	3.201636297692326	3.623210822573781	0.8722197140005137	0.7840529372594347	0.20168419509052274	0.7910708247675129	-75.54990649319271
1650000	3.59059039188832	3.6558654272088655	0.8081630423698368	0.7695785692088312	0.20981894358815698	0.985619467167258	-80.78333116251144
1655000	3.446841573024478	3.6004999990429725	0.7271597302397858	0.7833409750625412	0.2001384744483173	0.7347313701667678	-85.44083865066443
1660000	3.1902621844486814	3.4507535418795	0.8648393252761958	0.7685960522670373	0.22457771549975425	0.712224836049621	-90.4177716740115
1665000	3.2316243769020616	3.3343511957682046	0.8617380533970846	0.7431958718867369	0.27528826577942295	0.7431246506266161	-68.99650144686913
1670000	3.18638055169799	3.1909253068997283	0.8078060292477632	0.7904460980312326	0.21486737592761584	0.8291327868325663	-80.33065275285662
1675000	3.8393861766289725	4.09471273876995	0.859550119780486	0.7607154797187663	0.2058178555731191	0.8077661788264446	-90.11120000337309
1680000	3.5016584923807987	3.6498042386087444	0.8223546158845307	0.7757974729814323	0.23397078478536068	0.7515269066463637	-66.37335941238496
1685000	3.436391279951905	3.792667230004764	0.8019052980668583	0.7464322881777418	0.23634910893524352	0.7077800425263421	-75.77650167614067
1690000	3.3137086822041284	3.582924720239237	0.8772315869336825	0.7526966795597683	0.24509400344182897	0.8956457749938888	-59.292588245194835
1695000	3.18638055169799	3.1961122927785492	0.8908282908808149	0.7910555248254711	0.2272199765682401	0.7520994782444265	-45.05468586723232
1700000	3.1913810363171455	3.3428983937614007	0.8603872795567097	0.7817379821141603	0.20580966465849124	0.9035009188001999	-57.14228964895669
1705000	3.351381065362031	3.3747353600134646	0.8929346279495846	0.7533668339741626	0.25181947891005696	0.7440806801487254	-68.62943974597147
1710000	3.1905485634340334	3.6319009572127268	0.7516545972680028	0.7733215693575831	0.22757154987760556	0.9276816271018352	-79.65369521815495
1715000	4.026307988381151	4.576551036502884	0.8681515576192307	0.7882900483192689	0.20112644671314978	0.9587737659910186	-79.39355786233122
1720000	3.18638055169799	3.5136420043727656	0.8447943868579822	0.7994500003713324	0.2033321310212405	0.9612391639928377	-68.55443764587429
1725000	3.428442256255341	3.442695936412426	0.7978163023914068	0.7776957231187127	0.20175886152301378	0.9803312841517922	-79.45278420992645
1730000	3.2507409544622075	3.5059672392536023	0.8714776271735799	0.7704258192290548	0.2641690015006246	0.9052341831680043	-54.96510202647186
1735000	3.6701812013613146	4.272657690419043	0.7353449593340933	0.7567443142304413	0.20433174591407247	0.7426255921000159	-107.25572523239089
1740000	3.7410079249149852	3.968461643502769	0.8164527428850072	0.7967959126486924	0.2175793335860145	0.7224974782845878	-81.00359698354893
1745000	3.327993068483981	3.5590747777190614	0.77026084679853	0.7989708381741525	0.22299770144273778	0.8208946006988861	-82.89610390969628
1750000	3.681750005421451	4.198398241690059	0.8474355252865305	0.7673462875365333	0.20230428885253354	0.7248591522038949	-93.33916864665306
1755000	3.3075669672900863	3.4782038124536463	0.895092697436389	0.738783685949169	0.23531926755450724	0.7066228992602883	-92.58321454425345
1760000	3.18638055169799	3.2614479445927516	0.7168058191668135	0.7798533943496696	0.2537303085494585	0.7207290240933094	-80.86560781333833
1765000	3.18638055169799	3.2614479445927516	0.8896685906507356	0.7913028755243291	0.22539346562437293	0.7586204331033615	-65.83603756093436
1770000	3.18638055169799	3.427089254950331	0.8037869936573374	0.797884409197833	0.2119200714264819	0.9729913165614246	-86.5204958992608
1775000	3.590697347473601	3.716338853649398	0.7147890652829654	0.7991929945936421	0.21170352361684738	0.7307516975456851	-76.49347617279787
1780000	3.3450931868451623	3.4683433527652645	0.8468557947318432	0.7888527991610255	0.21897964394404884	0.7660862340267375	-58.54153051376267
1785000	3.2648437867117677	3.317510424691961	0.8459594700481086	0.7945545725788674	0.20425953191564516	0.8942593527781612	-70.85507170156495
1790000	3.649669959290071	3.8113128552445037	0.7866788859906165	0.7911956555151961	0.21314813276607444	0.7326536722565227	-79.65270639281133
1795000	3.2012190743893307	4.2362607261183856	0.7475597814804246	0.7914819011045635	0.20445988721212066	0.9355424642128383	-84.91186100994597
1800000	3.2392878550866238	3.4061309646828324	0.8929871617051413	0.7868320681366561	0.2432685902633536	0.8633580090025422	-54.953715178875065
1805000	3.235885030791672	3.875195945910616	0.8956584848076361	0.789260684000678	0.2314720642652264	0.8818476280352716	-57.948533845080384
1810000	3.636501612295917	3.8245814466191823	0.8456171468828455	0.7727233384578888	0.21956446199595991	0.9058091099829441	-66.4083292271531
1815000	3.4420011120891467	3.52305966741712	0.8962551873578255	0.7400064690063947	0.2719106461388816	0.9097534065709266	-76.32720048565042
1820000	3.18638055169799	3.255281301366016	0.7333111068213216	0.7882980429547364	0.2170620374692177	0.7170813488116642	-83.80186913754784
1825000	3.199034202183735	3.216892480615077	0.8183591937480342	0.7725978992734625	0.2376164775009046	0.7074082511857609	-77.57559653523614
1830000	3.18638055169799	3.2730635836922053	0.8317969576036914	0.7871602771314836	0.24108119708315676	0.7390247419167774	-73.5358422489316
1835000	3.3031700439004568	3.3887854342062296	0.8700732607161011	0.7892980974495971	0.2197327837934114	0.8278495351705416	-57.75554837087582
1840000	3.6355159904978804	3.7207635651939084	0.7250087221742499	0.7994583570250444	0.20073301062557247	0.9281855444319334	-77.11279498492621
1845000	3.558484652438931	3.6836850986590695	0.8509615663283387	0.7911281118726775	0.20068456940948803	0.8579947902495627	-71.29525225528704
1850000	3.6699778062754533	3.891964759511105	0.8486977492281158	0.7585821380140193	0.20664682427846942	0.7100524268828136	-96.90957512393382
1855000	3.6093886031489464	3.788740827805073	0.7848124844622688	0.769358751072531	0.21406228099625116	0.8874564129133605	-86.62877225039168
1860000	3.4916482642138913	3.5795434823853487	0.8735604996095229	0.7845555707393709	0.20129298546033558	0.9111036045017581	-78.02043887161642
1865000	3.389338098918756	4.140331105773874	0.7816066492676572	0.7530825276158971	0.2335922129781985	0.7885362379349706	-79.96033757645208
1870000	3.7165228693693986	3.922313037654768	0.746840733743563	0.7537740671694949	0.20077504939807644	0.7941969595510613	-95.80243940713089
1875000	3.2972168425303314	3.5374411336448826	0.8527793229050844	0.7971671891041275	0.2236966266290819	0.8524715755651947	-75.50474429494892
1880000	3.18638055169799	3.213310964801017	0.7544728880582663	0.7962048378616063	0.25665114604984074	0.7137090581969381	-50.69665583130637
1885000	3.301661347011326	3.9272437985274196	0.8165809320950859	0.7872192144983644	0.23131867495683675	0.7796835382567687	-70.7331924177418
1890000	3.276035918370227	3.279941734177392	0.890756694332936	0.7948289026900945	0.2001819523429899	0.7120026950115659	-47.41955272989766
1895000	3.3807346141139623	3.7898094590174543	0.8786047210110628	0.7956047913961088	0.20785358858547984	0.7664785369938728	-56.48080586821651
1900000	3.2801000173018275	3.3432162429135213	0.7010455596329521	0.7943749171214227	0.23113577741809782	0.8251608828991037	-63.01349619758701
1905000	3.8864298893160982	4.151013357938549	0.7394252152821814	0.784875986632223	0.22552240023364858	0.7730590418237134	-81.84924669321487
1910000	3.23072407896687	3.3021836535601286	0.7346002871132	0.7544084093600381	0.3228815420615303	0.8404783658922863	-75.56969252136085
1915000	3.5867110269005074	3.7806360469325235	0.7896410164298859	0.7635691383426344	0.21048964404003914	0.925419118361224	-89.14383329749288
1920000	3.2233895798570282	3.2685653670057455	0.8508457386406331	0.7915099858217659	0.2533347945954754	0.8011417497531611	-66.89290631341075
1925000	3.271024237539071	3.4063448025953216	0.7671079439622338	0.7712571708094872	0.30785865508347837	0.99848971359774	-71.16265409790716
1930000	3.5649015545673275	3.910775364600163	0.8552877211323339	0.7978872385460272	0.2096469201675015	0.7257717614928608	-67.58217521605383
1935000	3.3952462707882787	3.711280676383864	0.792841984290712	0.7926707334480851	0.20045261421599953	0.8453023496238226	-74.68153340720386
1940000	3.18638055169799	3.2468608939499717	0.8906488952300082	0.7960562282623086	0.20398767528617645	0.7103277039061432	-74.7706230770763
1945000	3.3940188078104834	3.5398307510060874	0.719394524209815	0.7643874985603493	0.2139039771822815	0.8738889605503427	-85.36594963377877
1950000	3.18638055169799	3.294012212222534	0.7567413648640724	0.7795665103926348	0.30222976176441924	0.8106345195614578	-69.59771065580924
1955000	3.3655443981551496	3.5179913698760883	0.7214781856161588	0.7887696223507668	0.2225649887033188	0.7491928869920441	-75.33526825466674
1960000	3.417821744525167	3.577946352540751	0.7853678474665653	0.7586457869645744	0.22712564707197955	0.9261171522909034	-77.44053580666332
1965000	3.709257277489445	3.8147623534648156	0.8729097041068806	0.799259447478466	0.2264446780650277	0.8116308848196606	-46.761825266358166
1970000	3.18638055169799	3.554862227482108	0.8152756395357438	0.7938564993803809	0.22899308511431588	0.9477877117158892	-59.30882191841573
1975000	3.3305187721063243	3.359552319623848	0.7704298756206323	0.7925216453843881	0.22294713630555746	0.9952638327078421	-50.65559041862598
1980000	3.5566970169338195	3.5736471761350455	0.8835611375520311	0.7949833904886383	0.2066533254247461	0.869330865837504	-42.18026264199584
1985000	3.19562326677016	3.5843735523160904	0.8487124302264337	0.7549559393636364	0.24185770438688745	0.9431633294416047	-89.33397780693636
1990000	3.3961245352747507	3.6270336727027206	0.7063714350651734	0.7958478319363698	0.2092047734040581	0.8543243210067645	-68.97069340563223
1995000	3.2164143642567464	3.5804467504628623	0.8783865743075745	0.7913168342507554	0.21662402068457554	0.7816444915094843	-69.21070530546393
2000000	3.3997466966342964	3.7740251788670416	0.8924665671922901	0.7980002865217627	0.20496598343944467	0.7012280986809049	-71.73787914419259
2005000	3.3026413826289898	3.410657095198628	0.8753262478689696	0.7966168389234957	0.25668197002972554	0.8746771834184883	-66.06367905323566
2010000	3.7467307186189798	3.892816309881938	0.8762126669407936	0.781742046670838	0.2172961494374853	0.9767638490442925	-74.2025471491215
2015000	3.510248545495516	3.619360874003871	0.8311415409792744	0.7937689083050715	0.20047640493879776	0.8928334848769215	-74.9195145013066
2020000	3.233149740021779	3.349143155786316	0.7241374956553464	0.7941090559491469	0.20505700238233546	0.768855230901443	-65.57781971808316
2025000	3.748089060884006	3.756848194354262	0.8497996167829391	0.7943557632261682	0.21153725546631674	0.7134613469966503	-67.2652758100503
2030000	3.508190234363305	6.140516014733499	0.8443578266540801	0.7820442349830133	0.21405366710740498	0.9814204665274453	-79.45842391268454
2035000	3.2226825620401867	4.555518033047871	0.8384336769708322	0.795332825894515	0.22125588620468004	0.8509500719935896	-57.023504615882494
2040000	3.6851578645258303	3.9503601124621732	0.7919284960279527	0.751529814144299	0.27048244832913954	0.8867549399503234	-60.290650457134554
2045000	3.3004741501179935	3.865152879032557	0.857556352164441	0.7974352217991604	0.202532838188945	0.8567793765059268	-79.92998835304576
2050000	3.2900275828463243	3.710284468285642	0.8659956948985901	0.7954483527859606	0.24791587517253538	0.9967107726943991	-44.18124771987911
2055000	3.584296243242284	4.12479753110531	0.7275376026570425	0.7591209317528165	0.2097958756641113	0.706705409626962	-87.9960958000288
2060000	3.18638055169799	3.637491512821529	0.7141257090114346	0.7951397006794375	0.28087546318375584	0.8681818115305736	-83.82644361267012
2065000	3.18638055169799	4.146807907706742	0.8319708959924237	0.7933832991597324	0.21082403038143338	0.7727367423363122	-58.174443343133504
2070000	3.2166601383570894	3.4384071987195006	0.8828964751965024	0.7693140074295369	0.24500884700463033	0.9065047401359175	-53.28315431054683
2075000	3.334974022556284	3.587861565484586	0.8723984082924388	0.7747875835309931	0.21402383338242145	0.8518206360974412	-64.36048928156586
2080000	3.18638055169799	3.299318221864487	0.8924085014182839	0.7989294285315436	0.20724443100310577	0.8731351045459718	-55.50556215261409
2085000	3.3836965585374195	3.436432003224633	0.801053622706754	0.7416369875258912	0.26158726160074186	0.7076613392223037	-68.90973151301904
2090000	3.511778763436743	3.6176243784893583	0.708160775016149	0.7998894900142411	0.214594640067261	0.7411820220751766	-71.00816434939935
2095000	3.2888099675522158	3.587490334059671	0.7970527903340786	0.795687159721465	0.2311191553522506	0.7250562541508733	-57.93547401298745
2100000	3.3958233194846064	3.640430446549208	0.70015660272354	0.752866487681606	0.21437217147199955	0.8324230286131394	-95.54153384857767
2105000	3.477924124714619	3.558208687372496	0.8502538553404185	0.7599312061044216	0.2275911094847284	0.785367354877506	-82.99729041091177
2110000	3.18638055169799	3.2272877420537753	0.8818116883519387	0.7874516997363972	0.2084434358686398	0.7644107684095958	-68.66554408769701
2115000	3.2060752715022223	3.3738615076843783	0.8561021311720514	0.7821478694244327	0.26148723000967244	0.7197928634269278	-68.82864267005613
2120000	3.4747141345216717	3.679945083899058	0.8152253583562058	0.7892717270401578	0.24135163956488748	0.7798129251651855	-78.83291784005809
2125000	3.2661493139556517	3.283105541541519	0.839485085683371	0.7737174679067865	0.22405094776739135	0.8175952303791584	-64.79961044080721
2130000	3.602921680842505	4.470242592193228	0.8271581081810713	0.7923300621143464	0.2095008372031395	0.9142908774709844	-65.80024673715837
2135000	3.18638055169799	3.5437480179774448	0.8939785520675203	0.7964828194957136	0.23367295254766007	0.7948247699584301	-72.02709360133602
2140000	3.6703948709668333	3.6882263676946803	0.7732476726989419	0.7969002982877013	0.21031364997153978	0.9317201038204713	-74.60408990881734
2145000	3.492498519463787	3.764198614304836	0.8087491386191368	0.7912508426017194	0.22803168257966905	0.8992696851539368	-75.35221285980535
2150000	3.26667387878599	3.301567203288415	0.7088949440047312	0.7885964900134628	0.21491127439438115	0.8487066079259745	-85.57485931211272
2155000	3.364720286315672	3.60135759851244	0.8159155147496897	0.7950829549317734	0.21466130080001633	0.8240749734867946	-62.15396589150277
2160000	3.434180401365539	4.396168125426235	0.8662078109433026	0.7939741238485143	0.2103461745771865	0.7161533168748226	-63.58369063370393
2165000	3.6870097226149854	4.11400661213435	0.762344231181456	0.7957050928634594	0.21986307013476275	0.7544827904019374	-77.7832879545887
2170000	3.1951680671124287	3.584453665115615	0.8946532028730899	0.7903236000047358	0.20556530190560598	0.7652839512542798	-57.35151933759442
2175000	3.578692133321014	3.921365380669312	0.8092696666592906	0.7603986364516512	0.23056090145006747	0.7377137830347859	-83.68056124418194
2180000	3.8629181756753033	4.035043431368384	0.8286513605631536	0.7677344044797723	0.2435059673671959	0.8447146043414259	-77.71305093992072
2185000	3.4016497809122455	3.931797743761009	0.8867028579906665	0.7663312857431718	0.20128084023147377	0.8542733373153603	-71.6173853952231
2190000	3.338532482004684	3.364781839630343	0.74840577645859	0.7965303370221541	0.24216499466097016	0.8732213431626107	-73.17285499420629
2195000	3.641562005744592	3.7730292589106007	0.7461414067677854	0.7918554226626526	0.2176186190902451	0.7229544665686305	-81.90229671374752
2200000	3.5381278428656935	4.329517268768492	0.804423068821626	0.7581762256136059	0.23460922224103287	0.8748079912539405	-83.76513580048271
2205000	3.245977647914823	4.290775272757447	0.8573597879660901	0.7859119578806056	0.21115919095286007	0.7136526071730667	-78.31657291906419
2210000	3.586521506068225	4.982985897641615	0.7968486791490664	0.7691700711756181	0.20626381089983917	0.7870709556514977	-74.05941719093639
2215000	3.4920392617002465	3.9631789666301964	0.8866066193531774	0.7947350327443724	0.22650195059309217	0.7544126015864099	-76.27099686595045
2220000	3.18638055169799	3.3635222272704723	0.8663347184045235	0.7864604868400831	0.20494862916112266	0.7259274560010646	-67.99726475628808
2225000	3.5797556387195746	3.6390625487505948	0.8653783973145923	0.7599553263331728	0.20864346097365247	0.8301398423981523	-77.12708426935592
2230000	3.2319128383854916	3.8467196229758103	0.8686024578044952	0.7806615160263856	0.20724421689901631	0.7918220421823278	-62.31174630182042
2235000	3.2480424819221976	3.3201319856505607	0.8397236674551862	0.7605710800701591	0.23876743633520928	0.9309635255130465	-67.0300942761258
2240000	3.7679528259666326	4.498285516581355	0.8906077962707716	0.7815348034668079	0.21922608762479645	0.8492284401929673	-72.67358945922152
2245000	3.314833187092793	3.5505671672395978	0.8403047572620095	0.784471578065736	0.2292817126378269	0.7683798350499311	-65.93889559776323
2250000	3.382931410379154	3.392598168655075	0.7338337704348801	0.7942896689372716	0.21272745793474176	0.9086288776714206	-69.32006880642524
2255000	3.2983853447572073	3.668156904125425	0.7735049434585767	0.7568138530750912	0.20728829904157595	0.9486300466320216	-96.76170314237598
2260000	3.586531248904579	3.6542219873115585	0.8070952242832224	0.7826361625050716	0.2301670586536512	0.8829239297754492	-75.39641943735464
2265000	3.8114327536072214	4.177497077764759	0.8606445432846725	0.7518198211386856	0.20174326096247944	0.7114660732245481	-82.77666826473094
2270000	3.2124442918472464	3.5913797000781584	0.8671134845587924	0.7740736678276157	0.23179551666465315	0.9739289284156046	-92.87141080674999
2275000	3.4126212242085474	3.755863780018406	0.8313379867003121	0.7968818794705474	0.20766130923018847	0.731075685487099	-69.36064737671006
2280000	3.3040377470724867	3.594799043274149	0.8456118811161475	0.7878742357880696	0.24270839093861302	0.8256306358625177	-61.37396146983087
2285000	3.743535267575771	4.086558412931138	0.7548162730943413	0.7947855136445174	0.20939811871880953	0.7643576440216077	-80.6601232112233
2290000	3.321395811883654	4.296297613654967	0.8875244059471417	0.7962416717069167	0.20183627709436885	0.7760853897685744	-60.73325006642818
2295000	3.362661353121942	3.4880941359794098	0.8460529247855467	0.7942366363676489	0.24961811308569198	0.7877845967578971	-64.00969652211654
2300000	3.7754730027666747	4.329168211099038	0.7654131953249934	0.782810302420291	0.201322483021087	0.7284303551522153	-88.6431061985711
2305000	3.484037203687709	3.629575771569267	0.824400143008862	0.790802905882538	0.2257730274968115	0.7064679439760511	-74.70740098356922
2310000	3.5632567413810285	3.614019391677689	0.8287910114947895	0.7567587395773029	0.24266893566537884	0.8480996710522448	-88.59411931582275
2315000	3.6252917024969187	3.6365059077987296	0.7340834351524782	0.7897601212999567	0.2223728003399666	0.9553258603271633	-75.70659662298988
2320000	3.2137689202643034	3.285119805411166	0.8065306996516793	0.7550970714936326	0.20414008637088796	0.7805452432489464	-84.09209816616027
2325000	3.18638055169799	3.3190813050777117	0.8746766684170475	0.7968148410092819	0.20803882154793893	0.9043723329957982	-52.94255652303338
2330000	3.3222118134472605	3.8979452914664283	0.7571654901011867	0.7929153239291964	0.2440987736912634	0.9746459663516716	-80.5683586062778
2335000	3.18638055169799	3.8605384600709653	0.8371734948489489	0.7616272345253252	0.2596660063248742	0.9022074380059095	-85.18245185535582
2340000	3.18638055169799	3.4589074560633266	0.8686464530552891	0.7978450597151534	0.2494817513438875	0.8259691227959604	-61.0353329446423
2345000	3.1909747116519487	3.829929517641411	0.8641852380408223	0.7972318077960662	0.2342220103736214	0.7971119716392455	-69.26926735100074
2350000	3.207687022957185	3.4338052844226996	0.8083349029662494	0.7955870272908759	0.2004194953835416	0.8827795592600971	-67.5567500341403
2355000	3.712119900034846	3.803667029805892	0.7845074961288244	0.7836072213435721	0.20205852518071074	0.8184059673691653	-81.71327021883255
2360000	3.5233031001053488	4.06383983704966	0.719548076726525	0.798327761302225	0.21091283593289278	0.7510791498632082	-73.79251224800953
2365000	3.4627516902952604	3.6724553531331	0.8348373962384199	0.784995818302133	0.23025535335488584	0.8612440189987166	-78.29541848615233
2370000	3.4617099773473567	4.005127715767236	0.7632847777161568	0.7920096893924955	0.21094920885282048	0.847345168031666	-88.64176767042804
2375000	3.2011191542720074	3.220419011783022	0.7470250941123106	0.787181630908081	0.20722594319513513	0.7150485423766988	-76.09466185828231
2380000	3.2447306593740453	3.425467914494261	0.8860602430446762	0.7797390000141314	0.20714224164595763	0.832382183877798	-65.86961790367869
2385000	3.3796944018579134	3.5238611890712366	0.8768050316086679	0.7999844896085005	0.21080208566614064	0.9251409024597959	-80.15267384904024
2390000	3.631548092700785	4.11798966347179	0.7705493177483884	0.746618409889832	0.2427232561357793	0.7689300174784133	-95.5539200241657
2395000	3.18638055169799	3.2985543491546467	0.7931725973748768	0.7989589891091713	0.20135589997087863	0.7873625536958154	-69.76891387157994
2400000	3.583654598588761	3.67416759287643	0.8727449534722884	0.7933906466398736	0.2113359276319823	0.9468446737832391	-68.80525705335086
2405000	3.4527203741550268	3.510467347536313	0.883335513333774	0.7608109546495117	0.21606360602827895	0.7269352507808102	-70.01610566038423
2410000	3.3287270480242337	3.4266018814151	0.795556549947422	0.7893190422047999	0.2029817406092461	0.8316557846134183	-76.16659778506744
2415000	3.8108422781413145	4.692825804555449	0.7766645531608682	0.782193502425119	0.200758470005805	0.9223747031909633	-98.15229638409767
2420000	3.5929495991994966	3.919241464419562	0.7475635739163677	0.7984737309423801	0.20058986992675443	0.7070681421322327	-76.23133393598573
2425000	3.228567693292256	3.235729776565283	0.7983447900430594	0.7896162988665564	0.2607489305855109	0.8663022511444899	-78.1653027192076
2430000	3.18638055169799	3.528132161861132	0.8868027088791508	0.7925363377899328	0.20169881718847962	0.7864136561781015	-59.5331993961673
2435000	3.3438508212708142	4.105610241400125	0.8600074696368156	0.76168084791123	0.23109933220850873	0.727056805435874	-84.72535264810605
2440000	3.275898964724122	3.6418255063659175	0.8854529382203383	0.7983584922177566	0.21307652553676637	0.9772381296843421	-65.72632779176266
2445000	3.18638055169799	3.296793439940796	0.8780164275640334	0.7973817488007937	0.24874018128738393	0.9775580476970831	-47.05027184895886
2450000	3.2959109223518017	3.361417710820072	0.8872996236826824	0.7933921463392292	0.21737185022018848	0.7600450573716508	-54.193986674023
2455000	3.632110705113494	3.877171849527096	0.8937555125005071	0.7969085337649823	0.23461540996788427	0.7912106606321871	-58.23255295569288
2460000	3.4932722337771898	3.6018376915715042	0.7586868104752083	0.7885607455933765	0.23216058722458943	0.7861365046063244	-67.26401919226842
2465000	3.35746125131577	3.517728224137376	0.7868115139166508	0.7873529670779252	0.24150081599604015	0.8555097401362474	-78.05156411864567
2470000	3.18638055169799	3.4056514149963193	0.8295774098292892	0.7877599706465684	0.21045296478914913	0.8065186093417442	-62.10900827462806
2475000	3.3781006687007937	3.9795237940466905	0.8640694269996355	0.7932510654624115	0.20233232872065376	0.7385783712771286	-70.51380949677028
2480000	3.37519339534618	3.512758511016831	0.8903774915888765	0.7665830262087778	0.24295793459637005	0.8039472955524534	-73.32042845533184
2485000	3.3922387051602483	3.3930613361031376	0.8848550127523425	0.7684622330502329	0.2028489812716578	0.9531870027847749	-66.98732072917977
2490000	3.18638055169799	3.459209972958099	0.8349362525993397	0.7879751661729202	0.2010628570119095	0.7175614062123657	-70.90314988960071
2495000	3.638224914319974	3.6784101064041503	0.8622268513302819	0.7752943750105744	0.21189576272624946	0.7845340966656035	-60.57738482350134
2500000	3.2793882902416787	3.472108501280151	0.8956249260556278	0.7916074791392814	0.2242702796089231	0.8358876004819218	-84.53307430858328
2505000	3.18638055169799	3.3153980836494252	0.8882142650211153	0.7859654442574807	0.23582287113676914	0.9397417658748201	-61.05441320415705
2510000	4.584249282170332	4.6936173520965045	0.8030429695056984	0.7558594791928026	0.20121207742078673	0.7578002127575834	-88.2954824369454
2515000	3.5679165127611565	4.09240399411966	0.7980913288164108	0.7548184601241452	0.204783415154396	0.7625230054937057	-88.12757808860593
2520000	3.3328563569247294	3.397658201280412	0.8588671136121435	0.791550075455416	0.20536951986476257	0.9445926416844731	-69.0433416316057
2525000	3.388413242888409	4.050145062968768	0.7537751772587096	0.7996208491150241	0.21533329625020045	0.8033005936194245	-67.91475057086677
2530000	3.2734067876829345	3.412756586556197	0.8493087362511165	0.7539565339432773	0.21046000397768522	0.7454693680826346	-88.16135668533175
2535000	3.252712631993999	3.654046288050242	0.8404582648059312	0.757538034049845	0.20867772021100317	0.7079113124159725	-78.73473038015089
2540000	3.3010190343974846	3.365546313819223	0.723887999792028	0.795257702372576	0.20077325627808967	0.7399010646608086	-74.28800425560638
2545000	3.273347059935213	3.9837739872034144	0.7664165479539211	0.7763090130179278	0.2886135312499487	0.7834675066468347	-76.75034706548766
2550000	3.5360941036929288	3.817216006168987	0.8350470483302169	0.7803665423137155	0.23809684127076422	0.7304869866201702	-70.97798947762524
2555000	3.530849709835032	5.268757686561019	0.8547505359969717	0.7785948192581854	0.21483336676364084	0.7838408520265411	-86.94392622800467
2560000	3.494461707575241	3.4947640414797108	0.8526479113534519	0.744025905732245	0.21136894742184356	0.7194349764754724	-78.88754062850376
2565000	3.6163726907357066	4.154702638674527	0.8270415802513721	0.7954923867957672	0.23646843904823725	0.8955854666168845	-66.34322844827179
2570000	3.343504743827383	3.408635029433016	0.8854223712981422	0.7717530260832207	0.2745922434801371	0.8871582904168311	-77.22898769402528
2575000	3.9594639743397257	4.291525767055708	0.8675098548462125	0.791678079351946	0.20607150600266003	0.793086429493262	-70.89300439191103
2580000	3.450115979582404	3.9324851249534483	0.8411931308424471	0.7938209260859822	0.20701461081459893	0.996544641967198	-61.983314858562416
2585000	3.224894335829361	3.2420006896110642	0.8849264141519332	0.7982093266245988	0.24524201534742296	0.9291039087263703	-43.82498246699196
2590000	3.18638055169799	3.5198854491693172	0.879042107005318	0.7840185565783282	0.23581915926755492	0.7941025180330604	-70.95978512489879
2595000	3.3339868033779667	3.373461756121604	0.8347911300243419	0.7860052959669895	0.20271032162444247	0.8380540202541799	-67.07891054584883
2600000	3.18638055169799	3.748638232195556	0.8173184453808572	0.784965462981399	0.2675050060313033	0.8147689775087741	-61.79231990980737
2605000	3.462919625120529	4.164529681513924	0.8225187050474086	0.7867212005842796	0.22185488991786825	0.9081866112072231	-75.55873030195087
2610000	3.426408845681936	3.524569385461153	0.8933644272692565	0.7995830404471655	0.23627613549247284	0.9120281000591691	-61.62045070150503
2615000	3.219999217796879	3.405083784293687	0.7786093266738368	0.7993249166205907	0.2558602056446871	0.88813388996124	-53.90096722341865
2620000	3.1953049180316597	3.374447967964951	0.8863168072635428	0.7956276173046022	0.22114331912855645	0.7735314935154045	-58.93679645422136
2625000	3.441164573450987	4.693619054693572	0.757915011365477	0.7670592940351879	0.20160756734488927	0.9633800304075517	-81.86898697474487
2630000	3.4314976520962914	3.611811947712096	0.8990325863388852	0.768467607780454	0.21030510037628972	0.7974663537276016	-64.1293664355845
2635000	3.6173763327084374	3.920728986217312	0.7883644025327197	0.7958519494515669	0.23597047717066472	0.7008848590622536	-76.45341423707299
2640000	3.304666581054567	3.349065489904979	0.7744709505690257	0.7978803947461018	0.2718346244993665	0.9152226800759566	-67.89765792920255
2645000	3.2056404720856686	3.47632463922957	0.8016592861640879	0.7983421637650892	0.21486970625302418	0.7933335815122972	-76.46989945642429
2650000	3.6022137829138234	4.150558168835617	0.7671349322425544	0.7993437233999654	0.20353680018545536	0.9797962257391997	-71.16971286416506
2655000	4.064029169387316	4.5828239634799885	0.8005191000049507	0.7239455043142347	0.23016506784751029	0.8046578306977231	-94.77409281256874
2660000	3.880917738046168	4.162164048835187	0.8989101767445157	0.7633397736033505	0.204288586338576	0.7666660873280179	-86.5853580822409
2665000	3.420483370907539	3.5199062553493854	0.8380005771831801	0.7920334967934217	0.2465514933845998	0.9242909338646442	-56.72461568142216
2670000	3.2237470437027125	3.6270414220457075	0.8018396594721845	0.792325122554455	0.21843391467888018	0.7651825308951079	-51.382560024929084
2675000	3.256514036062511	3.2921944849056017	0.8992690985092447	0.7998560956981743	0.20371548451973548	0.7854150060079711	-52.90052749548636
2680000	3.2262252684644803	3.269190523323488	0.7641375496276158	0.7866359813468973	0.2043344916333675	0.9051755879515477	-74.17245764965892
2685000	3.2252819944956994	3.465186553907163	0.8198403199196004	0.779004272024273	0.2635725267137171	0.9286509986110472	-69.18867357764194
2690000	3.18638055169799	3.625299220219247	0.8201005830377278	0.7770177516320782	0.20731998796938528	0.9222685768679866	-75.91683909800844
2695000	3.3764749034774244	3.576493129197173	0.8009736362627916	0.7959317707906538	0.20236745539160078	0.7670304866409189	-77.61901886585386
2700000	3.461440827680928	3.778230292550105	0.8722589437040754	0.7732668316995038	0.23651974161571132	0.838867360450357	-83.70726508684373
2705000	3.2428376465641553	3.457825863247077	0.8815389896235027	0.7791909924106816	0.20068119947525712	0.7822223523266782	-74.02241931903237
2710000	3.203831395766282	3.9122238190343235	0.8462328174481483	0.7975330946004138	0.2474903615957451	0.8011110839629091	-72.34100997175278
2715000	3.3464646845681445	3.697510875730639	0.8866846588214702	0.7635890410348388	0.25104748742127897	0.8345479204805262	-61.566324421598715
2720000	3.6490920092175116	3.767927156204145	0.7293598533921817	0.7372708077904659	0.22095911418169162	0.7762724802361967	-93.94480923902566
2725000	3.2897110284399402	3.327160511912497	0.7004419967416979	0.7791773822852637	0.24836039704518825	0.8503568628806102	-75.69908470697916
2730000	3.4713504597651	3.6618595947620207	0.8722400512562867	0.7889155267091833	0.2006563789287478	0.8095826112495028	-72.85029352584829
2735000	3.18638055169799	3.5489270970155355	0.8959973303670067	0.7940984152457411	0.20888525324276883	0.7020184140192215	-54.19725154527146
2740000	3.2577988240108318	3.6895269613889483	0.8506860992919221	0.7931444690363518	0.20451392668126606	0.9419733587045447	-66.10241677766723
2745000	3.450658332609669	3.991713028642125	0.7825769801762843	0.7920012324913459	0.24130715319567686	0.8090824549625067	-82.47524460394689
2750000	3.2473488307000165	3.7191542849828174	0.7007804128020608	0.7878001614104588	0.2871362324242121	0.9448624129480193	-84.28299114710964
2755000	3.4086902037593783	4.10840247884439	0.8696937869571799	0.7847431068628121	0.21279022088433525	0.7659114040536046	-78.75877352493137
2760000	3.2003292662325884	3.2357940532784735	0.823479023052717	0.7614001995973932	0.25946811624650834	0.7370570900171878	-66.1470280740545
2765000	3.1948509836282475	4.852618167754789	0.7920120276861159	0.7788283507235015	0.2069419031831831	0.7700223277773912	-88.15317088082463
2770000	3.852393183299684	3.9457473747876852	0.8715017681022476	0.7425003245710002	0.24693756188859337	0.8777474045312048	-83.53576841533086
2775000	3.473271983078679	3.8785751075830874	0.8829611596376142	0.7706511742428166	0.24668230644472397	0.7248844259145002	-64.34121844306912
2780000	3.299565604236	3.476004881243057	0.7344244111846508	0.7429382271077839	0.2631431804738122	0.9746753377306228	-75.87323448480703
2785000	3.37064144818987	3.4548421614853355	0.8750392005735111	0.7710787487747218	0.23661533260608658	0.7412405670305762	-89.58062152453854
2790000	3.457809529130756	3.712560551663026	0.789856230640164	0.7531645597928691	0.20716864505857965	0.8031425970447628	-98.0969072936391
2795000	4.214336867015873	4.321046149513075	0.8783326087676815	0.7776311792335212	0.24421405917333533	0.8676141182237791	-83.48563667657106
2800000	3.8097243436671064	4.250516826655614	0.8443256664135005	0.7392292603068434	0.22439214560970192	0.7282417933005788	-95.04091453544089
2805000	3.264677180101738	3.967802479762037	0.7529984800498954	0.7922250757186181	0.21693526526761	0.8881433111165002	-87.251964297722
2810000	3.342132845373105	3.916285125243289	0.8498725954566229	0.7777005648138932	0.21181573331427528	0.7341406581658295	-63.64687819974535
2815000	3.388071185874012	3.394311572473234	0.733213668962385	0.7469015771211155	0.2186650958920337	0.7485196802054828	-106.93414380845866
2820000	3.18638055169799	3.3320240966463306	0.7284992907715168	0.7741469407313556	0.23364273728120225	0.8745331011674573	-91.62615913049459
2825000	3.293245690188734	3.3519139155099	0.8498429941334175	0.7919881999748519	0.2048248293487299	0.8265617545200482	-72.60202442154656
2830000	3.565678898405085	3.6330892595545765	0.8151574668119974	0.7616872107418953	0.209717111981405	0.7053673618860627	-73.10218577099283
2835000	3.2730043123682084	3.3844290402125203	0.8808587302354761	0.791256396655198	0.20189911712112094	0.7901504726284332	-54.13990171628574
2840000	3.19378256537211	3.24767973315526	0.8362794040137888	0.7878430601834875	0.2570521822970687	0.8392883056692796	-72.63955367128699
2845000	3.2209450218146625	3.3624712498017137	0.8552563058687925	0.7924775468677222	0.20784534753833345	0.9498988208186134	-48.41723455575128
2850000	3.18638055169799	3.256591491570283	0.8553942913640988	0.7967107290396445	0.27532619725213525	0.7311424854692389	-58.175683460978135
2855000	3.223550160966573	3.3680131190827796	0.7716358789956523	0.7966852978049078	0.23628493188095503	0.7512109416275229	-66.69773932277155
2860000	3.375121241152264	3.4013168204281357	0.8679735691204271	0.7969775740650097	0.2564230979543047	0.9157387023990156	-56.00294406899824
2865000	3.18638055169799	3.2968861171702493	0.7403506613468556	0.7968119128701826	0.2971428067408396	0.8995681108358519	-79.41753986066078
2870000	3.198471648940877	3.258402580515912	0.8919892849391138	0.798326840343763	0.2676524850240973	0.7500055736532306	-50.106506360098415
2875000	3.1874108067991798	3.311023292786332	0.888612429041492	0.7658784333003477	0.23292440001205192	0.8113229311030594	-64.1255087832779
2880000	3.2873659486340587	3.5274616606111087	0.8438014790551369	0.7864373028695982	0.2368763066202869	0.8692685766832724	-67.15962478824878
2885000	3.18638055169799	3.400268283863594	0.8023504511293621	0.7956557313172213	0.20459410753800597	0.8985939231204343	-79.4099611768965
2890000	3.228851116692574	3.997032217870174	0.8274505904321519	0.7984518189560456	0.23029645310967709	0.8675798246349026	-55.497100388584016
2895000	3.350838423085362	3.367247238520738	0.8279318701474384	0.7764148929030967	0.23986896014633843	0.7011468431922273	-61.049490339421645
2900000	3.738197579225069	4.17456545636862	0.8023014179696284	0.77246838919136	0.20905858858272333	0.721221297044188	-72.45780434779212
2905000	3.18638055169799	4.044027118816331	0.8370896428700871	0.7925306829385049	0.21318768875484906	0.7031838626945709	-66.63518729696432
2910000	3.6343808356702096	4.933830017397697	0.8531477462983764	0.7947006366853069	0.20167862954104684	0.8269458734864727	-76.11095149796233
2915000	3.3492655086240846	3.3610640196089787	0.880721284278142	0.7610831702557247	0.30077760256606495	0.7149548335015081	-68.68384570729322
2920000	3.5760616908609566	3.7991187817667598	0.8046391881203107	0.7914635825752305	0.21157189929989428	0.7437362464705657	-81.72304537005283
2925000	3.18638055169799	3.2682032670493313	0.8318416063263909	0.7831875494278702	0.20089020785940118	0.701819286593704	-77.48257030054529
2930000	3.238535354335971	3.2774274825900505	0.7070601296583888	0.7706974828126422	0.20857161442158823	0.750649731396898	-84.2914848863604
2935000	3.2837963849676193	3.5400991230391985	0.7760864249683301	0.7963794585159971	0.24318164692065442	0.9620231240193776	-71.24761249211824
2940000	3.605802154243439	3.909314687800201	0.8403364522721496	0.7697461665867454	0.21472333438885896	0.7062002046396586	-90.91371750668281
2945000	3.232640212006024	3.7476499747416123	0.8129059556487138	0.7714798350682555	0.2081404480075796	0.9724349068867504	-82.50186802508512
2950000	3.1872647895617283	3.3958678886808733	0.832611828364983	0.7757899957360137	0.2642510998138365	0.7651781350276752	-61.69145548557716
2955000	3.3696210021432513	3.508763751996268	0.7691079603519506	0.7963115461140333	0.20675377959642333	0.8534051086643009	-68.67122080411613
2960000	3.547061218822578	3.9275353674267444	0.7874229072704564	0.7740813661172975	0.20392131051533433	0.8677249669671757	-88.44136988336882
2965000	3.6206878572785803	4.3131393926980754	0.8487640136741226	0.7651483044747048	0.21571139870361566	0.9149524487373764	-89.90325413722547
2970000	3.2083967895545613	3.346870559284672	0.8897758951012934	0.7771123523933263	0.23947861472688078	0.7896604664966369	-74.32352483516829
2975000	3.195598400421676	3.974744194192207	0.8484143497817613	0.797029383448513	0.23398318700372142	0.8195613595052432	-53.65531263424975
2980000	3.5844543670704687	4.105874228555461	0.8718815909570592	0.7731946078684553	0.21267451005764987	0.8794609607208035	-88.54768675542266
2985000	3.579632899346014	3.74490155665199	0.8285436325221209	0.7952211021284858	0.22396280264040042	0.8878855157731036	-60.56435327945349
2990000	3.2785280154262186	3.419678906999391	0.7907268264614331	0.7993512745971658	0.22318963156449712	0.7597320970735693	-65.42039390778888
2995000	3.18638055169799	3.2311003152366435	0.7930113060631974	0.7967347509801908	0.21497390806968247	0.8849281206014165	-56.98191507091231
3000000	3.2739641796096235	3.4182590732499847	0.7221274372807162	0.7955025159632653	0.21556770197293557	0.8130017622128863	-67.87649226147846
3005000	3.3412728509082443	3.610454435704321	0.813706681813229	0.7432919836459285	0.3391051587480504	0.7877523968340944	-87.67724036252756
3010000	3.433498016035868	4.616046280627014	0.7531394333252263	0.7619833814224378	0.20342319774781814	0.7958474193667461	-93.39997507864436
3015000	3.18638055169799	3.232411587789562	0.8882975085514659	0.7746049252934868	0.216135665561298	0.7109742353951626	-78.31035243205764
3020000	3.2349016660458534	3.5825646086398075	0.7805022362961777	0.7942730955507316	0.20405965600929657	0.7607857327959157	-78.20564522347249
3025000	3.7234892538842876	3.7826645548629947	0.7068519383140258	0.785965965465307	0.22247686831703137	0.7305237938472908	-86.50812304797151
3030000	3.4153141569473076	3.9087696516983006	0.8023702876150316	0.7342824872510486	0.22107671813216975	0.7839170455984175	-88.43253988333433
3035000	3.5015379737332206	3.7376620068914828	0.7728711260273267	0.7842622073388054	0.2261950696725085	0.9872827391230451	-82.43972405916432
3040000	3.623302936787671	3.8891931105592676	0.74230308886317	0.7998258620979897	0.22623974418737378	0.7442415411098774	-87.45098847580178
3045000	3.18638055169799	3.219299283979708	0.7928934635733198	0.7871689256132383	0.25724885123209734	0.751041497721371	-62.4199704827503
3050000	3.255520408932272	3.3236277815099298	0.8990686438112279	0.7988064085094185	0.20269088618822403	0.7608595675126828	-64.4000590431975
3055000	3.2790118971931195	3.900034473288522	0.894176249438422	0.7829919777784248	0.21809399519871991	0.8829868038506662	-66.32491122977359
3060000	3.2469754061817278	3.366111341303127	0.7574515290014064	0.7944375976652762	0.22071055598916725	0.7189027105907903	-78.54875237042612
3065000	3.18638055169799	3.6372263398707	0.8987675953476315	0.7948747626746515	0.23891063112136232	0.9317735747383935	-47.96184918044557
3070000	3.2891786261924287	3.309657114870853	0.8091788523556501	0.7558193038710224	0.24171810161302232	0.8700537915505208	-75.41892388904083
3075000	3.637841875338729	3.7041184091604595	0.7222798208115377	0.7985665204368356	0.21552672848116405	0.937506826825965	-71.22841333679153
3080000	3.4452074021107344	4.134605788419613	0.7091165611626191	0.7900552252273315	0.2122608110790706	0.97025696180691	-85.00893908388889
3085000	3.863167210826018	3.9082778382745924	0.7244834646133562	0.775378658527134	0.24751339962221205	0.7070227250624757	-89.38857203859118
3090000	3.515122088943953	3.909037400147234	0.7931089524980526	0.742954269494312	0.21937235238205294	0.9812121792441746	-93.16162909749835
3095000	3.804288995376792	4.03325393187662	0.8397145105505289	0.7722792576295334	0.20449424590342685	0.7249803360821688	-73.30212998951296
3100000	3.1883865471239323	3.367215070640649	0.8590534255744654	0.7812776808343272	0.20097051512266723	0.7452780233561561	-64.05435947955047
3105000	3.983849603168636	4.007754661148664	0.8005998714841764	0.7810568347155674	0.22789291069128664	0.995284884659797	-65.19633152840541
3110000	3.18638055169799	3.436851627314736	0.814626042339072	0.7588290160137401	0.2272060092751377	0.7188232775134429	-63.564807611158734
3115000	3.18638055169799	3.4054847280819396	0.8575416899406899	0.7446767649108423	0.2729256685595374	0.9376759428837609	-64.7638772785692
3120000	3.280364312148191	3.338150742944218	0.7621576067220226	0.7875814666864809	0.21259417561228822	0.9621939099329316	-68.01010703465994
3125000	3.2407817541718127	3.3441508414878083	0.7889017849201698	0.7609104198729338	0.22166231857358393	0.7503103275829387	-83.92116382801541
3130000	3.2637057961758775	3.2840674240027745	0.7387315779636477	0.7886351473338247	0.20310410025016348	0.7175227446652587	-78.78873269987608
3135000	3.284569785408848	3.4473675788516385	0.8351899537245516	0.7751809181332285	0.20792628623219422	0.8212291481429209	-90.97966578863992
3140000	3.3106067653824445	3.469182304602636	0.800242780989671	0.7362091944470763	0.27811201972262906	0.8581789004093844	-78.31858805490484
3145000	3.18638055169799	3.220479320026016	0.8844748066621182	0.7979559741829002	0.24701434542544884	0.8821609445131701	-57.500387683013855
3150000	3.3284591477145504	4.132421955072941	0.8476659210206191	0.7602921202618322	0.23602416517012495	0.9628224602077701	-82.6300830259
3155000	3.617075875454167	3.68528427036984	0.8179562027871434	0.727648578798868	0.2576606289164194	0.8201998270969519	-104.97123342937016
3160000	3.544859409812764	4.538160524227277	0.8841835086645249	0.7873582625908803	0.2882363512526586	0.7727034622848419	-64.58560023216734
3165000	3.543548885211216	4.330457439766258	0.882536518180343	0.77459095133091	0.2228546893839985	0.8710978964282651	-70.79135469201293
3170000	3.2436188559540153	3.274385651607039	0.8546019429678446	0.7914366268804027	0.20733581031054585	0.8456739298685099	-59.827133902809685
3175000	3.1957336670388865	3.4261475347785737	0.8193693034953116	0.7861336407965851	0.23552711738688525	0.8137283566691468	-72.89770437861515
3180000	3.5120478678818023	3.5259031575302866	0.8770426493612901	0.7842136150343539	0.20756848670678169	0.7834287600402928	-66.6148241821343
3185000	3.3624958974652186	3.583391305068126	0.8609170765820244	0.7811933550553845	0.21133058782038505	0.8858900027620713	-64.04066826638609
3190000	4.200411285897981	4.691385385696983	0.842993122952928	0.7788072371847158	0.2156339329313159	0.7147858666292719	-70.8880832975124
3195000	3.44029175426707	3.6229407117553363	0.7806776981878132	0.7737851662751942	0.2022936866902922	0.7503223649629474	-80.113354477494
3200000	3.2357958912313265	3.2838119846693945	0.8741363269276683	0.7960606315902664	0.21758456120453087	0.8966103427574248	-56.62072374831686
3205000	3.432192756208658	4.735420646826279	0.7798796450883801	0.7895504351746331	0.20611982542750862	0.928424240820556	-80.85572006792691
3210000	3.5762098629223957	4.103797229544023	0.7616508171533745	0.7645958660147565	0.2710082043761318	0.9087545476205391	-84.22460704414908
3215000	3.2903800163789563	3.5579830764145117	0.8657676351200098	0.7415628072891842	0.2369564928773696	0.712335145599946	-91.71878626910862
3220000	3.395038906877884	3.829326924848746	0.7203003157971405	0.7664378864675432	0.23211474513992159	0.7315450468847331	-86.87728600270805
3225000	3.755308049741732	3.904286590389643	0.7052749387271559	0.7942860829737354	0.2562340371581717	0.7722142168327251	-82.56041422896345
3230000	3.7645225810191993	4.210634053365052	0.8731357158139883	0.7533502811577177	0.20605171890855084	0.850420404396645	-86.85822024300603
3235000	3.234388669940938	3.855696408780631	0.7747739238620719	0.7969804320449179	0.21549538129507054	0.9155725846321782	-62.855849580111716
3240000	3.451013689956588	3.5867651943949075	0.8110134301505719	0.7799896116896874	0.24141536734389216	0.9143162886677848	-73.79109072304499
3245000	3.3101360528711052	3.42544952029455	0.8015370468668768	0.7664577162220115	0.2002315503765375	0.7638181495503846	-69.22872259896826
3250000	3.1931216547403487	3.384395808207818	0.8263630214503764	0.7949376342945323	0.21708026955931722	0.719641048937537	-69.57765280358586
3255000	3.1953252163698953	3.2510034095915183	0.8026827306757527	0.7709046041828647	0.23400414391654945	0.7433873595066662	-79.39107287979004
3260000	3.300210330751325	3.372416996860915	0.8933764023770733	0.7985738642506368	0.22686412548775317	0.770074327422332	-81.27049461567861
3265000	3.18638055169799	4.0707526617454315	0.8649229826143179	0.7989902709052445	0.23974704772633942	0.7360666782992	-56.89696929677343
3270000	3.391693727499308	3.530321299946504	0.8076776842766701	0.7890919261459893	0.22001403339503223	0.9251481674880073	-73.82084776331934
3275000	3.619897111658656	3.788827957951669	0.8696597092055225	0.7424469239795145	0.2338270180133454	0.8773664384375125	-87.71451839250065
3280000	3.4728707473657985	3.5290708536985407	0.8598354020439469	0.7893111858781586	0.22772103554934783	0.7781858056787077	-61.64584580604542
3285000	3.534021521639773	3.6456569853820837	0.7608460442098647	0.7799464378435204	0.20043619584284403	0.87345527990223	-77.81144672829265
3290000	3.595768817583039	3.745979930685697	0.8860691996779687	0.7818373174062416	0.20629877311953143	0.7020216165497876	-70.31094798989832
3295000	3.2928438051637507	3.637233677097433	0.7751914033223626	0.7905974361439059	0.2197355513764358	0.7271219465200958	-66.12003756717337
3300000	3.305727755840112	3.383408436217855	0.8746552885037631	0.7634033073928292	0.2343886732980804	0.7262802747113802	-70.35958880621632
3305000	3.3169841183481945	3.7082102942503457	0.7670143486589112	0.7921364600209573	0.23178542186111922	0.8557773166530954	-68.60343660204188
3310000	3.5651853017439707	3.7652042289203695	0.7711650165622145	0.7753284471967478	0.20158552991021841	0.8164215786541378	-82.54399597142677
3315000	3.18638055169799	3.203975801529963	0.8151590054547316	0.795057301933815	0.20127870546877402	0.752398841910608	-77.03487294764116
3320000	3.3155266776515466	3.4097631697018964	0.8999913310408242	0.7865493497229932	0.2332258082145055	0.7550213516743935	-69.29228124595909
3325000	3.202223626522656	3.331122561759914	0.7350083602910136	0.7974023399643944	0.2474940493720544	0.7261374549229317	-62.75583174363551
3330000	3.4348796242790933	3.5112693561339277	0.8257032615867387	0.7639385491770424	0.2311883454661376	0.9010012274500252	-75.37082441542927
3335000	3.433538123503182	3.466892576105149	0.7494727924997203	0.7988744700756895	0.20701975537593267	0.9732158704320523	-77.80987789467042
3340000	3.4979054545755	4.099252084848343	0.8516561035296734	0.7801791901600172	0.20264876267166437	0.7219422500102975	-74.4167877001235
3345000	3.352510524893181	3.4235167161727156	0.8287898661122487	0.7653365544666294	0.22864840629040334	0.8194918150121626	-71.0226523245957
3350000	3.3671102070016605	3.5604540214192295	0.792725936768315	0.7973397861092502	0.22146734658474115	0.7273944076515647	-90.390144759838
3355000	3.305794168721604	3.719909573668202	0.8720320589281513	0.7833408541473524	0.21445535841535832	0.9529874807193789	-76.89512225287538
3360000	3.896233749753022	3.985369698023908	0.8990034409794002	0.7459825196355059	0.26389207881419474	0.7520472094714897	-79.72651041003658
3365000	3.4899882321161284	4.227091261504027	0.8344568298949705	0.7882117424355042	0.2100235370735214	0.7263240104535822	-91.04064527669138
3370000	3.2989923154261884	3.4413352250377796	0.8899578967587969	0.7836656298163397	0.22033914062120058	0.895444084617748	-74.80752675029129
3375000	3.234421800174513	3.2567339775320225	0.7495467012320317	0.7906585598121934	0.20715321735171432	0.8051568535755429	-69.33746268901447
3380000	3.4544518282049856	3.682131554093922	0.8733133886823399	0.7533224010340881	0.22479775203214336	0.7109541827645465	-89.43191874031686
3385000	3.18638055169799	3.659549897844999	0.8539351274742766	0.7943429305678393	0.23554245512585664	0.9115923581091921	-66.93747711324224
3390000	3.5079414432394835	3.53297545617829	0.878630864142614	0.7964176850461381	0.21147410947140013	0.7122895968496286	-69.7111615261617
3395000	3.18638055169799	3.251440113209095	0.8040951365207694	0.7838617786821046	0.22966863991051625	0.7798949469956477	-69.54850083998747
3400000	3.198051655002134	3.508947942022023	0.8389078243313132	0.7812287376761551	0.2128775214211099	0.9837877263970094	-71.17098978369808
3405000	3.364426357962201	3.3927263190476165	0.7235441419822932	0.7679710285472116	0.26820671105593147	0.8313134296400887	-91.10991469574185
3410000	3.2122301700491285	3.8527518653009527	0.7895349163161675	0.7796868992390951	0.23663433465661415	0.8438754920727152	-87.5657287637114
3415000	3.4055298309369038	3.696751788743	0.7444037065731881	0.7538327775547053	0.20531795245753448	0.8573767235191591	-91.11116967356136
3420000	3.9674918635361953	4.301482911338951	0.8684274083173329	0.7087607990231323	0.20077200583326124	0.8373900783333263	-103.70379458569428
3425000	3.3451214734933528	3.5008376552110647	0.727895927890406	0.7914632662362555	0.2108240650772341	0.9325049885629214	-93.06988931103007
3430000	3.439816600069418	3.4604491655774443	0.809639034431426	0.7907313860687639	0.2062929323923964	0.8849558300915303	-67.30978416847631
3435000	3.3610117821882404	3.9675809088292495	0.7248617437721787	0.7963425339305427	0.22214370859561403	0.9071980041949451	-78.25845852400425
3440000	3.337359295070685	3.9374301811472647	0.7939992910291754	0.7785701636840259	0.2043355092890686	0.9347235917599284	-80.95313225430249
3445000	3.18638055169799	3.32121621328899	0.8917333469179202	0.7950955451062085	0.22151732938787833	0.846610126289511	-59.64402116627016
3450000	3.4709444943461176	3.533915599708213	0.8473308351713207	0.7954076185725074	0.2056079011411679	0.7544004404276407	-73.19296375798504
3455000	3.423186465189072	4.206930141518656	0.8589868044579952	0.7649253482729029	0.22143448284791534	0.7557186279896437	-80.52669903843457
3460000	3.3004137339423067	3.5686888836722868	0.8598024526660367	0.7896418745723551	0.20342906972310745	0.9547960212330816	-76.55843074266471
3465000	3.4186599339067514	3.5790443511067016	0.8211478122039306	0.7998214102098438	0.2010453670855864	0.7708206274651905	-66.79496090414443
3470000	3.1887655529084107	3.293646094312106	0.8849786146586889	0.798899240521596	0.20167846595118413	0.7645248493041612	-73.11407005752815
3475000	3.652532583369426	4.06074665299551	0.8188474126876742	0.7671216208538234	0.2090160589612062	0.776440832820922	-79.37281744240758
3480000	3.4851457728370216	4.681483756475947	0.7520571940596733	0.7971339469993097	0.20496605182281008	0.7734723763858934	-85.96164007399955
3485000	3.31488645849696	3.5852791541418263	0.7531864848406558	0.7916742569835552	0.23129708550029593	0.9765001795491933	-69.8110829420526
3490000	3.3383433739610964	3.4246443715697725	0.8383458663820713	0.7887071124561486	0.21290404922904388	0.8229299887479731	-73.82493483024825
3495000	3.2790527107186254	3.335870905306582	0.7795689326502817	0.7939057044703657	0.20704656129750537	0.7275369296998802	-61.969839939387334
3500000	3.2913717483612213	3.43062534488546	0.7331989317329584	0.7930879211742705	0.21519104028120578	0.7412537308451221	-78.47459302023134
3505000	3.3087028719480522	3.532357309778143	0.8848421858479951	0.793740612786672	0.21601704176223424	0.9233935248474693	-61.603763668262665
3510000	3.2228160423299808	3.2756826447434926	0.7340252131856485	0.7809432767267932	0.2216729911778004	0.7143258726737376	-85.50251061913599
3515000	3.412276874246833	4.154268389802344	0.7891553483619901	0.7393147766489999	0.25862113792588026	0.7304281969492121	-83.80479362397858
3520000	3.3768851828249224	3.436790986873196	0.8732425133156062	0.7062005064739688	0.2843337671430131	0.7738789216161865	-77.79956967597803
3525000	3.400654112986252	3.573304569577057	0.7794008049549054	0.7742621315195917	0.25647471377182557	0.9752867681931702	-79.08674626110783
3530000	3.19702976650289	3.6330739431518886	0.8165695198252028	0.7510061917379481	0.26088743220234833	0.7412201896520338	-77.07469483967276
3535000	3.2749122897675456	4.111994408317569	0.8137868482750357	0.7451841583676138	0.251884062768101	0.8301867587731916	-84.42586237418016
3540000	3.366879443085594	3.7801477474337792	0.844175756779245	0.7700246195370641	0.2564062428925523	0.9811959767500821	-72.46880846222078
3545000	3.4201880998121332	3.762123692604146	0.7557054740556146	0.7966772723931574	0.2007873215729977	0.801059590981795	-82.13786343350316
3550000	3.18638055169799	3.4373666530222557	0.8740556032135177	0.789936912814405	0.20853005224933047	0.9307145132679485	-64.95914552229229
3555000	3.212868961766535	3.294008624309267	0.8977070947316227	0.7967346175769782	0.21217759616740609	0.99922097188227	-68.73410585207108
3560000	3.2501269828760067	3.495048304649283	0.7918100528511604	0.7833546344428587	0.21259860715688159	0.7526531142626183	-83.52349495854318
3565000	3.3448600859306294	3.533921006109527	0.8139926087866227	0.7585532401002074	0.2250085980541923	0.9497334254292293	-77.75701717546599
3570000	4.612442218552197	5.015350982436885	0.7094597977750581	0.7605035827598361	0.22783819106739428	0.8534235554010074	-102.36358210577197
3575000	3.213545481922454	3.315231775424436	0.8664225144295933	0.745723449820315	0.2384738112433708	0.9664553566904366	-77.77714835461029
3580000	3.430098848987388	3.437689583225244	0.8225060826846344	0.7970436343300281	0.20046429159752974	0.7745249420535206	-82.66598877169915
3585000	3.2906981457284856	3.324172879237633	0.8997288840853448	0.774066202230924	0.2221884796870014	0.979889948318958	-73.13770293920092
3590000	3.563813648478639	3.784410579406171	0.8619535923826352	0.7881820066317977	0.22946875407444334	0.982109931565413	-66.61775778212728
3595000	3.626639275120151	3.8807225548480067	0.765903589680012	0.7868672589053064	0.21329234469783986	0.8537814618529455	-85.48719193457552
3600000	3.259182728064752	3.4287444269065186	0.741476903627128	0.7644647900099018	0.20134800664006797	0.7532117415383979	-84.53714306497449
3605000	3.2724778587501255	3.3657395078274734	0.7693500333944258	0.7970097758125114	0.2609543758768914	0.9404874032433499	-79.45773411746416
3610000	3.3404646249851013	4.273870675124196	0.8599168621539756	0.7791570569608783	0.2062571559667141	0.9918784995871242	-66.95726851218208
3615000	3.266895104810937	3.6131750172072263	0.8756652564123556	0.7334704433163652	0.23649182060851376	0.792816484007656	-78.79224915785886
3620000	3.461147461505114	4.934294393377138	0.7246319104271519	0.7907049592741878	0.21943070907644432	0.7600832215674048	-96.06582744239256
3625000	3.18638055169799	3.4397995803959365	0.7075294574160232	0.779803832664079	0.26973771506342203	0.9504872624882295	-74.7794845177182
3630000	3.389361821854052	3.8092158690598406	0.7963612985098835	0.7706408673658692	0.25775938171186913	0.7179192106379841	-78.00981333925259
3635000	3.8720671856943585	4.106875139645387	0.8449522755585835	0.7773915786597069	0.2497250433987616	0.7388241161560435	-62.32869920359869
3640000	3.38555348498226	4.84416571774733	0.823455442570264	0.787625638693225	0.217197126165081	0.7449698897877095	-75.13454614625633
3645000	3.814358910104898	4.054873458429441	0.8446183880485141	0.762675024967868	0.22086246057074946	0.8162188601170213	-93.14823591602561
3650000	3.2035145076426486	3.4499369405131017	0.7417924425597664	0.7938224810311888	0.2196415601696254	0.8007746270459583	-75.64432487953889
3655000	3.1990218804418293	3.2860292963448443	0.8994172837568336	0.7564108270686896	0.20266765356516334	0.7717804011033225	-74.889214237939
3660000	3.2870975356718435	3.6281920475986977	0.837289119439103	0.7943304462955696	0.2294946915534088	0.743670200375237	-65.64462816567212
3665000	3.2033604362786816	3.38181061395735	0.804501639250908	0.7876554840162546	0.21448841442881117	0.9025339707310984	-70.64369815308083
3670000	3.18638055169799	3.2350677917749926	0.8876555991220407	0.7861512622513344	0.21803982494853577	0.7317995815588225	-64.85877890619798
3675000	3.363234011962494	4.0701822309050275	0.7826899804861605	0.7697259458875936	0.2476084780304196	0.7702700312486888	-94.49455602266312
3680000	3.22197194930883	3.4739616150322092	0.8354997862766393	0.7970253209208948	0.26471216196945735	0.7517707052409265	-53.71086368844273
3685000	3.250950668238153	3.331151663347484	0.7632804129816138	0.7890486608376833	0.2253346220769672	0.8167542302380567	-79.38731096074736
3690000	3.421940080446635	3.6207249824290026	0.8495180746366633	0.7282389546289647	0.224024569301685	0.7711651736859961	-94.46167809579242
3695000	3.6081868644010195	3.9873596688903423	0.7560642972562927	0.7109963043053261	0.21937955329872308	0.8214719835641497	-102.82428903479877
3700000	3.5595475651483195	3.9572608385779104	0.8357053808960591	0.7083230079460132	0.22635006476912503	0.782798661810041	-93.83211660371177
3705000	3.3551445768149564	3.3820482729322308	0.8985487028385893	0.7836299842042445	0.23572376642897377	0.7963691646344638	-74.40805814484926
3710000	3.241342146747412	3.7044792610317256	0.8116002097127305	0.7673913619009978	0.25012314134217856	0.9136170522894437	-82.11237202893327
3715000	3.6570191556313882	3.683073835832654	0.7960005084479104	0.761458826781023	0.2706422350817575	0.7776194059605536	-86.19113909742191
3720000	3.3545695916454457	3.688734893061946	0.8310104011347227	0.7902757607369809	0.22393484445407905	0.8955900396652982	-69.5587849733516
3725000	3.648974565990798	3.822218005016365	0.8523738966601656	0.7653266695700094	0.20122852772007124	0.8585769387161362	-74.05602694726116
3730000	3.3965448244181693	3.404517856656972	0.7667995869188311	0.7745687281393652	0.2119611379314861	0.7173215511829626	-85.42423026054595
3735000	3.18638055169799	3.380737271200971	0.7513400183914394	0.790910628368651	0.2185946644272971	0.7764624550845706	-72.75244634469837
3740000	3.289064622120285	4.632885379910993	0.8666961693242496	0.7904770747143817	0.20062515266944567	0.892871627499896	-82.84600541412189
3745000	3.217833833757262	3.469586034604963	0.8666084154261914	0.7780559661814551	0.23952593910073702	0.8535337918890304	-60.847581036248435
3750000	3.189704680522775	3.209065949209905	0.8726280344134382	0.7733150062388671	0.20400350980973256	0.9738671676078738	-71.74269695071493
3755000	3.2833517131133854	4.040854668061924	0.8215239368791407	0.7816926665216357	0.2548332036553978	0.8813121450480126	-67.1607293646426
3760000	3.433328736958815	3.4376968575236395	0.8534000795660731	0.7600156688366714	0.20564357579630752	0.7601106473047193	-89.40675162034489
3765000	3.3982828151873012	3.5023135552731604	0.8463600803094093	0.6693993410136809	0.22354576988191813	0.8328152851101198	-115.7630291017096
3770000	3.7386210391616896	3.907210011474779	0.8832035783503394	0.7636624946290032	0.20745589889582075	0.7339623109940394	-81.89497549772801
3775000	3.18638055169799	3.391632412769749	0.8546897463584416	0.7670622546873676	0.22242344680660056	0.7359576467354869	-63.31271640901432
3780000	4.042256073725865	4.076258878488405	0.8911934409957204	0.7808121769293471	0.2051161811173739	0.8574080706345287	-85.43262616258198
3785000	3.269613032530091	3.3131619778466	0.8103527819817207	0.7811292361039056	0.20897425419519602	0.9414217599123758	-96.62432672041189
3790000	3.5839979090027625	4.251120087553439	0.8695056980843916	0.7872070625887105	0.2264164572304091	0.9279848989670584	-62.544333992099666
3795000	3.927643603403924	4.433939176801774	0.868505390755199	0.7666924240752176	0.20353809757619076	0.7581638782888687	-79.20984339007543
3800000	3.401754757788547	3.4974953627783085	0.8782910246527107	0.7527488778169205	0.22565608115206762	0.912318750377209	-87.64998258880897
3805000	3.563484731996378	3.9917937778617536	0.8331334866795694	0.7320321277310855	0.23850412676932023	0.7175794913799863	-83.2025329194432
3810000	3.424145137782295	3.520122376040468	0.734667558846658	0.7157322827482432	0.25860975791586227	0.9608482265679458	-87.86232791631141
3815000	3.18638055169799	3.1867527285685346	0.8921809704036362	0.774045897154226	0.20356222392607776	0.9042904811039371	-67.09308274809257
3820000	3.42264795239115	3.5785569714671697	0.8410249526808392	0.7619782533131491	0.25292579195545356	0.7046445449121747	-61.267399558803085
3825000	3.4435056459336897	3.953602750982499	0.8743331626743577	0.7952965633060743	0.22937935997310552	0.9229932685492864	-53.78579311352626
3830000	3.3094784898271916	3.676555874917014	0.7405982795645373	0.790457174665103	0.23965577381153477	0.8373635652859408	-81.08642850404499
3835000	3.448108268153214	3.634198912901691	0.7405938232296067	0.7848454577882817	0.21108345719050267	0.7008834839465586	-90.52491301995445
3840000	3.2323408958549074	3.339382059822773	0.8294483921445897	0.7966529585453033	0.20387417787181478	0.750783077014237	-75.7563830011537
3845000	3.3626865012365714	3.571990903815208	0.7396238041491109	0.7824119233082005	0.21207668933260193	0.7218619957698249	-76.02993860415347
3850000	3.3292650205558765	3.3388282911627196	0.8111907319235702	0.7514730908686023	0.22442250207701916	0.9241868892182878	-101.35109194173197
3855000	3.4286292414650235	3.4605999899154907	0.7845556224446464	0.7743525996323399	0.21022971329570397	0.7358022696215305	-82.50085653547671
3860000	3.5696629919344973	3.5720532707314385	0.8807677936724778	0.7999564425805041	0.2126106945339321	0.950322828936519	-65.74248500183364
3865000	3.286194527713256	3.3474218340858437	0.8722059183128337	0.7872921169956821	0.21465715779150157	0.7225683098165024	-69.65621638211334
3870000	3.2823437611975335	3.6029817753946474	0.8468149595926995	0.7916202043303342	0.21565022234119044	0.912129348034389	-72.09043233640685
3875000	3.18638055169799	3.2094400386790745	0.8402535885065076	0.7702357955669926	0.22561514456514928	0.8554168590892794	-49.01313903852764
3880000	3.3398502273542072	3.833492500384619	0.7053532408178214	0.7869422847649998	0.22350875269597995	0.8961196054344601	-68.67307639835079
3885000	3.472026118511849	3.4946280803610716	0.8374735194778705	0.7981433223772709	0.20303196782646044	0.800039973132099	-56.04426070202149
3890000	3.2294241392624734	3.6232935007333467	0.893781444488088	0.7989867603468956	0.2001715214343011	0.9736931307975412	-56.43319977713849
3895000	3.346120210395398	3.3728981100588986	0.867795145853346	0.7959452469563234	0.2199677344848232	0.8332093851900578	-62.51947378438882
3900000	3.2584170987982213	3.3507873037437834	0.8281420337465809	0.7815337990091192	0.2337622664075313	0.9004441659549911	-75.44757936250707
3905000	3.321556442189123	3.3888157035380684	0.8324265917453152	0.7432701645592298	0.2291061433064099	0.806056627826978	-79.53731278280554
3910000	3.2861868169573643	3.5971471584877834	0.883629858608293	0.7978168200370933	0.20945110131166905	0.8317288250299575	-74.50710144504424
3915000	3.7413372346590394	3.7584745004438367	0.7902021934189394	0.770336262749534	0.21708131436703204	0.9623049802427703	-74.42017359919137
3920000	3.2263081285556647	3.3726904182631414	0.800233374681987	0.7945736030771244	0.2200168780243272	0.7415248487487451	-75.14976039101151
3925000	3.2345395659142	3.3841704997021713	0.8492889383280053	0.7662421035203313	0.22522606280159013	0.8372240426768595	-82.34433346993552
3930000	3.6194330139703013	3.9964930096320805	0.842635566695553	0.777210100227038	0.20440690494909566	0.9125124675280177	-91.28528741145306
3935000	3.479302781867322	5.065523009943195	0.727886637810128	0.7453218468188877	0.20486833652100686	0.8259970587547562	-98.50759583069811
3940000	3.921572719445725	3.9785089405665746	0.7511832490204152	0.7436892584516533	0.20164416292405085	0.7309129978383144	-104.4312004863674
3945000	3.3565731250187976	3.3574414388591776	0.817712485236292	0.7767672731552059	0.23442006096399098	0.8798547151630348	-62.7738521921718
3950000	3.351713670469221	3.720462738462932	0.8917714497478325	0.7629555044009546	0.24112531080074928	0.725474930204309	-61.507447335900814
3955000	3.397241153697986	3.624689786702571	0.7993295453039054	0.7979372792962085	0.21202879646342787	0.7225354383897516	-66.41318206845742
3960000	3.18638055169799	3.3202011373105647	0.8371163915651659	0.7899654625629978	0.2035111116236405	0.9082483697412693	-62.80076515970881
3965000	3.5724609355823858	4.296546750402518	0.8505422503321213	0.7603996933991507	0.2193351321367604	0.7147082267149394	-84.57210680277785
3970000	3.27181188097841	3.5957545069970736	0.863729449820468	0.7902714068271982	0.2062677290443297	0.8294258155213609	-68.91856399353415
3975000	3.5478036037210083	3.7411354654012077	0.8212398688199802	0.7864684791449998	0.20335357248874328	0.7499902945726575	-78.91839229115871
3980000	3.18638055169799	3.3138261675902427	0.7782502613177729	0.7789901462177843	0.22018864366863272	0.9690892176768804	-80.47965308297674
3985000	3.3500051130458437	3.7543849538767926	0.8472915642813936	0.7971765977753779	0.2590947598076991	0.9090822988317109	-64.59120188511105
3990000	3.242250022327149	3.366864940446887	0.7810118477218224	0.7774418229030106	0.22788118204386512	0.8099672579031146	-81.26548509598348
3995000	3.377749871188521	3.788017336726586	0.7073204035366716	0.7865026615739276	0.21348718106482745	0.815212387363032	-82.03592543996487
4000000	3.780517053898195	4.509514140079007	0.7540112623730769	0.7381760138422246	0.25835282899940215	0.825444983741589	-93.13061539509243
4005000	3.2895237034344205	3.333413672082027	0.7728911764932489	0.791187318672905	0.30085108652027026	0.7673494207941784	-58.92499231386001
4010000	3.599339597034426	3.6207407075984173	0.8306590975219011	0.7860184061427955	0.2596004099615163	0.9553055778124658	-43.557669817371746
4015000	3.230084656964766	3.2636916573299826	0.8628077580138558	0.7629600490075751	0.231443221694991	0.7545133985563801	-77.33290742825389
4020000	3.235355785383885	4.134606495493112	0.8372890031032244	0.7768700688295146	0.21889546060333287	0.7805629373197259	-85.31092741517008
4025000	3.5925575238481238	4.0007155896368936	0.8415407186846022	0.7633185818425784	0.2356639233699607	0.8389402109286341	-78.54276202682053
4030000	3.40866942362408	3.88020591728249	0.8282074630922357	0.7588647527453513	0.22419414806747803	0.7499368098454436	-68.94457438748876
4035000	3.395336551578132	3.4693635123157582	0.8203324914948871	0.7391755866807301	0.2182401546524644	0.883610010607969	-96.23313087285177
4040000	3.4561566027480595	3.628898804868011	0.7041160013454425	0.7939737997108304	0.22020992565466027	0.9852548533113987	-90.23720548889085
4045000	3.2824019449471686	4.053198874311071	0.850339419301374	0.7846709168206203	0.2294034259264409	0.8950476184483246	-70.346541780004
4050000	3.18638055169799	3.208977080291931	0.7718575075367786	0.7796444862671386	0.2050818902964943	0.7271984397548155	-71.53863440547781
4055000	3.2035419767642774	3.434639920214678	0.8580175328721302	0.7883367755380895	0.233780830044819	0.8157579107218305	-67.71708951928966
4060000	3.18638055169799	3.576443444826845	0.8821584081661815	0.7685856288595131	0.26639665779935634	0.9542052223896432	-86.91935195593655
4065000	3.4229444311030197	3.662852350049719	0.8247007243429794	0.7818356289885159	0.21857731903386132	0.8272312431965512	-89.20371397958027
4070000	3.4837733450355817	3.676633918987005	0.7691726870667271	0.7712901229154783	0.2438409701089401	0.8098657557058894	-84.78769090024903
4075000	3.442660573469313	3.6386754111467834	0.7336559170162512	0.7594701091931633	0.2706267708281789	0.7407768311394684	-73.09377685476824
4080000	3.3072446735673577	3.743837891571299	0.8475175072295188	0.7817043631099594	0.23698769507090553	0.8371197627394025	-65.98095404197537
4085000	3.3831218448146765	3.999535633049831	0.7790683499334582	0.7938770941254906	0.21753168627061858	0.7769115775033046	-64.47046272128114
4090000	3.5365621484261904	4.410644436748294	0.7828700465440609	0.7563662593489199	0.20846338340691775	0.9290390771805529	-90.68077325592583
4095000	3.4262187437778424	3.98219387560877	0.7157635627331963	0.7809088323792822	0.22818107848363287	0.7831285757511369	-100.60479278672219
4100000	3.8057089464492773	4.262953240752135	0.8292488352306007	0.7975645499921203	0.21416488126978955	0.7009804218847652	-81.85982346260252
4105000	3.18638055169799	3.8671101186821004	0.8855571732504328	0.7802928386455488	0.20434475847090766	0.916826230967384	-57.42190736464807
4110000	3.18638055169799	3.375663967295057	0.8260205883162971	0.7951636183590032	0.24811268610543707	0.8525542334448638	-70.96134199109443
4115000	3.5496573858746086	3.6321619839983192	0.7119335297241327	0.7836369285039523	0.2699675603133443	0.75386236353217	-76.7541574813475
4120000	3.209399878104664	3.406688854302137	0.8859985039187853	0.7235859425184056	0.24697377835337928	0.7161824439266357	-85.41745978491315
4125000	3.18638055169799	4.1276679499193465	0.8587918820270029	0.7861363792657411	0.20149880336982692	0.8373490328042131	-78.37476027826551
4130000	3.2422045957282397	3.318383912570634	0.7684747253183367	0.7644616080767545	0.2815395707814848	0.8053663465419938	-79.4994212288249
4135000	3.18638055169799	3.3985041884856324	0.8861098902509504	0.7716867035965604	0.24883930558199616	0.7376353544740231	-69.58036834636127
4140000	3.220162032993447	3.2297435760670146	0.8788405862956373	0.7782679558394854	0.20189913360651207	0.7798251734391725	-77.98597852346612
4145000	3.2997144595969607	3.5747519940831176	0.856450971457963	0.7628300390656905	0.21361270482955855	0.7246827434833912	-73.47007034367306
4150000	3.18638055169799	3.416369280324821	0.8822299291093182	0.7772215546855891	0.21179488624608472	0.7596580658352632	-73.11187900971257
4155000	3.5775135697265954	4.2379936982212865	0.7603757869101554	0.7738589111872644	0.29069976156893523	0.7326962848891041	-86.52681267345073
4160000	3.3668984766372856	3.7498302783513457	0.8479042573739635	0.7979244172851111	0.2233639637370447	0.8523944238348938	-51.61226414344088
4165000	3.421581684079732	3.900967943859429	0.8694671481212691	0.7594521843018247	0.2719517414582117	0.753492545925219	-70.68111155499321
4170000	3.220741934938309	3.2503197661145813	0.8057844767025597	0.7932107556490247	0.21819515906510253	0.7655794090135472	-61.26875197210634
4175000	3.1977966072866146	3.2910318594377332	0.8115315566562149	0.7650341549220411	0.21314464379355663	0.9447505187183313	-74.61543241062918
4180000	3.1877301739701394	3.6424499013899334	0.7887302442954982	0.7925255927131317	0.24233785970363747	0.7352157763555844	-70.47393203873284
4185000	3.2232888932445993	3.4889028866920913	0.8812779015438365	0.780626890333669	0.24805908182986355	0.7090688449329293	-56.040912028166474
4190000	3.709431838118364	4.30252707320533	0.8096241221324354	0.7897178586546887	0.22401806896719206	0.8839316430492223	-64.97974598557991
4195000	3.3521221491056883	3.5340159037433714	0.860488013752279	0.7817415896906587	0.24456612070096354	0.7810968215356272	-67.30491405494689
4200000	3.37638573051165	3.8841135259250543	0.7545242481620846	0.7718525772839224	0.22535824002478158	0.8036932123240716	-85.85579732362189
4205000	3.257753417986442	3.42590635691125	0.8884434129144897	0.7776700356690075	0.21013324760612537	0.9000349214441	-66.07995104727419
4210000	3.3872063302217557	3.529703027530862	0.8391161861949945	0.7971876361849313	0.21129240760921775	0.7729685980426608	-57.291807552907144
4215000	3.6881840077237174	3.6899055997819015	0.7669017691023601	0.7884073563817092	0.21597288468312784	0.9301135878181298	-76.07954877594213
4220000	3.2108682290853046	3.369786753297382	0.7543825232203417	0.7883440331924831	0.23806921261202035	0.9810013217455503	-72.47088395389662
4225000	3.6145717212250417	3.7303025655895286	0.7666836059900138	0.7945792818650043	0.20601799338941296	0.7051396633836166	-80.45080914881567
4230000	3.241110072138925	4.153094320583275	0.705705981449045	0.7882742921860066	0.2017638770694726	0.7147270763554754	-84.69352038018468
4235000	3.287907559273744	4.090382682304729	0.7351684420741472	0.7881801228910524	0.26725280701628995	0.9163940730881415	-67.29423901173055
4240000	3.753551244834031	3.785255573772421	0.7995938185908963	0.791125146003871	0.22297568974444373	0.7029430929247449	-69.60857358762277
4245000	3.5208372569349544	3.6974894958711237	0.7714990823622985	0.767277187965112	0.20837038433226074	0.8416342528601424	-92.5241766085654
4250000	3.6391623591410562	3.8132967324707883	0.8575342223222293	0.7940968238745311	0.20900004478733653	0.8710437369895486	-78.73600034577558
4255000	3.4633004114604975	3.53045598786107	0.7893126919705012	0.7997904890595604	0.21074054327310768	0.8364086540380801	-69.17271855407455
4260000	3.5795574524494422	4.599834742761605	0.8233840501160339	0.7893634411988071	0.2032978392225226	0.7033345132538478	-65.39141685048648
4265000	3.608340265465195	3.91392666394154	0.8255227664698923	0.7902830230602321	0.2204069962992102	0.878625634714927	-74.30919667782354
4270000	3.45947847219192	3.555237605682398	0.8219528984557981	0.7976168051811043	0.20754880192347214	0.8510768620856035	-70.39259182219371
4275000	3.3244190915575116	3.336765770917462	0.8280418507392687	0.7987631581782721	0.20485235369145965	0.9379498497451085	-69.40582338978595
4280000	3.4094439528313014	3.5047165516504344	0.8939009486988749	0.7913360121471544	0.21853297095784277	0.785593073712843	-60.55708081769698
4285000	3.527715970853047	3.5644801845829557	0.8438135256773114	0.784092489343438	0.2219341175796611	0.996597216709269	-68.49722717696059
4290000	3.7406782519808726	4.182426276268447	0.7397991339097687	0.7971357654652689	0.2073147723462281	0.7257571672691705	-81.08760925706781
4295000	3.18638055169799	3.4400397515379986	0.8117667984171929	0.7909440061394887	0.2100004619542816	0.7114701183867421	-62.10343103437794
4300000	3.4703891975707317	3.8734182438085987	0.7114772482584033	0.7974062990805716	0.22116955526986692	0.7626227202816471	-88.82423950695897
4305000	3.2172682585140215	3.2608190282732483	0.7702418933728458	0.7273530131316543	0.20143468227264555	0.7363167209988445	-91.21241850011589
4310000	3.3096924582666962	3.739101635805396	0.7606301599227976	0.78055998075752	0.21616799869591058	0.7741235495773421	-69.11768641557865
4315000	3.3863935287167073	3.5905494873844956	0.828746373242199	0.7814512373562561	0.204998965620955	0.8705591631238094	-77.55792779725715
4320000	3.3148613127917663	3.324713436905074	0.8944504348564781	0.7861450251391245	0.22445914081944215	0.9639943088957168	-65.46387393630329
4325000	3.3150331207229384	6.192998458896086	0.7780306593956366	0.7816407025724877	0.21174079273646418	0.965413877406261	-88.25036103501341
4330000	3.6216516353186314	4.1856865637290195	0.8190024121587035	0.7560654449540329	0.20634068679999845	0.8048135789774395	-100.68396491045581
4335000	3.289049162763237	3.330723827123624	0.8459136257339779	0.7967859931100439	0.20022528164993775	0.8900006720350673	-79.2054844779586
4340000	3.256910478403878	3.3315455086292327	0.8386830538041987	0.7877054824051569	0.2879205109459732	0.911314761486957	-73.06597585278399
4345000	3.309568633485589	3.6499519679981245	0.7818528587913587	0.7990983028889181	0.22057111988085099	0.7692773409753566	-85.93590447274815
4350000	3.9176535915862734	4.541685020833331	0.8087223183742458	0.7965800190401389	0.20075928131678425	0.9380907485838621	-80.01489280942786
4355000	3.240513758731033	3.4989300168958755	0.8882981842278113	0.799658524678556	0.2153030821454691	0.8387951140005692	-68.70141695931858
4360000	3.2790997286790056	3.420814413957063	0.7332632844617406	0.78405586478801	0.20486121440746222	0.9043006322256265	-87.74390374276456
4365000	3.4014152455417324	3.5324488353349444	0.798514425808473	0.7417519491569574	0.25570247007675434	0.796694075890481	-71.61475000430113
4370000	3.383259561660544	3.5913586059914673	0.8824296064488822	0.7866583609279553	0.21077494608368663	0.9769698286639872	-70.93973258364991
4375000	3.1909917399764964	3.504836938581101	0.8879683055232686	0.7906869487381687	0.22190292915767096	0.8358823880254665	-54.19583415348775
4380000	3.519598695206043	3.594334771994992	0.7727070317669706	0.7985396371326142	0.23834108241190669	0.8030278253766503	-70.87750177868182
4385000	3.503527563007993	3.5063270307920256	0.7746452754085805	0.7854615918346115	0.21262250207298683	0.844517256811223	-68.94003786918134
4390000	3.313985563487607	3.3151173639501677	0.8349560476262916	0.7904935767375719	0.23566786266347123	0.9480652285398119	-69.46493658818622
4395000	3.350391402421845	3.4774708066808118	0.8774715154632529	0.7892312685523161	0.217871380011438	0.7446333163332644	-78.9944171935957
4400000	3.461587779910473	4.768003938064492	0.8550334000953743	0.744476435200279	0.21188825905287295	0.7136306984055917	-86.95559790987122
4405000	3.406750086665739	3.7543026446466166	0.7135704771225921	0.7875006522655813	0.20789420297766	0.710139959237627	-83.79011082531105
4410000	3.4212182969126883	3.4391038872949657	0.8238832531306669	0.79552492373509	0.22197310820911617	0.8986969299469688	-74.26099693317582
4415000	3.212138686385687	3.463529767303082	0.8035241130693622	0.7867769575782937	0.2448334999819972	0.7125322978587352	-58.868828069221124
4420000	3.18638055169799	3.7456820322856377	0.8171284511085638	0.782791767029845	0.2401649422730993	0.8631432172875714	-72.70566400458941
4425000	3.825291526028516	4.0469439970852585	0.7625145763032398	0.767024825759943	0.20060895906886228	0.7030220141386219	-83.87614599786579
4430000	3.5157228910305793	3.633033337687509	0.8201341871222321	0.7915524413005416	0.21858456835905146	0.7120798756463892	-79.35131125549239
4435000	3.337949221609613	4.117543814963363	0.7262194439692333	0.7721018139947107	0.25753318803062214	0.7303882454661625	-77.65687789493916
4440000	3.520578497441191	4.006552659892181	0.8233789797747257	0.78467782768396	0.22934238331852347	0.9547195134098134	-67.2329974121601
4445000	3.2707453795338335	3.6190824052573496	0.75462803935492	0.7964541186212472	0.21809055482181364	0.8517688151094229	-80.82546512556661
4450000	3.296591307654403	3.9683945628741326	0.8349503844609159	0.7954291608391894	0.22664737855895806	0.9905396062451901	-72.06268026889214
4455000	3.6195090498017986	3.7653342748719387	0.8013183626742156	0.795720414803528	0.20749737941251667	0.8121783877891896	-73.10290344914318
4460000	3.18638055169799	3.2898788365391183	0.8793673008643462	0.7938663989196291	0.24500581894119197	0.7956611633183476	-53.59058461419714
4465000	3.2864472266123794	3.4119167172417133	0.8152247899125937	0.7682683251736893	0.22131500007507016	0.9234856578321131	-78.09185876482624
4470000	3.2773219783702676	3.5387865232049878	0.7524360054611644	0.7669789960813057	0.23795314130888412	0.7055496230164289	-79.31234898980304
4475000	3.3738233497020924	3.5155537613950565	0.7363032129938593	0.7798105025215423	0.2371985622757808	0.9981326082618347	-78.01230944083855
4480000	3.18638055169799	3.297580743258751	0.8342290395467775	0.7985489818694849	0.26611633729761885	0.9739180080857766	-60.29312593362045
4485000	3.3417901392134945	3.585797842591945	0.89064245264906	0.752307070645251	0.2637884606530799	0.8444140985743671	-80.97136028061442
4490000	3.3712424806457295	3.4040437611324315	0.7957444321932391	0.7960398437269391	0.22359448320254433	0.8130978545928378	-53.78248031659044
4495000	3.504277611277168	3.7848938312189015	0.813940799662444	0.7824648372829555	0.200650065012293	0.956231006512516	-86.65741864119721
4500000	3.466445806553887	3.955837348849322	0.7432435397018572	0.7910559407945423	0.2093397115585497	0.8618913551396825	-86.2901494465801
4505000	3.4634303997486837	3.520005497333908	0.7722087490342598	0.7668128007278289	0.24387644456766483	0.7003230550194065	-78.54674534158272
4510000	3.7549990245839457	3.8580772427031746	0.8468884402795748	0.763446083615416	0.20853684165981648	0.7644880101529425	-91.84780769503868
4515000	3.533287361966289	4.445514236815749	0.786119049558436	0.7338119272059664	0.20253950253542827	0.7617357156114114	-108.66507844713138
4520000	3.5698065202135303	3.9506808571629217	0.8021236821894807	0.7606785544169345	0.22938748127047673	0.81333600777848	-89.92394898833246
4525000	3.583242625806077	3.587228883807203	0.8298530528591341	0.7682125262075904	0.22968106334341296	0.9502293828777414	-80.67211295485419
4530000	3.618306533206551	3.6625753022436487	0.7174834431433016	0.7816529410737888	0.25738705371715764	0.7254453607424821	-89.33525309920759
4535000	3.5054584273830605	3.6752778281940537	0.7345453877094328	0.7898194836213187	0.210077639722373	0.7175850872054368	-83.8895322343933
4540000	3.40791361738775	3.5458887821230975	0.86909758337314	0.7967799638011474	0.20267351153452348	0.7286654415486495	-56.15895564888126
4545000	3.18638055169799	3.197573783478935	0.8459766643498217	0.7994572702946185	0.26591347140437804	0.8559651464200114	-49.8326465776669
4550000	3.4077743438170667	3.474762671621573	0.8563986528380202	0.7791091687614595	0.24604269003935408	0.8734608941335553	-64.48386883489368
4555000	3.45963873699029	3.471615079098031	0.8901915324964269	0.7884444119893569	0.21852568001081255	0.745345079686175	-69.56265341158792
4560000	3.27326387728177	3.419154377094346	0.8619046146401689	0.7838237019040876	0.2024789788490014	0.8766184327545223	-75.55130523717489
4565000	4.217053507549547	4.399934057791888	0.8498979770138524	0.7361985723919785	0.20262028130301685	0.8527308209713171	-104.36987809027124
4570000	3.5021296678813005	4.263273748704045	0.851567182025954	0.7811895799660151	0.22986329781997097	0.8805225113509307	-82.10850215858596
4575000	3.18638055169799	3.2288532502316656	0.8672872798346555	0.7876988881461238	0.2225845692057059	0.8440379859199191	-73.25435561212268
4580000	3.214212745438303	3.3944938543863734	0.8520838921350131	0.7937356780885906	0.23028077017601103	0.8768822481456636	-70.15392067822216
4585000	3.18638055169799	3.2000903653153294	0.8253623468063018	0.7943882539607622	0.21816986734095553	0.7451220148685567	-57.10231356648819
4590000	3.735186509113499	3.8720184520283945	0.8153915571355177	0.7905278341608613	0.209835830324389	0.8053717860459638	-75.98916005901617
4595000	3.4069191634409437	4.095690314942353	0.7124849605391268	0.7688951980625969	0.20444376050868393	0.9413545981680713	-95.63843125919561
4600000	3.246527111155171	3.845608623050492	0.8327064324969772	0.7641487413005462	0.20503776400518628	0.9585360585333174	-74.16228350497423
4605000	3.1928491992344483	3.2626470260150895	0.8922558627339303	0.7621871941076721	0.2249208658468882	0.7834498252231398	-62.92742407400652
4610000	3.3719903692282585	3.430700991172719	0.8644066980560705	0.7922917180153028	0.20424379800188702	0.9171968360678239	-70.78381819001018
4615000	3.246426249271829	3.258960145727808	0.8857301800733057	0.7792778053929122	0.22779362878086123	0.8216871761618527	-76.2320661927719
4620000	3.4080010189218735	3.620171822468243	0.824090526725906	0.7744451214596515	0.25716343876055947	0.9808423279803551	-76.32630636937489
4625000	3.543557315296483	3.7211269985285544	0.8930281657064039	0.7807554961188667	0.21067637812247664	0.7242124415313914	-60.34577395948387
4630000	3.339774783807413	3.4969086563506173	0.778190099497052	0.7651415258039564	0.23906154756408837	0.9913058668898058	-64.77810065308321
4635000	3.18638055169799	3.991846833329194	0.8148555257005812	0.775953240693682	0.2938703855509767	0.7650404000821912	-57.081751855743775
4640000	3.635790203330977	3.8640027988747883	0.8943727402140865	0.7666594773962189	0.20800302116904665	0.7591816885758637	-70.25766535775375
4645000	3.6508375365014487	3.801824568013884	0.8474058758043919	0.762023902678817	0.3033060312128299	0.7860782837183934	-76.34197284428012
4650000	3.292441093977616	3.470720367426531	0.80741108419382	0.7983303925888408	0.22111131939742956	0.764105319011278	-60.798049776624374
4655000	3.2810469173613575	3.9335376516659712	0.7566942236713183	0.7724268940720871	0.24129067388570322	0.7377423235391619	-80.99736237374708
4660000	3.6967694951156735	3.7673017583565636	0.8775140588218199	0.7975024263661239	0.20727028240375212	0.7989347153386117	-74.90791920807607
4665000	3.371887606253075	3.622185695564942	0.8358821680107598	0.7803825142663497	0.2133050823265659	0.850062424690673	-70.30714430906497
4670000	3.3516083708586812	3.6130442327294436	0.8450728590515885	0.7796746880862719	0.2482430668167181	0.9587740974507534	-69.64928717088048
4675000	3.364158460922146	3.6232138337777773	0.8940604193887598	0.783837681327169	0.20353869626420892	0.7447098572119905	-64.20485688277003
4680000	3.671786858460136	3.7334956484172244	0.8703496743653396	0.7509274258418626	0.2042332311957227	0.9595489060319925	-71.42168370781738
4685000	3.2001915190048744	3.466777017976388	0.7961147094769812	0.7962535010033265	0.20125396272664983	0.830136390882073	-73.313620409165
4690000	3.1903175293093753	3.438788428378984	0.7991819480520076	0.7571892340188235	0.2585423136856297	0.7713254689252788	-64.39637176061831
4695000	3.5189624422657277	3.9354972421364103	0.8510511884904254	0.7859466833418499	0.2298637915686089	0.7998954307618469	-61.64903915200424
4700000	3.197004877271204	3.732686450268848	0.8888908462805993	0.7931577841538426	0.2447747797847881	0.7882323263854017	-53.58902061510458
4705000	3.18638055169799	3.259148682469009	0.8027006249301302	0.7890626884392119	0.23317688016317845	0.7309247232065503	-68.3170956216455
4710000	3.3035298710737115	3.4022099713019305	0.8856443725239822	0.7518951280049669	0.20415455788293305	0.9152843353820714	-86.09978884114224
4715000	3.9768254920750534	4.396541046174834	0.72141822038891	0.7995931114805735	0.2030416663331904	0.879835628555315	-93.53051590024484
4720000	3.2361868051094325	3.6936251249004965	0.8545626855113807	0.778705562286097	0.23060140614092647	0.7536335952566422	-91.5247370285094
4725000	3.783155975002057	4.461104715333528	0.7956373732140622	0.7884911223831552	0.20186893221643912	0.7427394696920641	-73.62512680032498
4730000	3.1912522455270453	3.3659245854964754	0.8772360947639262	0.7979260461593345	0.20133151089901952	0.7113966720344342	-64.22454246377279
4735000	3.2482021561653003	3.845111468987133	0.8484521180893264	0.7921012963343955	0.2556712453955793	0.9440003048913933	-51.6350438055024
4740000	3.2527011170127236	3.2890814367941785	0.8662689892169666	0.7457724752230163	0.22878185277924717	0.8679069605159819	-75.78197806076776
4745000	3.336838900644329	3.338751038023924	0.7732933772067494	0.7866663729402965	0.20880990528965174	0.8955335808057235	-81.33432148223494
4750000	3.320145278212879	3.371371223708655	0.7932510741956692	0.7584001802065976	0.22605431758242275	0.956283864555107	-79.40861054578784
4755000	3.3787958245207017	3.9126887350094877	0.7935163614745236	0.7931136856277983	0.2323503633633937	0.8170964620634154	-74.03577343972944
4760000	3.18638055169799	3.231125455603783	0.8908838615965154	0.7665331263566119	0.2702031819316738	0.9077979198577726	-74.22688762114734
4765000	3.495913499114152	3.645128069914731	0.8714914693981666	0.7928328821095368	0.263189491027065	0.9351198579218575	-65.82216972270425
4770000	3.18638055169799	3.490164736337634	0.8611381400292007	0.7845300112260044	0.2180627686873986	0.7597561850167752	-69.6836519030881
4775000	3.3772090220251605	3.5405691433929	0.8458051057378193	0.7797017773163769	0.20440486818673215	0.9012540520133324	-68.48138317124537
4780000	3.3717471863023016	3.410857005237245	0.7776264766237365	0.799165088793028	0.23647028375625762	0.8525419659903585	-62.610705618654464
4785000	3.24162265194025	3.610461595289978	0.8545754102434537	0.7949080806694147	0.24340745425506952	0.924560331674641	-50.457488181592375
4790000	3.3177438495655527	3.535086426254276	0.8359418741507794	0.7898831340996135	0.22404079670833774	0.7118584951020472	-49.51004878092655
4795000	3.449033220100601	4.106536893544814	0.8563329025486243	0.7813517936597955	0.2373217069124441	0.7829317815479642	-64.64189907861874
4800000	3.7422784319455435	3.7583718066750142	0.8119567131824317	0.7839115791677802	0.223732833879961	0.7815113792390992	-69.33794885602862
4805000	3.616220088757842	3.7951942547997386	0.832262367442708	0.7456740581714909	0.25041958867722774	0.8429562325764762	-87.75815211018673
4810000	3.457546945554926	4.424093081621249	0.7612913802743572	0.7922360825952187	0.21457617472471485	0.7669216508727015	-79.25647086053198
4815000	3.605250842234952	3.7017379533411217	0.7805828030781039	0.7911910105441339	0.21521471560952543	0.9692418740549177	-79.30184390417617
4820000	3.603573691238634	3.6656328011217614	0.7022758309595756	0.7854840937952321	0.22620370187115546	0.7332241769058762	-80.60113782959371
4825000	3.3317240106140797	3.3661056022359395	0.8630060349557712	0.7962740036441394	0.2074535524918764	0.7527917139919084	-76.37689249440058
4830000	3.317861711793113	3.535906308969622	0.756257961770654	0.7925319351324073	0.21560890464808577	0.7626975307712035	-82.8485092878307
4835000	3.2889996767943774	3.825418723970775	0.8309689383824563	0.7958470321677317	0.21889402664078594	0.8570887018955873	-66.27477308666539
4840000	3.3570753262752038	3.4443117140678	0.7416514832942724	0.7914835972092614	0.22295896690913883	0.7014171101175922	-88.05241764798754
4845000	3.18638055169799	3.8006136590439015	0.8208641345910157	0.7811183840492584	0.22160481575426522	0.8940464112161228	-68.61172183234368
4850000	3.85350062911	3.8556200010645876	0.8086256784278151	0.786513807021141	0.2262698959657969	0.8328464949636463	-83.36889369670246
4855000	3.197673366239709	3.367653030647838	0.823860038770334	0.791519393912233	0.2247580597877171	0.7075696090308567	-70.12533347240398
4860000	3.48277980955385	3.878255708458151	0.7827072327070874	0.7911095581518736	0.2723960789129965	0.816709838355187	-61.9238344747202
4865000	3.2454700906937193	3.278938358330888	0.889934882561506	0.7896184515452596	0.2049391539092207	0.9155199873676261	-69.74513999605827
4870000	3.235261881801058	3.5167113917971733	0.8637556392633594	0.7949556342631369	0.22342864516926664	0.9363345728233026	-58.74964552154435
4875000	3.5656196254895502	3.6516173779007692	0.7965117184407018	0.7740844216776421	0.235260859311393	0.8750356882271214	-83.78692290805378
4880000	3.243452463623489	3.252633141646071	0.8805073004547692	0.7932639233278403	0.20647770017403094	0.9379115923738911	-55.448781116537496
4885000	3.280800314173223	3.5819357497802127	0.7853311561470996	0.7688489872075533	0.2188975226023675	0.9786649885646848	-70.23430119121281
4890000	3.2507974015555368	3.927714505895719	0.8385900789930818	0.7999151167414984	0.2073631119870933	0.7712597970263183	-66.49640527840162
4895000	3.285505613157319	3.3415211088141064	0.7833841770965805	0.7801796824252787	0.2598315765911568	0.7259337343462632	-81.66792450293426
4900000	3.476507528145418	4.015476555431794	0.8393258315849662	0.7962106588193304	0.22691504679441643	0.8801882429887167	-69.40734445060502
4905000	3.4769371848020683	4.312145587444665	0.7708552293447953	0.7804205134454021	0.22054932648651904	0.8886219721138254	-85.82121467974602
4910000	3.434659348607272	4.767280277936543	0.73425349541921	0.7173875478799101	0.27839837229428843	0.9496361510150777	-94.33086325290674
4915000	3.3721110531812584	3.5417746234738874	0.855852469711851	0.79562174998173	0.23893295535898482	0.9337485645674393	-75.18321186826554
4920000	3.58683459692205	3.9520743611223175	0.825568315409705	0.7424052147622893	0.24609795603596143	0.7833770676578816	-93.1716115722138
4925000	3.249199394912356	3.3026302189528356	0.8274114562416177	0.7969842910672611	0.25131560438188283	0.8676335459690496	-69.53043422325561
4930000	3.241386775069746	3.488235433009222	0.7458453696000932	0.7930794049905211	0.26868615900020437	0.7788172045150472	-72.51477475563235
4935000	3.6125211622330573	3.769336719020611	0.854899794200505	0.7995640006603891	0.2222226760133674	0.9283476353414106	-75.53126524307015
4940000	3.579388764940997	4.398909969938796	0.7878525023002672	0.7885362768354811	0.2479576019731182	0.9894734207216632	-68.04894693923251
4945000	3.18638055169799	3.597788724195028	0.7760980046013022	0.7827618760542676	0.20997609985276566	0.8775751942320521	-72.40752332016243
4950000	3.8427927866749987	4.25519902826521	0.8077786570282488	0.7796853225229117	0.23220575580339842	0.8943562833033885	-88.60526673076868
4955000	3.3681953267160663	3.387043849135289	0.8865811538470261	0.7935604072732283	0.2221022835357005	0.7005514589172669	-69.31870289033506
4960000	3.346437441848126	3.389652004955812	0.8196732439452677	0.7977905703911623	0.24106402195403795	0.8031428143742384	-62.40401261323257
4965000	3.4061238141289762	3.863493586575858	0.7868426053638621	0.7887819751842213	0.24955162271822087	0.8035681628958304	-70.87568432528218
4970000	3.372525798993332	3.5015478757211898	0.8246408012108593	0.7964649194909295	0.2034796413602356	0.8504022142806311	-68.95090753473747
4975000	3.1989288212636495	3.346061049990635	0.8334717520791366	0.7811733175013975	0.25518502495786943	0.8374274511853347	-56.28826527568653
4980000	3.802508463554276	4.259661491061747	0.88924076624073	0.7508203752079882	0.23923781299926417	0.9403602911996621	-70.71365959542422
4985000	3.35033424654908	3.5509166579723868	0.8140366673450224	0.7480341766871587	0.2319757055326537	0.9171928479002255	-82.47380857719918
4990000	3.5401365336728605	3.9177970693183006	0.883361497174067	0.765171080423352	0.2178460688352732	0.8369051733782419	-84.54969271052781
4995000	3.6523157178750045	3.9861604017168655	0.7472246887924902	0.772830627405678	0.2060457008920821	0.8460866725902648	-101.3503314025142
5000000	3.646262710806664	4.06715121115749	0.8803346839755645	0.7262845896927335	0.22336084219979827	0.7595101651384835	-99.85342630793787
5005000	3.248128414468478	3.9472017422518446	0.8078763632628503	0.7854989167340463	0.20080243829736946	0.8058948139740968	-69.59794414166552
5010000	3.18638055169799	3.4413556472469704	0.813991881780595	0.7943567687246401	0.23915236193279135	0.7889286686486704	-53.52114748414096
5015000	3.2860825279864607	3.518523647906117	0.8275193336203802	0.7799147414800901	0.2165317549148288	0.7319945367548357	-67.90333531391337
5020000	3.423082371294081	4.52676541083833	0.8471585668710289	0.7907797930475025	0.21130571548838614	0.7938577137041382	-77.28381804650735
5025000	3.478135837015967	3.615266502572584	0.8504280040370269	0.797188731473312	0.23123405113435228	0.8624576435516074	-63.56028436435982
5030000	3.2317851597634064	3.552289682312579	0.7210822449534381	0.7764192932969398	0.21037113451723755	0.9398230367654183	-83.01814803389436
5035000	3.1945216349667866	3.2058126240394254	0.7971921287889318	0.7826023867935793	0.20482048299003966	0.9534533406924537	-78.96210462224471
5040000	3.3696975893542516	3.553216958966847	0.8318942814921162	0.7463944402143902	0.24031898853465003	0.7303535377278279	-90.85791339798763
5045000	3.3483658384249857	3.434313598884555	0.7789768726032286	0.7789913425281062	0.233746448057163	0.7080004493285311	-67.591694046101
5050000	3.2395798860216303	3.555225666185441	0.8539268996362384	0.7880854622692458	0.2444524794256463	0.9545425589472286	-55.875058220935024
5055000	3.18638055169799	3.420441775425943	0.7938621029869659	0.7983701554616539	0.24041676256373984	0.7538837033203355	-67.27023581201996
5060000	3.305144121501595	3.917358828026416	0.7922268465783302	0.7640637545310636	0.23005210393020772	0.7107408072610574	-81.28570871874408
5065000	3.599565859100542	4.098562411019128	0.8891300357137971	0.7837981746673408	0.2113917325101773	0.7703423413015456	-68.8005528865697
5070000	3.378638090586825	3.8458378382040186	0.8702016433504831	0.7922498549623797	0.21050927448214038	0.8173000849084769	-70.0687541970851
5075000	3.305785511540329	3.710128735181921	0.7392585606652678	0.7888930290249291	0.20313465663250876	0.9559847050080866	-83.02399934667383
5080000	3.2206731150126453	3.247038335703993	0.8954049795940925	0.7831066925864985	0.2115874042384728	0.7926496536061928	-71.16205847735824
5085000	3.3611319182737014	3.520230429467555	0.8785020890015952	0.779844817256919	0.21862689312324923	0.7042181455823341	-75.09916688724931
5090000	3.430624526517057	3.85102742907415	0.7111231219486203	0.7928127557186051	0.20430000568753656	0.8339339617401191	-74.56645995277714
5095000	3.372328495517621	3.4380248726373246	0.8365697757875322	0.7953136544995832	0.20649581363834388	0.9526407150127215	-66.12394113152814
5100000	3.2291651576941436	3.2861332098509233	0.8848906757630677	0.7890692325313466	0.22461277128325982	0.745211708107854	-57.25145960998671
5105000	3.401054910814869	3.477047180546169	0.7617893645681949	0.795995979233316	0.21040378830033013	0.8131355668361223	-74.30052873581852
5110000	3.3201436817334966	3.3471134604633677	0.8049697047835466	0.7908291097888237	0.2012146847828609	0.7467953813176891	-67.86544442688776
5115000	3.536772274900167	3.949128310974192	0.7721910441949829	0.7758033603684037	0.23105667307964722	0.7869191500771909	-75.48243150209956
5120000	3.482612158382944	3.8221892495867515	0.856945350687742	0.7723648666267412	0.2254907229029804	0.9036116275915789	-73.13845207690247
5125000	3.340723001329149	3.3511940641719082	0.8741412309334261	0.7584268317679306	0.31385095828099074	0.9059160105389258	-77.62679761467882
5130000	3.4457255411217993	3.562988357165522	0.8988679664217242	0.7524788184185154	0.2192709471615906	0.8146350192562033	-97.05762281234092
5135000	3.415461574421711	3.9492519083074153	0.7897748997254338	0.7906697703056107	0.21394524665079803	0.8639720073186864	-77.35002280908427
5140000	3.4689729146605273	3.9909448585385103	0.8098299566502924	0.7671461197961562	0.23571914460843157	0.8098880516883573	-73.09711975136568
5145000	3.585667436549618	3.6889755842722374	0.898435933950558	0.7875139837629898	0.20512285920412815	0.9258816566260958	-79.60685048373293
5150000	3.2002860328977363	3.3070273575152327	0.8946874995916538	0.7614688248708914	0.25654098251157526	0.8943955988973065	-76.91068364267929
5155000	3.547016789514425	3.760797115921287	0.7568857905405515	0.7930500415727469	0.2160928748001781	0.9226267631999235	-86.26362971740772
5160000	4.0231953590513525	4.252257336765515	0.8611664702410706	0.7642439137225584	0.21269407032932502	0.7326704366569009	-88.5216406121022
5165000	3.647489788571804	4.460984562589696	0.730857780744031	0.786119852533235	0.25020640213295237	0.7230041017995151	-94.8492441925689
5170000	3.4873748413157277	4.542063800869894	0.7154120199501278	0.7831277571320131	0.22251284543728037	0.8563012014121002	-98.85844225648535
5175000	3.4824366324838443	4.086388370138701	0.8635076674538293	0.7816104074965272	0.20577862788158433	0.7763967246427131	-80.78969155785748
5180000	3.7859217772610867	3.889811527183151	0.7189294817519769	0.7739143218208601	0.25634211759949854	0.7999968067197762	-87.17692341107636
5185000	3.4864663755743805	3.6652878224072345	0.7518297835117204	0.7638522252529839	0.25098797899730235	0.9909043124484312	-82.08940956311574
5190000	3.3494404921481093	3.3840562968930206	0.7903608644743289	0.7927973796577288	0.2915137171467088	0.9959133238845664	-65.71332990023805
5195000	3.18638055169799	3.2267297283080416	0.7621854673009967	0.7540540074559543	0.24412464234841894	0.8635336514602165	-69.9307068159367
5200000	3.2018903935931653	4.105377187283822	0.8295036476585544	0.7719356220445382	0.2060618185338085	0.7805557940023534	-79.27595418947845
5205000	3.3439680299900623	3.4595343306696007	0.8632450525523094	0.7526831826034228	0.2248827124993325	0.8592725318323476	-69.56423325120161
5210000	3.464068505876283	3.5635074652195735	0.7483777705988637	0.7857537062810185	0.2800515686170429	0.8495337470155805	-74.5376150446061
5215000	3.18638055169799	3.2719486739778803	0.761129366438825	0.7906855718283696	0.25474620428656203	0.9837546312339432	-57.86024762500257
5220000	3.2445007615857464	3.4649563982828435	0.8564834692434692	0.7592498872864889	0.23175233610166995	0.9630639358217942	-71.7099928030932
5225000	3.5134432780048255	3.797088074679295	0.8587510629395623	0.7612889292220124	0.24235003202883806	0.7548619705881602	-73.68948572732282
5230000	3.190664575699264	3.6686853531617967	0.8424120091645673	0.7965925533887804	0.2501824188240986	0.9868589917526837	-71.62546290882628
5235000	3.432299547884461	3.6638904094487197	0.7468168449027319	0.7738474715297838	0.21038258659452547	0.7924488477760491	-75.50529812973565
5240000	3.251825651786513	3.3981445107913117	0.8261571778565918	0.7941754108165313	0.2178324885516281	0.7555063355672241	-69.63889761555444
5245000	3.489674569517637	3.7451247597205515	0.8227486736522571	0.7546313269296498	0.20311156037950104	0.7179005635475841	-79.84761143025443
5250000	3.60593193608925	3.689515190178956	0.7860505317676764	0.7971277964973614	0.23290267784415872	0.9761951371193539	-80.94455417080692
5255000	3.4387075394038615	3.751384196020901	0.7248268733380044	0.7601552995014906	0.23040694666538258	0.8988519001957938	-89.64463767354238
5260000	3.3357628975267883	3.453635893065469	0.7300828755639914	0.7836317284601306	0.21042503037803553	0.7444077588524282	-76.91536957794267
5265000	3.2758839013117225	3.69349295544175	0.7934415350894352	0.7881553126177081	0.21246251259453713	0.8071812359902023	-68.86401920515138
5270000	3.4295878613616937	3.735167870699946	0.8983901182396473	0.7881811129081612	0.223363630909653	0.7507695523524331	-76.37235646390158
5275000	3.8662376680732793	4.670906919407732	0.8196247946572143	0.7717605057614219	0.20158298381292725	0.9173654110516832	-80.6495572025716
5280000	3.683270410057177	4.039558246180763	0.8875923001884192	0.7935596944445933	0.21917831390158588	0.8555868412177724	-76.49613428302499
5285000	3.6836065061189744	4.000834500712468	0.8634379687294791	0.7314603257750456	0.225366021797882	0.8507706682717753	-74.09095376850954
5290000	3.2188069790261276	3.8476438257008834	0.7839786205133628	0.7688921009899808	0.21273087478354635	0.8745251351584259	-81.05398040227448
5295000	3.235529521947569	3.2844026030507867	0.8005402862985147	0.7811214382218771	0.26997258422136267	0.9805650151584865	-69.29315536754075
5300000	3.360404207249963	3.479988530848499	0.7366524505636822	0.7821530279789775	0.22401131833365945	0.831775276834408	-83.51086864476403
5305000	3.18638055169799	3.5469565691344256	0.8516122761542726	0.7783433903099564	0.29710848848732346	0.8452463527159766	-68.82530283460102
5310000	3.339460228350044	3.8887808584352963	0.7793305492507626	0.7959018610187332	0.23126703635829388	0.8208686714511759	-84.4574399894264
5315000	3.391560321166519	3.5272078843596124	0.8484346043746999	0.7936987801892307	0.22082914702123815	0.7835030991412334	-64.4928463543373
5320000	3.313904770162374	3.3319181415439107	0.7448907875687363	0.7680039129722813	0.20844217651306748	0.7222938425581544	-83.80750371805806
5325000	3.5955924273530275	3.8870538493764446	0.826985614647563	0.7943445838095667	0.2042640008496181	0.7519085149601711	-71.00220487747828
5330000	3.514695226609862	4.102969204926043	0.8264458593213436	0.795971643081097	0.2020639733468592	0.7871470972378324	-91.7252406855296
5335000	3.2010098305339727	3.230272573253589	0.847053003700799	0.7469510226792156	0.271026391505931	0.8208878348235229	-70.42169587805179
5340000	3.18638055169799	3.361741670907103	0.8417433831103838	0.7640194429729309	0.22860125431239317	0.8155090270575549	-67.21877310322449
5345000	3.4498028424413976	3.867477738938083	0.7898129511062764	0.7839751866461561	0.2059051418980814	0.7428085983996735	-104.3951603651177
5350000	3.18638055169799	3.662517250791687	0.8891221036128361	0.7689291844773545	0.20162419135044374	0.8596794310549954	-86.44700010610097
5355000	3.18638055169799	3.2381657111849997	0.8342384881137527	0.7939056172680012	0.22723860682859331	0.7044330617992217	-74.8785649190126
5360000	3.2656187536853585	3.387260221018569	0.8625205549710934	0.7577179829266149	0.22510981991755322	0.7481440269757044	-71.7830115779806
5365000	3.451346916457308	3.50461656772823	0.8889531934652071	0.7685700172766478	0.22873495688175285	0.7455793348073864	-68.2249928049878
5370000	3.18638055169799	3.2651822982676335	0.7329129734856201	0.7577413177061535	0.2602055957182674	0.7069539829418062	-87.64238760457226
5375000	3.18638055169799	3.295413547844586	0.7768804536040286	0.7836286557325783	0.23524498563726318	0.8834245358927638	-62.770649875703995
5380000	3.4097242118429825	4.011922524506284	0.7881308745635814	0.7798446554714875	0.21302306363635784	0.8318313373063104	-81.07251963007036
5385000	3.3347988756548825	3.4719898449696	0.8983912886563002	0.7795023504610027	0.2134140390401853	0.8130558217576579	-74.85766522388224
5390000	3.4060720066936114	3.4522855574608893	0.8601858125143187	0.798757487146991	0.24117318596452467	0.7012059323346513	-57.228726459975
5395000	3.5614684679742803	3.5739644553192917	0.8612452483815051	0.7865022379361397	0.25334240607424113	0.771030535135722	-56.16558142038769
5400000	3.18638055169799	3.296838583765555	0.8499075323025054	0.7730660089424607	0.20238321044052923	0.7733905220297213	-66.45389738739067
5405000	3.3477155726302312	3.409569536229241	0.8657364724960324	0.769359931347151	0.25385687117049516	0.7656410245392065	-63.77670973004725
5410000	3.6270037281793583	3.9729877228213506	0.7505873791422436	0.7940738439727469	0.2079645624007332	0.7778339857180916	-74.02226163044531
5415000	3.535865151776209	4.485492197773884	0.8281492136118676	0.7798005047214227	0.24024564187078537	0.7125484156297464	-76.46598910592144
5420000	3.1970569805961992	3.672242450653655	0.8636883038689956	0.7818801584872828	0.24177740234724987	0.9765731996491196	-61.29042585550628
5425000	3.18638055169799	3.251066201934488	0.8361936813928543	0.7668811889196755	0.24546226174644456	0.9201901449890243	-83.11815464687245
5430000	3.361824478598561	3.401738358158812	0.8119227902188582	0.7898154754251828	0.20182025431491687	0.9668271089573549	-70.06942079950906
5435000	3.18638055169799	3.5235192052563384	0.7963413278212589	0.7922997777359626	0.2596282107027346	0.7702712114391808	-63.042804165327915
5440000	3.2727131824380207	4.0390717990929925	0.7241239300001628	0.7849231947484787	0.24124413003980902	0.8564664929555593	-80.8423866727723
5445000	3.264625862348788	3.6100191526357674	0.8903639259980929	0.7631949358183143	0.22947298346165676	0.7450184041837552	-71.73153980586886
5450000	3.32246769062506	3.439356150162082	0.8471067062533619	0.789083110582166	0.2208696551665621	0.9500107715528271	-89.88721606155539
5455000	3.321798310537305	3.6615839907160477	0.8175124376645146	0.7627901346853729	0.24914176611526156	0.7863444355562925	-77.23486978930475
5460000	3.784288347509336	4.150337843889899	0.8793037454883761	0.7973670208310064	0.226698514515399	0.9667501070438014	-58.41834375155397
5465000	3.272910210656498	3.473421135605473	0.8675618142402344	0.7812030319721164	0.23720383793321517	0.7823799505247245	-63.061088959881964
5470000	3.389421327361458	3.451181105310257	0.79373048550292	0.7948414167966354	0.23264122419273214	0.9700336359932509	-72.1099719512022
5475000	3.2586775665303858	3.7535721401136644	0.7915064403006096	0.7904282185385944	0.20313469413078517	0.7182484225188158	-78.9902438331159
5480000	3.18638055169799	4.179393231376624	0.7759176629739387	0.7997626166957121	0.20428422949386102	0.7748326691468866	-79.65760110776233
5485000	3.3004063389890734	3.5834476501437167	0.8108952689774223	0.75064505815838	0.27310130623443435	0.7435906563106933	-80.31118564954713
5490000	3.5653304449409498	3.5924966760928716	0.7990261234923884	0.7584713711260114	0.21146314285567508	0.8247720378456825	-75.75417575061365
5495000	3.41824730846093	3.515863723868635	0.7278803037271234	0.7866583243625049	0.21147148650619274	0.9942327823465151	-86.92426018400505
5500000	3.18638055169799	4.096527943715195	0.8462398743046111	0.7861709573760809	0.2516528673618387	0.7704872054198699	-73.90125949122637
5505000	3.333474257150346	3.5206945964744643	0.8329787040308729	0.7767222517076857	0.2250715451653618	0.793960520604362	-69.19522571835833
5510000	3.6829296474282347	4.06681656236817	0.7548999281881492	0.7446752179957724	0.23456471693854636	0.888707749471336	-103.34390032204729
5515000	3.656344133061223	3.657622484853606	0.8176713183099239	0.764307252203398	0.30020730962376924	0.9201564784817989	-78.99856598564432
5520000	3.2510859018286284	3.306770868347522	0.8129482174239709	0.7966480233086598	0.2095983076367191	0.8743875834672634	-81.53872595990612
5525000	3.2564906334470938	3.2795715088737056	0.8847491640046188	0.7855286725622687	0.28263572022369104	0.9692836444289183	-47.28195429864547
5530000	3.6265131588416484	3.922503499190927	0.8471809664291767	0.7597121071872799	0.23363765576117582	0.7856323384978208	-68.20645251116605
5535000	3.509491309079252	3.533445564176667	0.8002449479661159	0.7548028218609384	0.22424365206128646	0.8365353169163237	-76.30422611408864
5540000	3.18638055169799	3.3927872378035726	0.8623222139782247	0.7932978671767134	0.23889156352414256	0.9764351927867684	-62.34352163875661
5545000	3.284622935630352	3.6587014757332033	0.8429662108908662	0.7965653858939559	0.24125532136433245	0.9819482574284795	-64.07570838603411
5550000	3.5289551460067994	4.2419623427767865	0.7455540820709502	0.7812694435895804	0.2543815798308392	0.7689429365985526	-84.87237127496948
5555000	3.774129320151914	4.184446998104578	0.7963480118107207	0.7787527962743769	0.23641914338026257	0.8100411200685459	-89.54390792319737
5560000	3.907201202186144	4.0117354351122625	0.7408840415680514	0.7994504973337114	0.2065260877585969	0.93918600507865	-86.92799135786146
5565000	3.4126996749199456	4.458342165465895	0.7785606112158137	0.7985206741040695	0.2239549422259358	0.9760941968245298	-86.43283026445633
5570000	3.405412790738638	5.202763589005413	0.899371442088073	0.7501227067454527	0.2279476909174478	0.8636492321429597	-81.4517579468287
5575000	3.4820924548234578	3.692291859861464	0.815521652882782	0.7577868686963742	0.22924428668514188	0.9397366167511387	-87.32078213690164
5580000	3.269507049207113	3.29455235353817	0.8941074930115402	0.7427223802610022	0.2060015074569124	0.820637114066914	-71.6094269314068
5585000	3.2715226631159786	3.3262355073657557	0.8178613403634352	0.7296369945672254	0.24004207822291543	0.7643747992192573	-82.79057947646714
5590000	3.18638055169799	3.772734091291536	0.8207760446584965	0.7925785375342307	0.21807562281964285	0.7751123200317844	-69.79912835373838
5595000	3.4406673881023973	3.618256204047789	0.8032774897160904	0.7446358544890219	0.20753541920940768	0.7580238796723324	-96.35126596379743
5600000	3.18638055169799	3.290141393060068	0.8653958281496082	0.7644152341992073	0.20756493565459724	0.736825054689813	-80.37170340345008
5605000	3.523017761722553	3.659469665052877	0.7877541236184731	0.7772719335486411	0.226118915180429	0.7016756509115246	-72.57348897418171
5610000	3.3708963108270065	3.386091765702322	0.8540306127934899	0.7881762942145298	0.2676974715763461	0.7008890482077285	-60.98649113489946
5615000	3.1965567064851514	3.9068095304574504	0.7794673182870204	0.7641961782969618	0.27137120304202456	0.9472488272849134	-78.05145072298959
5620000	3.390194898365542	3.3902905665606555	0.8335582706944523	0.7825123324294436	0.24060402864651914	0.7944267639252006	-86.62659784533312
5625000	3.2659227544566525	4.177971101997818	0.7608620528339457	0.7926219988092288	0.20118584028945355	0.8694720242732884	-76.30472356407122
5630000	3.620771770815727	3.6431910823028533	0.8970093866602216	0.7507635324212752	0.26236659238951543	0.8641698135061548	-81.8739083802547
5635000	4.230594042364047	4.273516165339152	0.8534033308875956	0.7516848683378332	0.22068759840297655	0.9136281047722328	-87.06639638760657
5640000	3.619607383271607	3.691294048737838	0.8524722132473734	0.7768602700832421	0.23400132087517023	0.7017903969664903	-70.44501915542111
5645000	3.258736100552237	3.3995320370439246	0.7669644943731672	0.7842865107415876	0.2280918864582937	0.9322593634911001	-65.90683736057454
5650000	3.2933237744319457	3.306747328218512	0.8850533268616395	0.7536980873246955	0.23336843512853722	0.7980667705920248	-77.18157422367278
5655000	3.2985370517399386	3.525055302790174	0.7826904293275082	0.7361323707575037	0.2262186681363654	0.7861450504444054	-111.51910325756171
5660000	3.409163874277787	3.54425123311828	0.8531425381263442	0.7910075419645164	0.20446330108484406	0.7254538177081994	-75.20559256260142
5665000	3.4029428487317896	3.6260774182084288	0.8646479611727798	0.7894751575310498	0.2839435561019355	0.7983789267212756	-48.23834085869513
5670000	3.5362579958671394	3.9726042017008125	0.8568612369362172	0.7880279993153608	0.20411870128769613	0.7972273486170085	-63.23423894131741
5675000	3.3186538701192037	4.167418720488571	0.8778183212324576	0.7832140840702062	0.20614096491263104	0.7353731911727531	-68.35939598602798
5680000	3.273105797038145	3.4327897101761624	0.7693438828991269	0.7804681112559679	0.32454992638510016	0.8735241750875605	-57.48928584455746
5685000	3.367827133856927	3.5761983847975873	0.8813595021064341	0.7994073207469521	0.2035523779957574	0.7580836479534607	-81.85243718147825
5690000	3.18638055169799	3.259470466335236	0.8109926414092975	0.7934719520987321	0.22228697620417656	0.7638948712647566	-71.99273993948341
5695000	3.671863108073332	3.8927076205196696	0.892231205683955	0.7679422538761453	0.2681795924426963	0.8572471584349233	-74.99166700357978
5700000	3.409357193230159	3.771016338830962	0.865387838699591	0.7300362965105209	0.20606512398189203	0.7687014152034846	-87.58594919008854
5705000	3.18638055169799	3.3428242166214277	0.8729624195149475	0.76021426571627	0.25423833532328816	0.9415931436144054	-75.65739436157759
5710000	3.26294440604796	3.2876370915551427	0.8816567212075678	0.7960067895230376	0.2328081592088676	0.8143865468976667	-65.31267899375581
5715000	3.1873668630612855	3.908353296241177	0.8101612392297244	0.7671405484552943	0.2754904494927947	0.8491809324813152	-83.0265452570539
5720000	3.3256014092760724	4.657213242311263	0.8925572645163999	0.7333955724909363	0.24332147746394694	0.8127692085197111	-92.93489846767761
5725000	3.3496335445031615	3.9025930120138774	0.8291378059176131	0.7960315171409331	0.22289878722492293	0.7442024153765897	-69.92513579262788
5730000	3.18638055169799	3.355554686338537	0.7453256639383944	0.7501595886558475	0.2253217569449412	0.733439060549999	-71.7728037284113
5735000	3.356358359412798	3.5172869162951725	0.8088701735361675	0.7771716425337936	0.20924394104183835	0.8542670827124004	-86.7195113454869
5740000	4.091754128920881	4.276367413221278	0.7635465261010105	0.7005501268184166	0.25122860031514005	0.7074676528499843	-101.03307288679875
5745000	3.6211459432860753	3.7930403710745106	0.8470971587439482	0.7868650611976005	0.20263890883876107	0.9552334960255524	-71.16605061866511
5750000	3.6198711524327747	3.650782862353945	0.7318704885376399	0.7980038101379595	0.2546251815374213	0.7774456361226276	-71.51799281143698
5755000	3.490864333677492	3.8473442705551344	0.8324003491347399	0.7650808558959871	0.20543752114856115	0.7057637233459013	-86.06324197315521
5760000	3.3777010481158474	3.9822886020612636	0.734688577428696	0.7820964905287591	0.2337661554578687	0.7276236514259902	-72.02753715980617
5765000	4.217012008886281	4.231101506848588	0.8598633992731973	0.7691426178210349	0.23960891784690233	0.8547924321826132	-75.82733226366872
5770000	3.6102680076573113	3.675374695657881	0.8707243681446888	0.7892504011845971	0.21706054177777356	0.8639320904566353	-71.95554806568936
5775000	3.535121736562084	3.6522925487538367	0.8144739768703615	0.7929046631608508	0.21231717775036674	0.7512868104699667	-68.50232109215423
5780000	3.605897548641374	3.6773057464889853	0.8816208005557562	0.7994372930427044	0.20683658868878596	0.7539839722073546	-75.77697804730943
5785000	4.0995647430192275	4.115693344395897	0.8313885288175814	0.7703654037637342	0.20971682521442853	0.7126172208895828	-94.76601694141812
5790000	3.3338788874154885	3.3894401455689454	0.8181881972769168	0.7962316905532173	0.21725702992870224	0.8054692926167224	-68.44480500148939
5795000	3.2166978487856337	3.2349569890112306	0.8776797176792764	0.777229753039075	0.25267355130403757	0.7768520504838919	-62.07084980274147
5800000	3.8923858910102918	4.124405057136752	0.8824312050675666	0.7648940604496023	0.21196905282235604	0.9170353340625922	-71.23956309572782
5805000	3.3720045913337993	3.5265801934968737	0.7661938294921427	0.7995381153230879	0.22573326198376412	0.746112058804249	-85.20119197362888
5810000	3.7293155135096168	3.976167535198898	0.878656897157329	0.7832983021482197	0.2624740581598076	0.8253153165813364	-65.52713019674155
5815000	3.7350142456673368	3.9956206453029544	0.7587208360061374	0.7376009067459333	0.28165880177184327	0.9223444565601072	-96.84067888557166
5820000	3.292103538205636	3.4440746268693423	0.7387510216419999	0.7892470975966568	0.21004912565458522	0.7153052785344823	-80.88138397028416
5825000	3.4117355858634264	4.3236828472104465	0.7906367717509111	0.7995926896389431	0.2826522498047854	0.9842801120316365	-59.21170882115442
5830000	3.3200348828728314	3.379264190893787	0.8707323102716849	0.7872053832858075	0.2398170129179732	0.7932684369974091	-58.55040620811104
5835000	3.6474315193229505	4.283049344872503	0.8585090992505415	0.7691014050311289	0.20456623495435253	0.7020186426988246	-71.86959261542583
5840000	3.3566718699566906	3.5205876351455183	0.7387187055461847	0.7970633994783174	0.2403712956257842	0.7013844130272677	-74.97449958438992
5845000	3.4891802458334875	3.890429412402421	0.8472185821923005	0.7818899458183655	0.2456361042710899	0.8043693014319055	-80.34394582618475
5850000	3.318273279400771	3.3628792050852585	0.8422055888843997	0.778133963685146	0.23389276085926142	0.7477638424098669	-91.11119715600375
5855000	3.4427132956503743	3.8713771103808083	0.75188879029726	0.753570029215815	0.21234713528747806	0.7812341468553985	-86.56844136825276
5860000	3.4858395272239893	3.7187033159449903	0.7477628499362974	0.7698581036232538	0.3290561262080519	0.7886223303537209	-61.618092627848064
5865000	3.6163713395025536	3.6329549470605467	0.8309332364950056	0.7843066035090144	0.21639936359964537	0.8965506736867527	-83.83917708666462
5870000	3.8235755944526573	4.036903489658539	0.7787182925507138	0.7623721100465585	0.200476208606584	0.7309014239723206	-84.36098559034707
5875000	3.3695192469197934	3.5753985828208554	0.8262492020033906	0.7854851258504211	0.24126333256537127	0.8355698275957684	-74.90977438844087
5880000	3.2397403430818357	3.2900346193435586	0.8701428297913422	0.7813365462428274	0.2092504407010204	0.8272394476854441	-76.77974699321385
5885000	3.54235237115986	3.660563006870089	0.7738128367905754	0.7870676257941533	0.24244214827150798	0.8628424925400253	-72.97281797488267
5890000	3.2705506460348617	3.8954963741983226	0.8746875666008413	0.7444738435064442	0.29198407562525014	0.9511343060651487	-94.51715288823942
5895000	3.328474164089018	3.417435171769923	0.8659149340101072	0.7777296619841422	0.22371729457150558	0.7559579375829298	-72.8243928320833
5900000	3.306813355627825	3.361782882660191	0.8559882436407484	0.7817719300645796	0.20655833964511353	0.9195108233038607	-68.00921087573747
5905000	3.2073138616776715	3.252399183439805	0.8506843629676731	0.7633461383424408	0.27175353976988353	0.7161638380033019	-76.32759409736565
5910000	3.2994537428585393	3.554203514371087	0.8840132996129995	0.7891854947872322	0.23575675839867136	0.9288193853185415	-52.47927355369285
5915000	3.486053317586283	3.5118339473522204	0.8895988533390949	0.797668720890262	0.2123129962503503	0.7515468025985711	-61.8355690500946
5920000	3.4116964413894024	3.5922765731115747	0.8426756960319834	0.7664177292408896	0.20036349880683033	0.7130564695411642	-76.89487343948804
5925000	3.33495156665454	3.6897785051655245	0.7308095562086222	0.7864475681274576	0.22676579624281906	0.728467267752915	-73.5452265168451
5930000	3.472402329880407	3.5225617628314363	0.7209586302355289	0.7834698871672113	0.2756044301592061	0.7669191418587058	-74.5853467950684
5935000	3.3043093123846834	3.654043279356397	0.8844935193105723	0.7589720436976767	0.20541690880621843	0.9535501483954425	-65.72821936442332
5940000	3.18638055169799	3.210825932269728	0.8970974566130007	0.795736464551514	0.21910293487548652	0.9977035190622247	-49.75832260478612
5945000	3.649810015431522	4.190474620916298	0.8382369198670406	0.7846943448135845	0.20747866130658196	0.8309918636693847	-85.90229502885236
5950000	3.815705955999793	5.412794968146099	0.7408912413229121	0.7625600185239845	0.20680143260180722	0.9079262380941725	-95.36136041684196
5955000	3.203094441678437	3.3477603022163738	0.8024326716057141	0.7927706960751608	0.2397828321270409	0.8352232633575437	-62.6052063805063
5960000	3.23478657639375	3.6463074513645997	0.8332671244665186	0.7703932754831443	0.21999548453905374	0.7553981431046162	-68.87166363135219
5965000	3.5389336545588543	3.6034059896283797	0.7194250455825086	0.7677216642195542	0.23335608309733882	0.9727971894256354	-92.56380168595103
5970000	4.213532658835806	4.367698242227572	0.7589495148585721	0.7617467239527593	0.2078643201578396	0.9839814711444071	-90.0459327233342
5975000	3.6946345275025165	3.8974046559700697	0.8916230194417577	0.7817001559791416	0.21305808613459515	0.8448998372789362	-53.582288235080114
5980000	3.3701505454685297	3.387504467258435	0.8374445878161468	0.7782016490778317	0.23354790610583137	0.7333145217819637	-65.87474788474776
5985000	3.3161587797611114	3.5381349698116233	0.858974310705463	0.7598887522012139	0.21854532794849002	0.741811296892578	-93.33331534733838
5990000	3.2314166230066417	3.3105108468627344	0.801869476725531	0.7919629784807097	0.2040214159612748	0.7125958791176498	-84.79066109660221
5995000	3.1959723565418425	3.4449644018023498	0.7781354479306858	0.7717434231511185	0.23808766612938564	0.7220933305466123	-76.79606244893515
6000000	3.264930922806801	3.339363385965775	0.7630765374593381	0.7929186943314908	0.26482919961636897	0.8414594197098864	-82.80277886611387
6005000	3.3577396172599987	3.445258204668635	0.8793745061473431	0.779296171344728	0.2145860195660499	0.7457309118218123	-72.2995905615793
6010000	3.2620821597692604	3.3824452537392498	0.877835538986472	0.7756725620173788	0.21828639867986074	0.836301889015737	-73.44707000148455
6015000	3.5969341385495626	3.967175950410979	0.7482392583924262	0.7665544890372302	0.2788277929273094	0.9737088096433567	-100.27937649549753
6020000	3.2286963923530645	3.3932376171052465	0.8302492043468911	0.7849256165803586	0.22229848431053037	0.9192113518075513	-70.45905807965156
6025000	3.6633950636146935	4.106993212758121	0.8577104443604213	0.778279638846033	0.24894798467091805	0.8536154904780632	-77.64718425266784
6030000	3.8539122030419626	4.717534858643448	0.8996156540110838	0.7551149322332803	0.2040497859115691	0.9097783632954923	-71.78452852096106
6035000	3.412422738439885	3.6063149130290344	0.8607089740904227	0.7961848345459072	0.23999355081685877	0.7410366412258796	-61.986348602017166
6040000	3.435638305291775	3.582510536001115	0.7545149506867237	0.7971801635434611	0.20408636033398608	0.8083031669192736	-63.70360415811029
6045000	3.4007441631632087	4.308594711943584	0.8459562130072997	0.7396688094809779	0.22513907508784356	0.9933401941379538	-95.9826539312821
6050000	3.337325446463132	3.76184149541599	0.8340966797985765	0.7967941626358084	0.2044760000937306	0.7609089344259373	-67.62071139803163
6055000	3.487733113469971	3.5244866622609257	0.8182915931259244	0.7779769793968516	0.2022686993698513	0.9754775522905007	-75.2045510359267
6060000	3.245247703567165	3.400500152526909	0.8018020918053196	0.7936127407745981	0.22585592623669673	0.7117972694227754	-79.64091990741264
6065000	3.4686313512173665	3.5442309990270195	0.8412457273509087	0.7768509819271089	0.20656435834897746	0.9772554899746938	-83.2966153295595
6070000	3.615348020847191	3.621833746937289	0.7321211765644752	0.7895053355135379	0.20479724199096805	0.8068583997582713	-92.6340072924784
6075000	3.88351868822423	3.9725240227183933	0.8321069327962214	0.7626298893078186	0.20437362819059166	0.790280387145714	-90.39074382195466
6080000	3.18638055169799	3.9829374366301544	0.8718375403870592	0.7806929156152409	0.20215985518544838	0.8453385392575209	-77.71384373115464
6085000	3.47188884557275	3.5442926136477166	0.84139276616857	0.7487023389559857	0.20460531545208827	0.9240343309120249	-108.2265464477075
6090000	3.336512254177857	3.8810540593175364	0.7182992535980348	0.7718639992994194	0.2600578688941332	0.8745098481788243	-88.69770491720413
6095000	3.3304815196368254	3.3983158628408785	0.8784469499060561	0.7774626680884372	0.21777250279807275	0.9289767660466539	-71.40152781078899
6100000	3.398084503451593	3.4263099506201256	0.8297843759899948	0.7996978987893012	0.20897106222696835	0.8584812058171541	-49.68640985052015
6105000	3.283692965403971	3.4597315653929304	0.799250992889028	0.7843077838134789	0.2671280081111749	0.8231056442161245	-76.83597889618011
6110000	3.3199383288563706	3.408373031232613	0.8952452973818824	0.7934313924646971	0.24878906327990624	0.7132933497268568	-50.920152534517115
6115000	3.608049296135692	3.6732612427271367	0.7009692796188957	0.7872664784238902	0.21459750673078307	0.8711793601811744	-86.64200562141366
6120000	3.5126478297009536	3.615964097693665	0.8999391037652431	0.7754298560436813	0.20763207423901184	0.7306864049107363	-77.88792075248145
6125000	3.1934187721501335	3.8537858527063866	0.8860249119695505	0.7769724383270565	0.20682333821049825	0.9615933249495345	-60.636211757041174
6130000	3.597998872976793	4.003594624027969	0.8043261617985064	0.7836250507625181	0.21162574132007775	0.8704738790497865	-74.45916592318792
6135000	3.5144319229472214	3.6841156823652224	0.8983193260460396	0.7447822238899425	0.23041325516143116	0.7020703060682947	-68.656789157713
6140000	3.501383322724844	4.640242425892042	0.7946768252773455	0.7804856598212152	0.2220431623336246	0.7150652921467734	-80.35245705491644
6145000	3.598309729984241	3.7064295266024057	0.8697548249637849	0.7616777508146455	0.2332918609868791	0.7951269797066215	-74.26405416644249
6150000	3.2741451428786257	3.8957055132256593	0.7850696885170512	0.7800487175367017	0.21726125567693277	0.7589228168482524	-64.81728770942962
6155000	3.3768552613053675	4.220699079475732	0.8152216901251533	0.7938357889732639	0.28818421984898734	0.7248394560602359	-65.32492822463956
6160000	3.381496281766549	3.9530909061664827	0.83038730583435	0.7387181034170048	0.2079986606962045	0.893055791327559	-84.55377281207879
6165000	3.4943441878820636	3.5430028191127594	0.8116623714908556	0.7683127918950691	0.21711059387870743	0.9427785726396831	-80.77437392279955
6170000	3.18638055169799	4.4194535377436	0.8688810265931813	0.7746875731612123	0.23246827830115563	0.9128482423544998	-85.26027268894617
6175000	3.2289920664261267	3.4645552375062083	0.8912807750809888	0.7784901306283324	0.20347222832912262	0.8125324689098992	-78.09169171547461
6180000	3.2974300206126164	3.579669441921172	0.7953141747390156	0.7588369941767671	0.22324094282039758	0.8663980397395963	-82.03219846666471
6185000	3.3758708507120967	3.4972571548333042	0.7080487724389549	0.7738198306345295	0.24890851979598688	0.7233102549770215	-81.86773995717644
6190000	3.362763245034255	3.6738595842019897	0.858538703310309	0.7726936585679148	0.21297656123979705	0.7878284619814889	-83.77198842730343
6195000	3.307626052984587	3.4251806640635274	0.8498295990407142	0.7993961336165537	0.22596513188992667	0.7078402478034331	-59.28404999903627
6200000	3.3336136625987667	3.4302177040466084	0.8815799424439499	0.7914504456173223	0.20029180379680342	0.891378372891803	-74.96590276098459
6205000	3.278093676944222	3.627516775717143	0.7034230128470231	0.7821877326236711	0.24051160479763725	0.8105923039786794	-88.0812264591024
6210000	3.514721828725482	4.307067461206539	0.817464884596446	0.7084252979140245	0.2036951546724329	0.9173860859948952	-106.49301386159445
6215000	3.3473556299811817	3.755278391241904	0.7674714647531957	0.7830685109705561	0.21951541776772424	0.860782955799231	-81.33989406701153
6220000	3.1906430123016434	4.05467142145219	0.894586869157813	0.7940873369545883	0.208484871887894	0.9651771285542856	-60.61065326812328
6225000	3.3036846019958914	3.4555553863442894	0.8072059025241722	0.7531854340038608	0.2807704797607774	0.8511374538272691	-75.28947266665884
6230000	3.2067757275313293	3.2232379017787935	0.8728364228791425	0.7888524780841384	0.2019697232552896	0.8199321777293077	-60.00790187626074
6235000	3.5881473271442856	3.9312296401849216	0.8468502565623892	0.7797304685185447	0.22605458483856986	0.8861061766753529	-79.1396735780182
6240000	3.5686867204701977	3.6063773562673704	0.8537966860818316	0.7920528101786622	0.21138425469273242	0.9704000401256375	-65.64963602195428
6245000	3.3201455846264794	3.431989736214991	0.8910939643736795	0.7629293963752917	0.22227733271280323	0.8044357372419273	-84.8115180171333
6250000	3.3404067040720284	3.6863581552566416	0.7511849164258024	0.7953038659167183	0.20532956137922848	0.8376692953770375	-95.74273809090852
6255000	3.451022585795761	4.225336975574387	0.7622603209246449	0.795180304758838	0.21506120716383892	0.702955368079917	-73.34298178234093
6260000	3.375244556804344	3.4498991689788188	0.7584414180442278	0.7811468313317719	0.2523736864051778	0.7560822083026676	-60.026971864127724
6265000	3.566579513339126	3.6673326798265915	0.8271269151922602	0.7794867274798276	0.20034578172081657	0.8927635075812217	-89.7267827248568
6270000	3.244277600440397	3.4843159252135267	0.7235752012156489	0.7858918980540887	0.23304734136201619	0.7053245012721698	-80.0662118201787
6275000	3.2620897540355207	3.3018312729119192	0.7394286202216979	0.7421767782362841	0.2723251203048582	0.7445785348847411	-93.16918902933887
6280000	3.3486581976503085	3.6097658833970447	0.8062093035739115	0.7661540154379425	0.20582978857939507	0.8614843214760909	-99.42009822429992
6285000	3.7027933954175385	3.7223250274700677	0.7272688664496744	0.7269231651157186	0.2176213799000074	0.7245463266297927	-90.68545394279877
6290000	3.8556669964716	4.545414974608852	0.7515246023365638	0.7975355682423773	0.20256229393803127	0.9177251273403003	-77.4410500457561
6295000	3.276879900161539	3.295872992472257	0.8467111207821315	0.7649894305024991	0.23598107141554026	0.7360722840444801	-83.25933869877585
6300000	3.3596106976093987	3.4880765516389274	0.8931538037320953	0.7454461032467553	0.2447435790222986	0.7942475753618259	-78.68693038098525
6305000	3.3460707930518825	3.4629670787906877	0.7615070935068303	0.7925534285478212	0.2047379047199546	0.8244806979729719	-85.36608855642294
6310000	3.3679740254449118	3.4208663465683986	0.8041967345810376	0.7994950850949142	0.21128382134395543	0.9973919356322208	-53.33315743088751
6315000	3.3205865756173196	3.4104246169509524	0.8733746242501971	0.7924898615804709	0.2499657923247261	0.9784501306128728	-47.587218925169104
6320000	3.458328130730623	3.502344853189309	0.8617828076396791	0.7596122577348158	0.21784750258112362	0.7432627131825212	-79.63731254488948
6325000	3.3410667293297758	3.4583988694912717	0.8794506980820306	0.7989202957559792	0.20346514455579034	0.8187462208579895	-52.63823146771375
6330000	3.209764498841333	3.621124053296414	0.8388697583027335	0.7649229614627739	0.20811377363792627	0.8535371176018076	-67.24206216516762
6335000	3.5908514120101653	3.668693427063208	0.8919750907849473	0.7824080548912029	0.21390503272737046	0.8010341496341264	-71.60141504302644
6340000	3.196451873429598	3.2020712182632614	0.895044671246394	0.7696127857600751	0.2351659688757922	0.773229257725582	-61.24421044799521
6345000	3.3304518111810077	3.4286313174652174	0.8705125291869339	0.798308873912564	0.26271208435135796	0.7142402035900233	-53.534837510228876
6350000	3.4296672232435954	3.518788447113369	0.7517825316316644	0.7874121016117775	0.2086105518311379	0.7987541726122912	-70.57460857355807
6355000	3.444057126961278	3.9474342729517944	0.8750915732638663	0.7953587775959837	0.2115714509462617	0.8802000501505817	-71.7746350613287
6360000	3.18638055169799	3.280424890723166	0.806082347097975	0.7705271871943173	0.25001057201193266	0.9218406104332437	-79.44455978001616
6365000	3.18638055169799	3.4647955996386792	0.7115167800050662	0.7832339640234959	0.21443012403577394	0.7259096663075426	-89.26322403644193
6370000	3.339025992275908	3.384026554250447	0.8750136381061641	0.7982092554367629	0.23095627409751182	0.9018525446359151	-66.49193991772486
6375000	3.3484479543087127	3.761983109880275	0.7475529207808409	0.7962364408614598	0.2544682970809793	0.9317839556923647	-67.32017917973909
6380000	3.367003128622696	3.6785282195702504	0.8783782439156124	0.7919519657932791	0.20109346050187457	0.7513228273743444	-58.73997090398897
6385000	3.2405329636914058	3.3737278397857366	0.8670517417967174	0.799078957705469	0.2066149194884127	0.7918543705757256	-64.93520236204651
6390000	3.304506551569007	3.6071335535128486	0.8040103873639062	0.7574235589028733	0.26997051553152396	0.752607877992622	-60.54263014449855
6395000	3.313276084159977	4.565187284043679	0.8290929641014012	0.7925030565464843	0.22369602463695293	0.9922244278546555	-60.587954550270005
6400000	3.3529830561227665	3.862242570142355	0.797885316879647	0.7683830822814582	0.22647995883969038	0.8998670155931169	-65.60296804025472
6405000	3.62201733831464	3.7111610476091355	0.7669946689463802	0.7661238264446804	0.20094436572733373	0.7188545367105164	-78.33246401868806
6410000	3.187794746951128	3.2832486937373204	0.8451537293542587	0.7992849412811331	0.22351748485371617	0.7007319038959116	-53.78822546200045
6415000	3.517166664752305	3.711477217290557	0.8452171520009149	0.753126141171607	0.24443206485832888	0.929145557268966	-87.77264278833988
6420000	3.250301874958308	3.2776563000580663	0.8319775994255909	0.7936774883747141	0.20997355173953225	0.8335452315209321	-62.49416588757208
6425000	3.4180554617043333	3.510857666377665	0.7848303599070385	0.7883947072669232	0.336794562154086	0.7260370630693836	-60.0018700774471
6430000	3.2734575720410732	3.5307500817817763	0.7212172673338928	0.7819183023911863	0.2466764861300749	0.8185533181494552	-89.46508412340097
6435000	3.5754359038199173	3.6322728235379005	0.760177388211659	0.7885051434004506	0.20110464677136713	0.7790430739108934	-88.44615007669697
6440000	3.5982073044228042	4.042783752693085	0.89909499682075	0.7461474240562316	0.23957936191279847	0.7517002904216612	-93.47999836165934
6445000	3.259182464498225	3.6371604237543878	0.8779196635640687	0.7965757071844458	0.2347529457212519	0.7154019522003434	-56.70792517783472
6450000	3.8705768074818856	3.9751441763904007	0.8584192708755538	0.7795363245855182	0.2003468739530925	0.9068181983008835	-72.62446457894734
6455000	3.3039816332263547	3.3184175404196408	0.7980315961457329	0.7585495838082303	0.23681535028417053	0.8457484209631071	-79.56139562779737
6460000	3.371740608816737	3.558797233594909	0.7131402322714886	0.7992447965277351	0.23219816277266242	0.8043655094691602	-69.03866560116563
6465000	3.3900450110033105	3.7986935282447543	0.7999559445307428	0.7991021576361123	0.2723194002353144	0.7756226992024923	-50.65544487426856
6470000	3.300509079077189	3.5159027609609934	0.8892062628808743	0.7774644962822069	0.2123238316522189	0.9907062693776195	-76.09218936748294
6475000	3.2754147794153194	3.3061448144111596	0.8971868488743302	0.7901462019689732	0.22774592456779036	0.9120279610900118	-76.3110493035372
6480000	3.724004844329744	4.429009747240486	0.782874450773083	0.7644397575903779	0.20565713696934224	0.7318293699024044	-83.89329084137839
6485000	3.345863018152543	3.466907323315916	0.8356138851945628	0.7824480789325955	0.2460951070718144	0.9134780039596607	-64.48858172523532
6490000	3.250955972689004	3.4981148391156056	0.8968329748507895	0.7602436189277484	0.25316009592999605	0.8913245983363618	-58.028971381780956
6495000	3.280515426460138	3.422769367955407	0.7726258605602547	0.7933816990359048	0.24887569803903373	0.7900433253333372	-66.57646611469522
6500000	3.194447230631391	3.2376426027174534	0.8498323191530635	0.7999776795219034	0.25208013618602754	0.729534640674628	-62.37098298417163
6505000	3.2259241246869346	3.246613765934168	0.8643469219675132	0.7662017794367303	0.2369179435939924	0.9596383175109259	-66.93099360149907
6510000	3.18638055169799	3.969943931585759	0.8435527661491062	0.7950495901943949	0.23647926922867704	0.8517423343698446	-58.35909182394855
6515000	3.1952523223995497	3.2255125961853226	0.8965732598001215	0.7736830851040573	0.25237618734994244	0.9556814458128204	-63.96101165636477
6520000	3.217607888788378	3.315192613910592	0.7417633679825406	0.7805776153814438	0.2816317569009497	0.9328413428087547	-63.27323750158761
6525000	3.26251831244806	3.325651323604631	0.8459085042395226	0.7971296919674626	0.21185845441327972	0.7389416517210123	-69.48568265783373
6530000	3.326936151831737	3.3782317834124975	0.8151506389449815	0.7848596714572698	0.20852470302726842	0.7616128685853946	-80.63317809551711
6535000	3.19630757525439	3.20632884811972	0.8398083511474228	0.7967963563309963	0.21605915863696293	0.9929525613476445	-74.91329297971058
6540000	3.288264172035327	3.6757568442732276	0.849582519113972	0.7441152537986178	0.22444239793617213	0.7337757783365509	-90.55622725566758
6545000	3.24002336774727	3.2952187640994426	0.7511851148315632	0.7965756415025497	0.23770845387879008	0.7572026074396855	-76.11037926374652
6550000	3.18638055169799	3.8056381106071986	0.7732443605154982	0.7752431417733637	0.20425936356368782	0.7751345332127092	-82.30433948654596
6555000	3.7740123908666687	3.9305391774818057	0.8574845917722412	0.7936396863433066	0.2001621155818669	0.7820266037682057	-89.85178031208633
6560000	4.060210766490215	4.1833514055064285	0.7515972367446229	0.7980029115669026	0.20802717609185564	0.8309012133557986	-73.72394634513543
6565000	3.5433198951359794	3.88507638610738	0.8844720800453837	0.7685120370136009	0.21086851362089756	0.8754850714796619	-77.01939841035409
6570000	3.2102506926096095	3.213352496814588	0.7864047694735641	0.7949595865953404	0.2472531103202246	0.9850994166027695	-74.89374420754447
6575000	3.3446211112413486	3.515825903977229	0.8565563429669565	0.7958141898775531	0.24926202732695185	0.7005193863027277	-56.18132000201877
6580000	3.344618260329278	3.4527368851367295	0.8768984514101459	0.7972562651878592	0.2020863101092667	0.8750968700212636	-60.69010594679225
6585000	3.4462973335574025	3.533812696632682	0.8444609923278598	0.7904614620505351	0.22485897640232494	0.8782990872050208	-57.06288918443214
6590000	3.22238778726074	3.92078575011432	0.8856667382301666	0.7782148384730042	0.2052690909461072	0.9754248305350206	-65.04690846013074
6595000	3.231293164008213	3.3170359907748805	0.8853141330414231	0.7646894632793076	0.20198267046528331	0.8073604722134168	-77.00515758705228
6600000	3.4197915132620262	4.28451650034964	0.8912853466871954	0.740691344236992	0.23204549218042936	0.9002921359980752	-77.61278467888928
6605000	3.226476918377058	4.164322460730267	0.8210889208187881	0.7908032249843351	0.21024013995080085	0.7928521648725948	-72.1593642145505
6610000	3.6499889706482502	3.9081035921565523	0.7246144100173112	0.7851725248628888	0.2503410714427743	0.8140127059152599	-89.21381698864636
6615000	3.6812945357740916	3.8390386035339388	0.8817357581953648	0.778310332451614	0.22207654918983016	0.7118259439798688	-67.69696423021267
6620000	3.258191873325956	3.868308981703258	0.8064964407105437	0.7982380862519212	0.23259384621795945	0.9573331857085933	-66.35079161217175
6625000	3.34299308238615	4.066135302332368	0.7692078023381782	0.7889891336307673	0.21097009396563507	0.7626412536969088	-73.37786629686619
6630000	3.4184743952002328	3.538225323702107	0.8640147742468449	0.77672592268022	0.21173607130789832	0.7736231414396209	-65.68597617491835
6635000	3.3881938082208385	4.000616658869845	0.8178405922615898	0.7535484436887105	0.2532878755127261	0.894529944724939	-82.93335564976812
6640000	3.18638055169799	3.3775745576934155	0.8751454950876707	0.7568069266353766	0.20374388840240493	0.9854119816508272	-73.66937140311185
6645000	3.5496627651765706	4.249880094794272	0.7098837017453314	0.7859461516500931	0.25422460258326696	0.7821475507383712	-79.27929397847126
6650000	3.2285983158415266	3.454863426166232	0.8319595790011654	0.7707866708001618	0.2522020735675793	0.8812763932232773	-69.39033242552998
6655000	3.4418103508377027	3.4509220591351406	0.8189513426104803	0.7948775538213858	0.24275449167459393	0.7405556691932548	-64.74801423336322
6660000	3.482798522883836	3.6875058017661657	0.8440950112863317	0.7887198940755554	0.2529983121552328	0.9335265126780505	-78.38194697960557
6665000	3.2983947347935425	3.665124659587382	0.8210491716059983	0.7858877073623836	0.20936768132290506	0.8968916536722161	-87.70916893517415
6670000	3.5525065538917935	4.076853549385806	0.8744482535049114	0.7411178870649835	0.2483917497329402	0.7333494393197678	-87.35678746805931
6675000	3.908699245288635	4.952252785575556	0.7506469083281943	0.7901681340516604	0.2713623862637026	0.709472833051499	-89.42381900327157
6680000	3.5496621959769605	3.608229897702265	0.8964086604786361	0.7945359939976451	0.2316182947305216	0.8240982725100471	-75.80145816030839
6685000	3.8187331258280497	3.973594484863053	0.85328879329297	0.7933209015060795	0.2092971566918018	0.9398376512045017	-76.27253652559585
6690000	3.1967752873323474	3.3682687771469935	0.800245251188452	0.7765925830443754	0.24789514777792976	0.8627118112301304	-77.72803811739908
6695000	3.570496133240854	4.0212657161437235	0.8039827868181756	0.7851317132895596	0.2092929848055357	0.9653887861019825	-71.35198117916684
6700000	3.865515685481067	4.062351199090852	0.7978261511698366	0.7771373521312025	0.21495372652046818	0.9455279046334448	-71.80130617523136
6705000	3.18638055169799	3.2117767236582373	0.8269615488976491	0.798603862505415	0.21915270752156688	0.7925715774727277	-61.80936994621474
6710000	3.540717465667194	3.7151509703268366	0.7670052337015336	0.767459821128446	0.24239457854936744	0.7539091614388028	-89.94819106575966
6715000	3.4753901369560003	3.7481289077349396	0.8292779758996833	0.7909605380939587	0.24882603194279912	0.9444387039058008	-68.91521482734288
6720000	3.486905523362866	3.670916736764933	0.7907082618676358	0.7925097076556274	0.22446268542213094	0.7246876368585591	-59.22999080222657
6725000	3.289748759801373	3.376867116353806	0.8028396259988335	0.7982417754767412	0.23677702253044444	0.9335337448895861	-66.90614588745518
6730000	3.3319353779514347	3.8912393088436787	0.8834519304605394	0.7989284273444057	0.2399666764782529	0.7266532396146888	-61.47284934770419
6735000	3.7640688040434966	6.008288291281755	0.7103277199553245	0.7860278617690005	0.20355660003969736	0.9128581000366134	-83.10814854837636
6740000	3.469762700257431	3.98348870137241	0.7338265826016674	0.779603683907152	0.21549676661496978	0.9791873202577627	-89.94990857304333
6745000	3.608941206931302	3.61938971597941	0.7220353485238337	0.7882160955744529	0.22752097725416293	0.7859470446648665	-93.58380715681255
6750000	3.536833322954232	3.754574350955787	0.7999685648380843	0.7929220581475935	0.2017543082632024	0.8253501672918115	-77.20238531309425
6755000	3.3942758124029737	3.436207080395624	0.7732669069298513	0.784363464533888	0.21507867679705492	0.7077963932230676	-68.56775401058968
6760000	3.314462671768282	3.8658283763015713	0.7492902321661113	0.789366560786678	0.2587258967202288	0.7488879160711458	-70.70030630191218
6765000	3.2202593446463674	3.645374880004002	0.814492505232532	0.7980527487949713	0.20493116696464447	0.8341971804411196	-65.1427224383709
6770000	3.5906159169969207	3.8369075826290158	0.8215003605004888	0.7817099015908571	0.20809024352721897	0.7155519782308752	-80.0837674502881
6775000	3.366425709815921	4.020521874488275	0.8175138758437382	0.781706696426493	0.24934422373705842	0.9910630726698181	-77.69533481357035
6780000	3.69218343987244	4.027856739051874	0.807008254963182	0.7570172154961449	0.201128074568393	0.8811357742783541	-95.59093086475588
6785000	3.18638055169799	3.2525983031216197	0.833599835762389	0.7479102078102231	0.21444319770023243	0.7489642588029474	-85.76500731950358
6790000	3.2431294821083356	3.758560493409545	0.7970354762578628	0.7231472137329454	0.30735502384922436	0.7790007428286662	-97.04668268271129
6795000	3.233661689478005	3.252551775186541	0.7237545404479513	0.7956555459420933	0.23386027395370665	0.8894033737292827	-79.94441596751008
6800000	3.18638055169799	3.218261856083453	0.8142419941591513	0.7560436667834407	0.2851065160691778	0.8510993434362947	-66.997125866608
6805000	3.400394819401713	3.5655177560495663	0.8211293393859112	0.7931239524833839	0.24265515446696	0.7285333342974727	-57.58054496176298
6810000	3.567698030839603	3.8642285113141956	0.7405363276833764	0.7836037015947211	0.21697860824585183	0.8144396613032056	-86.99056896571656
6815000	3.422446078860696	3.870785569249016	0.8332313915579593	0.7768294213943393	0.21244374348803735	0.743111082366266	-72.95050898368999
6820000	3.4414894956460373	3.4988063782110563	0.8310182594923731	0.7834087121297624	0.20013517594475366	0.7630714189233858	-91.83232923575622
6825000	3.3425992508491924	3.366373902855316	0.8768153050077258	0.7730054426562056	0.27137528344836026	0.9452774745467599	-62.21844412299641
6830000	3.408965257036254	3.4878074198756237	0.769442877051402	0.7840418519283434	0.21068940810211959	0.8231691725151078	-70.37847977366556
6835000	3.232098408676519	3.397532961482449	0.8574197879850325	0.7780067433201102	0.2829212994939932	0.8033281722242837	-61.10348943564707
6840000	3.205608026624269	3.2476383979789207	0.8530172196853069	0.7904261651188057	0.20069223625404464	0.9459200051670114	-75.72582581433207
6845000	3.5744772146438306	3.771139881706356	0.7536568809983765	0.7978740779678392	0.22144437203616177	0.7987416160855051	-70.21489770056138
6850000	3.2783093853535914	3.3758653813833748	0.7216657007693513	0.789984214721289	0.25949704357683007	0.9161197063202912	-81.47619821189971
6855000	3.381736686278051	3.6705839433393628	0.8021452756431954	0.7981668423323859	0.22005855593417234	0.7908565726546964	-77.04564000485095
6860000	3.2209319272191763	3.247494152371291	0.7812786530544633	0.7937933694379927	0.2441918653315452	0.9362294096949736	-70.15758887880546
6865000	4.061067433866112	4.152910377037079	0.7422802130034024	0.7543392615392381	0.20323374118582674	0.8289377758632418	-105.83528493029621
6870000	3.4833825844859305	3.6983528345549868	0.7398592262731024	0.7898121460151768	0.27364724607202195	0.9008252930774974	-74.3175616424839
6875000	3.55011971654511	3.86052437478862	0.8771405209755528	0.7662882070213993	0.20972059462915907	0.9886755776668865	-79.95120712114559
6880000	3.3107496923132995	3.45555655774819	0.7953830664004126	0.7884456094749763	0.2092019438293323	0.7524312161142703	-75.2238862768587
6885000	3.6571843672591733	4.162991493306392	0.7357593913277108	0.7900172320057756	0.20331780914645475	0.7360373174374693	-92.88300222228045
6890000	3.6944447472675592	4.415971530507916	0.7963279824201647	0.6742384863475152	0.25793996454225093	0.8208735284331193	-104.85613533321833
6895000	3.3212209520026845	3.3374037791646427	0.8653566807355565	0.79990592263137	0.20666360194667083	0.8534183720778713	-53.669459698412865
6900000	3.258085907123024	4.719484320231066	0.8310224066513174	0.7812205703411285	0.21076066822537295	0.7064718165219418	-80.40317563138055
6905000	3.4734271258144314	3.650401789268385	0.8292050661538086	0.7793201940556065	0.21734685958273436	0.8387229953537911	-80.52502993530163
6910000	3.6745588364121917	3.7110699072234796	0.8768224098015939	0.7875203939716183	0.222772236522376	0.8787231283983232	-56.744552381275824
6915000	3.277313244238439	3.314245209134164	0.8863486321429448	0.7840100215778011	0.21309708325666754	0.7337139481482846	-67.29422830294928
6920000	3.1903583538824076	3.293853902445508	0.8552666173554395	0.7857286082893125	0.2983558793935717	0.9002393041516572	-49.288820118441755
6925000	3.32327221296224	3.657400683205168	0.8519498769886312	0.7765435691424678	0.23280021952669455	0.758258229424032	-71.9866423064937
6930000	3.3267763082344888	3.6013352040796964	0.8768333893732961	0.7822446256424646	0.2113061214996147	0.7001121217540449	-69.53234756929072
6935000	3.219313506819483	3.547722183093526	0.8367181620713074	0.7976346515050159	0.20368568297784492	0.7948130188656223	-75.08941459860247
6940000	3.2491441259647393	3.3266609213758254	0.8394092415473657	0.7741074379994712	0.2599912490139801	0.8084075460899984	-52.80179358592646
6945000	3.4710420783877582	3.5208548149522985	0.8687901948010271	0.7926403117906267	0.20847655843742227	0.7196314710163442	-64.4789052257733
6950000	3.484057026715779	3.8532714997175437	0.8052741815201063	0.7894372152370107	0.2137410496220606	0.8368614733957781	-60.226178842288995
6955000	3.3895031900210237	3.767138549679902	0.8774284114822545	0.7969120023678351	0.22009066625138649	0.8793273775813157	-59.35761727850352
6960000	3.5597956205909345	4.285258988823106	0.7570252567973926	0.7888304666201914	0.20170688998337555	0.8843713988760048	-91.31913375564613
6965000	3.218383727832767	3.928152841191417	0.845809727774496	0.7857888619837649	0.2518503303506657	0.8563530444974095	-79.2698017751872
6970000	3.6482878367182483	4.45194933535436	0.8626431351792007	0.7982442094061752	0.20375730161451372	0.7552483726223451	-74.84338644987872
6975000	3.332637204375463	3.339457466032865	0.7649695543252456	0.7992426758749626	0.2406022117600361	0.7163797139981575	-69.31681711326434
6980000	3.258732495941137	3.7704374231825923	0.8304338836031341	0.7859012466627487	0.2372558624109504	0.8780060300156891	-58.39262945547704
6985000	3.3866158946676848	4.197124333364517	0.7121283461227469	0.790248495719464	0.216476879775518	0.8287191172754035	-88.19941369301011
6990000	3.768138833560082	4.006492303969121	0.776827201080624	0.7738870761143892	0.2301370396473719	0.890666919474112	-68.89987628008589
6995000	3.378738278975055	3.3799574874353864	0.7480318821040873	0.7978363549035544	0.20218424377295216	0.7846759604301802	-71.49906042430595
7000000	3.18638055169799	3.957268453630717	0.8115604751078268	0.7804117968015468	0.20184638321396753	0.9781493835453134	-76.69241643092161
7005000	3.471637784126805	3.5295272701805365	0.8633762639667479	0.7960927056158501	0.22238227173317776	0.9763705512170805	-65.01906834643964
7010000	3.228976822903126	3.8517032078013225	0.8388239319454563	0.7746138292881551	0.21506965904107506	0.9502956169507384	-84.97023122990052
7015000	3.205407113129774	4.234690754859501	0.8865575954369758	0.7674922203667827	0.2064384330198341	0.7388017433359758	-82.81614069614426
7020000	3.5069043629088408	3.653444074176337	0.8463777601963492	0.7793406375061824	0.20743703102770994	0.7577286562411517	-79.58313232271365
7025000	3.6128954518671828	3.719317977855203	0.8730139780676529	0.7664184612018691	0.21805073287871754	0.7717455431687376	-72.89326663892066
7030000	3.7921743868615505	3.900250301170891	0.8119240662441056	0.7758501972295563	0.22451119716718976	0.7225145752706732	-94.84623154878688
7035000	3.324647187616759	3.754708117922595	0.7279209494872961	0.7885874534193805	0.22351996038568964	0.7322466623296344	-70.75237436524722
7040000	3.2145833167962943	4.337924047960434	0.8986659244065164	0.7493029216604601	0.2403410786230481	0.9733859568252521	-87.78824674468169
7045000	3.6654314053283077	3.70591199568053	0.7202000881163393	0.7790428833455697	0.2409624890840691	0.7944427360628763	-82.34492194279909
7050000	3.354995510164791	3.6491305263064544	0.8778099181926501	0.7917782521440854	0.23475335687786886	0.7515228256733265	-61.44914741359654
7055000	3.536591024550709	3.7676534948924707	0.747426917227971	0.7858765424955507	0.22402948432075268	0.9022254773349951	-78.87820304436102
7060000	3.18638055169799	3.2722357090641983	0.8915865817813068	0.792145894031386	0.2526268393359918	0.9182965629541101	-72.37860849834476
7065000	3.2641806159075135	3.2936586369081575	0.8528643830759977	0.7820312627325811	0.26409854930697013	0.8980087964431928	-67.60341686483628
7070000	3.2628999900992763	3.351866821954392	0.8354542252960236	0.7967216988503526	0.29008129090057905	0.9822198517114796	-68.62750257519093
7075000	3.214213528633436	3.3462004374094376	0.8667871189344547	0.7818116896788245	0.21391690338187458	0.7831533505513109	-75.00538716648208
7080000	3.18638055169799	3.3142351089517663	0.8408506903863554	0.7899331978643603	0.20277587231189284	0.7252989196548594	-48.65327367535132
7085000	3.261094822707243	3.663489639351276	0.7847581229467446	0.7522115624673426	0.20920753432205194	0.890207834436607	-93.72814844711786
7090000	3.2273793641097304	3.4210558954145815	0.8779961959840162	0.7982058452148835	0.21950812006566997	0.8687326864096095	-65.2608639535053
7095000	3.3016924337870948	3.7833950671402805	0.7881242463335728	0.7875577828733746	0.27255856847337534	0.8005046406932858	-67.79075167533503
7100000	3.416869522632464	3.5616586848601104	0.877724462560826	0.7980118044635683	0.22110950796534978	0.777584275135913	-72.67754214386534
7105000	3.3226678907127445	3.7107443591867106	0.8891240054524029	0.7722140790807518	0.23423722937071023	0.9125470816523157	-79.87406389236219
7110000	3.525906241512077	3.6177496405046647	0.7457188048401213	0.7934191176142305	0.2059475660379798	0.7804195302509225	-81.32261724915247
7115000	3.3580488644370408	3.736753027215373	0.7716389695420393	0.7724293937021754	0.20314339899744965	0.9911484615295376	-86.2527861789053
7120000	3.7366168073923713	4.636415755233064	0.8358160918198886	0.7312250696795828	0.25605076916482933	0.858097363142459	-93.70111298472094
7125000	3.464868189272816	3.7008608096755764	0.8873651934325797	0.7404934934631089	0.20419619770168296	0.7456252545780457	-82.6082509740022
7130000	3.18638055169799	3.299491543130964	0.7065522730112194	0.7994671741763326	0.26198204405536984	0.7051065462836292	-73.88218320108265
7135000	3.18638055169799	3.245735326238192	0.7154069741812223	0.7868397283954816	0.2069316084660351	0.7914075645665257	-84.13343491177034
7140000	3.5028172394101995	3.574410420083534	0.8976180245379026	0.7659892715930318	0.20998468598196546	0.7883081302954978	-78.60879301728528
7145000	3.4810165215458886	3.5139795863709815	0.8872436443536087	0.7930269882099106	0.20207545817639652	0.7807986322789773	-75.00745619495441
7150000	3.481758601608674	3.6657919158389722	0.8424858916472289	0.784230330272245	0.20768343301671474	0.8288984000873373	-75.70767839025095
7155000	3.2375168268277577	4.11922678656564	0.7857570446396842	0.7959610168373614	0.22827280451659662	0.9097980764407909	-67.36514706478721
7160000	3.18638055169799	3.2572862110642804	0.8330614185874707	0.7956495395477122	0.20296905398386889	0.8132558473779209	-65.39206361573036
7165000	3.590937299453885	3.831272324033715	0.862609454735719	0.7350687004302628	0.2417903798081622	0.8088605364689604	-84.7068652492552
7170000	3.25239401765334	3.781802762724694	0.8985809099957044	0.7967376090526447	0.2197048112387033	0.8932927633914393	-65.68064061477816
7175000	3.560827985835754	3.875548297576192	0.7296110897107109	0.7970642770110318	0.26508083366749935	0.7067763025829354	-75.34293993538705
7180000	3.291874198454837	3.655827246217784	0.7885375196933099	0.7909435933254861	0.2003874842161972	0.883997738718768	-78.25723782586138
7185000	3.18638055169799	3.590559535991555	0.880104801352486	0.7917376690116166	0.2073959124205219	0.8958785350992149	-78.6479628340472
7190000	3.256476409255236	3.9546247011787985	0.7470548083701418	0.7877007069240699	0.23205442239975507	0.7227798543497169	-65.49224405101461
7195000	3.449290043263637	3.5992293063110257	0.8925462939885247	0.7808425595366993	0.25381825395470425	0.8104644466530472	-63.112831387319396
7200000	3.361042656796242	3.3741366089477256	0.8796592494170161	0.7646409162194844	0.2290291155950508	0.7479448121956825	-79.81156718727402
7205000	3.9839337063076683	4.245369863828292	0.8099614809480478	0.793030099382691	0.2385577650397226	0.820618645467226	-79.97824220055165
7210000	3.4983046054591993	3.5454206864569695	0.8994300808976093	0.7354637419724972	0.23869969985458236	0.7651500773816774	-87.98891107621051
7215000	3.4322142044795307	3.5447318420377956	0.8381466273264778	0.7625791316259719	0.20786875264176505	0.8244084925798532	-82.72240811914276
7220000	3.4303119665928987	3.6738860113808425	0.8325784604552241	0.7880416136999963	0.235488718204755	0.849086011832138	-76.9846273514705
7225000	3.4907914269970965	4.046332543759446	0.8714374491155125	0.7811434279822488	0.23180865304706272	0.7432797939151194	-79.57420291544403
7230000	3.18638055169799	3.9319767581264093	0.7938955491818577	0.7465649944669127	0.288304803804675	0.8845625400003653	-79.31480840029354
7235000	3.4889401273527474	3.5839927453731084	0.7808889331724432	0.7755664164249972	0.23729769245145144	0.7443580850640514	-81.64406617601483
7240000	3.3635082409770187	3.3979906796418216	0.8089912250057535	0.7852452306404096	0.2097827741925354	0.8869493283857475	-92.29689463768204
7245000	3.199451020347351	3.4708107135080923	0.8964020903694839	0.7734518306272165	0.23389955225735098	0.758745355408038	-67.37586946406651
7250000	3.469697979673253	3.785242615202055	0.8293907520126298	0.7615768919825109	0.21673080039799428	0.7355351904371027	-78.51107065661066
7255000	3.197978276451449	3.39355096452365	0.8048646420969533	0.7332841746002087	0.27575931562194106	0.7520969358263663	-97.18303393321028
7260000	3.275895481020188	3.4891360794376234	0.7761807658890078	0.7886805664306075	0.22092178904121504	0.7423703098591847	-77.00182959846617
7265000	3.3613222449866225	3.3682586359737305	0.8412204365811388	0.7825791009711673	0.241430553199256	0.7490067580360106	-66.62468294647573
7270000	3.30695786117277	3.3199027271429298	0.8059138204556779	0.7806015693701002	0.23882780569247433	0.9142495804210625	-52.83288297679628
7275000	3.299125807006423	3.3785105417460355	0.7361047187748964	0.7792201595520724	0.278889320260468	0.8327246338899986	-82.21212228248788
7280000	3.18638055169799	3.235891519809776	0.8708340530289407	0.7662203026968915	0.21400717016016718	0.9081980236459857	-62.55574558740037
7285000	3.3039531568111626	3.464927074981055	0.878144350315279	0.7999851767264804	0.21589995246254332	0.9678478675293645	-56.83847671488693
7290000	3.284808968738479	3.5853403180585457	0.856108039904581	0.7722212851488552	0.24565555288229138	0.8295752835682791	-73.37428755187764
7295000	3.3151139662177305	3.382635975413238	0.8175031958094651	0.7785485563188446	0.24631430788266978	0.9502134139275145	-60.86276371198763
7300000	3.423218880365846	3.496871200747196	0.8845782795583053	0.788125769194575	0.20978967271516935	0.9538795530330577	-52.87053362311548
7305000	3.2578880461778827	3.376284429870354	0.8922476044999481	0.776303007194215	0.20054147924693785	0.7086406783847106	-72.48154219145036
7310000	3.18638055169799	3.6166015088581975	0.8054741425803479	0.7988091343632263	0.20987597364150787	0.9311518943568502	-76.46821937633646
7315000	3.4131541585101846	4.386582250960919	0.8627845390414891	0.7967540754752683	0.22149185664135856	0.8833130259194809	-60.722445387962175
7320000	3.5870235726893775	3.6910375203196457	0.7950678785045311	0.7733630825640021	0.23957447637655402	0.8530292207449013	-79.30423318671069
7325000	3.2277396717716265	3.3110926861876875	0.8491254873029694	0.7745022496683863	0.22033456905312618	0.9308130476006389	-69.76247983949241
7330000	3.3242095843352595	3.69491569690113	0.7825116402287594	0.7886728105781409	0.23928801928985885	0.8525826557123081	-78.15447654926552
7335000	3.264391814503166	3.4633287390745062	0.8659578103647043	0.7727641007764109	0.28322817044591725	0.7232258380231221	-65.22330088830554
7340000	3.2383913370753112	3.361410984165456	0.8127294823085891	0.7977459329026836	0.20017283499055366	0.753769016033128	-69.02131803192364
7345000	3.2813489355947443	3.746860102669552	0.7074556450678628	0.7718849257591758	0.21120717929492117	0.7800243016349064	-83.06417121808786
7350000	3.3261492547367033	4.0785594450863165	0.8671434099881149	0.7847124114460198	0.23087087933160183	0.8331861775331221	-71.35736138047088
7355000	3.4040270689673804	3.41728557055967	0.8713954198757543	0.774351361509306	0.29198783939631995	0.9870695857987364	-63.1508254411473
7360000	3.4530121634299245	4.297439514689194	0.8559376973722116	0.7907361766601663	0.23413258442487633	0.7406618089625546	-78.90905056929907
7365000	3.4089154150196586	3.5054798919803782	0.8411623829524563	0.7995413535880846	0.20240587786655403	0.8434330740350641	-63.60393226620473
7370000	3.2532782208177564	3.2848423071852366	0.71899490896374	0.7836393675093049	0.20114066085793642	0.7004874462804838	-87.25706349237655
7375000	3.304900722860099	3.529814219294457	0.8631484131882824	0.7672354936320795	0.2076293242291812	0.9974397546684938	-77.65542526577971
7380000	3.58901795758531	3.6588911087392355	0.8756772551428449	0.7983060586330417	0.21505885792531665	0.7629236156137339	-56.96776789026995
7385000	3.5584315955946915	3.658960898007146	0.8835943655778881	0.7872600886966828	0.21935243503771165	0.9365543025797697	-74.00132460779852
7390000	3.325528087154731	3.3408966078320406	0.7658993250098053	0.7875406275071852	0.2024523075377973	0.7244870528881469	-96.0813783123013
7395000	3.3770276901126097	3.749830129063256	0.7736174821191684	0.7954033765700339	0.24871098528819366	0.7303696559466021	-60.53264135099858
7400000	3.3034478958844224	3.3692198624393503	0.8920160608883673	0.7948658200252089	0.21080616251093728	0.8282009925977215	-57.96344674142935
7405000	3.5951321033823227	3.7754018897168806	0.8701422254210059	0.7849261546460391	0.2041818291338708	0.8625109041654233	-62.64268973967134
7410000	3.4600469419357758	3.7774841172176603	0.7562513177389831	0.766959834146404	0.21782913375970173	0.9619114863576224	-89.5216063862081
7415000	3.5239953450143	4.050476848768013	0.7520579636534377	0.7555255571164353	0.22404312453623218	0.8122265165672444	-89.41005681300035
7420000	3.4369676774104527	4.977676703964427	0.7341570043776015	0.798245422111124	0.21106248679244338	0.8011635751829804	-76.69936504926761
7425000	3.4239179958825643	3.562499113722511	0.845282213151264	0.7908622985276749	0.24441380018966177	0.861469977780696	-70.53339594847526
7430000	3.6789217429904255	3.7480664931472325	0.7208607469170091	0.7862510049834984	0.23679289450649355	0.9025068001409764	-71.08130004203056
7435000	3.18638055169799	3.215126665529889	0.8939422720874441	0.7799246715516716	0.228430524953986	0.8059201020045922	-69.99926668115236
7440000	3.3500913888152897	3.883518457041085	0.79277972819533	0.7983187223467941	0.22463740067722548	0.7629499876003382	-76.64379068728849
7445000	3.1937245229199718	3.2320341519063547	0.8709195133156458	0.7787861471904834	0.20347399362015522	0.9790123352161734	-83.52560434187399
7450000	3.18876188979586	3.275609613157343	0.7551106598524158	0.7931450918770009	0.20342680523697151	0.9642004464035571	-69.67639106763897
7455000	3.568924633141115	3.7936444976413903	0.7627049472573431	0.7988725999543647	0.20086337336390148	0.9793109144942075	-91.16920353017744
7460000	3.2943133722028706	3.5046210701059524	0.7504008836007932	0.7922669988175317	0.24740389659840134	0.7623295218418628	-70.25723754251896
7465000	3.285973295986324	3.3083155321742734	0.8502007979859069	0.7884579030900963	0.20991124605261224	0.7219370519279261	-73.16696731034722
7470000	3.707427038396812	3.7272483235243468	0.8770276081068875	0.7190510518299019	0.28921103851078805	0.8655217029711249	-80.33946206738327
7475000	3.235006286461061	3.4548352505904263	0.7183579618774698	0.7752802628297613	0.2517557338414457	0.8041476920159458	-69.65623041511131
7480000	3.475959972383161	3.922226322966414	0.7191918305497551	0.7998795044394694	0.22355230714624	0.802515424860535	-59.04377268318299
7485000	3.907244481074217	4.155520429612118	0.8388762426994695	0.7299457312614174	0.2712124034598718	0.7952037013673593	-88.45429350688113
7490000	3.4967230505653606	3.588040321123313	0.8658562363134902	0.7853295631519097	0.21717597261056598	0.8475503803534681	-86.75006074544902
7495000	3.3076043204730214	4.307791500514816	0.8470918878765944	0.7957920897446683	0.20773942664788642	0.9783318233611062	-63.88651643955752
7500000	3.3451991574608826	3.6304396030902852	0.8563590056137397	0.7959777379035158	0.2379590382384847	0.7848130739654647	-67.36230713659813
7505000	3.5311256544861673	3.5818974408219635	0.7506506957500854	0.7879605270058506	0.20422637192478893	0.7489418465073509	-72.60742676492711
7510000	3.422221015298532	3.5326108791646007	0.7695173603498233	0.7810568945474526	0.24358228951176294	0.8412793381734415	-83.90620300417788
7515000	3.2971634611974108	3.812973806571439	0.7455159778557064	0.7876722520592025	0.3184040992376612	0.8276962384485657	-73.39619580607192
7520000	3.2825662821919526	3.4530146678325755	0.8500400636902016	0.7577092068042351	0.21964736424530062	0.934098496507834	-70.75444465775789
7525000	3.2322454965932974	3.384021741929216	0.8866191443816972	0.7347338764772614	0.22855308784456022	0.8919938295202942	-89.76455016276441
7530000	3.794214157816605	3.8026748810531843	0.8554192371562372	0.7944211129827903	0.20179908651374587	0.7565558003280405	-75.5317243316118
7535000	3.715469768262255	4.019525695450322	0.7621828494494819	0.7792384343976885	0.23888339390026675	0.9340850805365687	-60.99359986932409
7540000	3.254021325239786	3.6324045593376577	0.8735446603768107	0.7691105788718752	0.20819732672099325	0.8461164575782045	-90.17977932124285
7545000	3.18638055169799	3.2457345420305144	0.858085261284195	0.7817446478597484	0.21062996695413408	0.8142457630824095	-75.25820012824792
7550000	3.335113237583996	3.4821788217931977	0.7523855082128074	0.7869565326880241	0.20299937793139605	0.9631907781298926	-95.21297749989881
7555000	3.4834619183199083	3.907192700114493	0.8395127191901255	0.783233748242245	0.20017972828899022	0.9586774745073782	-71.4560424063468
7560000	3.677150616016826	3.816745538159125	0.7290527596570984	0.7944054166241268	0.24454257078787403	0.729175561682364	-70.68243340657585
7565000	3.6158547336006848	3.6446771287249646	0.8549302207009718	0.7980765032074189	0.20573092300036297	0.7400151299039012	-67.55096890950495
7570000	3.217016036867732	3.338288188015962	0.8151960313646269	0.7603963800906279	0.205459043088644	0.7273484667988696	-86.73381065717211
7575000	3.555961970912806	3.6365719418824582	0.745431169130179	0.7780959982204301	0.23737642717048177	0.8800572793090419	-82.9269509887329
7580000	3.372261967490578	3.7022617360778636	0.7524485208659547	0.7973732782848153	0.20881410374300055	0.9352781535996472	-71.9449438728245
7585000	3.5585202706576413	3.7292577372013325	0.8527245260714338	0.7857728834385048	0.2002168918641802	0.9265762801915166	-86.74006294297388
7590000	3.479509570417453	4.2787381681523176	0.7251053269379468	0.773108927935263	0.2003142528471185	0.7724213684327007	-81.17418590955126
7595000	3.26990892970869	3.563330187586286	0.7170810201165122	0.7698662800011744	0.30325635074013446	0.9786410718675912	-93.01872702935489
7600000	3.275939688625843	3.4147032955840015	0.8707939664086469	0.7587801670129959	0.2632668844438741	0.8986502824514645	-73.54412323839179
7605000	3.436728157119525	3.438491802569511	0.8959896399293522	0.7871379967374272	0.20908604765728078	0.9657133693599695	-60.42550181391649
7610000	3.541508684195788	3.7656764362059745	0.7624583702454455	0.7925084974698904	0.21010552666921586	0.9402503458195789	-79.51084135907462
7615000	3.18638055169799	4.5491764715723875	0.7238510656012519	0.7847607292269676	0.28236673121065264	0.7599604317676104	-81.28281093846019
7620000	3.5096144604913855	3.5237239871418544	0.8822061883816771	0.7902817037270377	0.21753442893219682	0.8845160470322524	-61.71582091403935
7625000	3.6866414727663233	3.808627050159128	0.7761485316803467	0.784003444553734	0.20744629740055245	0.7739755570939839	-88.7544163574693
7630000	3.389105719887935	3.41224540176994	0.876847586909803	0.7848201766990541	0.2278682139917195	0.7310896158845263	-67.66987641317891
7635000	3.18638055169799	3.243064410231911	0.8852242065481679	0.7907131347213575	0.21685209746587888	0.7258703162624777	-62.322805839067684
7640000	3.253852599154141	3.3548180958347342	0.8456897175787843	0.7935359378621526	0.2341748708408445	0.9823649397981666	-60.88606132329493
7645000	3.18638055169799	3.485276222915887	0.7181745015148052	0.78246774636399	0.239422500098588	0.7851176623049857	-72.17221146404762
7650000	3.2916254401378473	3.6992006065116985	0.897645558461953	0.7874964417710745	0.22854129133088993	0.7322163761804787	-69.44125647743937
7655000	3.4923879025215485	3.612429298577434	0.8534533557024533	0.7845928817233484	0.23237131671396982	0.7711739052529833	-68.72755462918633
7660000	3.2511276399752265	3.287880414871244	0.8166271807426186	0.7922264244534417	0.24097668879851805	0.8334727913683209	-76.26301495189307
7665000	3.408900952349888	4.1776565176122915	0.7515521161399147	0.792987483356974	0.24211537500214694	0.755039199661887	-89.13328526172236
7670000	3.4047419806869974	3.6981405893492125	0.7191180736826025	0.782595557522366	0.21153438323506366	0.9455223857894814	-81.23293228343664
7675000	3.68220767743217	4.236950439138629	0.8535195272289041	0.7931050086574583	0.2707352711525687	0.9957251254140556	-63.30286187200942
7680000	3.2851612135015307	3.8228716525532853	0.8083650973605278	0.7933615511061965	0.23528420710539252	0.9954683411168003	-82.39270977418101
7685000	3.5446569479153243	3.957705509384853	0.8268696745268991	0.7534137142358358	0.20204609202603732	0.9750124786150096	-99.18220968782046
7690000	3.699481710774353	3.833069371715939	0.8284241375568354	0.7508260991042343	0.20756199793958863	0.7561836977552163	-93.39796616628149
7695000	3.3390710005670368	4.417607121610243	0.7584208503438338	0.7767685921836619	0.2016147232272412	0.8401298080763089	-82.5333057656008
7700000	3.2207318600762433	3.4446509318753615	0.8688973734541837	0.7993700986206044	0.20059478981504295	0.7918072301221537	-69.66407094421325
7705000	3.3474225269309943	3.494715644614073	0.8343907203282951	0.7714671732789911	0.2037219370860216	0.7260633801152585	-91.99489520870753
7710000	3.286136973817297	3.4827901941183335	0.7719478126496734	0.778852552492518	0.20723930513991795	0.8901226948005749	-76.05556142385382
7715000	3.5208506633512724	3.7741248345710896	0.710220591826495	0.7905706149283729	0.20242038178753805	0.7348512549441486	-85.40573506808715
7720000	3.81002394399542	3.8913535926180973	0.7466036809115221	0.7641681766303544	0.2408162484006819	0.7600445507385547	-65.43602740841092
7725000	3.18638055169799	3.2229732097962493	0.862240978436992	0.7944103051954026	0.2486960842048934	0.7235890971441127	-52.26201201967023
7730000	3.3460883275195106	3.421331201819106	0.8623190103447105	0.7603555063202863	0.29040875096165314	0.8167100096875411	-77.58386902045945
7735000	3.2766304034782614	3.519899477997996	0.7722742976086094	0.7953932535429593	0.20797644696850862	0.8026806940620335	-80.92492958096915
7740000	3.736169009356315	3.920136020720798	0.7204590995257338	0.7868250891651494	0.23655239252876167	0.7995990464051131	-74.62912026413784
7745000	3.5761781419465284	3.7135485123912857	0.8973712078152802	0.7963457195217304	0.2844862141886501	0.953079418567041	-69.81356971885765
7750000	3.2471774874685075	3.6389421710923004	0.8457471141186214	0.7997993360280586	0.2004709488647515	0.8496522826848626	-66.65119255450526
7755000	3.673711808679595	3.849624503123195	0.7762556507640452	0.7829220341140425	0.20554416719081214	0.7414726621867291	-75.26358930214289
7760000	3.7793705996834333	4.333182283771939	0.8057834485349473	0.7810988041134725	0.22307998365505377	0.9840538373543768	-77.92648165199861
7765000	3.4211218534758943	3.8580433605807523	0.7215939673581904	0.7776926978599233	0.20049420378058858	0.9199301284150548	-92.83666433611802
7770000	3.366928709127703	3.5088946148527325	0.7423484450313597	0.7865915620323444	0.20070552005663078	0.9885551145329935	-67.50129289770521
7775000	3.5765315925922065	3.7626630930298592	0.8680359795867377	0.7288118360355877	0.23459771693120435	0.8339263609324025	-98.49674929584475
7780000	3.4882068624154567	4.250364266858007	0.8731344562237876	0.7806527965097831	0.20935485945487262	0.7062341095476237	-77.14287332719996
7785000	3.18638055169799	3.4861816276782185	0.8914972413919533	0.7862443884428993	0.21591722057932883	0.8067879316142481	-83.16189063195068
7790000	3.2591213033495623	3.2889724155136437	0.8700779709594947	0.7691123736888736	0.21496742975123564	0.8252895437059641	-72.04708684451202
7795000	3.2983134461533803	3.471622001654061	0.8542613106440831	0.7797164869472402	0.22373286988358798	0.714410458096426	-72.24071942676414
7800000	3.8824914093359992	3.945184032147385	0.889690550769987	0.7968208146971917	0.2218767047367136	0.8000064191056596	-73.13326483836056
7805000	3.194289383951595	3.532765568299593	0.8402930105803456	0.7920704470823942	0.2151669958048434	0.9753212098156884	-58.52082148876728
7810000	3.333118213154184	3.3824227661408663	0.7256154307175987	0.7798841707493479	0.26204105546174544	0.9082264354636534	-79.05285540685068
7815000	3.2072967419906364	4.497985261199066	0.883029040153215	0.7408373651072648	0.2559165477161147	0.9412367435252456	-77.19724092251704
7820000	3.388321985113385	3.6607977036320487	0.7690098681612182	0.7950162863925871	0.22792071116505933	0.7612478556180403	-71.60193648651162
7825000	3.482621354799379	3.8021560506095686	0.7852427662527067	0.7915351137724381	0.2444303871546855	0.9640594738096151	-74.95440446878419
7830000	3.3786960613525543	3.5863529655246533	0.7199804713206878	0.79851285709577	0.22814373061229065	0.7819490791812873	-63.82071165226417
7835000	3.523926144950811	4.047911788003706	0.8776077582152296	0.7809220347253661	0.2051321723542954	0.9402486783767385	-72.58204010238265
7840000	3.2538476392102136	3.4260373252096348	0.8944582969739463	0.7724913158088649	0.21418398661608562	0.8254020006531503	-72.43779665783671
7845000	3.2090307115088312	3.3149350010197343	0.8461511757476189	0.7863491747049314	0.21736159177579933	0.7821909356618161	-81.540850659592
7850000	3.3563768804537166	3.522749816505302	0.8264443303191127	0.7945704133998786	0.2113050689935579	0.786329046860179	-66.61257393974881
7855000	3.1890747277731997	3.3390096470697217	0.7280981110853942	0.7767833655883282	0.2733723854723167	0.9227986669649264	-82.57215184438408
7860000	3.18638055169799	4.995255006004824	0.8092747400886087	0.7829265750537822	0.2275630200724205	0.7666674109711535	-78.15763585395189
7865000	3.4514344770944176	4.288691228565213	0.7506952820202847	0.7445794909598094	0.22232012890841105	0.7466816228052815	-100.07080318628908
7870000	3.769073952968551	4.302536082005398	0.8008479600628451	0.7443055566647754	0.24614883048344768	0.7299244556921387	-98.38539381109814
7875000	3.6861831901978857	4.002272904833583	0.7695705220663409	0.7701213740884191	0.20778009502492994	0.8171771008771269	-90.67177363057712
7880000	3.196877178658471	3.238565203633022	0.7857071992846146	0.7962870634923706	0.20579045571036733	0.7454084483598364	-64.77656352923992
7885000	3.495290931084474	3.763942411630147	0.8641568095936218	0.7897294025916397	0.221539940719747	0.8989930346219447	-63.62784103027001
7890000	3.18638055169799	3.3018071409324863	0.7875786698587692	0.7692599636565034	0.22877831110037433	0.8314059991637054	-77.28684338015381
7895000	3.2897235835839265	3.5947678387694983	0.8970928888984283	0.787777466641647	0.2535299741844784	0.7746277726054667	-57.29645400518486
7900000	3.209691602098498	3.32841637644486	0.8856886489612703	0.7985306553167905	0.21728481988824566	0.805569406169936	-61.18914015598106
7905000	3.4001966363774256	3.7345106202750595	0.893716701132569	0.7585402311957008	0.2889837671008706	0.845272989002042	-67.51184237479532
7910000	3.5833989701845215	4.252033060290695	0.7904232391283939	0.7616467854704208	0.22772072409233615	0.7558525762141961	-91.9693897032171
7915000	3.3458043496450283	3.4820861357887067	0.831291550405107	0.7790413275385558	0.201669685934165	0.8039260486743433	-81.49030106139173
7920000	3.3925448348191325	3.5630568434904184	0.8860907785862279	0.7922650093358488	0.2236300672327449	0.8914325384446063	-65.31074958973022
7925000	3.3276891650822704	3.403595780292229	0.8127369235476996	0.7500216287731054	0.283772638871187	0.7510968895391459	-77.64767155026422
7930000	3.619670342677633	3.7021627361324603	0.7295759325716986	0.7910170717613932	0.2633756309932866	0.7020100390209302	-68.30020040400436
7935000	3.2181016110489673	3.8286073875495927	0.8137842764261034	0.7384526810876368	0.20505641578871558	0.7918749805512756	-90.8752050666034
7940000	3.18638055169799	3.270293431687171	0.7037816634157615	0.7664461683428959	0.2311123045007472	0.7811862357153362	-83.04074280650826
7945000	3.472430758888158	3.5577074627768948	0.8182473667550866	0.7992246289998852	0.23458861293570757	0.8638353344534335	-60.39219403293534
7950000	3.18638055169799	3.654449694385032	0.8737616392160459	0.7921943386620404	0.21600372384726965	0.843707172838496	-66.38242922866465
7955000	3.279501088314925	3.4063863270118904	0.8921414516833298	0.7728806739171816	0.22202036670846326	0.7768688494071765	-74.09681205542572
7960000	4.409402135456344	4.421071338245743	0.7724831779673088	0.7862027773180849	0.20417109546837275	0.8576755908546293	-94.85418010128899
7965000	3.2166266866591235	3.3731803612055375	0.8500654382050763	0.7935759924007925	0.2005940776124483	0.7971283760803926	-68.67666841913544
7970000	3.2340135666844456	3.278751989488201	0.8465848283482155	0.7931722726251418	0.22168792841578164	0.7168486696153193	-67.91050598666678
7975000	3.200714296435033	3.203818656188978	0.719045266009665	0.7906506680977907	0.2863115662320198	0.7054621471729122	-57.7160998804735
7980000	3.3409133238691213	3.472581421936279	0.892520188266392	0.7991067782819036	0.2896979411896462	0.8261623133315641	-40.81781109165678
7985000	3.325844941073224	3.4989841129607173	0.859020219016995	0.7931882643316344	0.25621154227565107	0.7793110584952935	-52.58411480169612
7990000	3.3538597534827845	3.438275361253468	0.7996395751719053	0.7883292858700511	0.20886873636471304	0.7224371274302411	-85.36800247979713
7995000	3.4225993403931114	3.518660774903357	0.7430601321117193	0.7927322776988013	0.23638087377461803	0.7349250227519815	-67.46484846827519
8000000	3.191873069975121	3.1967481794745636	0.7759286222941165	0.788417134825881	0.22254487091073719	0.9618462487539957	-84.71513285736458
8005000	3.3801913467556113	3.4108503709127844	0.8042076869314668	0.7537374802090239	0.21450097148732675	0.7402966208594773	-86.83039504905474
8010000	3.607035721249197	3.630048728201213	0.8768218269832059	0.798852181397592	0.20840688476717215	0.7673970762057324	-69.73559728977125
8015000	3.18638055169799	3.4129586629041797	0.8306682705048323	0.7290896870829972	0.24303811091894617	0.8503991890833685	-80.9013653381555
8020000	3.4143611889620695	3.854594423787399	0.8201264654205135	0.7714403909359528	0.21998881769071518	0.8666253386264399	-89.61338473116615
8025000	3.18638055169799	3.5971684643226904	0.8216089801355388	0.7847025237109361	0.23676254860311907	0.8666774294240444	-65.41961485069618
8030000	3.2966470086305053	4.2215203726751716	0.8093000250623682	0.785962383386683	0.2767418449712497	0.8965816197516556	-60.24012126336408
8035000	3.2402734998874507	3.318028499006375	0.7498894675135797	0.7827879903522226	0.20581939151907686	0.8799233444795367	-73.33986716337566
8040000	3.2780752702439724	3.5219345519882626	0.8917711892569357	0.7923738472930179	0.20250697150008024	0.760365543674817	-74.75686417398254
8045000	3.3487282785122825	3.592131690922444	0.8508772554605827	0.7912255527268178	0.22665087172812542	0.9120802312154651	-65.60877611459722
8050000	3.2890468404767588	3.3150119502564457	0.7119801797283796	0.7956875955642807	0.21406366614649466	0.8199694273013785	-77.32078351601615
8055000	3.18638055169799	3.3137898400322814	0.8698208498122807	0.7847940444981012	0.2198201640735366	0.9867394864022445	-59.65462235865597
8060000	3.4786938532948213	3.601474428204714	0.7592431932698125	0.7859026078424948	0.20668987010769022	0.7241967732557977	-89.61571471378895
8065000	3.7217555914377582	4.269992045076408	0.8440420452154723	0.7983468313181359	0.2562180489816328	0.8400648419506747	-65.69404045838456
8070000	3.18638055169799	3.498817549989435	0.8900232718344916	0.797384973367672	0.2127039649126603	0.9456704459634777	-75.68512071706084
8075000	3.301953853387213	3.4297042819798906	0.8638740070137769	0.7941535763759368	0.2092446425251374	0.7962672950859998	-57.111560565277884
8080000	3.2755433703835894	3.502205437495426	0.8263762365794928	0.7863229694850784	0.21850262223342448	0.7242892342940845	-60.635995427810734
8085000	3.776568844289295	4.005595200887376	0.7490959899770046	0.7787899659982216	0.21715936164398789	0.7893322374915743	-91.6033520176228
8090000	3.5521577823865647	3.961814812664508	0.775750872279019	0.7646927619586413	0.2521946763075581	0.8195881581685582	-93.32844930511993
8095000	3.4737613174832354	4.27796326657448	0.7838405734732108	0.7706446280486818	0.25195050513243816	0.8835045644677149	-67.94795589541619
8100000	3.1865062059513076	3.2686629891343078	0.887557330975088	0.7998473273003585	0.2011330563312654	0.894129357389609	-49.150423989081865
8105000	3.18638055169799	3.3125202625220784	0.8071415219325904	0.7905525305298846	0.2600926652668019	0.920191796063713	-55.044436369132086
8110000	3.5479735287991243	3.7721939150105404	0.7632185249978988	0.7960026991869293	0.21661684150253713	0.8684134941879826	-73.37470865498867
8115000	3.2870714258478793	3.3304813107479943	0.8785482670082521	0.7053626575258419	0.25210158542288086	0.8410110438747822	-91.96994525180878
8120000	3.4398468729064717	3.652606430313192	0.8828543743364937	0.7879838987469655	0.22775944149300778	0.9208432538149338	-72.50150227802018
8125000	3.18638055169799	3.275871126556031	0.8624386966790698	0.7904633463200089	0.22139215868925435	0.7783464602127849	-50.82549469927509
8130000	3.4961532021755843	3.496686970388182	0.8295324277319538	0.7991428344861513	0.21078294087324556	0.9217392268962806	-53.24719833527293
8135000	3.202743487663126	4.153241690487389	0.8134515899865706	0.7906437280359111	0.21791884357380759	0.9977064240966209	-64.3106096581104
8140000	3.728106952184997	4.030994779696208	0.7679154015919004	0.7861912625554373	0.2330981548714209	0.9562671221840138	-83.97226893199397
8145000	3.18638055169799	3.5914077328106306	0.7259241922024773	0.7927584475123044	0.2873984610357833	0.9378948074697315	-78.03655012560563
8150000	3.3399306783814864	3.8533940180686295	0.7706121650664769	0.7846715742276108	0.2205689938650436	0.9592368682377208	-69.24876295606933
8155000	3.381597370191501	3.4477181022031353	0.8417683190246279	0.7959368628016876	0.20584263297142458	0.8420946962020308	-58.923619653299376
8160000	3.436797142926968	3.5973297093905847	0.851197816885319	0.7997345782306549	0.2073795373077094	0.856859131477317	-70.00320425153538
8165000	3.37936768799332	3.621889162264437	0.878785815695287	0.749554504295806	0.2123094833524733	0.7642640644195698	-81.68394135517545
8170000	3.1952417337422485	3.214395089914328	0.8735538751426776	0.793365977881955	0.2287095769564893	0.7206689331269877	-62.15617076534388
8175000	3.18638055169799	3.291814414578629	0.8224668737338745	0.7755769358358302	0.2597706185072671	0.883359604227768	-58.027906533132864
8180000	3.18638055169799	3.186823219336134	0.8825507400360214	0.779118439654302	0.22670272942465175	0.7898336471903419	-58.892209673289216
8185000	3.557818941794784	3.5719280083963727	0.7662573615153233	0.7762465417280567	0.2037302167619112	0.7536595819541477	-99.2729120242399
8190000	3.4663290666070865	3.689904295493148	0.8316820251244009	0.7870340203374016	0.21335070638529405	0.9298146617820029	-75.81242038553756
8195000	3.567743160480391	3.800858188400171	0.8895867099812217	0.7659150707884389	0.21835124402322578	0.9934907457693262	-92.28580859457492
8200000	3.606210106256062	4.5708990618395555	0.8460121710411355	0.7877415110016502	0.2543697668782746	0.8856564031192888	-67.98090410085172
8205000	3.2409488992277	3.3419222900949297	0.8461696132991611	0.7941817016564217	0.2657776352111411	0.7342969372168299	-62.71182568150044
8210000	3.320021739788276	3.43202755263552	0.8631095182595031	0.7500548956408434	0.20422310763343304	0.7606091836202244	-82.71553116123158
8215000	3.459707630339114	3.4760121467968004	0.7500358385896888	0.7353229158268014	0.25179862218826893	0.8136210981224729	-98.349305455088
8220000	3.624108448304799	3.9207011860683494	0.8662147996203722	0.7844467499674106	0.24340694478752245	0.9172540592365771	-66.11859259954801
8225000	3.2397445972978125	3.2524242696235786	0.8364349474461983	0.7369358412928388	0.23528500668123356	0.8003472484426746	-80.07043414426806
8230000	3.468015873560163	3.69434821553188	0.7895014326284863	0.7814907247498978	0.22867737730766488	0.9847226087540987	-63.03361189251317
8235000	3.522815092664321	3.710193893113506	0.7572117313507528	0.7996733461905207	0.21814589313260002	0.8812120139959847	-74.8434654544414
8240000	3.498270975761194	3.5996728429989377	0.7452237970738091	0.7902351152642665	0.21072769025111945	0.7006535290719743	-80.75448434503215
8245000	4.198250732272048	4.390658065503829	0.8353295315746374	0.7962541448700509	0.20504530988022396	0.8293297758225647	-85.22690468285865
8250000	3.2046760924126234	3.371056650666233	0.8867709253443937	0.7946725431481291	0.21450503104614727	0.7212746976374328	-41.52537729211226
8255000	3.18638055169799	3.2074978496043154	0.8678643716560058	0.7839529068572912	0.2431608891105471	0.9170835214375215	-55.435849445148634
8260000	3.2865914938664735	3.688083534779337	0.895691082727478	0.7951963454729108	0.20876881187821286	0.7848218352856622	-60.25000788373226
8265000	3.21456744101577	3.473634411135921	0.7707736795248933	0.7727074110750518	0.2646278864321285	0.8736261984969914	-61.64891777301819
8270000	3.4607439251910486	3.4949866571190453	0.8886902983985271	0.7999251748334687	0.21838816447033776	0.9316449595391887	-66.81846072027224
8275000	3.7566827334081654	4.609506897745986	0.8098096959793599	0.7345391576026408	0.2277273479100586	0.7395078313294139	-109.59725366545103
8280000	3.3938055942673158	4.2296675913021335	0.8831956118208951	0.7862565764004678	0.22350236074452273	0.871159481336021	-59.64883735575923
8285000	3.3652610946775736	3.691836745863888	0.7762299690788339	0.7283405842161134	0.2857727386205612	0.7816149517760723	-79.73923791439006
8290000	3.18638055169799	3.7146071064871373	0.8771397559422135	0.7826480206063584	0.206505742554207	0.9004830727071155	-82.42889667237151
8295000	3.2629777396502346	3.510420506403854	0.745204492214307	0.7885888906736691	0.22183431628603661	0.830081325789748	-84.29831468625429
8300000	3.42862125256294	3.481252638212982	0.8832554135375607	0.7094675391519576	0.24324740569066985	0.8576313512255529	-88.51100274810833
8305000	3.6161837091186264	3.8760890285651657	0.8448168970582107	0.7717701789794993	0.2573591694669401	0.8051671417726971	-90.81402036293571
8310000	3.5595603527701227	3.7102357599770213	0.8362694633490809	0.7799922084511165	0.23755236901210025	0.8012112838701675	-78.30377544702137
8315000	3.286185086123459	3.9080235044544986	0.8664061320859621	0.7992977166619432	0.20887283426969372	0.7228068675731142	-67.67210908018845
8320000	3.500949706515193	3.8884103471709963	0.8595074287044722	0.7915697917688153	0.2209822076162191	0.9438826908282612	-64.3534326017969
8325000	3.729796383991248	3.7824678701700405	0.833925251218008	0.7811904727181935	0.2143743666849267	0.9162957513741962	-70.31653522609733
8330000	3.5943951754336365	3.684259194035748	0.8576761650517086	0.7805454404219792	0.25296660103184554	0.9794843726768638	-81.62391886053081
8335000	3.423222500145566	3.4597399307320718	0.8889219051446561	0.7947205013393926	0.23084619720431004	0.9082565125979571	-48.4820347076287
8340000	3.18638055169799	3.2590017221020857	0.88064646675582	0.7992698677236407	0.24488788540340073	0.8448736558940331	-57.55197296190355
8345000	3.2571216640372294	3.326070846295268	0.8995204176208229	0.7689024142690083	0.23440973414029642	0.7868673145955799	-70.88599451879486
8350000	3.4615620099550983	3.8350587021011417	0.8375021424503368	0.7958261620186385	0.22029805313132894	0.8082476705083423	-66.67317953349217
8355000	3.5708501110723456	3.903657119345085	0.7347819774669441	0.7950582005195214	0.2172365707580548	0.7289769028254738	-89.83471166514352
8360000	3.3605088461174284	4.174305710079275	0.8584582685568432	0.7501439390113092	0.20296325799213724	0.7520583079969121	-78.79812729513219
8365000	3.586420266100371	3.986330466491922	0.896287970129754	0.7803134839878297	0.20782062549059319	0.9277606922533538	-73.11984193871595
8370000	3.18638055169799	3.7317034583034534	0.7516648576020104	0.775832656678376	0.2702504465348297	0.9892505966811949	-63.18634977399612
8375000	3.5106688618251227	3.979578346691305	0.8600499468523796	0.7623818603806518	0.20601861825588616	0.8147124070160395	-77.30518539915928
8380000	3.251388957178039	3.641150673639436	0.7086047553678398	0.7431027512276053	0.26411770444542715	0.8819808334599897	-98.05897289083984
8385000	3.3611388902797636	3.496817553999903	0.896460572659185	0.7864088358471056	0.24511257990313703	0.8085574559365398	-64.58979138938494
8390000	3.3857058673095404	4.29708237467677	0.8322862143257214	0.7747762936359488	0.2765523278093234	0.7619266581626863	-68.05205675361663
8395000	3.4873616466153243	4.6933468647954255	0.8872086712032958	0.7976728776169016	0.25902576952421197	0.8864849935167751	-65.1753060607387
8400000	3.2734330146060695	3.477658119763883	0.8679886623039464	0.7918746445493002	0.2003984365947679	0.7765763069315396	-72.3544373899928
8405000	3.3973646902952277	3.5247150059102195	0.8153060653938033	0.7886343365069354	0.20630362687983925	0.9462636557396226	-82.13965686685515
8410000	3.599783027942668	4.094207632271086	0.8790303348419342	0.7880983567802212	0.21963576060932063	0.751621988202362	-80.29971350438012
8415000	3.6600785674832776	3.7116389282551867	0.7757613631036097	0.7837832419485063	0.23161304158243182	0.9125859462020133	-72.93204629025448
8420000	3.4742690945824584	3.5520991907284136	0.8340167435708232	0.7979775578558774	0.21035640220671442	0.9927109786387235	-53.91337536815432
8425000	3.2589677231119656	3.5738755147954304	0.7450086685479016	0.7835653823674187	0.23491592061678307	0.7161062061784926	-80.00070970759714
8430000	3.18638055169799	3.930962371629263	0.7071765352407028	0.7997981342011541	0.24230850176295207	0.9453216724215382	-52.87912576176633
8435000	3.2702517106762845	3.473343222518128	0.8571062485262052	0.7915954604340522	0.20888780635215273	0.7463745216779548	-56.873079935835754
8440000	3.18638055169799	3.437993113071049	0.8261991403314696	0.7878556463930733	0.2013600258825049	0.8543918602461293	-68.3603839518058
8445000	3.5442718477143575	3.792761660279839	0.739411376562035	0.7817719337936784	0.23005820141966615	0.8638776521877756	-77.5715308752248
8450000	3.18638055169799	3.3916060985003167	0.704382753347729	0.795585570491107	0.22964063981567032	0.939995480083191	-62.51746621540052
8455000	3.18638055169799	3.2174821806762677	0.8968632204953263	0.7991704348293863	0.22817080949165253	0.7481403187115775	-75.53830400958958
8460000	3.247988020619757	3.317821590281799	0.7769575053638725	0.7850228698804711	0.25879065123242545	0.895434904915938	-65.1234583601665
8465000	3.3467442542380494	3.3604899290109813	0.7998344912153725	0.7890894864385001	0.2131372234029563	0.9867894981181038	-64.10485162146557
8470000	3.18638055169799	3.226359573881867	0.7425521332225108	0.7962917799962661	0.2611073694629103	0.8871834445163254	-58.359337512039744
8475000	3.3443962888438747	3.445495260505615	0.719391756740419	0.7906484583493721	0.2144684625379022	0.8361737069612827	-82.52141107929569
8480000	3.2927657847140845	3.354938017466779	0.8583124785518421	0.7414390354520005	0.2537738907963502	0.7141641487581322	-79.24907043557687
8485000	3.3980648247567924	3.487718070156769	0.8947709157565035	0.79658883253278	0.23239223831260947	0.7052172691870044	-45.822403558353784
8490000	3.2088979637478117	4.637599027696206	0.8201178360955883	0.7895036555559221	0.23282461306072594	0.7021257952530309	-82.20912986923037
8495000	3.248230231122223	3.254028845773225	0.8561386115330255	0.7664425501203485	0.28517523718238963	0.8899537729909781	-79.54513614158299
8500000	3.271672019600309	3.4764137617071276	0.7976201783804784	0.7670981321202371	0.21243744645432236	0.7288815571768592	-80.32931186052514
8505000	3.545097903313113	3.8709356093769003	0.8592828838413117	0.7834174201859552	0.21442772222689577	0.7762430318141771	-68.59823107283299
8510000	3.4889871031780952	4.881755629585887	0.7648724721115009	0.793027253286109	0.22420285396417475	0.8703916908643011	-59.405586199513884
8515000	3.396507014280171	3.4987402929241807	0.782541267313168	0.7672382176715447	0.2005963012003933	0.9606024472644772	-79.56743941235592
8520000	3.4559994806308625	3.5503993449266034	0.8076278491557269	0.7866564362785796	0.20980570723223305	0.9017342565936504	-72.24050835413757
8525000	3.18638055169799	3.8851365295934666	0.8726237568177935	0.7550205427358332	0.21099250946383133	0.9266928339125354	-65.89446355058311
8530000	3.18638055169799	3.195430842518919	0.7824564609330681	0.7915130652248743	0.28267458381225086	0.8410646328158707	-67.78320731828117
8535000	3.32392960032749	3.934811492272419	0.843425244139556	0.7419187096257503	0.24444595761749296	0.9876551529354666	-91.46065869376201
8540000	3.646749200379547	4.252171603822715	0.817053657915169	0.7803049615348018	0.2023527873344459	0.8514856528658068	-88.99797439697326
8545000	3.352858681496846	3.5446188324883963	0.7923128320956444	0.781512423753122	0.22038773839762993	0.9308716626743432	-76.38360299253773
8550000	3.4513190692435143	3.672964822060234	0.7361128383565599	0.7887569134623491	0.2159291671725914	0.7685983557800221	-76.88143120362491
8555000	3.352296560883505	3.7645529504948345	0.8966181609317707	0.7607005995085784	0.21583087030997886	0.8332940424544594	-67.10637035853577
8560000	3.2066078838517127	3.401195115022858	0.8775914269413191	0.7832150977082543	0.2518546262350184	0.722605485780375	-62.55297986033807
8565000	3.248282442488177	3.560606002940152	0.8463919669104322	0.7724067350698479	0.21620811343382548	0.947034882136684	-71.89156930302613
8570000	3.237332286397238	3.570640954451704	0.8713425617817098	0.7318871732249829	0.2847240055101562	0.7279934246100862	-73.14362004713641
8575000	3.2756971390138454	3.8141717662612877	0.7767237707177417	0.7941950542702958	0.2558012232891898	0.8215405502025539	-64.4634174163198
8580000	3.4511893296974923	3.6500681723166024	0.7094809764667128	0.796784670388526	0.23721326905385043	0.7785554017357981	-68.33179877662621
8585000	3.5006184784209666	3.6396452312139744	0.8466978955363867	0.7778143402359441	0.20279716528756597	0.8170830527094799	-74.30564333900153
8590000	3.481661820213445	3.497853829741132	0.8826353306403704	0.7960893688321395	0.20700322079424355	0.7909413576570509	-58.475250742830255
8595000	3.18638055169799	4.119433675998199	0.7884285750887514	0.7772377670811901	0.2314866654501733	0.8427099630936619	-89.94605920420528
8600000	3.3453574559636956	3.428754869697249	0.7917956423231532	0.7609840394803637	0.25478070023531085	0.8625313300798506	-81.70355374480829
8605000	3.3132191846726555	3.3796870940365515	0.7671247785067127	0.7986324560282371	0.22327817721010476	0.7650087891513045	-87.1489084541158
8610000	3.4619754397333167	4.191530518076542	0.8813228132569334	0.7808176091268482	0.23035518194582638	0.9937517361004893	-84.41775302708072
8615000	3.31503818915195	3.3332975983571154	0.7804637655919461	0.7938667209443899	0.22954826619943872	0.920158993769754	-70.00808801885586
8620000	3.3666332207443217	3.424724724513723	0.8932140041497255	0.7926319334118874	0.20654414595053616	0.9565804608342181	-56.805842980264096
8625000	3.197495235422876	3.2282057341824766	0.8386113490910547	0.7653734355450419	0.2305362447390863	0.7019845919036007	-69.74627878923249
8630000	3.261067068747965	3.709704065025192	0.8676328592020953	0.7976238979832524	0.22273759418999117	0.7004548745246695	-52.46917753190967
8635000	3.384293493429249	3.874860215015332	0.7895853990942092	0.7794789036167825	0.23136966272920723	0.7199614155296666	-80.01149547822092
8640000	3.18638055169799	3.3013338264570438	0.8364835367740148	0.7944325424732072	0.2185261563622736	0.765480149903355	-64.00181057678572
8645000	3.40965939286621	3.8016295199095342	0.883555830269912	0.7547842193719496	0.22693906476103676	0.9230126067591242	-75.61704474455928
8650000	3.341090870814128	3.5479158121198577	0.840661656269315	0.7982043346091966	0.22063911646342915	0.9886057959279287	-66.52600379768086
8655000	3.18638055169799	3.692026349888164	0.8715413529668514	0.7227118637000667	0.24132977026812588	0.8190544537008245	-84.31054257318937
8660000	3.20604202083346	3.23394830079811	0.7378080245171784	0.7873427728696203	0.2263587864708089	0.7188352837039854	-82.41273892299938
8665000	3.3336312070102854	3.5754216692748058	0.7951250880085367	0.7987332123069824	0.2537653582415755	0.7682680774757903	-56.139996314636136
8670000	3.18638055169799	3.3743347744251304	0.8821279504999476	0.7812010866918089	0.2779927612454994	0.7349293987626283	-61.617098494524576
8675000	3.228442175435203	3.377443641701249	0.7007579465822648	0.7718426977176199	0.24128003278975946	0.8109915570333007	-76.75073982797826
8680000	3.296944609982031	3.4947652316600024	0.8858908677254823	0.7955293614456936	0.21529429565032682	0.7560408800658723	-64.16914246910756
8685000	3.628925870670176	4.640144578956972	0.8655156125341419	0.7114428649706833	0.20712817182553542	0.8781417278904304	-95.98033958655583
8690000	3.281497140430221	3.589608298994757	0.7897944033614765	0.7871640722600112	0.23995151080135158	0.8734195035414518	-69.21095045353371
8695000	3.4374000179055453	3.46187327432941	0.8601603411021892	0.7257082608434154	0.23557658513085886	0.9306753332401644	-81.86381080385874
8700000	3.9548233918059448	4.009740169806286	0.8741765596526431	0.7550084686343759	0.27073992546884607	0.7732208432720937	-75.71671143173202
8705000	3.498038592632783	3.5565700877455475	0.8397673077685917	0.7810122891938684	0.22088405125342783	0.8414891757570028	-81.94712069764608
8710000	3.2248546247935397	3.3333725412323827	0.7830111001693528	0.798135647407736	0.3272052104661122	0.8468006303863785	-61.938305425170846
8715000	3.18638055169799	3.345802835690009	0.8259410382056482	0.7916667947618017	0.20133523585306523	0.8376911559176344	-67.39584749019645
8720000	3.221956122317768	3.3108040160327357	0.8315424751879061	0.7840174830908692	0.23173699595814204	0.8769194620558017	-76.07092403120242
8725000	3.318868593117859	3.7977877605331565	0.8497121938735681	0.799919451828325	0.22973928802350602	0.8267163385686369	-56.64927473613733
8730000	3.526310809302042	3.5605917159181617	0.7708317620133562	0.7980645992803186	0.21826304794871818	0.8162185685396482	-61.22366933183974
8735000	3.6452040730950976	3.7197533898039943	0.8302550895344706	0.7742785475958824	0.3126402243066394	0.7617639450140976	-84.56032061620562
8740000	3.297887575795787	3.7519345787552525	0.8967251298623886	0.7642306423061538	0.21194026663925117	0.7751613996650739	-74.74104902681535
8745000	3.4150540485392824	3.427351212062423	0.723986405527575	0.7927852942242793	0.22464635948841602	0.7215737392697893	-80.71676190683436
8750000	3.391626151031373	3.6852594719076697	0.8485464089452182	0.7839844794432205	0.22607784690726776	0.9694864048063351	-60.96979552745493
8755000	3.18638055169799	3.3290666631014774	0.8980760277271987	0.7867694934377255	0.2013239004433779	0.8454582714536569	-52.30539175815591
8760000	3.517502045739991	3.6518473741536606	0.8134026028180524	0.7658481157575616	0.22730649374214282	0.7720662264166684	-72.92563755083498
8765000	3.2179911493493054	3.400566613142288	0.8365511121010912	0.7620629177408307	0.20923897648464027	0.7811371117993208	-75.15823134533022
8770000	3.3091586134024604	3.3356561645190976	0.877424588437346	0.7852508523461312	0.20125389757871634	0.9779325152776097	-87.91775249618598
8775000	3.395073487654048	3.6879951390316372	0.8112632790959033	0.7991443980935516	0.21051880843047244	0.8356598836302723	-56.821575434188084
8780000	3.376128986152861	3.4967474067475477	0.8559117680294794	0.7946659393652558	0.2332790457873054	0.9550644401378101	-53.10171679182699
8785000	3.325177931169276	3.6998350556761133	0.8375657226493243	0.7979131436012525	0.20487649829641025	0.8875813187356425	-76.52739883805782
8790000	3.2950008370529194	3.3689504020368877	0.8460848936680222	0.7995164639968865	0.25255493829351133	0.7867337259890738	-48.79000558766667
8795000	3.204176875547341	3.8534315114131794	0.8159126796092353	0.790817783741381	0.20184585404653776	0.9798410091136566	-59.846001884056214
8800000	3.3553383877794345	3.4639671647962054	0.873774269554737	0.7799095084220491	0.20397650598641529	0.7406319434467408	-62.32656562023398
8805000	3.4801660885029486	3.6047386261547505	0.7535594233480449	0.7646531699939549	0.20036888631978486	0.8491632122776901	-86.52803536531877
8810000	3.447573580253603	3.954664468385769	0.8967157598697687	0.774364389406919	0.23871777987501083	0.8013093990953625	-70.18041834403763
8815000	3.387232358990022	3.462855275213666	0.805289452733531	0.7559759450873212	0.32441094107095636	0.9132106838284059	-81.60934355641803
8820000	3.2196438516124934	3.286818548460038	0.8883065778816436	0.7779240136055876	0.20976493428587162	0.8374814128660402	-79.39968934865493
8825000	3.259796129056657	3.4916425895336753	0.8788919031802389	0.74972301862838	0.22320291259975783	0.8173885895614856	-90.6695749197325
8830000	3.827086719271954	4.1701101146734425	0.8177737620395795	0.7281636916263403	0.22165569664581808	0.7960105610170968	-100.87587871973591
8835000	3.350911730410233	3.6824053002089983	0.8597085136733302	0.7866106431847301	0.21453891644506962	0.9612442122457566	-67.25730661167023
8840000	3.18638055169799	3.2087214467407015	0.8708808560857145	0.7897864839967642	0.24377737348748665	0.809984773476267	-73.70171416841103
8845000	3.18638055169799	3.239955359159425	0.8792634460045705	0.7839584131638215	0.20923055648733632	0.7595271515191666	-58.360989649177064
8850000	3.232031174990334	3.4994986061385243	0.8631245661183984	0.7590125116389285	0.21537387357248267	0.7707628752980796	-70.65902398918931
8855000	3.3647091442179224	3.4369808033813665	0.8288790013615605	0.7579687162736244	0.20111202399666966	0.7855371906682616	-91.24690736610486
8860000	3.5478777007481876	3.5602944505764778	0.8858064196122502	0.7744316425782835	0.20840814658700757	0.7124746255577271	-62.919709165071744
8865000	3.2439411964946157	3.6384330034047276	0.7688880528645908	0.7937649074950265	0.2050073037108279	0.8968250167847932	-70.99076654050171
8870000	3.18638055169799	3.407292301345079	0.8838215609084819	0.79954338695117	0.2600262023470135	0.8646421804264937	-54.13761473843554
8875000	3.18638055169799	3.4708779303056936	0.8706201186116322	0.7929435309898828	0.2124290291217636	0.7387689518507334	-55.07384188499926
8880000	3.251926871575047	3.3886676940208966	0.8253076941133699	0.7516061476136039	0.2426466675604905	0.7042737756458477	-86.37904549018242
8885000	3.818004931680296	4.167847947369958	0.8777274165666488	0.772604779573463	0.20460706567880496	0.926225317168249	-79.3069285383763
8890000	3.18638055169799	3.232849930448737	0.8299872513640321	0.7955685251212373	0.20506861958999364	0.8350028006178224	-64.10214132789324
8895000	3.18638055169799	3.711911805248538	0.7504001941908873	0.7885743328050763	0.29994718331821363	0.7429424789118443	-60.49161717109482
8900000	3.3045812757736797	3.358587576721665	0.8370037643504811	0.7641293467306881	0.2467521299824618	0.753728859133921	-72.19094985047792
8905000	3.319893227279217	3.797235171011668	0.7492071700076114	0.7874503973266136	0.21966523188624526	0.7391993713354332	-70.51033443344849
8910000	3.382957733477938	3.955669856722531	0.8416341570478872	0.7867995339192984	0.26401235521796584	0.9115025315356109	-73.93771502773589
8915000	3.2756042543538237	3.6076258885300234	0.7077185149267872	0.7750718082437837	0.21652217293084333	0.902059666445084	-65.99228288724939
8920000	3.362248436743874	3.5460416231531577	0.7824644659687665	0.7873315576387523	0.21740442082107103	0.73998497536326	-67.35049837521757
8925000	3.393362194227008	3.4731745588982665	0.739286528388393	0.7900326995667794	0.2289870819271567	0.8463070850625509	-88.72024382717461
8930000	4.409602499551507	4.419068795317256	0.8852055844171579	0.7956149469722795	0.22347763028411174	0.8438149593816967	-72.02145952558564
8935000	3.3439972339535182	3.347846835808459	0.7075275236260807	0.7885324389602113	0.22758645636727143	0.704242030356905	-63.86529555176656
8940000	3.6867913575226003	4.17419281156367	0.8887165943844114	0.7813691704237989	0.2125744380063373	0.9239474136487306	-64.07583721652679
8945000	3.3971262340133204	4.207994451334212	0.8218639621561485	0.7838405527257442	0.2676878435991471	0.8761131108972533	-64.37719156379691
8950000	3.3196961158089064	3.399340318676162	0.8878610401396221	0.7884604235824927	0.21795034274525785	0.8321266736868711	-50.85915400630101
8955000	3.4245199724911557	3.424688650271291	0.8622795991714741	0.7884267690955669	0.21638990086160495	0.7963371912070885	-64.00746514605348
8960000	3.2912887250793155	3.407872653756806	0.8878540018170334	0.7932638811393984	0.2829955838467633	0.8449295998553721	-42.269576715723936
8965000	3.18638055169799	3.213787465900894	0.8597714290710748	0.7915309505139758	0.2609700403322879	0.9091283400523141	-57.18086081026954
8970000	3.3203237117997846	3.4230904133645987	0.8076968273119053	0.7857245081281495	0.24583397496336534	0.8281110993510128	-66.52346136883921
8975000	3.4007016497103555	3.5206404502076265	0.8525681425922704	0.7868739036040976	0.2006307794090795	0.702734846108981	-85.46188473936022
8980000	3.284696422401899	3.7452213929514238	0.8056736570842605	0.7766342342336765	0.20729481093235522	0.7560982391408503	-78.15322080019732
8985000	3.288846426758629	3.3001259427271354	0.7920036341087576	0.7880545983582867	0.2286670291825331	0.7765988452602184	-75.7554893756245
8990000	3.2447591251070507	3.3908436079986637	0.8322649832974826	0.7870187752423178	0.2070623369154886	0.8351693784693595	-79.73454796560273
8995000	3.5571870336263287	4.092103975782132	0.896115771642525	0.7977746467851546	0.20517821273299336	0.7258571553176479	-68.14252590156605
9000000	3.285690829394722	3.780706444143438	0.8360611577452616	0.7969149239783436	0.2099645752349241	0.7841079745805963	-63.19690014615326
9005000	3.622120844045475	4.343259887699661	0.7336347820974236	0.7740174966925037	0.20932179831623202	0.9626859479658761	-95.54837667126043
9010000	3.2092295067309022	3.923535371409024	0.8382307310201619	0.7554871629362372	0.2608343913188255	0.8916428779594501	-72.36588623183331
9015000	3.2563184294012277	3.314926672069655	0.8697963147962684	0.7825841973161588	0.20128656370838408	0.9729592189823423	-69.69830760121596
9020000	3.3300863834350043	3.844813133551469	0.8022911042238996	0.7859555764070193	0.23898078339516035	0.8041416123459	-76.18401067882158
9025000	3.18638055169799	3.636738228428254	0.7838263620461502	0.7265296126017753	0.22879576507548816	0.7292518439886293	-90.671626519357
9030000	3.3388229173013255	3.5310728926622055	0.8366557462174419	0.7990256619881159	0.20037134645224436	0.7395983144822096	-71.68169612367183
9035000	3.3228284931984273	3.415046966133075	0.8426757772202882	0.7955915572501672	0.20640048229862265	0.8576680760015571	-74.13006975127581
9040000	3.2469505472540465	3.351590430451433	0.8440484913616881	0.7842080495751118	0.23501666989903008	0.913989493487581	-62.62012183033855
9045000	4.417376545330172	4.817809928527331	0.7047955740519776	0.7875173208843381	0.20219371315407145	0.7923030177279787	-92.04670838949863
9050000	3.5648149143605297	3.6339956055642477	0.8563369913423984	0.7982876193556109	0.2135248737249093	0.7596282518094731	-63.96151941236828
9055000	3.635747319208922	5.036041896732403	0.8527655977022133	0.7544291211711683	0.2013654274799894	0.7001743845245498	-76.56098263810222
9060000	3.583797633416295	3.6211159187184387	0.844284201565092	0.7923192334779376	0.21521791470889418	0.9385565875139718	-94.65098638877558
9065000	4.009202314058828	4.181581718519171	0.8521305795448969	0.7986776334308061	0.21029153108769613	0.930308175069652	-92.94005965571318
9070000	3.4550418096706794	3.646727892922348	0.8175703101874752	0.7875638949286189	0.20457609535829793	0.7825856910111518	-82.00266748210316
9075000	3.4097729685417697	3.6780714674665256	0.8675911717452048	0.7909905695648023	0.20030268623832248	0.898044497382727	-69.33269148156438
9080000	3.7335000227799324	4.228034740191993	0.8970164852058747	0.7842044082966912	0.20076914903507206	0.7119648360405323	-86.34623669803818
9085000	3.319944289102034	3.6596686965055065	0.8754100834072327	0.7971376440960474	0.20011702751583796	0.743583097384828	-49.64722981197328
9090000	3.6551437940975906	3.73371743213224	0.8538594799982303	0.7779615528216567	0.20007222130418847	0.9799859584023862	-69.6877604200017
9095000	3.2640232397804354	3.3329537153331974	0.8183911184761012	0.7668677450571569	0.27473804660544165	0.825454443925341	-67.63905107000127
9100000	3.3571518521143817	3.56972785033076	0.8098249236494482	0.7521669348521	0.23125784309133154	0.7136304986861216	-86.84458310407464
9105000	3.18638055169799	3.605209393871448	0.7681966476564284	0.7765236751391777	0.28651590568321483	0.8792162503275756	-88.5402691888811
9110000	3.2956005716736207	3.3786013946838285	0.8950203217508513	0.7595790231626591	0.20804980348561058	0.736055060656489	-81.55608377486826
9115000	3.2813077209011414	3.759368783396637	0.8100224387661741	0.7870018336563511	0.22710807224588858	0.7922004050088336	-59.979885507370426
9120000	3.7702382219253745	4.6480237119490875	0.7805670596398225	0.7795323753220371	0.20796431842745922	0.7311293625012554	-80.87540188763174
9125000	3.263268890927236	3.366967756578313	0.8116045966973964	0.7856610800711187	0.23713728165018141	0.9229152308416491	-67.97291035683216
9130000	3.211272558631607	3.6175840998174094	0.8666246531843079	0.760003536199183	0.23606024261682204	0.7853926313618186	-70.26416063727484
9135000	3.274254324534048	3.7220531828109213	0.8624708008251715	0.7956586043867179	0.2362099563315813	0.8871593576525271	-65.65770209585091
9140000	3.452298344896876	3.5782136437084433	0.8108129300658071	0.7989441651124605	0.2033209209633225	0.7858029637477099	-76.04464270207757
9145000	3.4620748807197956	3.4697164115647907	0.8556230262755372	0.7939462857679915	0.2218081036048711	0.8137594506236165	-66.73487784988629
9150000	3.266127551381025	3.572217667298842	0.849242281763356	0.7961633615913926	0.2176209834216694	0.7551186052389893	-91.17252376424304
9155000	3.6861121357965256	3.918765389666545	0.7062152593459435	0.7491832493292203	0.22030765739325073	0.8534898704169969	-100.09530831195858
9160000	3.2453858242942415	3.5595967800748665	0.8727748046943813	0.79569632954469	0.21256219187627573	0.8805420669498438	-70.533207754189
9165000	3.461540253452484	3.6986635183671774	0.761114098634384	0.767095592406043	0.23998224275801255	0.9646004898097039	-87.09079526891759
9170000	3.317546270198647	3.5296376857632166	0.8716731894710764	0.7926162363661556	0.207257917318999	0.702278655609502	-68.67102778181851
9175000	3.362776643431531	3.566091092062761	0.8878431159434341	0.7704029394944928	0.22676300622292797	0.935401081199148	-64.37669910513534
9180000	3.6463012431136463	3.698314104426155	0.7095992987001984	0.7833337302203657	0.2546077701971456	0.7675701725982982	-70.25471297765478
9185000	3.2802009452340424	3.5805481723702868	0.8452742087236155	0.7952116449143403	0.20093990517290364	0.9483593573615219	-67.00847321839552
9190000	3.6550194819971753	3.7560257552004708	0.8715353778604725	0.7640418621177674	0.21275845262812748	0.7155902216813885	-74.60570310597512
9195000	3.18638055169799	3.2421440822631853	0.7905609002580114	0.7504640846583476	0.21564076774629262	0.7058519772919647	-81.53654631134347
9200000	3.18638055169799	3.2558675579347702	0.803828419834191	0.7647532374864869	0.22817421798455814	0.9463728348320083	-74.56636563629365
9205000	3.2012540438632486	3.277880645365114	0.8145982778482995	0.7772074103246531	0.232418492428175	0.9969583763071292	-63.58847721409787
9210000	3.18638055169799	3.6984624801143062	0.8864890582422906	0.7855558442871851	0.22560142929900295	0.8622861562879465	-59.62555804220737
9215000	3.2762773181717733	3.4427142106971713	0.803624156759556	0.799745448690652	0.2046947909206422	0.7023717178187489	-71.70634810057874
9220000	3.314064877633139	3.332928889597734	0.8915647315671354	0.796485268458658	0.23030718955859486	0.9915993190040172	-74.43133288705656
9225000	3.452505921792636	3.6502726540923507	0.8705048440917214	0.7847275018886943	0.20881092704240833	0.8894164482637342	-70.16367710674174
9230000	3.454658878523117	3.5821050656018194	0.8264936194920849	0.7960336378506094	0.20893765837252568	0.9305947018631963	-79.3487524003452
9235000	3.483532983721531	4.059844744546145	0.897110577032322	0.7204786064450874	0.20050282522515767	0.7399300135597193	-86.43273136811823
9240000	3.18638055169799	3.7649139491034336	0.8735972611644145	0.7324737382086183	0.21601562765155338	0.747357693886836	-88.81643342292409
9245000	3.495349710920603	3.56042562044197	0.8711305988989323	0.7903071304413181	0.2098452189198773	0.8511707228906106	-83.44650803632192
9250000	3.2117172053052245	3.9584679285719937	0.8849705931475043	0.7979753729537628	0.24069731664414268	0.9321263177628892	-53.045335015707636
9255000	3.3382008906757936	4.054492934203992	0.8671802665194029	0.766594246154904	0.20992839868215452	0.7415172012494582	-77.27691717167704
9260000	3.444975100737498	3.669935136439235	0.8685720672818541	0.6842088014425035	0.2488543698154713	0.9317626735006377	-89.4266832569773
9265000	3.7111307997583944	3.862540023947466	0.7962283807606879	0.7704463493859772	0.22527768297349712	0.9335457689647652	-90.7939194851121
9270000	3.3355954722306893	3.8613945821006643	0.8363468937717866	0.7499333410443669	0.2525608076924947	0.7093457099835258	-85.92026905074601
9275000	3.6192106820648937	3.889112785131798	0.7934383186524941	0.7856972689753781	0.2121590505295296	0.8866062484646929	-78.27702129938282
9280000	3.439615992717012	3.489055125886233	0.8323984925330858	0.7956018685579891	0.22836771628368385	0.7952251934825102	-72.32719814393144
9285000	3.217775135112225	3.506053535533068	0.7298442608673852	0.7956479171731065	0.2172032306597125	0.8391843706844797	-68.73518476184915
9290000	3.18638055169799	3.7484747883560656	0.8038416580583562	0.768407322782401	0.2055993820740726	0.7541910232668765	-91.53437958111971
9295000	3.3320729445605224	3.729468475041513	0.7923997348008444	0.7976014643097085	0.23347873739686079	0.9099611702237214	-64.87278044265628
9300000	3.2952024057735527	3.469183916675089	0.8580707037971363	0.7970764136216377	0.2295707469668388	0.9900864134938087	-49.120088839398704
9305000	3.261408692838967	3.5349883805894424	0.8477210888510435	0.7997242669761152	0.20012477866022887	0.867874260019707	-60.63191738560277
9310000	3.4764468255721774	4.494292592509676	0.726915491203067	0.7906660534716153	0.22401854778022223	0.8618977625501543	-104.99923100218942
9315000	3.3875837306180716	3.857604172628214	0.8139580724748555	0.7495485974282207	0.21178940763043289	0.9832665680950802	-94.16028362636325
9320000	3.644833715705666	4.458533753287684	0.8756663442266608	0.7674722388901203	0.20448119147779448	0.8966140541879906	-102.19500808484733
9325000	3.5246317775751166	3.726676885683415	0.802605436159568	0.7540517455318289	0.22556638320916728	0.9126537678687093	-77.76554290880179
9330000	4.074017067215767	4.232044880428233	0.8459050476884623	0.7819467445726135	0.20176795120554347	0.8136833407987288	-80.71153383258294
9335000	3.295556259608868	3.7759480661152747	0.879241619936558	0.7879021174413157	0.20187327862662885	0.8099801742959141	-72.37090351648916
9340000	3.507929105827272	3.58432601242132	0.7823083896549217	0.7863793867423281	0.27710330367356145	0.7765270688749577	-80.82415006000122
9345000	3.18638055169799	3.193156621040146	0.8098764360260478	0.7949190102258702	0.20101776392293955	0.8233944738682825	-67.15723752421576
9350000	3.616170505087277	3.71226388834727	0.754475940396414	0.7595878849804686	0.20903724678048172	0.83236332882448	-93.62538330071152
9355000	3.2487976946098094	3.6769722174861577	0.8460456036852017	0.7354440047404066	0.3101556964542607	0.9918953835763961	-69.19083993409532
9360000	3.8247660889222694	4.398527804929381	0.8317988142409011	0.7736463574154194	0.21976207146170887	0.7341334765003755	-75.10600969625904
9365000	3.2132048226495775	3.657184176902081	0.7811492301164411	0.7988067785885329	0.21917858521786446	0.7449474819987163	-71.9717485177292
9370000	3.4598015776820223	3.769077570797565	0.8115550845183875	0.7490115063395975	0.216019972672769	0.8278158657198487	-85.31936628021401
9375000	3.18638055169799	3.4965930137726864	0.8182836303381555	0.7840290757904225	0.23215537525023436	0.8493963456435979	-70.51999814293418
9380000	3.18638055169799	3.4062455830051657	0.8981005204009657	0.7758959169685665	0.22664015091007775	0.8691379613608771	-61.41302541608608
9385000	3.6454286953974506	3.754974749521204	0.8179227386676554	0.7606083382243856	0.21546394564430005	0.9145941319859119	-86.63614521812349
9390000	3.338507688892394	3.6448836930506308	0.8257738964658289	0.7835643748379206	0.21267097025377207	0.7770925204691969	-54.72862875001327
9395000	3.2868795401548403	3.8041207238824293	0.755941762361156	0.7848168788281109	0.24480937386859003	0.9406903618361766	-61.60428198647583
9400000	3.4771240553729186	3.5361517826377913	0.7656857495244606	0.7984789622145451	0.2413622758584907	0.7329576733570564	-71.63605982245195
9405000	3.484244680294452	3.982237096617586	0.8402789627834867	0.7977515267298689	0.22454545181304014	0.9549227003349695	-64.58842191580501
9410000	3.590010845723913	3.9601362969781326	0.7417168145496416	0.7939705291875777	0.2171915035425809	0.7611636232734169	-84.98702969796227
9415000	3.7739748563592723	4.511308103856149	0.711834156785872	0.7700040633948411	0.2228116224406964	0.7590742558978397	-96.78663117358278
9420000	3.18638055169799	3.517094973032033	0.8844961604407325	0.7921626390335454	0.2127307221335934	0.756817876512848	-50.115982109657274
9425000	3.18638055169799	3.3457113968364776	0.8651084678085026	0.7746979962368998	0.25352142700290514	0.8478232514366439	-50.74607566066214
9430000	3.2334362905415666	3.4476803798659885	0.8730041712368607	0.7678378937933255	0.2341173623947264	0.9462926180688869	-61.00379400841167
9435000	3.18638055169799	3.272247412193272	0.865309923982454	0.7822379043961775	0.2194977880798981	0.9230563804014189	-62.0860696051186
9440000	3.237303066984544	3.8375906853202446	0.8445622352375883	0.7918902022773499	0.2090392843927837	0.7768041058808071	-61.73641284439329
9445000	3.18638055169799	3.475850964917315	0.8468770261645236	0.785625328986874	0.20965300395944123	0.711303046667558	-61.98181130010007
9450000	3.22440770998494	3.438243373162018	0.725984896353476	0.792880446509528	0.23666724666730946	0.7733985324300565	-73.66090484415972
9455000	3.1912836568960534	3.8354572278464154	0.8559321939245914	0.7765016938842503	0.2396623040877299	0.8531893940237637	-74.18879480042821
9460000	3.420909593005909	3.8150905730221853	0.7185570389347828	0.7714430106885273	0.21936557187000846	0.7636002430124561	-82.56211890875167
9465000	3.2835319753784056	4.0530904478173335	0.7144910791545148	0.79745862171299	0.23130390937831222	0.8301537153625785	-76.27564302914672
9470000	3.3159148257192945	3.866711413781484	0.873521978580484	0.7856999596769279	0.20236086387101296	0.8020558246660068	-64.17734843965752
9475000	3.5607185794099427	3.614309696472878	0.7328646313854693	0.7934322875089772	0.21607988653278307	0.965229564837251	-73.7101665260592
9480000	3.4333880794424894	3.8626767720879287	0.8069536416617538	0.7824860116936933	0.213542227944263	0.7731635840980355	-79.05113891051982
9485000	3.18638055169799	4.070091237279658	0.8711178590402524	0.7650703356243748	0.28557207102224086	0.7419524747201649	-82.30486039767754
9490000	3.18638055169799	4.138624395263499	0.8258992618664784	0.7756922481504512	0.20044744703554604	0.9019241264719475	-79.1496049348008
9495000	3.269894937900957	3.551068707455831	0.8926448879159169	0.7809995008617614	0.2078963012652708	0.8793620445026485	-74.63339776624721
9500000	3.18638055169799	3.344931477419488	0.7754720638185315	0.794022296198792	0.22098986968124817	0.756591522197376	-87.26757442903624
9505000	3.18638055169799	3.2744500866298636	0.8624919917042828	0.7861496864627068	0.2416847812797265	0.9633100511241124	-79.9630168825037
9510000	3.1956115086402486	3.667483188032057	0.8138406991417536	0.7883205289906932	0.23355495395569234	0.7596640187178065	-76.29711048246628
9515000	3.3292925541436236	3.418319533561935	0.8656701791977008	0.7553191482727077	0.2210535106506945	0.7688489743944528	-88.0761173234097
9520000	3.354880577164149	3.7009168406194592	0.841434616837912	0.7741430934387546	0.27575945108210964	0.7613816511503563	-60.7068523418153
9525000	3.7307962244402963	3.8574662959181243	0.8078054543684434	0.7850660167840692	0.2102002929753367	0.7827507337599121	-75.1052285650864
9530000	3.3456637902455895	4.555166934494852	0.8143765555428607	0.7687987886901123	0.21980026209750564	0.7420256498198053	-86.77522144411665
9535000	3.2621375375818666	3.2935566853608593	0.7972663383289303	0.7753727465456142	0.2310855727401283	0.8455726600098268	-71.15915533782805
9540000	3.848253796760686	4.33347795799877	0.8627482488031031	0.7612010906178213	0.2177391701532903	0.7782612406368317	-84.3779986995921
9545000	3.568141695780577	3.633077199406113	0.7996143599393557	0.7531895322357025	0.21071043448649723	0.7219184136097907	-93.96537434586571
9550000	3.18638055169799	3.908206522605898	0.887849569908244	0.7554014060062657	0.24717114197724135	0.7930016991964781	-71.90537215668172
9555000	3.3774496988902563	3.848429271874644	0.8769137454528497	0.7696642189822618	0.20205905589705417	0.8902164349801955	-89.05672971469352
9560000	3.688276641839942	3.8716719499117622	0.8092196563844996	0.7016024713462399	0.23715351274417126	0.7801307289335438	-102.31029898885706
9565000	3.5327280458045043	3.993886009769791	0.8317455387078871	0.7926062284689114	0.20115655696400353	0.7754815348554074	-74.97300391782846
9570000	3.7401403104732625	3.9136240018121584	0.709054336425945	0.7935858892114925	0.22497366708721991	0.7580783375803274	-87.57871089171374
9575000	3.449419173203246	4.158728817791159	0.8542102450195181	0.7888627413977272	0.20647109261581129	0.7415390730960078	-62.93395341394504
9580000	3.6470968070283485	4.535898293185138	0.8122500838145532	0.7917710855277991	0.20121911561983147	0.8353094175686105	-89.05198383889612
9585000	4.107702104723695	4.300794214569827	0.8464752025623519	0.761529564916263	0.26512667759635383	0.8789194771181941	-68.0232176003729
9590000	3.8860449165573163	3.9318590614043227	0.8924224526128843	0.7694073065167886	0.20100285511570434	0.764755582795443	-79.67109200435345
9595000	3.7914148454279095	3.860067845029957	0.8396513497003795	0.7812804236777595	0.2005713311054844	0.7602888156779087	-89.57238762940821
9600000	3.4192870637668134	3.4558315094788052	0.8382855020674745	0.7824381973985012	0.23291804292880686	0.7818473052035776	-79.79915836220673
9605000	3.18638055169799	3.294167262355538	0.7473072787844053	0.7758536781558468	0.2618382698998706	0.7009880716379423	-68.95049499302698
9610000	3.430864363132117	3.5511327090096363	0.8984166021287746	0.7920654553779369	0.24443517191831116	0.7390160792963081	-50.45741742945279
9615000	3.441881318799609	3.637276752416871	0.8118273463845657	0.793399615882606	0.22024674373523523	0.7935516682678476	-64.18560810619493
9620000	3.351739610095349	3.8731229591886307	0.8425489492210273	0.7835125150439666	0.22560508671800902	0.7166274014142754	-72.96892027474254
9625000	3.3293460415749196	3.5376463788511696	0.7277545713917775	0.7901266086308637	0.23614991192208906	0.9397504639609173	-81.58930809032253
9630000	3.4849127079779643	3.746829503569272	0.7827632727303802	0.7685682795031094	0.22044020281522206	0.8986150554564588	-86.19856427891284
9635000	3.2365904557458465	3.3763373118738156	0.8791506357519421	0.7848104633254547	0.23447149621568283	0.7375402815721717	-72.5233883516716
9640000	3.195878661462877	3.394244559822556	0.8904365768506026	0.7934303383234382	0.2320118528079044	0.7070519434217425	-73.74767136180483
9645000	3.409612641582419	3.4165174020108124	0.8280139752990159	0.7767125754733414	0.2579098862685638	0.7957831122387754	-68.17235142067983
9650000	3.3704773871141462	3.4153482489438156	0.8617935177843434	0.7993990385705387	0.22232762867517994	0.8688011535360518	-52.0665923875124
9655000	3.3139115573446576	3.667763502721607	0.7395426889938729	0.7937333154334129	0.29104199685290316	0.8228126740195606	-60.016482602047205
9660000	3.56246300242476	3.8105706247068323	0.7531754785646727	0.7699648871590287	0.2009686667324934	0.8381352271591767	-86.62343588006797
9665000	3.223100010707062	3.525642397884289	0.7899657225249674	0.789163668029234	0.2254452488699784	0.946109672109951	-76.08020928375416
9670000	3.395280658148876	4.017618994106505	0.7567407541508856	0.7771405922653243	0.2210291445452172	0.7282338427408049	-67.14284978591473
9675000	3.5213418574595434	3.5463320929710176	0.8134739519072713	0.7854344220121161	0.2168169162106616	0.978768172136054	-68.0224590186036
9680000	3.2305598640702686	4.232695868530286	0.7181694729148687	0.7858686356805016	0.24994302357169926	0.7017221767771793	-81.19821649258452
9685000	3.220331516638785	3.6050029989542796	0.784604077769949	0.798364350163666	0.21799077085373073	0.7093496295904437	-68.12634676028696
9690000	3.2723749757801115	3.314048948163226	0.8411476739797942	0.7512915693670398	0.2201079303299186	0.92744528291907	-84.11322732138419
9695000	3.3173837224742053	3.510450975495149	0.8947838656181188	0.7850280209408146	0.20578292640049714	0.8625363265939813	-78.26630015758431
9700000	3.235304717824313	3.63351670952843	0.7983174974564734	0.7956532819696935	0.20239906545602956	0.8135832629492581	-63.8043364764551
9705000	3.3243973670725917	3.492242885490736	0.7188457593792597	0.7663199503096496	0.2113675399967422	0.9808495621882486	-75.14201069760895
9710000	3.244063030881843	3.3002556484602317	0.8951260108610161	0.7908189696788677	0.20963940585489077	0.8771359521231477	-66.87041167605719
9715000	3.18638055169799	3.4457406064303693	0.8902343305760037	0.7631796593561186	0.23423429019604192	0.7119305754475547	-55.908917073692784
9720000	3.18638055169799	3.603234363695222	0.7965580389978675	0.7956624076689295	0.22396336114223936	0.9045071554754454	-74.51540615609483
9725000	3.4474953932956978	3.5250034949429256	0.8985466657208525	0.7985988971599762	0.2003058236425091	0.8992728247087194	-95.3869778433212
9730000	3.798372238443437	3.809467643720139	0.7004137615263333	0.7964169641352085	0.20948494131623088	0.700387858847479	-87.98471925935726
9735000	3.2257392306907122	3.4744382877927955	0.7391333456054637	0.7998833327585237	0.2283570354512608	0.9301059414658162	-76.1101626780011
9740000	3.18638055169799	3.3428850194949327	0.7755691376260805	0.7889750105834468	0.20877760264185685	0.7856980196131083	-74.04887611355505
9745000	3.18638055169799	3.3527128125389365	0.8375366229528493	0.7807923429330642	0.267553261435285	0.7636429838229787	-59.26643116320833
9750000	3.2534498528303017	3.4354891739538598	0.8439606083158444	0.779604037774867	0.22095088966363818	0.9948721662397709	-72.13767926863551
9755000	3.18638055169799	3.254172178545769	0.8401395046669959	0.7611743657126486	0.22611267623873915	0.8755965663964775	-73.58033559809044
9760000	3.554439334602468	5.85614813015744	0.8639566749755527	0.7853127198906681	0.20876670445834586	0.713760617388918	-82.62978717903272
9765000	3.388152807887691	4.205195255469945	0.8341927321947792	0.7692273424076443	0.22466854193564878	0.7337348105402721	-91.53079967844758
9770000	3.3936129602695213	3.6275718220740374	0.7706555586758849	0.7425583884972948	0.20345493657263497	0.8093033367387907	-95.6270541667279
9775000	3.37586182843292	3.4196294465369825	0.7657823925157369	0.7963759571875012	0.2208150885403542	0.769386403986205	-99.02805932336184
9780000	3.581914906334761	3.7647506214881385	0.8710762911112614	0.7805431228188215	0.2337372166185755	0.8377394578332746	-71.73835311652141
9785000	3.6037580841727204	3.7285364697884407	0.8430541643435281	0.7581406439274017	0.2776352775461944	0.9503936119554186	-80.62121995750331
9790000	3.3604364529310886	3.4678432955512912	0.7902556620373262	0.7946092912941134	0.2010435908117144	0.8723678929959365	-66.9506672834678
9795000	3.35101832447542	3.3719510913682105	0.8114848110049321	0.7993843502144761	0.21695941324185455	0.7281055283178673	-64.06130877119469
9800000	3.18638055169799	3.2904084152027138	0.7770843750803728	0.7883322761776497	0.22817823913614274	0.7526006166894734	-78.31934123101598
9805000	3.35649167571605	3.794506492114813	0.8397436976454556	0.791818819605691	0.20814476215530717	0.9889915438543133	-71.81540349588084
9810000	3.3909852912220626	3.411334405997737	0.8183416357161127	0.7896056654181298	0.28017733976148135	0.8994109489808052	-46.08745749556895
9815000	3.469015918586666	3.9942771386526155	0.8916549174844554	0.7866238943945683	0.23241871880279094	0.7547099735160755	-77.8186582523933
9820000	3.3071920873101748	3.3370357083710083	0.8887804839561939	0.7980539078742155	0.22830159516347703	0.7897277267309856	-72.87320808034718
9825000	3.724994392724174	3.999412473595375	0.7829729486794733	0.7505663776326467	0.2127975459099433	0.9095714473055462	-86.21474181809262
9830000	3.18638055169799	3.2530005555239816	0.7810648618472633	0.781654702814721	0.2118563673845462	0.8866717765643563	-67.6455750136293
9835000	3.2660719878423317	3.5734571386067726	0.8027287049110825	0.785811483052546	0.20984896532486128	0.9057590622071175	-76.48299771396353
9840000	3.4230909288154425	3.5236087052627654	0.8527339998764134	0.7683975227483029	0.24909163328643386	0.7417187854627769	-56.460968924868915
9845000	3.6528904759817835	3.7523151411381153	0.7787624704886968	0.7983022987236005	0.222462303030195	0.8233641528826839	-79.7988831851186
9850000	4.357761995554214	6.336958611385094	0.88435745876722	0.7407227968596555	0.20115542883632992	0.7454492797349884	-94.31075545880722
9855000	3.5838513196029167	3.812568180567017	0.8805857192497561	0.7640024268850958	0.20645266398929413	0.74114427151347	-82.25299847780732
9860000	3.248017617323997	3.9281440151770424	0.836452050243589	0.7691463714474962	0.2195437654642682	0.9426167610418871	-72.20525167127539
9865000	3.5074754165967668	3.9904170101002965	0.8821685920626815	0.7907505188400358	0.2338941504885084	0.7031134435927477	-54.2428553610775
9870000	3.187199079420873	3.230347555404606	0.849543799944303	0.761596694133314	0.253284097880321	0.868927981751299	-68.12628828502409
9875000	3.3247447640414847	3.657395519569453	0.7434623630448002	0.7459204819153809	0.20962150863368445	0.890276947841392	-93.37738299353467
9880000	3.3267348575783795	3.6825514524081524	0.863714556397311	0.7973462675575702	0.22216933479436524	0.7073644853539116	-71.04639977655839
9885000	3.339098113264716	4.108567652996782	0.7927520792868474	0.7827693411619778	0.260107542780138	0.881897627736573	-86.09902102890638
9890000	3.4075562649346165	3.565103083311797	0.8594694120365599	0.7688733200186678	0.24855931801085318	0.8003396819004661	-73.5060346266877
9895000	3.7824974851170285	4.2193112319183985	0.7305916201781792	0.7549685805751665	0.23481161882357304	0.7696177396128735	-89.32498233298068
9900000	3.18638055169799	3.588486255977212	0.707826972874964	0.7247260456218153	0.30794841299336895	0.7202419779620196	-91.94895746151468
9905000	3.2462477192365795	3.5018397001223422	0.810537160007589	0.7679344211218478	0.253064392886728	0.7389727119681263	-71.01801148795508
9910000	3.18638055169799	3.2631801133459564	0.8336552302597161	0.7829920294209743	0.20478484854411205	0.9408017649979586	-70.8309292036902
9915000	3.18638055169799	3.4248639904464624	0.8821758471010048	0.7881592192283098	0.2134228413102229	0.7687922604645319	-58.039352193363676
9920000	3.3770598064056956	4.043303861089688	0.7804975607038712	0.7662115867654008	0.2184851296780292	0.8528599029980292	-87.77324690101125
9925000	3.4015771069415526	3.718533073535775	0.760246523554482	0.7907921440206852	0.2281240160020627	0.9544263387135014	-93.2158103419927
9930000	3.18638055169799	3.4747621243091054	0.8254513395772166	0.7970486590829798	0.20000252221710807	0.7310328248316593	-81.34174475264916
9935000	3.3712287055473356	3.47848969856928	0.8984271410462117	0.7991118885365605	0.20335770233172185	0.8886485993197307	-55.19186661351655
9940000	3.289545626932061	3.3775013418053152	0.8724520977537474	0.7972469420672672	0.2057192622429591	0.8634475876186746	-59.68487516123359
9945000	3.2309991727333904	3.552816813898227	0.799892896594894	0.7849265025318403	0.22720375009419552	0.7353120550621897	-79.80350302173062
9950000	3.6617143576170497	3.7100958063027036	0.8312089830282443	0.7537190017039224	0.21515318409139197	0.7738413944664699	-91.36402323139569
9955000	3.18638055169799	3.355545482434932	0.8476490823455176	0.7596445461204173	0.2667293444486732	0.7312593781418543	-66.34053322685796
9960000	3.7089618901339776	3.837189042675858	0.7841624644512198	0.7834002872067376	0.2444031541904005	0.9505814108005687	-77.33983637204705
9965000	3.629055417269665	3.8927943024417564	0.8144178577138479	0.7541363704392641	0.2000280072610321	0.7862937241583026	-83.49527649537157
9970000	3.456123049300422	3.6880854703393635	0.7904786078715998	0.764663839226646	0.22884756346236781	0.7458168965598232	-75.09713904609887
9975000	3.6446646177710336	3.757283184773654	0.8821409061635214	0.7602016927651809	0.25920749394661075	0.9023286714820665	-87.23801779355071
9980000	3.4636348304402196	3.7114937953733076	0.7784694271965719	0.7878270534859354	0.23224612250470314	0.9663314915786045	-83.10556883302328
9985000	3.5352172869282836	3.673529838258653	0.7624393483664041	0.7661151336909995	0.22699131036769793	0.7805931238073915	-93.49561106858826
9990000	3.537818993545992	3.649846485717156	0.808270910996433	0.7824260191241327	0.22202257802702793	0.7664657170406217	-95.68155375932261
9995000	3.6829589510630103	4.065865336302481	0.7466385894974517	0.7490140772627749	0.26557542638303694	0.7041314875527498	-79.11395666520244
10000000	3.2774662094588742	3.545710193013329	0.8221227635050375	0.779422405309272	0.2232273489633642	0.7423148775260479	-71.2349125347896
