#
#model:
#
#<?xml version="1.0" encoding="UTF-8" standalone="no"?><input id="posterior" spec="beast.base.inference.CompoundDistribution">
#    <distribution id="prior" spec="beast.base.inference.CompoundDistribution">
#        <distribution id="birthDeath" spec="ssr.speciation.SRangesBirthDeathSkylineModel">
#            <parameter id="RealParameter" lower="0.0" name="intervalTimes" spec="beast.base.inference.parameter.RealParameter" upper="0.0">0.0</parameter>
#            <parameter id="origin" lower="0.0" name="origin" spec="beast.base.inference.parameter.RealParameter">275.444019306972</parameter>
#            <removalProbability id="Function$Constant" spec="beast.base.core.Function$Constant" value="0.0"/>
#            <parameter id="rho" lower="0.0" name="rho" spec="beast.base.inference.parameter.RealParameter">0.956510979239829</parameter>
#            <parameter id="samplingProportion" lower="0.0" name="samplingProportion" spec="beast.base.inference.parameter.RealParameter">0.325066027138382</parameter>
#            <parameter id="netDiversification" lower="0.0" name="netDiversification" spec="beast.base.inference.parameter.RealParameter">0.717926333239302</parameter>
#            <parameter id="turnOver" lower="0.0" name="turnOver" spec="beast.base.inference.parameter.RealParameter" upper="1.0">0.743189073819667</parameter>
#            <tree id="tree" nodetype="sr.evolution.tree.SRNode" spec="sr.evolution.tree.SRTree">
#                <stratigraphicRange id="r0" spec="sr.evolution.sranges.StratigraphicRange">
#                    <firstOccurrence id="t38_first" spec="beast.base.evolution.alignment.Taxon"/>
#                    <lastOccurrence idref="t38_first"/>
#                </stratigraphicRange>
#                <stratigraphicRange id="r1" spec="sr.evolution.sranges.StratigraphicRange">
#                    <firstOccurrence id="t12_first" spec="beast.base.evolution.alignment.Taxon"/>
#                    <lastOccurrence idref="t12_first"/>
#                </stratigraphicRange>
#                <stratigraphicRange id="r2" spec="sr.evolution.sranges.StratigraphicRange">
#                    <firstOccurrence id="t15_first" spec="beast.base.evolution.alignment.Taxon"/>
#                    <lastOccurrence idref="t15_first"/>
#                </stratigraphicRange>
#                <stratigraphicRange id="r3" spec="sr.evolution.sranges.StratigraphicRange">
#                    <firstOccurrence id="t5_first" spec="beast.base.evolution.alignment.Taxon"/>
#                    <lastOccurrence idref="t5_first"/>
#                </stratigraphicRange>
#                <stratigraphicRange id="r4" spec="sr.evolution.sranges.StratigraphicRange">
#                    <firstOccurrence id="t17_first" spec="beast.base.evolution.alignment.Taxon"/>
#                    <lastOccurrence idref="t17_first"/>
#                </stratigraphicRange>
#                <stratigraphicRange id="r5" spec="sr.evolution.sranges.StratigraphicRange">
#                    <firstOccurrence id="t7_first" spec="beast.base.evolution.alignment.Taxon"/>
#                    <lastOccurrence idref="t7_first"/>
#                </stratigraphicRange>
#                <stratigraphicRange id="r6" spec="sr.evolution.sranges.StratigraphicRange">
#                    <firstOccurrence id="t20_first" spec="beast.base.evolution.alignment.Taxon"/>
#                    <lastOccurrence idref="t20_first"/>
#                </stratigraphicRange>
#                <stratigraphicRange id="r7" spec="sr.evolution.sranges.StratigraphicRange">
#                    <firstOccurrence id="t35_first" spec="beast.base.evolution.alignment.Taxon"/>
#                    <lastOccurrence idref="t35_first"/>
#                </stratigraphicRange>
#                <stratigraphicRange id="r8" spec="sr.evolution.sranges.StratigraphicRange">
#                    <firstOccurrence id="t37_first" spec="beast.base.evolution.alignment.Taxon"/>
#                    <lastOccurrence idref="t37_first"/>
#                </stratigraphicRange>
#                <stratigraphicRange id="r9" spec="sr.evolution.sranges.StratigraphicRange">
#                    <firstOccurrence id="t16_first" spec="beast.base.evolution.alignment.Taxon"/>
#                    <lastOccurrence idref="t16_first"/>
#                </stratigraphicRange>
#                <stratigraphicRange id="r10" spec="sr.evolution.sranges.StratigraphicRange">
#                    <firstOccurrence id="t29_first" spec="beast.base.evolution.alignment.Taxon"/>
#                    <lastOccurrence idref="t29_first"/>
#                </stratigraphicRange>
#                <stratigraphicRange id="r11" spec="sr.evolution.sranges.StratigraphicRange">
#                    <firstOccurrence id="t33_first" spec="beast.base.evolution.alignment.Taxon"/>
#                    <lastOccurrence idref="t33_first"/>
#                </stratigraphicRange>
#                <stratigraphicRange id="r12" spec="sr.evolution.sranges.StratigraphicRange">
#                    <firstOccurrence id="t25_first" spec="beast.base.evolution.alignment.Taxon"/>
#                    <lastOccurrence idref="t25_first"/>
#                </stratigraphicRange>
#                <stratigraphicRange id="r13" spec="sr.evolution.sranges.StratigraphicRange">
#                    <firstOccurrence id="t27_first" spec="beast.base.evolution.alignment.Taxon"/>
#                    <lastOccurrence idref="t27_first"/>
#                </stratigraphicRange>
#                <stratigraphicRange id="r14" spec="sr.evolution.sranges.StratigraphicRange">
#                    <firstOccurrence id="t30_first" spec="beast.base.evolution.alignment.Taxon"/>
#                    <lastOccurrence idref="t30_first"/>
#                </stratigraphicRange>
#                <stratigraphicRange id="r15" spec="sr.evolution.sranges.StratigraphicRange">
#                    <firstOccurrence id="t9_first" spec="beast.base.evolution.alignment.Taxon"/>
#                    <lastOccurrence idref="t9_first"/>
#                </stratigraphicRange>
#                <stratigraphicRange id="r16" spec="sr.evolution.sranges.StratigraphicRange">
#                    <firstOccurrence id="t21_first" spec="beast.base.evolution.alignment.Taxon"/>
#                    <lastOccurrence idref="t21_first"/>
#                </stratigraphicRange>
#                <stratigraphicRange id="r17" spec="sr.evolution.sranges.StratigraphicRange">
#                    <firstOccurrence id="t36_first" spec="beast.base.evolution.alignment.Taxon"/>
#                    <lastOccurrence idref="t36_first"/>
#                </stratigraphicRange>
#                <stratigraphicRange id="r18" spec="sr.evolution.sranges.StratigraphicRange">
#                    <firstOccurrence id="t3_first" spec="beast.base.evolution.alignment.Taxon"/>
#                    <lastOccurrence idref="t3_first"/>
#                </stratigraphicRange>
#                <stratigraphicRange id="r19" spec="sr.evolution.sranges.StratigraphicRange">
#                    <firstOccurrence id="t28_first" spec="beast.base.evolution.alignment.Taxon"/>
#                    <lastOccurrence idref="t28_first"/>
#                </stratigraphicRange>
#                <stratigraphicRange id="r20" spec="sr.evolution.sranges.StratigraphicRange">
#                    <firstOccurrence id="t11_first" spec="beast.base.evolution.alignment.Taxon"/>
#                    <lastOccurrence idref="t11_first"/>
#                </stratigraphicRange>
#                <stratigraphicRange id="r21" spec="sr.evolution.sranges.StratigraphicRange">
#                    <firstOccurrence id="t24_first" spec="beast.base.evolution.alignment.Taxon"/>
#                    <lastOccurrence idref="t24_first"/>
#                </stratigraphicRange>
#                <stratigraphicRange id="r22" spec="sr.evolution.sranges.StratigraphicRange">
#                    <firstOccurrence id="t13_first" spec="beast.base.evolution.alignment.Taxon"/>
#                    <lastOccurrence idref="t13_first"/>
#                </stratigraphicRange>
#                <stratigraphicRange id="r23" spec="sr.evolution.sranges.StratigraphicRange">
#                    <firstOccurrence id="t39_first" spec="beast.base.evolution.alignment.Taxon"/>
#                    <lastOccurrence idref="t39_first"/>
#                </stratigraphicRange>
#                <stratigraphicRange id="r24" spec="sr.evolution.sranges.StratigraphicRange">
#                    <firstOccurrence id="t6_first" spec="beast.base.evolution.alignment.Taxon"/>
#                    <lastOccurrence idref="t6_first"/>
#                </stratigraphicRange>
#                <stratigraphicRange id="r25" spec="sr.evolution.sranges.StratigraphicRange">
#                    <firstOccurrence id="t18_first" spec="beast.base.evolution.alignment.Taxon"/>
#                    <lastOccurrence idref="t18_first"/>
#                </stratigraphicRange>
#                <stratigraphicRange id="r26" spec="sr.evolution.sranges.StratigraphicRange">
#                    <firstOccurrence id="t42_first" spec="beast.base.evolution.alignment.Taxon"/>
#                    <lastOccurrence idref="t42_first"/>
#                </stratigraphicRange>
#                <stratigraphicRange id="r27" spec="sr.evolution.sranges.StratigraphicRange">
#                    <firstOccurrence id="t32_first" spec="beast.base.evolution.alignment.Taxon"/>
#                    <lastOccurrence idref="t32_first"/>
#                </stratigraphicRange>
#                <trait id="dateTrait.t:tree" spec="beast.base.evolution.tree.TraitSet" traitname="date-backward">
#                    t38_first=0, t12_first=0, t15_first=0, t5_first=0, t17_first=0, t7_first=0, t20_first=0, t35_first=0, t37_first=0, t16_first=0, t29_first=0, t33_first=0, t25_first=0, t27_first=0, t30_first=0, t9_first=0, t21_first=0, t36_first=1.75122189433234, t3_first=0, t28_first=0, t11_first=0.361556252063723, t24_first=0, t13_first=0, t39_first=0, t6_first=0, t18_first=0, t42_first=0.52109718784263, t32_first=2.24951299447833
#                                    <taxa id="taxonSet" spec="beast.base.evolution.alignment.TaxonSet">
#                        <taxon idref="t38_first"/>
#                        <taxon idref="t12_first"/>
#                        <taxon idref="t15_first"/>
#                        <taxon idref="t5_first"/>
#                        <taxon idref="t17_first"/>
#                        <taxon idref="t7_first"/>
#                        <taxon idref="t20_first"/>
#                        <taxon idref="t35_first"/>
#                        <taxon idref="t37_first"/>
#                        <taxon idref="t16_first"/>
#                        <taxon idref="t29_first"/>
#                        <taxon idref="t33_first"/>
#                        <taxon idref="t25_first"/>
#                        <taxon idref="t27_first"/>
#                        <taxon idref="t30_first"/>
#                        <taxon idref="t9_first"/>
#                        <taxon idref="t21_first"/>
#                        <taxon idref="t36_first"/>
#                        <taxon idref="t3_first"/>
#                        <taxon idref="t28_first"/>
#                        <taxon idref="t11_first"/>
#                        <taxon idref="t24_first"/>
#                        <taxon idref="t13_first"/>
#                        <taxon idref="t39_first"/>
#                        <taxon idref="t6_first"/>
#                        <taxon idref="t18_first"/>
#                        <taxon idref="t42_first"/>
#                        <taxon idref="t32_first"/>
#                    </taxa>
#                </trait>
#                <taxonset idref="taxonSet"/>
#            </tree>
#        </distribution>
#        <prior id="originPrior" name="distribution" x="@origin">
#            <Uniform id="Uniform.origin" lower="1.0" name="distr" upper="1000.0"/>
#        </prior>
#        <prior id="netDiversificationPrior" name="distribution" x="@netDiversification">
#            <Uniform id="Uniform.div" lower="0.7" name="distr" upper="0.9"/>
#        </prior>
#        <prior id="turnoverPrior" name="distribution" x="@turnOver">
#            <Uniform id="Uniform.turnover" lower="0.2" name="distr" upper="0.8"/>
#        </prior>
#        <prior id="samplingProportionPrior" name="distribution" x="@samplingProportion">
#            <Uniform id="Uniform.samplingProportion" lower="0.2" name="distr" upper="0.8"/>
#        </prior>
#        <prior id="rhoPrior" name="distribution" x="@rho">
#            <Uniform id="Uniform.rho" lower="0.7" name="distr"/>
#        </prior>
#    </distribution>
#</input>
#
Sample	TreeHeight	origin	netDiversification	turnOver	samplingProportion	rho	posterior
0	4.709234195487302	275.444019306972	0.7314205742988663	0.3823122074840809	0.3443862646471981	0.956510979239829	-344.95735939328347
5000	7.1385944470618385	18.785944352350306	0.7381700449874544	0.2147563851202266	0.2763188003320645	0.7426726835728161	-72.28171339639815
10000	4.182069606757015	4.290159552888735	0.7597778772123579	0.3694773276788902	0.20194451279860676	0.728450474143028	-63.09393102670867
15000	4.657830018461333	6.8054934657761015	0.7602640957793688	0.3754652235345537	0.31437971104253365	0.9214883450157443	-59.39807109554225
20000	2.736768602566398	3.308236829042329	0.7527683353478729	0.4979426658913213	0.25033843203755424	0.764995596990569	-49.135640882331266
25000	2.410678351651378	4.920412467975625	0.7266216210215874	0.31757790806963426	0.35156033997930175	0.8528612249123638	-44.186295928380446
30000	3.937914138054032	4.657842577596074	0.7735633049432032	0.2193580794686601	0.27138986981480556	0.7030352586960912	-55.977305969058335
35000	2.2821191516000696	3.631149352982748	0.8092641548273241	0.4479871294337512	0.25269694633933887	0.7863283600135333	-37.100242767424206
40000	2.495936875267621	3.4883515206864018	0.8129978385043486	0.5297902218532216	0.22260158767053032	0.9292615274084469	-36.598321338060835
45000	6.2544607377334955	6.662453476796952	0.7218147784624808	0.31312580185870575	0.36549393154124116	0.7117927099613174	-57.17871810033901
50000	2.365880883693126	2.487434575123074	0.8165237363606282	0.5750752753833369	0.2612117769512444	0.9373502693298676	-36.7207446976012
55000	3.16085302179087	3.77641826240433	0.8658836405959698	0.2340758569858524	0.20992886366716482	0.7953688475443067	-51.5624232099142
60000	2.776010083382794	5.439823440493206	0.8685516725027165	0.5614844952810865	0.2438733750672118	0.7263021891537523	-43.165168703236674
65000	3.863975844739572	4.0544363927377445	0.734429356454585	0.2770591224278475	0.21622189562674932	0.7349495390222468	-61.31350912169135
70000	3.7214826971905337	4.677821332692556	0.795033680695772	0.27051730087260256	0.3062063802825015	0.9051906712899609	-54.12411966801449
75000	2.9743000468602716	3.4271922268327346	0.7256178306019897	0.553743430288534	0.34452764886176757	0.7556755141517877	-40.28218352119055
80000	3.3746630387313195	4.889717470882279	0.7480261291970425	0.3367170325325009	0.3312576674695568	0.7755239209065139	-48.24714034641983
85000	4.901817128534126	5.211775434665705	0.795493435183962	0.3321376334951739	0.2599242716763033	0.9215796614532997	-56.51422891148255
90000	3.660630497529533	4.5538620688304485	0.728485874844174	0.2218830170314978	0.4110534447057366	0.9189727330526704	-50.966265611106216
95000	2.496501977777314	2.855531299162773	0.8673130383946535	0.5205639357959942	0.28793458973962455	0.9869893756077265	-24.392626351286733
100000	3.167463537312367	3.260621398356525	0.768810450060183	0.41643203287920005	0.21072578490867236	0.9590770128707578	-36.84344650931772
105000	3.310108397004238	4.298579074214044	0.7012609618551301	0.3956470990646102	0.2636028605579178	0.8441295902159862	-47.69282674428591
110000	2.5131878839080377	3.1596125492129787	0.8461765448781727	0.37001008467983704	0.37432193519194173	0.8691635023708196	-39.93774825137557
115000	3.468210875365723	4.0768468470184	0.7708296529001999	0.528350609610385	0.23100473640490554	0.8594119751751242	-40.79309248615505
120000	3.0690122271495195	3.8676100996697524	0.7080202164479809	0.344520755954	0.4112362177351923	0.8813466645587908	-49.596324414581325
125000	2.24951299447833	2.719016453597271	0.7803358755518913	0.4924855641238367	0.2491804185372081	0.8342175637921215	-31.817676724396698
130000	3.2108079071426765	3.2700732915337163	0.7615878721769168	0.5207502501654332	0.25307516427030924	0.838773801995789	-38.638416631468424
135000	2.7914134504774846	2.906402223430736	0.7574687711294184	0.5271538145460447	0.2980952051957966	0.7879939449688319	-39.2812151831682
140000	3.887640343156879	4.898625182923337	0.7783605417149034	0.5842986532238701	0.2160075666313167	0.9996041999604236	-42.29692700636551
145000	3.6033260843813046	3.818137094759981	0.705183926687781	0.40558854035697006	0.21386746097699935	0.7568107428151871	-56.07814024505864
150000	2.3813655814602512	2.431417020526663	0.8833728101205194	0.2994435623766086	0.3371831222987977	0.8773277227269328	-40.669072765847496
155000	4.145637498144502	4.5145777948910535	0.7437664635357337	0.3823646720280285	0.2500893475346173	0.7817765553311048	-51.20101647395495
160000	2.5573023199390166	4.39063351970018	0.892447440368054	0.36898852247459074	0.25920338210488914	0.9034435946664436	-37.43310522822567
165000	5.019313809393634	5.0586520360998986	0.8134131073159152	0.21176196291020574	0.2740353268914718	0.8335647108042904	-53.42489622649484
170000	2.5880405645703273	4.663469623398717	0.8569729620029994	0.3419551095961611	0.3852789297007737	0.97876054816594	-45.66451267105535
175000	2.26471702812379	2.895317463850566	0.8335836701352686	0.512430444845508	0.2273124250080827	0.8954372452611801	-26.251515165122136
180000	2.639262557083514	2.7202253551363746	0.7473618792446758	0.619978424388145	0.3009629173072105	0.8810607149172661	-40.44788725161332
185000	2.8285403954097936	4.098031952227839	0.7362666187734291	0.28128005589293176	0.33951280076383394	0.7424604789781163	-50.153878584286964
190000	3.2746651926590684	3.358333885044647	0.7173956982172224	0.4608858083289642	0.2445745786272632	0.7394775471704635	-60.184067889909066
195000	2.8493686784518975	3.558947050678301	0.7502850135775041	0.4610987347776762	0.26995447237310033	0.7794631844949645	-47.4226195390459
200000	2.49237252933272	3.9746103057575746	0.7701115607974837	0.3356797518254968	0.3856053246440127	0.8937270820682288	-50.11962828280956
205000	2.4870005880564983	4.338869451747879	0.8144825735751571	0.2720793655917703	0.33240674977279894	0.8374136271583179	-48.06642309833729
210000	2.788170199369349	3.810967514871505	0.8825753119353975	0.31832671836448834	0.221816673788579	0.7355991553372361	-47.116659744695404
215000	3.230938959236378	3.9336087703451557	0.7019398266238719	0.3867024018899428	0.23172435820177062	0.8833968005371089	-54.371002181886624
220000	2.8358762577337373	3.0510625637610786	0.8952623769536019	0.435381687066817	0.233769644853589	0.732748982478561	-34.06583667156202
225000	3.0647144924159377	3.3046788013207795	0.8907674991574633	0.34154733367131146	0.2094669374933215	0.8442516842026735	-47.69235070130173
230000	2.6742880205372317	2.8718374130299016	0.76922995875158	0.407845451068461	0.25773309265870775	0.8350369175380264	-45.59675344003793
235000	2.8416025072250823	3.710975952071322	0.7723046529499168	0.24229440110794512	0.4232534242971345	0.7391732308156683	-53.50416709064019
240000	3.0893850413612847	5.581880296664891	0.8512643197925271	0.20628943488356005	0.23066504217566564	0.9630129492273032	-62.5449244842671
245000	3.770536467754722	3.969057562929136	0.7098783988300006	0.5159967018102273	0.20825739439741034	0.7898385389070555	-56.71541971233287
250000	3.146207256814686	3.960632346150202	0.7140828378202811	0.2783113527036797	0.42893112773766323	0.7273182850813943	-52.79463718901178
255000	2.992476406892113	3.634605232916343	0.707338122993572	0.3902620652287778	0.27151225146737257	0.7546741220859403	-46.30428980250392
260000	3.772422836039823	4.335852664121605	0.73635561972904	0.4596018335631815	0.25031764976463705	0.7056892483783022	-47.295956611051196
265000	3.9894805679320013	6.051783471132948	0.7512191579115312	0.20528525596126518	0.48360576784032044	0.7678958027844539	-63.783284225558596
270000	2.6727544291203102	4.082902039681986	0.8512372321679116	0.2938641550250903	0.21606900509581878	0.7665987404650328	-40.41710872191202
275000	3.8116096097582197	4.851752601646445	0.7822633209359637	0.2437629002660339	0.4239456646032947	0.7487203787138239	-54.89947972980694
280000	2.860034845798665	3.3051469925961605	0.8068371230471673	0.3997259336273539	0.26664236380926865	0.75237550633426	-42.102519826835724
285000	2.909223814787642	3.568127742060521	0.8759198068396542	0.3621747322965921	0.2788803738298586	0.741989236600698	-42.43074205334695
290000	3.005582806706001	3.70621340360052	0.8069441359903615	0.28635309472875237	0.31769508818542913	0.864297608781247	-48.84230585923313
295000	3.13078684701368	5.51491615718708	0.8598026897823361	0.23311548242156813	0.3552216022971762	0.7474782106006321	-50.23047790178597
300000	3.503109807908982	4.639764777187501	0.7933618077959652	0.3583642105054639	0.20643970180833396	0.8698453671797868	-51.54478092597669
305000	2.847022327763477	4.1279633763756465	0.8122952796311104	0.28916850178344433	0.32852515284157996	0.8873170517202745	-53.85006310641813
310000	3.2230741009661035	5.4889444968171786	0.7932548822373171	0.45565604548826444	0.22965618770162158	0.7343921277336549	-47.557080997617575
315000	2.8866401044495356	2.8948215175274172	0.8951481987039697	0.37396270300776396	0.24982443962168477	0.7840018336408207	-42.651236520344916
320000	2.980259939654499	3.4631431193584907	0.8820119440631031	0.3890409369771288	0.23476465852486791	0.7505129036061372	-46.07385385693023
325000	2.697224141912694	4.308953086183313	0.7236399167990317	0.4341650906802275	0.22282658167399416	0.8054689610087733	-56.75219775206627
330000	2.3775529886815128	2.8121969229796866	0.8868129439535044	0.3237556969271545	0.24157593518811346	0.7774211933934518	-41.704365818851
335000	3.3514763945384485	3.840315918233824	0.7594057080157925	0.2366907278478951	0.4753544719758578	0.8919379067319393	-49.37855748102612
340000	2.9013749697327715	3.7402166284632172	0.7772225941313973	0.31571381872630344	0.2665860648458077	0.8121218438824908	-55.049574703269506
345000	2.5042139091616415	2.942713267512857	0.8822044726333435	0.36305331593781304	0.2082641818753373	0.7801155103671334	-42.21767451729848
350000	3.4072444254983423	4.701902817797508	0.8647710458436806	0.3470556589166521	0.3070295375685697	0.7321856636838338	-49.0459452529062
355000	3.590051251415665	4.001644291945293	0.8210369338769972	0.3700658638406471	0.20354587166879398	0.8164250322020522	-51.46123842010544
360000	3.8660227601152357	5.178123421602222	0.8977219375258243	0.36254616828160385	0.21719935278900204	0.7630852440567667	-50.26290283554607
365000	4.52507106669016	5.567068208026633	0.800251961827025	0.23761469785452255	0.27096936655654963	0.7141847918332811	-52.17276517985472
370000	3.6672524820676644	7.000879835945094	0.7037659696908412	0.36602207867102116	0.20548871676344385	0.7532948518624157	-56.951572003486234
375000	2.6995658064827763	3.6045087571222867	0.7115124672146259	0.26512942855965227	0.37609186355558466	0.7091535619774246	-53.850184121396296
380000	2.9874238274760474	4.080778270633008	0.8505768825389513	0.2510702584659384	0.35208380411827295	0.7142818343848102	-53.4841006425344
385000	2.465475632403804	5.184878724908184	0.7680995337658387	0.4414505163850665	0.25454477097184564	0.9485722762537878	-44.1434735131594
390000	3.285953613474592	4.630976188877793	0.7224257522505019	0.34714590805402945	0.2612286597545625	0.8380138358342009	-48.25282380710324
395000	3.1751420191332773	3.3841808686310837	0.8924213575329577	0.45265460237479516	0.274435451197844	0.8706270212709174	-34.139807215793645
400000	2.7399538258202734	4.603721098881121	0.7970902950646779	0.3613318478042955	0.30042266358291037	0.7569738831034556	-44.35504545482006
405000	2.24951299447833	3.893039972854197	0.7964362092527087	0.5188102027547172	0.2345710759257262	0.8582624170457397	-36.886079017889934
410000	2.817338881252658	2.983314868536011	0.8976079818346843	0.3319119669564803	0.2742546173172398	0.8280681351313297	-41.67583413590763
415000	4.417262323353839	4.98352843135847	0.7003499629051454	0.33997437478678105	0.2635384060726762	0.7213592146541866	-57.22099703180224
420000	3.318651014464348	4.687694117630154	0.7017974778732043	0.3157679039493628	0.30295361055963543	0.9132215736738566	-52.55362024433635
425000	3.8191390996281194	5.0352373996421305	0.8991188661711622	0.3536685250056286	0.22809547221297868	0.7477057857503532	-47.63665228245675
430000	2.372855516052493	4.543011952225415	0.840584187933517	0.36004525862882963	0.23546682034919844	0.7520053273008267	-47.12029398636497
435000	2.819167332595307	3.2388842703822855	0.7588959016082473	0.5052194940121383	0.21317959383616672	0.7166722879805244	-48.63669214682165
440000	4.067179182086283	4.558002292885169	0.8734836398495855	0.22239972243025846	0.2947193528980039	0.7464942746156166	-55.30576397113503
445000	2.5845551178121173	2.8992080152802218	0.8263647959262395	0.6211152284175602	0.23489707356966438	0.9203062213954171	-38.26347029660619
450000	3.328776145372027	4.130644790712863	0.8052242423587314	0.3823350879424413	0.26139772825033053	0.8364068288031435	-42.37197771125567
455000	2.24951299447833	2.4228018694166096	0.8809906024629468	0.4980288312768876	0.25748876344220295	0.7327564171551665	-35.77019646748223
460000	2.5913359273805203	3.6094636742197883	0.8820229036616414	0.4040336676265929	0.24892640911117128	0.7077338711245241	-42.08640713376772
465000	2.712161161531801	3.659589512442006	0.8512532231431451	0.4662460118019211	0.20724799260524115	0.7515721578686773	-40.74454951348853
470000	2.911234848502583	3.1051394625597455	0.896840857891375	0.43397946146502475	0.26668730353132486	0.7706972934131449	-43.11475355330098
475000	2.597915531353407	3.6557108959396096	0.7911281353117045	0.4455182079934513	0.41556347902509605	0.9913925766416014	-47.748570887538
480000	2.24951299447833	2.4442729435765345	0.823380872712162	0.5357530345123477	0.20803475639780855	0.770541731001624	-41.629778280088644
485000	2.665551649499685	4.13603830009133	0.8047501496012351	0.4888106774771682	0.20153139905073536	0.8375835149265838	-37.57119910007604
490000	3.461365777313031	3.9349789663232295	0.7435080117508812	0.3040685381025969	0.35093102710219065	0.73020229727282	-54.427400925609774
495000	3.322070316563958	4.819299235379207	0.7291016129231054	0.27745699416552916	0.2934481584086062	0.7521175600144987	-55.149693103709424
500000	2.761628393064478	3.7304566026068158	0.8421047408020357	0.3875743939031047	0.2016332587139333	0.9178851362746046	-47.61806124809191
505000	2.610694573979346	2.713975579274292	0.8991408828487202	0.4244891880522564	0.2058454305620007	0.764238568821219	-42.67924433649054
510000	2.819685024230769	4.112753615343617	0.7448170880627156	0.363786737720263	0.23989937633653685	0.7507176231673857	-53.36114699226041
515000	2.8724534961227324	3.0144252399774234	0.8588111732330267	0.26676330631818373	0.2621976011931932	0.7470193158993651	-49.60454603005827
520000	3.7476455423409507	4.157293476177116	0.8071187549608714	0.27725251725923644	0.32090267028617725	0.8555118131411414	-48.34996421625065
525000	2.477503457644766	2.809370841080355	0.8024188894032289	0.2548725294706603	0.3692130261198382	0.7815939465805788	-45.39151387479585
530000	4.9022077349774476	5.979356294925054	0.7081985462365039	0.36626220963198436	0.22353081050138585	0.9538997752538974	-57.781492880080414
535000	3.190469252269732	3.717849311785998	0.7389079069529634	0.4106938567763245	0.290117485171186	0.8955048859218844	-41.5972024902458
540000	3.655162985240158	4.561504305503499	0.8739447773109159	0.34060378710575023	0.264923349472657	0.7253311244401683	-53.57086208130072
545000	2.6405052448859294	6.811601125405156	0.8542109328411792	0.25517552689228384	0.2877879375606371	0.9504213056906258	-52.374525368294734
550000	4.882602810979121	6.054480091534384	0.7982995430136033	0.33379145828589624	0.2223592663558649	0.8218045648545009	-56.59348674628887
555000	2.9675913939962126	3.163437252794291	0.7461657686649554	0.5544137832921533	0.2229207785394943	0.9314787517127869	-31.419326509801188
560000	3.704200087761082	4.401843010081599	0.7376649301940623	0.40192598275386976	0.2097195955039807	0.8303385901854732	-49.00221305564159
565000	3.321791370172193	3.9834690426924553	0.798237243102303	0.5187317918658557	0.20598212083855796	0.7857337015107979	-46.68249953776807
570000	3.990290792848742	4.146964070113509	0.8353854062767746	0.35003737165108223	0.2009406904082772	0.7833581711667205	-48.77810413078906
575000	2.8589987355828326	2.915298037187376	0.7057113766199278	0.6670788063909152	0.21916627916318093	0.9899305573737549	-35.38227821899455
580000	2.499688718121558	2.603987348657891	0.8998925173379655	0.36405555544507967	0.24554639400557635	0.8487995219731307	-32.23570457123004
585000	2.551758868315481	3.1417806024127946	0.8778439258723613	0.28763656359354706	0.24851792709776968	0.9323813618207737	-40.35064845058304
590000	2.6995790854851927	4.466008594535919	0.8876772121049233	0.3215870207190297	0.23345325644842074	0.7801148679718125	-53.32958363036357
595000	2.809191260032853	4.516985694903547	0.8497438873136043	0.3622782167227324	0.29112212463300774	0.7745315781186937	-47.93461443095599
600000	3.74054807774957	4.18317567773636	0.7085553806070317	0.487278380433333	0.2939975590637773	0.7866368464701983	-51.32150487044571
605000	3.5742430228879587	5.418535656969001	0.7769952169652069	0.2954212245026414	0.28974196227791205	0.9685258572181099	-52.78199230004686
610000	3.2210316994835106	3.2494780439568296	0.7047664822314545	0.2614026855932858	0.3074029164910761	0.7019252434948918	-50.17911572622051
615000	3.701778099865733	3.874071824511623	0.7860057597316121	0.24439646228488332	0.34575564549924814	0.8197289611096272	-54.523741663467455
620000	3.1742502073510654	3.372252194165081	0.7185535224081591	0.3602761749049641	0.2263142184712511	0.859819745695507	-52.041343845168505
625000	2.325336499771197	2.409105714620725	0.8794027504054055	0.6987687182760196	0.2840257029216356	0.9437317434652801	-30.437710207546612
630000	4.465832761961081	4.793007613557852	0.807775259281444	0.2836556701525242	0.3069377830528861	0.7108544399510202	-55.42815817714439
635000	4.0063792420005	4.552675547012014	0.8799401534915577	0.28613336844647136	0.3036802653784775	0.7554161319575393	-59.73239771342942
640000	2.7668917229330448	4.314899901699689	0.8968231290967967	0.24675646103719617	0.22020747522626238	0.7711449541283882	-45.481677675918256
645000	2.98861551262316	3.0125062341671516	0.7387526645541136	0.23794453442580987	0.5018747660940155	0.7291617733459088	-48.86052577220187
650000	2.4770405522309624	3.7953501979823145	0.8791719837514655	0.4581078181488944	0.2233847886914645	0.736164102268349	-39.73746751727925
655000	2.24951299447833	2.6890795881425715	0.7289827605735997	0.5341266479523039	0.24007899714938816	0.9078651363699846	-40.33286189528912
660000	3.7036037909317168	5.376400862572064	0.7623235502036912	0.31524743320096543	0.2827080274044261	0.8655315310776555	-59.1646635473643
665000	3.4152363425256813	3.5162512484729254	0.7318369641876078	0.40952008929824957	0.25192615177727085	0.7532647603298127	-51.72701781854235
670000	3.0175501306514	3.5550631579724463	0.8815775604050112	0.40732010294169224	0.20893768178931546	0.7571493883315759	-40.53811170248713
675000	2.819539467409144	4.162173736715316	0.7696971420656317	0.27358071407828016	0.2962833519079173	0.8871183892150046	-48.55649973922016
680000	3.141598394375361	5.631255955013858	0.7488290280619071	0.3598040586293218	0.36648489200296963	0.8342575864806985	-55.18975527042971
685000	2.624471040209028	4.477086765413994	0.7080318235468986	0.2966206559373249	0.22970423168897133	0.8758399100976675	-48.94364265081747
690000	3.9086246294497218	4.036004867935424	0.7365446727383935	0.27651765431491565	0.3126330061090291	0.8129027903463314	-59.27105943333838
695000	2.7913976337509836	3.0899436794294943	0.7905439738785829	0.6032011933358286	0.23232932169752282	0.7275214326842514	-48.10630391068565
700000	2.24951299447833	2.5301534168082496	0.8271733372035012	0.463329850798861	0.21927451158772246	0.9123529626551489	-35.010845666612774
705000	2.9036419928292845	2.9083746906643255	0.854751457273357	0.26798846860125397	0.2526097225409589	0.7557280188894366	-46.350176055217084
710000	3.294981701536007	3.342505830011705	0.7027729405896167	0.2726922123585662	0.3015078520739364	0.839277743909547	-59.56484386986926
715000	5.262228493037081	5.713080655856785	0.7154850591984878	0.36509822790163715	0.3342015725948232	0.9050737039487524	-61.15386923456864
720000	3.4565634781806387	3.6064380211573046	0.7921108751112438	0.22261384864837994	0.3568960833587707	0.7945723756044386	-59.40645164951611
725000	3.0560112169291123	3.091484069235784	0.8209026815346618	0.22851900900047764	0.31201935318487434	0.7137997471061764	-52.184648157582366
730000	2.9651716819318725	5.029041362370543	0.7565956155242086	0.33252777051158716	0.3119281438231901	0.82224160647	-54.920754221824794
735000	2.6867596071985846	3.32258639664327	0.745040446805031	0.22470891699997214	0.28281780154742125	0.7348098092772024	-44.97345380408973
740000	2.7713968228889145	2.8450273708659757	0.7272335054545985	0.6063276464665389	0.20384022371912067	0.7739833260366512	-38.63373329851528
745000	4.338522835500216	5.261304321899385	0.8261634280141199	0.2723115794087729	0.25838581246410963	0.8029005328582445	-57.323688813358835
750000	3.359498878857505	4.868617757147069	0.734705538247964	0.20987745011027806	0.2802236491612436	0.7082149037482602	-51.81043207477342
755000	2.4929692650890614	2.579922135769027	0.7837212662757524	0.6104162461674046	0.20061544363888487	0.8196627183778066	-26.18590398714879
760000	3.745074642448603	6.806637754762643	0.7781264420140143	0.5018136111058942	0.2234035221134313	0.8825194533719954	-47.457487949469865
765000	3.337074446239441	4.138556191444011	0.8126947178215687	0.24715418588232244	0.32588756416630976	0.935138857203166	-49.55615739631961
770000	3.6530000244629957	3.7132147841149656	0.7519733969976833	0.3775531373009931	0.2407590924459657	0.7806949462713911	-46.32813128056831
775000	2.3331040346858845	2.9390459531811954	0.7890855318782667	0.3278527348182974	0.3054479925888989	0.7912524709739993	-41.87446015483953
780000	3.5058945092699325	4.336206771947494	0.8171366703759201	0.3222560749265861	0.24283203252313135	0.9172427207322589	-45.20633543772257
785000	2.4383980234430793	3.554701735319403	0.8021508061601967	0.5503150612172533	0.30438862570001524	0.9748176027240408	-29.688212237439547
790000	4.528542942833632	4.8530052613228145	0.7395320764524302	0.40922337405342873	0.30991869972601793	0.8124914105160683	-50.18975333483688
795000	3.9348874536084013	5.243184533901617	0.8574733454554059	0.3062218826465165	0.234578037207506	0.7112551460686436	-52.983678602858575
800000	2.457331634391897	2.635674765337427	0.8209032397885367	0.42166436316680184	0.2028139901296222	0.7153337583618613	-40.94110084353068
805000	2.655512913934612	3.0029785902324235	0.7415389520917379	0.5088160294169644	0.20280024748729494	0.9880443752052508	-39.6024090330809
810000	2.87809582602522	4.055011614368518	0.7482122766782208	0.2971650669355942	0.22500419122198245	0.7635990647708767	-42.34235937717976
815000	2.5274686479689685	3.351493975783901	0.7090677015963367	0.5424324506348357	0.2317433176969863	0.7385189548163495	-40.197401045391
820000	3.3679932790940534	3.814070065413303	0.7556718737718597	0.4576954931786168	0.2166406807867227	0.8356527591808872	-48.542794213226195
825000	2.7646891842172425	2.977988247920318	0.7848967607696075	0.5348472769164098	0.2008104868723731	0.7386113035680245	-47.33799272383599
830000	3.3849857591860344	4.3703969233570685	0.7773725631839213	0.23536998565018352	0.3182100880348605	0.8195492613865298	-51.809162396268064
835000	2.8391150887550722	6.589117797331599	0.7364755821503096	0.24003940247694916	0.24270023532395882	0.7847530389030635	-51.791950588113295
840000	3.8946256167926436	6.507766660587188	0.8041976989187033	0.21037489603748852	0.36507478815302696	0.7126573252502203	-62.73626495222872
845000	3.9380194461630316	5.720842940964061	0.7940497443038176	0.278124008124237	0.2895466782257391	0.7617288102419105	-49.15517958780901
850000	2.510042959208023	2.6518198313857546	0.7746129904095114	0.40450798399887683	0.25935057769770337	0.8664169308129928	-40.434800316128744
855000	2.780916793631689	6.340532741019339	0.8580558617917691	0.40502473365822195	0.2031540571562789	0.7636882946759228	-41.49933317104655
860000	5.128260972040229	6.922721015089421	0.8587920946078701	0.30496802030703857	0.2119688320782015	0.851627405847443	-58.125711043327144
865000	3.9185759789103947	4.562890189502894	0.7506374308936347	0.4478039387667882	0.30623931998163617	0.9553136279605655	-50.377342185294104
870000	2.86058269657376	3.110966388955162	0.8207467483486143	0.31329290952318745	0.273074184213392	0.7408814212557076	-50.22667302577288
875000	3.9417672053880426	5.891419162870804	0.8310939824565591	0.38744876362762676	0.2480027701359602	0.8436572603346892	-44.18371502325468
880000	2.6936331104009166	3.172340433043831	0.8678934876139244	0.3501526162980282	0.2293145563293192	0.7720255013016023	-39.02521036108158
885000	4.117559689248838	5.352834848726253	0.757956039668351	0.2628846739918864	0.25718427070546884	0.8231515622685799	-63.90245972342189
890000	3.09852325971275	3.1420861316283646	0.8367627208054164	0.40580067009129134	0.21744121374057115	0.830127805618168	-46.79268434410546
895000	3.3582114571854005	3.788575653512856	0.7662096180781733	0.552203823664804	0.2716114450224039	0.801580037337546	-36.905708237463365
900000	2.588447480078993	5.965943845225902	0.8476069261240283	0.2868604209969289	0.25069676883266795	0.7497140524804452	-45.53850032690523
905000	3.556630496645079	3.903891551481692	0.8886290194129163	0.2727373738691543	0.3755291989808603	0.826494300313873	-51.14416907705007
910000	3.1012693054132274	5.981937308452837	0.796979093651868	0.5682216451292147	0.22897191680501452	0.951874071689534	-49.387848784809115
915000	2.287921917261616	2.8729473087277566	0.859211365267015	0.3335033918515953	0.3120940699251066	0.834661505214076	-40.289807060952334
920000	3.051692517576506	3.473245864468942	0.7526757883816726	0.4879163060432366	0.2000591586674923	0.8006316774038669	-36.57505770872323
925000	4.842323527025594	5.128888423173401	0.8060457769762016	0.3685326784403902	0.23756562043056584	0.7204668897558191	-49.91665650115961
930000	2.24951299447833	2.3701386887834643	0.8966974469777864	0.6205663426392247	0.24164895640536002	0.8582788159811657	-22.715258400646118
935000	4.546651274758635	5.937476647405153	0.7143158287400132	0.41580202260663224	0.23078936693123345	0.8535843088489127	-60.84766078653137
940000	3.7927098554793903	3.9612474237236097	0.7428644499366351	0.3892122002168954	0.2068540586248518	0.7012466706920861	-49.68562057073512
945000	3.012261701840839	3.237984548621221	0.8609234406045508	0.5766835769163473	0.20568396986742474	0.8275067165887001	-37.19289796743953
950000	3.577217125785639	4.341515461740108	0.8452988515970353	0.3679989615859078	0.2140694908177303	0.757611848906039	-45.02784472748313
955000	2.8051679618266556	3.3696257425289597	0.8782260290244713	0.3569930879906524	0.20451751537115384	0.751227651308261	-41.48416819210443
960000	2.541545938639569	4.4042113400447995	0.7971838745426751	0.46782570735676504	0.27884218433529895	0.756942335545525	-43.51485564819871
965000	3.7020756031309388	5.067796059797242	0.7298739251085654	0.26129893053105147	0.23750433746514812	0.7292262194867293	-52.230765566352076
970000	2.3500404839288485	3.0473798161609698	0.8397981673778737	0.45165684635917486	0.4161372705315369	0.9848904371839972	-39.56196624179156
975000	2.874928139120806	3.375449934310167	0.8828849806078591	0.3030262735783234	0.2611305709434341	0.7962904782372229	-49.66475905940562
980000	2.6339847345858796	2.6521500958475692	0.7620441366413504	0.23827907867544626	0.2643879255597442	0.8209475073164282	-44.98204918331896
985000	3.5477790812715355	6.28150707451102	0.7029525294442148	0.20082400854044824	0.4790111299920022	0.8879087815651769	-58.96536931706886
990000	3.8199315243381693	4.690726178028555	0.708674495389012	0.2691497704303794	0.32266868566430607	0.8604117285463257	-50.30234225252122
995000	5.814481247299065	7.316458722623158	0.7650064678528533	0.28748291601131903	0.2033201536753591	0.7193890376555979	-64.16809788877623
1000000	3.849706250824784	4.187225751944125	0.8261274255391983	0.21288576241223933	0.4950401678731661	0.7537452912160862	-54.36176300572337
1005000	6.013729515788028	7.676019346663282	0.7588114040019307	0.34647828627911537	0.21264515798999778	0.8143259426316174	-67.78196612970899
1010000	2.358724589933215	3.4482536454012	0.7879897519882288	0.5528935358888724	0.21998775858195171	0.7543529285877051	-36.94011646166064
1015000	3.4200271901734935	3.8959268248757106	0.7861778657785189	0.4558710042398449	0.20301761096077076	0.7244614793658544	-42.9791636444025
1020000	2.5118398503847255	3.9976723472048796	0.8725241181910173	0.32899067334989257	0.28088325380687457	0.841849889616184	-41.33387200446823
1025000	3.8357037570273707	5.476271550681913	0.8054714956316986	0.4293833300075172	0.20922985806669542	0.7717366387433295	-54.65668294487863
1030000	3.1025827377285777	4.00430319268882	0.8474787473796985	0.25520580835829426	0.2562869346838355	0.780172414317063	-52.384385250998264
1035000	2.913371483752987	3.9152438316669294	0.8461840449290859	0.35116218998063115	0.2695029853739042	0.9282712541650581	-48.431370400210994
1040000	2.556585146484985	2.927055983121424	0.8727035339220455	0.6002534069521387	0.20746135357141637	0.8705034722378475	-31.38630175868579
1045000	4.105838607532097	4.697406002864019	0.7860281586363044	0.412571911698826	0.20931402371136199	0.7172453557305514	-59.80745923255374
1050000	4.84820019611163	5.340201143046219	0.7293766716258847	0.32609674903311253	0.243546540513189	0.7824404953775598	-68.94369194847084
1055000	3.225887951366311	4.235983440666255	0.8097505239719437	0.24177782148024599	0.2639864184168422	0.7117257630415347	-50.59479786663452
1060000	2.9204151214170984	4.461603824077459	0.7107486286567092	0.26217678314367454	0.3197421128115525	0.7819729423546236	-49.35941458409025
1065000	3.018759459722896	5.136789555328392	0.7947373520107629	0.4617514322882812	0.22680279051128563	0.7782326639120747	-43.472874780699605
1070000	2.614840258724548	3.7162045047156287	0.707311845298847	0.3925055924713563	0.35861110898114534	0.9336006452785787	-50.268624814530185
1075000	3.8557868574095924	5.010039652569956	0.8848520947996731	0.22036681114856213	0.36459647225462516	0.7410843520726833	-61.46490038034397
1080000	3.4581619789697053	3.673536141323678	0.8845616360161346	0.29620190254368156	0.23046328470731361	0.9743125385181959	-50.719140375338355
1085000	4.928366090311284	5.400788423407813	0.8023885599799726	0.24257286231066172	0.33264745602318685	0.9964998266307439	-58.59413389570557
1090000	3.266031493826052	3.851091305928075	0.7711055482515846	0.40724877979495955	0.22092639221160737	0.8087493132278579	-46.075797331508554
1095000	2.8997960548020645	3.2304724820881705	0.7929712920551597	0.47907942620289196	0.22222204551391478	0.9656402154320981	-37.716385737411976
1100000	2.386271171518523	2.7775472872618487	0.7870222097287575	0.5159775998663065	0.2021185409995646	0.8745884700606427	-35.89899105182649
1105000	3.6399029400688803	4.115983176439817	0.812431268566138	0.2988108327427009	0.24801886311912824	0.7547972174192323	-54.28357824066444
1110000	2.680522841080109	2.9080182360347546	0.8311173690965128	0.6351886041512849	0.23698727002658548	0.895986728977308	-27.82583756783404
1115000	2.6872686800595265	3.722286884280914	0.7427106658197208	0.39225783424759936	0.33332152069777427	0.7095588618206321	-46.97600576481182
1120000	3.6171531339878373	4.15212745728216	0.7906154539171489	0.24328406671046335	0.26907106993437363	0.7018803921101898	-49.36693266981991
1125000	2.6512342104168827	3.154109524546283	0.7797702079914147	0.5401815549156851	0.22381767251840007	0.9193118547433343	-39.95403850232538
1130000	2.7020566320778077	3.0201468539415157	0.8820663613402584	0.6154667751973678	0.2182322643563017	0.8207024473884565	-32.83939443398785
1135000	2.977615496710186	4.032328288265485	0.71885659660097	0.39039538613914176	0.2986064165057851	0.7476112829618101	-53.5669689191874
1140000	2.6537021452793885	2.7488972866188326	0.7282331541070736	0.5095719025643711	0.24487915746044905	0.8385222348854234	-36.9316530757773
1145000	2.6372300744881216	2.7197419376816243	0.7493320960212624	0.2120873353259928	0.5157664120326473	0.8480632561984771	-47.10202145580766
1150000	2.515741026601532	2.622161912110038	0.735778375970075	0.46572354473009964	0.2919808815346686	0.8306134308196582	-42.21145169602537
1155000	3.580953589291847	5.757977869170718	0.7335123717408524	0.2706430550096788	0.253216883364436	0.8707321346388684	-52.12016027311496
1160000	3.8509042186685742	5.83779698005991	0.8124463269505042	0.23300817138117993	0.2298020399532132	0.7293490737541185	-62.10707827756422
1165000	2.4846763635537124	2.7599783944132446	0.8543275048863403	0.4639977115352417	0.20767301658720555	0.7728634902775784	-41.056470798948645
1170000	4.098877341645143	4.794192361796265	0.8905837647091985	0.3300576726913498	0.25155124171407284	0.8384139473644067	-50.33039656179184
1175000	3.3817927688732903	3.4118544216377575	0.7584224092813973	0.38492225986814393	0.21877204416781806	0.9124347305414785	-46.933999375022
1180000	2.946010986115982	3.600541076996119	0.7313135444260116	0.2901224918516247	0.3835583129595435	0.8554778674351007	-59.53173031461718
1185000	3.042694094059136	4.709265578857961	0.7038291694520256	0.2938041438956509	0.49566152526242685	0.7318620841750277	-54.739724244766265
1190000	3.257288496778876	5.620497044855217	0.8797193260942744	0.29871548493974465	0.2712032404478634	0.7601262772062493	-46.5065363340655
1195000	4.5479568124191925	4.755707361339571	0.7517542933228109	0.36571350415108644	0.22590138086524456	0.8703371221203485	-54.11461909936367
1200000	3.202403665435038	4.679559093293091	0.7834973112963473	0.2612319824054395	0.5269805049828552	0.7561213921807396	-50.853818983701416
1205000	5.174601747246854	5.279203459672649	0.8516381022721377	0.32242844603970755	0.20058545394377386	0.7540491388914395	-55.780892090862054
1210000	3.0607960741826536	3.07270183770553	0.7681554633939828	0.4071517751930689	0.33423348676095604	0.7100114533603592	-49.41198406401917
1215000	3.762649818116211	3.7894267854300647	0.8201845716686517	0.236595144022613	0.258188740049648	0.8910733811323905	-61.691847220182645
1220000	2.444567019408152	2.8839985957359184	0.8753924153103557	0.522955323931207	0.2222576021603111	0.9747777505542741	-32.10003465189246
1225000	2.3416581250405586	2.8110024765191772	0.845010069666742	0.45981625072434146	0.22786228840827344	0.7164294310716184	-38.15678677771236
1230000	3.268491863635024	3.4256960811150106	0.8670527267968572	0.3895057972152533	0.2730887447892915	0.7040413012455983	-38.74598388626043
1235000	3.258436576839097	3.495655071056864	0.8016010423492079	0.4585155626924691	0.20307988510573818	0.7408348477533505	-49.09317434036193
1240000	3.2897093344090615	5.974822781964294	0.7151643528242716	0.5024311579401189	0.30905311009609326	0.7873429901110798	-50.22287419080762
1245000	2.7184767354008086	3.04890559004496	0.8449671849466913	0.5605705119588217	0.2279279824381945	0.7534972151047508	-34.17185325815002
1250000	2.5880973320728944	2.862123238563686	0.843120314009311	0.5217440045851892	0.28351736246763637	0.8870643453823642	-34.69582976997915
1255000	2.9018876365019857	3.4907865076109292	0.8291784873308367	0.3791765183994415	0.23767031802260136	0.8172824500619622	-44.31694832706696
1260000	2.399854998696222	2.6672459972327154	0.7429682963946694	0.5035944358943826	0.34010921285454687	0.8990461861833287	-36.320267287753325
1265000	3.6504596024931315	4.365040864497764	0.7138896826992752	0.24625221772811348	0.4947879998282933	0.8155123254033843	-56.50509929242408
1270000	2.362351224164657	4.546550237638053	0.8834105331352201	0.40724574409896636	0.25782282558571784	0.8447764849161039	-47.28892125187939
1275000	2.494141329310053	2.641360333029703	0.8835720901187221	0.28582806926265736	0.33552348864637865	0.7403837646447942	-46.08365842758974
1280000	4.529409873449433	5.260028611173322	0.7633168990472897	0.2867900284971884	0.3182144716725827	0.8452280937748051	-55.63518714556888
1285000	3.379432623460711	3.5909499665972273	0.8331725296499799	0.30729035211533434	0.4106072649519257	0.736086186517712	-55.29443439516059
1290000	4.076186323235925	5.5038061869511	0.8362676248103423	0.2814995451403572	0.2189268645897403	0.7261831824189362	-54.98338995901452
1295000	3.6702252125946826	5.09799562832014	0.8072389781827087	0.47171233358926734	0.2257876061957918	0.7414554526204079	-39.872570585097364
1300000	2.24951299447833	4.4875025834201026	0.7114736847821115	0.27101602701352767	0.3196774418038578	0.873689225864638	-49.10187110015413
1305000	2.467800734916728	2.5365770945233086	0.7287029960963781	0.42834600815644835	0.25488036292364863	0.8078105978939039	-40.10725878548151
1310000	4.212844012485938	6.615921273453478	0.7583716436947943	0.34520404036502583	0.2534551698322495	0.7876433799465857	-56.95211498593109
1315000	3.8742315975195654	3.957504744583806	0.7269637162670849	0.47562883100321135	0.2382562950674053	0.7563380018217144	-47.215356110195714
1320000	2.819325901680865	5.118661864743132	0.7882798440539494	0.5178549687897408	0.20263989419137082	0.9603643436888721	-41.80846755294792
1325000	2.382487713321337	4.946456708800677	0.7720119627578802	0.41833776816380536	0.26149795500217693	0.8518237358077599	-47.375361721034615
1330000	2.795736254158392	3.5616459677075234	0.7929510017103613	0.4709423131818349	0.21401029824895335	0.9088131893943366	-40.167716129888454
1335000	2.9865661657523708	4.791887185405608	0.7233455083013718	0.4403431090029951	0.2662767303373181	0.7882280337616147	-49.61507094274871
1340000	2.446711730015157	4.076336497034971	0.7781692769239356	0.46920001924903637	0.27573173366481807	0.9623222910943352	-39.945356317229475
1345000	2.9577362313372686	5.205798263699536	0.7247518075277813	0.37046082800541275	0.24984706059783265	0.7746690696386371	-51.35823663335976
1350000	2.5348801820373716	3.878212629530066	0.888059532123625	0.44784432841037114	0.26949311065641757	0.8106891975523304	-45.080571724542516
1355000	3.027776957732427	3.9943853842971544	0.8989137554923327	0.42062987894781867	0.26860324234193633	0.8077651351008768	-36.40899015325903
1360000	3.4673524561653113	4.380465053198294	0.866530465997439	0.39645518148259534	0.27162254707419214	0.8371213784560458	-38.30790587931154
1365000	2.24951299447833	2.3593521671715254	0.7397700661646804	0.5059772036696423	0.3553100064174437	0.7005991367681172	-42.74356990052331
1370000	2.9381966036838656	2.9942011615145425	0.8073850506639145	0.37150596035874417	0.20805354402362952	0.7554843855178006	-44.07164626888993
1375000	2.796695139163224	3.1837165507616736	0.8375585917960217	0.34448271403201675	0.3035558687864398	0.8775600877748924	-50.388422093166966
1380000	3.113441100013327	3.9790136963303953	0.7482397231800442	0.39433133226431033	0.23974251254288043	0.8411472660170127	-46.56118438402875
1385000	3.1858242028749038	4.397515500208543	0.7597161171125524	0.3605930067837646	0.2779514645112069	0.8075879627247369	-41.949134204858275
1390000	2.4422140505247665	2.66245956507064	0.8908740861545673	0.27679810127691246	0.4728344664612315	0.879815755268059	-45.19920119943598
1395000	4.934883966949374	4.981271558664288	0.7075364196710533	0.29466578634475565	0.35221227397958166	0.7488509286986424	-57.725926727492606
1400000	2.5613017873317347	2.7825941674497017	0.8731472179304308	0.5278715181860694	0.23217276921798355	0.7923286263979368	-30.836647723029074
1405000	2.8950274759672654	3.4636255960597344	0.849385530070215	0.3429990627314387	0.39031977678839513	0.9253872328557979	-41.02090454208776
1410000	3.971096499476636	7.936924533057643	0.7518521970459984	0.2986515349627523	0.31702824867748186	0.8490965308351384	-59.413258096717165
1415000	3.002218738218724	4.290092953560071	0.7632149859326055	0.49874707382835237	0.2686713721375066	0.7957184154426145	-40.025513357195315
1420000	3.1734420882223455	5.74057176384062	0.872075097190044	0.2866331483488449	0.24607200584779132	0.7956272041058923	-54.27988901741618
1425000	2.7746384635675914	4.30435144672708	0.849073528045099	0.31582013100955353	0.32057065552634056	0.7846242967162341	-41.50559400284856
1430000	3.379285820422636	3.827249410561565	0.7606028106940457	0.4365428868080986	0.2246962351181902	0.7218349845205367	-42.82727922812698
1435000	4.593885725134983	5.35427501576654	0.7591172228159626	0.24445710675405777	0.28683984111265803	0.7567202449026554	-66.02583441000422
1440000	2.6475155670904837	4.005535581144484	0.8677639694989456	0.30517679616090676	0.26956146461561165	0.7877533967211855	-54.8923764659642
1445000	6.085866250109322	7.302053061417808	0.7505480635327808	0.28986878095036067	0.29394143277885193	0.7856821197680411	-59.6888022273982
1450000	2.4505908170229724	2.450886285285981	0.7179125289884475	0.27998519230902125	0.3535267699617349	0.7264392736534075	-47.06178484784661
1455000	2.6916135749279593	2.7550403937186334	0.8776012712652592	0.4989848025098762	0.21200991862967555	0.7955605340207833	-38.58116414125245
1460000	2.8168986011998114	2.8728826851501545	0.8943497618311368	0.463997237963131	0.25063275111925154	0.7288908713783712	-41.6293453175764
1465000	3.4749818534213213	3.8716261131303478	0.826204428703922	0.33396715221688666	0.20531508135485893	0.980211739132784	-59.90435372796147
1470000	2.4290344030999873	3.325726559440858	0.8683742314767315	0.2808294733865863	0.21408387709996138	0.8326535426253964	-46.69824217994413
1475000	2.851560818092627	3.243690108645166	0.8724972794961801	0.5744759250208882	0.25327839948021214	0.785543736548918	-39.112192403510036
1480000	2.5299482832632654	2.5572936345381887	0.7544234213662797	0.5977246728042951	0.20154811698236738	0.86206853248578	-29.898614510069393
1485000	4.766697154545826	5.228495771468551	0.7688307441317628	0.22383132237717793	0.41755479947389657	0.7230736195132494	-57.79190163384592
1490000	3.3207880314307126	3.7140654223220664	0.871137738260766	0.2852467966514386	0.22369838325992258	0.704526536638978	-43.53056490019189
1495000	2.555107335231221	2.8806034051043214	0.893609489246618	0.49005608560792524	0.22173249904855574	0.9266126985244544	-43.30651423377692
1500000	3.1800875177185532	5.204454323637943	0.7317833353627516	0.32364614426868543	0.2940339637450301	0.7931992171000275	-53.7114349851785
1505000	3.9868952369519066	4.489004365644175	0.7266708729212388	0.22947265532149916	0.29111482319305676	0.8020315281607417	-53.7188063009501
1510000	2.462334233143108	2.798231295926873	0.857830737607222	0.33046314300498436	0.33950378699457323	0.7740555529072143	-41.80706696681662
1515000	3.2330538585550004	5.555238891359066	0.7285297817197988	0.4192741063296633	0.20177111227707709	0.8140357266442049	-48.59803615847921
1520000	3.5914086251604487	4.602520844749035	0.8774039353547278	0.22539289344851562	0.3458157317009754	0.7349276445994908	-54.054061443574625
1525000	3.5871094148895226	5.087802413791599	0.8468555695243266	0.31314488646482214	0.3595300957518221	0.9156214649686668	-42.657855243475474
1530000	2.3814438695095053	2.6850191454393193	0.8019355644369403	0.3964434020556744	0.2082582654074399	0.8385144696359088	-32.988445821045694
1535000	2.60378518032723	4.309754209716147	0.8873049175209704	0.43267581340558614	0.23020470113767907	0.7093576171829331	-38.78428799430062
1540000	3.003571304688729	3.90712633749773	0.7616666093076395	0.3853089304722567	0.35419555355151183	0.8278161610880429	-43.96873201459745
1545000	3.201378798493684	3.2032420113334648	0.8188639436587435	0.31428601036231535	0.2335555485766549	0.8144467990178876	-44.293543930377155
1550000	3.3287938630219327	5.404875904861611	0.8504773068328868	0.26533344470728215	0.3254235917395408	0.718196983872461	-49.72924737711095
1555000	3.237622153416753	4.473058693105947	0.7731445780921344	0.22894937588891537	0.29773064507934677	0.7679762290459449	-48.22959459769235
1560000	2.7258260084441623	2.760011263019028	0.8294585321942577	0.3862869106787821	0.33199351557073176	0.7022574269970019	-40.95569891334038
1565000	3.399106600984756	4.195823908978651	0.7308446248806507	0.21885543089288395	0.35941047890975286	0.8858423175426118	-53.010119598335294
1570000	3.051000072520521	4.322804286276592	0.7278128732587972	0.5348426941217647	0.27072569519795014	0.7784439402665173	-45.9362713184836
1575000	2.812935485495419	3.0840540775613547	0.7744587144199241	0.3765123940169557	0.2585745607507644	0.8467920271992733	-45.06011052022698
1580000	3.3088413401957193	3.6841243709273614	0.7257321178372386	0.4276864609908398	0.23625581406747123	0.8036437922598142	-52.2683019908469
1585000	2.984521407042023	3.013847512557213	0.7925189249123029	0.3813845956488744	0.27650643956795334	0.730270313928515	-44.40713224450239
1590000	2.6230973974665965	3.1601189582320157	0.8259592635246575	0.4200344350964801	0.2186527680225913	0.9158598823012992	-40.315833270532856
1595000	2.24951299447833	2.9178252964090836	0.7062054655073082	0.5337013534544605	0.2460474408229432	0.9847837840850951	-36.33426636576838
1600000	3.1787117045819024	3.8224677784103234	0.7492141265436812	0.47617439014468393	0.22079701888112832	0.9435519360669576	-48.69974632381829
1605000	3.5492851104218057	3.5882188111697926	0.8396282135602805	0.20701852502484142	0.3623807761218107	0.7172129947132756	-51.3540843021574
1610000	3.0655433770411245	3.7375341394558714	0.7917077503213538	0.4126322314248758	0.20409691690485623	0.9135316530144018	-45.44424970328022
1615000	2.453730493769612	2.5877897618188106	0.8076944659760896	0.39849474724171247	0.22136168767668443	0.7568119980255674	-40.58121600919034
1620000	2.3477773118123846	3.2331407741929827	0.7865010388203906	0.4755545251742726	0.30159094935595443	0.9050948428305854	-48.755790474627695
1625000	2.7053772976991937	3.4569267611637184	0.7681294567111503	0.2620935418192701	0.37006168748432056	0.8119837906525506	-52.140953111813275
1630000	3.7031091498139093	4.8708061033078485	0.8319185002064194	0.2020096004071476	0.22606444349091903	0.7245728874803306	-57.11078247428872
1635000	3.459937644300186	3.9400369452506365	0.7164749743730928	0.38268736239919393	0.23862485668577282	0.7666765852809444	-59.09425039209308
1640000	3.286858358576123	5.814543247932619	0.7905209741785503	0.3823196520721069	0.24067346921093477	0.8840922261191987	-48.66263534509802
1645000	2.8038042826252187	6.28820349271354	0.8114053943194537	0.27270212942462446	0.48271491406752487	0.7163939286352627	-56.686169439837705
1650000	2.4833602579097787	3.9006103812783786	0.8851151540358622	0.30370333924544646	0.3572713278664057	0.9573700612083771	-39.35182417188819
1655000	2.4279133090688783	3.8871332313707176	0.7233847549363395	0.3558960582430519	0.27150323621570527	0.8434683921058493	-45.93297709014639
1660000	3.2955291895749204	5.686633743696292	0.8443558598403673	0.550990163492865	0.21815015650806122	0.9696607126377281	-46.2200375076863
1665000	2.786668887940567	2.7947786401086785	0.8683668893544373	0.4924602402875068	0.22298860775700785	0.9411589714013053	-28.5154142257278
1670000	2.35307919117074	3.0161483714831294	0.8065996108335496	0.6197207896201682	0.21364704461310685	0.889125850290736	-28.201750166489166
1675000	2.8016064950072597	3.5526111998109378	0.7501910121776637	0.29632015334744816	0.38655801718725896	0.7144270006296374	-45.38964726506294
1680000	3.313733076752601	5.117932692639238	0.73545247569096	0.3012038192380195	0.20568940906790495	0.7673439301747328	-53.795386014277284
1685000	2.347119426534491	3.9692713671975195	0.8215782512628883	0.5045000041141524	0.21348128697464114	0.7344098968926	-43.22705704222503
1690000	2.7532018028880314	4.403985781742585	0.7434665789182607	0.2000758811199107	0.4755214986134212	0.7998281394498294	-52.02547437399
1695000	2.6968999518408063	2.809749452068372	0.8148019722915414	0.5238959621200957	0.20261985320410894	0.8139633593507029	-36.84754914842829
1700000	2.4190292243734257	2.588220443352101	0.7127462249299232	0.4600058663382884	0.21118167855961115	0.8769433600947522	-33.374013087157664
1705000	3.4821906686633253	4.027333549689962	0.8422013399509658	0.21527023639943246	0.36423693948823255	0.8330112156411862	-45.23652325605662
1710000	3.004778279942062	3.216837005697749	0.7000172685365428	0.6438668672923072	0.20099505127987052	0.9298965786929638	-18.74140278923283
1715000	3.228705326679155	4.308037900379481	0.7068410046940611	0.4792062159134271	0.2627679813704047	0.8793923139070354	-48.65502008191787
1720000	2.8799920022888332	3.6243834520957474	0.8088596588124004	0.3141175474242508	0.3039080892593987	0.8678136062181865	-53.60965304284316
1725000	3.0526151783476574	5.417139889290781	0.7717863171179112	0.22503188729449702	0.4411538602980081	0.7639670256461474	-48.06675449307949
1730000	2.5520972299946294	3.585526102877533	0.7160805065873167	0.5090110012804612	0.20354991143174	0.7221260699797185	-39.27174331165812
1735000	2.6646647522835187	3.4697423351572128	0.7011895808933766	0.40432496060640055	0.20717186485544228	0.8227863451256187	-52.91944012575262
1740000	4.218264369770784	4.5774003243106165	0.8486702790376034	0.3079457840533778	0.3716694816252622	0.9399588074122455	-49.249727325261766
1745000	3.1510060025710285	3.2382899959685685	0.7448870943116093	0.28799715888487026	0.38557164582723297	0.7845328799483041	-50.09783597675807
1750000	2.6121645289525137	3.405048323163061	0.8745279333252343	0.27083986464630877	0.33097378612196227	0.7507277252517993	-46.98366238123167
1755000	3.0708325894553385	4.384512930739987	0.79042797094973	0.37000945636769855	0.2250529230138372	0.8267208695280588	-44.445579394505806
1760000	2.24951299447833	4.180883914536954	0.7556422738955961	0.6631019885562308	0.22216519881575425	0.8612849320729806	-31.30753350750387
1765000	2.614007117804179	4.780328439735142	0.8176786573126084	0.39391774990288503	0.3089640108936009	0.7846821531469814	-41.61557787738182
1770000	2.5471345822885585	4.064304416656667	0.8275593442350796	0.3521749788274313	0.3662236113859469	0.7495700721032625	-46.140922665506025
1775000	3.3383607099574837	3.636466120759654	0.777251873151925	0.2717308518009843	0.35797096132496836	0.8818599400945157	-49.63325169296676
1780000	2.525920274006056	3.55495025482044	0.7698777483789745	0.5617658279737807	0.209955693822366	0.9750475209293912	-38.0334557514118
1785000	3.6748426160441237	6.302494243096476	0.820898827579946	0.34654536656934354	0.21301957446971165	0.9382678065767234	-51.282597669355624
1790000	2.4681898598809378	2.5965759543647593	0.851766761770164	0.46083358760992005	0.2086884583719845	0.8952570633003207	-41.35562579748775
1795000	2.610217518159352	2.676424369250141	0.8695289748666288	0.4477087262082496	0.22240192767950293	0.7210744471089758	-37.205134032183246
1800000	2.887747110726587	3.0081365449228503	0.7171566672225841	0.4986067428462194	0.22724799261486428	0.868658955894504	-35.63970739261229
1805000	3.408817137322229	3.4924855878872747	0.7117797681944826	0.44250061365203835	0.2203990412650947	0.7684592645615602	-48.745052914508655
1810000	4.482387226725478	5.597242768314712	0.7207881612723219	0.4199055604192874	0.2160954013012281	0.8344520261422584	-50.50510137876369
1815000	2.6798206810488447	3.2792113638425557	0.7402641000242871	0.5530593762899909	0.23535702350564286	0.8825519549904707	-32.20534523064842
1820000	2.798407243294617	3.424362745327341	0.8963034221312769	0.6481936301509049	0.21476726302267887	0.7733239465527447	-25.74011780247854
1825000	6.240710690415385	6.321249381150103	0.8271633621427794	0.20468229253973758	0.46009700667447534	0.890818551152417	-63.45291964068553
1830000	3.320894717982007	3.801985410843012	0.8293568299442824	0.3774163437431567	0.22928354828426234	0.715050205464982	-46.990219195045604
1835000	2.24951299447833	3.264669602467798	0.8798394049011674	0.43367871462419816	0.3056350209811202	0.9881677930971255	-32.275684146418335
1840000	2.24951299447833	2.3202320459506565	0.8841449309386121	0.6109905513223105	0.23898306596252872	0.8689713003443097	-24.528846579292917
1845000	2.4163678994399644	2.5808885248677442	0.7678899676807146	0.5812151379837849	0.2096106107759884	0.829511655501208	-39.87207105921546
1850000	2.9932739804757316	3.835733212999244	0.7458210065284457	0.42945803869799865	0.21361066278114252	0.7545885188432333	-41.520925101651244
1855000	2.4467315591356082	2.692565389609355	0.7627653091729117	0.5380007031500239	0.2595524659332519	0.8235958629110808	-30.76615145315746
1860000	3.3612096378013363	4.339827288737432	0.7346329126314586	0.4270767217955291	0.2576540929931984	0.7628676537599125	-51.16450032429918
1865000	3.261318177734134	5.928969690979544	0.8314298511243899	0.360768752627712	0.2386828100169221	0.8199619659088428	-47.036799313681556
1870000	3.921551096770578	4.378834614105943	0.7606510779722645	0.34374460341721896	0.3605071456567176	0.8789121346355002	-52.597436449759186
1875000	2.8311134946761976	2.8879680317205207	0.8474171119973005	0.2779155193204655	0.2916366535334753	0.8800268315265708	-49.53939635597252
1880000	3.0890790542665183	4.530796200337652	0.8748858632653801	0.31955419227456044	0.24122865557776318	0.7166060564654878	-45.106457551214625
1885000	4.279439659246571	5.176138460182884	0.7806336935779411	0.3412388005209565	0.26088396169879713	0.7664890620604009	-54.19246151713352
1890000	2.444311102412222	2.8309735649021754	0.7241303563566343	0.3567999311307896	0.49791710761669744	0.8531282924974221	-36.28231628190541
1895000	2.6164558823296074	3.4747106356208994	0.8102292398539692	0.3785776771143938	0.29540665520306775	0.7117008770921521	-45.457653253195026
1900000	3.0419011018600712	3.5702256845701172	0.844149710185656	0.2801672556242862	0.20316867417334358	0.8098186994578658	-44.11969399926161
1905000	3.4375268301465662	4.771338464569776	0.8143290953528256	0.3051362766746108	0.31919367436905294	0.9405010318372571	-52.32261725839777
1910000	3.7057244190082157	4.947690851328725	0.7079697746763511	0.2847491944155625	0.22899062547065852	0.7995478748686566	-55.85950623081785
1915000	2.2610128809271313	2.4826906614246442	0.8525319283041751	0.40302453394831167	0.3982863449479896	0.972086928392742	-43.52388988813659
1920000	2.9748130555164223	3.419568607536507	0.75675551231206	0.4235551380612659	0.22750140698114787	0.9262044471616182	-37.656530193590264
1925000	3.9887193053493872	5.676548617695952	0.7912460759370804	0.21689523259483257	0.24047913445076427	0.7395273850337495	-55.319372481194264
1930000	2.7295628236596134	3.1364306007076284	0.8282174150301783	0.20096254483470533	0.2870574238566056	0.704030216024058	-44.77706039440321
1935000	2.24951299447833	2.5887884357878264	0.7240648891423076	0.4913275546134835	0.2041993601386234	0.8392528062974747	-45.67766335592455
1940000	3.3628728299767774	3.6795284528344694	0.7709510472352507	0.47079737661765453	0.26362451008044024	0.9689533555109371	-43.809061659949826
1945000	2.408988946782788	2.652258943612589	0.7839636616527624	0.3079740660790198	0.35685512351275334	0.7129129935118707	-45.94983129857411
1950000	2.5426178647164903	2.885349902509804	0.7018295501998227	0.3803349899019661	0.41280595050796137	0.7072212583640868	-41.00669732896248
1955000	2.791060126595233	3.627598112256933	0.7108171441934009	0.4306491886633398	0.2125771141232451	0.902788022954273	-50.29736343518587
1960000	3.313400549419047	3.770648949405173	0.7609706948523054	0.6265377833259181	0.21355518169291735	0.9726928513374529	-47.20381865156661
1965000	2.9234816214756543	4.03214722443222	0.8873470371044747	0.34289378717315877	0.21232835492498375	0.8470193017977254	-43.522364821753115
1970000	2.793647314124069	3.0946786036240765	0.7551900393975479	0.43568228542158777	0.2197796503948113	0.9848437923113237	-37.43071869063394
1975000	4.132048853170654	4.347269675306027	0.7080355158725398	0.23130808344561635	0.38614892185870864	0.8154202280592238	-55.3998982548256
1980000	2.500666454177949	2.7161841653701932	0.7094304703665111	0.2092435272297687	0.4961380145929734	0.8826790501782619	-46.81963534269814
1985000	2.8764071549881107	3.97094283353387	0.8108261951232631	0.3393639425471358	0.25576040058664784	0.8103272674399045	-42.1426243263018
1990000	3.03372667630595	4.77068209612636	0.8755547351528361	0.3042829484101347	0.24751605291073475	0.8599561789598956	-45.18042394233225
1995000	2.9968149836229845	3.088777747558283	0.7508036372656409	0.41937567936577275	0.2627078268508565	0.7643310050485157	-42.67690195530014
2000000	2.787404408956784	2.982117760120687	0.796794232145201	0.3592707731742574	0.238224001288973	0.7021265043779557	-46.41139581474501
2005000	2.533337857261477	2.5772342701033075	0.8286678234817078	0.38337682037689524	0.3006254186282161	0.8316275954757945	-37.30587355373885
2010000	3.5389143101724483	3.988540834958755	0.7009229243753984	0.4246828957372511	0.20361764074684213	0.8361538087306777	-53.585801826149805
2015000	2.740000857994671	2.767923705188726	0.719719610704062	0.4517423339929371	0.3165877693452395	0.8618695907750241	-35.3495717999325
2020000	2.6311056105864137	2.934276224784176	0.8285411140049754	0.3691196188113243	0.25022152575205275	0.7136626191724961	-41.000147271844796
2025000	3.0251737837027783	6.6087908085159075	0.8608458475400336	0.3866370243077686	0.22236481039798597	0.7455318389488998	-47.57665319943741
2030000	2.641758235809374	3.527283419644716	0.8355634640785244	0.432389420768909	0.2305258361916708	0.8031348587082915	-38.00058092508254
2035000	2.419525543087551	2.6549291025309474	0.817886881581802	0.5813361080848343	0.21350865510853484	0.7826306361957918	-35.39587933116336
2040000	2.341920787014366	2.682678192928159	0.8409559827071335	0.46571612638973053	0.36456567439567505	0.7262869166376368	-37.09319475934007
2045000	2.8408393306777673	3.4777525345982903	0.7788600974142222	0.5635501393274674	0.2067824297381286	0.9267121628810007	-33.18414046751895
2050000	3.05594298375546	3.374108848195031	0.7096281654272786	0.40725711356810423	0.20964296969582072	0.7118304287264334	-48.16889758602825
2055000	2.793822899187905	2.900507125382416	0.8122355114757206	0.5190375705136551	0.23587005243982861	0.8667658514204842	-39.884083003217555
2060000	2.4148890818255997	2.8300201896777413	0.8473958733416408	0.5402059843009092	0.224584324052574	0.7834646157461957	-35.66049290955726
2065000	4.989758019883798	7.309144201783456	0.702586288891523	0.20560933578508764	0.3533973189672017	0.9294821113641459	-58.37590573792414
2070000	3.637477608917181	3.921001588904142	0.790757133599129	0.35553510399553706	0.20580315689600578	0.9424866633525881	-41.51090941398541
2075000	2.807395168222961	2.971944875520622	0.822198810199066	0.4456397111624551	0.2902839509451409	0.8737630454909749	-40.914543142817855
2080000	3.653715508160469	4.257631565320076	0.7546602597170033	0.5776092270156532	0.254888111184483	0.8756676191764508	-32.759104313292106
2085000	2.9597797694945127	3.6601523061802848	0.7982689974577193	0.30775576137362853	0.31720846187089535	0.9012445188057563	-51.78686800346775
2090000	3.6439781735170853	4.323758827823013	0.896521933722515	0.2742447953383682	0.33919524003617724	0.7497999682258932	-44.787421671627854
2095000	2.783649809742469	4.186745621532811	0.8285560052911606	0.37065762628934984	0.3599928443006281	0.8599278925674013	-43.56777295718169
2100000	2.9605262382588005	3.5980977256454456	0.7694189731995813	0.21120099253626176	0.4035503158978802	0.7294432576718589	-52.06104639057288
2105000	4.7276790780125815	7.014599538529897	0.7814620488665461	0.2217193950479174	0.393177096568913	0.7287230930540672	-56.50017791049265
2110000	4.7192640693983705	4.913908924901256	0.7313544163491071	0.21631619661656515	0.33551003287419034	0.8112299366259523	-59.98893311225909
2115000	3.5406889962800028	3.5932931793722047	0.8262835417104385	0.4391372110422494	0.2385166160315571	0.7043187143668171	-53.032174708688686
2120000	3.5333528990052945	4.095415898337471	0.8156513298245454	0.3684667476256306	0.2051156145645046	0.7658919853350371	-47.38313463130047
2125000	3.3060963156108247	3.74925194076983	0.7074708559285965	0.34171625903573966	0.26431901282298526	0.7597812847018165	-49.726419428883375
2130000	3.1823189612252167	3.3044184314175076	0.7074276887130662	0.6306437859635273	0.2951330876733517	0.8043985837478634	-44.05887944483797
2135000	2.9661674403406177	2.981299489411346	0.7735560598439902	0.515405437604019	0.2563438010751965	0.9240934902048072	-36.591567104189494
2140000	3.161310787788719	4.0709568696766505	0.7104974457452525	0.32724686860429736	0.2250178984685354	0.7919180787463965	-50.09767034497315
2145000	2.894989848554463	3.202154836404119	0.7496923658149433	0.4574798571000644	0.20567870932538854	0.9726049085212367	-56.73968672990614
2150000	3.950155643569657	4.519387325429254	0.7798344104881397	0.22137742590685974	0.37729943155634565	0.7998970406389829	-51.731084017976364
2155000	2.7673723008920628	4.370972806392529	0.7995238801437804	0.46599241297698757	0.25915264722876974	0.7553364700226359	-46.5159047091117
2160000	2.3685185638425414	2.472478256839111	0.7276891471887875	0.5022373141555747	0.24925375196353847	0.7130848399289073	-36.06869673364319
2165000	2.516446626081347	2.6572756992556026	0.8209899525990981	0.23323013650066649	0.45034080796768405	0.7838600376027103	-41.832743344831485
2170000	2.5155479432911436	2.731899385811812	0.8338549533379629	0.5224074672008915	0.20038719876025748	0.9860334272530182	-37.19247506207424
2175000	4.197172867316805	7.900669289496192	0.7885369355970623	0.39507123659382537	0.24292608479480193	0.8545650058986713	-51.26865834067523
2180000	2.848979623746091	4.093882206999862	0.7147505785140655	0.22925710902840868	0.3183541331097051	0.7901714547089579	-50.416169847312446
2185000	3.594481513068501	3.6593935862397635	0.7511588396970258	0.5018874856660938	0.21462804779907446	0.7082378981844665	-43.981230683480476
2190000	2.24951299447833	2.6759973416154725	0.8212780187291381	0.6982335548694231	0.20628880644769487	0.9004741203921747	-21.14013763143209
2195000	2.5727577872996346	3.1892182331055827	0.7774549558024935	0.3048308748292613	0.24784896973538612	0.8170604125727491	-48.07310088033974
2200000	2.8740685504360353	3.4468001526742547	0.8982133555562634	0.33484067241867066	0.2203788386121681	0.8312787937551932	-53.8482358164858
2205000	2.71841050642485	3.6255154943704344	0.8304779530748654	0.4975462569045982	0.20137401898859117	0.7634423379378933	-42.70519396074293
2210000	3.5002041405292657	4.457076751185883	0.7296165588651043	0.24617264401910113	0.38238574924877944	0.7092034596659331	-57.66832257944167
2215000	3.1766642215350713	3.357952164669958	0.8733608603334178	0.3377685994112863	0.3237349898248702	0.7415762367972198	-45.4481982029055
2220000	2.255234285613913	2.3007013132356615	0.7935355812113084	0.43601299156280177	0.2550657825676805	0.8344169778858516	-41.841786831704006
2225000	2.3906723889266264	3.059012024973907	0.8189555657322126	0.6315752572783395	0.27730863730065447	0.7761513820136186	-24.542659815220002
2230000	2.949391593152405	3.5713555735904756	0.7019987750024109	0.4989110537604772	0.2107567702615063	0.8697676434068738	-37.09324135013989
2235000	2.3638671704989065	3.9262435792018655	0.8928836453696255	0.24447237939857674	0.2374147250986977	0.7576024322357674	-46.759143659933244
2240000	2.847507288009748	3.834500509050246	0.8964669994225191	0.32873145646908714	0.25071963072166586	0.7245917735306678	-42.39658381289309
2245000	2.2704368294172146	2.3713355160885428	0.7583532209902185	0.43377894457630245	0.25381213279958814	0.8273746939229324	-44.67704468186797
2250000	2.4485810559436367	3.1769895139493	0.8125800378916582	0.3844800533917521	0.21215703401569658	0.7460973599689135	-43.276629919282904
2255000	3.5080627864672316	3.9476942897148573	0.875384986276901	0.2588381552929317	0.28102484667295596	0.703335289108432	-51.24524760094055
2260000	2.24951299447833	2.553971889059034	0.8597823382342258	0.2925757852674526	0.3917956800476564	0.8182062204201523	-45.0802901496397
2265000	3.8701735247497147	4.955800354731259	0.8020386545675452	0.3096438430019535	0.24049559485488933	0.8968867669743043	-52.910283829364325
2270000	2.350473373112	4.927060542965416	0.7542619006719692	0.4907311596909043	0.22024853879935982	0.8533100880062156	-40.93324515207272
2275000	2.511518439851687	2.9674993522735136	0.7826178405866198	0.5439255862175876	0.21178172146660182	0.9029982644202204	-34.71550294833976
2280000	2.666614794899887	2.7868317617273886	0.8483852342764044	0.4418864576013863	0.20683707001816123	0.9634115397119647	-39.46480772779867
2285000	2.4878571080310143	2.9714788831208856	0.84044777117608	0.4290987982097697	0.20841989980110406	0.9233144909410016	-46.1496995633574
2290000	2.97444782755252	3.577542975687149	0.7331544563598602	0.2660633718696603	0.2436851309154894	0.7202665491494272	-49.42371734761307
2295000	2.3773487481438296	3.3558970922060762	0.7346269882305484	0.5297586289671873	0.26795175896423323	0.7865984429026899	-44.432555951677124
2300000	4.192303587138537	6.621282013462419	0.78537241080658	0.2539936140602702	0.2731970188344389	0.7467339890299972	-54.13168020929749
2305000	3.5562787106743152	6.436172790781362	0.8171050078342982	0.22466930707932847	0.2634278986214012	0.8827109040369442	-54.47883853174549
2310000	2.5354035859086936	3.683987676298018	0.7930447685201949	0.5280427757064893	0.294511167975176	0.831467215566318	-44.258156032797274
2315000	2.426307863581033	3.863837767955513	0.8796566683040773	0.20626889208726437	0.49913336480408294	0.9798750932697474	-44.053791060905894
2320000	4.509766162576739	5.47194014239921	0.8035375098237706	0.3081844353192657	0.2580331433290505	0.7660812636899419	-50.79767834627134
2325000	2.4933918767806023	2.9480175658911802	0.8579943763544661	0.6516775069821658	0.22799207524025164	0.9802944951133687	-24.23564946317153
2330000	2.7384695645653894	4.465058139521872	0.7878203604934073	0.4766323300656665	0.2367389106033035	0.8699554462289801	-41.513775751657846
2335000	3.959894241916314	4.139729834505873	0.7752669815524765	0.3499728602838769	0.20901785612930673	0.739548255291573	-59.819800418181984
2340000	3.657563012382837	4.051784299698147	0.8956815843103056	0.2773559967707268	0.2264444413591268	0.9808760472791034	-52.6264313659613
2345000	3.39403697104734	3.4391586621131793	0.8485210390713798	0.43901551147879764	0.20444722991336434	0.7594050227696403	-49.19421733039524
2350000	2.835528398386619	4.4088222690324885	0.7705450064216264	0.4401874884564221	0.2686328316706865	0.9141481421221743	-45.18775133947128
2355000	3.837193395584442	6.800272842385653	0.7521267475830683	0.28388909664937756	0.2820992493554371	0.7129719041817332	-53.98748488400839
2360000	3.2512489869928713	3.3352638858398262	0.718128202098346	0.2883723035560256	0.2548065970055634	0.7205301868869295	-55.60674439232412
2365000	2.755667934596005	3.797329810631122	0.8113263828342083	0.2438358417213159	0.27482838872778403	0.9346116069905437	-49.948994136862666
2370000	2.5157549677363225	2.6459004042075613	0.7044543024281118	0.6452082883465912	0.21623481755961246	0.8811114092611195	-36.392694133225355
2375000	3.3404324986599	4.552445214912766	0.7767481529401542	0.36537944478292034	0.2673492414569407	0.7975324814511819	-46.53937307215423
2380000	3.1987929751021094	4.544602132325464	0.8820505233469098	0.38201510549329265	0.2646631597435163	0.7331405104197655	-49.830118754381836
2385000	4.282972778459575	5.256731146457901	0.8183359054205838	0.44714230255942145	0.20493114243758315	0.8361220158693745	-59.042735466575266
2390000	4.074801575745031	4.298777345821551	0.7544707320014531	0.2507909932073604	0.4032025881336532	0.9090104775278043	-55.56722971025189
2395000	2.3523441801237204	3.518506961354402	0.8055711325335997	0.5365091244117038	0.20015956599181425	0.819830850580796	-33.717366244789446
2400000	3.7102024793339807	5.080560079196026	0.8154857472439183	0.3509565167084084	0.2979017697302234	0.8113500664576543	-49.19634709489047
2405000	2.9368399966479646	3.294639167820732	0.8541378759576538	0.3940582658218573	0.21763109364858346	0.8300607698396028	-56.0811767669818
2410000	2.863390970656778	3.0199812421711036	0.7754982478918679	0.3451259944208558	0.22663230946648902	0.7154885464835752	-50.56727625786587
2415000	3.9796568728441293	7.239238818571634	0.7016002364236168	0.26668732410768503	0.2120134246149123	0.7233305066602614	-59.545980760951856
2420000	3.1132110751928925	4.814690623491179	0.7350181867856758	0.2093010102943323	0.26206368564773397	0.7691554093265973	-56.18570846689281
2425000	2.8540995356561805	3.190069509374492	0.8384353251793714	0.4507056596642136	0.22779119502243506	0.8643706975020483	-38.67394872830805
2430000	2.6228979618667245	4.464434183218766	0.8525529935506544	0.3961815577098015	0.30335217021067923	0.7087605937201721	-45.96589729215647
2435000	3.5041473566684425	4.8093138480273865	0.7039341397860567	0.3295936067295182	0.2545978286515872	0.8644518991574006	-51.67794585979172
2440000	3.772995157850069	5.2171320447455045	0.7522436696794262	0.24562315033969484	0.3519218510094167	0.8305884860955608	-51.212606096003476
2445000	3.516206890279645	6.1540700393416445	0.7603721825212524	0.3208995413659152	0.2516717709692624	0.7926319482521718	-54.92535936639269
2450000	3.483598611929238	4.643563016168559	0.7473979573494796	0.5059621076807479	0.25991566519088377	0.850972902309252	-44.42364960490672
2455000	3.428555474582375	3.8380530495318026	0.7524214863184282	0.4823844052297297	0.2182579936118472	0.7837656191134075	-47.25508459520313
2460000	4.174107189205326	6.578681219985916	0.7155394164969708	0.4009165676200066	0.21022086029629058	0.8054971638677889	-51.76693195572207
2465000	2.5398084346116385	3.190076278019257	0.8115489357661152	0.472860080501422	0.20506766415471003	0.8084721793695014	-45.98918333471955
2470000	2.24951299447833	2.79879915560298	0.8002418283752903	0.5922467520852169	0.21098144621484838	0.704424761007067	-30.734777005317714
2475000	3.3437819971120604	4.501261321937392	0.7168731629020847	0.426921620470082	0.3496217591207916	0.7368402849672736	-46.502916743267804
2480000	3.1523150550693617	3.621124902214094	0.8959913314019231	0.4007654688015218	0.29003920367769054	0.9394542781308474	-44.23705341371323
2485000	3.8159767149240653	4.174164385627358	0.7262081243763793	0.30299444696757416	0.2501581586348929	0.7527799825649798	-54.37404904779448
2490000	3.3139914653030473	3.6696650443487018	0.8963950488295996	0.20955357551289164	0.5220430418957922	0.836130323429745	-47.122594597229146
2495000	4.340038806584752	4.640462545145009	0.8878535869636266	0.4108572851092986	0.21504908986073334	0.7451387018981109	-45.573195448101124
2500000	3.0447625250782258	3.804762081736115	0.7150011174841436	0.459518036166293	0.30905964515876944	0.882939758056951	-45.77757431861086
2505000	3.2808805525166025	4.117620225438159	0.8567610728605155	0.3685561139833585	0.24017452009270543	0.7034845421583005	-45.666822099204616
2510000	2.324285157611885	3.2331320603524256	0.7617895386451937	0.6044589657725759	0.22772911339811489	0.7316284116298502	-31.570923636836326
2515000	2.47265073460868	5.496123259557478	0.7371549549626206	0.32461156385588713	0.33967568098494566	0.8710315376066227	-46.10971374456469
2520000	3.631059467564617	7.429534766118041	0.7590664310578162	0.3080891167034293	0.22481871785566898	0.7422744718624893	-51.11903180329323
2525000	2.9862923940016444	3.643518376075799	0.842535118570527	0.40961188769072354	0.21639638640979264	0.8606181528976322	-36.89117940143734
2530000	5.778619279287913	5.9861166229733	0.7574211988983	0.2552972848590306	0.3016126358158454	0.8809307840976794	-64.45360981897241
2535000	2.875669588619816	3.021510275019197	0.7515146446667891	0.39645187566553	0.34684137725457814	0.7837511984013665	-45.734544210464854
2540000	2.9249789106943056	3.1296122785707317	0.8262945900605901	0.43892914092651747	0.2618192238120959	0.7782606459944862	-44.7410298062963
2545000	3.835488531775784	4.732497556901192	0.798143314883987	0.3992473633589698	0.2069309446694003	0.946076837320035	-48.60740758514371
2550000	4.602357674643852	6.0092282881560335	0.7026738409835228	0.316434357386697	0.23572650860032143	0.7707976010160058	-57.13258108783614
2555000	2.24951299447833	3.2820506337763575	0.8957318397088371	0.5063871331554088	0.2554092485859735	0.9030316628288799	-36.39702410028573
2560000	3.080606749126674	3.7902440051783177	0.7895734391976286	0.20783147192542697	0.4594150899027624	0.8648464103077005	-56.96699535835525
2565000	3.5859496999142677	3.72451844436004	0.8663760365762284	0.3583485613811899	0.20257352280076904	0.8439747779784793	-43.41927490823121
2570000	6.619774210415114	6.943043065242816	0.7012467719696596	0.21214609209272925	0.31231376525013954	0.72050516166104	-71.08657719625748
2575000	3.4023598147611933	3.714915971762	0.7885422560510812	0.4620155332932269	0.20068040460004175	0.7718385516198096	-44.90937352204783
2580000	2.564811040966465	3.6026748692822106	0.7571789994985132	0.4654613399866175	0.20212613235308488	0.9314735309361853	-40.8727142899795
2585000	3.071821211940584	3.3180607577973835	0.8546476563807025	0.38949986441075685	0.28848793832697117	0.7991699837350484	-42.33070708236303
2590000	3.6503211023003836	4.118929176966093	0.8903434232726269	0.3299987156557295	0.23467948897790486	0.7566193488032311	-41.369485903000395
2595000	2.2789644061328533	3.638794473277314	0.867120064427825	0.5825218134998859	0.23410874023472417	0.9832584086057442	-28.501668301927868
2600000	3.4939949291819232	5.201589207713058	0.8088303358733173	0.35346457182732355	0.22943511248758974	0.9646151863543928	-50.18404942569978
2605000	3.37185459103542	3.770403009342762	0.7962384535863638	0.2721716259618653	0.26562462774932444	0.7853343970287884	-49.91623788302437
2610000	2.6119129198064224	4.889853403530623	0.7672000780340117	0.45512924642534475	0.23288587804212085	0.7780396905377794	-40.919481486380334
2615000	2.8111373738219725	2.8214197928910894	0.7725955697336444	0.3170201729314391	0.2298789686493067	0.8956072777596628	-47.64113384134326
2620000	2.970205513511176	4.42145835742454	0.7933217178073269	0.4410783681736564	0.24099003084314063	0.8418318223667023	-46.85587142917026
2625000	3.1327085196729407	3.2489556479975152	0.8515023581898917	0.4289412716839136	0.2115232357517381	0.833229550293674	-38.62639743652063
2630000	3.3835460021378814	3.5585130219775545	0.8477704860853227	0.3900637100035061	0.26238779878358676	0.864535316383644	-57.09617382993207
2635000	3.5292000188220403	4.776742994985737	0.8035997681489696	0.4608125750957085	0.23144333886649812	0.7784339092446498	-44.87499737910793
2640000	2.568921982945537	4.14513296415203	0.7045098062364378	0.4392400525929046	0.20125391751460928	0.9766710504580604	-43.246301468922304
2645000	2.8105748933514034	4.066101401347995	0.7932967990389334	0.35883258664689216	0.25935543249384974	0.7161310760797623	-52.12505171028227
2650000	2.4471543670697593	2.589582658539224	0.8837595109321218	0.3293836794001018	0.2466904293026494	0.7745904947770537	-48.32922578449341
2655000	3.7770790840379695	4.280357538935095	0.8538047948666253	0.23665487467147814	0.46927526824026566	0.7019091442090334	-49.27707702654271
2660000	2.489203290440509	2.580326905286347	0.8838795189826617	0.34649834088539555	0.33344474010190933	0.7999280732010613	-41.20870634720189
2665000	2.4694108145445317	2.977861344426794	0.8284857871019835	0.5327995414434302	0.2114208694972326	0.9400760602317548	-43.5766274680878
2670000	3.038807759026426	3.4911222844653214	0.7907117915901636	0.5041736473910147	0.21320510358686773	0.8663927277788667	-45.31019602927938
2675000	3.57466286719594	5.035437946002134	0.7393567284561259	0.41293181011508934	0.31826122706847393	0.7680790490239613	-51.043380999023874
2680000	4.637833717514315	6.46655264523584	0.7270053185646338	0.2700994948550082	0.29642571447513916	0.7912045280785508	-62.395613668961644
2685000	2.472722093537027	3.0202615896617697	0.8622963120109833	0.2208394176551683	0.4087437279629872	0.8900671133127155	-44.65447603627218
2690000	2.7856750609545102	3.3206291767577523	0.8650663722206055	0.27466845099284276	0.22063606970244606	0.7608254841308264	-54.11515133577479
2695000	4.049138651484614	4.620829811693049	0.8587613502751362	0.42900106588988496	0.2470205423563583	0.8346596043162613	-39.95156767330617
2700000	3.2501093210234777	3.37915460883919	0.8566238953471474	0.26146663769656664	0.3205459841821285	0.9779431007885665	-48.78587406189547
2705000	3.7107204541159455	4.8959132430781755	0.7633432808104917	0.2092363184477976	0.2150208748458193	0.8191320704630829	-54.42334739490017
2710000	4.509857378235774	5.882670085742072	0.7024369072167661	0.38855956208141273	0.21559454701598935	0.709500336274328	-60.743755597412466
2715000	3.7564811986727484	4.591805862249144	0.83393510283296	0.22439032139407858	0.38921024823466066	0.7061306461682518	-50.8962600341876
2720000	4.5788098714759204	5.446273659119379	0.827655198019682	0.2486264388137275	0.2189204972333557	0.8745765352003757	-59.45581130203261
2725000	3.8247693009039674	4.042457440107215	0.7154636116777646	0.35366113652327186	0.32823076841999344	0.7667651372191868	-50.290956643041625
2730000	2.640425939870202	4.0385325061254385	0.8032407107671902	0.5498427281815915	0.2019768547618293	0.8809242762755013	-43.07100295537184
2735000	2.9872542376004394	4.165823682621575	0.8396222064052535	0.26121048236909616	0.3759483497912941	0.9000722333908716	-39.89492852556322
2740000	3.7477269819932033	4.87136947491713	0.7295776561351905	0.48557015691455896	0.28274706680122	0.7641734042194969	-50.39250959960383
2745000	3.34984789978294	4.740968919220925	0.7971182115836176	0.2138170255791899	0.2843885816274392	0.9025746188564379	-50.30366851010206
2750000	3.5074497703992797	3.8887313895524516	0.7908912000641051	0.39492221995188215	0.22081397585740536	0.784891371214822	-47.45975192310514
2755000	3.960483406280117	6.461355098933389	0.8481006688951248	0.23468627666445308	0.22930029195651008	0.7457027787593322	-55.453828129396825
2760000	2.6725590293544594	3.224299111659872	0.8000028143647968	0.3751165919781302	0.2758189122879341	0.7891028376466532	-41.096172018042665
2765000	3.0927175979317134	5.521192634977224	0.7568294148270276	0.43239636974823964	0.23559501071357275	0.9722422545342083	-53.455639189065764
2770000	2.24951299447833	2.947680228880783	0.8046519395536554	0.29208374507134144	0.29997224701410496	0.705493507573952	-38.374553345662385
2775000	2.4677176690159137	2.532893072481343	0.8502355378298466	0.4962454039649101	0.2695020624625825	0.8270976586824366	-34.302766900546004
2780000	3.1123011998614305	4.196458718673506	0.7393721123658974	0.24508802107680353	0.3345550303515904	0.9117373275493348	-53.9637541936573
2785000	2.24951299447833	2.671312103725291	0.7885485265104412	0.4543567508322389	0.20250468599726573	0.9590737190399158	-40.918419400628146
2790000	2.621095869005858	3.534705999354207	0.8152137760389686	0.3670227138302092	0.2770663287121969	0.7506262832264279	-45.968381057294216
2795000	2.371708793681107	2.5158757120019337	0.8972239138116223	0.4903177609616507	0.25504096458525227	0.9480150725122113	-31.58931820122441
2800000	2.9820338463849154	4.616100594390424	0.8357979847190017	0.34679221700403284	0.22277728086992	0.824066105473697	-53.51709594083507
2805000	3.800881320683764	5.506092148821156	0.7073434658767036	0.4879670023325832	0.23367974843783593	0.9576494101137003	-52.278882646356955
2810000	4.913278583760155	10.727171983098003	0.775726676477918	0.2962513265394825	0.3703851900470074	0.7227337178365221	-54.23251677931212
2815000	4.83256690237769	5.699351467327839	0.8516020114716399	0.28258972172064506	0.2913498945146786	0.7572230574664953	-56.505544935132335
2820000	2.60908278412811	6.596410147141864	0.7471234184505365	0.3661833087817679	0.2586223744068345	0.9600678280531101	-52.82681002782907
2825000	2.615312192440099	2.6692389626033832	0.8660125886974115	0.4197022421458122	0.204720435139576	0.8601366367012948	-46.50037936951513
2830000	3.2585664504332263	3.4368780711122087	0.7723381679437179	0.3828842440671561	0.23075741495450877	0.8668150317104122	-42.35008555770703
2835000	2.6928225782106927	3.2080909322492976	0.8231934614387804	0.4488762490184475	0.2165273953764407	0.8704299453275628	-39.8380810432316
2840000	4.558481746663263	6.226396053558547	0.732981532594337	0.3105343798926033	0.38041724364852875	0.7088796616438244	-56.38413871566099
2845000	2.8742110835640196	2.9835668808851197	0.7779835360043404	0.27190337811262943	0.2549218458879598	0.7142102808081707	-51.07590251140655
2850000	3.1376303693710925	4.582708753673578	0.7611421735023677	0.30821492340261314	0.24453750419521753	0.831002463759062	-51.241643348696996
2855000	3.0153481232751824	3.760225303054859	0.7994704922948778	0.322376150517096	0.23993938739734008	0.7635908095590297	-49.98003289911334
2860000	4.121191764237128	6.383963552732893	0.7024723724854437	0.49507852530710067	0.22405098863969272	0.8234416091971406	-47.199913630548956
2865000	2.3480822135882167	4.452954560873973	0.7843470641753926	0.6784018854246822	0.22639822860595224	0.9963943165888859	-28.078221482707345
2870000	3.139527468232835	3.2967735110954153	0.796076669230346	0.3252385115894953	0.20064124467016747	0.7385959273198155	-52.86720491890073
2875000	3.2692237815202776	3.7077768269341425	0.8617790674331414	0.31202700215797935	0.2565549999468373	0.7557580037161629	-44.92536370195352
2880000	2.6454421808098507	2.719560392277397	0.7501360353789134	0.6596341602600779	0.22135259654224052	0.8382388544447508	-28.081206533611656
2885000	4.449371975203992	8.04274082363685	0.7782045516553656	0.20670237034763667	0.4829091218886812	0.7294922285913095	-62.95436257789871
2890000	3.7393443943744695	3.9469048288148865	0.8211795613019057	0.5245188303690146	0.20819627801824597	0.8491380950925047	-43.6520762966237
2895000	3.3805032957963634	3.6318248473677346	0.8372652404341129	0.21150262829629726	0.2687536822798029	0.7449893746614392	-48.54153023260551
2900000	3.432056966106011	3.454357474094026	0.7060004488615278	0.43486592386980194	0.20927838793319023	0.9185306827523588	-40.462701623764204
2905000	2.3195947878993	4.092776572663768	0.8542893019402561	0.28979064837036655	0.4307106369467776	0.8141981978168781	-52.38403572199515
2910000	3.8791318131819255	4.574131699577816	0.743128570010687	0.3132743692681635	0.23060778057405376	0.7871714355820687	-55.10410016112705
2915000	3.465104269129354	3.983715703643545	0.7525702814058773	0.2730785165473136	0.2347649546110304	0.8450162757648503	-53.529456327128
2920000	2.447669674267697	3.4439192176195363	0.7311851080131985	0.39558802251477093	0.2187413513343087	0.8426503226124132	-43.3746917045275
2925000	3.340557704161965	3.4569494784881276	0.8082445780529389	0.37942202693527266	0.319026153080975	0.9324996074785025	-33.407463476687035
2930000	3.105770232232019	4.969604561391005	0.8199361368051417	0.4510608109987881	0.2667331018206831	0.7409097323248981	-40.92404428183022
2935000	2.555611752624793	4.278404171009044	0.8741877203260251	0.266101261299293	0.30119538356492814	0.7812668259390411	-49.0893478867388
2940000	2.327500769915497	2.3751708189271086	0.8134828651069997	0.3519755946938534	0.38045285725094846	0.8079413657568714	-37.289365101282264
2945000	3.3445758495678195	4.459319964006116	0.8493675648398942	0.251944789087802	0.2531633929986914	0.7288375525143982	-52.718066491370905
2950000	2.584999810872234	2.9876231681412984	0.866761778706093	0.23030498059728324	0.25459399196006827	0.7422909980816835	-51.661801191047545
2955000	3.046952190607738	3.501087145110164	0.8564658578615683	0.20835200648120894	0.31970786984454364	0.743050391312307	-53.194683661433025
2960000	2.7760812641040036	2.8051981945581006	0.8214083436875903	0.37739887316254606	0.30750839284740566	0.869420908473777	-36.24226345861725
2965000	3.182501532225918	3.474393628696927	0.759375229256122	0.45644381077559	0.23556169411914302	0.819288852736718	-48.52303485413792
2970000	3.3980121358229316	3.752040206369301	0.8773240496703533	0.34639940485081516	0.2320880572672947	0.777646848689447	-47.74145259238718
2975000	3.657277754834773	6.375731407003813	0.8482381214237322	0.21777974968330913	0.42074942769185647	0.7248374698658807	-52.33346184246206
2980000	3.213826015840002	3.5552849404079714	0.8250188396990545	0.3167787423994637	0.22630925155751153	0.7077088764709948	-40.02781829384253
2985000	2.9931669442072844	4.1970536640415315	0.7732836072034535	0.2898968017165011	0.31497257186737637	0.7018176447348354	-52.54500848304113
2990000	3.547392399492231	4.449681076050621	0.7686722651482708	0.37236827029879926	0.24306050597792278	0.8882146407381074	-43.86850640623314
2995000	2.605946423025576	2.9558720373508907	0.7334878826561816	0.3502592573405919	0.2153148711709704	0.7726224286827188	-45.645091166665246
3000000	2.45599435325654	9.275283461358988	0.7068901977171643	0.37607611106030037	0.24733293148751084	0.918782263441443	-42.81380740301429
3005000	4.847759946489181	6.41506285654137	0.7386215503424463	0.2583253209958407	0.22354363974172017	0.8388515607804576	-59.53953915454224
3010000	2.5281569078950636	2.663567986162607	0.7456180026115303	0.5087621934494102	0.25712932119905924	0.8042407588836182	-39.22253174350841
3015000	2.24951299447833	4.055615927431323	0.7546790111648433	0.4797621947547705	0.29603580094598475	0.8089062966197461	-37.42253225217124
3020000	3.542166888071187	4.2294534096232965	0.8691792790454904	0.4530938049244561	0.25613186980661495	0.9098178585475816	-49.70693767193864
3025000	2.3047685306873347	2.6203392294121777	0.7029944171593202	0.4783031625967969	0.32076462896828106	0.9770348908547744	-43.400966512364285
3030000	2.24951299447833	2.5785497906596326	0.7889490063103715	0.3277527178816727	0.29781676135164753	0.7332680859017949	-43.07539609927924
3035000	3.116089532637396	4.1682663077593505	0.8392673099334373	0.3430514298489276	0.295580844494403	0.773439029948998	-38.5071376155973
3040000	2.5361984784228397	2.9374656862397717	0.7913789581044435	0.27832643278222674	0.20425500555605813	0.8945961019197002	-48.20535000160708
3045000	2.9435576744173946	3.5434518637403802	0.7655136213748999	0.23106227747418348	0.25461988821944515	0.781896793849915	-45.483317337216754
3050000	2.9417409717620377	4.0738958211429805	0.7516372577377849	0.4256913851372584	0.23826953446465216	0.9131572797833417	-48.20253051645647
3055000	3.354062680055021	3.892023865627903	0.8223523707029208	0.29431818030378976	0.25731476561085315	0.8260999372261671	-58.650807799092306
3060000	4.683473778617401	6.1876949306667965	0.799904181743186	0.28151331128910667	0.2074686246063457	0.8926438463621562	-52.69375661027915
3065000	2.4654954781664378	2.473975110419048	0.7286913167897765	0.3801797199072509	0.2678636900563572	0.7234769568410861	-39.36152106085663
3070000	2.739564520481896	2.8475155304197246	0.8965425816771149	0.4808290764620558	0.22472044245798667	0.9976938136851973	-37.016555404513866
3075000	3.5577163227885324	4.053864678669281	0.8220652224351055	0.5222852081827708	0.22148143764533731	0.9470002341935484	-42.99997333989751
3080000	2.9749873439599455	4.2531080521426246	0.8065933320389941	0.23689176493441627	0.38754372631052253	0.7613034775870227	-50.74008747883271
3085000	4.989706333831895	7.153088708177808	0.7364016673416119	0.3225323486885467	0.20099645499726915	0.79243341369491	-68.37481146099111
3090000	2.8524193421391177	3.282734602136691	0.7899392854396614	0.6254591948395367	0.2037284495993663	0.9508097269687037	-34.93852697410561
3095000	2.6908939059225663	2.747044563990072	0.8235474327221655	0.36726019605999277	0.2620029998549418	0.9005680546150692	-40.66181564570754
3100000	2.8615228447799717	3.234110759313204	0.7593960371252315	0.3282002452771382	0.4380109209670273	0.8657368910019815	-50.54790338283302
3105000	3.143667330100862	5.2829474520391235	0.707886079968706	0.27489092525141434	0.2654110992196594	0.768685300388304	-54.73656090304621
3110000	3.923577833741344	4.001019038006527	0.7414223334722776	0.2444986460238027	0.20772360032906367	0.7457790149295224	-60.97278638238523
3115000	3.9158973149558793	4.344001338107707	0.7801563755422125	0.3208362585595503	0.22370127778012877	0.7930255776964077	-52.95058765793696
3120000	3.086729589775865	3.9861511650736396	0.8290456936117908	0.3220570272952513	0.32632342787221147	0.732169185380915	-46.254637069410265
3125000	4.960420531062723	6.536422780959921	0.7043638903521857	0.21484275723580956	0.22857973751345398	0.8843470158000274	-68.8252389122834
3130000	2.24951299447833	2.6765485773053266	0.8366570773596221	0.36693148191496217	0.24035062430764595	0.8609103138000334	-41.648614682040694
3135000	2.882837575546462	3.734470646482188	0.799029682804555	0.41164174315840746	0.3098788105566869	0.7999841449480896	-37.966992318283324
3140000	2.256855680757571	2.6117583561073063	0.8879626290973784	0.4190346017874694	0.2839597173474058	0.9391746528842834	-39.34796319594851
3145000	3.1313626432885022	3.3611267512589222	0.8925006466553214	0.30381806386204674	0.2579981800868503	0.7673457788636959	-48.93523115696956
3150000	2.983197505087044	3.739900401323192	0.8401623649172104	0.3853580406692068	0.4136459307332511	0.8995094900291714	-46.54073442912888
3155000	3.529157616769142	4.3222586813543264	0.8464668779784548	0.49268975432295714	0.23802381759799637	0.899414885380538	-48.8324372931793
3160000	3.0140785340091027	3.3825617700888824	0.8927128677427221	0.35963693155811666	0.3053026027305192	0.7840380778975323	-40.837397121949486
3165000	3.929544238249911	4.0972532692697134	0.8309643499181079	0.35049017894676626	0.27896352864482316	0.8439545791608166	-46.637561368539764
3170000	4.069455111136299	4.510106238341383	0.7415599977048373	0.37367143856642726	0.21193302831462854	0.7555810685544955	-51.47735071194405
3175000	2.255766544031901	2.269320888035536	0.8017558478245584	0.7488388777784932	0.25390784775725517	0.9982804606801217	-15.606898877975148
3180000	2.30001326302472	3.693508381868271	0.7327534138121563	0.4894079623796473	0.21659414029540625	0.7145919561836104	-44.07683827690369
3185000	2.588263559940013	2.831137346102165	0.8705465981544481	0.4684754213280525	0.2087719271496617	0.9644837983978782	-35.712905088074294
3190000	3.0553045109071033	5.090409158164745	0.8492471469578952	0.34530010208616274	0.25390837994006277	0.860031070930266	-42.23559878966562
3195000	2.8742853962739474	4.686337172296473	0.8137577406468542	0.41242818161026207	0.2392651110705517	0.9016760889620632	-47.95462791458378
3200000	2.6001165593704694	2.685331479503472	0.7181534422584852	0.4509168825679408	0.20279756443264232	0.769541487056393	-43.12036970004923
3205000	3.6538370715379838	3.9627638376965177	0.7845015396563478	0.48506012044925734	0.21632129002961675	0.9396400751477899	-45.28166850122433
3210000	2.8898627424077628	3.9721328970182093	0.7613674704801217	0.3268033921704349	0.29059122981824764	0.7480375096357068	-45.24599122302228
3215000	3.059661371900925	4.676193462471914	0.8483536348524677	0.45370448435901956	0.26344704798129426	0.9052571415779594	-50.69528558641467
3220000	2.24951299447833	3.6540449419969403	0.8865226322792203	0.4978203745417256	0.2145719549329768	0.9423087151175771	-33.946599728814434
3225000	2.254205808149002	6.378794459070624	0.7625197495144111	0.4036711441019181	0.3432731166802741	0.7758532707082257	-44.75676842350505
3230000	2.8540562472044875	3.1250459102390478	0.8190873770513037	0.38721263848007054	0.24026979006253227	0.7602531722548221	-49.83065689848482
3235000	4.709695722038852	5.7022887814633645	0.8317907189943197	0.3278561888499125	0.25736561749844616	0.7862778242260265	-60.61758344106952
3240000	2.6319763961720617	2.7133464690656917	0.7572297668998692	0.4310230588870678	0.2584651886430679	0.8364519402219376	-44.34975058632636
3245000	3.967911487690086	4.684722276549932	0.843525386449656	0.3664596662755535	0.27102472498809027	0.7333943816953391	-59.68032175623393
3250000	2.24951299447833	3.259100579475012	0.7632693776785108	0.45063741677409497	0.39317434898440046	0.7312445634846333	-39.548582764210906
3255000	2.3685093050368216	3.183826941868627	0.8995236438305345	0.278247752810006	0.2750947919938296	0.7420852554936019	-40.88861012987739
3260000	3.360259981502753	3.3940807250616825	0.743370242594807	0.3410486916380903	0.21814553746798218	0.8938425773874971	-46.6149711465849
3265000	3.6531367761086564	4.5639485913591455	0.7855732215092229	0.4092834678450693	0.2605554467050454	0.7917619407593843	-43.05828062768341
3270000	3.776182641097948	4.301910572121344	0.7066984374070695	0.4091636735632458	0.24476667257370913	0.7575160589867994	-56.47645926043557
3275000	3.134688853247039	4.1050767504579415	0.803623531974505	0.2975629123144442	0.2034049935008076	0.7266059044519534	-50.450280266962736
3280000	3.8002026044076285	4.05936480420105	0.8622613394596813	0.2181547376303058	0.28957259478269165	0.8549450940078505	-57.857623358085455
3285000	2.506909582574806	2.5874800733612604	0.8232931833792534	0.4433481804216144	0.23085704404950133	0.736250022128383	-40.77384052358516
3290000	3.1404598633000065	3.79969078096777	0.752324325415861	0.4393216781510116	0.20282967908503327	0.8511445145245016	-43.93067385144649
3295000	2.24951299447833	2.4099645139581627	0.7260741768637142	0.637248192733043	0.22485751109613478	0.8081408818816936	-35.09652154806117
3300000	2.9698922613487637	3.443460934702141	0.8824227061971859	0.5206610156122933	0.20001518428542106	0.8290840829901698	-37.75780056312988
3305000	2.24951299447833	3.421025769976629	0.8744697279153627	0.5270784014431765	0.21767936066880933	0.9717356700714097	-36.985407843465474
3310000	3.0461586436189494	4.272979711660438	0.7552378843412921	0.31401888482492	0.2295572589752364	0.9165289815671529	-43.736557967350066
3315000	3.2307148597712825	3.5206514270903453	0.7348123339629874	0.2888098613555368	0.24829067021433582	0.7692956646604832	-52.67197207686857
3320000	3.7834036641374977	4.6425234822062755	0.814027903384352	0.23719211920810432	0.3047084778277915	0.8497048132261644	-52.43258297743175
3325000	2.4015167931288435	2.4753784227015907	0.7709904274411845	0.5722355944188409	0.20875236192605134	0.9001363223395225	-32.21993931744461
3330000	2.24951299447833	3.247528672247776	0.7858036944699156	0.4735032173270863	0.2263067310863243	0.7179188903818274	-35.67437909549419
3335000	3.9814980446040393	5.582436157462916	0.7636014500865493	0.21356660690339332	0.3812214484493552	0.743625939513819	-59.86829396428754
3340000	2.24951299447833	2.275714055200175	0.7461330447615557	0.5421031909394572	0.2357322274891705	0.7009110059304717	-38.525791243388845
3345000	2.6744873306127155	3.8805692327510797	0.7756929233925283	0.4041007691889168	0.2458618462428833	0.7862896912943764	-44.08349427021974
3350000	4.0096564807401665	4.05305804998221	0.794954116959725	0.24148737290868333	0.2429587638500587	0.858969402190784	-61.50618644467958
3355000	4.187892336528526	4.238519387216599	0.705989679191013	0.4644680671257573	0.2272085293655694	0.8622261230805819	-44.92684142378173
3360000	3.506550728762711	4.447448224712957	0.7573232644350397	0.5062394715029476	0.22597936600639196	0.874245904811988	-47.30326302057696
3365000	3.511988858579434	4.548648671822538	0.7648823918305766	0.35293715298241396	0.20373496243833836	0.9233729867509022	-49.58067666236337
3370000	2.5230311185064545	4.142371303897623	0.8785815095345756	0.3022907205670357	0.5280760590455273	0.713933364045076	-46.89861041696048
3375000	4.6987019319025265	5.465732245148108	0.781117157417998	0.30981818468754646	0.2657565740009506	0.7985667022235412	-47.47331811900132
3380000	2.3003228190985388	2.46192812217692	0.8336360618736987	0.5464418457163877	0.21815664649200467	0.7895633403746272	-34.42781384522643
3385000	3.997977075231471	5.568045767776889	0.896833276288887	0.24280520258342655	0.32003095529616393	0.9462874422859129	-57.1025176538705
3390000	4.461104008092083	4.854117326359986	0.8608735357472739	0.3083167402248447	0.29484351612921184	0.7672526167571787	-49.967498225221355
3395000	2.735351842480367	2.8369725317426724	0.7078767348202166	0.3506051717678353	0.2249696376378693	0.7308408758328966	-45.029638668557105
3400000	2.6858075055654087	2.9837684195161835	0.8370290419773686	0.49520919088031	0.2881492930934292	0.8770415114735517	-39.101583707881
3405000	2.9107974249090027	3.8028058013258748	0.8907170443839101	0.31487043635182355	0.5230264639240564	0.8770711072805853	-37.78290046879035
3410000	3.529086147197406	5.713248594513859	0.7865115814960332	0.4086243583441244	0.20123640850848032	0.7506355525416667	-56.058791921263015
3415000	3.935147259090629	5.324077070831394	0.7123290901698328	0.45731165259065615	0.28224286753407296	0.8488195020594563	-41.628256195342296
3420000	2.8586767005772042	3.2156633970811863	0.7104869693505913	0.4463960433070525	0.2640477954404334	0.8158968719824347	-48.745592035179904
3425000	3.311127668370009	3.3898584294795295	0.8188503919808209	0.3335908697860263	0.2167107638322824	0.721369313975862	-50.8176719323143
3430000	2.4978986786950723	2.58690032681091	0.7155126479538426	0.4141632945251901	0.23268262148115687	0.8454704837607534	-46.318714167145046
3435000	3.3608201347582627	4.244491183652241	0.7569234756527078	0.2825420096829782	0.2511230776864236	0.8935606013735083	-50.86805958723123
3440000	2.9251903638298438	3.9484471593437784	0.7159033105749935	0.21710107372735626	0.35426452473569336	0.7302271804834268	-52.93475932443109
3445000	2.5801499289846745	2.7516352171897056	0.8908993552930433	0.3506146899664528	0.23813873803122312	0.9241505934424682	-47.50124011508205
3450000	3.588423321926285	5.5983975950873175	0.8908317626204799	0.3313706713174999	0.2810559943060695	0.8311343671995238	-52.75993165772353
3455000	2.261560557704022	2.345043289569548	0.862915780007964	0.6012994099691662	0.3324647289487914	0.9732110240665129	-29.033117274149237
3460000	2.728920894354764	3.2850284933524234	0.8193836656118585	0.332320986610568	0.22940655779444263	0.7698725700624466	-41.69764451279379
3465000	2.865130221672406	4.046563614222074	0.8062772484712616	0.3298322259428422	0.28526920336595596	0.9923463410166735	-55.33779107376899
3470000	2.415491396702418	4.048743566439653	0.82021430013002	0.5797365562289349	0.24045507347724768	0.9532743949483525	-28.652209340562695
3475000	2.249772581788268	2.716157778117392	0.8977965437467071	0.3905193675550417	0.2698839431238742	0.9283250675980319	-40.457562172541714
3480000	3.539958600207909	3.8814546760011157	0.8626616582448086	0.34302238148567016	0.22501107405900886	0.7735950890548149	-55.21555028551129
3485000	3.4022625829563298	3.6756153418385566	0.8297990910061519	0.4181450007325794	0.22403687414427584	0.7831572684293234	-46.417953796149504
3490000	2.6535049609355292	2.9840866384903726	0.7671305325790182	0.6030000394772727	0.2514057941791045	0.9140755425282843	-44.600440914672994
3495000	4.63065719133896	4.793161394474362	0.7803950705413463	0.3276545684657204	0.3420002930441067	0.7677008942852319	-47.11662817797181
3500000	3.392376327222276	4.420619338897997	0.847124517057304	0.49984935700791355	0.23894267206836217	0.7930299020495241	-37.59381896242987
3505000	2.684508906315485	3.932751533306253	0.7933093302698474	0.33540509946797986	0.23732022377345588	0.7761188333444397	-46.63563938757162
3510000	3.282845296460228	4.062885805963331	0.8348786421734244	0.4698092768190072	0.2188901405012664	0.8715752840614538	-56.55144473024617
3515000	2.3193591974374552	6.151618395101919	0.7696852447970464	0.4920203959172227	0.2366925637817314	0.782176069351093	-42.73029714854409
3520000	4.9171118269317295	5.144535624028912	0.8081453347193309	0.2000858861369259	0.3580285623468148	0.7638041195517067	-52.511396160319755
3525000	2.24951299447833	4.0173004103263885	0.8987263822790157	0.4884833337724377	0.2898252254800655	0.8580063876246495	-40.7695564900212
3530000	3.877021824350499	4.005819983370698	0.8018294004071356	0.4068430547824407	0.26107280463719645	0.7779816361145908	-50.44444754579775
3535000	4.01433468802902	4.387015402852428	0.7583791180862502	0.2299710964196366	0.39114012478514915	0.7869670901999446	-63.430313606749685
3540000	3.5725258765177026	3.7836720351209663	0.8681060120981922	0.2797369747163653	0.2157275066552335	0.813823099472909	-50.18647584000847
3545000	2.8021873687119085	3.1135983803911076	0.8510276953009961	0.48897288490546653	0.200148778368832	0.7915166944603305	-55.57841881650941
3550000	2.307174930511754	2.5972691791434777	0.803716733217519	0.5307486370089246	0.26321782683621264	0.8547963834921091	-23.576314622409523
3555000	2.4264256640141415	4.421379976042049	0.7970350898043698	0.33194877138599277	0.3662720975863746	0.7323170030828322	-52.90767616187913
3560000	3.339460443676939	3.746173413693697	0.8995743870369679	0.20730316340452914	0.30294727338897876	0.7094676570779322	-48.91402270027979
3565000	2.868325829799818	4.041774502907218	0.7822411478098882	0.5064358652661725	0.30103273982819073	0.9651231136792712	-35.208972593916904
3570000	3.99433098892729	4.07158789831289	0.7239148338254194	0.2982190600415152	0.29949497584654566	0.7892267517807882	-47.897497910408525
3575000	4.602718687544327	4.756792217616351	0.7052745302639767	0.3284005639256708	0.2878298268421008	0.7317367099284073	-53.52515605324934
3580000	3.9595578170068007	4.428382787445455	0.8047174632251919	0.2168218304162161	0.4534988403170332	0.7334080958981185	-54.98113260830001
3585000	2.864985957033847	3.0796548247401874	0.7613871944649151	0.3647250342582822	0.20302325356122514	0.9392645376477572	-48.7814951632994
3590000	2.483095235218394	3.1671720233202887	0.835347674724981	0.3506982866922203	0.26707349957884374	0.807740345723848	-46.11504590817395
3595000	2.24951299447833	3.379445330371059	0.8142563869582801	0.3232747756819595	0.24987924946265164	0.7286511571946619	-37.979721577392766
3600000	2.532976274047037	2.8932853549483553	0.8752985272110547	0.40620977031846833	0.23842488799416167	0.8933327110328424	-38.693022462920226
3605000	2.720435895567534	2.8636265696949414	0.8652124231511404	0.42309483008357646	0.24202814204850362	0.7153509179956343	-43.6375573950867
3610000	4.13293184329318	5.7244378035329095	0.7991915083468587	0.25750239547115156	0.3502177016895623	0.8516893485614802	-53.95312444967172
3615000	5.062825768672153	8.387808491039175	0.771299560025579	0.20208157184843553	0.34425713511640693	0.7138997916767533	-65.80860625215479
3620000	2.6345739422114844	4.629751709305171	0.7943539357092492	0.4134424872828362	0.20418281370758914	0.7471339228250204	-50.2839012740013
3625000	2.8011089255989114	3.2218524882286173	0.8011990445781894	0.32448550905483836	0.2640011048973995	0.7828534184022546	-48.065057047363254
3630000	2.3742640370081483	2.60937073403411	0.8168014100963185	0.6592290265376309	0.2122917712739646	0.9705258328397214	-19.945135196035853
3635000	3.2662533814318198	3.4096013253630217	0.7675933734822844	0.5241754750817618	0.2631335905893972	0.7595510946953379	-39.612611359322614
3640000	2.97155972003515	3.3153293868680027	0.8472587951545812	0.2848337828851557	0.4289371028986963	0.7938448483107703	-50.8534392423584
3645000	2.3508975620880137	2.88825933870738	0.8801289260547318	0.5353094856352538	0.2110331377376575	0.7703123872456771	-32.01083477893724
3650000	3.627971143695604	4.381477392796993	0.7025965543347901	0.31873721717135145	0.4112235457582831	0.9420562083615984	-52.56066391910906
3655000	4.363656161290721	6.3351528603158895	0.8518233139077156	0.24778655119611043	0.41679106554261863	0.8196454942693943	-65.31653212768009
3660000	3.7359896398078334	4.971080994226226	0.7908675595397208	0.4033170812987558	0.2551800667915102	0.9488301419189323	-55.144058778425226
3665000	3.6551441943856595	4.448537374748904	0.7273377045364544	0.3752703895518446	0.28170436673511123	0.8088139691974876	-42.704951631367756
3670000	2.9974007134699936	3.590208992943583	0.8685204543479447	0.46934560199319786	0.3552998139713713	0.7073419689610155	-43.09093215372362
3675000	3.0297040676747256	3.257315910425069	0.8274129522982754	0.31215258670860724	0.3134394612365749	0.7185062643567267	-46.707415745059315
3680000	4.50871868440496	5.700397423841915	0.7600895357594956	0.3423889926005542	0.24886516583928522	0.7078623243217977	-52.698440935591194
3685000	2.2762702450099725	2.2908522031920424	0.8652291039896872	0.2172287290644298	0.35929031780103193	0.8254544940992793	-45.65898862106706
3690000	3.169160058688735	4.326612573893194	0.7772340479827199	0.2981473137970275	0.42844885507147396	0.7960402916441812	-46.94200876150565
3695000	4.343854729428409	5.117238099099551	0.7492447503267333	0.3586069133267705	0.24086606707496483	0.7010275370372334	-47.89962146173934
3700000	2.974130414879745	3.5154122677347	0.7755795666307437	0.43186297975185134	0.22987594709874792	0.7195000060561724	-53.35668493391974
3705000	2.768198571358033	3.186524393162936	0.7141571797636658	0.3700896971083338	0.3159006466164757	0.8187141961357917	-50.73203805885001
3710000	2.64136385575459	3.403088775839604	0.8296902649356513	0.3902562012370683	0.32430841307410274	0.9104473040409043	-32.537971738136605
3715000	4.349543790479539	4.966989682159337	0.8141117169640399	0.40265920409889533	0.2410176930657356	0.7163802271554689	-56.28059723272306
3720000	2.8041629231592426	3.2482444722796693	0.7414663743077679	0.42499448320733113	0.23216773058157966	0.92696359852456	-42.44626933585259
3725000	2.4719790188174917	2.9035324873344983	0.7491465016992747	0.47860148768183164	0.3124312018366536	0.9878335181094584	-34.88006108751534
3730000	3.087586003847638	3.2490570359980664	0.8088492533057524	0.29527982021629273	0.3742919900101776	0.7771769123475707	-52.794524065440015
3735000	3.2787094206447462	3.3206777583474194	0.7716600348768571	0.4617394902830428	0.254407810880183	0.9702085829534125	-47.739429737290195
3740000	2.3754918467512667	3.1564595789206282	0.733477118685919	0.5035981136586171	0.21322102532512516	0.9490585883722557	-38.72691997449385
3745000	2.24951299447833	4.363912630768329	0.7714868501352722	0.5615685926960122	0.27456009298858897	0.746082715638157	-38.27895865793766
3750000	2.7289808862066787	2.942546952952099	0.8068366473330526	0.23055620540318555	0.3273377490899867	0.7717985000859144	-48.22576633372937
3755000	5.236879708500472	7.2956780282381875	0.7061332196513026	0.2931340142336478	0.3487854634033695	0.9650219825369092	-60.48547007540177
3760000	2.7431957336251944	5.268973764247749	0.8411861557906155	0.3691190386284978	0.25108189148090065	0.7288913320103145	-48.29692494523344
3765000	2.329087957656854	4.123891515328106	0.7138309172310932	0.3135893924310371	0.2216386091090633	0.9077270489434851	-44.91318029769328
3770000	2.6171526258967	2.7619611678926046	0.8131426335493054	0.38180591306307554	0.32118822141303704	0.7263413124652157	-46.841793122773325
3775000	3.598461900095833	4.241391939170249	0.8265247106119259	0.3255826013483479	0.2300679142489457	0.7272927285559354	-50.48686024417725
3780000	3.4612834951594813	5.160797253850765	0.8546841089959585	0.29029659864547175	0.281941451067534	0.7572085504387076	-52.61384099963792
3785000	2.59360955722195	3.5508871820416688	0.8961690718571574	0.4780685715045071	0.2353031347645806	0.7314976303119411	-43.20969047703926
3790000	2.600129719938879	3.4465118089861853	0.8912063767656367	0.5958556577959269	0.27123562607546897	0.771580772313527	-36.193664713580084
3795000	2.24951299447833	2.361343234841531	0.8464904199232175	0.5127240202743184	0.2634334050622834	0.7582187797577068	-35.8316941633395
3800000	2.4107388928678026	3.196579143173493	0.8050754323695132	0.2175428721985538	0.22630835336209285	0.767659597681754	-47.587346239267205
3805000	3.624624040974316	7.407498329663455	0.7223476782706357	0.2576999996104664	0.3080062005045581	0.7265111303247933	-56.130585735635314
3810000	5.690490338108832	7.43115150185529	0.7191280042540776	0.222066966150973	0.3466198474616067	0.987185886672775	-54.53845055924575
3815000	3.759536937987408	3.992457931218786	0.8467169202161535	0.4284113205840863	0.22728100872952658	0.775562531087992	-44.4932282531628
3820000	2.5924598013012945	2.6354016744565603	0.8037305180529185	0.3154593019701943	0.41709799049779556	0.8170283568513262	-45.84046019332698
3825000	4.324031727502519	6.4218043382209675	0.7063527645556322	0.30328752018287086	0.27436610103419906	0.80806087914907	-55.11004117606009
3830000	2.789240344707264	2.8371287974208976	0.7330462240860004	0.546607489041067	0.20730282388126858	0.8433155390603633	-40.93899825835402
3835000	3.784175356313304	5.1950216043645625	0.7833938265079223	0.23718079015244245	0.3330795572010432	0.8813866602798368	-51.74496183631626
3840000	4.34924129880568	4.809967741904803	0.799010262077219	0.26063207895833335	0.4458664974656458	0.7651372360994917	-53.422593444996814
3845000	2.24951299447833	2.375778523245558	0.7192871440421665	0.425461692136788	0.2292444793681934	0.844520157706775	-36.78890008097419
3850000	3.119374394773398	3.730156224273616	0.8449237282773018	0.24404323989280763	0.2779875653068503	0.8511938951033797	-53.78665404866518
3855000	3.001218014514776	3.0427426490178697	0.8822375740280672	0.5364241950240487	0.26138335991506423	0.9619404511924816	-24.96998412977943
3860000	2.3227420195200397	2.4606304001972696	0.772853346316337	0.3719106872863241	0.28976558384120854	0.9129767003819746	-41.90392356522089
3865000	3.3783548201666287	3.776807635261269	0.8725541156466817	0.38563780433934897	0.27135645249121076	0.9556904834300276	-42.74008304620927
3870000	3.4841322610965295	3.5398016618155053	0.7584509227470403	0.23236377173389086	0.502284216796536	0.9951744366079128	-49.80873081135793
3875000	3.2726858396117393	4.266668822565348	0.8466852031831984	0.3526021485495195	0.22549393935694456	0.7341934063475629	-50.83667507374072
3880000	3.2683377459035743	3.290455299450645	0.7491694786365669	0.3602941508205515	0.36223872173329885	0.8149204924182917	-47.64521405884595
3885000	2.24951299447833	2.7398264674166724	0.7990171580012074	0.40626462665486646	0.3357719862424244	0.9696433426067905	-34.13634774370836
3890000	3.2372204844971915	4.394272781859925	0.8443759627540761	0.2730897425347208	0.2343646335022419	0.997129971351182	-51.29964821667127
3895000	3.125317188015694	3.5099396107118874	0.8087298852112539	0.39235026939234696	0.23277593789936746	0.7924877002974928	-49.7665629505452
3900000	3.8860510041006577	4.698123211692759	0.7403709966201055	0.3431117660362601	0.3027910111365601	0.823295764790882	-59.381350021555406
3905000	3.146583992300599	3.5653478781692587	0.7340442528159865	0.31949705953530977	0.26516748563971776	0.7243161355659491	-47.641178237658
3910000	2.9526818713916487	3.575384701923106	0.8131812501683455	0.39325587324639866	0.22242245895288945	0.9092273305007069	-41.40487544110216
3915000	4.414610566818977	5.735921921059269	0.8197017348998679	0.2098585183061542	0.2587688860382969	0.7272664171309831	-56.31784272042512
3920000	3.237976285743024	3.2694498356560335	0.899710719498164	0.32255626524412845	0.21987444579713813	0.7012411844291785	-46.01776647746443
3925000	3.7228926131814797	3.7253952721872006	0.7839310365248171	0.41094132555304624	0.3504582516121286	0.7864759599290019	-58.02626618901262
3930000	2.7818217942758663	3.911981572432257	0.8413341297065663	0.40886530286460776	0.20892718297584814	0.7251587726113361	-40.01798230648411
3935000	2.605455309126696	2.9118759470167332	0.7425920106392813	0.38407371507546767	0.23961541102126402	0.7090518606047985	-40.0888885367237
3940000	5.125673226901102	5.447940776246928	0.8017884522221316	0.37505072861604904	0.21072965006171487	0.7371503792394472	-52.21307160464259
3945000	2.7277610921325968	3.435281117446061	0.733589791924068	0.39146573388030265	0.26135734261210136	0.9278726863101286	-49.587232407516055
3950000	2.5680486370614886	4.940932555104818	0.8007173145731947	0.28964539272769485	0.26743812289626745	0.7470145127351908	-44.508109726485
3955000	3.5786206349212146	4.4038097613530125	0.7119082575474415	0.5013420438532724	0.26892585065369884	0.7686076504146317	-46.07042488602522
3960000	2.861122251645074	2.884802578378353	0.8100040635124511	0.30458664994837875	0.3820912176884436	0.7391164952732728	-49.384214940090615
3965000	2.9297610125332283	2.9551364000191005	0.8574143720442844	0.44579303459104125	0.20809977382840272	0.808938805585659	-40.520856444871896
3970000	3.388624058049246	3.4794332924257225	0.8028881690310188	0.5621520406555907	0.2082248002319169	0.9833960078811614	-37.16560942163388
3975000	2.3893435302946915	2.5995205775813877	0.7213089067565044	0.49865177262299937	0.20333136354072792	0.8101864303210605	-43.064803805988696
3980000	3.050919905753478	4.650386959655376	0.714387349152987	0.3012983741377419	0.3153781218942018	0.7574530629041807	-56.12982327421266
3985000	2.694149438256422	2.7184981787997256	0.829750215606375	0.3077468311318286	0.24177357406858913	0.7156863378002891	-49.945729926739645
3990000	2.8842062327134994	2.9951851540614594	0.8512703074017182	0.4756358022105365	0.20390132123040117	0.9697069015222894	-31.042996636523398
3995000	4.050532304005809	4.885851191672685	0.8905102207568607	0.3075988950127788	0.20933327298346852	0.8328725888759474	-54.50364451112749
4000000	2.7188030804908205	2.909792329050335	0.8577739558861242	0.37726123432027425	0.30711639300121707	0.7959104194032641	-43.26284277273285
4005000	3.3315263874898573	3.474786176475171	0.7617652440752885	0.3727266992885324	0.21048114041310048	0.701663364552516	-53.04483944222284
4010000	2.6922511569896646	2.8874061095464265	0.7883514659600134	0.4659547668600788	0.2680086760443096	0.8638467246465336	-39.27794152005122
4015000	3.853138388921728	3.94592325966008	0.8172226112770038	0.2227190595517411	0.44327301584017137	0.9636786018467984	-60.5113506900689
4020000	2.57604577786064	2.629395576719512	0.8260062801610861	0.34342349780881315	0.23142477199476597	0.7221697007059263	-50.32830599351606
4025000	2.9456321176145828	2.966626851793884	0.8313538872654659	0.47091830046803307	0.21761709252392106	0.7890158685585256	-36.25573413894179
4030000	2.7727115173781494	2.834294208450858	0.8471533925630528	0.3127246603551132	0.3798126827780522	0.8555907653613924	-44.38689361449598
4035000	3.5774781664615714	4.0474400776466135	0.7948028690946105	0.24391242002385569	0.22860677451026262	0.8125167558594983	-60.48839760034779
4040000	3.114183093386207	4.785867048148644	0.8041034056492308	0.39017174090313794	0.20674347624230305	0.8082932840418273	-47.080444399451224
4045000	2.787066882717545	4.450355730886638	0.7178116935540929	0.40392761474799516	0.338633433215244	0.9965818179225077	-51.79400389125442
4050000	4.76105521726604	7.837490814725708	0.7033629306148025	0.26787109136793147	0.3451219979934328	0.7492577469406579	-56.86446143348173
4055000	3.635425176853189	4.010738700364625	0.7400923731999676	0.34387430397724983	0.26021271832947906	0.7299313560800076	-46.122506857193606
4060000	2.24951299447833	2.584994395802882	0.8377650889114158	0.39108469521775946	0.2944303502346081	0.7089561268645774	-39.5847308452671
4065000	2.5118675811407387	2.5303058119755826	0.7229253370446962	0.6266118120393017	0.22625186203640374	0.9325567444715427	-37.90981055740857
4070000	3.2112559054429273	3.399649801837373	0.8500214856048687	0.5308218304684169	0.20064551230830865	0.7429103269634394	-43.20255323544032
4075000	2.771504666778513	2.8017670037138216	0.8839302818024009	0.39701778096943185	0.24160183033476987	0.8999859699474194	-38.17931036618303
4080000	5.159099991503428	5.457500942416642	0.8094875224813413	0.2906217819735053	0.3105077267924436	0.7187255781422558	-57.644553921089624
4085000	2.24951299447833	2.382272289053119	0.7585585080559364	0.6780780201006869	0.21565391382299143	0.9602749385335804	-22.937846615228402
4090000	3.3758269366722717	4.195102069090632	0.8885197542188844	0.4874034742672469	0.2275471744331803	0.7216404375089405	-44.30267745585982
4095000	2.24951299447833	2.833848251198398	0.7287427727054361	0.5843424792408211	0.21015669329322484	0.9690214017011998	-34.761430078287866
4100000	2.7827869389177167	3.0094983271094176	0.8154802341154399	0.40066828350569145	0.27385916497319795	0.7052708301178424	-48.651589157861125
4105000	2.4297670365267354	2.8235436777927743	0.8734710211223404	0.44447799725976256	0.22310998071975577	0.7408650613637338	-43.53196605725059
4110000	2.4749110124970257	3.512275118797536	0.7910554892866987	0.5231903938606258	0.26622637309386465	0.83699680983077	-38.71498922931127
4115000	2.8256997514140343	3.0771915857774004	0.886722365869811	0.2297522286899061	0.42757089681120386	0.7418234372797218	-44.28326427108425
4120000	3.0512121155481484	3.188436309357704	0.8986186009065018	0.42597460747195237	0.20574580989450558	0.7255087250723958	-38.56621244606311
4125000	3.7244398267595624	4.026579450528673	0.8040154552422722	0.2128237161925869	0.30266583697893124	0.7416109016878831	-58.037672249889674
4130000	5.981738119135065	6.436644067649712	0.8805598455770086	0.28169527679925505	0.26413143193815886	0.738965796288893	-64.59742610219436
4135000	3.565103786868256	8.224443194399205	0.7848824968392836	0.34996766567629295	0.31011835241833224	0.8885081515660482	-52.678008072958086
4140000	2.64349978279421	3.204416907560451	0.7940530327457372	0.40131279629103994	0.22064125571574392	0.965536021852436	-41.35288487669822
4145000	2.7069043387547547	3.3233493237122875	0.7792492713512763	0.33907206292597963	0.423885305806233	0.9065198572341244	-51.17593266688689
4150000	2.24951299447833	3.2373232541655055	0.8286255598049723	0.651277345019964	0.2174022566210558	0.8979282095390494	-26.71845535328779
4155000	2.5892213587089508	2.6411067167867155	0.7267633012952663	0.2723806286814126	0.37425159781746786	0.7714679216321729	-46.96011062014161
4160000	3.367855042907674	3.4090478748849042	0.7552781470894983	0.27925499096310125	0.34753196401320813	0.8507513575057234	-51.21066059601675
4165000	2.24951299447833	2.7403953094018085	0.8561159138379347	0.4804139270990998	0.2952739089806482	0.9854241748890717	-22.005990377390315
4170000	2.3671191060050245	2.6270666499442807	0.894186449269044	0.4551212728954113	0.2081830825240573	0.8876614742398358	-41.53073852334942
4175000	2.24951299447833	2.320387684807082	0.7941247423294511	0.2819065637428631	0.3554332560175844	0.7023987463489215	-51.388733102277584
4180000	3.266448696025474	3.3619141408521176	0.7978213042649435	0.31188709824369387	0.26662427585301723	0.7020677740040882	-49.741667981288046
4185000	3.08748052119393	3.469122115716377	0.80753031777879	0.29420785192321625	0.45264889884198856	0.9059300242622371	-43.22815524939527
4190000	2.7202317684615562	3.266030869841982	0.7267326589442171	0.45563181328947844	0.36262981602728983	0.762158841505602	-47.69483796641087
4195000	2.4605834811633693	3.0055224268093608	0.7791534240261919	0.4569915327977057	0.22372254412590464	0.8236476000055154	-47.66543433940632
4200000	4.438358962964806	6.408046287880923	0.7053213713049907	0.2395788866317712	0.28845792821623156	0.7543839668893301	-54.22898127147702
4205000	3.399850689872506	3.614551824025215	0.8388241301780354	0.23253687916132632	0.3843209216184022	0.9106634878581522	-52.13477930564958
4210000	2.4066138537272885	2.5222367220844313	0.843524428087249	0.2505775527766019	0.42575400335310215	0.7292276409182218	-49.72209400818418
4215000	3.4931393945361853	3.7692549676804687	0.8744017021287231	0.27736487843532626	0.2215968269304568	0.936405627671355	-52.9239166131727
4220000	3.25841235871053	3.695235181349134	0.760970295270411	0.3633391898649331	0.36454199229424405	0.8951592589425355	-46.66246282007669
4225000	2.7680618720860246	2.9476147798350083	0.8631578957213794	0.2874277471415181	0.3498666281538562	0.9007750615541206	-35.39225191417905
4230000	2.4043171064313436	2.825693326956186	0.812853009174719	0.7043240887317235	0.2071989568613994	0.8578680474382667	-22.9430310488345
4235000	3.8378443698527582	3.97150369458749	0.8886769497761035	0.22035302888870115	0.24653220092061695	0.9014817616453694	-53.44110005144823
4240000	3.306505356397554	3.961970292326739	0.8985617675021836	0.3840122932010108	0.21006265849004713	0.8055068270253078	-42.3715566804054
4245000	2.3014452685994007	2.9503265497661633	0.8925525025821512	0.46826603601966904	0.2441944315631231	0.8827323476697718	-31.349779340658237
4250000	2.703852932966722	3.914342437422767	0.7461759419395524	0.2738969660992787	0.3507981504226135	0.7726671282010305	-47.7898777325056
4255000	2.839507164246884	3.156311512684407	0.7497092616354977	0.4320415675299668	0.22120784809313435	0.8413594541965743	-43.34497931308794
4260000	4.324255347315243	4.460412129532889	0.8477307127441818	0.23188632101097661	0.2819041483689644	0.7345250802308734	-57.41823095438762
4265000	2.3562664918314904	3.0449145424136064	0.7455363127103702	0.6165153013199774	0.20175784301407454	0.7182924263430053	-31.431178222593886
4270000	2.657132202632047	3.6242405311826253	0.7581602773597516	0.7156784879377481	0.21811866971888555	0.9355920696472443	-19.438811021042085
4275000	2.7863698684590856	5.053966381568259	0.7294983365143803	0.4260126359628519	0.3689113600402588	0.7951547143280625	-43.7619643445082
4280000	2.939664550149504	3.0819729717476423	0.7131889758491652	0.49106027099853405	0.27989796250337007	0.9867523545620003	-36.47146605826362
4285000	2.978836891737314	5.5491534024411315	0.839991190105753	0.20032977318300937	0.2304129542247754	0.7182204612977848	-56.52795760691709
4290000	3.9141883033797633	4.349870591589375	0.8267516690488343	0.2096628239696733	0.23717235450414276	0.7760273408993287	-55.722175382966306
4295000	2.532577244662855	3.0206967758849346	0.8706257135314902	0.47559827705088076	0.21969800797082212	0.8399394859208513	-37.11098763950048
4300000	2.3912016465743684	2.7270278698657298	0.8714761340844466	0.42382127217780446	0.2008983034100486	0.9144397500628888	-35.39599491933498
4305000	4.016202630709968	5.121090851207213	0.7356589113940609	0.2505718456237038	0.3211207369697018	0.7086378103898963	-57.88647872125157
4310000	2.9823528632189604	3.5982587206184524	0.8508240422442113	0.3564885826393482	0.3363712929216451	0.7074669995499121	-44.16971755870391
4315000	2.4877650735211922	2.8731852356191454	0.8382422698337142	0.48791462184797696	0.2013893567417737	0.8424565602141241	-43.61396614605174
4320000	3.1654634610437467	3.546950956901774	0.849162330764339	0.2175896752055662	0.35047747520115713	0.7370369161447471	-55.14043183018319
4325000	2.619807687535951	2.774759604153989	0.73599231376968	0.6147587755829104	0.2104645636842389	0.8577886315692412	-40.06953591808291
4330000	2.8519476160586223	3.734531942045389	0.7749188519375774	0.3869062774821223	0.22072305890349198	0.8311378497913212	-50.26449767735901
4335000	3.889276148872868	4.593697205200684	0.8577000739735646	0.20225178047952969	0.44164175310044407	0.751698479160149	-51.28290930296158
4340000	3.450276218861049	5.444947004193934	0.7067136120110032	0.30507020928962203	0.3295595410816475	0.8307577598084451	-56.54535884590076
4345000	4.780670305141664	4.847063231386312	0.7701832167754002	0.28880322995261687	0.35423848594996843	0.7487407627909589	-53.48234766987897
4350000	3.150556553668262	3.220910335982981	0.8207349134951246	0.2500505831405375	0.4566596896390077	0.7480832577887169	-46.29127394809672
4355000	4.232668232734822	4.398800410604998	0.7284124601840009	0.23439008583546073	0.27842389405958035	0.8802057159334645	-62.40495676946048
4360000	3.249881116536706	4.4699305135910326	0.7354444691523181	0.217327362169195	0.37862528250868677	0.8339694320836337	-50.40071366782109
4365000	2.96168192404743	3.6951675113974094	0.784950251062079	0.3716174343660584	0.3700211775044681	0.9656943557584697	-43.05768495401655
4370000	5.157919914753833	6.1468262617670995	0.776824360045332	0.29652556501702376	0.39934757889355454	0.7767947734328865	-61.9722141603042
4375000	4.021247548476574	5.337703264814041	0.7763134211579936	0.26041111397106753	0.35677306212909715	0.8845640336872834	-63.06497116345208
4380000	3.006858643077405	3.6473947063045444	0.8922129385174202	0.2877246319639936	0.23322642876540872	0.7216449133757521	-46.94204240347959
4385000	2.6405287931775967	2.7364139038839927	0.851253803525159	0.3459822843407664	0.24837625649971257	0.7221736810653421	-38.78203246904895
4390000	2.4685573646585586	3.2859039452418526	0.7464881449408046	0.4051692974461852	0.21028833300716793	0.7178555671156852	-44.11889857679084
4395000	2.881964718736769	4.414697047989068	0.7165694301720241	0.517052782805488	0.2016128618395406	0.9313917689384972	-42.243343372115106
4400000	3.5238329029443847	4.057604383649035	0.7554012930588548	0.20423181385206132	0.4232513577474276	0.7526630507677787	-58.4481318240366
4405000	2.285347503118842	4.064430277720274	0.8604923886490105	0.3940195687922789	0.2303061668158511	0.8830881162000633	-32.36744256726826
4410000	3.5824746135267245	5.309317832311864	0.7333272450728314	0.2607395418348243	0.2639801624995595	0.8339329269522503	-54.414198678929864
4415000	4.529141240599228	4.806688494344506	0.7827667211171936	0.2404220246695423	0.3317782172627031	0.8521192705307177	-54.54468180990794
4420000	3.0048179105432182	3.733385117579909	0.8087144457122812	0.4990651046878665	0.2412545120687528	0.9133429713390013	-35.6997242267779
4425000	3.521268438691162	4.3267243760615	0.7237876252513216	0.25457950371253174	0.2591505303101066	0.708090700883107	-55.5848645152232
4430000	4.0956930321822185	5.109854867814336	0.7520936177769849	0.25408589422724226	0.4178666613454725	0.9537804885556956	-55.15063375775747
4435000	4.99161567762879	8.238475092786388	0.7491123265180016	0.246438995013066	0.23639587357508657	0.7795760264305199	-67.86766631618704
4440000	3.3228813309932255	3.7575963307352183	0.7559055008064465	0.38557985849126303	0.2937493508623385	0.7158577368047883	-52.88119297526169
4445000	2.24951299447833	2.595890142878332	0.8832095714980295	0.5846197630361377	0.3196829956827245	0.7113230552716754	-31.528856782125985
4450000	2.7346778653721477	3.1584554207667686	0.8045621145554882	0.4948140140932715	0.25645105358791803	0.753258325845771	-47.848672981934776
4455000	5.847696085049967	6.347001758092549	0.8158122472848613	0.23502108700580218	0.3134790973472984	0.7047349664092984	-64.870815165565
4460000	3.2352179128464997	3.6700596361977036	0.8681738389646708	0.3463189130127219	0.3662956918644309	0.7607429518716258	-40.655567688344135
4465000	2.8752922512358032	5.710030913028018	0.7981109971958292	0.5045309216921675	0.23439741815987009	0.8079861080042907	-50.07621954595961
4470000	3.428089312889697	3.6085239506839195	0.7383576977505313	0.2095072653449497	0.31612847023507906	0.7259013771333146	-61.51908902470722
4475000	4.800740531980053	5.694086298786012	0.7085367128813401	0.24293535178415096	0.2287481951589717	0.7422679373773708	-62.78969235918261
4480000	2.9464272309684167	4.735139935289141	0.8620395043926431	0.3620044805251773	0.2279476927406467	0.9145104362120344	-46.22336410728455
4485000	3.285674525105465	4.186684274158357	0.891834548568746	0.26001563421919377	0.2677920721276613	0.7852140080779955	-42.595885935223976
4490000	2.24951299447833	2.2528925993503917	0.7222938768181997	0.5452475701503626	0.20846416962652461	0.867008421090609	-36.73605618169194
4495000	2.4055501628452522	2.4146677781022365	0.8553260275938697	0.4373298487344088	0.21441764453169562	0.7352607525448265	-39.78602422891607
4500000	2.4298700138710205	2.7897081340947056	0.8489054873192318	0.5038261128496813	0.2041985301841564	0.7671874620405256	-39.05341941746811
4505000	3.1813116896127323	3.4391498888925467	0.8382169253213179	0.4213811615563857	0.22330499838897003	0.9611069586707902	-42.20004092014185
4510000	2.3304706599326948	2.506275874222985	0.8405168218390502	0.5405553125220394	0.3305612514357202	0.9207285460609388	-27.04449408328988
4515000	3.768903740192219	8.597378814976798	0.8716553046426107	0.29627262535290333	0.20059583102632333	0.8196145259970106	-50.18215036921589
4520000	3.0634027408309756	3.616948436649394	0.8030141185328691	0.4234156368334332	0.23037192030799755	0.9726652316270823	-43.42722727138778
4525000	2.580289132336033	3.4318170169046898	0.748384614821654	0.4939762450297538	0.3027153865050034	0.750279371027132	-46.05928137715521
4530000	2.8324737029805496	4.589418233936877	0.8817412802580605	0.369885216452872	0.3509770665496259	0.7179647979088446	-40.3669977998366
4535000	3.421749880713548	4.058937374447211	0.7146567550885431	0.24970466589284693	0.48648626199302064	0.7034019863014894	-57.70509967526108
4540000	4.765324384421388	6.308655536770249	0.7287180959434589	0.3364706364494642	0.21500596153854667	0.7118574508377384	-54.076774616151454
4545000	3.196966793588795	3.931654404528163	0.7280051670890059	0.4973433286430252	0.21774659022140416	0.9646408259704817	-51.717839547096276
4550000	2.24951299447833	2.4441929767719563	0.8983178563955502	0.5599374437232127	0.2133893150148977	0.9428070368660249	-32.28827667496582
4555000	2.882155421740992	3.0044564179748385	0.8044978512660275	0.3103675848631082	0.21341414930976413	0.769547449910272	-41.277401313436805
4560000	3.51379993053753	6.430041057933716	0.8793221205128674	0.30184735249978073	0.27286529369279855	0.7439594150630856	-47.72226227396128
4565000	2.24951299447833	2.6835599960507603	0.8070859863892171	0.563402949118407	0.20138724285706797	0.9830169162753214	-28.99479951133144
4570000	3.3414661654077724	3.4857532285533708	0.7551358411938393	0.27717587339863065	0.2619027038034908	0.7368690324855091	-47.0626439612911
4575000	2.407059786614533	3.072707636812372	0.8226133365575973	0.39146381005951875	0.3873940950034687	0.8256163484528297	-35.992923799638426
4580000	2.893193824175615	5.957070534676708	0.7172043376949895	0.21800597852920586	0.2418757616061472	0.7508310714339929	-54.379940480255264
4585000	4.318541288962725	7.159163212285638	0.8161105711622453	0.3340463091505901	0.2832100598978043	0.8024525073384025	-63.22860026457894
4590000	2.818735298945134	3.5352954534572385	0.8466240726820662	0.32170718140495164	0.30178361695026723	0.8144981621746606	-49.966780606525106
4595000	2.84161210899068	4.955745833267256	0.8765361132923705	0.31918068016256135	0.22537794663949606	0.8151327382400099	-48.17379441319177
4600000	2.8615713898064885	3.425396787707329	0.8537243836000779	0.22064792128736951	0.3822286007495751	0.820222407525151	-48.98031642145185
4605000	5.1537269609978305	5.873585650625979	0.8338788743607705	0.36173489175671436	0.22285532239910955	0.8023136655596141	-51.66563296966859
4610000	2.60525398557257	3.0595121739345905	0.7920893968993361	0.5304397896036094	0.2085692330029146	0.790394976537423	-42.77262242082572
4615000	3.692305634170567	4.2225255737025265	0.7626806495760505	0.30164408305515783	0.239257791826647	0.8928106417488864	-50.2374789372602
4620000	2.24951299447833	3.8164474689047996	0.7192307439703016	0.4518571538665776	0.3184841923258066	0.7444335596272387	-38.736870508424346
4625000	2.808656600135697	3.30891224713238	0.7184612828338214	0.48644906280122957	0.2422402200291593	0.7204489803554914	-47.552494701000754
4630000	2.6648734570169834	3.7145732842954224	0.734699785451645	0.541926863312147	0.22129146675472958	0.8516208977475803	-44.80918439787858
4635000	4.274243930616557	4.967252960331703	0.8315501475103247	0.2733812181039358	0.27310531130032584	0.762727058066402	-62.077317779938575
4640000	2.68716377694745	2.823979464118323	0.8167073042784829	0.4033635045753586	0.2073535924160537	0.7334057071305202	-50.816852127021384
4645000	3.02729415416996	3.1672372106748012	0.87635652747576	0.355485517656276	0.32365938522473997	0.8357838371028312	-43.06368047645135
4650000	3.9739444383909905	4.591489557505186	0.766763261738541	0.33480149396599557	0.2294582185053757	0.7467944671368396	-52.66299850355257
4655000	2.800919708497469	3.414687495233875	0.7815222976077099	0.37569482438309204	0.2565343963528065	0.8294901149898276	-49.88851661425394
4660000	3.0237556360082314	3.5307685999581606	0.8788757137841677	0.3953125389268066	0.33194143980946655	0.9490184437005034	-46.45959169505115
4665000	2.320122230110195	3.0667416671443517	0.7073780268790615	0.42777389011933786	0.2251210337416059	0.9638850631985154	-47.06617799221223
4670000	2.388999479673903	2.486321734488861	0.7550122440430918	0.553383930536577	0.27273523673567684	0.9279865385213203	-37.67050136327845
4675000	3.4940219241083246	3.5832245098671742	0.7815334445142916	0.4382378983385995	0.23024708135179348	0.9103538072278171	-36.42640603774628
4680000	2.24951299447833	2.7281615476318697	0.7175547548903682	0.5678206740523692	0.38971320823078176	0.8345328441130047	-34.749737791814646
4685000	2.2857167091623203	2.9908776214123938	0.7032903332153625	0.6249805384870128	0.20185910791262623	0.9618505359000282	-34.985297389423664
4690000	2.280055845334372	2.380340481861576	0.8425486558609895	0.4421667459512693	0.2634600030250528	0.8950013849198039	-37.92495363399437
4695000	2.24951299447833	3.9867204183151297	0.865675160557254	0.5100368520505817	0.2930492564654797	0.9553888590273252	-39.293309402327175
4700000	3.957257149557615	4.615164658270135	0.8885522035715699	0.23466922252088418	0.24879460606373802	0.7184669346394679	-51.63948361049627
4705000	2.24951299447833	2.377700431760272	0.8417848505932044	0.4273198860617042	0.30616049147726015	0.9162502585921016	-32.384505268183844
4710000	3.004369233397991	3.322208370706897	0.8229069153493904	0.41855115404367677	0.22239427808297615	0.7119213423286137	-45.373818921202606
4715000	3.634911403938068	4.321881164962156	0.8186464865353017	0.2168672454206637	0.272258347642473	0.7200258406919335	-53.4731101593061
4720000	5.593369199118411	7.819250561073655	0.7562332456103592	0.2108678692952263	0.2995858822237683	0.8043706431659116	-67.94898362124215
4725000	2.9740405061849398	3.5152945798358095	0.802446371223859	0.36284714900948034	0.20423894948691196	0.8790521505521453	-45.51633523847836
4730000	2.3542624977973077	2.4601584137512886	0.828602397019172	0.26037040787433063	0.31165268452379224	0.7414107622650704	-47.34466577049948
4735000	3.667657929153857	7.011417288950582	0.8517316277057843	0.20744864582756958	0.3926180108139641	0.7576004031064706	-50.36543409819646
4740000	2.24951299447833	3.92239214306327	0.7113769660240931	0.4124298633521273	0.3214390293890877	0.7281194163167861	-45.37119561200318
4745000	3.5251975466780427	4.13933903552512	0.8256013941958502	0.3279820188584589	0.3660526532930719	0.9133965520181367	-47.28196705328636
4750000	3.015076866838121	6.334725194011543	0.809566213075967	0.41312926304251535	0.2647915117152869	0.8995220915964359	-41.95220602096646
4755000	2.24951299447833	3.214774302550636	0.7767063286392277	0.6109056927871162	0.21006245107091126	0.8847642096433704	-29.976127738884365
4760000	3.1320552087421345	3.7417519654661486	0.8058029921690685	0.2592075717368872	0.3718487695022633	0.7220327757957428	-54.07062994812303
4765000	3.8965913679991866	5.237716738139876	0.731163777421637	0.25222332609758097	0.3502915816630756	0.751433511886387	-59.98109322406733
4770000	2.683334210252406	2.7200510976469245	0.7611759820657722	0.47813542952687166	0.20420493270353893	0.7854500993448936	-40.87759847571992
4775000	2.6761658644075608	2.709604386757524	0.7251125336409318	0.4399253088433456	0.23925709549115004	0.7385854362535466	-40.47440921617519
4780000	2.8919857657202837	3.063016333410278	0.7842384773174184	0.23477465560899052	0.2580872204498368	0.7677414091397026	-54.37219588081686
4785000	2.669516168055785	2.7908975341583098	0.8889569958227778	0.42710840240438624	0.20240697813643313	0.9060468163145009	-33.18881096946182
4790000	2.755753330064834	3.904860275575132	0.8769535287847605	0.39802307941708315	0.3860166061005476	0.7332384885538192	-39.319142753263854
4795000	3.9174191525254685	4.342881767092849	0.7148708353553296	0.3584137740327328	0.27375662839395504	0.7409159255805416	-52.2922547204539
4800000	2.512442375080075	3.0678133570640083	0.8652141026227355	0.4332227471388605	0.2564375770321345	0.8329669059494589	-38.2160198317131
4805000	2.852300002590335	3.1238912040157536	0.8924238479531588	0.33175962045925267	0.29861371788705054	0.7711434776145653	-48.424475029184684
4810000	2.5404143457837534	2.9105526883686244	0.8922980467296012	0.24229731378964425	0.30711134696627046	0.8110092620392947	-45.95505031468094
4815000	3.654488670298577	3.940798135638815	0.8542761720035368	0.3163546966024159	0.29542882490434624	0.9701033277710136	-53.672641376888585
4820000	2.2658342815727996	3.051751867470057	0.8007713932151492	0.573028410287101	0.22076245005120249	0.7667446085336765	-33.90855583471164
4825000	3.400110037979422	6.470717441965141	0.7730054980570483	0.283631055896783	0.35850929917329916	0.9639825035122414	-48.88625566400438
4830000	3.5976203028861162	3.764191415090245	0.8441801032447812	0.2106626367084641	0.2079010803905412	0.7113378866149446	-51.975264221776484
4835000	2.317764370152263	2.7470384432448265	0.7716808838525024	0.69537296487372	0.20580218476920828	0.8065132823441074	-29.73984085464033
4840000	2.4994050422645517	2.5174574622088084	0.8781089061428785	0.3967783590807873	0.3675727963484677	0.8162021708977831	-30.924755745172554
4845000	3.1788242126040904	5.6313036106879695	0.8157402280446714	0.3891284244111647	0.2852454185622372	0.8032757271713905	-48.20757579973348
4850000	3.1224233923178124	3.125413221309333	0.8320992436800452	0.3023519238323339	0.3507903685872854	0.7161057799518445	-47.53928307749611
4855000	2.9037701062469052	3.835943194809744	0.8392900102454691	0.43839671382524215	0.3063777998211737	0.70336693146678	-41.98346932638049
4860000	2.3353656271808934	4.530421909633542	0.8278691167798974	0.2302098142662944	0.21097470192505455	0.8869144938147966	-47.44298297670354
4865000	2.9805623638870924	5.360388906784982	0.8180536484963878	0.257087843591535	0.2530821354067942	0.9667782095279849	-53.954602395331065
4870000	4.887772636426039	5.192718278810993	0.7609796577414801	0.3429533219410493	0.22943723536928645	0.7562445100241357	-56.8400803648559
4875000	2.507935117450216	4.239403917393069	0.8502173954239172	0.20889861954917413	0.29289734537848805	0.7916559359148242	-45.93691200769371
4880000	2.4301184347181977	5.155581093191548	0.8094877217396755	0.5144482393205423	0.20130393802467564	0.7566017932015525	-42.491769626590155
4885000	2.3206341221266613	2.4931677260228176	0.7772343963279964	0.3484054554585825	0.21914890906635096	0.8757046116945415	-45.74953035592919
4890000	2.710165802530052	3.2118383737125447	0.8248511233433651	0.312943410029762	0.2923045059273631	0.796596167723326	-44.71878565268974
4895000	2.8561189927169375	5.518078516770813	0.8995769308758854	0.3876593448227148	0.20422930655125	0.985100104632172	-51.323123943361416
4900000	4.403778830553574	4.644590807232207	0.8030469966071769	0.28656531331187035	0.20438977883928197	0.8301786564105765	-53.23214868626288
4905000	6.143302586854803	8.572938867548338	0.8511660788546455	0.31234935747154025	0.23705796704261584	0.9522690522927669	-49.1661418439481
4910000	3.555525796251785	3.578113036730505	0.8151549994257783	0.3475742259511112	0.28552539157208107	0.815460565591708	-47.536651270154664
4915000	2.563137485825056	2.7062108648046737	0.8465131386212387	0.4316923857638887	0.3261129469263204	0.8052366852849979	-41.4855055410182
4920000	4.874539530381255	5.158189828518495	0.7564596403941358	0.30855648382783973	0.20130826200040544	0.89583957502447	-59.299627080757865
4925000	3.122362732329964	3.516070415272722	0.7791593027960411	0.4895873137471883	0.25986213796789925	0.9906070335171594	-42.420445122018464
4930000	3.1211869662716296	3.8970520665653288	0.8667699438351653	0.34702326972118225	0.25711636396797805	0.7173432812758984	-43.02186884445191
4935000	3.6302524574273085	5.0790822817956505	0.7061882017360657	0.31659366125784955	0.31230540896898085	0.9548246990845859	-56.51587153664379
4940000	3.336635823846206	5.338788103016452	0.7820357214917082	0.2606377836647974	0.4993796446170727	0.7738264288704475	-51.35587109952293
4945000	2.5790305185362796	3.953200632362202	0.8452760274925356	0.5393199550530309	0.3076817411243494	0.8924470310696926	-33.93154122160363
4950000	2.665611224088731	2.8837583701004577	0.8735571990348141	0.30089900284684307	0.36231870142457184	0.7794451941863109	-49.61560406483247
4955000	2.307465295270053	2.9899763066724585	0.8875345552186965	0.37023703395483265	0.2646725152751163	0.781944902530166	-44.45882057731956
4960000	2.862456986666229	3.4108695586810436	0.8460914396123076	0.2904357477062751	0.20207320491286315	0.7022012233447322	-47.69870636402373
4965000	4.111646144806319	5.015993158359213	0.7818355171597018	0.26416421673656587	0.22228535238221367	0.7309009537377605	-54.53519057861113
4970000	2.8964483170818927	3.65706080717594	0.7455702846205857	0.48012694980710724	0.22079334936464165	0.80046346170775	-46.23376821725423
4975000	2.7404739518606913	3.6994401025683037	0.8076593260436068	0.265071509166954	0.2996296090836037	0.9537728348918154	-50.66913002647723
4980000	4.562013767912922	4.7057352423475	0.7054386830179507	0.25433262738919576	0.23553125588893126	0.7194558539607924	-60.4288961303511
4985000	3.0951254522454708	3.2614031590531525	0.7410053043363188	0.32985818579371273	0.30320529655928347	0.8855353143526459	-49.642073388358455
4990000	2.650267864795078	3.7724084326253364	0.8696703120658423	0.3081118898511193	0.29492629902287887	0.7456618239907638	-44.50139697086149
4995000	2.6925320008882703	2.8275246246447607	0.8251903102522603	0.5081930221568265	0.24934698826120527	0.8119377245774602	-40.25284253566824
5000000	4.251067930146678	6.201075878123836	0.8167362575050983	0.4573013680309061	0.2662678256812192	0.9279013517845709	-44.00387587689092
5005000	3.402155786750915	3.96751391007249	0.8526066969139349	0.21583793098068396	0.29210066856353856	0.7046487220242788	-59.12416121443502
5010000	2.7168803251494182	3.4870416895015497	0.8294151545444274	0.3036242056658083	0.3480452103772298	0.8566000571081759	-43.13011388276155
5015000	2.2871170840678636	2.4085565685767785	0.7229436472249287	0.7049072978039018	0.2931238159522031	0.8238631674400986	-24.061510424556783
5020000	3.615349631422319	3.646782812310848	0.7378641618446521	0.2572519016741816	0.26953952957283195	0.7265044482703268	-60.172475359876366
5025000	4.14683644517586	5.555043530595083	0.787100845183473	0.26464859707582145	0.2475252343466698	0.8537001025300998	-61.01067734388386
5030000	2.6876048644101442	2.853896835579412	0.8391859197824664	0.20192886636655094	0.35744758172793567	0.7529662435075931	-47.49690487042413
5035000	3.5091203308093375	3.6086692869037433	0.8603149112164042	0.2926254596757902	0.2251573925994933	0.7329622361708581	-50.63985883680369
5040000	2.994249344105175	3.2053685223555943	0.7306031415407054	0.26395448596461185	0.30091142674711147	0.848411784913624	-52.05046062724722
5045000	2.4125521912722	3.110833282705731	0.8512029917815813	0.47074075628210493	0.3600522007800765	0.8392774864334113	-41.81152182087238
5050000	2.7843005513907495	3.2799201961174385	0.8742426624988999	0.40884027950748386	0.28838628867819643	0.9988839883257544	-48.057126158290174
5055000	2.9560461267661244	2.960205747967828	0.7751892378080107	0.5919866863236418	0.2787522875978928	0.729498345713955	-47.142392222594395
5060000	4.5542984016404935	4.860641914839437	0.8162085867849711	0.41959234472454815	0.23030667405070768	0.7066953259650514	-46.82421691815934
5065000	2.7615696995823997	4.388343842547111	0.7726777032154872	0.5121746898016254	0.2659858512565797	0.7252747512516423	-47.48111939991185
5070000	2.4846558005032193	3.3728869984407757	0.7753767213019809	0.3258212879397434	0.33097765266082113	0.7285952091087916	-47.02903907217722
5075000	2.9687392672023933	4.215774853923385	0.7567003455007608	0.29407678130640075	0.295180796147634	0.7885615814516617	-45.121814333183124
5080000	2.5334198051450976	2.89448701836008	0.810270542330396	0.3854445611066177	0.2044178118726563	0.8417319662084009	-44.032119887517574
5085000	3.5199105273773723	4.117633579927467	0.8941878844529145	0.27475118575257385	0.26361801150009484	0.7789853472997142	-50.365047165679236
5090000	3.0730286932263358	4.177725907965631	0.7665657010901481	0.4182038183534026	0.23105648548840377	0.7051926732933692	-49.31804960323828
5095000	3.4632563748484344	3.8532201216429174	0.8302479051168636	0.404506506339532	0.2051680910424933	0.771813304091824	-47.645839584292496
5100000	3.2487657038105424	5.752714600743543	0.7059258239997336	0.23574594262758244	0.28301162795164003	0.7785909037999106	-54.67691757175249
5105000	4.8912179367036535	6.006148545291581	0.726105860947436	0.39911104610103854	0.3030098254045407	0.839042406310933	-57.48920552798541
5110000	2.455204607639508	2.897983428954821	0.8017058861648212	0.5852931638346499	0.2014516495689091	0.9273885799750723	-33.628519665422026
5115000	3.085810616188032	3.7303362145780294	0.8952077846379742	0.36768298402988653	0.2267500412073054	0.7235654338586335	-42.799777210021105
5120000	2.5777243354653527	3.479052690158745	0.8276087167437202	0.3265947767869968	0.31725345102620345	0.7674268915607995	-49.38683496746996
5125000	4.483083600187237	4.547508166181487	0.8442919505495042	0.3234210528518503	0.32962142072789596	0.9406712292818239	-49.39991763195387
5130000	2.7608238957733997	6.0479713357459355	0.8399273420751115	0.40510555268099757	0.20589052684316264	0.7433943132470126	-44.30843629815937
5135000	4.50518329846782	5.805727465685741	0.7049522770674208	0.20281106212375058	0.5021571392016787	0.9715503128698952	-65.72001697979337
5140000	3.395793332123249	3.706583479894518	0.7762940720318381	0.4518987640070258	0.22267794513726855	0.7894409029757039	-38.94754169888842
5145000	2.6198406197465784	2.781752210498381	0.7400085987818164	0.6659309544101017	0.2105680316382348	0.9937469283012663	-26.075736680266335
5150000	4.692206415575324	4.706728997743967	0.7769819073388486	0.338747841625826	0.32779767879055294	0.7747766957448158	-57.754601200411535
5155000	3.212038863503063	4.352544654264528	0.7013169702006106	0.38820774062646596	0.4129704859811955	0.7107364824678154	-60.300080275703316
5160000	3.895907662866739	4.551655489652966	0.7768666375116993	0.22780897831766345	0.3956319163706975	0.8267888787653712	-55.30325702436242
5165000	2.566485082625492	3.1893841016441398	0.8168562437589384	0.3411267811724941	0.38017509196204274	0.9111602097516237	-47.480229656662424
5170000	2.6776455413594142	2.8371540320403787	0.8637338149242594	0.4030170329514393	0.21259274670298797	0.7866937801444844	-42.271442761274216
5175000	3.696837918555563	4.522110656231334	0.7003852269643992	0.31438966562249043	0.2314036305691796	0.7773189339948697	-53.974112076632686
5180000	2.24951299447833	2.3712759885877808	0.8421521632003824	0.33401577242500635	0.23608051014655693	0.7109262341472832	-43.52657704134706
5185000	3.179106695054737	3.3858406948990307	0.7350169337076686	0.4204737816105068	0.25375411529102	0.7525026725483984	-49.01316480111857
5190000	3.926575693929474	5.482773301445286	0.7012677847454285	0.30987501085608854	0.42370594513175336	0.8977757185492318	-61.90078071328242
5195000	2.5524620167913543	2.944712539214766	0.8763928726485758	0.454903774390624	0.21647742674834727	0.8083457298124743	-32.396362024830786
5200000	4.845269185749548	5.065515521993591	0.7757811321396025	0.4081034706152857	0.23877332626111372	0.9453559590784695	-46.116478613299854
5205000	4.049513846747446	5.299983106406337	0.8241236854415394	0.34252907228521157	0.2546972122226096	0.7604534266789122	-51.68445330171578
5210000	3.3804683250121874	4.52053732598662	0.7022464849984492	0.4692767739420233	0.20553759879670128	0.7126314568799892	-48.85879828111477
5215000	3.0395587474710357	3.2927925247295504	0.7398520434620387	0.2742524639518299	0.2883347908355054	0.7402885412412511	-45.597955372235184
5220000	4.409754323053757	5.696395939164281	0.8803566340139094	0.29606089822422466	0.23673903121259615	0.7421614501032405	-54.85909718490856
5225000	2.880225025849449	3.7779948650474706	0.8581800806299164	0.29237541045325843	0.413299875198076	0.7722890897487931	-50.761371863751336
5230000	3.641329755528627	4.291843445026236	0.7470184182783807	0.3537190532030047	0.2557872986186565	0.8547313483774606	-44.87732893442176
5235000	3.167907663557953	3.690890206752677	0.8749235413209888	0.28589641445144726	0.26365368341249606	0.9027475529461332	-51.026804639329754
5240000	3.427414319814301	5.112148484136202	0.8462327546936732	0.36284309328392284	0.21427751144853494	0.7348244021265312	-48.316069310590926
5245000	2.322709836456893	3.429008805324857	0.834734571250765	0.3921697017717603	0.276349873436159	0.8158376933807857	-36.80409859687036
5250000	2.816257802605769	2.91364941007666	0.8222503601619539	0.28493430329884023	0.22984700525997687	0.780774516400783	-52.40978846646172
5255000	2.5728426576541548	3.2313416998866566	0.8710680995266659	0.30515224238761685	0.315204217183358	0.871842561691637	-40.39905810629294
5260000	3.7667684170887137	5.556239871028542	0.7234431501504888	0.21931308534946842	0.3268781733473233	0.7355299501519509	-56.02690463670609
5265000	2.5739703942353036	4.689512143283794	0.8799380493966341	0.4684816595639391	0.2633152613772677	0.836497671804986	-38.47922946345528
5270000	2.6788115791699285	2.981453836262921	0.8629751193545796	0.4868605414653202	0.21136322593040566	0.7817204095910636	-36.88342872950901
5275000	2.468688545688913	2.8915971792613018	0.773813923625988	0.3513553328220487	0.31222142615632964	0.8125567465151553	-44.17138223725789
5280000	2.449678600559962	3.2258765205894933	0.8975357252730063	0.22416443214280052	0.20329129423975903	0.7333771778088743	-43.34563709813054
5285000	3.6602654095982015	3.732868943044819	0.8048070665813749	0.39358298483748305	0.21497679687490023	0.7621185451532975	-47.684503756333754
5290000	6.333659187877358	9.352693041942576	0.8829444065173642	0.2356459359349229	0.20026253923125356	0.7242415099674429	-59.767050375288235
5295000	3.684369059818661	3.922083523747449	0.7014713561297926	0.2833606299802113	0.34201851735365935	0.7532750595440998	-58.13311241123808
5300000	3.3204896332642178	3.486544669103453	0.7275734019049866	0.4738836240934975	0.20263483587902753	0.7668230363519136	-50.85461618825845
5305000	3.0420830161281422	3.3529835062903874	0.8911906563977949	0.2828305393000596	0.34063741150672244	0.9141258869233202	-44.09084174712185
5310000	2.4491976117688083	2.5534576490286303	0.7934910293531565	0.327020028131299	0.21519855198700427	0.8234201264948885	-42.67467106122472
5315000	2.801963119618558	3.8516211573615933	0.7216181191502938	0.20488766855439164	0.26793045472796023	0.7515941672745964	-50.99453667204544
5320000	2.7862407034456482	2.948150555015854	0.7256637956465883	0.3772013601849478	0.37408801640886824	0.9635614381555738	-50.73297583841256
5325000	3.4207405805913167	3.614681828639618	0.7615357915955323	0.3291459708014366	0.2055898072670137	0.9146291172253	-49.377621727641326
5330000	2.9290620705155477	3.8620882440094637	0.894038014112751	0.3909852647262687	0.2823305013833438	0.7497754641060476	-45.66543633472493
5335000	2.685917322921734	3.2388374623260474	0.8433872601506015	0.286535685814426	0.2990127630161934	0.8583821252767622	-45.382421418408
5340000	2.5674480100685426	4.256142410192525	0.8867841011630652	0.22371250342155924	0.30486359461394974	0.8175251523218883	-49.33997934682861
5345000	3.435074955508832	5.421967754195263	0.8936901160204704	0.20623392223155373	0.28653056921145664	0.7371106190202334	-56.05588162055288
5350000	2.951234290601423	3.108468070933488	0.8011559771497092	0.5148695550980117	0.2282225280717696	0.8606574310501929	-37.381332466284206
5355000	4.48895182705892	5.276354549227797	0.7927095844914012	0.4597027628998318	0.21522778204953236	0.762863254795734	-57.52856994542573
5360000	3.4246348600214787	3.445736533358486	0.8215066865970754	0.616563672069128	0.2233590806931251	0.8098817120500034	-38.414620724583095
5365000	3.3483499892920543	3.718091756005326	0.8098142890074149	0.2398514428805548	0.41536874234226673	0.7110698220808326	-50.77167655809502
5370000	2.6851262075681017	3.3401769959119547	0.78808855625212	0.3963097920751834	0.3126170150781757	0.7031547431562525	-45.235555794717676
5375000	2.6792670112874757	3.5082408280632578	0.751523601642719	0.608345270744787	0.25129988531295533	0.9830458603065639	-42.74694095459843
5380000	2.69665087243871	3.8330162269427497	0.7468865685508312	0.25790209497953354	0.21319710200303085	0.7379260653109312	-47.63738595611756
5385000	3.0786195069559943	3.1485719670671957	0.8302432898036787	0.33896636373140215	0.2627419864340165	0.9443529327198571	-40.30466732221516
5390000	3.554620457117152	5.7818562496450445	0.897653246200016	0.2215644225142733	0.2761026398594892	0.7960391695739888	-54.56780401002744
5395000	3.7261110516110794	5.033385315011303	0.8449256497951749	0.37224447145820494	0.2744948627696474	0.7585079717863258	-49.70037441934296
5400000	3.4439616267743824	3.818518605938722	0.7136225697120696	0.3205077450636509	0.3668848104726923	0.708685399076511	-53.683013041768575
5405000	2.9556640971837105	3.24423368534633	0.7172267852933475	0.5167165898926623	0.236858376247316	0.7837575274671641	-43.58849442345823
5410000	2.24951299447833	2.425179087455347	0.8465826208798974	0.6157940957463156	0.20716736519814716	0.8809142441914369	-23.277155792645612
5415000	2.434935799693383	4.32264650612767	0.889133262683231	0.29747052616243885	0.35356991405147353	0.7435735046965016	-46.44888429457146
5420000	2.8771921193382344	4.1911879652715145	0.8938790135583268	0.403583180859371	0.20010809063192164	0.8726963808138972	-40.07652626632558
5425000	2.24951299447833	3.0961048716347594	0.8586646010288925	0.5076674330945459	0.2560665346234346	0.8385197641004961	-30.131147521157246
5430000	3.6514284241110793	3.8135291899786923	0.8558916388088884	0.20556695266955888	0.5304821031744316	0.9368431626268499	-58.69760256846171
5435000	2.834225274562327	2.8779950753915253	0.7996971538153156	0.30305742858488255	0.34072644313096007	0.9103174834208291	-44.97571740691539
5440000	2.2891401067450454	3.067573727593139	0.7479743977763522	0.5347711132037575	0.297265001645901	0.8136038385500687	-39.94309219436953
5445000	2.499536588109962	2.5521684365098056	0.8815845868315328	0.5055572599362136	0.22184973183086437	0.9504294021933829	-24.932987206043197
5450000	3.5598872200019356	4.368188571492254	0.7599492343842167	0.38888527846261545	0.21022328034773813	0.813524732826327	-55.16082022992221
5455000	2.9085825604721656	3.0660830156854777	0.8611162802229836	0.34274508352431043	0.2703972108240409	0.8669944078987011	-43.93871196507286
5460000	3.7547839362951625	5.14078134372618	0.8593920833780484	0.22601313732756134	0.31868224481085466	0.7228169306269414	-55.02550483301569
5465000	2.634700004583259	5.540817452781083	0.736088371112869	0.3142019234737694	0.23350193453503823	0.7598521807662576	-46.107395422268844
5470000	2.713946774862241	3.503925344428456	0.7957750904299394	0.415156016830845	0.29215926717983776	0.8198709802535785	-46.121552948732415
5475000	2.3469877485214568	2.718359389606827	0.8069251915574848	0.6058604661458566	0.24467858246463906	0.9115059169092086	-23.556587475188785
5480000	2.24951299447833	2.302184318560994	0.7712326470099756	0.48877738495635903	0.23240098330083603	0.731272956937947	-36.60151799863357
5485000	2.9914282888675423	3.227739277698193	0.7474167510970199	0.30010948086431294	0.3825930024171137	0.8461107544654284	-43.62067800385456
5490000	2.7375132567757134	3.3152488580399035	0.7406848160186391	0.3428076131588941	0.26961476585749056	0.8980259064299085	-44.20312683413924
5495000	3.8182714116217924	6.233172412530634	0.8144144989127365	0.27600318689732833	0.43033336738612854	0.74090032845433	-58.19100742935661
5500000	3.014084646967887	3.8361367626763654	0.8951246536372555	0.5219725127053715	0.22379760542604962	0.8751519521929667	-41.568167606376896
5505000	4.253582999374007	4.476454025819737	0.7531889724793356	0.23425365419006797	0.30661257848095336	0.7428901968036914	-56.942565181083225
5510000	2.3386591100022085	3.044177124087456	0.8438713801370542	0.5983604057305374	0.26172056203303495	0.8899818029696901	-32.01444173087786
5515000	2.8790863127786097	4.1628437954403195	0.7263683656444924	0.5138395142863406	0.20507982474173	0.7542865283513166	-40.974265298796816
5520000	4.789207748552714	5.300376992144249	0.744409726240961	0.31344907683023737	0.20325026538910318	0.8393014361492573	-53.064501618377555
5525000	2.3982239038397983	3.1271058444221556	0.717078936110704	0.5916606771020217	0.21992349311563997	0.8600121985045078	-28.554727498902526
5530000	2.349082418449394	3.1251375441698226	0.804019162686692	0.4403689025830346	0.20460793255387458	0.8072904904877146	-36.5960306085926
5535000	3.3754040732739536	3.5167181644807033	0.8354012420826256	0.42399485863254727	0.2507697343602208	0.9391890411065473	-41.72486762153547
5540000	4.374191984578281	5.6617289754463185	0.881353814933501	0.3130085184641903	0.3063857468988289	0.7816374109415343	-51.82059988260103
5545000	3.0338883794693947	5.7179841094468795	0.7853563611178399	0.3193690952211334	0.20163987830689864	0.7079063788150255	-48.8754873583427
5550000	3.7946313340308984	7.385437430708059	0.7913883137487038	0.22551275715705213	0.2456808454540079	0.7720386123551787	-61.44150294068687
5555000	2.955599872059673	3.100208988961941	0.8820151117257355	0.20924047625614658	0.2915587382908619	0.791251259598285	-53.03467973772364
5560000	3.743894257539067	3.824987292813702	0.7946514004678845	0.4953500021726307	0.20257555851689285	0.746049717349431	-47.122252584695474
5565000	2.6193336979660553	2.7595351728822584	0.8257547121763161	0.33773890352703795	0.20950487757714664	0.9084845396564263	-47.68937640513006
5570000	2.8839518077416577	2.9115095968403097	0.810518947458025	0.3337437027632609	0.208668998394212	0.9535528867748951	-43.06921971751907
5575000	2.5880988877802062	3.611430417017681	0.796943443411292	0.36750749753641	0.2240646519328507	0.9104808322710315	-40.16630283158091
5580000	3.734432240656888	4.720288152836914	0.7336921885028275	0.36794705712158365	0.27140981715795864	0.8189128808028411	-47.167994770054946
5585000	2.4045867862945918	3.8219197618961402	0.8515632055968234	0.39361094987672396	0.23662280704962654	0.834692226884319	-38.96362511589351
5590000	2.24951299447833	2.303718641509349	0.8867519854221865	0.5733139709711852	0.2701911946891695	0.7875656380906805	-38.3420136028636
5595000	2.326478631696832	2.364828246751589	0.89970790519297	0.592663108465619	0.21574946438925754	0.9509871334196462	-36.146112253412696
5600000	2.3507065260519884	3.3339708768369025	0.7160205896989731	0.2129570057583385	0.36541548403818336	0.90226679345169	-46.816548304026426
5605000	2.8306462711647	3.368967439666235	0.8223475842346784	0.2999786092391831	0.34702073520827775	0.7975022568481729	-41.182678893190115
5610000	3.490345716044702	3.7225853806609153	0.8896046518774062	0.30765528546687054	0.26699752592526765	0.7463692642896262	-52.87104381340205
5615000	4.452316578432047	5.3799553813060825	0.8877554677941689	0.2284762071583866	0.2548471553988161	0.7305816236750355	-54.271643498955214
5620000	2.924508364863414	4.2915224669726015	0.7143562700155183	0.4154725040605108	0.3176611449459485	0.8193420201384343	-45.96458437480773
5625000	2.6103227626618737	2.8831384466669463	0.896510782003329	0.2060500696137088	0.2781234293469115	0.8534649606696137	-44.76063641678873
5630000	3.437665736147447	4.030577998815253	0.8531782860805891	0.20768785653015898	0.33448011868035954	0.7661409434202012	-44.33800694122955
5635000	3.0240869051698445	3.7482970658019976	0.8649968494162874	0.36195375061576457	0.22891821086731623	0.8918001674425436	-44.28937458147837
5640000	2.666904168522502	2.976110951669288	0.8128305009874938	0.6886518866005039	0.21504401889012037	0.8725610412718775	-27.334482824709532
5645000	2.819369414079764	4.980640163807237	0.7373522302555584	0.39026454146351414	0.22308467363590867	0.8149363663493381	-48.112864921198174
5650000	3.113721252380572	3.7059734398217734	0.7165346199635847	0.3172819785445833	0.22917958539236663	0.7244448380428259	-57.994164977598885
5655000	3.5975716244192664	3.718934121585045	0.8698802061851858	0.37016914597354106	0.2535697990335905	0.8149868196893789	-45.946101974751954
5660000	2.653171511136204	3.3573870390718152	0.8754160450786237	0.3392106181168549	0.28667871776369946	0.973736703111432	-44.588904019881596
5665000	2.4912704940797985	3.0462376375194293	0.8718171422305875	0.4877546790668143	0.2125202790388478	0.7914497127104944	-35.96843964352018
5670000	2.2740979039748184	2.5084716394885955	0.8360564590057594	0.2120056569236108	0.3018820369865625	0.7262499678373633	-42.00149097778061
5675000	4.014739839364656	4.397973520418493	0.7970405288842466	0.2890486146165399	0.34524427165074395	0.7148940228846249	-47.95466989522426
5680000	3.54183826916188	4.658777850814817	0.8391157636980147	0.31164499652075833	0.3372509970111085	0.7355779426615306	-51.05535729773497
5685000	2.7269320938649075	3.299672587862435	0.7518177398814927	0.4083604538688611	0.2049978816937572	0.8385043235792792	-40.94954420389804
5690000	2.7817745057623795	3.165287604272164	0.8983254966661681	0.35030291222365156	0.3680168378304185	0.884259472855857	-38.730485399192354
5695000	2.24951299447833	2.276973906762556	0.7542072763323198	0.4691671694733579	0.20128142248453715	0.7768567879566277	-35.37366695704569
5700000	2.4406989820580973	5.5692179813609926	0.790456301773422	0.5479352410276555	0.20177253061586498	0.8018361168134951	-39.45117660308596
5705000	3.899238260261855	6.589366414852685	0.886510839816282	0.42188530179886286	0.22863123282740472	0.7031193474636724	-49.96073277651712
5710000	3.3167867194746146	3.8524058996813384	0.7661934288149498	0.25651359956805125	0.4054999372721003	0.8960167441736085	-44.23385256984111
5715000	3.1929778614568867	3.326701837722855	0.8734068859068005	0.35126925858005115	0.20506554727205156	0.7588207912255548	-52.5502680216354
5720000	3.047768201876264	3.227684475996981	0.8119625401285956	0.22522534555998397	0.49678045995159736	0.7419792128670061	-54.225848053107576
5725000	2.24951299447833	2.720131850912358	0.78865563755477	0.41971961332063307	0.292332953682796	0.9910758105814484	-39.75757150088009
5730000	2.708636120015838	3.7031667794600858	0.8274228134136282	0.31287876676330206	0.3933706388660249	0.7830954262418895	-45.897703353852904
5735000	2.4484201632742315	3.349712416187542	0.7408232429528676	0.5262208536627516	0.2623686419589787	0.7817717213562374	-39.45641535953218
5740000	2.323463205991874	3.922891958757417	0.8600255347542836	0.24389816375459913	0.29863348647947213	0.7341521134878808	-45.49963311308972
5745000	3.5688594809283507	4.082867200132729	0.805755426117951	0.3232366636521505	0.21866449894004528	0.7740069868732076	-45.77563493172661
5750000	3.5857612211593173	3.682712140115845	0.8593687598878068	0.41623365185808137	0.24676329590026824	0.9831388529561832	-50.54168739640777
5755000	3.437419767081257	4.641925077023312	0.8507354403528226	0.3984664829289547	0.22644416522727673	0.9196712144112213	-47.82544331745978
5760000	4.255273828887636	4.414390984266234	0.7334871662574113	0.4283791286962868	0.2822315256221819	0.7804447057974657	-52.43052552703369
5765000	3.5440510979875577	4.877707407552379	0.784233866135513	0.2761370011112601	0.306333407350525	0.7653029979605063	-48.35997776123614
5770000	2.496175511376363	2.850543481338644	0.8745176916222673	0.6925441278985708	0.21853432215525884	0.9097802142983524	-20.313956102536316
5775000	3.5551333883509657	3.7592502593147747	0.7897809334304179	0.4260557249234172	0.20483406999058443	0.9725673611312915	-54.51526226515826
5780000	3.7685248641201574	4.907561835540969	0.7825028218916708	0.28793308426778447	0.22048087339706374	0.7138568312471013	-52.05117393115523
5785000	2.811820927556742	3.2279514668878906	0.7872929156117427	0.6703980833661326	0.22223394664633028	0.970071616717105	-25.88655799157137
5790000	3.2633941284691277	3.4119273335492153	0.7979790703195009	0.3235734686838577	0.24517295506279826	0.7558841978904598	-45.669049530832325
5795000	2.24951299447833	2.439885949918132	0.7070349076775203	0.48423445366066104	0.20160238889477466	0.7945512549629796	-40.12032891806447
5800000	3.074019573947853	5.85248250218018	0.7021787890964535	0.34062964523162703	0.213299724547426	0.812993499315369	-51.990301981167825
5805000	3.5550135493858335	4.146320257334534	0.8703164028269667	0.22576031167183372	0.3508717357689162	0.7738120081498804	-50.47653003061886
5810000	3.4796126086959287	3.6100322451437563	0.8572972417369136	0.381642695799338	0.249867765262885	0.7587779070096975	-47.56369063620212
5815000	3.026877948737926	4.235224540700113	0.8937633625779963	0.3150430356061628	0.23546418351437917	0.7148429534863098	-47.09494249499723
5820000	3.613236207167205	3.908467983826275	0.7088357388168126	0.3204157401886038	0.3625589549575868	0.7643718813338162	-54.69228908588911
5825000	3.1398260911964315	3.304545661412748	0.7558849867823685	0.2206046741225034	0.3351147060759825	0.7004048062981493	-48.612622597255196
5830000	3.2796242393346775	5.809691930198897	0.7812954513278999	0.2842972693019	0.41279815047850005	0.9472052148148216	-51.99950122685509
5835000	2.793746871902467	3.0267027981626704	0.8054863981492736	0.27225680069802083	0.24980082480969573	0.8686139687814296	-50.81085763425035
5840000	3.119786977971194	3.499208363077489	0.7920323167374064	0.4019531329662006	0.27391907649172104	0.9270414948322678	-37.68584950289478
5845000	4.506821796781672	4.557044825217355	0.8363383393173424	0.24862538249583116	0.2579611106976349	0.7348446109296282	-53.13049266879426
5850000	3.0015904693038626	3.1334937782298002	0.8289832666541007	0.40249206296749507	0.2658154953248734	0.9423196359518593	-41.35777035316357
5855000	2.3804364824512825	2.8643406771962936	0.8348596684784627	0.43445822668815565	0.3549098877303278	0.7501975509573381	-33.754891516306905
5860000	3.498291959109596	6.156902190826208	0.7101415711758833	0.24965577065564154	0.32334187263141745	0.7242311559786828	-52.639769665650604
5865000	2.6063168598103355	9.743876874366782	0.7004876660436156	0.2791111409786771	0.38356490516566094	0.7921143311836784	-58.72527463913441
5870000	2.613981011391805	3.507136255773439	0.842575176031034	0.29722189650656955	0.28709198727067314	0.7948085177722495	-46.78771271230672
5875000	2.977749081762094	3.456984662375611	0.7190355538235084	0.5403830317292834	0.24248482562465937	0.7987602207417788	-40.22639925087757
5880000	2.995184401834055	3.023550770132632	0.8118711035832336	0.39474302946226264	0.23219231406462004	0.7240175536309003	-47.309498388568144
5885000	3.529422201695175	3.6176519666857865	0.8269361654874405	0.230278114399394	0.45336197775217635	0.9136347833424789	-46.205773340693504
5890000	3.489157734597086	4.2030359572882325	0.728981795856797	0.5424968441073154	0.2529482331867439	0.7134216768161856	-45.75990394933329
5895000	2.6970465503081167	2.750593547510973	0.8779406928649838	0.31036185476059613	0.33110535870823066	0.8531025180126843	-41.08212568888946
5900000	2.818648403094773	3.572138270879652	0.8111804231840647	0.22589638226880335	0.30370778160629724	0.7019079127417386	-46.07262080241666
5905000	4.635050229612525	6.739997185908839	0.7934311109657978	0.21876713418724977	0.4009628443941447	0.7757176019365792	-66.92862098498605
5910000	2.340883572205158	2.5041018020805144	0.893361666022565	0.45161329843486536	0.22826675352227455	0.8304603358259196	-35.82700574036843
5915000	2.5238094998993006	2.714752736530018	0.7493080888629365	0.43031093969220985	0.24429846062371308	0.7139438027388705	-38.74248409177693
5920000	3.457735807307633	4.669212486625271	0.8192459074221689	0.4305844054383233	0.21692652423408593	0.9967265457014134	-38.770655662406305
5925000	3.1264528090961012	3.261456039629064	0.8290659234869737	0.34154937527767776	0.23646141451667915	0.832812210680954	-43.12286330565296
5930000	2.5827513104711946	4.20318998881136	0.7655074124735902	0.32756690642172187	0.24967446451540992	0.7100886307332143	-51.21922919582942
5935000	2.24951299447833	3.330911807805675	0.8871582698212397	0.49584367927270107	0.25878010530621676	0.7749938291889195	-36.60119049418835
5940000	5.575120214804872	5.747037685033096	0.7053958342286669	0.33571355498503813	0.33891601675565625	0.7284187875459475	-70.80267511450191
5945000	3.0332313021884127	3.586787479807468	0.7707235954901902	0.5635768058286551	0.22164877080920134	0.9781165672439253	-30.108508017293396
5950000	3.123525023342042	4.246466078562514	0.8235358462397366	0.349927133417945	0.24652061630626246	0.8290646176210764	-54.22617459719418
5955000	3.2421641709761544	3.3056968596430316	0.832057495480794	0.3929314140823121	0.26561293528366764	0.7560294815484574	-52.41735739597512
5960000	4.285381419562655	4.673025259768253	0.7957896055741469	0.2995288984814245	0.24956225838741822	0.8451124794050485	-53.16667608376096
5965000	4.352399739485392	5.793313133558248	0.7398519468450481	0.5373708725494936	0.21933163497601701	0.916348484734054	-40.163606857455086
5970000	3.2975627450075797	4.088746997236549	0.7036001206292035	0.30159245520248174	0.24001751012962588	0.8501729982214284	-51.89954010422739
5975000	3.682717458810818	4.75248031406514	0.7199812845964428	0.2492416368547957	0.37649170634667284	0.758171856934145	-55.38234943922014
5980000	3.4822285908802204	3.4838256958499723	0.8220019833558395	0.25559945073053314	0.5039836635626149	0.8104686763233403	-54.98194398312328
5985000	2.9757205323231655	4.8294758518135055	0.7057952747719013	0.47553828586165836	0.22545901464404594	0.7032776774209503	-42.00403914057454
5990000	2.24951299447833	2.5338142544748954	0.7771052880845167	0.4877744431552091	0.38069562966070114	0.7677494520254425	-37.90191634955895
5995000	2.942321594339006	5.48164656705059	0.8340541457111909	0.2545794924116397	0.22215591075776953	0.7524408766125624	-52.97903061320835
6000000	2.693063446392156	3.340484774686796	0.7993955942830964	0.34397842078387064	0.20990771659682034	0.7032843756919843	-46.78446082727389
6005000	2.24951299447833	3.131953363361898	0.8959951165823665	0.5273785424416836	0.2705558990862154	0.9969252547951482	-22.435698073045252
6010000	3.87855735197818	4.432234084582424	0.7386620268009506	0.46750910150374475	0.20914447242265152	0.8825085186410551	-52.81241462480652
6015000	3.2328881212519485	5.043560047546183	0.8750502465585992	0.2732202697120485	0.3294603555403352	0.7525577926471383	-49.33064632158397
6020000	3.6557507562636546	4.422644684524298	0.744188928725435	0.3661296545610685	0.26431657904171457	0.7102768639345635	-43.182336569111875
6025000	3.9069140199463352	4.041811227929176	0.7304989970877084	0.43579451940982783	0.23916133191454964	0.7477692293172482	-49.01625607182043
6030000	3.0713557183644835	3.6312800479831435	0.861240347053981	0.5050675307433089	0.25838629707075134	0.750159242372173	-28.2469605554604
6035000	3.4489796158198	8.524931684483951	0.7893163911662578	0.22292725578059927	0.20308097103385905	0.7217540525727205	-60.371365895866454
6040000	3.1179969550262943	3.345533462290628	0.8045588058147035	0.317928334577843	0.26323658331923333	0.7488800178342087	-49.20200579913372
6045000	2.24951299447833	2.5490740401258987	0.7989050317631817	0.637244683389456	0.23078468337881708	0.9096374400734852	-31.443767276614004
6050000	3.8294740853504403	4.50886630346378	0.7951267158848686	0.3925276995997872	0.22183244537513938	0.7292243115546713	-51.26463165786384
6055000	3.8827598782310186	7.0728109066665095	0.8102538655232594	0.25435029997017966	0.30156732020430527	0.7544886894424616	-52.855552009478664
6060000	2.4031439262898395	2.747130163274551	0.8805385475491729	0.21411358368362352	0.28771562066677303	0.9279166245027312	-41.80166501143216
6065000	2.5967110639359423	3.5816999936604237	0.7943111162053361	0.37843510348246256	0.21157074368436593	0.737760245650171	-46.911276135556164
6070000	2.6217575100922623	3.6878226803574328	0.8745719597223823	0.4355016231138544	0.23181200130316593	0.7357979793700214	-42.094699334810535
6075000	2.5664337062198324	3.511517256244905	0.8879419945122022	0.23530405220645811	0.400807011824561	0.7082639091468942	-45.1616517658083
6080000	3.6219486122819804	3.6373975817132393	0.8090562763277815	0.34996509661422925	0.20877507402604997	0.7502773190991662	-55.78911600512555
6085000	4.971354178740616	5.9505847663564015	0.739768805812431	0.22336254814328077	0.2386262806900347	0.744165161700483	-57.265457214823925
6090000	2.4822247650956712	2.8529176618803116	0.7687295990680652	0.3499101803439316	0.3210311779584227	0.7387976076991092	-44.87088378466677
6095000	2.3048416891629007	2.925768232035812	0.8181567235521259	0.3995374016548349	0.4026934378670032	0.7519031273466928	-31.106500947357155
6100000	3.3479532967786216	3.8413457104633104	0.7522796133373999	0.23223852862956357	0.2788696400195132	0.7206787874556518	-48.931268651309104
6105000	2.47159025219763	3.4144160471510023	0.8734994172924546	0.257375965199621	0.342891765770226	0.8099733042054776	-49.489723214702764
6110000	2.7607034014652565	2.8819940341823607	0.73377298243936	0.41108444136048583	0.3987446397277888	0.7120499591592934	-45.60021350106535
6115000	3.321867282361677	3.73539351698943	0.7810237383970576	0.45990217855055915	0.22098808120751037	0.7003472298562045	-42.64262424650962
6120000	2.9921039492548944	3.904526803927694	0.8251056194758561	0.23760643389603384	0.44534144426907696	0.7071650728491666	-55.42251621357155
6125000	2.4275188215516876	5.921287505773813	0.8569271223966726	0.41421682583855685	0.22866980344187823	0.8370007428080496	-43.656675209261124
6130000	2.500437178799327	4.551966042471347	0.8345176849011701	0.48595061080346696	0.21072629067619794	0.9867896634511881	-32.920116894854345
6135000	2.6612692826096853	3.451202920487135	0.8484786256724639	0.38155720175950747	0.41803989970524846	0.759666050139975	-51.83772434972781
6140000	2.91048410876331	3.968455540684182	0.8975754284047769	0.48262512615530884	0.30531057544276297	0.8039684659255433	-46.10149116014746
6145000	4.083154677644869	5.439231414759071	0.7600288899801699	0.30169292803491793	0.2925962413496239	0.7043060369751389	-52.15622800514589
6150000	4.417882907297699	5.07613249763807	0.749262538855831	0.28791079728670405	0.22711159003013953	0.7615490835657704	-59.480108280604895
6155000	4.247738098029692	4.509035291372658	0.8714798281571839	0.27106812474808656	0.26865507887614903	0.8216895141823926	-48.531634486063965
6160000	2.844237726252478	3.365313929778853	0.8107870232525499	0.39139372163724573	0.25748319247269275	0.7596511786633388	-50.99380522415689
6165000	2.7679022265046	3.2776491706798856	0.8364306405387831	0.3888405113405552	0.24009035338058524	0.9018543600880462	-41.976321487815866
6170000	2.9777293769967783	3.5043044595645787	0.8219388632913808	0.557051763861402	0.21397306210352499	0.9414042013127947	-35.64858365327865
6175000	2.3603791542009613	2.812216440907095	0.8426511950419271	0.3688202433876594	0.29193726521191055	0.981641412368165	-36.72601180184879
6180000	4.166551086409451	4.2536754783773825	0.8287623785297522	0.3474252483867619	0.21887147428407486	0.7005772292933702	-48.74644864383331
6185000	2.6302383411673658	5.204293560811587	0.7105362883688962	0.2437078231840517	0.4457235449185099	0.8688333895774316	-52.207161483399744
6190000	2.24951299447833	2.4223840681760054	0.8562688476975802	0.5976057858143249	0.23767414109900864	0.9244438107735181	-23.546375954511007
6195000	2.3104540317557407	2.8585326428906295	0.8134308147510236	0.6301636320481431	0.22809850737986145	0.9117542093044946	-36.12696502137463
6200000	3.2228774212561797	3.6651675007284066	0.8302299992710132	0.4353040506336108	0.20334080026574827	0.9068545065280916	-42.71886547140776
6205000	6.763818114307545	9.133010980861005	0.853242897457877	0.2561758866382975	0.2283728779827082	0.7665614904608192	-66.27787692830725
6210000	2.407146365936202	3.447064932181747	0.7969453530965718	0.4896726964505162	0.3229108942009171	0.9832076421767311	-36.166264556483405
6215000	2.974727870448917	3.4408936622324644	0.7747568144038862	0.3248925425056631	0.2261359603233899	0.8568075025288602	-46.17759047113277
6220000	2.874043494499015	4.635442917352478	0.8514230786548247	0.2601984116047747	0.33071675854629107	0.7926014185422554	-44.53004808243652
6225000	2.24951299447833	2.5588265966262598	0.8183048294628332	0.6183549030674756	0.27472526725922536	0.8697591497262194	-21.98233162110218
6230000	3.0752400672713636	3.4087064163612726	0.7210569816319833	0.34954431908910666	0.36416350444927775	0.8070705776572638	-51.47221929444281
6235000	2.7775284298989686	3.218867985124609	0.8282069985823052	0.30313420157995524	0.35382098155626385	0.8715235501058787	-46.792125206689185
6240000	4.937596680664576	5.143071746041233	0.7178815360131845	0.3815843498342616	0.21394464874349114	0.8146644791971072	-59.6163287749594
6245000	2.6194584131345486	4.2300781734976844	0.7692380155873382	0.3927013761582889	0.22834622674754484	0.7366035191314395	-51.864235006273056
6250000	4.533505478414887	5.131961908430463	0.8148345025295417	0.45215481017084724	0.2210584528355515	0.7982119713694079	-44.582599106775376
6255000	2.6788923906036173	4.555558402544707	0.8303101424177031	0.44779391979172706	0.22779947671527356	0.7291387460724789	-45.2577061904791
6260000	2.4693476815042548	2.707370615360718	0.864578852437994	0.453340782489979	0.28200449497750124	0.9069641494567988	-42.711508973082395
6265000	2.326294174641988	2.645730256606208	0.7064345267869208	0.5410699760767836	0.2644518790139486	0.9215380507574359	-37.69371557432528
6270000	3.073712637704925	3.357373985620291	0.8491253876954283	0.48461404481863407	0.3389958354506192	0.8138430805924308	-36.82212584854727
6275000	2.5865543871376944	2.643066504457528	0.8977785309750662	0.41124455928546444	0.2567203629809694	0.9080716894617312	-30.744093903618737
6280000	3.9027517901179976	4.700503945633305	0.7418255400293254	0.2726904581934029	0.22522499621038455	0.703267811022837	-59.3242686676768
6285000	3.952588255978048	6.067527411311421	0.8154909810554728	0.3738729741941776	0.3346113451066883	0.9266848538119759	-52.17348233993556
6290000	2.6508002701568834	5.826892965508694	0.8021348121612564	0.46905015887496776	0.2017869032034653	0.7044180926891132	-46.09519131378076
6295000	2.6660230694764167	2.813564962828144	0.862719487798592	0.30407552480202427	0.27288465549058405	0.8754984072010393	-47.977079753812
6300000	2.9298608804250845	2.9347525863501653	0.758802270006862	0.5237844743066321	0.21809631763665802	0.7828733388957175	-48.34841296679427
6305000	3.181504767774322	3.616348292672869	0.7543807457050313	0.3628947233379778	0.2261271792419704	0.7188754069976634	-47.97761840370752
6310000	3.5049781125717656	5.454535895173454	0.8303749120531776	0.29070865692998604	0.27003486220358913	0.7696364497327789	-51.50134415858828
6315000	3.6817056124488414	4.067319680017602	0.7863834243318383	0.5327620142298475	0.20887758951629729	0.9790508724044531	-44.65366894620965
6320000	2.705023749206891	5.626317828891604	0.8174506143333442	0.505433440230735	0.203493285281814	0.8161852054077987	-43.993657615652666
6325000	2.495932416904972	2.6917009813920365	0.8552260245762564	0.46690537503611435	0.2103373481888751	0.7134598292260337	-40.72355542194126
6330000	3.443405340622341	4.612998654531291	0.741673756513894	0.573609724032866	0.22065842040647285	0.707026624584917	-49.375572267876194
6335000	2.24951299447833	2.8458285734122195	0.8515356212761438	0.5870264976965632	0.2016039076337487	0.8199680780251656	-37.05984737244901
6340000	2.5222724027205303	4.0747456348785684	0.8497339881352051	0.2535512149435153	0.21677334353027425	0.7565401761512613	-50.34558522701908
6345000	2.9925724703799714	3.304157395729717	0.7250461964467491	0.28044406343221995	0.23483256980581269	0.7082969993366712	-47.90657894309519
6350000	3.255169792391274	4.273472719644868	0.7834260677813625	0.20909530406620888	0.2274072533116021	0.7132446229558402	-55.3526221543888
6355000	3.510678640476195	4.747480058213794	0.70125043224339	0.24768342681117855	0.2969119259730079	0.710249112465965	-55.29626713043882
6360000	2.24951299447833	4.062704256293062	0.8105922819499094	0.4680390094729323	0.23137357005196474	0.7632862193266409	-39.44945982914427
6365000	4.065598348274692	9.201581744847834	0.7323952467281564	0.31603336366308277	0.2676854618154163	0.927425677918484	-57.892119578330025
6370000	3.822313479526141	5.304536483220915	0.7652001769395914	0.20127836325685747	0.4708337740170594	0.8908680408894298	-59.263383732056425
6375000	4.086982222212345	5.24479883340752	0.770048759972713	0.22293186798057704	0.22794960417871543	0.8715017689440951	-55.2981031771185
6380000	2.7463231915060993	2.9719494055962574	0.789155074743296	0.28843708904409027	0.38574386129281885	0.7066065903230143	-43.50396672403022
6385000	2.4767204175642075	2.964711378954775	0.780933084885106	0.5936882831060327	0.25152452522286467	0.8303952030345316	-29.049603842233925
6390000	2.5779399954815623	3.4531783944074825	0.8166642300680468	0.3482566334087665	0.39519698797371067	0.8478172349388875	-45.7181875575226
6395000	3.4687212780318117	3.527922773572399	0.7795734487015317	0.449894362936491	0.25204467192447355	0.7041292954619401	-43.99654719884406
6400000	4.123606674048339	6.586368883224391	0.8816777409868214	0.4085590918392407	0.25276153861952644	0.8724438438487959	-50.99051967439562
6405000	2.24951299447833	4.374613283297276	0.7584321113800456	0.2826026521442426	0.29474742744948135	0.816493689672491	-45.33430975202882
6410000	2.5325566691143213	3.0540353239914055	0.7904689941213789	0.48990208640871213	0.20626624937202587	0.7526824631187582	-39.28801508781949
6415000	2.700251174854921	2.7101312018635113	0.793337500801062	0.5893987262539154	0.21546956412730295	0.7528581262152458	-39.788407708926954
6420000	2.2705413652450424	2.3339215542299314	0.7202336319492454	0.2547381028779746	0.3521016705115265	0.8130761952381113	-48.45532261175753
6425000	2.7654135987040873	3.456638574131889	0.8283496335768316	0.21358564316539372	0.3498869933759111	0.8401554411274147	-43.20475603835307
6430000	3.127349190327087	3.7039425089474842	0.8889284064654324	0.32654261791372247	0.2678200388233391	0.8639255095911549	-48.5225254100719
6435000	3.8335277589921555	4.352565345283012	0.8312941776039278	0.25614636357196563	0.21969658799361944	0.8744201019291173	-54.63062269156835
6440000	3.074605562264974	3.270248769911146	0.8065696357530233	0.20973491229564822	0.30851260922739626	0.8284980447074171	-46.36920159131396
6445000	3.1739508380521233	6.2635687294861	0.7884739438712833	0.24499586122527142	0.20541855133162149	0.9056617325535595	-59.46656296954766
6450000	2.2569626069590263	3.7479248743321443	0.8624979601934064	0.315664935529917	0.23226113093385226	0.8858296076882578	-44.02108317417919
6455000	2.7371845425581873	3.389743678402423	0.7838285697814561	0.257085120849664	0.20664106818434544	0.9299463068403322	-53.09766103502307
6460000	3.941039184606541	5.662042677894876	0.7626897060106934	0.28275816039115526	0.27561528717879324	0.777981692833024	-64.45380846832651
6465000	3.628279337641884	5.063668952222093	0.7822671363989484	0.3370083106955748	0.29132615690409763	0.9070142615211932	-46.91845473688369
6470000	4.082033091631625	4.916700716232904	0.7626527325695471	0.33370838617307086	0.22310726897588512	0.7726345782181514	-49.355626425995425
6475000	3.2734511787270795	3.492482432640523	0.7510477600731905	0.453530888084011	0.28995320329821855	0.7994359671865546	-42.29008688738683
6480000	2.971675976172453	3.197563241141713	0.8691560810569506	0.4800491586846952	0.21483096564549833	0.8525368236576836	-45.12252800572928
6485000	2.24951299447833	3.6658391818322076	0.8177939194254982	0.2345347023136007	0.2773611708348196	0.8045907956898058	-48.70643876030803
6490000	2.7068633758751495	3.870712551637226	0.8040573209604182	0.2680599141904579	0.24483754843215674	0.7671496241796428	-43.482868824170076
6495000	3.400390149042661	3.4595111724005703	0.798748086978188	0.34955834906334743	0.25651519624471236	0.7615175981540685	-57.50139931991977
6500000	3.2349909311731047	3.287575062148593	0.7598164076168611	0.5792946535426688	0.24671291246267352	0.7465457741266527	-49.633130611908555
6505000	2.9557707954296117	2.988021813553839	0.7714084758335846	0.4537736991352079	0.24376631291005368	0.8303317325226847	-54.59907577261835
6510000	2.24951299447833	3.099315455470589	0.8694781652616648	0.6073989765757557	0.21877402963351839	0.8370460193288305	-29.945591654596562
6515000	5.610747764576195	6.632719454343105	0.7143120633659866	0.36237336542856496	0.21921507855021974	0.7149031113753413	-69.34844179471528
6520000	2.357645598433646	2.4052736650376367	0.8620104110304182	0.25760920011292043	0.4554143112970598	0.7071653042341062	-45.15804714300256
6525000	2.29873519147286	2.4129058590472576	0.8643948302662383	0.6229723187755724	0.22646127308048475	0.7923930397471712	-30.98768950784173
6530000	3.081764751988067	3.195107824471173	0.7306196205451109	0.5489396762504133	0.2298330052237317	0.9039183400426696	-42.824667115000906
6535000	2.6595922364587907	3.230096435060793	0.847317331416516	0.22923093671862296	0.2743385656813355	0.7898872930820297	-52.16155582988742
6540000	2.9108920266377414	3.0049820527727307	0.8865607094718101	0.4210196631975039	0.26748849894682886	0.8319118738431557	-38.362885249676644
6545000	3.639398870553371	4.08132148748307	0.7716112996592298	0.29863112478248705	0.37459361161414334	0.773921177993287	-54.164593192367185
6550000	2.590795608819269	2.7650961854426575	0.7587074747365107	0.2783814280591513	0.27948694189811507	0.8260117170562802	-46.73711176127542
6555000	4.077005226428545	6.131410135453173	0.7293300608630313	0.25042263646624163	0.4847920911045036	0.7441302183633485	-49.05046926596269
6560000	3.9143938143843657	4.512006042793424	0.7874115802405697	0.3143916543558971	0.30646200735465945	0.8211096841731724	-58.84957759850354
6565000	4.207704975117976	4.408016261407174	0.8381463303891762	0.3260481669992565	0.3981292363163765	0.8441814948736867	-52.99844831546455
6570000	2.794293339545118	3.1372360420184506	0.8456437531665167	0.3062223953159099	0.28118851604799405	0.7816716356773445	-48.35592969588792
6575000	2.7238422275262786	2.871579652590085	0.8481500378925404	0.3637546737879844	0.20884530832580986	0.7223602437858982	-45.5697230291002
6580000	3.442361821530653	3.656067389779348	0.7074658601819931	0.47332070728619197	0.20007804796077328	0.9009146952111631	-37.46460011543858
6585000	2.7883648880048146	3.310517411924609	0.7554612562793267	0.5342955534996942	0.21170460891839368	0.7394550849025415	-40.63336493625641
6590000	2.7121815707247494	3.281756129529291	0.8520008438788242	0.5623204728841718	0.22251804130784034	0.9783512515730879	-35.08751257554812
6595000	3.154794632746118	5.906313062311046	0.7242256979727256	0.24741858451925602	0.40080595473013836	0.8826814328954432	-63.851998059842636
6600000	2.9068247787985686	5.230311470039425	0.7484424580888469	0.21654824321355923	0.355537396914599	0.7269938897078537	-53.85115058596647
6605000	2.6146905771511624	4.354513155197661	0.8291724743452846	0.4910558199055933	0.2560387116884002	0.9430437622722851	-44.24968239405925
6610000	2.5145219369820753	2.771684634944502	0.7065819924982367	0.3670958293371991	0.24401985176934118	0.8631701822940459	-44.25641322555606
6615000	2.24951299447833	4.13167292363025	0.8904286906985158	0.5061189729067482	0.312796805281992	0.9338957343310516	-40.44297178855607
6620000	3.366746062839035	3.425300817684709	0.869813547797385	0.32393227977779	0.2430605385416908	0.8883013626545662	-47.511940507250756
6625000	3.1490363613033696	4.314116899712602	0.8565854626462471	0.3248925989329681	0.2743038609791711	0.7234229446957579	-51.26962030607969
6630000	3.2129162151268917	5.064040275038336	0.7302027560202151	0.5559467173532465	0.2725367153467075	0.7561388432394094	-41.62228132195642
6635000	3.017852178829053	4.370253260626092	0.7890893556903669	0.3806418355654027	0.2016197761932255	0.7429923539735448	-49.16774351751256
6640000	3.674565560154998	5.83417047600515	0.7281852021664817	0.4673445401488485	0.21673651803439106	0.9568783723676774	-45.60197348106635
6645000	2.6312097650681006	2.9240839081211156	0.7207510869159364	0.4164200687153316	0.22547182936796206	0.7965810636838714	-42.06122323230419
6650000	3.0359588527128936	3.278569452476859	0.7559340187507911	0.5668796789363197	0.2121735702722095	0.7737659347177561	-40.21747655150879
6655000	2.843975062073774	3.713269703259988	0.8846441718868842	0.35495620330804484	0.34093131093861234	0.934388028173937	-48.673850628018066
6660000	4.059319674367953	5.467279821318106	0.8963574770144563	0.4786930198945903	0.23247776000996795	0.8938876202875881	-56.15262585844775
6665000	3.4376166377353785	3.5354146742140564	0.878762968106222	0.5493570202122937	0.2177743212148121	0.7437356836109571	-47.29597941335442
6670000	4.0987067409740865	4.1660986219526865	0.71391083236898	0.436578022689162	0.3001795889868508	0.838833605851928	-53.75248672480624
6675000	4.426438035360183	5.051099770287221	0.7855027645834771	0.3179135458104089	0.2592929311263451	0.745477379472809	-50.17797982207212
6680000	2.8228105502880014	2.9628337052069575	0.792390841366111	0.4283650710971656	0.25332241610312767	0.7006979375221304	-49.575691171135944
6685000	3.6176582603167953	8.846162276473052	0.8874977416456216	0.24129678201024798	0.250753130889387	0.7281982032519685	-62.125589259387105
6690000	3.063167941390115	3.342516545454861	0.7018294161297426	0.2209001010539801	0.5189250979099319	0.9702189993685223	-54.59687794121868
6695000	3.198312565983715	5.627403669758266	0.8269407062282333	0.3873207783207637	0.21331852985917785	0.7979022993350529	-46.44778947837081
6700000	2.777245853047662	3.0967878313700226	0.7439434293335834	0.4348291103456234	0.2105647723954247	0.7753064450801798	-41.48091648453631
6705000	2.24951299447833	5.544836528928753	0.7653505714076319	0.31391006300628377	0.2743890522276351	0.7870312570765834	-48.80132853876766
6710000	3.239311813599106	5.140572942878796	0.7651456100281734	0.22143080891680117	0.3291024895888206	0.7151731682779212	-55.75234487108769
6715000	4.902348889508161	5.318342242782081	0.7445563580082241	0.3534163748323087	0.27966618943075094	0.7232249369427765	-53.85898726350456
6720000	3.5651867863480584	4.334323005308099	0.7544639168965545	0.35237042236532223	0.24569218331733583	0.8332648426567096	-47.35084843364966
6725000	2.443847485212966	3.2639978223713304	0.8523316176839786	0.4225497453554946	0.2187312790763495	0.823325201382032	-47.514126342161006
6730000	2.3982211163153293	5.103492036644164	0.7631250770517021	0.4136366989016507	0.24743448730461354	0.7989291044281247	-51.12720367746719
6735000	3.5919911659661556	3.8716502021376042	0.7498334877509157	0.23747208277660992	0.21746154174375143	0.7034648003689643	-56.87567059087339
6740000	3.529724285298361	5.715340275026994	0.7703986640973648	0.3909863397274278	0.20957189270425797	0.9250498361132339	-45.5765202332363
6745000	3.1563256189713176	3.265268190483484	0.8719214765688598	0.44881648490520626	0.2031568672231509	0.722559730381962	-51.319401052061664
6750000	2.9565266871322	3.0223104119173527	0.888388042116613	0.4240019009853062	0.27804354674330584	0.7744869753086665	-41.154727393812834
6755000	3.0737383080571496	3.569391338111326	0.7776849547981513	0.39864053721700243	0.22385373608501058	0.7771606338709034	-47.630314379841714
6760000	2.9598916488162734	3.4995642939855407	0.809372049531952	0.20664160422748154	0.2688823602712705	0.7975169548921015	-53.90663113328239
6765000	2.662857639488081	3.781662684671773	0.7765868592040559	0.26120485340435523	0.4567481809495558	0.8328268881032435	-59.1050444280409
6770000	4.474269634635762	4.745996396333108	0.773450105062084	0.27950677064284557	0.2860138281466388	0.7237624356952064	-54.1459909562111
6775000	2.5964464456037653	4.545898653738214	0.7340113661131753	0.25228878652879744	0.3452979666659559	0.7288203063013705	-49.412885686339756
6780000	2.9967948051746585	6.206446217244338	0.7159336160940216	0.30969571223703923	0.21061592027219092	0.7938182379135433	-57.92048674278142
6785000	3.7822686029503387	5.8814302313573465	0.8609621636846772	0.2846127198054269	0.25057280763946516	0.731772904480441	-53.65474174133859
6790000	2.9973685607538116	4.015399018361972	0.7211638937200195	0.20513652830450374	0.3393012464550124	0.7982515086547493	-54.35893532916615
6795000	2.4788931741821116	3.8648623222997283	0.8946568935022037	0.5144377465680915	0.21319529747263885	0.9311297987701901	-36.83188145973889
6800000	3.5881917752833905	3.6287589663965503	0.8005232238932197	0.20316052165717266	0.28004275582980886	0.7335605488071939	-49.171463431736136
6805000	2.5991221986355293	4.543304670962874	0.7299657656411026	0.31598743014270964	0.2961693313277685	0.7486047451654616	-48.05420501433023
6810000	2.302305446679419	3.3110512979323223	0.7389734592573773	0.2547859517697504	0.3084643008430316	0.830633010287425	-49.34671942681994
6815000	3.0868903266447223	3.200019071146359	0.7999590685914296	0.31458917572373274	0.27141349261894415	0.7067750098592648	-51.80141058585825
6820000	3.616334838629036	6.319491894753242	0.8089789277966345	0.2747889460359799	0.22099925610103197	0.8064450618790755	-47.456214012475954
6825000	2.6916137691476263	3.442068394255702	0.8384964915374324	0.5063182791296266	0.21731748617779867	0.8839448054312796	-40.412700507780855
6830000	3.7725402563163875	4.404058645618287	0.7533659568033344	0.2520278193709171	0.22545466246824175	0.7005193030844126	-57.91167735427613
6835000	3.247290738980241	4.462831464057306	0.7559111011542953	0.24645715002486446	0.41986174956825967	0.7873539886154549	-53.86812358100913
6840000	3.3779417573155808	3.5634269504360847	0.7076856199638779	0.41960532660933153	0.223643355352746	0.8257265221628938	-49.70169191933791
6845000	3.2221517482332174	3.502145918613884	0.8239463738899556	0.5419730091589384	0.21004780816326157	0.792997133947906	-45.723615338386566
6850000	3.3323375417089793	4.730331618768016	0.7802747112466334	0.29939745391093436	0.40783041641343976	0.8009763541449046	-56.494669495535405
6855000	2.300737147148058	3.225399506286734	0.7897870396715057	0.383258710585964	0.2133678268029033	0.9700622369782721	-46.735817211256354
6860000	2.24951299447833	2.938294291373635	0.8962822009241972	0.3869163351214377	0.3030789776967724	0.9784777455307333	-37.2754495667888
6865000	4.126919320746151	4.84783108244384	0.8959610631417759	0.4477269850417733	0.22058263496159794	0.8423493638155469	-44.71120404820028
6870000	3.6995941409534923	4.3252740653721276	0.8378605282672608	0.2776846994017395	0.3074031182177672	0.80874921681403	-50.76246283849289
6875000	2.5257220007031913	2.6201652335583185	0.8661709224273957	0.40710609932010466	0.35818016709514894	0.8005931634923534	-40.311554691296124
6880000	2.9160574249413482	4.130059190298502	0.7849777608556228	0.2911670572346793	0.31126955924103533	0.7688409553399782	-48.374871358531905
6885000	2.24951299447833	2.905592546326767	0.8627601177423447	0.4714022805242311	0.27460574717240777	0.8297890137612776	-39.29178940034444
6890000	2.4602500766469637	2.46493916569458	0.778613738610517	0.3518229483600801	0.3908286101094152	0.9627880272605721	-41.89928903651944
6895000	2.790500084593772	2.9840743253842636	0.8625174209413854	0.31137888565545385	0.3770002667912691	0.7967224125955398	-40.60875451049163
6900000	3.416970859624204	8.017755577608304	0.8784223358028735	0.5529157967104329	0.23469000513174526	0.9112593987362505	-36.798202818370186
6905000	2.3844221929861247	2.601786721597625	0.833880666404195	0.547440015781643	0.2106361762119626	0.817818951123114	-26.474880357343476
6910000	2.24951299447833	3.389306603909947	0.8503179713622531	0.4439398915382868	0.3151623979219664	0.8992739064992032	-33.350895044841764
6915000	3.072921244524223	4.178068143066472	0.7785558019507351	0.24956160119463236	0.2652572366223062	0.8289392883205338	-51.67303007892906
6920000	3.182925865006404	7.104528410653021	0.862493010571806	0.34439226360564557	0.28760800961187616	0.7327788161280581	-60.62482577030608
6925000	3.369698793826995	3.4394785595747206	0.8910456162047178	0.5424788694326177	0.2181064481941958	0.8407879082498908	-31.994817677107974
6930000	2.24951299447833	2.850321195294049	0.7828440235207312	0.6297653772082209	0.27357697381198404	0.9813475662960222	-33.375601615032316
6935000	3.3783616760509227	4.677623431016229	0.720043748737733	0.36473448254296104	0.313795350958638	0.7948230466926247	-58.359041666495855
6940000	2.286822600592933	2.583907690824007	0.7954368199338784	0.4988430243856354	0.21015583221852796	0.7168053092344546	-33.147599565422986
6945000	2.7879100007899837	3.6605369588429424	0.8937313279713804	0.3391584429578471	0.2735476526410054	0.9032810633337446	-41.45593745989941
6950000	2.8006330057556097	3.695148237224563	0.7426994502281272	0.36767394213303944	0.2868050894803	0.9642073340720295	-48.43444383750577
6955000	2.9770044150196044	5.356454632565247	0.8772566992470885	0.20787012760335088	0.2664278050464499	0.7486815807968615	-53.68335165402213
6960000	5.364749110679273	6.418155122467177	0.7883742579906869	0.2643759400798846	0.30115881976393144	0.7487677252102851	-46.56775245736537
6965000	2.314103485118168	2.3864664373452578	0.8403574055869302	0.49987179427366496	0.23865503383831732	0.8203316468255167	-27.933866394928625
6970000	2.3964867460020494	2.4726091187815507	0.8056084610997725	0.5149555385307945	0.20080958847508812	0.9513062304273296	-35.807973636695166
6975000	3.441901140305303	3.725692808389265	0.8335559570296716	0.30989340303584834	0.28982745468464205	0.8748830451675474	-54.2164980952928
6980000	2.24951299447833	2.3046490279125513	0.8542091447439764	0.47925148097189774	0.2789405287607121	0.8033035890966691	-32.51871744678211
6985000	2.6820848366514465	3.0313083370823337	0.8047471644827147	0.3633327475592147	0.21573076710068825	0.9502330969992703	-41.810348474022206
6990000	3.440001568573815	6.4731067561493205	0.8673720772340087	0.2898513239433126	0.2599393240204817	0.9345913805549767	-45.321050140678075
6995000	2.24951299447833	5.095434992719246	0.886889969953501	0.2993741852655218	0.2624997043097256	0.7332817240867322	-43.765984911388095
7000000	2.24951299447833	2.482938734761964	0.8660929939163249	0.621749731127723	0.23430133210468382	0.70769561776651	-33.56962396193977
7005000	3.7145559817265994	4.289151740108884	0.8727064185792344	0.29223992949048444	0.3359240337923198	0.7462198100421957	-49.535372574133966
7010000	4.6718741022400065	4.9125793985968835	0.7817837690509888	0.33054017503876265	0.2921505398165034	0.8730830199297933	-54.41386127325182
7015000	2.544234714290099	2.7902021254675873	0.803428049309352	0.33329780831825634	0.26803111950115627	0.8713404024063227	-46.30017528501467
7020000	3.0122305596840353	3.861906566626046	0.7803920647179624	0.37016860942309204	0.2359432820099902	0.7729008127262796	-47.22068581025269
7025000	2.6459739848898765	2.7505047128674867	0.8509622989853707	0.3490719153757448	0.32035971222723664	0.7112598251574497	-46.52410977299617
7030000	3.370555713237584	4.539533606014421	0.7987256123277645	0.23143194148768925	0.2902564273208806	0.7967675421086552	-48.708359226544395
7035000	4.11524231947467	4.880024898033451	0.7115342064477004	0.24079829803716582	0.39179775074951906	0.7758647950022621	-58.080098777017604
7040000	2.77252471751465	2.9207950559572065	0.7997004568179982	0.31509311317043603	0.21880043446266959	0.7873528281872012	-48.70479183055651
7045000	3.4105503392348226	4.724617704798659	0.8108935366635823	0.2666427429561597	0.2576131014628266	0.7795945142041297	-47.5810147908502
7050000	2.4270403659130118	2.9106990625596327	0.7280730163947857	0.6043135997794861	0.26287313205451707	0.8876619256181871	-35.23931324822125
7055000	3.6565364327848515	4.6780256077086735	0.8142345488346151	0.29764376566087	0.34996505829045904	0.746913084802401	-51.752066187274245
7060000	3.0570689159229762	5.22437645269126	0.7126669762248101	0.5500893145481623	0.21406116066929393	0.7828858977894951	-44.094609667628426
7065000	2.24951299447833	2.7021609276589964	0.7926376567073947	0.37545753389821684	0.27413980413085964	0.8084743582671997	-44.34600838430241
7070000	3.633403563220853	4.613932555959608	0.7047171198968065	0.33861055490599273	0.3750204692786371	0.9674999117258547	-56.50482581468943
7075000	2.651983114380593	2.9532130308532616	0.7821208826135315	0.42258587651097784	0.21420687760644125	0.9314300620400807	-46.374508757214684
7080000	2.24951299447833	2.6086019548949038	0.8335199074646649	0.4102061246509038	0.21438288129794264	0.7635780873652921	-38.06106182742767
7085000	2.5279113541597815	3.2199634807925177	0.8630565998295597	0.2375236224880735	0.440801179303581	0.7028409883399267	-39.66881180047031
7090000	2.3631917691840285	2.8540294370577852	0.7072647472027029	0.4176066728804726	0.4086195711313023	0.8877156312093719	-46.365693104295346
7095000	2.5670968022672973	2.7259207069433415	0.7038810932690825	0.5399579028647075	0.2032973995480208	0.8510016746455541	-47.978208848127736
7100000	2.57580789005044	2.625838665838075	0.8160161125718867	0.4298478593212606	0.2667370310427119	0.7478943813104694	-42.911540710521685
7105000	2.5587635162095204	3.5593611162667247	0.8529739336904985	0.4239391987243899	0.22261059519234214	0.750009660608398	-43.275745570908505
7110000	2.7367179777581265	3.641535274446709	0.8184240262271071	0.29446398884574637	0.26310065126437515	0.740514174659777	-43.69275084169408
7115000	2.3339088345758254	3.339885809239635	0.8001361022370931	0.36440147389823785	0.2779790723507003	0.7010458592424554	-49.906538236657994
7120000	2.9233253359804894	6.414629121596867	0.803111089702535	0.4342382723313396	0.249147426487808	0.7224708678442266	-48.11546008191825
7125000	2.24951299447833	2.4297643135929405	0.7476346826359433	0.3735603559696662	0.25237339391399033	0.7149914887235649	-39.79403194182108
7130000	2.3920729843149267	4.8222393321601205	0.7581870917565687	0.4749277059980526	0.2078942621236008	0.8901018237379644	-41.351015232806624
7135000	3.002736808684343	3.41743789444777	0.873795600347587	0.36948841175822444	0.23298860849388822	0.952408199572397	-41.29348793794722
7140000	2.9767679726438687	5.264430007760722	0.7164052495659823	0.2878718854853367	0.3982945938220064	0.7620568895100222	-54.8402789079921
7145000	3.9166719284008717	6.755298410919704	0.7845738940925789	0.2597128037339638	0.28101370152911304	0.871574915620124	-58.96240616798105
7150000	3.260229270086425	3.4693735573820157	0.7722572173179467	0.2785566973140479	0.46323848888042124	0.7338887944489308	-48.27985293449084
7155000	3.898502337119138	5.124358294995052	0.7556401297644237	0.4235888408456117	0.24506689438255083	0.8925274660215207	-57.9642427471565
7160000	2.9741124176036027	6.288216761844306	0.8002843147273533	0.2423483846025644	0.39566124333032926	0.7930773465947074	-49.467868273722566
7165000	2.7464790546208584	3.2953143424570386	0.8794271279604086	0.4394039847041681	0.2435644429094215	0.8023003139593905	-36.72294535871376
7170000	4.155094615715501	4.6345212803306275	0.8178524861011345	0.3256683630408475	0.26884547268162867	0.9695991733396576	-51.161392594753465
7175000	2.6576797452535357	4.162149683560925	0.8667382092169544	0.5568606592764352	0.21900985100721687	0.7193150983588841	-41.688710031609915
7180000	2.9467662450163	5.501531704310166	0.7462256806933282	0.2737397707560922	0.25405324112968397	0.7874292561430851	-46.12097641944544
7185000	3.56483973633655	4.112063591397793	0.8213239385604266	0.2877850637265207	0.23367120041199155	0.9643160965811352	-56.903656839990994
7190000	3.1321653213213247	4.3190021515753525	0.7304260091902132	0.3842670690057641	0.20986317719488332	0.8786442595055824	-48.77876322267137
7195000	3.4520546674175936	4.105256668001081	0.7555977730229176	0.3094541881808328	0.276722008403806	0.924089414915023	-50.70697079955222
7200000	3.2844516361149187	3.484451343767724	0.8539338044106217	0.29117281428069036	0.3280045343267101	0.8688227797860003	-42.85534205055329
7205000	3.6309788846799784	4.650567328799366	0.8680588902948094	0.21817271548405442	0.2920304253209801	0.7904197928953339	-53.484595251737964
7210000	2.287063037970851	3.9816821615366225	0.7155087306025293	0.5617866857276093	0.2880197642735615	0.9574545826422508	-41.61508266112608
7215000	2.846844512525304	4.65233850344968	0.8740656336631797	0.2992750531092617	0.3279382240071642	0.7505564842565765	-42.5600883974705
7220000	2.9503471030448343	6.3324891094626174	0.7583072088265033	0.34254909285133267	0.20852323629237365	0.7197962572444375	-52.195731105801045
7225000	2.68549125024118	2.993828011625765	0.8624768799351684	0.5442817290423619	0.2034524075292824	0.8992955502023358	-43.38418751888953
7230000	2.4510043779781134	3.0303739117366697	0.8730893090545727	0.35024924269744057	0.41086457370533214	0.7251903141950581	-48.122391840064424
7235000	2.6637178319167205	3.1128419577914657	0.881068096289642	0.48925552464420763	0.26861934093245526	0.9239282570670232	-32.94140253901108
7240000	3.1935365902900332	4.786655294996356	0.7282332683083106	0.26648173985155876	0.34481864646827753	0.8443883594774763	-46.26555770200067
7245000	2.597327038972406	2.660590670335968	0.778594529336445	0.368800339328815	0.3141757632421541	0.800656119626155	-51.480148609525486
7250000	2.704039926618396	2.721790075934387	0.7456662156460847	0.35406754586649125	0.2509910752675595	0.9739374859566257	-40.969366942629236
7255000	3.2862354940426286	4.17598205509458	0.7418987237521667	0.38188000798541166	0.2417116861117774	0.70852619064144	-44.58647748691563
7260000	2.8759556242700253	3.805352401476174	0.7899577800494948	0.4709882932986113	0.20939728817268927	0.8040062349906987	-52.42127430150811
7265000	3.5474627847251403	3.623141243115377	0.7724847404369527	0.2608225616664747	0.22740522968640178	0.7715845127457515	-48.611906540629846
7270000	3.715877470911728	4.193363859942727	0.7643727650178724	0.3420096454853747	0.23400570846263324	0.7215608387926823	-54.81222387235188
7275000	2.4341573774709087	2.778603814170258	0.7316367383638062	0.4819817002578523	0.2731688624912267	0.7534853347176034	-42.953962900501864
7280000	2.990467311803278	2.9943394053404804	0.8013314172869846	0.3193318848309566	0.39333441088268395	0.8318095754280143	-44.62695258699625
7285000	2.9407462863760956	4.900392746053075	0.8157453118725284	0.5069183990947405	0.36355345228522107	0.7368094001342466	-47.66705600742545
7290000	2.765427142466698	6.6163478841556	0.8106907484540993	0.37851494012473563	0.3191800409354842	0.740397204578338	-49.66252628856398
7295000	3.573072542368902	3.709265805063448	0.7816863080427416	0.30804464833381423	0.200047413618289	0.7494819926975764	-47.44739048622889
7300000	3.168502418277951	4.951555213404991	0.7995041453230841	0.42920568405855763	0.2184716648635429	0.704511034880911	-44.69141470452223
7305000	2.613337152526365	4.194441365455701	0.8049412793768755	0.439845601411748	0.2130739951775342	0.8539613783135362	-38.086418405861934
7310000	2.52041921260323	6.602166235063236	0.7654898870536292	0.3802077438217865	0.38440612664230017	0.9541386048170944	-40.24928332070023
7315000	5.024634833105908	5.3210962204854	0.7583679469869219	0.501739329660555	0.2533992521581478	0.8740582092852514	-47.24934491724179
7320000	2.24951299447833	3.9595332135780597	0.7618014414024995	0.4738202634871149	0.3453134384255012	0.8884361917507301	-42.166407362509126
7325000	4.57852385729276	5.6199540511800095	0.834127329023446	0.3770679246200488	0.24725101564292304	0.8180804723137368	-41.07792929499719
7330000	3.2814745576950863	3.719657863673838	0.7573728986419022	0.42227934884670837	0.34688618290826495	0.8581678671903452	-38.45604089444198
7335000	2.24951299447833	3.3687609961656455	0.8103784937898859	0.35798085970882704	0.20012562962444938	0.7495173362783818	-43.99353404183626
7340000	2.4137016029047595	2.9022131463973726	0.7572318235397929	0.3370232991622713	0.24305394290961047	0.7297017754629865	-43.144049558004994
7345000	3.01089875102181	3.631923191974067	0.7671083349625103	0.4842003315112066	0.3227632483503925	0.7112150038282326	-40.61593494245215
7350000	3.069330925502997	10.924297041624474	0.8461291352335585	0.393291969165104	0.2984878467230089	0.7494874790945775	-50.93082605706704
7355000	3.463493518354517	4.175835761106771	0.8898421349917319	0.3951942251854164	0.21812486759450747	0.8878906874353886	-48.93881967818453
7360000	2.703955683389384	3.102042279179174	0.8543888726982797	0.4604317960982265	0.3104128077881407	0.9320804232476064	-37.362779159555686
7365000	3.4988937531390305	8.100642723080256	0.7265469785337735	0.2005709233665437	0.22914712952144434	0.7215346322148346	-64.40137285452633
7370000	3.354170129171027	3.4934659584889953	0.8578111523494882	0.4575416914484531	0.21095340996043874	0.9207296393986452	-45.49442501174746
7375000	2.611310929951581	3.15905678512014	0.8669262751842323	0.29547396671973153	0.23848262263309433	0.7943315498086199	-49.697272297412816
7380000	2.6341153446470162	2.764068502333956	0.8384542532604184	0.28113887463854714	0.25664343386562527	0.8299528745240748	-47.19786460361261
7385000	2.8588556176021758	4.693068956044591	0.8688163722498161	0.5769310909219134	0.20032377222414458	0.889624857273635	-27.866779508331014
7390000	3.9161079675942974	4.089140656345416	0.8652379866770168	0.21927732452029763	0.4209897173752775	0.8053862891947876	-52.11016520441809
7395000	2.8633551164810975	2.9014684662254893	0.8877679610428965	0.20199982133647848	0.2602484009814071	0.8384783105199397	-51.2634011510014
7400000	2.71408960595608	4.420812479401521	0.7247085656656677	0.2801151066470715	0.26276911123065705	0.7333057485536377	-46.32232617784361
7405000	2.901383386108911	3.283690439022824	0.7749950261032099	0.4053120030580099	0.24171514770109612	0.7978517056517669	-43.459847490946544
7410000	3.00781525989622	3.790160194081289	0.8689943487666462	0.30760852848173087	0.22753394172507788	0.9589486729280977	-51.50959319333251
7415000	2.600922648056837	3.6956398863022466	0.8344685382424402	0.24596168315596725	0.34977761599905804	0.7248694054291636	-44.665921458437275
7420000	2.9149891226491196	3.7006623670272507	0.8226995288918272	0.26178011564546655	0.4412752098556635	0.7804175692452129	-52.905373366521026
7425000	3.6734441486423823	3.79735094389465	0.7146807533227144	0.3234214330947695	0.26693349187566856	0.8127907388714809	-50.88291243419226
7430000	3.5836363253103976	4.779076010918912	0.7037526713303552	0.3727936598271623	0.2863252826903756	0.8294150008014967	-45.833512095679694
7435000	3.3649349272760634	3.4766012105686404	0.8950414901814892	0.2423797298322173	0.28589016884473173	0.8685124568584844	-61.309396354300354
7440000	3.6830935236893696	3.8646526736631097	0.8394045461917367	0.2513899630116254	0.4396648277001357	0.9951639845386262	-47.06392526373781
7445000	3.2671782983283357	3.7268728093776966	0.746579592592473	0.25289211185176885	0.5635040565690632	0.7182089892638577	-58.46206522439952
7450000	2.383176273653892	2.453850573876184	0.797497048211914	0.5004355619663192	0.2760183202179734	0.864072530776639	-38.91053347834667
7455000	2.9088468683042095	3.792113965006673	0.8542527121443343	0.4067522572277552	0.28952792789239157	0.8275013273587837	-44.97616419865977
7460000	2.4972600558907057	2.7262175979141037	0.8786878582030923	0.3956794765422789	0.32630101752237545	0.7254558185710623	-39.205123495985646
7465000	3.008638122148076	3.3112820452535217	0.7729238935424505	0.4360208003881368	0.2929666109920959	0.9334917053320381	-50.531271857153186
7470000	2.7990052637449216	3.4322380298265682	0.8385765983328047	0.30172626471471614	0.3760334878241703	0.7116256859130845	-50.482744072495066
7475000	2.652995558609464	2.8671957868919002	0.8921028654224831	0.5199123559317956	0.25966297766764435	0.8084017761447516	-31.184384232490643
7480000	2.9830215139975573	3.7604584351611448	0.7211737161927538	0.3943698268227692	0.34687307767930553	0.8819967831088092	-43.97294945487571
7485000	2.4955499790954017	2.882098617408829	0.738933409822928	0.5880274934744713	0.2226326956408831	0.9687760821066285	-47.301220796808956
7490000	2.700527728187736	3.4137902512037956	0.8198911890747214	0.2514735640675704	0.5070099497606328	0.89011220502626	-44.2144833570016
7495000	2.9363073152461876	3.3321138621142796	0.7099923383671536	0.24812338726209462	0.2223110669036015	0.7024291754697656	-48.851186133977464
7500000	4.6036895146032375	5.217528816139216	0.8591046447075148	0.24683900122781507	0.25649177136624474	0.7250162533938048	-56.600500402262796
7505000	4.3330595193499635	6.508050730077138	0.8274599442370575	0.23285268588163352	0.22724768300156944	0.7368102724777935	-56.17962523363405
7510000	3.2998967992656114	4.18749487312545	0.7751048980455106	0.24587109068580768	0.2785501233318053	0.7575747435178742	-54.92978015899339
7515000	3.1176621190383473	4.313568249144806	0.7172502829684134	0.3556437370512055	0.2579601574524912	0.7147930724458866	-55.259238596464215
7520000	2.8718051634085917	3.7645392711220578	0.781289797456826	0.27917479632056885	0.3837320686876289	0.7973093550150155	-46.68952476253082
7525000	3.3749268543895723	3.425069706953707	0.7198821591921746	0.4806546650242979	0.20431676668918847	0.7564027886061824	-49.38174469529122
7530000	3.7965104354286208	4.791336393644667	0.7010207376736013	0.5559408885176031	0.21202203149919335	0.892703171502326	-43.17529453337894
7535000	2.3738711778233514	3.207492608852696	0.8550755068194651	0.6351610812633195	0.2587938114925432	0.831715080890413	-21.173133357312768
7540000	3.282106639438199	3.3557431211003803	0.7017658170950684	0.4221594250545223	0.3080935119485812	0.9779632295985832	-52.19459957321243
7545000	2.8251322463272333	5.055870154675686	0.8147295426138451	0.40140812914742624	0.37208032886492465	0.7547281258521031	-45.697583659797594
7550000	2.250986965743655	2.757954763951154	0.8441727462822152	0.5349046331309718	0.2750500443629705	0.7729950955835958	-37.24832988596728
7555000	3.8368692561767244	4.031520841836721	0.8221259586640294	0.30485864197945567	0.2775727633895747	0.7901107960110055	-44.09192673379805
7560000	5.092956435288602	7.06556762936243	0.7072801867405875	0.22326260092948055	0.23535857769208046	0.7388477813766771	-64.63027953679318
7565000	2.333392202196497	2.768163765224759	0.81991778684936	0.3253979067113377	0.34698685940797064	0.8848586617250664	-42.57442753109479
7570000	3.893962952263637	4.080224957041787	0.7206618458232703	0.2484344618530548	0.21040138800774802	0.7306870514381186	-61.682065693627756
7575000	5.175707196888115	6.497739603465911	0.7530681957617804	0.3746000294900517	0.2909980823174118	0.8103910948792907	-45.511677224467924
7580000	2.358246621099439	3.093092064574676	0.7353211711352261	0.3373807648022058	0.22568821691577096	0.7417386070959214	-44.04660943945553
7585000	2.526144547633657	2.583820540492241	0.8960109326215395	0.36501189121174127	0.2676889823406719	0.9118459304279534	-37.13634245532705
7590000	2.375908113475319	2.5116037512203633	0.8993235278186886	0.5432163390272452	0.23546178470362197	0.875032013377767	-33.22177103711384
7595000	2.27518409603756	3.246275129567806	0.7805242427552087	0.5307170938066492	0.24393697188247623	0.9950970204957201	-37.37756325474825
7600000	2.6114633616999856	3.0769288725195847	0.7799706377505445	0.5000790460724275	0.2728020669216254	0.765601619006174	-43.020062004718085
7605000	3.0939564883070276	4.218812048857288	0.7509335041815287	0.5479214907151478	0.2031192967864258	0.7815040449653559	-39.26328378880766
7610000	2.9650314504714297	3.820721757148368	0.8675171240560302	0.33758093552900514	0.20743597895393087	0.8732603256632095	-37.684487211866276
7615000	4.270463160973483	4.372716195972095	0.7275297495792549	0.2906842459136429	0.2825952035284698	0.7104746995636352	-51.091188496780156
7620000	5.091961401939693	8.480668522114044	0.8048715122182357	0.409307606713723	0.2776938665043679	0.764250533931197	-48.68433738054702
7625000	4.976180242291832	5.0548117885500785	0.8100097248465381	0.3775931654854439	0.22086775075776277	0.8083287975112705	-50.80844763660343
7630000	2.459037471958086	4.358905514652384	0.8217533966886174	0.31938743477177967	0.2948966977049377	0.8058008220581688	-41.07678460908896
7635000	3.213438689687395	5.307475863352199	0.8569044642113424	0.3356132449703099	0.2236980289855346	0.7739038809491996	-51.766912230989696
7640000	3.148748296137092	4.17410204736091	0.7608179488336061	0.4327904763391727	0.23350075157049338	0.983746509819156	-48.63937835330867
7645000	2.8388329113787854	4.245719348958198	0.8513474442411458	0.3645033972411833	0.2511142697790544	0.8059203171238024	-44.30442889700113
7650000	3.8619566261538267	4.948221723176008	0.7094445489919259	0.3203345215630805	0.31936455579647083	0.8159498620531469	-52.35983581535177
7655000	2.30867452799025	4.066102195013753	0.7849275526443343	0.6045545105390264	0.27981699924447967	0.9598685178722546	-33.417619455179576
7660000	4.61113180784424	5.6968304376998296	0.7599703877716972	0.3536995371561988	0.22942507447535795	0.9047104800154369	-52.75591273547905
7665000	2.3092613754283002	2.3315964199395975	0.8845382674712214	0.40776277878577855	0.28609926175086864	0.7455347928003165	-37.82100590138173
7670000	4.520219518275971	5.802844052778753	0.8103415824979736	0.3456028512479579	0.29751328237015473	0.8248030443012516	-51.729780772780735
7675000	4.825319610724762	6.441535726313088	0.7137913461382551	0.3371304771017996	0.22300595929317105	0.7078321641356942	-55.09165166395543
7680000	3.2649914629375014	5.622363615256476	0.8296893463955878	0.2368935626843053	0.3201604522769809	0.7245207785041708	-54.488476280182226
7685000	4.384620255009753	4.5860711022474305	0.7442406235091121	0.40583136553492316	0.2582074160258433	0.7396610049699828	-60.43335441142593
7690000	3.1719769652311394	3.517092482742697	0.8911122876740674	0.4272623725105158	0.20676160741001232	0.9531188453012119	-38.5062471470882
7695000	2.264676115381604	2.2984416108276085	0.7280580251251076	0.6794257653174999	0.2237051572341333	0.7483158867313541	-24.589718419437418
7700000	2.294603109652084	2.494864283235931	0.8692806703547576	0.4546824899547393	0.24334597247477482	0.7680327364991005	-38.52413937775933
7705000	3.834156035101127	4.050560727115667	0.7268763149882631	0.534149099713107	0.20604625434972987	0.9708352197859796	-48.592063193865734
7710000	3.1723442382300866	3.7600736243825925	0.7997981784590699	0.4153663778246538	0.21908437206032738	0.7128223557115722	-48.343773764967935
7715000	2.3305574435716525	3.383004581996639	0.8164696395125819	0.4400022954567907	0.26364896041941016	0.9788269767642667	-34.37606940345637
7720000	4.045043907053453	4.759564530067659	0.7174268074870108	0.41267548936509524	0.304887022428818	0.8933929024131494	-48.88351216099996
7725000	2.24951299447833	2.3487017350151698	0.8970841138158194	0.5782026040770772	0.23365999613155836	0.9807679434082905	-21.92372228737853
7730000	5.12244089187653	5.888749404768602	0.7648368978685132	0.24017312267494118	0.3742279238851238	0.8289902692024177	-52.97666455193319
7735000	2.5771032933281197	3.3899556171964806	0.8459896677363137	0.36268961887759565	0.26344349934497685	0.7686670109242569	-38.016421906629745
7740000	3.1452145346468106	3.4659782709825966	0.7842001795837045	0.46155729785543353	0.2082402309989056	0.8702246610008573	-47.010781413534474
7745000	3.2417267583311884	6.320473941613822	0.8081867866627207	0.20920290609077002	0.26237938612641476	0.8862495632127585	-55.63023009317017
7750000	3.462832354313501	4.203715305261445	0.7909266318185656	0.49165202511299166	0.20236114215293663	0.9180413268202985	-41.186824562405995
7755000	3.1809335207227556	3.49840075974297	0.730250038709757	0.4122122332131045	0.20703445670856846	0.7352397761256729	-48.215640315679245
7760000	2.521984121078	2.9720214534640057	0.8431630224353799	0.3172173792938983	0.3133151579749005	0.7545355517070869	-46.977036097102975
7765000	2.436626562595343	3.1978021349872794	0.8068627659425172	0.3206708567907607	0.2914394102924924	0.8487184291654816	-49.275840062250595
7770000	4.048855944148839	5.1765982145040725	0.8414049132310372	0.31763208708419644	0.30903997531922356	0.8472012203351849	-61.4423420293602
7775000	4.425617131169129	4.987851226491996	0.831314107674785	0.2950071139952248	0.262114644656105	0.8935441467237668	-54.77427598377234
7780000	3.421493622659021	4.194212089843574	0.8717469489268587	0.4875038617271564	0.20007214347211066	0.8250278464838338	-43.22229894765437
7785000	2.679275290635912	4.956026140651343	0.8088847492679451	0.37318635829632846	0.21901000654478936	0.901250636282179	-40.751647965349626
7790000	3.402369570878848	3.9527693040146867	0.7270902042453561	0.4507662694747048	0.21466207779321222	0.9563493588213392	-45.48119606690143
7795000	2.24951299447833	3.03682429891855	0.7543090765226866	0.5801777258578963	0.30067044336634324	0.7149339128684642	-29.133833857361797
7800000	2.797868356356626	3.0862668707294927	0.7145064766169733	0.22009819392718166	0.27260037199595144	0.72347888396296	-55.956766490659966
7805000	3.3622293386503506	3.6277784018072476	0.7321601844517166	0.20313928054989974	0.24913739026053217	0.8697355176048889	-47.35090272584786
7810000	2.6135410039946048	2.751108426086737	0.7584657768042975	0.24190796055198682	0.34225109045133145	0.7951557431754726	-52.74221329902107
7815000	3.656877593080241	3.7048501780095826	0.7048623518453805	0.3066126828657554	0.30238593805574393	0.753758373656421	-61.040855762455784
7820000	3.9289664038828223	4.252287059670179	0.7688220231347461	0.28768382031210626	0.26101217907177826	0.9728223746097102	-50.6528576284373
7825000	3.3232489755296255	3.6102659872741136	0.837579552113917	0.3276018271618319	0.21157140375697497	0.8598105082469407	-46.012943581857
7830000	2.5611917040971988	4.183195408707901	0.8875583508195035	0.5160304097198968	0.2487078994382278	0.8978466696648479	-43.43637348581944
7835000	2.873368631722196	3.8221029184800006	0.831079092791254	0.26745568030956357	0.23835833911325885	0.7527098593038372	-46.43387461317122
7840000	3.405617466000031	3.53012965694344	0.8537927482934775	0.2783216837885989	0.26004586167002447	0.7155792440486314	-49.41474395866781
7845000	2.974075147951031	3.231846598094625	0.8391316067172601	0.36535267007269173	0.2583829077319607	0.9887445729126642	-48.88160406725497
7850000	2.3579094051316996	2.6281146644617714	0.7189829673089434	0.6524485714103779	0.2391698864870404	0.8433592850968032	-25.608737465320733
7855000	3.1044395133268745	3.2208684878499283	0.8486013046810764	0.2950728306825302	0.2750937873684349	0.9773614230913797	-47.93929875028067
7860000	3.1037661339829126	3.758678715990651	0.7063041498105908	0.3518224644624695	0.20746501212417265	0.7616168763268633	-51.06730032477664
7865000	3.2054680854480693	4.671302590192576	0.7586553481733934	0.4637732544487276	0.21390124928292797	0.77400563188717	-46.235201884438254
7870000	2.6555157072483	2.836010734662782	0.7375589228549455	0.547142742968491	0.2831550089919832	0.8137106558065293	-37.47336839933953
7875000	2.557732336117624	2.681700708381229	0.8633414855286259	0.4766285581846391	0.2145787945628946	0.758255885595342	-36.06155433827033
7880000	3.4657712042465145	4.3290804895834585	0.8658970014409995	0.27648034901946134	0.2943272359015958	0.7549872379595339	-50.253000823461875
7885000	2.24951299447833	2.3102270109598777	0.8818423167162509	0.2131796024902939	0.45530480317202915	0.8447853926095847	-40.73250500111839
7890000	3.062132177959059	3.122497724900588	0.8936791371827563	0.368466371107408	0.33835037703060467	0.9829358081419577	-49.75031906617161
7895000	3.48161934193218	4.093519542303142	0.7145395883705118	0.2582347478392734	0.4277697045772353	0.7340011926269382	-56.920616810994325
7900000	3.4566029874425395	5.531568269676807	0.7061015953219486	0.28138360631365444	0.31697757705446084	0.7241866829212519	-55.18225123818431
7905000	2.3792503697008813	2.4917604788761007	0.8708005669750567	0.4564432707574544	0.23563835272590714	0.7119324062491431	-41.547773917440246
7910000	2.24951299447833	2.256342046297547	0.7802958823657861	0.3907189304167563	0.26840558411189297	0.7814114117092956	-37.37975827594969
7915000	2.7547719855963004	3.2975135189997897	0.8494531284016263	0.3164108409603405	0.24038212636162842	0.8814011518503961	-47.14060538323112
7920000	2.5910236830564197	6.232902503796161	0.716034712925875	0.40476230532399177	0.21988320960014934	0.8214020617222074	-45.571281150342905
7925000	5.158202190283411	5.590127854927784	0.8506815417083909	0.20962742574956103	0.20960223927796304	0.9235569957558019	-56.67135154817368
7930000	3.9873770708231815	4.180640620739245	0.8909010565816333	0.40754394301152364	0.24678985026305403	0.7093194575729288	-45.76682958680477
7935000	4.670031044331354	8.312579615815286	0.8461014175182533	0.2761351223540556	0.22881216482579958	0.7603208378022487	-58.970686678238565
7940000	2.8869767696747073	3.632127394928259	0.8462735591625534	0.3033337526034967	0.2338670985145378	0.8967223852439012	-49.139088073566285
7945000	3.462778785684514	3.5529412673274843	0.8130360302109746	0.32767814162338993	0.24658232425180102	0.7117123974348714	-54.594575014164526
7950000	2.395897287577815	3.4312748537198567	0.8234391026067953	0.4594629619184996	0.2771992949634429	0.8116577112988926	-36.886484827951236
7955000	2.8114986495195926	3.2958125428343394	0.8866482550399232	0.479793645758693	0.25943135514198323	0.7798739725997277	-41.438529109892556
7960000	4.036415534624395	5.499600764283936	0.837686831323812	0.21588150932298492	0.3589493488951351	0.823370537247265	-53.858540078453586
7965000	2.7888377527539974	4.932410409224056	0.7490733823252129	0.4095743214513057	0.31558142418660184	0.978389118564806	-43.2116542320308
7970000	2.5311965670418637	2.6764177811550036	0.8756376897515197	0.6052594844160791	0.21779595825246573	0.9314889479447483	-33.64630591237968
7975000	2.2618993449862588	2.6074468363599297	0.8831928074146926	0.4730032490192687	0.2201218039573601	0.9158523777959899	-41.3564673416538
7980000	3.137373274995512	5.002245429999802	0.7328751545695262	0.4415427091438113	0.2026411571906166	0.7452511785929908	-47.21220703266478
7985000	3.5545293974075856	3.713838141423198	0.7452026756220634	0.511500956901112	0.2528787721168052	0.8587856095792934	-42.579285809563686
7990000	3.0168854020311002	3.1832161310638436	0.8317279356252681	0.32167281478764476	0.2795525915520031	0.8179816371932441	-42.446643038419396
7995000	3.3710177302218005	4.406586348748924	0.792131659477939	0.38131273183503595	0.24305801383549602	0.9630650414576755	-47.301967396762194
8000000	4.565881071511123	5.815774268048903	0.7858287673178685	0.4071752508445545	0.2023156250806493	0.8372340925029547	-53.41301997645852
8005000	4.66727657768616	6.125693753116954	0.7282519014622385	0.2148936406542371	0.3320063117080569	0.7533706565730981	-56.509699345051985
8010000	3.864565404784599	4.56070332364031	0.8914277467015449	0.4499615049103382	0.2081082623894228	0.8194578364469605	-56.612713505121434
8015000	2.24951299447833	2.416114554540098	0.8914957558356934	0.6268556448751265	0.20227507258862715	0.9514206500689965	-26.328846644808635
8020000	3.211729140983697	5.057968031998334	0.7268696177733608	0.20673404250795044	0.38562567185206625	0.8487016739482545	-52.227256866984256
8025000	2.904557409811088	2.953777287607775	0.8276648761585642	0.29055802830234573	0.22582620968517927	0.843229387189032	-46.51864381508546
8030000	2.24951299447833	2.527050392139201	0.8474116604082209	0.4684205404796832	0.31530727097114086	0.7318398293468416	-37.58590153558459
8035000	2.5245905817437584	3.4145550859204024	0.8492503066348838	0.4164752478866439	0.2190794079730874	0.8063215864874035	-40.51276990855487
8040000	2.3787068069830157	3.085660566608782	0.7795404293767979	0.5444178398098396	0.2566607644744138	0.9618038962141559	-32.53468376852412
8045000	3.2958553522131893	4.07134423370749	0.7737339753256015	0.2620141032302418	0.28349470837849045	0.7307965962391862	-50.483343231401825
8050000	6.499732277438475	6.576764365852134	0.7361295559626243	0.36838130280999076	0.22477621298906322	0.7817451094323512	-61.17180651556432
8055000	2.947734756030681	3.7516127010712044	0.7545445901460806	0.3728755919599184	0.34006375792973714	0.9234527303981761	-53.373444203364635
8060000	3.574353195465423	5.251922630116673	0.7268385312509681	0.34172514339859805	0.25891683488449896	0.8363017942286904	-56.01617333111996
8065000	2.7586597346164887	3.665108649343047	0.7991505799757901	0.2399415787572259	0.3210189113519348	0.7927917428399307	-52.28533439385151
8070000	3.7169726808074306	4.936210316112684	0.7098715239922476	0.28720903910795986	0.3210026745541767	0.7639442782393291	-52.913772957761054
8075000	3.3289166629694256	5.025569487257922	0.7891871571415023	0.3215381914780616	0.30830748893793025	0.9119765445271573	-49.49105371501834
8080000	2.587261466438418	2.7529891556715467	0.8959217321188151	0.3697713957853443	0.3106116310292324	0.8347125744996045	-36.92420013654795
8085000	3.4624896388795325	5.057936613504286	0.8380275721631364	0.2704897846457336	0.2808160862455215	0.9071642909274885	-58.5030020772497
8090000	2.444448743784694	4.1883913439402125	0.7399571453525408	0.48645511455748175	0.20417663052898838	0.8861808879325955	-33.64578596022247
8095000	4.457251888174347	4.489561978092587	0.7931090826326165	0.3757390196190495	0.27042670676820146	0.7092277441720066	-49.862983554523005
8100000	4.037435914868778	4.130286752337359	0.7497979000620212	0.34024230776163616	0.278674653154862	0.8031130767984069	-54.388532186945696
8105000	6.24562872763507	6.468666083349551	0.7668643142308641	0.3332205158404092	0.22434799783655116	0.8902458098900579	-52.911589714295395
8110000	2.96821609001285	3.8690620649608927	0.7449241939465069	0.42494312969850695	0.37486925095058243	0.8597220731642111	-44.23045753876884
8115000	2.616613894916974	3.5025568087017906	0.7281508660069441	0.3832362314374089	0.26471016673887315	0.809051969754263	-44.86571934465436
8120000	2.24951299447833	2.270131686240552	0.8318641580258003	0.3897091597060064	0.31849761396179116	0.9961101072774613	-33.33017163853203
8125000	3.491175150006283	5.4837378881957815	0.8796763284363976	0.23455590223934808	0.341618453426862	0.72023945771427	-56.00760942478066
8130000	2.353880005785258	4.218503936553592	0.7937315578153384	0.5386284526774334	0.2286607612478734	0.921986681143284	-40.82854599971503
8135000	2.415456884490336	2.805306873402421	0.7141611719872484	0.36896024309897074	0.28584935446314347	0.9776162245150224	-42.20222729967059
8140000	3.071290031505414	3.4211564213229777	0.8327810864631267	0.23600627947581565	0.3712618973588415	0.8142938288169003	-44.376080202534965
8145000	4.013076651292825	4.7973308308807985	0.7787272360064432	0.4445257073963158	0.20870270251184048	0.7149635102771021	-46.56043226602267
8150000	2.4342496240998437	3.2975604443410904	0.7851961772664044	0.49669935463248666	0.22487245907854847	0.98881634334016	-40.27975591111255
8155000	4.49977621686091	4.665916964446275	0.7051586460829692	0.2912012362678519	0.3304270540235735	0.7554819198038599	-50.83746759559336
8160000	2.7107081019043986	3.715797795565258	0.7506267758473961	0.593607335623577	0.20743613900808325	0.7095020878216293	-40.249113866139815
8165000	2.24951299447833	2.27610051658044	0.877395957937733	0.46244569697851573	0.20719037266327112	0.820234006539918	-37.74720985145565
8170000	3.444545007392675	4.105029684596462	0.8163101484236499	0.2670001567809035	0.3199130928502323	0.8470190787555859	-56.741762919721566
8175000	3.1752340538962662	3.410748193391979	0.8081045693568414	0.3105295555094908	0.2885078841663355	0.9378123670210639	-46.33630075916628
8180000	2.6466981054472245	2.6874085405501202	0.8282122356133726	0.5965706308284625	0.23885954052508132	0.8308632075759586	-31.427033526364802
8185000	2.24951299447833	3.4739610341642737	0.8822327897784743	0.5811545506779076	0.223331692731777	0.9846375360943842	-44.11405253496825
8190000	3.0027592967167758	3.890754501181523	0.876977780765545	0.3652689786930584	0.32590643320420404	0.934196151983439	-48.068853603925945
8195000	3.957967995458733	7.068644226166638	0.7061280942463244	0.26839630410556997	0.24653036670547968	0.7723433179850744	-55.54917164025721
8200000	2.6515629584068345	2.7448500210422595	0.8717267971760213	0.22335584288846513	0.3723091904265153	0.7182269762350744	-42.75877282039565
8205000	3.007187648676594	3.739223693022506	0.7899563857754021	0.48060626453813077	0.27095870044336345	0.9023631867102706	-36.97339381165828
8210000	2.24951299447833	2.9842312585062984	0.8897567076909976	0.48403871746505434	0.21202245309454765	0.917628438857621	-35.75485250994338
8215000	5.042310066248518	5.138326274022995	0.8835349734579522	0.24414827197510372	0.3388380440716951	0.8040550678191093	-66.68127679541874
8220000	4.182340453219895	4.218913222041129	0.8159052255090331	0.23463391317794866	0.28849732756292557	0.7870137623995141	-53.350860368306634
8225000	3.7485302463489694	4.0297858378671725	0.7373053156631499	0.49847520308643956	0.25647695067805215	0.714280451079332	-41.80580451730739
8230000	2.749888352570826	6.215893627059477	0.860403936735635	0.35971722627534947	0.2687631420989076	0.7133463506042013	-45.90706501591447
8235000	2.292990144763926	3.7372679096868766	0.7761494790641565	0.40558870117068	0.21822335353143707	0.799906778189165	-40.484316485884
8240000	2.6020775319566796	6.182581948815853	0.7973938894276668	0.35141631806343987	0.25666880369743084	0.7023163126630213	-49.90202587635107
8245000	3.008058600538027	3.129190294727186	0.7244809837110341	0.4574391537936513	0.22038826223704236	0.7141388137241482	-48.52441046814368
8250000	3.4986735003491782	3.5031260230320473	0.7664701590016747	0.21249408303279504	0.2823306214918806	0.7283604049403952	-53.694081234505056
8255000	3.907753903185734	5.492539273853264	0.7771342880021127	0.35387960657836887	0.22355403737849106	0.7044378146548307	-53.97916866942207
8260000	3.634531552645625	5.247787235939975	0.7110432568552189	0.3414588536351099	0.3367333025313896	0.7108528958519208	-56.97690826873831
8265000	2.3753780948975067	2.85333062045208	0.8436946560850873	0.44758019196706367	0.2765952453192561	0.8944000165242161	-36.50985449335337
8270000	2.4008769794710103	2.740406641749017	0.8110943386780209	0.365184555275374	0.23186174170116616	0.9141347033423903	-34.99020335143005
8275000	3.033968801213903	3.2884916409917935	0.8039885853929585	0.2846898070762407	0.2590973263811119	0.7997294115396264	-54.63958916275886
8280000	2.960575340280235	4.1508158436255815	0.7762686346772348	0.20723044170980387	0.2964444992715666	0.7246889434543761	-50.82912551289806
8285000	2.773623515198711	3.0869227908996897	0.7218764333573728	0.33116709532606575	0.21498564404482587	0.9598300185538315	-46.99727741103179
8290000	4.45067474135955	4.498853379924464	0.709950764445979	0.46484651411715894	0.20039350214635718	0.7848926254483876	-46.25183332043389
8295000	2.5892057474679833	3.2500999404464785	0.86610704574686	0.42076202528386725	0.218248781329394	0.7446254582317968	-38.47620600028463
8300000	3.5316187061271274	3.7168742637244225	0.7964204396430523	0.49656183810861915	0.23435086180917603	0.7874569170658369	-39.71710650275269
8305000	2.473792016336605	5.6561010762037425	0.7472174117550933	0.3372413465910021	0.21243704728030202	0.7975652482991336	-47.05771675606028
8310000	2.28040715954446	2.32355352348769	0.8830489462100247	0.25388508939948595	0.4310453990159152	0.8763965571398807	-36.803144415635
8315000	2.8017922579765604	4.040344706819018	0.8342200993473725	0.36558801436533855	0.26593419383412004	0.9343547632067778	-41.61805963423457
8320000	3.0186965370443417	3.3645827628589933	0.7315664673592638	0.3295625369673397	0.20761395863500928	0.706318843586544	-49.204160230799886
8325000	3.2767432667870784	4.1291403766802315	0.8425016632775867	0.2683738713041907	0.23481182199996223	0.9007253267282687	-51.608546167751186
8330000	3.177810849042578	3.8913202117701773	0.8692797614372894	0.42017008206198325	0.24910001799804476	0.7399807111240059	-41.847484074577324
8335000	3.869219019291084	3.909643302146797	0.7833811538939396	0.3789950107758009	0.20772980123896587	0.7425365897225342	-64.77159867477303
8340000	2.3198709222032625	2.503333789838982	0.7890290066497593	0.5088770504650083	0.40138907695514825	0.8498251640963377	-43.44586030055709
8345000	2.478323651768266	4.3325983986327365	0.8608946010960815	0.23150024117373802	0.41160343920390813	0.7200114006022927	-49.751095921119344
8350000	2.7515389833584614	3.6533505452522483	0.7540982129669731	0.45058426759349945	0.22396450798921277	0.813466411112698	-41.681422140744836
8355000	4.241656260180768	5.959902917763725	0.8218636116658602	0.2679135103706644	0.2180709179344788	0.7135289103217908	-50.24963537332871
8360000	2.435900654044305	6.838657506608503	0.8955977531140253	0.20830485401224624	0.4758496483869617	0.7239849760403808	-52.3830351179992
8365000	3.1252711008681744	3.9284161508794333	0.845792814199558	0.31290434102855275	0.24503511081994633	0.9413151016180051	-46.67688173588128
8370000	4.400070174670484	5.249010151576957	0.8658364852542069	0.2593994881357805	0.2242239007309502	0.995407873168189	-61.65307808077137
8375000	2.6587576268723283	2.7434318427650513	0.8610121175360255	0.49831163360282876	0.2174703198849872	0.8365056902635717	-41.87522697094936
8380000	3.218652448830758	5.1389219753333295	0.7773512105938365	0.4461807431068233	0.20430223675676998	0.9520535282718039	-52.776759881639194
8385000	5.444854448357549	6.489941798409491	0.735363403756001	0.41055986614598194	0.23040320461419528	0.7446389649406033	-54.69540374707472
8390000	3.1763448417822415	3.8259083565955447	0.7122228645011062	0.4494238158256252	0.28481896490328246	0.7832323028459931	-52.81854707766046
8395000	4.112328467381785	4.204610835272264	0.8236009919561734	0.2569035437168149	0.3013136699173908	0.7380592302391066	-57.91850498879284
8400000	4.617494656910368	4.922358855179882	0.7934350459294037	0.2914552616193003	0.20272528447899377	0.8790936244460567	-55.83803498168849
8405000	2.5865789018988217	2.9223262298547352	0.8720432516393409	0.5651583259452625	0.23620335079898508	0.8458939074167449	-30.715403795928733
8410000	2.8270217948651095	3.032665647781868	0.8543089869043214	0.264656357576091	0.2297206960294512	0.8608715868058402	-43.97787290677374
8415000	2.6845922433423937	3.8451782252755673	0.8642205269485383	0.2987512066870378	0.42233986467210316	0.7947518872326238	-41.352663642522046
8420000	2.5715143513166896	3.065571518765486	0.7806755785894881	0.4804349815323805	0.24481941335784385	0.706702434118147	-42.83349353999799
8425000	2.8727912216795617	4.585327771982975	0.8592201907868497	0.3473373042472682	0.22682073271949044	0.7731084997562393	-48.695820285851
8430000	3.479255057931225	4.066986705698015	0.7581990991616279	0.3126907687341792	0.24807404018743834	0.8463823416239695	-50.03906856859882
8435000	3.2953871736740545	3.5005524105496724	0.7741035662942813	0.602958367626186	0.24240224509140687	0.9556325674945619	-31.100852222268344
8440000	3.903893484459067	4.080457673851056	0.7861459799707557	0.3495769000616931	0.2324969313022623	0.7374526677798776	-54.35503353996369
8445000	3.437388528781756	3.7863200905061456	0.8542010257880077	0.38753947878750566	0.2886672538284001	0.7969537789003442	-43.01953062697515
8450000	2.567675737207062	3.003013680338787	0.8600993686951814	0.3244953439375278	0.23958535854888607	0.8296715181572534	-46.43808606352517
8455000	2.5580989089281405	3.229994196827418	0.8932507464456647	0.31104812133277776	0.2666103338850572	0.9862539439433464	-41.026591891902505
8460000	2.4665883624879275	4.573062955122745	0.862344786491286	0.20468007996856005	0.3796569544931501	0.7624108109489246	-40.791740884425344
8465000	2.3105323478636173	3.2593816607828363	0.8140298137888394	0.25226831610323286	0.37587847297091664	0.7189081049296268	-45.481138939590124
8470000	4.563992154485049	4.970575005919743	0.8748363768792327	0.21338591211746916	0.21929354400158596	0.7867366238889301	-59.97762395287708
8475000	2.44513123461188	5.318156534897855	0.8355584565700934	0.33061151219248064	0.25172262480564017	0.8499482601446219	-43.4876498058917
8480000	3.0927297358496326	3.143824410482037	0.887349062621213	0.505528084984317	0.20704862716137662	0.7502759518036659	-44.687837114727344
8485000	2.6306685924400526	2.8804902496468725	0.8813193184199288	0.5677745388861289	0.22081128062363786	0.9673092363487445	-36.17259105076448
8490000	3.467713432345243	3.815572793369428	0.8452163402022684	0.20603150939252823	0.3299033391091475	0.7663185446611598	-52.32104094160258
8495000	2.24951299447833	6.571180317238663	0.8029665195046934	0.5794363515051948	0.24595499803781048	0.8040316074698514	-41.3544341540101
8500000	3.028944332064203	3.6292465534425338	0.7476107032249554	0.3076574004290015	0.31651754081786354	0.7545388621483075	-52.482349002718806
8505000	2.9437379679083637	3.1626613113490496	0.8375756542086583	0.34766708593311885	0.2386116981429196	0.7663657744468412	-45.14690021232218
8510000	2.4417593058673166	2.884191364531879	0.8612389299825133	0.49836711368497866	0.20284311841299663	0.7601064738898854	-31.334690234185416
8515000	2.8425497770733235	3.201558410286616	0.8895457371862667	0.24834578911520797	0.308892001541239	0.7946728209197694	-40.96739449469078
8520000	3.515661983813663	4.3208221545035235	0.7812702955214471	0.36595940964466966	0.2287130129560609	0.7458831989802237	-50.13503963970161
8525000	2.7845598123245394	3.7441853704650585	0.7302544026234943	0.4186293376220225	0.20207885333213205	0.9953582511551642	-48.70915463652034
8530000	2.3169392809732163	2.8522309754072213	0.8752943403667288	0.5619222053119418	0.24080337450475778	0.7396685992376266	-29.331487800471418
8535000	2.35172005413722	2.762581924033798	0.7966430487490826	0.4180591647118349	0.27466062218001897	0.7782261071132337	-46.371809716355045
8540000	2.5554224466170625	3.8748498401575007	0.7473720156050023	0.41032498252116223	0.36601678094426054	0.985503279689595	-45.02904299208557
8545000	3.603668406665037	4.042312670659933	0.7916218859496634	0.41295008652788595	0.2113054828741503	0.7066730473082126	-58.41079062981689
8550000	3.027867672149676	3.1033816150460014	0.752075540847598	0.5592975800107161	0.2176918761825787	0.7344059921958745	-46.68268135246298
8555000	4.1642162650218015	5.56806309233846	0.8615678738226852	0.3872501573961282	0.24663447209809775	0.7510739210817636	-56.18336314227595
8560000	3.363186915340463	4.052281239368287	0.8803074413194446	0.303704470915079	0.25391974784816773	0.7797517727348954	-48.09917156648669
8565000	2.6424142059007925	3.340645078440856	0.7680251607686899	0.2704294131426864	0.3265935200647692	0.8857750941368279	-43.102422344783456
8570000	3.552782179372313	3.956190756955069	0.70588849048704	0.5277976146072574	0.2205128061976214	0.7635037625078042	-47.63757739539277
8575000	4.220966852816765	4.34557694490181	0.7908559441507006	0.20522580180844005	0.37244318961550693	0.7913810261224794	-49.74936692050903
8580000	3.8345245529121255	4.259511989402754	0.761512988545838	0.2980222727243529	0.24433911021691546	0.70228723921205	-57.488422536261076
8585000	2.710453378024149	2.951514727975596	0.840742576912019	0.4839459741725175	0.3377724582774845	0.7677372541009687	-38.06419636264415
8590000	2.6737094394240586	3.203938820602374	0.8696530124687478	0.251543894979343	0.2525487363446942	0.7003863291343163	-44.90795618912261
8595000	2.2518401219541935	2.7718094385843366	0.7565351680904232	0.5083430990327217	0.2155043470671299	0.9586161725335901	-42.08969088099009
8600000	4.270554014279573	4.613200694060992	0.8374084500798978	0.4047475871520931	0.2280277021321477	0.864084979924232	-53.423170449906294
8605000	2.7061657390200247	2.919510267604348	0.7521267063330804	0.5950503014554205	0.23076255844403937	0.7718466578948118	-33.39259965244902
8610000	2.6223608111681265	2.854403129464614	0.7863286616846359	0.4905224654189908	0.24065538420084784	0.727751973028598	-36.15055877380967
8615000	2.5197583444929563	2.7234046666498526	0.8120800542866544	0.425510804846263	0.28843928402327007	0.8211875650593572	-42.88107627579655
8620000	3.0562465751218273	3.314206023394287	0.7181806353592832	0.3871661630285201	0.20991509474837958	0.724554138547071	-50.45097819348113
8625000	3.9161200080507217	7.350450012144024	0.7936377165843328	0.3450849685439311	0.22067638926724442	0.7119658097697714	-47.87585209937866
8630000	3.4332776243584133	4.2222098440167075	0.7881997187932768	0.257965547970982	0.281653086403688	0.8352639249473541	-52.12065721973365
8635000	2.24951299447833	2.7790064966604606	0.8776617976556462	0.6212358831722593	0.37868066732996375	0.931373562448521	-32.47565948445419
8640000	2.9839480860847316	4.171832381805082	0.7583847617188317	0.45629671900390617	0.26021849248768475	0.8094580377470737	-40.571181935570216
8645000	3.9562271857169136	4.807549604712895	0.7941445307999454	0.29193991801735586	0.27935676594363784	0.8713528247935007	-55.00399961310612
8650000	2.32282441659629	2.7691448424034437	0.823881841853137	0.463191342312998	0.22218635200646333	0.7610775920831431	-32.0762661010253
8655000	2.651373949412096	2.9741133885134525	0.875137681984	0.4887572071178004	0.2026707125326519	0.9059651748662485	-43.37631405503581
8660000	3.8727166742353907	5.330607519417268	0.8574445106336527	0.25199129275338505	0.21195053548804263	0.8848255398313458	-52.4099019238706
8665000	2.24951299447833	2.646744291816323	0.8794832119709707	0.31680872693240636	0.2051332939668347	0.7726620148922144	-42.28200667614628
8670000	2.491193828074593	3.8735470801414684	0.869594079405205	0.29786330784877296	0.290103864704846	0.7137701432868359	-46.09548325465055
8675000	4.468477742809397	5.512619667105618	0.8272639388507099	0.2591156157088361	0.2672677131917337	0.830819752619487	-65.33275366726727
8680000	3.955802700876263	4.528311090169971	0.7086641632784855	0.2745411104594269	0.2175349246799313	0.7912321567684397	-60.119250365061845
8685000	2.7822516015595835	3.0701822545943247	0.7144830278761604	0.45304829282118486	0.2581937047520872	0.8440199035858414	-50.56210504711442
8690000	3.1645757667920544	4.94628827579831	0.8453661887170963	0.3960523145884348	0.32028453656674105	0.8433283344480454	-45.08647980506626
8695000	2.8623452932348714	2.962400089688378	0.8626514191240492	0.37361544926251744	0.21621292027990596	0.8198663373184897	-42.10940580817728
8700000	3.250380684472435	3.695647444662568	0.8852247824651973	0.2490682514756169	0.41257663768041586	0.7464903500437706	-50.407391241570856
8705000	2.956809994452529	3.958378995105379	0.8291948421162105	0.46226794933944004	0.21433475136983818	0.8160651195237327	-42.88353754510857
8710000	3.271473775550899	3.8996052154284007	0.884963667424894	0.33775392951932703	0.266161659416551	0.9241879994895726	-49.24727660186727
8715000	3.8824704613780745	5.317488202514137	0.7281282512362747	0.2274204048931734	0.22830619856150677	0.7413037496731114	-60.407644202810765
8720000	3.8970317340381424	3.9774782087273803	0.8606558753147395	0.45678219542526705	0.2529884878314779	0.83062486610625	-39.30327458680278
8725000	2.7759675593241755	3.450846868610731	0.7839760604741493	0.5215982041762339	0.2030099113566424	0.9373202777212881	-34.96990850293583
8730000	2.6429867396717084	3.210386634336714	0.7085313534530135	0.38422421335250523	0.37415896942821586	0.9418478631609407	-39.9143268019952
8735000	3.79965734199629	3.82483382481467	0.7337635840585862	0.47275081642396094	0.21221095470993387	0.8264441976345199	-47.86180414797255
8740000	3.052266405343909	3.4001958012202818	0.7053360830904386	0.28198350658566146	0.42428778298001085	0.8602718911653967	-43.23460323804063
8745000	4.022528082053876	6.870317565111406	0.7950607722950045	0.28673294964279994	0.30654880462631273	0.9835174044130703	-50.89671724312951
8750000	2.900578834174172	3.2555591176965972	0.8286079109907228	0.4426832907882178	0.2622812912427793	0.7403964717793768	-45.663881445585154
8755000	3.042580083179442	4.669893420162078	0.8270522182039529	0.364433145556308	0.24296211172173468	0.7808548888649852	-41.68451257927112
8760000	2.629126300088272	2.9485610453448436	0.7600425760870828	0.5133521113468955	0.21412344709121048	0.7667852918454939	-38.1653570323177
8765000	2.453966674360687	3.1459266660536778	0.7430778935292595	0.41951332098116106	0.21423374499226944	0.909406510388336	-44.7323732650114
8770000	2.690235250412718	3.5960036195975325	0.7846485026423657	0.31431063706284373	0.20770901205364325	0.750108508644583	-50.667867138808866
8775000	3.533654857503323	4.479288658290279	0.8175994786585038	0.38872738684500296	0.20594767709631706	0.9076319468653846	-40.986557624622264
8780000	2.887561855065611	3.820179995947145	0.7863033668635521	0.3181145393750447	0.32378802794753864	0.8954499008332835	-42.770113672065094
8785000	3.7717193399935507	3.8962629155988817	0.8659416998837807	0.34288728318670303	0.2465630423920596	0.7535471039646929	-46.56440354967117
8790000	3.0037046346284195	3.0038261867471516	0.7159307973472894	0.38602853343565396	0.23201557111437807	0.7299323444196183	-48.462959875672425
8795000	3.3279140259799096	4.743510252251667	0.836784502675355	0.20803948295953528	0.29288149900826005	0.9713594927112842	-51.33888004486886
8800000	4.019270092759027	6.225263182833188	0.7014189837569724	0.23472949252081965	0.2151247309299322	0.7254722423767506	-59.45438082095915
8805000	2.24951299447833	5.3502728307530285	0.8324927875850353	0.43814403964161747	0.2948945823511725	0.7713740146563123	-39.59105530214732
8810000	3.4721834755594174	6.701101222922937	0.7796757590577643	0.47142386409792963	0.2028466450679332	0.7578763640342024	-54.65186333656765
8815000	3.6984308970659505	5.325051399127533	0.7251446685371916	0.34429827969695376	0.2322806884831406	0.7343954626243828	-66.16031433776348
8820000	2.924375038319413	4.211387501499445	0.8434604414797644	0.37803076376199457	0.22200893430804325	0.7268356638963608	-48.427411169169524
8825000	3.843582948367084	4.829087346226643	0.8205358793634837	0.32732475603386935	0.23601044263182785	0.7298207335191216	-53.62724666148123
8830000	2.781578321803908	3.926011573511751	0.8046753383616971	0.37116478260981395	0.3030411041168962	0.9228911748378039	-42.65003942535852
8835000	2.24951299447833	2.9388622261634643	0.8702200890092107	0.49784051158764947	0.39373190088426907	0.9547488013609562	-33.36374460801236
8840000	3.34939649301183	4.5298963012362785	0.8174049018432478	0.23937912981301013	0.2858471475173803	0.9282656795683528	-47.806211375135085
8845000	2.3532220512826463	2.906296561631616	0.7281453745292888	0.27004656367717117	0.2678575157986247	0.9611218933951722	-47.8697216054361
8850000	2.24951299447833	2.3525509828994493	0.8959037775667186	0.6091720430111509	0.3572275728773652	0.9735821808110726	-36.2027121754321
8855000	2.352576276156799	2.930954880871587	0.7876567859662582	0.4764454674700981	0.24618603137358336	0.7800423673378436	-40.18317500105673
8860000	4.449597724231325	5.2679582376695295	0.799200729060961	0.20619520981490413	0.33959819837951105	0.7077309218248867	-58.037729427834336
8865000	2.24951299447833	3.065931360869522	0.8501626720385024	0.35176740111485816	0.27447603990800745	0.7008367916310874	-47.109647412569466
8870000	3.6497687639625815	5.19299644520198	0.7205513938441348	0.27302438218959646	0.33624083063173016	0.9172462968170446	-55.835452605708426
8875000	4.290167353508759	5.327785610432502	0.7359257586686303	0.2821374327047514	0.25011250644568106	0.8852018342033594	-52.00168873165289
8880000	2.2695779301615775	2.3469956539104326	0.8930516511272408	0.4090161749561133	0.333517053066682	0.9992125503629613	-34.52382013343757
8885000	2.438409636887263	4.379315175258747	0.8818324494457864	0.4665289585022716	0.22231523556715965	0.7574245405140404	-39.60087141827453
8890000	2.2673956528154724	4.03808900838772	0.8596741148416873	0.41935564561124183	0.22236915770417537	0.9933517884695221	-36.92433365195629
8895000	3.9899369301718575	4.039130938576373	0.7129955188771887	0.28834017854819166	0.28684938389249076	0.8381972331111494	-57.233823155187935
8900000	2.2729639550277083	3.4461950861522803	0.7988303852665435	0.3641345180244232	0.27778886026662136	0.9245133747684813	-44.413772876984446
8905000	3.2003987429402305	7.348544023998016	0.7017131732385548	0.3871763886460403	0.20198221494772392	0.9661262277659108	-57.0397428111287
8910000	4.017854019001611	5.25035922255682	0.7262226884879913	0.20144497272813097	0.4157220299119225	0.7448001353726592	-52.71100746298928
8915000	3.9972649637600233	7.560363563065186	0.7825724245212226	0.2639098466294784	0.2559928216200514	0.7393053332512418	-57.58209844361839
8920000	3.973436323033494	4.356068579282146	0.7473678806318436	0.37995710317757697	0.2659806145268362	0.7110612681542015	-47.07775007479773
8925000	3.8764954122408994	3.888897156194433	0.7173070123597206	0.2758830570513391	0.3967952755441988	0.7599270817889421	-51.814880919617316
8930000	3.1382084315034637	5.327412672257771	0.7866663184924296	0.20624993241948036	0.4016737443015184	0.7227387945028736	-56.15497302344527
8935000	2.942787900174126	3.1902901056394404	0.7972367169167979	0.5143065209272851	0.2570157698722605	0.7965762323560969	-38.11569020131861
8940000	5.193459228569561	5.214971535279724	0.7443955676101637	0.37684452125151574	0.28647673486654196	0.7480153982681959	-60.416783085096135
8945000	2.9248534799785078	3.830824439711696	0.8210921544953724	0.3273160314826833	0.26338625261491616	0.7905671076145709	-46.062415666947345
8950000	3.582363740188927	4.668331251416251	0.8666225789512553	0.23744589663602292	0.23198197307951776	0.8167356190147568	-55.2525579378723
8955000	2.429791222497659	4.289852326456864	0.8212545281819977	0.4763535459207369	0.22105175548744238	0.7838076278400344	-46.43804451128822
8960000	4.019190855495525	7.075139227064658	0.8233572230862378	0.24149167500942567	0.353087665261739	0.7247036494944625	-58.797097342698024
8965000	3.8496693246341933	3.974408517653384	0.7455173430831794	0.3880994095003503	0.22058000236879938	0.7449070844185519	-52.09639762574868
8970000	2.7915059823470076	2.9349854760417524	0.8649809348229662	0.35914156886241005	0.24398026811209872	0.7863889822378027	-46.49795702888936
8975000	3.0297322501766675	3.676235599206023	0.7062621068149009	0.43714663221318284	0.2538899070230219	0.7898323757915049	-42.377380608092174
8980000	4.326735512016628	6.439393274633481	0.7744330293809053	0.2885276015055244	0.2505290421183866	0.7612484079326692	-56.671586832127836
8985000	3.589074393748368	5.6894641594273745	0.7107845636635812	0.3422368499748049	0.23497977194116548	0.9310119955811005	-55.37337248086349
8990000	3.7697638052546862	4.751403792277814	0.8810979758785247	0.364131103595825	0.3011355273547843	0.8368380282548997	-44.00394671456806
8995000	3.654532924979242	4.381988808996308	0.8548963318840326	0.260893957839317	0.2520103493722001	0.890774019836971	-52.24307166491827
9000000	3.025977591456826	3.0813898623887863	0.7892750285219263	0.4160668635967625	0.2750578436312914	0.9316592317206195	-46.24003625959192
9005000	2.407055984434799	2.445972888386175	0.8379054672254107	0.451818055597341	0.349294229325934	0.7422779346660858	-43.44659624800869
9010000	2.317710073392651	4.419351231031525	0.8476742294417594	0.3837857722530568	0.2508201034217387	0.8399901239286933	-46.05875255714389
9015000	4.80495163774902	5.540984329471829	0.7714964814735666	0.3131410924472878	0.30027721457226186	0.8076692583014975	-55.457866447112536
9020000	3.0019010575941687	13.122145455629884	0.8861092791702453	0.21592021507583165	0.2000171237970675	0.7106252185703889	-60.45877598243805
9025000	3.6569991944655613	4.184410999889347	0.7378135248948972	0.28630045894203066	0.26570539026711826	0.8334031374082302	-50.59460366768419
9030000	2.656818526147292	5.496000215563446	0.8270614658447614	0.38828446949131257	0.234740018947322	0.7998245143950905	-50.552451152217145
9035000	4.556840256910645	6.941927286108757	0.7387095088668663	0.32058896387382696	0.21412425466350737	0.7451606798974413	-56.72845533991568
9040000	2.24951299447833	2.6329637441314557	0.82285970209971	0.5687816526126239	0.20571247456467362	0.9112567094109977	-35.18820532869729
9045000	3.1269537220575363	4.357579610027593	0.853940198754633	0.3810948542611611	0.24711542503348016	0.7918603469154576	-46.5793252575984
9050000	6.061332039045734	8.434638564987623	0.7245038977182244	0.3078037797121289	0.2676088084987453	0.7542264084003721	-57.01722423847092
9055000	3.635026856011405	3.928790941120197	0.7323097262751689	0.26856560491918774	0.28973803288309513	0.8871336521959902	-58.9548513956617
9060000	3.2634767550827464	4.653209976164453	0.7810655770322695	0.43779456670140254	0.2409246042380847	0.7873567167921501	-46.23785602646106
9065000	3.2570204494541333	3.2600166335872087	0.7651076084391569	0.22702489776252516	0.35728168212485106	0.8111918619470109	-49.46030462262713
9070000	2.8462900934684323	3.4416366740886253	0.859726693891729	0.37310328340252347	0.27594784019919044	0.8152938946662834	-42.460627697186084
9075000	2.9994952152068173	3.502877351249112	0.7087291361084644	0.35272198876954836	0.3653432047002386	0.8270966928249541	-46.632346098148226
9080000	3.2866129525920216	4.167994289085765	0.8584960912859633	0.3817432079247213	0.22160382082737862	0.8047019637843941	-51.58116820993004
9085000	3.269439651130252	3.7987901958162413	0.7697912600201636	0.3950767086240291	0.22725747639723795	0.7422899858948037	-49.3877112097325
9090000	4.153816979180053	4.409188782042531	0.7117273550547802	0.3776081976350656	0.23779016485213364	0.7331575563150934	-50.37393063263626
9095000	2.3666481938279054	2.9422990771019664	0.8514395144936214	0.301934262122227	0.4451192951126316	0.9054760409852878	-41.74651539495743
9100000	2.325214317021635	2.7563337042158005	0.7195875422848234	0.529785804586406	0.25278821967525955	0.8853351073656079	-39.8247468897276
9105000	2.2831324733958835	2.6735068923542844	0.8120832405861261	0.4074871145828483	0.20629662808827914	0.7904481023916688	-39.44942357634405
9110000	3.243566556089683	3.5444582719574687	0.8796507114639424	0.50046642941331	0.21175193781463	0.7198880829605077	-38.03202719364324
9115000	2.6980275875362563	3.0397908015457116	0.7627322697939879	0.24877300151542114	0.3454410558033917	0.7262408829178777	-51.24563590774658
9120000	4.730782388149	5.258391721411472	0.721218427749916	0.25724410531153785	0.22912336447002482	0.7271765940827132	-50.09583348312607
9125000	2.891405564037545	3.138651341380214	0.8332519043667587	0.4254684830428405	0.25637875434119256	0.8318815955111885	-42.03222927907177
9130000	2.9707064318351493	11.333288157440785	0.8762072389351905	0.3112898610060815	0.21174093323271545	0.7360234445277661	-56.89360627021942
9135000	4.043238071563032	5.166719785959264	0.7119230717285232	0.29643447067196227	0.21894634946371933	0.7916003807263445	-55.229944611303694
9140000	2.4584143223491317	3.529689664126666	0.7674765779191476	0.31990197020857347	0.23567077212909412	0.7965028933380294	-50.56948797645049
9145000	4.665547922718057	5.168798922909802	0.7085028539358549	0.2627038831154133	0.30137589870325	0.7765407229271791	-56.81585621448352
9150000	3.401774693767585	4.627468470418505	0.7406243944877071	0.34624793407585625	0.3129813468809855	0.7345985098662923	-55.317277177510164
9155000	2.809060401464295	3.191015257000196	0.8425705816569152	0.39175563025745125	0.24487004916168967	0.7292805382405649	-44.08679167411824
9160000	2.24951299447833	2.505455486748912	0.7620555978746991	0.2740660336491163	0.5219637735394309	0.7169412084111421	-42.78457524251837
9165000	2.8557702117233874	4.880790656333603	0.8971059072042676	0.28699947717352736	0.21446216675717777	0.8390692089624073	-45.4475189616835
9170000	3.040623679545261	3.091153139182603	0.7997841543532914	0.41180564623587523	0.24101616845603524	0.7589993412183472	-42.581258062024574
9175000	4.756008070736859	5.130592561618543	0.8998058585932329	0.397445276297166	0.2613720904275072	0.9785268121997376	-46.30096596632499
9180000	2.7702931869012555	4.849603614065339	0.7870749215659376	0.390013476079459	0.21967869244738328	0.880529900609455	-56.8178413351205
9185000	3.0695927714448397	4.475889514117692	0.8547690978352694	0.23255056889577577	0.40787445766147834	0.7063064062787778	-53.89112164281489
9190000	2.963084998482962	3.3130115454791844	0.8684065252465406	0.36339718039781044	0.21899004035460048	0.8302540599556235	-43.90011962927903
9195000	2.3518640261159076	2.4253551426503877	0.7480862163602342	0.5210156463267381	0.2702289707812896	0.7121314407448112	-35.15047341793393
9200000	3.4899956037650846	3.770010246259933	0.7018971837286916	0.3464032656219168	0.2650308202182903	0.7663741913971398	-54.19902524236573
9205000	2.976962668111172	3.8341937983320946	0.7287862155412292	0.39235639630374775	0.2836059877918803	0.7616262539494879	-51.8702336470121
9210000	4.03448122468773	4.379535033519969	0.7750494777100463	0.2841813992605284	0.2680765060569786	0.7213853221393793	-50.779841643376116
9215000	4.802216000274158	7.943636791757233	0.7326613175806337	0.29899677340994063	0.24240411680795354	0.9287824382051896	-56.484518317680504
9220000	2.6880225247899348	3.142898353645382	0.7476332683616336	0.42867863459881694	0.2471603982333288	0.9403893501759891	-49.46976644811548
9225000	2.4211456695001083	2.6899289608530137	0.8797876110680489	0.3413771661732394	0.20276728597131835	0.7311893541192507	-43.246409212838365
9230000	2.24951299447833	2.947462422577906	0.7636105356548499	0.48902492191808977	0.2436188079352883	0.9994141292999131	-40.6864589674281
9235000	3.227978539965686	4.520251343816666	0.7189919266238032	0.2910770712148506	0.36886798533841586	0.9715168117195138	-47.09528737660537
9240000	4.827750895644907	5.976695588019561	0.7192550150221669	0.2751366885913212	0.2759942668097544	0.7186604068310684	-62.70489472057237
9245000	3.0854290055259868	5.111829653163344	0.817675230315096	0.37893796229609317	0.20227366002408098	0.7910500857627267	-44.99242136243714
9250000	3.4559082661277065	6.60200247832358	0.8223522017254891	0.3799643294184461	0.2234042213310719	0.7159427181580104	-50.07604384892241
9255000	3.5818553175258305	4.402460197377523	0.8275591817746345	0.4252776306336796	0.21592516297198178	0.9646715233508154	-40.950122561599215
9260000	2.779281440007489	3.382997984726244	0.8891681044551881	0.4475695567271639	0.23984421083088495	0.7180320175269501	-38.49518949431402
9265000	3.377574409633949	4.185055235405559	0.7060621613751559	0.4514726493738204	0.2924864947737803	0.8723566141723802	-54.79171631836953
9270000	2.427188980315947	2.8501195475815955	0.8686888209256912	0.326258241931075	0.3016261696229294	0.7912764450194409	-47.2909532974539
9275000	3.230802552790847	3.302378291928464	0.8716232741355637	0.3199652323755911	0.39874267041175354	0.8016500371632428	-40.05737775740301
9280000	3.295632598939525	3.2961150226904388	0.8303995582159969	0.27698281053841245	0.2546443901955498	0.7818994122231464	-50.35457579544409
9285000	2.258392953631379	2.6710952829988943	0.7959478893126064	0.5156226943570015	0.21573668303446855	0.8084929739803166	-37.417925010136805
9290000	4.200702619012417	4.665382183359738	0.8288294618924538	0.22245772471649436	0.25408862943671245	0.7405102337129968	-51.9210116804227
9295000	6.716506567927167	9.919636042281729	0.7186917099206102	0.310019482008873	0.2364284923562898	0.792509896030674	-65.97122905031785
9300000	2.5034122018608786	3.2370440912100484	0.7862231099805818	0.4252179008186806	0.22617114471537125	0.793030025123509	-51.653458663810646
9305000	3.696046424782163	4.317801939948379	0.766156043298473	0.4141803112397034	0.25460212059855797	0.7900506416265567	-47.539973290785014
9310000	3.4555216249312566	4.533887856083912	0.8127872664345109	0.3580041700750437	0.20958859773685548	0.8142138211385914	-58.36980014306553
9315000	3.0167968355543318	3.4078901688380285	0.791032749143858	0.4183817350304592	0.2469301777112188	0.8779517321621041	-43.51103865635171
9320000	2.5345986856209426	3.316453947020618	0.7304456996564787	0.5050132862977165	0.2350258501660224	0.7177120045484833	-42.16432868933966
9325000	2.858527368075856	3.5374857173243694	0.8822107633486355	0.40845923464337075	0.2662220485675527	0.7021051709029174	-42.08117428233301
9330000	3.1925986868448	3.6645183227083633	0.8978384781352072	0.47613282322121814	0.23504999332374263	0.9675510718430478	-41.52469214528221
9335000	3.8322724666033983	3.954536015179845	0.8324036177442842	0.36429876379932047	0.2702406175905067	0.7227704957878144	-55.091853211752664
9340000	2.992243380207518	3.0540012570972404	0.7242494259462064	0.22367276993716712	0.33755782129425993	0.7305307410964765	-49.244173946183594
9345000	3.5142815321077245	4.131162594551449	0.8092808222671862	0.39902976454577327	0.22584061524047483	0.7405932917378952	-46.145950976920346
9350000	4.240036326416773	4.3250287559739276	0.8572699699339127	0.3984053190387052	0.26733305176644423	0.8997140386040346	-45.68554720478841
9355000	2.5672729378601002	3.054519279975216	0.8840088541556382	0.470782727113651	0.23408179229406526	0.9682835060025501	-32.25951441353092
9360000	2.24951299447833	2.343072699292872	0.8239366212572594	0.2834355798070894	0.2894360029929907	0.7549760541579889	-44.32407722157662
9365000	4.104914662396914	4.772578553868571	0.76569019864224	0.3117491027065826	0.3791438530638068	0.7904136039459574	-47.48079506510213
9370000	3.418634370030773	5.193068578897144	0.8044484672891791	0.292110092462965	0.2013028513420254	0.8006743908948252	-48.79005207599785
9375000	3.4373264580112237	4.722697898638046	0.8862993777930251	0.29146412951706535	0.2750786394014161	0.7878456470500221	-49.06514664086422
9380000	3.823920779397666	4.642404875548659	0.8843661412115721	0.23099321309651347	0.3495572777593811	0.8101222523736686	-57.08723298238851
9385000	4.182217232917077	6.873837366843174	0.7715437219480287	0.20600643997022386	0.40256460729001775	0.7152336841105321	-53.32885913380442
9390000	3.1136776553615895	3.2964873886239547	0.8374486938119503	0.2261304120684474	0.30894246401047304	0.7101734895543246	-48.52951202895554
9395000	3.0758853063908926	3.5978329285418056	0.8140854526454542	0.2108496736334359	0.4967493304173861	0.8062716163236389	-47.96647689028186
9400000	3.1048569705866607	3.152077840873754	0.8563326048354011	0.38762544259124576	0.24619587619443328	0.7099691142700182	-49.45919136776265
9405000	3.89039979049455	4.193296648132504	0.7176046333070029	0.23822351343572046	0.28080800678888573	0.8111002521448855	-59.804910877839355
9410000	4.121390661367807	7.31503796402305	0.7573357344468333	0.46379680800133494	0.2000682668907148	0.895794959275003	-48.69677041955676
9415000	2.849431496665257	6.195780091599951	0.8615465682842912	0.20509184402026054	0.41635061408571494	0.8059273258526366	-49.045173691229756
9420000	3.50491309215485	3.5270533910625024	0.745776033812175	0.34713249659199974	0.26210298752942784	0.8200765578893552	-48.906589620041984
9425000	2.580149589874997	2.732704342541341	0.8545111310941345	0.48229913275799924	0.23188038665396515	0.8293866751647988	-40.00195643377748
9430000	3.9311400016209284	6.8212355740573525	0.7340797160698348	0.3143891858609987	0.24488390743850627	0.8195834942037946	-58.53139918080375
9435000	3.10147977047486	3.6191382563141627	0.7749131230533143	0.32533622836844706	0.2616423403716098	0.7075527169397061	-38.186568334939466
9440000	2.767654408705206	3.4444501243939825	0.7442072748614997	0.38981363776364386	0.37319512454550363	0.7216526547060341	-39.4770769426856
9445000	4.660001922816228	4.913641772011712	0.8316115286153172	0.39172300539713767	0.24646291762747438	0.9493567112931078	-56.27806048949825
9450000	4.344357431885909	4.370574527380233	0.8185208921517512	0.38923428020975875	0.2679946755823651	0.7205653497951279	-47.197852406635675
9455000	2.712138156597888	4.751729564157432	0.8789630555090696	0.43931968547823147	0.23141808913982198	0.9994666050250668	-41.93301520040959
9460000	2.468816799605494	4.409757912072364	0.7351034337912853	0.2638871099962086	0.27114833314421705	0.8621992475767234	-44.7378923865039
9465000	2.910932231129714	3.5365824036268183	0.7871775070787448	0.2765286270790626	0.32274710407081286	0.8103822744481242	-48.08006066203431
9470000	3.6279597523522042	4.874645845400797	0.8511500411635207	0.2769804559217266	0.2049928829126484	0.7094431720765271	-59.02378115743882
9475000	2.8073379683590587	3.6770617183814625	0.7840945716241596	0.40730729725292425	0.24603431625630243	0.8409581863018716	-41.84240011345172
9480000	3.162618431140087	3.420421929484142	0.8505335838254469	0.22309052571512109	0.32114132045741967	0.7281522210789364	-48.30434120434559
9485000	2.5620755152342785	4.607948887067503	0.8898521838994773	0.2548470451923026	0.20748854513620704	0.7107165942070052	-49.05886790314569
9490000	5.461000650002864	5.693015574691897	0.7933071550734749	0.4354583037947102	0.2057032549909293	0.7753427762792551	-56.036143787018
9495000	2.871549542438298	3.6981664832194836	0.766031649419906	0.24957831397500604	0.36447329982961335	0.8070779055202736	-47.377167792107784
9500000	2.7851075136117336	3.612742418201378	0.8320271722997747	0.4646358690231582	0.24029575601441636	0.7728122894195701	-37.34765771240466
9505000	2.5317803932312004	3.7576509282584154	0.8745590607935025	0.24334387525547807	0.46722729661299894	0.9675881123765628	-46.673942481975544
9510000	3.2094922308677964	4.3042870600337535	0.7015278839044629	0.44805292550181547	0.26775870364340615	0.799277981041041	-49.69892378305072
9515000	3.2022427194544165	3.5511947293433344	0.7226851036932537	0.44121653946551115	0.22536350018548826	0.7638697254988198	-52.54554159472527
9520000	2.24951299447833	2.7795534200765672	0.8707806648424062	0.5161878148420385	0.28050391357160737	0.9007220691259588	-32.82748346420802
9525000	4.088557709528743	4.57578665345106	0.862014366642405	0.2704831475394798	0.23930843494653067	0.9480896883215821	-49.54617151666724
9530000	4.079798875006351	6.735848690574837	0.8103422915167221	0.30786255752098235	0.22694440025677712	0.7910970196476649	-52.614862294799735
9535000	4.980138830068491	5.368580784319382	0.7072461296861743	0.2691490743595752	0.28431208655877505	0.7115561200653928	-59.811427566929886
9540000	3.8580227262818565	4.216062979395178	0.7943730227657041	0.48859283186806013	0.2601277441974483	0.8098895383102341	-44.48844026766283
9545000	3.2414746580543112	5.137286961278883	0.7378965863210852	0.2603904394290518	0.433207345768981	0.8481619290276021	-61.35801998446441
9550000	2.832210593851604	3.837041628995362	0.8923884164922	0.2682866508025337	0.22954933434919786	0.7943960998085972	-50.093990905805164
9555000	3.5471431758296363	6.26972601297281	0.8081929493850099	0.24311765269462773	0.2089568554568114	0.7265217064145836	-57.60796230782141
9560000	2.3906206805326633	2.475757941531459	0.7040114629644468	0.23003235493397578	0.48658226634625124	0.7198539438742971	-47.794158858989505
9565000	3.1513761715045243	3.308682734010566	0.8514425347590618	0.23833992779914742	0.5097166180508803	0.7883958472244154	-51.76225581958886
9570000	4.015040496051208	4.4818211501150795	0.8257176562522585	0.23463335210802425	0.35796242112829224	0.9729812427908702	-50.80760671100145
9575000	3.6255472265726914	4.116387088677447	0.8982079016430146	0.5426406022133659	0.20367332859167342	0.9746567861260615	-40.16274242732872
9580000	2.24951299447833	2.743091723658091	0.766001187046564	0.6016994781879015	0.24041050307843714	0.9763484225710956	-29.298619456221996
9585000	3.420312428050999	4.174860539438304	0.8449873642431139	0.24023884789995495	0.4352313760101563	0.7440528689833334	-44.64717521979849
9590000	2.7415043387961155	3.1643260716186834	0.7410122974545039	0.5626344604880833	0.2134083401444237	0.8331142362072932	-43.35337857970884
9595000	2.5766106446906574	2.991764868129613	0.866992316991418	0.20306587699157372	0.31399270630421233	0.7754079808807456	-46.01575452733545
9600000	4.607310569790714	4.83783885430779	0.7689713633270819	0.2292604732003606	0.22605900587824615	0.7775570465509243	-50.000205771382475
9605000	2.4799696893354524	3.712503344852982	0.7266077176823583	0.4716542229275916	0.2859161569004258	0.7504654362821204	-37.76868030461014
9610000	2.451238999154734	3.6179507921535223	0.7694765064131546	0.40791358396570876	0.2217180277590395	0.7684985108897443	-44.38755617716854
9615000	3.3019776714299005	4.003567499207918	0.8054812472352042	0.23143069872504607	0.4860162383921456	0.7588158388710671	-60.12150666218677
9620000	4.995766785936495	5.087978619746189	0.8178691751970211	0.225726456219652	0.24458000064219482	0.8300943947704972	-57.38426085690553
9625000	2.8125090624344042	5.2634620262388205	0.7062571587881805	0.4171967415698921	0.229353668588763	0.7233815944332855	-45.99259750208231
9630000	2.648217417820608	4.474470726031144	0.7193958760703005	0.5045091204955271	0.27158227882214675	0.9137945082181113	-45.69440175298211
9635000	3.1870816805298947	3.5307318194653385	0.8671806451092534	0.5541695217873325	0.2032199504791439	0.9862813725576235	-37.31956591924982
9640000	4.384874731998461	4.581132835477335	0.8965180129488677	0.30975217362808755	0.3065317052711153	0.8046952565012655	-47.64741661427877
9645000	2.658583832839563	2.83500949324812	0.8763653381853166	0.2475426960417558	0.2452625112332867	0.7825329708546525	-47.93595708475122
9650000	3.095686392662977	3.2190580615865025	0.8235280894724794	0.48246329464032733	0.2662164188986463	0.7238609884010346	-44.6815495456671
9655000	2.6253434783849197	3.5600436991337387	0.704283146929012	0.42370294794008917	0.23115356445254678	0.7796157405774623	-45.31275076545408
9660000	3.3164079906996458	3.425570629021335	0.842365977751574	0.4299668781288113	0.3341647939648416	0.8775792724494704	-50.28960380507591
9665000	3.393450723253624	3.846764691685726	0.7393577565248539	0.23042153176223948	0.3944943177302792	0.841915637338582	-50.27975734440526
9670000	3.877814376638537	4.187391394688528	0.7400926549326451	0.31108040434071943	0.20403233172847945	0.7209579595173178	-56.71310964350652
9675000	2.9672310193194047	3.0328346620892166	0.8782208357328213	0.22541869905299233	0.3858818177602751	0.741039431322514	-46.315569599185075
9680000	3.764208761831977	4.568120269998143	0.8675841078705364	0.35468872812327934	0.20988938032672863	0.854357694456667	-46.073171358021206
9685000	3.3829171015094857	4.254377399527863	0.846553303894616	0.22637052013663336	0.21931896826168476	0.7017187978742668	-58.47981037433817
9690000	5.73518943536982	6.495205804711932	0.7141486133368826	0.3724566967545056	0.26136083872591775	0.834557119899601	-66.46793376569434
9695000	3.345783819521771	3.782517363334769	0.8051271331605773	0.29510691406327055	0.3618107071302556	0.7463773575825736	-55.59647965484712
9700000	3.4714217462225747	4.814210875957265	0.8584857245275562	0.4545556553607969	0.20271311065124029	0.7856384910360441	-46.35406387240199
9705000	3.2909845442778134	3.494751372574634	0.7189227231709874	0.2923114402453435	0.26764044972478107	0.7657034573694668	-45.420741296005936
9710000	2.7175050982728917	4.0232002367295	0.7505674153837373	0.317305017950491	0.30417213826510825	0.7566236120745602	-52.36732799676645
9715000	2.5266313956453192	2.731215776040771	0.8778568092098097	0.24615315867523332	0.40205499357411	0.9561807573151441	-46.62708058314432
9720000	3.356433892994655	4.14360013213232	0.7453583740664927	0.47507209193122396	0.20145758466469568	0.8917870043932778	-51.08127584826908
9725000	3.7525578430593036	4.358944283281235	0.8067057854955162	0.3305028839885198	0.2809937774532702	0.7348982700854322	-51.96711614873721
9730000	2.996561377143487	3.9711707425176654	0.7522797165121986	0.4969245271681305	0.2561655507509128	0.8224450749394652	-49.113290796318196
9735000	3.5855275873395787	3.7365866043419156	0.7317065132836699	0.20982636760356455	0.30165035685894737	0.7101449347709784	-53.72264950165255
9740000	3.192299611415307	3.7462555685356747	0.7442925351436517	0.3281066478213354	0.23661585289365733	0.8722476135531664	-56.42168640733816
9745000	4.413329807273259	5.446005540301858	0.8941536523831908	0.2468875394513779	0.23783829234018852	0.796693527476223	-63.71650458271794
9750000	3.5931038484466975	5.5242160803818265	0.7340548181104241	0.31388961866911474	0.2240592978013916	0.804299441461434	-49.56871283797651
9755000	2.24951299447833	3.1129193612214467	0.8040848275118198	0.20284639244558977	0.4122670803889476	0.8337810163769915	-43.26565917963029
9760000	3.9329996991011815	4.0651798799698815	0.7332846558754929	0.3055434163487008	0.31781367547962897	0.7493619575557715	-50.722177001436414
9765000	2.487966557338875	3.75792396794027	0.8649502836235271	0.2996506393129936	0.3433765498851935	0.7374954569601639	-45.341352405173794
9770000	2.3953707861059836	2.442783009791135	0.8465458109979269	0.6135289883590245	0.2795165154830511	0.8918400737296645	-33.28818357642141
9775000	4.032982116564477	5.292980891131739	0.8892776692196316	0.24737829949271742	0.46295873151681527	0.8275954316943225	-49.239579353795186
9780000	4.364901800976067	4.390937145991838	0.8216698365863054	0.4182004768410405	0.3028218959617593	0.9757788002192719	-44.646128560999834
9785000	2.6894285423219118	2.7826154041198063	0.8719570840664788	0.4198551477319944	0.28239200135678366	0.9275883803695757	-43.026239952447845
9790000	3.1300040972878236	4.692696667429518	0.8609023393961441	0.279723270576418	0.2756196818459906	0.8179338704875442	-52.73190769844802
9795000	2.5600675595553692	2.635074385969759	0.8825893757839827	0.26387417910007355	0.2512377904613626	0.7376718878022835	-46.1148007426175
9800000	3.9744232989374084	6.2889039347895475	0.8291090942672531	0.37931705849837916	0.29800468199968627	0.7741117063079346	-48.26293822925027
9805000	2.545924381241384	3.3128185264005188	0.7277726796315086	0.5162131431495961	0.21688240097397032	0.9144854010226003	-34.24694684791445
9810000	2.24951299447833	3.009942967574568	0.7808559678795463	0.47211061568973817	0.2620193629970972	0.9511975104697036	-34.498392979892714
9815000	3.759498859451262	5.746256103576699	0.7464212368565142	0.2086182159814126	0.5128565839413938	0.9670768589540238	-55.24894354356351
9820000	3.1208648659987017	3.512027267223882	0.8809160597440783	0.29350085408512866	0.232985652603581	0.728249110826642	-48.494664067452554
9825000	4.023115704984434	4.871180135601093	0.7002360118052612	0.2922859337708689	0.2292165244427978	0.7305385556888544	-56.001087804469606
9830000	3.1270037079122406	4.971939175774049	0.8067488742576311	0.3671415901066566	0.3228564866317753	0.7650741144648893	-48.82145637704438
9835000	3.193320190181758	3.5016907193717737	0.765599954200874	0.33158552692089316	0.2805438478210646	0.8905664587630621	-45.723399217178006
9840000	3.275187741831734	3.6676428080623196	0.7998416274991453	0.3402387928618644	0.2977226067038194	0.7732661704611904	-44.927453908442956
9845000	3.542972408011469	3.5471883953222068	0.8517503600345364	0.21864462425034903	0.2096438257900575	0.8137106966666254	-52.14527268703807
9850000	2.24951299447833	2.5362754740823505	0.8144120353509051	0.4197696061477755	0.20144101762609382	0.9559280200276207	-36.97907308170695
9855000	3.2692127834843667	4.512586660565473	0.7479247786810814	0.46869056920972796	0.28922642531895015	0.9527910966317595	-47.06000026983673
9860000	2.833253811666617	3.598817220521041	0.891954229741061	0.2988638936416207	0.2878173292216087	0.7346532797745656	-48.28550531103507
9865000	3.5012393699229984	6.229923409034765	0.7573795508099188	0.21006868948116167	0.4649028124170597	0.7829040439679267	-57.450970420834125
9870000	3.8613899534561296	3.9264699811486072	0.7528581539658458	0.30443949053378	0.3657537027240994	0.7290315504968454	-58.631341945853094
9875000	2.4043418285738603	4.769514554579069	0.8097254219934029	0.35216678730008183	0.2219461039783625	0.7458887283734156	-49.74258797144211
9880000	2.4206775071090614	4.161775794543007	0.8802536074014191	0.42918641427826265	0.2693038457588881	0.9482859733960206	-48.2327288671713
9885000	4.07241223760279	4.28391994649142	0.7608655149881963	0.28988420015965366	0.366704471365996	0.7651377739339466	-55.58388572649825
9890000	2.4665619684013937	3.3013708874622583	0.7250365649394728	0.5872816528687439	0.21299815924526017	0.9429647972768311	-46.04066611379082
9895000	2.8632483872533534	3.5279270262924594	0.845061874469964	0.38303399521571585	0.3127376134323279	0.7449261580453626	-48.66534377643988
9900000	3.26137461347659	4.149779836279992	0.7151636073753378	0.30262920963508794	0.28879731755228194	0.8302290412271718	-46.788231097345324
9905000	2.284618768323019	2.34659260958898	0.7693392309338486	0.5319175507908596	0.24131854406936537	0.7378378729773102	-34.40615839764313
9910000	4.004118525102245	4.192010806449908	0.7036390491369673	0.40323179505717194	0.2795788258803132	0.8965472062120251	-48.23133458776668
9915000	2.5994516202920317	3.2005012207250494	0.8205782324848765	0.5049915625670313	0.21047341816960266	0.99386179893857	-34.48214794312316
9920000	2.9078144920632227	2.9899869200673885	0.8066827147722432	0.37415127922124847	0.20199253135189227	0.7675520214116524	-37.607776825143574
9925000	2.3317110156239544	4.515384872561115	0.7803275763705853	0.31867593011227374	0.23506562509049897	0.731539866529405	-46.296803815335785
9930000	4.157076069947463	4.4238377466584335	0.7018540231645173	0.3273989085281758	0.2401667511015946	0.9389780915850324	-57.547340091381905
9935000	2.606278775438038	2.900232510479592	0.8031642521563772	0.557109656337945	0.20652378897044735	0.8342586538401954	-32.82411001647341
9940000	2.24951299447833	2.908604570822487	0.8035916514394842	0.6055071867257006	0.20348226104944736	0.8861520637200594	-31.901558169154114
9945000	3.757984426861938	3.7925508347777495	0.8856634962852072	0.20930289385712905	0.3036363121566826	0.7005389054413526	-49.69712458339121
9950000	2.6926749317434884	3.5560258639660534	0.79981187825784	0.3523765660558177	0.5508075731469707	0.8853818185703707	-42.31718597893135
9955000	2.4309650397690703	2.4535307005593117	0.8869749544745371	0.3246790952670909	0.35573936221308394	0.7504908569036635	-37.97408268090944
9960000	4.339776147176274	5.088576538890645	0.8685373266195608	0.2148101602338871	0.3507009466848601	0.7598877552088791	-55.20752543221472
9965000	2.24951299447833	2.6923031936302073	0.8875864548789362	0.5273298737508567	0.24951771305802234	0.8762083418750325	-28.044508982145512
9970000	2.705652172452273	2.730112498945182	0.8987396769280156	0.6562803527557589	0.21444201621610798	0.9566314917545466	-34.17658186914518
9975000	2.7295516118754763	5.567243443168794	0.8454202874977729	0.34565088581708825	0.2555364375177329	0.8674309182084231	-46.21607677966605
9980000	3.657023488682556	6.416841390979084	0.7484038094510299	0.41330904089236226	0.20778516791691878	0.8150201414483744	-56.595894811907044
9985000	3.670610306105497	7.171566275443448	0.7490626558049203	0.3634453039345625	0.2110643154405492	0.811123222890432	-53.83204716670459
9990000	5.0253370405117295	6.091036209529166	0.7001465273393775	0.3047322776033112	0.2538887684999728	0.9227259206655299	-57.792168512400224
9995000	2.6703826594749627	4.316214198584594	0.7714147336215074	0.39438932808686955	0.3418784474339298	0.8080044057323713	-44.14105810011781
10000000	3.1355873457674517	3.36282525914877	0.8077038991400801	0.20805933494384568	0.454055054383388	0.7013199336606912	-56.37713600935581
