#
#model:
#
#<?xml version="1.0" encoding="UTF-8" standalone="no"?><input id="posterior" spec="beast.base.inference.CompoundDistribution">
#    <distribution id="prior" spec="beast.base.inference.CompoundDistribution">
#        <distribution id="birthDeath" spec="ssr.speciation.SRangesBirthDeathSkylineModel">
#            <parameter id="RealParameter" lower="0.0" name="intervalTimes" spec="beast.base.inference.parameter.RealParameter" upper="0.0">0.0</parameter>
#            <parameter id="origin" lower="0.0" name="origin" spec="beast.base.inference.parameter.RealParameter">331.175260292257</parameter>
#            <removalProbability id="Function$Constant" spec="beast.base.core.Function$Constant" value="0.0"/>
#            <parameter id="rho" lower="0.0" name="rho" spec="beast.base.inference.parameter.RealParameter">0.932389027695172</parameter>
#            <parameter id="samplingProportion" lower="0.0" name="samplingProportion" spec="beast.base.inference.parameter.RealParameter">0.366608087625355</parameter>
#            <parameter id="netDiversification" lower="0.0" name="netDiversification" spec="beast.base.inference.parameter.RealParameter">0.820360658690333</parameter>
#            <parameter id="turnOver" lower="0.0" name="turnOver" spec="beast.base.inference.parameter.RealParameter" upper="1.0">0.389168342808262</parameter>
#            <tree id="tree" nodetype="sr.evolution.tree.SRNode" spec="sr.evolution.tree.SRTree">
#                <stratigraphicRange id="r0" spec="sr.evolution.sranges.StratigraphicRange">
#                    <firstOccurrence id="t82_first" spec="beast.base.evolution.alignment.Taxon"/>
#                    <lastOccurrence idref="t82_first"/>
#                </stratigraphicRange>
#                <stratigraphicRange id="r1" spec="sr.evolution.sranges.StratigraphicRange">
#                    <firstOccurrence id="t22_first" spec="beast.base.evolution.alignment.Taxon"/>
#                    <lastOccurrence idref="t22_first"/>
#                </stratigraphicRange>
#                <stratigraphicRange id="r2" spec="sr.evolution.sranges.StratigraphicRange">
#                    <firstOccurrence id="t74_first" spec="beast.base.evolution.alignment.Taxon"/>
#                    <lastOccurrence idref="t74_first"/>
#                </stratigraphicRange>
#                <stratigraphicRange id="r3" spec="sr.evolution.sranges.StratigraphicRange">
#                    <firstOccurrence id="t5_first" spec="beast.base.evolution.alignment.Taxon"/>
#                    <lastOccurrence idref="t5_first"/>
#                </stratigraphicRange>
#                <stratigraphicRange id="r4" spec="sr.evolution.sranges.StratigraphicRange">
#                    <firstOccurrence id="t61_first" spec="beast.base.evolution.alignment.Taxon"/>
#                    <lastOccurrence idref="t61_first"/>
#                </stratigraphicRange>
#                <stratigraphicRange id="r5" spec="sr.evolution.sranges.StratigraphicRange">
#                    <firstOccurrence id="t78_first" spec="beast.base.evolution.alignment.Taxon"/>
#                    <lastOccurrence idref="t78_first"/>
#                </stratigraphicRange>
#                <stratigraphicRange id="r6" spec="sr.evolution.sranges.StratigraphicRange">
#                    <firstOccurrence id="t12_first" spec="beast.base.evolution.alignment.Taxon"/>
#                    <lastOccurrence idref="t12_first"/>
#                </stratigraphicRange>
#                <stratigraphicRange id="r7" spec="sr.evolution.sranges.StratigraphicRange">
#                    <firstOccurrence id="t11_first" spec="beast.base.evolution.alignment.Taxon"/>
#                    <lastOccurrence idref="t11_first"/>
#                </stratigraphicRange>
#                <stratigraphicRange id="r8" spec="sr.evolution.sranges.StratigraphicRange">
#                    <firstOccurrence id="t56_first" spec="beast.base.evolution.alignment.Taxon"/>
#                    <lastOccurrence idref="t56_first"/>
#                </stratigraphicRange>
#                <stratigraphicRange id="r9" spec="sr.evolution.sranges.StratigraphicRange">
#                    <firstOccurrence id="t55_first" spec="beast.base.evolution.alignment.Taxon"/>
#                    <lastOccurrence idref="t55_first"/>
#                </stratigraphicRange>
#                <stratigraphicRange id="r10" spec="sr.evolution.sranges.StratigraphicRange">
#                    <firstOccurrence id="t36_first" spec="beast.base.evolution.alignment.Taxon"/>
#                    <lastOccurrence idref="t36_first"/>
#                </stratigraphicRange>
#                <stratigraphicRange id="r11" spec="sr.evolution.sranges.StratigraphicRange">
#                    <firstOccurrence id="t70_first" spec="beast.base.evolution.alignment.Taxon"/>
#                    <lastOccurrence idref="t70_first"/>
#                </stratigraphicRange>
#                <stratigraphicRange id="r12" spec="sr.evolution.sranges.StratigraphicRange">
#                    <firstOccurrence id="t16_first" spec="beast.base.evolution.alignment.Taxon"/>
#                    <lastOccurrence idref="t16_first"/>
#                </stratigraphicRange>
#                <stratigraphicRange id="r13" spec="sr.evolution.sranges.StratigraphicRange">
#                    <firstOccurrence id="t35_first" spec="beast.base.evolution.alignment.Taxon"/>
#                    <lastOccurrence idref="t35_first"/>
#                </stratigraphicRange>
#                <stratigraphicRange id="r14" spec="sr.evolution.sranges.StratigraphicRange">
#                    <firstOccurrence id="t57_first" spec="beast.base.evolution.alignment.Taxon"/>
#                    <lastOccurrence idref="t57_first"/>
#                </stratigraphicRange>
#                <stratigraphicRange id="r15" spec="sr.evolution.sranges.StratigraphicRange">
#                    <firstOccurrence id="t72_first" spec="beast.base.evolution.alignment.Taxon"/>
#                    <lastOccurrence idref="t72_first"/>
#                </stratigraphicRange>
#                <stratigraphicRange id="r16" spec="sr.evolution.sranges.StratigraphicRange">
#                    <firstOccurrence id="t18_first" spec="beast.base.evolution.alignment.Taxon"/>
#                    <lastOccurrence idref="t18_first"/>
#                </stratigraphicRange>
#                <stratigraphicRange id="r17" spec="sr.evolution.sranges.StratigraphicRange">
#                    <firstOccurrence id="t64_first" spec="beast.base.evolution.alignment.Taxon"/>
#                    <lastOccurrence idref="t64_first"/>
#                </stratigraphicRange>
#                <stratigraphicRange id="r18" spec="sr.evolution.sranges.StratigraphicRange">
#                    <firstOccurrence id="t4_first" spec="beast.base.evolution.alignment.Taxon"/>
#                    <lastOccurrence idref="t4_first"/>
#                </stratigraphicRange>
#                <stratigraphicRange id="r19" spec="sr.evolution.sranges.StratigraphicRange">
#                    <firstOccurrence id="t30_first" spec="beast.base.evolution.alignment.Taxon"/>
#                    <lastOccurrence idref="t30_first"/>
#                </stratigraphicRange>
#                <stratigraphicRange id="r20" spec="sr.evolution.sranges.StratigraphicRange">
#                    <firstOccurrence id="t20_first" spec="beast.base.evolution.alignment.Taxon"/>
#                    <lastOccurrence idref="t20_first"/>
#                </stratigraphicRange>
#                <stratigraphicRange id="r21" spec="sr.evolution.sranges.StratigraphicRange">
#                    <firstOccurrence id="t31_first" spec="beast.base.evolution.alignment.Taxon"/>
#                    <lastOccurrence idref="t31_first"/>
#                </stratigraphicRange>
#                <stratigraphicRange id="r22" spec="sr.evolution.sranges.StratigraphicRange">
#                    <firstOccurrence id="t71_first" spec="beast.base.evolution.alignment.Taxon"/>
#                    <lastOccurrence idref="t71_first"/>
#                </stratigraphicRange>
#                <stratigraphicRange id="r23" spec="sr.evolution.sranges.StratigraphicRange">
#                    <firstOccurrence id="t34_first" spec="beast.base.evolution.alignment.Taxon"/>
#                    <lastOccurrence idref="t34_first"/>
#                </stratigraphicRange>
#                <stratigraphicRange id="r24" spec="sr.evolution.sranges.StratigraphicRange">
#                    <firstOccurrence id="t63_first" spec="beast.base.evolution.alignment.Taxon"/>
#                    <lastOccurrence idref="t63_first"/>
#                </stratigraphicRange>
#                <stratigraphicRange id="r25" spec="sr.evolution.sranges.StratigraphicRange">
#                    <firstOccurrence id="t9_first" spec="beast.base.evolution.alignment.Taxon"/>
#                    <lastOccurrence idref="t9_first"/>
#                </stratigraphicRange>
#                <stratigraphicRange id="r26" spec="sr.evolution.sranges.StratigraphicRange">
#                    <firstOccurrence id="t50_first" spec="beast.base.evolution.alignment.Taxon"/>
#                    <lastOccurrence idref="t50_first"/>
#                </stratigraphicRange>
#                <stratigraphicRange id="r27" spec="sr.evolution.sranges.StratigraphicRange">
#                    <firstOccurrence id="t10_first" spec="beast.base.evolution.alignment.Taxon"/>
#                    <lastOccurrence idref="t10_first"/>
#                </stratigraphicRange>
#                <stratigraphicRange id="r28" spec="sr.evolution.sranges.StratigraphicRange">
#                    <firstOccurrence id="t27_first" spec="beast.base.evolution.alignment.Taxon"/>
#                    <lastOccurrence idref="t27_first"/>
#                </stratigraphicRange>
#                <stratigraphicRange id="r29" spec="sr.evolution.sranges.StratigraphicRange">
#                    <firstOccurrence id="t7_first" spec="beast.base.evolution.alignment.Taxon"/>
#                    <lastOccurrence idref="t7_first"/>
#                </stratigraphicRange>
#                <stratigraphicRange id="r30" spec="sr.evolution.sranges.StratigraphicRange">
#                    <firstOccurrence id="t62_first" spec="beast.base.evolution.alignment.Taxon"/>
#                    <lastOccurrence idref="t62_first"/>
#                </stratigraphicRange>
#                <stratigraphicRange id="r31" spec="sr.evolution.sranges.StratigraphicRange">
#                    <firstOccurrence id="t26_first" spec="beast.base.evolution.alignment.Taxon"/>
#                    <lastOccurrence idref="t26_first"/>
#                </stratigraphicRange>
#                <stratigraphicRange id="r32" spec="sr.evolution.sranges.StratigraphicRange">
#                    <firstOccurrence id="t67_first" spec="beast.base.evolution.alignment.Taxon"/>
#                    <lastOccurrence idref="t67_first"/>
#                </stratigraphicRange>
#                <stratigraphicRange id="r33" spec="sr.evolution.sranges.StratigraphicRange">
#                    <firstOccurrence id="t59_first" spec="beast.base.evolution.alignment.Taxon"/>
#                    <lastOccurrence idref="t59_first"/>
#                </stratigraphicRange>
#                <stratigraphicRange id="r34" spec="sr.evolution.sranges.StratigraphicRange">
#                    <firstOccurrence id="t24_first" spec="beast.base.evolution.alignment.Taxon"/>
#                    <lastOccurrence idref="t24_first"/>
#                </stratigraphicRange>
#                <stratigraphicRange id="r35" spec="sr.evolution.sranges.StratigraphicRange">
#                    <firstOccurrence id="t42_first" spec="beast.base.evolution.alignment.Taxon"/>
#                    <lastOccurrence idref="t42_first"/>
#                </stratigraphicRange>
#                <stratigraphicRange id="r36" spec="sr.evolution.sranges.StratigraphicRange">
#                    <firstOccurrence id="t28_first" spec="beast.base.evolution.alignment.Taxon"/>
#                    <lastOccurrence idref="t28_first"/>
#                </stratigraphicRange>
#                <stratigraphicRange id="r37" spec="sr.evolution.sranges.StratigraphicRange">
#                    <firstOccurrence id="t33_first" spec="beast.base.evolution.alignment.Taxon"/>
#                    <lastOccurrence idref="t33_first"/>
#                </stratigraphicRange>
#                <stratigraphicRange id="r38" spec="sr.evolution.sranges.StratigraphicRange">
#                    <firstOccurrence id="t45_first" spec="beast.base.evolution.alignment.Taxon"/>
#                    <lastOccurrence idref="t45_first"/>
#                </stratigraphicRange>
#                <stratigraphicRange id="r39" spec="sr.evolution.sranges.StratigraphicRange">
#                    <firstOccurrence id="t15_first" spec="beast.base.evolution.alignment.Taxon"/>
#                    <lastOccurrence idref="t15_first"/>
#                </stratigraphicRange>
#                <stratigraphicRange id="r40" spec="sr.evolution.sranges.StratigraphicRange">
#                    <firstOccurrence id="t60_first" spec="beast.base.evolution.alignment.Taxon"/>
#                    <lastOccurrence idref="t60_first"/>
#                </stratigraphicRange>
#                <stratigraphicRange id="r41" spec="sr.evolution.sranges.StratigraphicRange">
#                    <firstOccurrence id="t14_first" spec="beast.base.evolution.alignment.Taxon"/>
#                    <lastOccurrence idref="t14_first"/>
#                </stratigraphicRange>
#                <stratigraphicRange id="r42" spec="sr.evolution.sranges.StratigraphicRange">
#                    <firstOccurrence id="t49_first" spec="beast.base.evolution.alignment.Taxon"/>
#                    <lastOccurrence idref="t49_first"/>
#                </stratigraphicRange>
#                <stratigraphicRange id="r43" spec="sr.evolution.sranges.StratigraphicRange">
#                    <firstOccurrence id="t41_first" spec="beast.base.evolution.alignment.Taxon"/>
#                    <lastOccurrence idref="t41_first"/>
#                </stratigraphicRange>
#                <stratigraphicRange id="r44" spec="sr.evolution.sranges.StratigraphicRange">
#                    <firstOccurrence id="t48_first" spec="beast.base.evolution.alignment.Taxon"/>
#                    <lastOccurrence idref="t48_first"/>
#                </stratigraphicRange>
#                <stratigraphicRange id="r45" spec="sr.evolution.sranges.StratigraphicRange">
#                    <firstOccurrence id="t77_first" spec="beast.base.evolution.alignment.Taxon"/>
#                    <lastOccurrence idref="t77_first"/>
#                </stratigraphicRange>
#                <stratigraphicRange id="r46" spec="sr.evolution.sranges.StratigraphicRange">
#                    <firstOccurrence id="t54_first" spec="beast.base.evolution.alignment.Taxon"/>
#                    <lastOccurrence idref="t54_first"/>
#                </stratigraphicRange>
#                <stratigraphicRange id="r47" spec="sr.evolution.sranges.StratigraphicRange">
#                    <firstOccurrence id="t44_first" spec="beast.base.evolution.alignment.Taxon"/>
#                    <lastOccurrence idref="t44_first"/>
#                </stratigraphicRange>
#                <stratigraphicRange id="r48" spec="sr.evolution.sranges.StratigraphicRange">
#                    <firstOccurrence id="t32_first" spec="beast.base.evolution.alignment.Taxon"/>
#                    <lastOccurrence idref="t32_first"/>
#                </stratigraphicRange>
#                <stratigraphicRange id="r49" spec="sr.evolution.sranges.StratigraphicRange">
#                    <firstOccurrence id="t58_first" spec="beast.base.evolution.alignment.Taxon"/>
#                    <lastOccurrence idref="t58_first"/>
#                </stratigraphicRange>
#                <stratigraphicRange id="r50" spec="sr.evolution.sranges.StratigraphicRange">
#                    <firstOccurrence id="t19_first" spec="beast.base.evolution.alignment.Taxon"/>
#                    <lastOccurrence idref="t19_first"/>
#                </stratigraphicRange>
#                <stratigraphicRange id="r51" spec="sr.evolution.sranges.StratigraphicRange">
#                    <firstOccurrence id="t13_first" spec="beast.base.evolution.alignment.Taxon"/>
#                    <lastOccurrence idref="t13_first"/>
#                </stratigraphicRange>
#                <stratigraphicRange id="r52" spec="sr.evolution.sranges.StratigraphicRange">
#                    <firstOccurrence id="t1_first" spec="beast.base.evolution.alignment.Taxon"/>
#                    <lastOccurrence idref="t1_first"/>
#                </stratigraphicRange>
#                <stratigraphicRange id="r53" spec="sr.evolution.sranges.StratigraphicRange">
#                    <firstOccurrence id="t68_first" spec="beast.base.evolution.alignment.Taxon"/>
#                    <lastOccurrence idref="t68_first"/>
#                </stratigraphicRange>
#                <stratigraphicRange id="r54" spec="sr.evolution.sranges.StratigraphicRange">
#                    <firstOccurrence id="t69_first" spec="beast.base.evolution.alignment.Taxon"/>
#                    <lastOccurrence idref="t69_first"/>
#                </stratigraphicRange>
#                <stratigraphicRange id="r55" spec="sr.evolution.sranges.StratigraphicRange">
#                    <firstOccurrence id="t46_first" spec="beast.base.evolution.alignment.Taxon"/>
#                    <lastOccurrence idref="t46_first"/>
#                </stratigraphicRange>
#                <stratigraphicRange id="r56" spec="sr.evolution.sranges.StratigraphicRange">
#                    <firstOccurrence id="t51_first" spec="beast.base.evolution.alignment.Taxon"/>
#                    <lastOccurrence idref="t51_first"/>
#                </stratigraphicRange>
#                <stratigraphicRange id="r57" spec="sr.evolution.sranges.StratigraphicRange">
#                    <firstOccurrence id="t80_first" spec="beast.base.evolution.alignment.Taxon"/>
#                    <lastOccurrence idref="t80_first"/>
#                </stratigraphicRange>
#                <trait id="dateTrait.t:tree" spec="beast.base.evolution.tree.TraitSet" traitname="date-backward">
#                    t82_first=2.18134342701283, t22_first=0, t74_first=0, t5_first=0, t61_first=0.261985016445716, t78_first=0.407430947650943, t12_first=1.356286414317, t11_first=0, t56_first=0, t55_first=0, t36_first=0, t70_first=0, t16_first=0, t35_first=0, t57_first=0, t72_first=0, t18_first=0, t64_first=0, t4_first=0.187026541384349, t30_first=0, t20_first=0, t31_first=0, t71_first=0, t34_first=0, t63_first=0, t9_first=0, t50_first=1.1715792906117, t10_first=0, t27_first=0.704308900718992, t7_first=0, t62_first=0, t26_first=0, t67_first=0, t59_first=1.74148214384355, t24_first=0, t42_first=0, t28_first=0, t33_first=0, t45_first=0, t15_first=0, t60_first=0, t14_first=0, t49_first=0, t41_first=0, t48_first=0, t77_first=0, t54_first=0, t44_first=0.363000852559346, t32_first=0, t58_first=0, t19_first=0.529652454915403, t13_first=0, t1_first=0, t68_first=0, t69_first=0.059476284382583, t46_first=0, t51_first=0, t80_first=0
#                                    <taxa id="taxonSet" spec="beast.base.evolution.alignment.TaxonSet">
#                        <taxon idref="t82_first"/>
#                        <taxon idref="t22_first"/>
#                        <taxon idref="t74_first"/>
#                        <taxon idref="t5_first"/>
#                        <taxon idref="t61_first"/>
#                        <taxon idref="t78_first"/>
#                        <taxon idref="t12_first"/>
#                        <taxon idref="t11_first"/>
#                        <taxon idref="t56_first"/>
#                        <taxon idref="t55_first"/>
#                        <taxon idref="t36_first"/>
#                        <taxon idref="t70_first"/>
#                        <taxon idref="t16_first"/>
#                        <taxon idref="t35_first"/>
#                        <taxon idref="t57_first"/>
#                        <taxon idref="t72_first"/>
#                        <taxon idref="t18_first"/>
#                        <taxon idref="t64_first"/>
#                        <taxon idref="t4_first"/>
#                        <taxon idref="t30_first"/>
#                        <taxon idref="t20_first"/>
#                        <taxon idref="t31_first"/>
#                        <taxon idref="t71_first"/>
#                        <taxon idref="t34_first"/>
#                        <taxon idref="t63_first"/>
#                        <taxon idref="t9_first"/>
#                        <taxon idref="t50_first"/>
#                        <taxon idref="t10_first"/>
#                        <taxon idref="t27_first"/>
#                        <taxon idref="t7_first"/>
#                        <taxon idref="t62_first"/>
#                        <taxon idref="t26_first"/>
#                        <taxon idref="t67_first"/>
#                        <taxon idref="t59_first"/>
#                        <taxon idref="t24_first"/>
#                        <taxon idref="t42_first"/>
#                        <taxon idref="t28_first"/>
#                        <taxon idref="t33_first"/>
#                        <taxon idref="t45_first"/>
#                        <taxon idref="t15_first"/>
#                        <taxon idref="t60_first"/>
#                        <taxon idref="t14_first"/>
#                        <taxon idref="t49_first"/>
#                        <taxon idref="t41_first"/>
#                        <taxon idref="t48_first"/>
#                        <taxon idref="t77_first"/>
#                        <taxon idref="t54_first"/>
#                        <taxon idref="t44_first"/>
#                        <taxon idref="t32_first"/>
#                        <taxon idref="t58_first"/>
#                        <taxon idref="t19_first"/>
#                        <taxon idref="t13_first"/>
#                        <taxon idref="t1_first"/>
#                        <taxon idref="t68_first"/>
#                        <taxon idref="t69_first"/>
#                        <taxon idref="t46_first"/>
#                        <taxon idref="t51_first"/>
#                        <taxon idref="t80_first"/>
#                    </taxa>
#                </trait>
#                <taxonset idref="taxonSet"/>
#            </tree>
#        </distribution>
#        <prior id="originPrior" name="distribution" x="@origin">
#            <Uniform id="Uniform.origin" lower="1.0" name="distr" upper="1000.0"/>
#        </prior>
#        <prior id="netDiversificationPrior" name="distribution" x="@netDiversification">
#            <Uniform id="Uniform.div" lower="0.7" name="distr" upper="0.9"/>
#        </prior>
#        <prior id="turnoverPrior" name="distribution" x="@turnOver">
#            <Uniform id="Uniform.turnover" lower="0.2" name="distr" upper="0.8"/>
#        </prior>
#        <prior id="samplingProportionPrior" name="distribution" x="@samplingProportion">
#            <Uniform id="Uniform.samplingProportion" lower="0.2" name="distr" upper="0.8"/>
#        </prior>
#        <prior id="rhoPrior" name="distribution" x="@rho">
#            <Uniform id="Uniform.rho" lower="0.7" name="distr"/>
#        </prior>
#    </distribution>
#</input>
#
Sample	TreeHeight	origin	netDiversification	turnOver	samplingProportion	rho	posterior
0	3.7026070280845813	294.248135349641	0.7056900318996701	0.22504964674285224	0.5040547100268828	0.932389027695172	-360.515131224975
5000	4.971516152113319	64.8887372909345	0.7014804880796521	0.22125065677612557	0.23851155633776075	0.7071873689579782	-176.06690556429564
10000	4.966095005722719	6.392717649185862	0.7845760648088133	0.4228650868735524	0.20845723076848693	0.7685172087453692	-121.29885919604396
15000	3.8945057971991917	9.625879919760392	0.762777708842955	0.2903510588137405	0.21638323363793296	0.7418307708972074	-121.69371522221113
20000	4.911086510625488	5.025530437431565	0.763820266435318	0.3341530160180391	0.24671808472503184	0.7575518716083908	-103.6205174575473
25000	3.740159176649687	4.268876889096512	0.8006307803983371	0.6037818476477896	0.23568348449381857	0.763381330645028	-74.84540050914399
30000	2.306033315146412	2.8104204545501537	0.8117125260070897	0.5599176138231693	0.2393080253921201	0.7425242085759158	-56.65702513560378
35000	2.453070882628929	2.671864438619826	0.8167084524897984	0.6146959282650933	0.2829026685305167	0.8793267493967338	-51.263059668118935
40000	3.0147513947517712	3.071919943803172	0.8748067678061263	0.5878272470377898	0.2019074989015056	0.8651692457857549	-72.84177350581663
45000	3.126837787593229	3.266135135799304	0.8075031685368542	0.5977806839646073	0.219184467273392	0.7075189763613637	-73.57187658798873
50000	2.7689042999363016	3.753596409601377	0.8574839315096949	0.4001315717445966	0.2172398261259734	0.7805615585028526	-89.1514736195657
55000	2.4614960246821567	3.1750737485122817	0.8681414186649661	0.4353700991176281	0.207330127802954	0.8579364415985836	-81.46877844596622
60000	2.5617039216634527	2.7050429015102377	0.8425331830719871	0.43145438774755174	0.25239671313767736	0.761078262555072	-83.6548366400242
65000	2.5299107606115405	3.4501946006830075	0.7455810292298198	0.5902753709009918	0.2376425309251438	0.703122878856255	-76.90477634658319
70000	2.454613911108001	2.9258510551579833	0.8570831873278382	0.2900284517165037	0.39385943502722753	0.7334817466115243	-87.58099532395298
75000	2.901654092902893	3.371333170063771	0.8225031197498363	0.42526543167802433	0.36797540239191134	0.7478441771886752	-87.21260668044567
80000	2.6267222812424564	2.677419595873345	0.8985373510213298	0.5430421584051437	0.22225538215491852	0.7964502401753603	-67.94532082225561
85000	2.1845803534825006	2.4044850602064636	0.8198302075068039	0.5374197590685982	0.27060949277332275	0.740047077938153	-65.48581743740374
90000	3.5296967814824303	3.760729097456924	0.7055486020346498	0.5702117718685286	0.223162713978666	0.7955673560706604	-100.08614406226431
95000	3.958875134773761	4.2285763621797425	0.7694241821413842	0.5072465282031596	0.20736276348777183	0.8460756184078768	-103.56361183893767
100000	2.7093552153422484	3.208766273757392	0.7495675101944621	0.5260252519672413	0.29312097917762087	0.8146601700983861	-79.70452322840086
105000	4.842800560481568	5.662566878701407	0.8128023343750959	0.4863194101142617	0.20656093048663451	0.7365685039003309	-96.17663638402092
110000	3.115597218161458	3.202337894183542	0.8862808492920677	0.3821262520328886	0.29216653657218156	0.7376516952810146	-93.75591354591134
115000	2.865745349030933	2.892980737298094	0.8064649072448737	0.5009525835158586	0.20015615061880607	0.7685679336214644	-79.83739647114689
120000	2.7806578890004454	3.3763569547814964	0.8876663335923333	0.58078753596928	0.22517077827339385	0.8462228880913704	-88.77692896941963
125000	2.6783852000490573	2.9698003542536666	0.8330914380592651	0.5926247532914373	0.20447984703019234	0.8318102315774758	-72.76330527777847
130000	2.5474777537367017	2.915003375368528	0.870491758220957	0.5102810083253596	0.20217473641058506	0.7293118795580811	-73.24890334931504
135000	3.4623350062456355	3.815766615810503	0.7934989418965092	0.43975313474315986	0.26842006681623387	0.7349046512634426	-101.0412004477732
140000	4.650856067433853	6.863798212719382	0.8597624628766386	0.4183238101024475	0.20772419852667293	0.731854400755216	-95.79603348772736
145000	3.3333044829705174	3.652649724772024	0.8219586743589959	0.3837471519258441	0.2453630209820614	0.704490606437881	-109.13109743487115
150000	3.3565378379739834	5.802520161092258	0.8414925104586131	0.3128216650932344	0.2238365153256956	0.7276858747657645	-116.0245382189012
155000	4.538212140779889	4.997471277262727	0.7760277703473948	0.4060991694758006	0.24165292288979745	0.7342037798061442	-103.33205196443728
160000	2.9248033986560724	3.6659734260276706	0.7815949256290173	0.5471977513172981	0.22014953093255216	0.8105642642142493	-90.50692437764141
165000	3.019520562501496	3.4210341446795614	0.8009138599406358	0.5838919800217137	0.20969994340694237	0.8523726053160264	-77.72883446767963
170000	3.779903949434826	4.457986151796313	0.7512861489814381	0.40298387965567073	0.3282334378364135	0.72694110861935	-108.15692099487558
175000	3.1717359992620717	3.9663077923133003	0.8424613142028832	0.4892792137352223	0.21926223692763294	0.7265878785330127	-90.70553165607984
180000	3.661649514262441	5.181216841294477	0.8991356065918766	0.41117273045063935	0.22405873913874566	0.7227818807588101	-96.79588904055973
185000	2.65013321487553	4.995811757541363	0.8805871318850486	0.4704826119373407	0.23856129436838214	0.763736922905628	-87.26156182404043
190000	4.485001210566467	4.4869515660567805	0.8821258376025324	0.3686481372414143	0.2420299874983458	0.7725898838640101	-106.17774814557632
195000	3.655534533448692	4.757230876355831	0.7045783289962109	0.4050712201719994	0.2400131962093222	0.7796343766214441	-94.81502765534754
200000	2.896975036964154	3.0237929331008915	0.803387386879814	0.4542094369271351	0.2149462186501591	0.738696526833937	-88.65058506920761
205000	3.3933599959420233	3.8984832247519767	0.8957855169883108	0.5690660315519296	0.21516284489123577	0.810988879021937	-73.96296888120665
210000	3.4784873280209685	3.70700068339324	0.7544474183112538	0.5097356607076364	0.22297962439104513	0.7210164537614037	-96.40673936577181
215000	3.2111820822799526	3.5128185620076224	0.8846816140657592	0.4852586697849058	0.2295016113901037	0.7169696184705774	-86.43847902728476
220000	3.0353688184232777	3.089752925470174	0.708040284713949	0.46859075019715357	0.2634617571811679	0.7099196889466293	-105.48439074089646
225000	4.437679886329881	4.950077999180719	0.7876038524868161	0.25216346047230925	0.3308233672560028	0.720815655645121	-110.58183567597888
230000	3.718370751557125	4.330665854374687	0.891749052627804	0.39653029253050387	0.23016479052197875	0.7582468586909995	-107.54116578979037
235000	2.8587372644155855	3.3100602608346055	0.8345004991507733	0.39016745620661314	0.20275410770267682	0.7176789816407447	-90.72922776318424
240000	4.6430033743974075	5.472632136981688	0.7525823321247672	0.35855094284683553	0.2336797627207747	0.711389403660226	-118.86244805337697
245000	3.3333667206798223	3.834486201072747	0.8711411122218905	0.40520771468065475	0.2174750905522785	0.7165413368696487	-90.8246467674812
250000	2.674981948637146	3.1141576856096265	0.8842844070533283	0.42005695966267936	0.23630817448841426	0.7238100628122137	-87.31503925206565
255000	3.847164469534555	4.345791828051081	0.7279623918169497	0.4908760705662184	0.20306568995437693	0.7418680765777653	-94.16119768603565
260000	2.8317732529104265	2.8326711356534044	0.8178184570702963	0.587602047993292	0.27656424682530467	0.7903948917619333	-71.6030947268354
265000	2.810932926544188	3.086321798310786	0.853705564167083	0.554869259536482	0.21052109805373387	0.7361698306843918	-88.02368069036137
270000	2.7230160379026733	3.1938080533522983	0.8807692921516506	0.621708607382072	0.21164338561012927	0.767317512353749	-75.43759377272741
275000	3.2947512630448483	4.935643389192175	0.8457988264002994	0.4599368014860564	0.2256250813159806	0.7634137553986767	-101.75892500706507
280000	2.276553692733386	2.2853693915516744	0.8952730927542882	0.49154097546030806	0.22400600425694103	0.8081775618468728	-79.30371594034403
285000	2.18134342701283	2.183207593247546	0.7943503179491377	0.5787700974461143	0.2512706177794219	0.7244549158326077	-74.11450885247152
290000	2.847527610470924	2.999490460645484	0.8862380904602053	0.3490966259585694	0.28315385224453965	0.7085731607585755	-102.95279669894816
295000	3.845287531416816	3.977926975954658	0.7412385809553256	0.4603477788777366	0.2575683868769949	0.7094733555524719	-100.8121986773993
300000	4.4282672572111	6.139118714164495	0.7310791739631155	0.243322886193106	0.36228377886475255	0.7580864965725292	-125.15585911109932
305000	4.118891877641359	5.717707872633173	0.7051187989499945	0.4291700925911011	0.21245800791501504	0.7139089159768741	-122.44289441660649
310000	3.303986277667466	4.263383216985774	0.7610271448909042	0.5280246502820015	0.2030978018725928	0.7154408286470882	-93.61769553368347
315000	2.656893970885112	3.0055303722147095	0.7266769248779211	0.6290582561289139	0.22899356372929783	0.8978918020562842	-72.11976380993755
320000	2.196350716489947	2.261053688656138	0.8216513910401643	0.6747074728323743	0.20317666231097514	0.7211682185848126	-66.95439353495053
325000	2.2731963364806185	2.7951182630123004	0.8498555045297729	0.5910819310338273	0.24873933812210805	0.7358291431904308	-68.68084396547485
330000	3.9344791843031386	4.638234250469226	0.892847609499539	0.2507284548480168	0.3316813985181033	0.7782742492565043	-103.96350473363921
335000	3.3551811217058045	3.874050854526007	0.7349836800734478	0.3243957975989536	0.313704339021794	0.7282689583444576	-96.06078222232654
340000	4.740180984299183	5.053302050783307	0.8389413536295593	0.3486856421352124	0.20240728082743453	0.7329426935863009	-119.17045452274033
345000	2.9237959994166665	4.647400899259623	0.732032008282723	0.4025910329087082	0.25187487588357765	0.7426111951491905	-91.11815165008909
350000	2.705439820921271	2.9245949014315276	0.7525762622294886	0.46133653582731665	0.23256478166060063	0.7244341068840185	-98.94783548743567
355000	3.554554723355404	4.705713452226606	0.7490677838310126	0.44293371044895047	0.2901605582044979	0.8829647505793559	-99.52413653050363
360000	3.55839343637034	3.6751732842902594	0.7530719856465758	0.38884976001392163	0.21484344586575016	0.7077984140894342	-109.26476281393735
365000	4.0363219473404595	4.62386808260654	0.7871827652165526	0.4678301015989024	0.20466187025699814	0.727405611586752	-111.54761136125876
370000	2.9346809033721626	3.7356342777516502	0.8695164558712635	0.3916626885480115	0.24961980620619467	0.7129663608592689	-93.99732409250709
375000	4.4463476804318	5.687601417422158	0.789179345458887	0.41916163790661054	0.26045789955091864	0.7594787169929731	-101.12596414190472
380000	2.8082715997133874	3.4201945538765135	0.8884663789294659	0.36167618144449426	0.2726979544730341	0.7510416019042899	-99.5066912525291
385000	3.238807907707941	3.6257057077355017	0.8009588215291957	0.5243088781435906	0.2602931684538846	0.7841798359097241	-85.21796657441055
390000	2.9235703550718797	2.9781114616590214	0.7777003019933646	0.6226584420715087	0.20642510116247728	0.874244129337507	-68.33286111119884
395000	2.6402570335416926	2.9782729180833343	0.8170437820886108	0.5230535037037675	0.21199514597938127	0.906572333419338	-84.25070344743625
400000	3.255593848018312	3.380910175317103	0.8779617148859016	0.24495994768177434	0.28535771034454666	0.7946285564640083	-106.29168328251805
405000	3.9249526492078357	3.994975924064255	0.80568968882159	0.4400497258363859	0.23477218411584835	0.7053532598243863	-112.59325156487918
410000	2.7594950624166112	2.9620613791768036	0.7473718067727364	0.4244286001285653	0.2943824961496996	0.7811098756433915	-90.24079578847054
415000	2.63349836197634	2.9418651413511427	0.8053576820358498	0.6054803851013446	0.2857443691344587	0.9838720030495234	-70.89797734954368
420000	2.275116313223603	2.740335252770735	0.7229230938080765	0.6435330149794027	0.22638471375919936	0.7403870379666606	-75.14213865795568
425000	2.18134342701283	2.2661741711930103	0.7505673179651274	0.6519355165315743	0.20592048017932046	0.8701450691971957	-58.00372685183191
430000	2.4997850778053996	2.5347065588428435	0.7698635074834219	0.7364312639161137	0.20864617554021506	0.8822301634410787	-48.584191002445074
435000	2.18134342701283	2.2650674166594484	0.8752289696878415	0.7447823049685228	0.22696520321354022	0.9366492077833638	-35.68852910132746
440000	2.192273518607911	3.8192326083282127	0.8319667847161617	0.6149948351460447	0.20021234507931385	0.7758257782755053	-60.656277017489934
445000	2.9793910990561026	2.9975244422835456	0.8436133074298375	0.4488504793864251	0.20476992268079525	0.7925747968955017	-90.92620432964111
450000	2.4414490321934395	2.7092087735714174	0.852205288280062	0.49023396936667535	0.25373717525914835	0.9628269086753972	-77.43208970307768
455000	2.8772616812111513	3.0936590310748744	0.8280025329241778	0.4186815069846235	0.20233251053601883	0.7028169458573871	-93.74290999438219
460000	2.2645491955261106	2.4226316374938155	0.8621043874547735	0.5578002301828233	0.25464328509302886	0.7612910319069826	-73.75376896309783
465000	2.2834796400848543	3.3760820039441644	0.844098634796966	0.657009813973521	0.21186045290977149	0.8205138517297949	-62.63014932451057
470000	5.006744711942635	6.270894086010757	0.8088024593483688	0.4352597049981038	0.2291797215161842	0.7107980843954513	-102.9276454317299
475000	3.0897918645104983	3.2578438224051984	0.8552715397205909	0.4730057126291231	0.22971031708745288	0.708019211215441	-83.30224731537623
480000	3.1313002374164056	3.8548525092609016	0.8439173081438525	0.5358299861257118	0.21866433159710022	0.7647396535447828	-77.93532669589408
485000	2.5521085941001123	3.7325071520535946	0.8572942233494231	0.5365637750554518	0.21687162233274365	0.708077579947387	-73.56700976192977
490000	2.2849473882888027	2.71529044382554	0.813563995511311	0.592011116421953	0.28578511502980153	0.9053271975973539	-64.03085054891247
495000	4.5752777445720145	5.01699776348166	0.839438354598728	0.3984509652858219	0.24104117960167767	0.7136142992960214	-97.7691954172968
500000	2.811193830395711	5.977556611891816	0.8149471633294731	0.3040535706339613	0.3704938414386694	0.8483671660040805	-100.28013546788557
505000	2.990037425017399	3.039893063019869	0.8747012780271746	0.48738761946437903	0.21579544736884207	0.7731436351624382	-86.29461610880978
510000	3.1911483321120238	4.166053924634553	0.8014276149547086	0.5198387067299522	0.22312102149260152	0.7644388879804461	-87.56033415773518
515000	3.000453725486832	3.4662231732785163	0.7483040199414731	0.522004598691426	0.21748075298269845	0.775546340174151	-82.48098603271006
520000	3.405689917379761	3.762981906325778	0.8036641375382226	0.5226555031305042	0.22080592461223858	0.7785839257386739	-85.21797404693493
525000	3.1091509290550308	3.1962241289038924	0.8890277252223164	0.45457888728645307	0.2624199935391108	0.8151210639944066	-74.25422731469348
530000	2.4433266817304586	3.255713200060358	0.7463724178262016	0.677845303061955	0.2180482306813386	0.7131929929103398	-68.79721048661727
535000	3.1955333748510717	4.311614544015247	0.7315185130753084	0.41486255026830904	0.22625348170999218	0.8321105933759589	-91.21800017201679
540000	3.005239599567921	3.163648103345363	0.7176765139879291	0.5418379169436275	0.21694448927914012	0.7182185904190636	-84.69753904670537
545000	2.3564130342618688	5.389861149581042	0.8681198253490727	0.5282874029636673	0.22067326233133921	0.7391195905472635	-80.52013944622297
550000	2.5941059007515275	2.684962811716168	0.8759819103896868	0.6206316237942993	0.20187132157969592	0.7590302021624556	-57.31591370295701
555000	3.794272218358883	3.9278046453500863	0.8546088582544509	0.5041693966397127	0.20265773122969752	0.7037219454343179	-91.08432387153033
560000	2.9188720126544396	3.054283577809593	0.8170863203529677	0.4746441909124208	0.2300244077104987	0.782749373531974	-87.89507692474865
565000	2.6759605806187072	2.9224836286235254	0.8414196122536087	0.4170171116559458	0.28604220878702985	0.7938492520455316	-92.3156045284328
570000	2.6592371618235524	3.325731890675443	0.8704684314019766	0.513794454173785	0.3364111191356897	0.700684162529039	-80.00993094817238
575000	3.349428447732466	5.206875781712886	0.8003946447505131	0.45222803312140264	0.2107312605749215	0.7081250568049402	-101.75408891036037
580000	4.511416304950957	4.6619729750734304	0.7399215244852253	0.3859419023753685	0.2443141580100292	0.7227157504696334	-114.21987718652667
585000	2.9815121015084896	4.18117798412213	0.7746028931103537	0.3470334659893127	0.27883219093239486	0.8633310893868401	-98.82675021922196
590000	3.4519684088814127	3.9789162997388448	0.890965694683451	0.35040042851244413	0.22556771719826704	0.7813065782757443	-99.09390257814067
595000	3.3568170705934843	3.7335866237805986	0.7855035145041417	0.511374506124258	0.2047732908621077	0.7520123667127279	-82.4126082692681
600000	2.6721321640579228	2.9033144920117935	0.8235108450374019	0.6198250415400696	0.20163210467538964	0.7582401049794901	-78.90713926457792
605000	4.572589097767692	4.587355836061703	0.8368270898020772	0.37622881908718653	0.21642655273876035	0.7872737111937669	-101.45264159327178
610000	2.9150893138640193	3.391903405507026	0.8874872772221353	0.5731775164228641	0.2012523631141329	0.8092685992389694	-78.46947977605868
615000	2.5176068227729766	3.7434929601456783	0.8212056147887382	0.5873378626766483	0.22310445829774822	0.7365362289405166	-78.01862948598745
620000	2.6325568480733845	2.911124159133805	0.8909797181370717	0.5342055743719499	0.21509079035260692	0.7837180024665811	-78.53681047605019
625000	2.7441883377883487	3.24949937779982	0.8885487089637311	0.5010446679552505	0.22533744728721583	0.7505387307031361	-71.91037023155633
630000	3.8270035179383233	4.593852059999687	0.8975476002144334	0.44696409853638713	0.24054359847094803	0.7095706120706793	-110.40318246977623
635000	4.1256371563995	8.258618652329355	0.8842139812144318	0.4211873354033556	0.2512157521373395	0.7374482351776446	-101.01062483108927
640000	3.300834468468918	3.490835408105295	0.7813390332189911	0.4389990597113523	0.24445350974322239	0.701887956735674	-95.16281399653442
645000	2.6946208271179293	3.1612782358784517	0.7404118560542495	0.5821574143353683	0.21661365642265362	0.7196726451497689	-79.74920668912739
650000	3.039294059434295	3.5091876440303653	0.8787481915442974	0.5202946942656942	0.2158146635152466	0.83303717575564	-78.91541013849204
655000	3.0576954317018705	3.6166368167442995	0.7224899273674238	0.5089784589752948	0.22805500681924468	0.7741784609066229	-99.13929506768238
660000	2.1940949092057056	3.154872844208493	0.8131686697525121	0.6021711347475047	0.20628736774801884	0.8952388815456799	-66.0583693551259
665000	2.8946621339694674	2.9011004780934626	0.7133083952637583	0.7319982497681212	0.20941152393088291	0.7368011322885373	-56.43027571120538
670000	2.7235446803888608	3.4944170643876102	0.71173480697056	0.553419781582553	0.20171392579895964	0.7951719181139014	-88.53540733544904
675000	2.4629792664514296	2.5629192319316627	0.8444348575062969	0.645802601709034	0.20050929069165555	0.7084863992925118	-78.64514624825077
680000	2.3008132914425525	2.428669318112006	0.8471873467578678	0.46434725875508714	0.2877232482821688	0.7648289601827684	-92.91714928937279
685000	4.8588969339200165	5.0371170669998655	0.7287332360703396	0.41742594203152933	0.20873023234539181	0.7156015142549874	-107.71291400771466
690000	4.015921217039088	4.377458272120897	0.8597223233151831	0.44514164540142326	0.24000315286094323	0.711271478067273	-100.37616967323484
695000	3.701146729971383	5.055251507372126	0.8956838654075456	0.5698808613539251	0.209085124574899	0.7349456533205649	-81.7782339641121
700000	2.6158520034101245	3.855801267512018	0.7144035858321183	0.49626108502287347	0.2289096265535846	0.8040463803373615	-90.62974827947525
705000	2.7605023072749564	2.9494019192330896	0.7214849161814776	0.7057464041226792	0.20010548565197564	0.9584019562182877	-59.79275906659043
710000	4.462734268503319	4.557690318944677	0.8371978538435486	0.21773895099194152	0.3643079602708218	0.7369417732604868	-114.776728752011
715000	3.2462311315868644	3.6774505337753136	0.7580106338420803	0.4960714813322772	0.2056235849454778	0.8233380350281254	-88.42403390017446
720000	2.9500701247745766	4.257687309957792	0.8222056794539963	0.49152144956600424	0.2423287335621539	0.7217076890229462	-92.21429164403725
725000	2.8119850743734327	3.7823053590801115	0.8919297613412847	0.4188146194915441	0.27379865131078224	0.8022931805734077	-89.71677189736641
730000	2.987491009531928	4.800096716348317	0.8892832617068647	0.5096667511231759	0.20708601027159254	0.7276149173821733	-94.71366440752715
735000	2.8587611535839668	2.9135875428772144	0.8514245938394748	0.6149100602803627	0.21490490519630867	0.913288256531544	-63.60326233071603
740000	2.9284196934883777	3.357897927287556	0.828909055034618	0.48556844201627314	0.2324904428098211	0.7370562626712991	-87.8072138454358
745000	2.8056998790683565	2.859935885000314	0.7680313790872654	0.4844163525795461	0.22926989365381645	0.7633087851397508	-93.106283574115
750000	2.7508126004450704	3.2793148687949767	0.895106064451191	0.3942482179453411	0.2538361803138141	0.7448357351345835	-76.55944662727828
755000	2.361104318961336	5.432046267922682	0.7344946005026171	0.5574015921939971	0.20406162812776224	0.7900454692022026	-77.87293544092725
760000	3.3329637371114478	3.380799887751648	0.8503398252679993	0.46009225755081523	0.24560122266982728	0.7620985097638655	-115.470230092979
765000	3.7508229365496444	5.228197820476048	0.7817382781667681	0.5335430595619383	0.2003151675448861	0.8731040203201776	-109.40525082314068
770000	3.9254075888151716	4.127054366649648	0.7932435386152012	0.2942458096004724	0.2713939750032997	0.743253390420271	-112.99261940477865
775000	2.8239945951665444	3.3536961997493666	0.8186642999611496	0.49937636692683735	0.2099248885579493	0.7387379444032901	-100.41231653295975
780000	2.695897841402599	2.714294381035693	0.8234911982532037	0.5884518590712252	0.21714987288256404	0.8115278298883261	-77.58641753682087
785000	3.6828102745927516	4.289894825894093	0.872034281124703	0.383792570193052	0.20365919541048136	0.7692965230696318	-96.38776107397985
790000	4.130505352989702	5.3012320690431	0.8294859436518797	0.39196636320579764	0.23361708795515385	0.7060781169274969	-93.36105553972803
795000	3.004560924026815	3.562073026895426	0.8352772054789901	0.4386918010713881	0.3265643667749234	0.7518777599656937	-88.7118779750354
800000	2.4300694676540453	2.6907154651127883	0.731684575763796	0.5065680823682588	0.3088041198982334	0.8757233685727163	-75.07871830810211
805000	3.1380889512322647	3.221951114322411	0.8627114930333093	0.5577541968584327	0.20461196158402517	0.7728218266349548	-75.7632607032067
810000	2.18134342701283	2.810395935226079	0.8479465073008148	0.5699162595305718	0.20023264255201645	0.775660422367256	-76.47153487164121
815000	2.292969264616928	2.6373915816974844	0.8731133440112431	0.5241797064046034	0.24588662901792982	0.7371372752777636	-76.00660914109042
820000	3.096205851646555	3.2290857372380115	0.8192017495078117	0.6259978411111323	0.21862345750212828	0.9535397885981413	-66.49537967295402
825000	2.7033339374252927	2.9427279567309697	0.8497852974686613	0.6228728248412129	0.20494259543871599	0.8176488566896774	-57.60054244720566
830000	2.3846135223349965	2.9612755957990204	0.874928857591377	0.6385776038141757	0.20828726867784073	0.7787705774597773	-55.076020270334986
835000	3.149696952370368	4.834729270493683	0.718607930465752	0.497870702069953	0.21421135281925893	0.700307725042492	-98.07651624607854
840000	3.977596104449667	4.2020117320607016	0.7399832250082465	0.3097815249659157	0.20706325417809043	0.8056643509967275	-106.75479901741502
845000	3.8498401236464193	4.714856869688328	0.8295958607620779	0.44263034130704876	0.20322532851498112	0.706236823456121	-88.23566150685878
850000	2.6193132727025032	2.7770330037884	0.8967934384106745	0.4712021536941892	0.27110850982148527	0.7321975461580221	-81.11616565062099
855000	2.8329969587400745	3.4044488178814807	0.7206458506133628	0.6382077674307064	0.21286127694426163	0.9537268092743267	-71.95133131220086
860000	2.424524752714821	2.6196698481310703	0.8507623594978	0.5343199498071457	0.27722365685163963	0.7558054194433864	-68.85304244865861
865000	3.424814147874986	3.5900845793357057	0.7550323606801488	0.42216972632409605	0.25504012103615914	0.8596017545530158	-96.9242805847496
870000	3.0689754533095157	4.2340579996797185	0.7111252671376234	0.5034789946613859	0.2382968096824378	0.7347562498967527	-95.32639476838628
875000	3.2406943291161174	3.99114849311049	0.8961726214968587	0.373994121193065	0.2531394152675263	0.7119638687469301	-94.69430710407642
880000	3.302894716096377	4.042768034805545	0.8042360670049316	0.3936880902863795	0.2409505936830587	0.7967883014725636	-108.18059262037283
885000	3.669522812660234	4.038843727116099	0.8201927425052749	0.39063055840889327	0.21513114181676138	0.7032150820252727	-108.422172667155
890000	2.2946456031713094	6.118083995025106	0.7654509951799032	0.5862464384379572	0.2076453244631372	0.7502755268601229	-92.53679712081592
895000	3.0306081409174666	3.2037212122265744	0.741581889032809	0.4202467199863357	0.27971399986823225	0.7106293585414922	-90.3828074862225
900000	3.575883984481614	3.8894495436520424	0.8524698361813815	0.4420867965506287	0.23818777222675486	0.703359697779273	-89.27886810544999
905000	2.18134342701283	3.390578018266086	0.7582046653717487	0.592609567012	0.2198019512216982	0.7318523225569655	-74.82546759329082
910000	3.1315803742731365	3.1821488798763835	0.8735196732461004	0.5439620127500476	0.20810701718670496	0.726278621267167	-90.62602449916793
915000	3.607164128235722	3.686671414317784	0.7476962455472359	0.39189486899110804	0.26250956890653065	0.7119545727625323	-94.90358868850683
920000	4.158279551494948	4.184940719950739	0.8449434662447612	0.4822116943244673	0.2975257403988247	0.7524648341002574	-78.38434446217903
925000	3.546083603729623	3.6233454894403327	0.7712372299587471	0.561082857602025	0.24389221200606218	0.7523276496488014	-96.44721331526884
930000	2.310605073202695	2.784572673237706	0.8535377138139575	0.29198080201195126	0.35281645279291896	0.7457486403813535	-91.36389458969782
935000	3.1175246332285735	5.539741392696577	0.7955827726477016	0.5260060528564725	0.2376646477849152	0.7730092925754602	-90.55062039839945
940000	4.632519532024054	6.01453693848539	0.8953707635230881	0.48224464400773376	0.21659372097588792	0.8960896510249786	-91.0083183223432
945000	2.604903285901811	3.297395981179795	0.8184692233837433	0.5313433034026315	0.25990253307266964	0.9213646521350216	-81.82879816756622
950000	4.351676071471506	6.120940692708175	0.843138664244568	0.4300435551191768	0.2059300751097162	0.759367851969942	-105.17356653699545
955000	3.2415422665800624	5.70640094567593	0.7882482240153654	0.27838524863091485	0.4395430919938902	0.7332093071363985	-109.50185163403438
960000	3.2958793861671394	3.456694957963774	0.8843266759669098	0.42696777597620067	0.2278729092882937	0.7891734511552547	-96.44140998250992
965000	5.319377039838588	6.5866873190604665	0.7566636381317451	0.22991643332882195	0.3105920853831423	0.7516882770111964	-121.54575166683082
970000	3.436337501041933	3.9402672961461676	0.7205427424783871	0.554353598125529	0.20655062999907264	0.7501342325743334	-93.671064725093
975000	4.247284790594059	4.667640877995637	0.7348365909614375	0.31789127470751577	0.25427934060002527	0.7286240891052194	-121.7244113043256
980000	4.2712253267761	4.427071987796716	0.8590885585957733	0.29476556692289446	0.3419089347758791	0.8492194285547304	-98.51046770481304
985000	3.482899654282329	4.844119576831839	0.8612730134016534	0.3699968649074722	0.3160429770702718	0.7776478837840642	-102.78874400504287
990000	4.111979961685643	5.0316046921206325	0.7492186643441837	0.33631377653746053	0.23876833956937554	0.7027491549066626	-117.15672936660772
995000	4.016217450590348	4.187514375487863	0.861652991280209	0.3404398857315109	0.2536991023602827	0.8045995324213144	-102.50993450733512
1000000	3.622799091904154	4.21353528204201	0.8138338739839631	0.548273502479605	0.20230953580480854	0.7800505858318525	-103.62703390089914
1005000	3.654011378923765	3.719835625815375	0.8651516588668496	0.38698516157298174	0.27693014175060854	0.9075469548698295	-101.47229066067791
1010000	2.6526274277581514	3.0888091166689327	0.8644009816363305	0.3813663662207855	0.24680983135231901	0.7366256725430016	-92.60085535476358
1015000	3.190526487781394	3.7931031820089447	0.8432956371044384	0.6092441435443043	0.22290640905220455	0.8222243747750242	-81.23700525560596
1020000	2.6230698323949366	2.688724469274794	0.8102643387549894	0.5590691198141008	0.22691494368172302	0.9403887984015563	-82.10766585942369
1025000	2.918032096088488	3.7590574703421904	0.7802381705789704	0.2981993378972119	0.25813274061465236	0.7828029922591895	-104.44583769345957
1030000	3.130364750160518	3.926650044629486	0.8911860657882634	0.24416582206747164	0.34602413952353644	0.7155700347605002	-98.83686691112445
1035000	6.069099472574436	8.102701213350455	0.7204137921882027	0.4080242231369572	0.21884586154731672	0.8201187435183628	-110.5077516004543
1040000	2.9003673802818617	3.855935879921515	0.8700639177224325	0.42253297876245755	0.22121316064598495	0.8067356992513877	-103.13938354736717
1045000	2.5981686282624104	3.6841317114116405	0.7715545137162924	0.6156846734818251	0.20238393824625328	0.8896173854960917	-70.425675289836
1050000	2.9596513263437076	3.405560022268605	0.8895657464637332	0.5097120980923255	0.2014736964167472	0.7777123519109703	-80.04432166042216
1055000	3.93365377320508	4.817893928434525	0.7144555223103816	0.48182063670862396	0.2304724791255065	0.7537591483534586	-99.73745169064006
1060000	3.090058289559223	3.396682134758259	0.8969478894938316	0.4651349573987189	0.232571555401513	0.7624308865322257	-90.12667500256046
1065000	3.254082182528645	3.364681635213691	0.8669360426647179	0.3952965951974251	0.20499211150415653	0.7399448138513339	-97.87582011331608
1070000	3.221881788816171	4.822838026316443	0.7932400183723041	0.5545650899297438	0.21987819926110874	0.731380596115475	-94.65802831191496
1075000	2.839892333572238	3.3159842991682735	0.8736932534788154	0.4156831185615287	0.25282456179142415	0.7443019288451612	-86.8473763709163
1080000	2.38084491546191	2.393971585658523	0.7035329452860347	0.7382469231359557	0.20520079632358343	0.73758427466817	-57.467757798655306
1085000	2.986938292418759	3.2211886460616053	0.8634173627383471	0.5339109365751975	0.21550495359271601	0.7879921058196916	-89.47607487915334
1090000	4.826631613726863	6.0098828543529255	0.8592102507891519	0.2736525159590086	0.331944768052348	0.7116446541286143	-108.6180233277586
1095000	2.994938910954702	3.0415642845367357	0.7278761760515299	0.5167401336642317	0.20918767342924297	0.7780729143843735	-80.88668854622782
1100000	2.778300579401364	2.845685835800905	0.7897799016122056	0.42292641380342033	0.20969730017666235	0.7077693628139349	-93.82015430642323
1105000	3.868897222973613	4.241082752893327	0.7897345232385921	0.4774130797900441	0.20701231909031514	0.7099304838636749	-101.63736814270098
1110000	3.717175256777083	4.124041334182053	0.7619642143651523	0.5283520383813016	0.20151941848329433	0.8021691931944561	-97.51716222405935
1115000	3.4981924717907242	4.115682404051937	0.7030395753880875	0.3993889489812694	0.26174251220877703	0.7264793438840269	-103.95853006404187
1120000	3.7655952830998496	3.8513695580556675	0.8459088683044625	0.351380323116678	0.2192641371088483	0.8374923253555246	-93.9796513538173
1125000	2.560091061279934	2.6667490824276023	0.8838725309222828	0.5732965251613472	0.2082286959065723	0.730616317219366	-59.56860043998354
1130000	3.2837179700677743	3.525363033749641	0.85893690552347	0.3885040896225062	0.3092194390230192	0.865448555427133	-91.62668682951076
1135000	3.908987000896179	6.7311515476359345	0.8734715239708307	0.46131009808991913	0.20796409111709063	0.7522441781571975	-95.30247555807082
1140000	3.1319142164798377	5.010336779363995	0.7569983957586293	0.5434906839089431	0.21144624498227124	0.8719696436269642	-93.1405475100077
1145000	3.7838258307048718	4.728464625070651	0.7341238562151651	0.452914818178485	0.2233249148031609	0.704947145459017	-97.43902639201778
1150000	2.487022941071308	2.5351101704183336	0.8334576579888178	0.5513583529409901	0.29734464518936815	0.7078922310161373	-76.5596617595196
1155000	4.144776436203757	6.8278753293918	0.7557837994835906	0.37348301624614205	0.2124556825270886	0.7307788425011338	-114.44966376631561
1160000	2.5759845009856543	2.9289111375858714	0.7423802113146025	0.4802521012327637	0.22816423271621164	0.7880169391061683	-87.85061660416963
1165000	2.8678697717703603	3.715937545203179	0.8502449532782991	0.4249958074180198	0.2691717994497564	0.9074509195266093	-92.03519984534711
1170000	3.418905056993281	5.203617183666864	0.8920981226776765	0.4223123683811104	0.2513793458380794	0.7131440411970871	-96.13000464871755
1175000	3.539984064178791	4.086430827232266	0.7640584400382261	0.4334201163193878	0.3707814512277809	0.95921372878169	-87.7010976318588
1180000	4.063785791884102	4.198598532144896	0.7633772692039723	0.38108117945325065	0.21057598929549437	0.745495850015678	-104.4389787660954
1185000	3.589618173364176	3.7172186861626186	0.8834298733347449	0.4516780236023394	0.20552027398861078	0.7248640591059227	-82.45561190383216
1190000	3.1146643273454164	4.382818724208892	0.876082035090615	0.4021792262137445	0.22166060187907732	0.7266816635290718	-102.5459415919201
1195000	4.162761355932555	4.22102305546067	0.7873372506886097	0.3422035182586491	0.20717704116119665	0.7017281064521889	-106.5190023113347
1200000	3.302395767824672	3.322213957071185	0.8932125632847017	0.5076873328963951	0.20219689943265828	0.7666811002908348	-79.22792445543405
1205000	3.549542808706729	4.473029627320543	0.8623886403193451	0.4270910840597925	0.26305966104597356	0.7729824778676078	-99.64815263173213
1210000	2.310343366839692	2.8436119394085053	0.7389744708879648	0.544054269575742	0.2107916577623736	0.7054413661025686	-76.08493281006918
1215000	2.600326491983022	3.0803594933410174	0.8664825688517879	0.4525239329978164	0.2869098644963675	0.7925501045341373	-86.4129627460793
1220000	2.392313641114976	2.4560464824587847	0.8953439219107344	0.6258989841370771	0.201347554126492	0.8491286670575515	-71.1589529074848
1225000	2.4454824912476814	2.5765317881799024	0.8883928893628146	0.632849614112762	0.21043570220561095	0.9176330170879766	-57.74743322823418
1230000	3.593554181414969	4.7292789455715605	0.736251439557551	0.5274569178983864	0.21075313846423208	0.7898283641033184	-90.8593386533179
1235000	2.698217574868194	2.709050570114825	0.7132018755481039	0.547944541681491	0.2925028500392419	0.7276725152554435	-84.08071631752262
1240000	3.5283713246573205	7.938884934050364	0.7282518509125355	0.47749128784129163	0.25656543216594246	0.747887677486843	-90.8746486276606
1245000	2.910192911875621	6.318575476958354	0.8027908631762081	0.3527206281758625	0.201388128542921	0.7625207635381971	-97.66263224553862
1250000	3.914236960436286	3.922278386312145	0.8752893565179508	0.41477284126130026	0.21606476907936742	0.7271296991227455	-87.60749238407294
1255000	3.1131255204573027	3.54726759874231	0.8993420389604608	0.3826144586449361	0.23253175075053714	0.7066677331604854	-100.36334639256998
1260000	3.008801934994164	3.3812018483137276	0.8877092187329051	0.45677663413948216	0.2549681856014594	0.8812151914899998	-83.43142393961983
1265000	2.912984482042181	3.5384767345751906	0.7795793516938423	0.41947315815318786	0.26811933204515503	0.7066604991146241	-97.88935008158589
1270000	2.9822149318634406	4.365429868663906	0.8958964771097437	0.4127296575632827	0.2628321567907312	0.83070328226269	-96.07082581700445
1275000	3.025084739402146	4.24746645978607	0.7960306543200492	0.47149327702298877	0.20624950477564177	0.7128907578265545	-103.1988690550246
1280000	3.5792987344635114	3.713608847429744	0.8110733361268108	0.4669014709610913	0.22734253970113874	0.7696913681907059	-107.89867848282256
1285000	3.687792594783771	3.742130910633178	0.7946400825987913	0.32980793619235754	0.29293851074743227	0.7618010965196162	-108.17773965354294
1290000	2.7741030584647492	3.5533660842127937	0.8393505411733062	0.39135996828262504	0.2835376086603793	0.7835063856675448	-93.12385092058241
1295000	3.488166878839272	4.568593285903816	0.8196200983053896	0.4382767540350001	0.21916948365831254	0.7231859228523096	-96.14487322326028
1300000	3.1240321235908786	3.98941520119213	0.8848179968531756	0.5911361036872632	0.2854585195038992	0.9366238238532006	-78.88241276351809
1305000	4.955170085593231	6.281813605595197	0.7595086441119288	0.34518641499833463	0.22980686535343686	0.8311296546070432	-111.94522973694038
1310000	2.944995373302233	3.1579756098189744	0.881187819295709	0.29183946400828564	0.30765246627148285	0.7169462619363766	-97.66266215034213
1315000	3.248031335576341	4.154946683665622	0.8951063478511089	0.4118592752987478	0.20654941538814525	0.8389697612804372	-79.83357638872698
1320000	3.877782495728564	4.515303620338834	0.8047516224152864	0.32125644511887014	0.21833373688260796	0.7434384847802229	-109.93913204806415
1325000	4.948079402861758	6.178886834831771	0.750158111102396	0.32981328448935615	0.22938071939740262	0.7162923919943072	-124.37891281915128
1330000	2.8430607719465644	3.052615084956026	0.8981942672405542	0.2758655173984693	0.2622962312991384	0.7672836568374275	-96.6762318003785
1335000	2.7055006695315695	2.905760174387498	0.7815100418037472	0.4642839293072275	0.2585411274548651	0.8321772962436785	-93.60246733102389
1340000	2.844226304742646	3.0767346417059613	0.8854709368776182	0.5308580636530805	0.22365549047739416	0.8219203122437974	-82.50591699347922
1345000	3.74971799972482	3.8682062712929466	0.8342129130965554	0.38642444736147	0.2512778383634779	0.7299600196513988	-97.53719198929298
1350000	3.580926442111763	3.588224888135619	0.8393194897958264	0.4628333499664186	0.20986492624550077	0.8259379576914472	-105.78084733872635
1355000	4.2431564545031435	4.984677543827089	0.8692210242956196	0.3885941853468061	0.22919891030080672	0.7447029143970528	-111.56765388628068
1360000	4.600345752836707	5.735344362678199	0.7529741303416047	0.3857060062646072	0.27236534277050034	0.7782873257733967	-115.84200425598095
1365000	2.9294189080155477	3.885206691254235	0.7630942467848191	0.47251801587131037	0.2052253161676535	0.7600588464753532	-88.01778163852083
1370000	2.18134342701283	2.6762965906207468	0.8448313700886205	0.6430773880564477	0.245952746484697	0.9523660001155163	-56.799662311620736
1375000	2.6168816757116393	2.7306641381888235	0.8144868413593025	0.5066298784232489	0.21296227568749793	0.742554508105741	-78.69834749744189
1380000	4.035470750870103	4.86273936521703	0.8368188511185608	0.3718493362062349	0.26728063891399173	0.8339665082791586	-100.79856035384734
1385000	4.397029152081595	4.486705314150235	0.7542116863399392	0.23985676995610825	0.2730480195624818	0.7204097661944888	-117.56720173283745
1390000	3.3200520657236243	4.316117956542754	0.8542027952617027	0.4550995526259355	0.21020549978711192	0.8302936905294722	-84.4311433054211
1395000	2.7811242311664346	2.8659365898371743	0.8910327545407412	0.4017084543226219	0.24367254810576916	0.7237592055339102	-91.59484831911689
1400000	2.572937851731252	6.143908435409529	0.7922853603760499	0.5423277627214849	0.2044918624278155	0.7325058025311613	-86.94739597128432
1405000	3.040783511195089	3.7028660521909176	0.8844085552086027	0.36465282618800143	0.22710451592168135	0.7647813353662052	-106.21756681510081
1410000	3.011787544108375	3.1679010453893053	0.843667115241463	0.3964725800321673	0.20278081201712708	0.7191094513043572	-94.81409404357595
1415000	3.1082833678686606	3.267411853407919	0.785977970552606	0.5663951096537956	0.23322238766454867	0.8080842109448534	-89.8181239131113
1420000	2.394456865252984	3.927608900953587	0.8549393951630989	0.4038007756519647	0.2976550867625796	0.729145798065395	-84.30112052227278
1425000	2.330165528779173	2.655347061999756	0.8861492194984406	0.39459148170349095	0.282554561302532	0.7441610132848059	-88.71333576389563
1430000	3.3514982825100508	4.18889750250113	0.8611875689375239	0.33172757557758775	0.3496818013657328	0.721826458374364	-86.38365933793236
1435000	3.680565282690274	3.9859482929686942	0.7541833423134376	0.2061265250461804	0.5503882446808411	0.7073643196878865	-110.85314947702207
1440000	2.279127120829116	2.374079115657699	0.8742669810695157	0.3637555878520329	0.2295225144939905	0.7463299644337585	-80.81125865948755
1445000	2.247381700513488	2.527085736058518	0.8930097849293174	0.601385888685178	0.20186376070442733	0.7704178287448631	-57.4093748332261
1450000	2.18134342701283	2.4530482222038943	0.8650746184935163	0.5003321878428709	0.23666339029695824	0.8641016387712869	-78.01626490522759
1455000	2.9543873934636338	3.1733136014433785	0.8838801139809357	0.4980008254019294	0.21183260827535716	0.7332275928966222	-76.2760580244929
1460000	3.511017814202526	5.072826013636961	0.840020993171215	0.4111173926189516	0.2453902696837279	0.762844061469459	-94.72748792127001
1465000	2.18134342701283	3.0533300028022463	0.8617058539837906	0.5738755692629638	0.21162072489446426	0.7903815448089438	-68.49712403604568
1470000	4.029039842989729	5.1615706390242595	0.7052705188609985	0.5421668345946982	0.23800537539486247	0.737571773356595	-111.47493723791897
1475000	4.734036062899775	6.31815996949784	0.7456524334155594	0.37277481998103235	0.2988198270086098	0.7018501205231743	-118.17203021683562
1480000	4.733894034213188	6.90343855035845	0.7393217550186917	0.3621557330790551	0.23218200425678517	0.7280172503446551	-118.58576432259323
1485000	2.4988296223503914	3.140447488657151	0.8755424952849952	0.4909937471620612	0.20259168614449638	0.7700922099293691	-78.5628517647113
1490000	2.8374960189558376	3.0465893984558137	0.8527506128158987	0.5553106702777768	0.20970999443477045	0.712820859927579	-78.94124773302119
1495000	2.68313559453014	3.417800650110688	0.8993752458183278	0.493152099088608	0.24871068814464364	0.7155213812483112	-86.87764218589348
1500000	2.2565428068366806	2.3252218060026375	0.7397883928386533	0.527930027683331	0.2545770084211123	0.9084707504001633	-74.45123066473326
1505000	2.4738385544365595	3.3878140267909824	0.8686924619455824	0.39881614135009563	0.23050085674647983	0.7194153022916517	-95.86288610543627
1510000	3.374424980328091	3.551585053709043	0.726939305684444	0.5799011827892	0.23198249357458298	0.8115167702678127	-86.52084813044016
1515000	3.1744338503967104	3.8317778696618743	0.7081052026002767	0.570206087984765	0.2092811438383353	0.7581442141988812	-82.22323337951596
1520000	2.7314675232848367	2.7999900218817033	0.8602407748835809	0.4050533978178805	0.21732594458422735	0.7068473439955838	-89.09998827466359
1525000	3.0573921750644844	3.754156676327652	0.82569556213708	0.3967091841145623	0.31229385069848176	0.733592874849266	-95.08091684598341
1530000	3.5289594287487027	4.782040385481284	0.8130373289115722	0.5041610197316746	0.20749196920147042	0.731436514053911	-103.15968137519567
1535000	3.466870856602857	4.53459234279362	0.8975115458115904	0.4452467069448621	0.20252745711698178	0.761086888872319	-99.43906458903038
1540000	2.8737168705731975	7.0143933115078845	0.8646637017400198	0.4848917086278387	0.23443107127287552	0.7733961767614241	-94.97806148035386
1545000	3.186794190367094	5.305568276778306	0.8724920261341025	0.34038212037188004	0.24333287373683132	0.8152626903786259	-99.436212307119
1550000	5.3254038703034015	7.269210054209205	0.8465015400984437	0.44221913181795963	0.25722880533740367	0.7696257554936806	-101.88498363508248
1555000	4.229914628052802	4.428034704362015	0.8700863785780086	0.3878603368609382	0.26295813292802805	0.7035107740003551	-98.02356950913088
1560000	3.270414991061276	4.459602130905142	0.8810761497821054	0.5003841646934041	0.20675739841743623	0.717936012389457	-71.94712886966647
1565000	3.6051108932069287	5.5347203215951755	0.7565560435724548	0.28295305857506303	0.32176315140505707	0.7369868567771031	-101.95441685184059
1570000	3.317594886717479	3.869383789423402	0.7287407112636369	0.6297230989693879	0.2245497894399633	0.8324405438224545	-82.91720355091934
1575000	2.8185349632391756	2.8331616919868563	0.8758324906841173	0.5453090028610784	0.20787979506929982	0.8103462635978145	-93.67959388682416
1580000	2.6637402973387396	3.8402998286536247	0.8027081158620036	0.3851862320617184	0.29275201330922457	0.7639227462432605	-86.07535818575656
1585000	3.201227160989883	5.4385555121855935	0.7084622231765199	0.5517583667787681	0.22904626429400052	0.7158675263995978	-99.01650408147012
1590000	2.7764676930591343	3.4476532052150697	0.7299604462656332	0.5240235889117123	0.22017057523699862	0.7832715696516264	-89.50228775163566
1595000	3.2368129497596385	3.4574639547643673	0.7898704532212499	0.5317584288006922	0.2109471349543762	0.8336313466879381	-93.36373096154833
1600000	3.6236217720585553	4.54661464367571	0.7588671586303177	0.4985941890097589	0.2601104185628611	0.8125688456824466	-91.43925256778536
1605000	2.219607046730133	2.787627935630019	0.7210546841598378	0.5676679670091579	0.24271462216474893	0.8061045089985014	-74.37741702404833
1610000	3.3513327069467493	3.9711606927195664	0.7665954190354592	0.49419669393033416	0.2498144334246882	0.7676549810842059	-96.36974570970273
1615000	3.4607276324119667	4.653432417680469	0.8883714400149322	0.2657833426423348	0.314873879285137	0.7374238919214091	-103.10663680918935
1620000	3.2245653227737323	3.5581292461674665	0.822640690009388	0.2682758192929309	0.3079457634233241	0.7871480785883885	-104.76840766991873
1625000	4.703010949453975	4.942762762035808	0.779163088865875	0.3454261389632121	0.31356117934005195	0.7385226179570528	-110.8713445876304
1630000	2.651829030660493	2.6728594966413253	0.7156873692529555	0.5212788928621249	0.20499236808657692	0.835193246971711	-80.26652025624097
1635000	3.1713517730481895	3.9992409468113412	0.863057735862204	0.5934745643023531	0.2053407313179431	0.9385193207611243	-78.18064722514134
1640000	3.2791712413341934	3.4597138769524065	0.882891432684835	0.4238140913185608	0.2030488494180707	0.7416542553217695	-79.11080699753339
1645000	2.620408862194355	2.919375202165353	0.7791238157001988	0.6393640412525795	0.2107891111578755	0.9223984341804085	-65.43862693795222
1650000	3.759598842067954	3.767173050255186	0.8417901141679234	0.3907913821014459	0.2817847084536254	0.8340401218979469	-89.32977468725574
1655000	2.531259614020431	2.788349438152683	0.804963930538914	0.5219007347268503	0.2472708474944544	0.7519215474745745	-82.4829667825216
1660000	3.444132624911061	4.017217053032518	0.8676226161404234	0.435763352779877	0.21967522464934824	0.8399156061006234	-93.07051866316965
1665000	3.5989283971379598	4.371647903899718	0.7841025367701878	0.520983697952296	0.20375175605235707	0.7566700804966494	-86.8826945781465
1670000	3.1236553713667696	6.717941252265106	0.7138481628238237	0.33099445428446905	0.2569264871177733	0.7314023569326984	-113.99733734426522
1675000	3.3994056181868775	3.9789684542297925	0.8082664017516921	0.5323333299017569	0.21645813150844	0.7319246296550823	-81.92276525233501
1680000	2.561002285896462	2.748148629406963	0.891535923824672	0.43442632390464836	0.2886010865490138	0.7859675091158668	-90.62283631483209
1685000	3.834599683822648	5.362401332763744	0.7949493015806479	0.3504924192735479	0.3029629566990203	0.7741240727085464	-109.31337196377058
1690000	3.686004282712985	4.38296097245254	0.8245176299291295	0.4793784679187342	0.22481775158090958	0.8530897564453926	-99.42540063419119
1695000	3.0528300912806348	3.266690106210451	0.867758250546823	0.3380107341866012	0.24376008642324368	0.7072921184454859	-95.86417858851016
1700000	3.5092262640467013	4.416179310618588	0.8281646999333773	0.3142254758231379	0.2799548034939289	0.8511610273631791	-98.01080450698018
1705000	3.1112209613350226	3.535377825980153	0.7870372133208502	0.5695856771637902	0.22333421791443475	0.7135125147738183	-90.42492462673769
1710000	2.7540437163435665	3.490595220640244	0.8259871262528916	0.4516940196940201	0.223539217381873	0.7098417373085991	-81.18424270298672
1715000	4.048262167174384	4.4474985671872345	0.7593476043881243	0.4053037053026569	0.23160873814967495	0.7225286343306262	-102.70423808500257
1720000	4.452520115418701	5.2587918738646175	0.723485897977359	0.37140105516030464	0.22200529124190746	0.7279102537328935	-105.91971660149042
1725000	3.2532486142580277	3.277118422695279	0.7265614677207125	0.6268813841267945	0.2051297506238995	0.8028607406264427	-84.01387452148745
1730000	4.161568614545459	5.593219518253481	0.75814629215495	0.31562952901431723	0.2895110869032153	0.7075417398627227	-114.47841993076818
1735000	5.804835749153505	6.030370197895226	0.8251597140773097	0.3692497463967744	0.2675008424142346	0.7540469097341331	-101.4506367772299
1740000	4.594439849106069	7.3329485679306785	0.7963122639648356	0.4070906181551178	0.22688547708587328	0.7309824647505314	-119.12022249325497
1745000	2.9150766577126843	5.11504963426308	0.8641964120081299	0.5007066802827203	0.22271389304562497	0.7256499825963663	-81.39203845940659
1750000	2.876438998102951	3.455583397669573	0.7229935916047154	0.4711230626249354	0.23774114417099276	0.8291545715371206	-95.36671489213197
1755000	4.094782679540926	4.207546971346939	0.7812307510116953	0.4555333424405957	0.2119176950442122	0.7275201306830021	-96.53142862171867
1760000	2.7820866548016303	3.149175969730285	0.8698171661091347	0.40260880873758453	0.25065660669944506	0.7308340265155762	-91.30217692794548
1765000	2.3779385118052287	3.1238496819143524	0.8507270403813666	0.5292341070087822	0.24537582392295376	0.8793513196262284	-72.7285094635522
1770000	2.801326256030841	4.386434357385227	0.8854624408539057	0.5225554333414351	0.21856324508960395	0.7421009817677985	-79.21676505083497
1775000	3.9620783643114104	5.897370463537649	0.7650151153650406	0.44768226039287823	0.21989693875197447	0.7907059582841691	-105.60517833854178
1780000	4.594275015098625	5.113856767269536	0.7807446857142057	0.3312587020220345	0.24792406506967282	0.7167449235193261	-112.07311502519909
1785000	4.550695397960324	5.646305653701393	0.789508897399141	0.2651497667316023	0.3278676044756597	0.7731017405495808	-120.26295547161749
1790000	4.63284779617374	5.045040727442414	0.7333253263381638	0.49528516109396187	0.2154260534484223	0.7877585731252118	-97.12639543529602
1795000	2.7096440306555905	2.8159263744376144	0.782292544472981	0.33154508016927653	0.25585161957787345	0.7531704845522385	-101.972490937836
1800000	3.443756825886417	4.228337926859512	0.8181962348915138	0.4590369835162043	0.25900065810609535	0.7219985744656041	-94.52582416236623
1805000	2.9147529436219712	2.9958870087341127	0.8991514451700955	0.4390596864080381	0.22902871213153822	0.7961549976785737	-82.07562118477549
1810000	2.3720131909523796	2.4589637000358286	0.7736676755528463	0.509261669558003	0.21180099032191904	0.7113452326585092	-78.43590304011155
1815000	5.546585552422906	5.852115784396783	0.8544530936214703	0.2709100906023813	0.3106404152073629	0.7138083241162099	-122.87267840339743
1820000	3.499867613895569	3.771431787764047	0.818623076266817	0.4241144417612385	0.33025514197011585	0.702479782616187	-84.82207927363663
1825000	3.3923772106626457	4.19925009938529	0.7459796083399263	0.6256432060135978	0.21849287733711414	0.7635498799538966	-75.10542884054459
1830000	3.597150646745288	3.647882097064192	0.8306582633322263	0.5485461298945796	0.22255224870127946	0.7776343285944062	-88.9811504212417
1835000	2.854045455362484	3.5161215489020705	0.886610867484888	0.6671860892587559	0.21974157012203338	0.780167131262729	-46.0784608732732
1840000	2.2056011796407504	3.7246477848393345	0.8406721891701624	0.5550249464361872	0.20227738532432815	0.778358978360772	-78.43367231585302
1845000	2.720530151335932	3.988931098842239	0.831205036504838	0.6104835447072839	0.23625408926055774	0.8137036651825428	-74.89588914604951
1850000	3.686405321880842	3.977304175465819	0.7854666400330027	0.4042376854224746	0.20720871220129125	0.7330666521433964	-105.99539814655571
1855000	3.166455324319889	4.004406989669782	0.8086385729632004	0.38074489822381297	0.25381759621215516	0.7051249920212327	-103.2918135581437
1860000	4.089216293126646	4.540958377759762	0.7087129930195902	0.4020804084451985	0.2619432832588761	0.7079617420627756	-112.77884566367035
1865000	2.945659983481751	3.341413345440189	0.8801781555105747	0.45606019468805026	0.2884009949378078	0.7486866935087803	-83.02782197576332
1870000	3.4342980497368436	3.665719888344297	0.8304314952273845	0.5138113400462581	0.2196580018864085	0.7717876857601389	-81.13360135623967
1875000	3.5444616391374453	4.331616402731192	0.8636858589553588	0.46978724235532276	0.25364278775911575	0.7848793336695858	-93.48236548026739
1880000	3.502165318983045	3.6714930244823303	0.7695265520754639	0.4824096498990105	0.22776791208512165	0.7113185189488416	-101.93139819538396
1885000	3.20765627902374	5.15264484280588	0.7442195726249358	0.5366841019334019	0.20480561241848244	0.7431536735022334	-93.04126932486233
1890000	3.089092546389038	3.304559138362204	0.7405546045101294	0.5314531802445941	0.26549062490121994	0.7515323549756966	-99.57877414138125
1895000	3.2444747884607072	3.3575956241409832	0.8318632159261782	0.4952861172089623	0.22984083892281768	0.7029295361368022	-92.89845929685885
1900000	3.658244911979306	3.8866747036505926	0.7619163546993392	0.4711383228660836	0.23632125345182564	0.7807721173619214	-96.26394132630537
1905000	3.2777381531463967	3.326574449115635	0.7045771085762816	0.45985113669886263	0.22909272733814157	0.7547242983673048	-95.84258010741243
1910000	4.020503822912498	4.440364940501153	0.888781426328255	0.4105728848324222	0.20995240784444238	0.7157577639496054	-106.21984111659688
1915000	2.6054722602630584	2.7004147427473866	0.780208917735585	0.4471295628418997	0.21750113559029952	0.7140708829137515	-96.67242884435265
1920000	3.4920823708799946	4.745768096627657	0.800129624679793	0.48626258564332847	0.21187163008302617	0.746872375935691	-94.36562907635349
1925000	3.043454272887305	3.0585517592961415	0.779391814221064	0.5523608223472953	0.2116141368449995	0.8571130586995217	-69.12172797342305
1930000	2.5105053251709326	2.591592423967981	0.829017886720011	0.6198579425481533	0.24756258328080585	0.7464174805039526	-59.96702977911151
1935000	2.862266317252789	3.921638861596948	0.872160602322828	0.6173637967180449	0.20467572932571557	0.8554843248483784	-70.70846387654007
1940000	2.4718280014082965	2.5887383141732685	0.7451880256273811	0.5126194537187561	0.20637728484878806	0.868215842125032	-83.23198574564987
1945000	4.158015277559804	4.568597377773953	0.886786571854687	0.348078769864233	0.30889614556458084	0.7695004262771865	-103.58434899636268
1950000	3.1459177776138585	3.7483884603980866	0.874289315766865	0.3136040901303816	0.218615247994045	0.7811373724201277	-102.22188073202304
1955000	3.54082473734601	6.053434097260002	0.8786998707905853	0.24715544381783142	0.41247404667478166	0.7034001054074087	-111.2518906174185
1960000	3.169485619651308	4.235283056062999	0.8818891199040385	0.4789165284787604	0.21020417570303074	0.74058755687252	-82.00305734271205
1965000	3.4186430720591527	3.4393163855787905	0.7907511353884367	0.47387741044747284	0.21248354084921553	0.7078734930201975	-97.9715489743831
1970000	4.036228038997443	4.439793527281793	0.7432546593730952	0.3609958453905072	0.205424243326401	0.7505768167046111	-108.12838671643837
1975000	2.7722943792601855	3.408193797291117	0.8813603014285535	0.4308731503960753	0.2531504703265879	0.7367433615117293	-98.78569407730726
1980000	2.1964736207871307	2.395653344522686	0.8295930601140706	0.7760243033351383	0.21858754277426504	0.8334801688551998	-32.655098679680385
1985000	4.505728105104009	4.970000915416325	0.8109879598876167	0.42040920727239056	0.21066403187094096	0.7781694321158633	-100.4466229798644
1990000	4.656278430308476	5.294338907936888	0.7393999906910851	0.3687441535583507	0.2266232007724523	0.7141702823263989	-120.8174067986466
1995000	3.8690221306945625	4.132131330566524	0.7317925610663476	0.412278770025074	0.2041978280450294	0.7634321887436428	-107.17138348371077
2000000	3.4099061198781517	3.6973440498368353	0.8444388407398605	0.4390399624910666	0.23363062156903877	0.7370333031536651	-91.29383457826245
2005000	3.3351144575767604	5.836928026037746	0.7603835390921982	0.4028697134313436	0.2520318923352329	0.7039935684044676	-111.97961120645076
2010000	3.419657935245728	5.292679987348311	0.8386039746840236	0.33596614092337407	0.24984637869818552	0.744355298530559	-98.19522299984635
2015000	3.4424814342780286	3.4530725544632768	0.7095971749533332	0.4816542476495457	0.3322682074385578	0.8224703798603458	-86.26167908109096
2020000	2.471849805657434	2.8974310880779304	0.8889944141640164	0.6827875731348798	0.20544025845951755	0.8459673742889837	-49.011160627429156
2025000	2.3710744754198645	2.803851868940843	0.8089378590118105	0.5885895937538901	0.206887898540181	0.7164911004610754	-67.6130429135147
2030000	2.9178470806010544	3.1939980601798816	0.7524858593412266	0.5657750188266019	0.23117973280854873	0.756200509402591	-74.05716828087284
2035000	2.8035705376336644	2.923562570142295	0.8608482417502827	0.49662993810327005	0.2262744742352843	0.8087726776707892	-85.06096145287538
2040000	3.143829135764153	3.368659894035435	0.7768248579721377	0.6268564096327742	0.2033083357758789	0.7479450351451574	-66.40136205203726
2045000	2.965800998267796	3.7137691480985473	0.8067676779832118	0.5120649184799677	0.21724822671108476	0.8120302287779543	-77.39775208489408
2050000	2.8877755468456323	3.1045030631011623	0.8930772834750421	0.5958496418813022	0.20639566620918906	0.8579258937800531	-64.67965567959479
2055000	2.5711236184061073	4.02268006801254	0.7957382491405727	0.6143015678417904	0.20900480514479935	0.8529364436290139	-61.24034767107201
2060000	2.2497550910600914	2.8473614888542875	0.8211378415592268	0.6730090531149727	0.2291319986896007	0.7182168885336185	-54.68148800815168
2065000	3.083378118307438	5.77101984256982	0.8316817099646091	0.5382761949620838	0.21617551109447256	0.8535488979377851	-87.48816713595639
2070000	3.2169818681104543	3.8013026731021604	0.7226668859848231	0.5407041949798103	0.20266215343745647	0.7033857699565312	-90.62182921800564
2075000	3.130783740271951	3.6511250696020117	0.8855052369938621	0.5673914741026752	0.20126418021747164	0.7131637800362283	-79.00486043745556
2080000	3.3684865744540313	3.4064688127816405	0.8249510007031194	0.5455091812108886	0.20045860029393978	0.7277815106441053	-88.5191163678424
2085000	2.5117816837142652	2.8105890052993727	0.8760870003115906	0.6332664305260343	0.20769998976941703	0.8585648185965347	-67.20196258578261
2090000	2.672127361494954	2.7921218571037842	0.8456242887794527	0.48081207521225544	0.28365828219684536	0.7085224587820869	-78.05518302468161
2095000	2.829284434856863	2.8959916222528927	0.8874631227679566	0.5277638412770664	0.22582754928207585	0.7048402808212363	-80.0413952837232
2100000	2.9646423343960824	3.6005238381544262	0.8599407769217112	0.5529287206028338	0.20029937299289685	0.8984247208488702	-84.0885718973665
2105000	3.5658322754588667	3.5861011953540114	0.8984999793697005	0.3583364129848271	0.29602842638278043	0.77360589433362	-98.92089425106187
2110000	4.147174161262028	4.490966191476544	0.8630984894018369	0.37868944105425995	0.2413493296573983	0.7332489545701536	-105.91407002729011
2115000	2.9364709388120174	3.0845939520005214	0.7615521326714122	0.4560254076935632	0.28697685212837154	0.7146715745769372	-101.63969859304356
2120000	3.0309088956630603	3.4247881798790893	0.8940072633141593	0.4597329850565818	0.2360307509747223	0.7725429475491882	-87.3840087469685
2125000	3.0833181393506974	3.4876079413421697	0.7942220957107007	0.5869073845316234	0.22335605609393006	0.9301367469337044	-76.25690599650943
2130000	5.489117778370384	5.998782173737522	0.8720310704353286	0.3931424371825809	0.21848887229058006	0.7189183615415575	-111.90257153439649
2135000	3.4333407066535386	4.26728839794992	0.7595266693493756	0.5084100432677613	0.2920057927766827	0.8611209373462207	-99.17119184088361
2140000	3.512154130627039	5.496448266826818	0.8385832947701066	0.2885693644752565	0.25364332259716965	0.7126693606250664	-105.64895786077656
2145000	3.4511194901205573	3.7724001540828533	0.8075764088742907	0.5270707675889224	0.2077089316981128	0.9397494418312212	-83.85008077759798
2150000	2.972652839316624	3.2105748026712977	0.8118301096788118	0.4117194318079915	0.2537328847837647	0.762887465613535	-89.69789994417368
2155000	4.598847393873697	7.562547784572377	0.777227950112409	0.27724322793072864	0.33107234057520024	0.7140798531739998	-123.52140273443587
2160000	3.9409258341766016	4.161761805017711	0.8160673992244217	0.37474979584167956	0.3480294009804441	0.8365041719400782	-94.85752552257546
2165000	2.719800100475954	7.346599920305189	0.7225101985444108	0.5559729845607017	0.20807559305412698	0.8100614487422284	-98.50523315076344
2170000	4.043207771735892	4.912125828858025	0.8846001293610859	0.48364099964598706	0.21517298216990693	0.8738846846601138	-93.12985970148767
2175000	3.83244780875219	4.228234405014406	0.8370592661943558	0.5668998757216617	0.2126127753546407	0.7321243189534782	-82.15278183569166
2180000	3.8413492624478027	4.48397430878186	0.8603728894754303	0.3736385893204575	0.24202916429250806	0.7468173034797453	-92.8838099490419
2185000	2.7349209463917328	2.9852734620785686	0.7007822333508191	0.6102618168622891	0.20205907298429684	0.7096381338198864	-78.80917786887485
2190000	3.1826125288129288	3.287026072886583	0.7989980063531772	0.5283715614293278	0.22214719192174548	0.7060464959699303	-68.20289179920343
2195000	3.2279450286432025	3.291196067312305	0.8959619173251936	0.4131040118408772	0.2932290464404122	0.7342196288663516	-80.00944627293882
2200000	2.886468405174385	3.0310273112311643	0.7073242353632965	0.6610967571008015	0.20001889819489901	0.7929248165489441	-74.3921144583559
2205000	3.150299449885762	4.495543649282536	0.8054744122689631	0.5891785129365504	0.2015096288437671	0.7098217752912721	-83.53782890759936
2210000	2.8757815154478674	4.869592996127666	0.8746657863583268	0.4858466432094661	0.2033343390993002	0.719356979059518	-88.53830534558395
2215000	2.948565269254016	3.1456787680214453	0.8394219115311649	0.3579474730561606	0.24030053616665545	0.7665364763097158	-94.14215218134834
2220000	4.0361670500378555	5.312421087113231	0.8654890519016465	0.5146465343140718	0.21460893628067337	0.711660320485354	-91.84761165269666
2225000	3.672092745290558	5.039488625209634	0.8026445213040968	0.3321892019780135	0.23246524311580893	0.7338977091109264	-115.93699688086988
2230000	2.3448508721277954	2.957522988169965	0.8327588678682823	0.6027905172293448	0.23362164093459345	0.8474223463585243	-67.18644002206113
2235000	3.129653329867802	3.862048770377869	0.7177237248586367	0.4818194399229097	0.2507332942162131	0.8142985709327952	-94.43644698367964
2240000	4.12917494566213	4.625785593659269	0.8179732522685765	0.37824502760249973	0.2347338210067001	0.7291557676400662	-102.97655292128309
2245000	4.022567570531551	5.149898042530903	0.7944289771431029	0.37825697808160186	0.28150503383255787	0.7750500749586556	-99.18528144092033
2250000	4.217000799858836	8.668130173469413	0.7004510226688472	0.40283261980722784	0.2281506529944325	0.7403917203056626	-117.06434430091304
2255000	5.760935461674224	6.343312742061195	0.8196429685239095	0.3690245463497746	0.21908136559203867	0.7456784653553582	-127.96448827396512
2260000	2.7429438287916916	4.244733955553685	0.8415781279771218	0.4992302016306172	0.2563598702342652	0.8065921359330012	-88.32040537320478
2265000	2.8718472478705412	3.1555957660348337	0.8416502251180626	0.4745536198075348	0.30894932169407957	0.8819387906600066	-81.94143092622525
2270000	5.290510716373072	9.734346511157035	0.777287607825345	0.33247056905836025	0.2694442237397975	0.7096750993804579	-112.67960948800149
2275000	3.902425476215997	4.2489326327009085	0.839453488234104	0.2899574529464799	0.2948460663979408	0.7377564505761847	-115.03815416838427
2280000	2.61306404515187	3.501253446023221	0.8920039312706795	0.4454504946548214	0.20543292932782026	0.7011468358189771	-92.73257284213992
2285000	2.423939923018158	3.4954113962179507	0.7949402879188093	0.6771413120731171	0.24585982853894384	0.7075605176716984	-74.60604269484736
2290000	3.1901116652988963	3.7708969232435106	0.7092862772699604	0.5036803424287231	0.2586035889800608	0.70162717433147	-92.4959886265566
2295000	2.9845276506414655	3.0654578204818206	0.8623827791464542	0.4416074605336564	0.22572133571481484	0.8099917374646571	-85.64303737095955
2300000	3.5351862212927787	5.118818503471815	0.7678413204429426	0.4889233286968096	0.3435491017477856	0.7180871026076523	-92.23275655072223
2305000	2.574739174734739	2.876734875769605	0.8956806598924564	0.524677799679829	0.20088657637682933	0.867603379789661	-77.62952718839725
2310000	2.6923139702096894	2.887781978342348	0.8976111395587159	0.46997880871863273	0.21877733276207945	0.7435571666583368	-80.2659843377042
2315000	3.004273523277356	3.0732571546702534	0.8502085038557454	0.43456915365035764	0.20901071896416845	0.7395613393661403	-107.63019458790438
2320000	4.868431244165295	4.9968852124799685	0.8937231493915168	0.2908093340860424	0.2634024824455186	0.7253349534288339	-111.27794109345862
2325000	3.011710610335565	3.7679189409315192	0.8918576533436493	0.42165329722783734	0.21253402212656639	0.836752854573052	-95.65242608044835
2330000	3.700875051743501	4.940099447763612	0.8708118338664471	0.3034442639320371	0.3641999560734839	0.9319373883754111	-97.93929394181276
2335000	2.643638158923602	3.4948707090526834	0.8899660108275481	0.4758188647486241	0.20468716041960272	0.7002475984292788	-76.44281260991195
2340000	2.9289710192117653	4.729890997552662	0.7191378892925707	0.4557493706585236	0.20042636951447837	0.7157350061112578	-88.17742873279556
2345000	2.52613606994811	2.6653707999805825	0.850389321019939	0.5090261210425366	0.20297738112336552	0.929607843283339	-87.56652375534833
2350000	2.1946991756753516	2.4558355467825748	0.7421072753740531	0.7754269623350973	0.2315532773954482	0.9558235775200106	-28.43716012511695
2355000	2.1819807509566536	2.2993276596829832	0.8168115904235498	0.691857689586276	0.22114025355036368	0.8741098641329745	-35.56658296499726
2360000	3.3413148582477774	3.5102343310462785	0.83245590541202	0.5528252624072905	0.22629109245004828	0.708148733212849	-91.95063192936797
2365000	4.115314383359551	5.133577422183033	0.7823272167119796	0.42586210053634965	0.21659138834418767	0.7463756085391694	-110.43645841572456
2370000	4.444490676625819	4.811497423387455	0.8987655972487116	0.23315629618222505	0.30154948557845035	0.7559667765879289	-111.32685780979455
2375000	4.348907416812668	4.5298590894312465	0.8405517478843163	0.35292137137060753	0.23999204252182652	0.7658344312726229	-111.53864171227065
2380000	3.3659727520619454	3.669627484668516	0.885490954182566	0.4898912312882539	0.2093280057250694	0.7674014974447892	-96.6789496344943
2385000	2.4513477570618254	3.17271130381085	0.8570494061272749	0.7510633705116004	0.20491084659724831	0.7694576651160889	-47.74947016748839
2390000	2.281978135106452	3.6035087206498426	0.7736026306646833	0.5898592198332849	0.23557635731338758	0.7346234821418712	-67.1055213189216
2395000	2.2784845784512537	3.0223138094986393	0.8846454059689866	0.7145291309354144	0.2220773766019888	0.9674650631598282	-41.93431361738297
2400000	2.4172847831180277	2.442784603836325	0.8791129346209416	0.6697843302959682	0.26150154206176446	0.9635754829946168	-40.87606939794002
2405000	3.306652362520383	3.320319681861054	0.8632412488661335	0.47170250961586646	0.21929277687977433	0.7741331933147138	-89.744095667517
2410000	4.531194446546821	6.512732045497707	0.8737714178661228	0.38489018396088126	0.20951292043031663	0.8284373566357056	-106.66966303837017
2415000	3.044269772964824	4.18878924501621	0.8419708550304489	0.5223657755032	0.26442206245568256	0.8522124234023963	-89.24193589887597
2420000	3.3247234948799234	3.8565913374746663	0.7256696986421426	0.4640678129992199	0.2829193552405759	0.8408228437308721	-89.06939075975308
2425000	3.145494349363043	5.784182248933073	0.7832502896890067	0.3578544784469025	0.34729242538303673	0.7300773499378463	-100.92742271593963
2430000	3.6530129365827415	4.6845338136734105	0.7705044371947787	0.5058176246650108	0.20520333144962888	0.7974702035074952	-116.50109064585581
2435000	2.8079658052002374	6.23738115079701	0.8196345729561967	0.48399790340669724	0.24074723535815407	0.7154398490178062	-95.54596076237226
2440000	3.2543909108693048	4.671351324703337	0.8648486219924776	0.37956870146859134	0.324574090082081	0.7811114679718039	-95.00562275064289
2445000	3.8722137482564754	5.787027053717197	0.750494137658962	0.5917497838478002	0.20376867080156494	0.7283178524573877	-88.79363098114851
2450000	2.621004390625226	3.087620830216124	0.7728427173374487	0.5128761159052704	0.28584248510858645	0.7252338028107549	-79.66550752451204
2455000	2.709274910239452	3.495622473089865	0.7259179854473196	0.5686502520996994	0.2525915342292936	0.7265816417070471	-76.85731282410273
2460000	3.1979745151793604	3.3838542326334244	0.8839984146913134	0.4434162175858591	0.23011636431573887	0.7383160709711373	-94.75170309203125
2465000	3.617903134372531	4.494201832205422	0.7481535992433109	0.47356576646458787	0.21676886968652417	0.7168281368017507	-96.82546365959416
2470000	4.70496135365	4.853282264373227	0.8688492422011656	0.30032817151266017	0.23567591668865526	0.7116303268563344	-108.54152394830402
2475000	3.684484109383435	5.301521563586925	0.7330365669745311	0.41716333820789087	0.2591881268272624	0.8459942763854322	-117.46747535435424
2480000	4.789971112890889	5.645120946990431	0.7637280722249544	0.32622355340319825	0.2735331185149589	0.7056614725458179	-130.6185625015398
2485000	4.160132812001918	4.1971743317810795	0.8126137446697208	0.3085369937748388	0.3691805903170594	0.7059082108559003	-109.05537911817646
2490000	2.866765397287726	3.529742795150377	0.8956987218585705	0.3574713803139365	0.26702036657958916	0.7015201809969611	-110.41757824794388
2495000	2.9362659159534648	3.5616233165562075	0.7385252727549245	0.5976191226565783	0.24777680966567486	0.7305293629740004	-73.26940254537084
2500000	3.742800290222031	4.225451748881251	0.836268921422394	0.4705821616476535	0.2119585120129023	0.7820168125422458	-87.21350922542425
2505000	4.2928687359325375	4.6042009874559815	0.7913444542550074	0.4136938796988992	0.21953553294216702	0.7348734640081153	-108.59022620881603
2510000	2.707244330097773	3.085323966105242	0.7118901649446765	0.5408351926374646	0.2318560001697198	0.7948583212676755	-90.55223091018814
2515000	2.794361990817765	2.981777892704248	0.8778628861858102	0.4006853515798417	0.23320234366092907	0.7115968177244978	-89.57924483550579
2520000	3.517181873280057	4.09357364766505	0.7991584268163926	0.5835382534496089	0.20256027634318302	0.712540737777913	-90.70833306769131
2525000	2.837780584093655	3.60137667297346	0.7388343855583746	0.4326226808258348	0.28256180944225145	0.8013752472514956	-88.58292411787437
2530000	3.0583906575971045	3.5668208590685793	0.8338624257708497	0.541727860451712	0.20722330131850017	0.7212361552426337	-77.0000439583315
2535000	3.2189438159016666	3.2436401743126737	0.7607127577014586	0.5247479919431283	0.250858313233299	0.8096750199929728	-79.60092931273434
2540000	4.081175025672432	4.297107395021262	0.7292747139814899	0.5632984274683177	0.2005010946674053	0.9930469350666146	-88.27268866155813
2545000	4.243980241132555	6.2859797975369425	0.7374098280363117	0.3621203627668554	0.27905353600755944	0.7245281306483132	-107.50067469285773
2550000	3.616230835880794	4.16995000995232	0.8143512657303704	0.4310533495571348	0.27034176487630496	0.7154692014604557	-94.50629874501874
2555000	3.2518578874939608	3.551676115258022	0.8683023148370397	0.33610320949367106	0.2516433515893328	0.7659360648071316	-99.31095824889385
2560000	2.805990556855405	2.9875500927928282	0.8774816782235515	0.4648790102018546	0.2272681505857282	0.7040897188434017	-78.70210795571518
2565000	2.760657709602503	3.1977832840774942	0.8263303083425748	0.5293183437491515	0.2004525220989502	0.7243276915842142	-72.81352865525295
2570000	2.5611636927987402	3.4546846203741133	0.7197294788848192	0.586987616834069	0.2288819480376927	0.7660024627776248	-72.01590126418768
2575000	3.319691032423619	3.410283849761071	0.8496042910089532	0.3744380195181857	0.2099145309591162	0.7508202274124689	-98.71212295731425
2580000	2.763773558928379	4.820749422070707	0.8914920906550865	0.4968667335735728	0.27781780059312694	0.7490557884499488	-87.66228009672591
2585000	3.4113231985108787	3.8358156177695952	0.8248828753990678	0.35540929282395445	0.2455512633561619	0.715777558836063	-98.3266592244812
2590000	3.818735324281928	4.187186115015452	0.7937901173358901	0.32996867623810094	0.232354312424517	0.7510890314818884	-111.06229929165411
2595000	2.916926401951727	3.950251780913323	0.8844759877550842	0.49197675185676326	0.24181997274523642	0.7845113829255992	-87.20796054580919
2600000	2.4084821490848602	3.7075488116942372	0.7940719406351409	0.6295248555970849	0.21670947671951243	0.7821904382402067	-68.86995946452035
2605000	2.18134342701283	2.3586536591960043	0.816688909172514	0.7340390758979152	0.21335578363700988	0.8668137478503938	-49.274585638265776
2610000	2.7142695872737717	3.034940435581104	0.882424288415443	0.5672259348567485	0.22607493990843563	0.869898215753955	-67.99833699426006
2615000	3.7166105535311798	3.8122051299026958	0.8753936094370554	0.6110909015080402	0.21875687448908215	0.8133009263207498	-80.85802087800292
2620000	4.454637570694855	5.287708011313287	0.8460598529387128	0.29137314437290407	0.30928608069017444	0.7259932830065817	-114.19940330070301
2625000	3.160528123096577	4.886132128882963	0.859502929858617	0.4954959426835045	0.2052392943132539	0.7311445033896037	-85.89172224811114
2630000	2.6085565104517774	2.628482657563762	0.8777510069171045	0.497231784538424	0.23723837656041247	0.8236457654317388	-87.6001645022099
2635000	3.019360971844717	3.180070693359535	0.8437345137458486	0.5017248452344337	0.21684944205302473	0.7218472149900926	-75.3705746893497
2640000	4.296205713640025	4.710186275182966	0.8742661198694411	0.4348532225150531	0.26361138634811937	0.735134837608532	-87.52042224762644
2645000	2.6553092764357844	3.120065513931481	0.818299274777061	0.550210851062164	0.21697918648204179	0.8328577136286094	-70.95043271254067
2650000	3.166005543418139	3.5206939863629967	0.8185513208826426	0.6469847354837239	0.21175358840783942	0.8100186622623256	-51.716044085902624
2655000	2.555107555896756	3.1069830766100086	0.7789926060093034	0.6613614113038444	0.21028941428444897	0.7377619548887432	-75.40083385137558
2660000	3.2262115059480485	3.6044350151394244	0.7326290038457235	0.4317776664594122	0.222997926175581	0.7842655008198713	-100.47165460193855
2665000	3.7742097630057714	5.231652613572373	0.858983856055014	0.3808532654902017	0.2468806044898988	0.7780607470277271	-102.19751246595297
2670000	3.1442783709403406	4.089343767973605	0.7593151764024838	0.509881056734653	0.21713356345915202	0.7088099351912114	-90.06528070602681
2675000	2.227833081955593	3.1212802882088	0.792938778814688	0.5778706720676628	0.28898107898444625	0.7845259294515402	-79.65987189852532
2680000	2.520604576832773	3.307738625291573	0.8100136077253746	0.6490371102496404	0.24748513237613182	0.8999012648991946	-56.36082243214111
2685000	2.2247074497701385	2.534777891886946	0.7099354567978654	0.6110789848365803	0.2547225275219494	0.8673783239410787	-58.03707745714447
2690000	2.5001659177905706	2.918412900521113	0.8977328164892511	0.7447703924398834	0.20415052099953976	0.9332167978816919	-40.94168807771914
2695000	2.4864674420411874	3.1024029949945766	0.7514449660084476	0.6447071833700252	0.21495780323634245	0.8043509292621633	-70.16673726418168
2700000	2.6579430114318487	2.9097353048936108	0.8026111487360497	0.5928552369884683	0.20370837474728543	0.7445364924636066	-75.59713673003336
2705000	2.7632593339427456	3.0019033319313158	0.7006118761900739	0.4824432939926968	0.2305606277690024	0.73640144778451	-88.79036384240021
2710000	3.189410140087984	3.4369578278815935	0.8983405110014047	0.4196540036525375	0.23949377571890815	0.7335446806246014	-104.23232655310895
2715000	4.023680030338206	4.953003444184896	0.8907315017567753	0.2007175931585974	0.29900419782279825	0.7122557438893202	-105.86850447183579
2720000	5.328629664894378	5.798261557875117	0.8282195304024436	0.28092388128462664	0.2223594144871585	0.7186127564585589	-123.86948565667441
2725000	4.790446569842018	5.823491046492549	0.8058685225368598	0.2149642415133175	0.27727863522134016	0.7442473733664846	-121.41373540420378
2730000	3.1430049662085833	6.096275574480159	0.8382077101608719	0.5200137330330149	0.20736832330314386	0.7997915274217268	-87.28532982347124
2735000	3.1312242692637517	3.6702154020860442	0.770958203251377	0.6002110095610287	0.22691007133279048	0.86451211162881	-78.83720198272596
2740000	2.2640517592655183	2.5728629866108323	0.898939696669087	0.5697576462117989	0.27133759148879594	0.8241360068181617	-65.03885989951348
2745000	3.851235596366555	4.398978396507843	0.7966756262913143	0.4883465077589357	0.21819455343496064	0.7248627564405071	-97.8515167486834
2750000	3.327244579838965	3.406282982921388	0.8311824113837957	0.40786432360407193	0.27171559796735717	0.7131024470739595	-105.53373434730716
2755000	3.854253462649423	4.495060369658084	0.7837871452845229	0.3680827256839336	0.264484869252831	0.7246563045446809	-104.90671368308509
2760000	3.499936754190739	3.723053981163583	0.800372716041785	0.4068737901883201	0.30761609207154794	0.7140954815532591	-101.91885578943106
2765000	3.5245738133281144	3.781007363456005	0.8110798512445602	0.4716653192108443	0.21484579399728376	0.8183640722563054	-92.40986470658564
2770000	4.7928857371174685	6.027118006810551	0.7779929231690541	0.31005145659139477	0.3400627577182783	0.7977930415266683	-116.55348077107354
2775000	4.407073381782016	4.8199650107860394	0.7086430609754897	0.4197992862270676	0.2142086187492514	0.7119922392585969	-115.29228874751973
2780000	2.9692221356805506	4.632942110640228	0.8443716632937129	0.288130713565695	0.5038823398731771	0.7901680777977195	-99.57017825551131
2785000	3.757254476354656	3.787729409146927	0.7480879916397429	0.3930680421874295	0.23611374726423456	0.713767763329684	-94.4209994903357
2790000	2.6470004707245693	3.5283334857442545	0.8737691978464484	0.49793189327384113	0.2689025895305416	0.8487035057008553	-71.17121002967625
2795000	2.821357283019291	2.9501177990569043	0.7814857279802826	0.3106009121585791	0.3251176779013208	0.7185052767667193	-97.81384712748365
2800000	2.6875482593949416	2.8753084989614495	0.8974873664783968	0.4331317827921486	0.30932812383848546	0.7727542657542931	-87.2822432744002
2805000	3.0041473895241855	3.1957945854630174	0.8521844050922912	0.4636821184925703	0.22857971222859713	0.7341500382847987	-82.22377283732462
2810000	2.3787111078842784	3.4973264798879744	0.7944095235839397	0.5421130388361058	0.2732771341165353	0.8810717839248894	-56.60170851956496
2815000	2.2046856648839412	2.3388911654368507	0.8213623545858763	0.7398655430540092	0.20391645495574623	0.9860300721753315	-40.59090400270752
2820000	2.9735512511736837	3.085105959885994	0.8122712503600834	0.46419477646064317	0.24087359088536855	0.7778907099684257	-81.60304277792582
2825000	4.618779584344572	4.820259887155988	0.8344917930624032	0.45694241624435633	0.23496162405011659	0.7086785438474551	-90.83483647920758
2830000	2.1906959780677604	2.6650819796704868	0.8674081758875133	0.6108233078697244	0.20700672278546253	0.7573090129114303	-76.69358514699942
2835000	3.048640085815569	4.317943156508547	0.8806469743576777	0.5543386032827787	0.21497504187245148	0.7950618568101812	-82.02141680354177
2840000	3.4232983579707583	3.4960543252035325	0.8415285215903684	0.36591677849667636	0.29972517700882334	0.749695584602637	-98.51406605378526
2845000	4.23933124682628	4.877345002335581	0.7764835894448421	0.3660281264962518	0.27482690260230397	0.7034119313039887	-106.60650867148044
2850000	3.5847762534104257	5.188696676484497	0.736524391283527	0.5061566872757883	0.21697502932678506	0.8770192938937326	-96.66410024349918
2855000	3.882769227246511	4.6105919931950865	0.8542221676477828	0.38222061142520697	0.2295037926664035	0.8401519997998677	-109.53883562013522
2860000	3.1164604067832262	3.8922291915339384	0.7528082544871821	0.4706796761725722	0.20505502572009707	0.7343278538546998	-90.74683196977304
2865000	4.067047717715145	4.158172838353603	0.8026328267970292	0.378753111851455	0.28519748179737137	0.7135042318569602	-107.61897390697385
2870000	3.8440475727885963	5.99995810822023	0.7024521428545984	0.21250128385102773	0.4429174142931261	0.7450764706039968	-119.80832043558243
2875000	2.9530972822010906	3.4247707590013117	0.7937299545968958	0.5078120853675945	0.243570616842412	0.7817494023468264	-79.78912979860658
2880000	2.18134342701283	2.892360139843616	0.8182275693795339	0.6865154968300917	0.2142485301239343	0.7183061243966996	-43.69990338149284
2885000	2.4842787031774543	2.564725441246501	0.879159975035537	0.5484021589295085	0.20324776398498717	0.8556608910586869	-60.19963681715503
2890000	2.6006099961451814	2.6997924211470288	0.7042753195007694	0.7085719955980397	0.20400100913149075	0.8672271839573228	-60.86507478780644
2895000	2.247224620856636	2.4053211335044553	0.8876743712135157	0.6256789243291377	0.20727212109824736	0.7929930765883898	-56.59528914714689
2900000	2.6534094880509866	2.969103041375828	0.7444263698888459	0.671246830612021	0.2196384123515498	0.9812121500041054	-52.17165990984882
2905000	2.652125072889415	2.929894967749358	0.8751857175058384	0.4001257266853968	0.3631802018197733	0.7369651232575084	-88.95060951206756
2910000	3.7031551858950786	3.8143460852618327	0.8452909122529084	0.532092378255297	0.25621418353555936	0.8666428674651726	-80.7174079521493
2915000	4.389516364494974	6.445577200848656	0.8425683347552066	0.49825879891509367	0.21304884155115847	0.727118510534812	-105.4199371116776
2920000	2.7421307601327793	3.2960429031865592	0.8642616515703311	0.4786278037556276	0.26152649185011345	0.708993153351414	-76.11133294076771
2925000	3.522437383704877	4.727212700472859	0.7532122286120727	0.4655965197891732	0.2627154935430367	0.8920814762708446	-99.398489203928
2930000	2.9335645405841193	4.64264527540228	0.7774102993805034	0.5275926404064155	0.21675467262719966	0.888876623403275	-93.8608869121885
2935000	2.9173340157951757	3.329698214642833	0.7733757749240114	0.34629130600005803	0.35736684541377894	0.7473601719507175	-104.04977957515621
2940000	3.6471746735666435	3.905885447857595	0.7283001843180544	0.5094448886857224	0.23167151030054073	0.8390383467116462	-94.18248289140178
2945000	2.3230150938247003	2.992803139793558	0.8288672902418172	0.5363452058128766	0.21252825009339582	0.821379364672275	-73.55642787349757
2950000	2.9221249691057007	3.138974441952691	0.7942596543815915	0.6289050997996251	0.20360245099778748	0.7377829346038285	-65.68715976933535
2955000	3.8762602064343423	4.860986701699457	0.7660500172446792	0.5473585693765655	0.2162728046905051	0.7249269753944033	-93.8168675541913
2960000	2.2997954179603046	2.5376244815455737	0.8361904023696397	0.6390138618096218	0.2264785479015455	0.8874710132678102	-54.81411116482514
2965000	2.5097494056887992	2.7053460696671334	0.876059799441705	0.5151702104947212	0.2103781289361902	0.7358170952256204	-82.357115011252
2970000	2.4583881390526128	2.4867546424215186	0.8598355706622877	0.4442760683596665	0.24691301386083542	0.7610581116398741	-80.3168333042216
2975000	3.1097002048580094	3.2924085918558705	0.7528837551849322	0.5673725754992704	0.28653269741900517	0.7172230156552241	-79.6609855690491
2980000	3.4292625260304153	3.9607886806776422	0.7837995398485931	0.393602920620337	0.22487995537735112	0.703718850359414	-105.49257953885208
2985000	2.83468714731028	3.307802533796669	0.8153840634326731	0.4315071991633353	0.24849352081726417	0.7139643224772073	-87.54217695121454
2990000	3.5769653615901635	4.752212795570288	0.7313874747828587	0.39994410559527976	0.260073182009238	0.8751838939443687	-108.52647324810223
2995000	3.23853355165121	3.3757227838533295	0.8917698409769166	0.49666823450234854	0.2158599788891244	0.7933853078826191	-76.43032149119247
3000000	2.58313971166225	2.9725270349000685	0.8938894255429125	0.6038265121134039	0.2042520243683306	0.8093673545633132	-66.67022626610824
3005000	2.9961056656566365	3.506264193618898	0.7479159732365691	0.42013137540819895	0.2688566580052	0.707327757609155	-92.80389265196078
3010000	2.76233287418356	3.3646813328958523	0.8462483323056976	0.47924006774132255	0.25433632673758844	0.7911406356035426	-83.78748283616781
3015000	3.562714210312259	5.204080653972869	0.7919100115145641	0.3900854416838172	0.20049288796714038	0.7039493417785251	-109.74968524769565
3020000	3.0813131907706626	3.483543553822688	0.887268843468309	0.35624429041090694	0.2027180612677121	0.7711537562963591	-93.4836345820849
3025000	2.885497158399601	3.997386214008237	0.8242374747082166	0.5901767308264577	0.20507971720481466	0.7541294113536542	-69.52723014407485
3030000	2.497945577336139	2.5229958954160705	0.8906199777517435	0.5116732077834856	0.2600502617550407	0.8308078164012127	-71.10718927067339
3035000	3.384385691099884	4.4872053635629	0.8219484180365245	0.4037456311877217	0.20796744661010272	0.8109867656106575	-90.40495360217821
3040000	3.7379038509774234	5.317270171232478	0.7533395160260032	0.4296895980458084	0.22919433332456327	0.8642005898637656	-110.69559855772442
3045000	2.5967249308201263	3.1841429197269373	0.7497863025276156	0.46946477451038765	0.3517643632836653	0.7504011068358931	-91.5269282650701
3050000	2.8601011649939836	3.115295819636699	0.8773377636531815	0.5295376977084253	0.26176930549728017	0.7692981097336439	-73.13013498714795
3055000	2.6980933684052752	3.176979377117331	0.7005809885298558	0.5464222604712751	0.2096185145187649	0.8030676483704474	-89.28073967469106
3060000	2.8082708216954013	3.407317689227478	0.7559172361665228	0.5395930817443356	0.20871219929859303	0.8137975508314639	-83.37795032990653
3065000	2.7776828726966145	3.2209831853997004	0.8734268989017907	0.4717464975531989	0.22279200529646112	0.747749378637384	-71.78983369430668
3070000	3.91036724287922	4.1745666932592895	0.8903037566100284	0.438325743748908	0.22496421740652786	0.7669463438498426	-102.5064518615898
3075000	2.47592442293474	2.632336934132844	0.8883761352518033	0.44492855435941614	0.29675632947597386	0.7389665200589134	-78.74814918912423
3080000	2.611793512344828	3.03412447066723	0.7387962692783221	0.694238840450094	0.23858459265086746	0.9470929372542666	-60.67887433105549
3085000	4.188108945964624	4.369765621850952	0.8184300055800335	0.5187684369446304	0.22172430919650837	0.7477163581296936	-81.74848584306739
3090000	2.396710094530324	2.8463611665667807	0.8432743802512276	0.5115220999757215	0.20569772934937447	0.8602908544066784	-75.75888958106844
3095000	2.4926275252248455	2.8201884365733747	0.8904900185277056	0.5551065625152048	0.22892223684114196	0.8675594753696495	-68.88814216338008
3100000	2.4714940022901626	2.5488056491753457	0.8259912008030028	0.50793627441613	0.2610143161419844	0.7326601696029726	-93.74159535107628
3105000	3.027119730578374	3.0310480223367224	0.8671516397649112	0.603865047999009	0.20331592825191072	0.7460230862873058	-65.37289264650144
3110000	2.18134342701283	2.2060993138007428	0.824998717861247	0.6806622947827144	0.2051663576227504	0.8257085026923423	-39.526028057557035
3115000	2.289479231402146	2.5671148905920975	0.8372915516281715	0.7506831663802356	0.2176482162903201	0.7001146426466441	-31.298907848107383
3120000	2.578596971812999	2.6537391383265585	0.8044918708553365	0.7129733339701143	0.2044130995932493	0.8223127355460047	-54.50702734651194
3125000	4.076813831072852	4.409680705451526	0.7507268482042129	0.4124740915484859	0.3191274234581501	0.8177414074591233	-90.98297918192105
3130000	3.138177390222062	4.42029251486524	0.8631441054106929	0.4497483060324031	0.20071738655711518	0.7262817452916643	-96.53492727748278
3135000	3.8781648607035626	4.697034936946653	0.8183073260893637	0.5727831133985354	0.20469055963357183	0.7564228308019526	-90.09287233074696
3140000	3.453732453197199	3.7020397383940606	0.7465945808465856	0.42294105461074344	0.22791707916177448	0.8570140539340373	-92.938228293505
3145000	2.871650255510408	3.817531460209728	0.7328478260836957	0.6101331907014808	0.21140852019319273	0.7328212528815086	-86.11917389466595
3150000	3.530684075651107	4.567326426266313	0.8553766069793314	0.5172237305583046	0.20051475873973296	0.735082968085208	-83.49744248918245
3155000	2.679032882575701	3.2041595083423293	0.8729558593173073	0.410198496365614	0.2255913768006883	0.7077185944343897	-88.78594293842781
3160000	6.5686946320501916	9.728835824643278	0.7154727678728968	0.2619329365202645	0.3195694331473462	0.8164771615387009	-118.75480292935282
3165000	3.933757376764069	7.919913116100668	0.8280150985560801	0.46736596834510474	0.21387576281539292	0.7891975176833366	-93.61968240205513
3170000	3.4212238920707403	5.192026264231064	0.7691768337124755	0.5930097949528456	0.23323587588527836	0.7007562415082916	-79.01193382219259
3175000	3.9218383113268382	4.425457374284933	0.88166422162617	0.2912459014159683	0.220516830446024	0.7014009733831018	-103.19473096655366
3180000	2.6447646876367954	3.304193832035894	0.8884708587533184	0.36914088537464096	0.27427038064990766	0.7024793736860838	-79.25447058919929
3185000	3.15259535188169	3.288383612048147	0.8783477688030288	0.4954472391536531	0.20826656973496296	0.7999876216680001	-95.04055571272374
3190000	3.5564371649895246	4.98835046125762	0.7112769934012669	0.4734023030462963	0.21288159088832218	0.7321336215799498	-92.75226965487553
3195000	3.534087886133984	3.7629493033011485	0.8922060055217276	0.32169161232755594	0.23290370049602482	0.7157386543981386	-106.36174970012854
3200000	2.821458445526548	3.57562120872358	0.8686564606104238	0.5031499267748217	0.21456631615548913	0.7090882082758456	-91.34770996885703
3205000	3.781851831507363	4.74348145542061	0.7820310852317242	0.4628105591276286	0.3137884288942397	0.7239276706307075	-93.24229687274169
3210000	2.928971252774705	2.957522763239523	0.8266251871367306	0.633587136800149	0.20528145300699466	0.7188724008870239	-78.99667080402978
3215000	3.1653689992001675	3.327702799306365	0.8781256033953104	0.41483359493931493	0.25346952622173957	0.7647300193624597	-85.42344022077233
3220000	2.3166065543478753	3.4859379787571947	0.8937145529060351	0.5802966447408686	0.22218328119934272	0.7525739961436306	-71.49435348593917
3225000	3.1376534099246127	4.582744070083544	0.8526983367888299	0.41884066421457095	0.2708217298522571	0.7993000394656176	-100.22487526447887
3230000	3.4062114919348025	3.4253154621004267	0.7033547137005275	0.5381837142442881	0.231503531982974	0.7204533465717452	-107.93614496417962
3235000	3.0607005928687103	5.527655060603973	0.7982872564587581	0.35643942115107446	0.20302161311501965	0.7146749104329724	-112.48911427700273
3240000	3.260954106667442	3.4816853072094562	0.8426100034642506	0.4478991518053672	0.2154013394770684	0.7438879352802127	-88.48220941850991
3245000	3.5205253695791443	3.626278388331794	0.8938203312600252	0.32744341092669643	0.24577672293208014	0.803863500108931	-97.62668629689946
3250000	2.48402149720868	2.7163197598114226	0.7857050366349563	0.6028391363365275	0.21134812024559488	0.7102588563327563	-76.1008558615595
3255000	2.9086018870448096	3.569106204756284	0.8123871814129329	0.4010848935672407	0.2961196184720516	0.7246824924600785	-91.57414361351829
3260000	2.9383331065054397	3.678228779870099	0.8002156006722828	0.42531807201240174	0.22069090374870504	0.732705639218858	-89.79373599929403
3265000	2.645818360323235	2.674622422247197	0.8642273743518855	0.49360158999673714	0.2820054595049862	0.7083054663745411	-75.39853467626585
3270000	2.2276626713927077	2.8473362920673035	0.8608249644780396	0.5962643179955351	0.27690141998325873	0.952052957978075	-67.67368184655558
3275000	2.733335447243459	2.771264267708727	0.8254314087287139	0.47490215737449354	0.23210474677234375	0.7648667674776463	-90.13089039585978
3280000	2.8384689316443406	2.842699284116699	0.8567373983016511	0.6741091758800003	0.20422754748324326	0.9846500955991615	-64.93508643249444
3285000	3.939551575187693	4.215990158741358	0.8077761466035394	0.5286092449928022	0.22423336128711652	0.8342323119243567	-88.2187405424178
3290000	2.7364933482026403	2.8151162489497534	0.7822885083131166	0.6076237285846876	0.2121648150147255	0.8424399441360425	-76.23013537784806
3295000	2.1830466420045496	2.257518158155203	0.7262175299968828	0.6871520517822692	0.23945229463775428	0.7729384742678806	-61.69528821927381
3300000	2.270122775651837	2.289107220977658	0.7415559655857168	0.6550895212262492	0.20033850213533283	0.7622650938886222	-58.4905808545057
3305000	2.9813931045231437	3.008177649429593	0.7222203238570206	0.6108384145136301	0.22304763461038557	0.7192909130954226	-76.97385172888221
3310000	2.533056727610358	3.478348081262598	0.8117113811629123	0.5816891237784503	0.23319280733958916	0.775099044265167	-71.2522031130786
3315000	2.623849393501641	2.6707395197522823	0.8628198823965801	0.6156069832760038	0.2657880598233304	0.7914673430665313	-58.743151417832166
3320000	2.7330570240164236	3.8762636887424335	0.815711577714464	0.5102631291846037	0.2147747951230613	0.7702335132915809	-81.30726669684995
3325000	2.6604472841487037	3.136271540555556	0.8561348546059568	0.6066612222831328	0.23274603056494902	0.7101799209013416	-70.20857265937508
3330000	2.267682682745355	3.0840687567113623	0.7777850211220012	0.618988038915318	0.2378494988932308	0.8450238870328903	-65.10313923580625
3335000	4.314061519764792	4.3786511348602595	0.8137491470480155	0.3999925381481648	0.2096508017463785	0.7194463577274836	-102.28313779734862
3340000	3.0436983948479597	3.071233297677716	0.8030046430680211	0.502518647280382	0.20302784196925294	0.8230382612507288	-89.83528840428764
3345000	3.0413404189834554	4.668254362419405	0.892448757886132	0.44770970165445056	0.2228560112046209	0.7660519087684768	-92.58545146763981
3350000	3.8095020432509235	4.902864942123395	0.7119357585922913	0.414209882256881	0.2646725490055725	0.7054891668501055	-105.92832381613957
3355000	3.5058891252991526	4.003919826833441	0.723102955233276	0.4551824902733672	0.27350870658161175	0.7338884653165034	-98.21361057023205
3360000	2.9532001576580473	3.160284530511462	0.7597190867029807	0.41620149951383084	0.2765193585295478	0.8672369197105875	-92.43908327966597
3365000	3.6021277572384194	4.049657986732232	0.8207576517870534	0.4982217560401401	0.21412768100399887	0.7168987799443483	-92.31370833494626
3370000	3.0441486541139358	4.705993005905699	0.7321511146134883	0.5025809538883405	0.23220407506504365	0.7720855474192561	-96.6426143537742
3375000	4.348785185354469	6.065455839594237	0.8637799215739911	0.2503214574457232	0.2367125829365291	0.7265958707654914	-113.8726904919109
3380000	3.5561813587990194	6.596084078349152	0.8990217871103638	0.34764714544756314	0.2176548325559509	0.7013097174121624	-115.67635048354038
3385000	3.415561188052577	3.9360543518329574	0.7205286134646884	0.4508607074027252	0.25885263500061784	0.7181393797866973	-92.38405074833457
3390000	2.5499159474843895	3.321647532678978	0.7758401004085846	0.48060288955739633	0.21003941201320425	0.8046417839458835	-87.36364412354914
3395000	2.299112916389403	2.4971439462273617	0.741804512214928	0.5613312023724296	0.20504455347884346	0.7973865718266115	-84.12967899569708
3400000	2.2942723497230837	2.322064221783461	0.8750513639963545	0.5482619304929525	0.24224703637144257	0.8354536125686343	-59.82290661132578
3405000	2.184331321361054	2.518750799057053	0.8811418999204725	0.5560214130461728	0.22919891995740918	0.7338335398618359	-56.394385955081724
3410000	2.4737203053481993	2.585410862850021	0.8402050341443396	0.6837931606263287	0.2179368545467935	0.8365466977647407	-63.75761320521942
3415000	2.8762808036402396	3.7810959730920755	0.8450139779760816	0.5116258348522043	0.25816948209944834	0.7548911551620677	-88.94328353406735
3420000	3.9154472476587197	4.338844756474653	0.8411504737302687	0.24603489065508566	0.28615533072472976	0.7290652045762148	-107.49913625389559
3425000	4.538750220078626	5.118198812397512	0.8141058713945721	0.3792820152091411	0.20885333318229476	0.7195609739378929	-108.41647405245033
3430000	3.4072674049642524	3.526556974710662	0.8953455700558682	0.46824512198139234	0.2129394015592321	0.7944035412297532	-96.97913111038986
3435000	2.659429116144124	3.6284975482254613	0.8362834094398295	0.5700600878003838	0.2603014659044834	0.8565801480338712	-70.23667613216926
3440000	2.52381408338303	2.719487455270845	0.8938692714986517	0.48743473622567474	0.24591955151654898	0.7447296140114195	-80.52853495139507
3445000	3.71605796775635	4.0580029236400685	0.7000352422868339	0.5930393576478836	0.2005663028383554	0.7952554841995076	-96.01972165612187
3450000	2.68463425433994	3.6004295733719363	0.7483469898638839	0.6249019106916159	0.21720263164740367	0.8040698929434105	-88.2358882912323
3455000	3.9455921685806477	4.264203753217174	0.70681699244257	0.583788573528899	0.2481628582298229	0.714000011537895	-84.99359142572425
3460000	2.895966545880126	3.3867512364026653	0.7548319110704513	0.47264390624527225	0.24409014386901667	0.7420274812251337	-92.69509408111392
3465000	3.4180262627026337	4.281431417580266	0.8854048019989158	0.35854648569906483	0.23650644444494595	0.7173862715951282	-97.64366621538582
3470000	3.3398376927101543	4.24818696809056	0.8515966521413822	0.442783434972579	0.2195907882451061	0.7523612787180096	-93.76247789932694
3475000	3.1221179367295924	4.463304871833124	0.7511177016510691	0.4172000762711772	0.21826447636245064	0.7398604641105374	-113.45375394998317
3480000	2.739404214334643	2.945569264989368	0.8204500191668652	0.5606499228222903	0.22270889289678042	0.7199276262863872	-70.64513598897602
3485000	2.477911089471964	3.1931911414680076	0.896620360360489	0.5267299327325613	0.2201879669135869	0.820365624576609	-90.3083571825006
3490000	2.3483878979292534	2.5214316510382315	0.7428496308907699	0.6084272202230298	0.2768661863835253	0.9160802069692532	-73.63969799296765
3495000	3.891734334131755	4.001187793205574	0.7212158099591244	0.4848260659497849	0.21037161396055315	0.8340412281676962	-98.4751394815685
3500000	2.892510128213265	3.5088207790138144	0.7580055341480005	0.605348312236769	0.20593343225528665	0.7194123712113928	-71.5542675472758
3505000	3.0667270784920992	3.302036531316171	0.829464659213978	0.5222181219649197	0.21894984823552335	0.7757661877467615	-80.1602174392076
3510000	2.543997823084191	2.582634060745785	0.7728588694934031	0.4706376373965686	0.26547730952069876	0.9359253530536858	-93.64478783521852
3515000	4.083532054481203	4.949730723697664	0.8991798093769573	0.3332463002790336	0.2726819102054641	0.8142087518526976	-107.51149287824393
3520000	3.3666029789338925	3.481985529535344	0.8609513343094625	0.3440593310897028	0.25706200474252366	0.7372302907923532	-89.69043072381035
3525000	4.512334896651948	5.831536758394416	0.8530966868576131	0.335980499529347	0.3101603966761813	0.7065002676854847	-115.39255542257638
3530000	4.334339257284257	6.877389003845373	0.7954919468091637	0.32196337364497846	0.3160048442184016	0.7708424101206706	-116.58771589410719
3535000	2.53591430693752	3.507201796257098	0.8944136668473133	0.5677299696135922	0.2014568804459933	0.752444475703149	-87.99234420814929
3540000	2.41009122132739	2.452422504142905	0.8283099190455194	0.5755512797943938	0.20825717931828983	0.8762511678984315	-75.8931407053791
3545000	2.3135290736356873	2.3158104795315197	0.8833084100465275	0.5871114419969147	0.23628961737819595	0.8164423870278319	-72.61117986636225
3550000	2.464900038152083	4.351060447497543	0.8043004310800272	0.6310848697048711	0.22513569419359294	0.8035287736295372	-69.14291661514702
3555000	3.057173735728325	5.091582223016057	0.7870493929642141	0.2595799709874852	0.3583239254061617	0.7137538720445347	-105.78477551791855
3560000	2.9326056331583645	2.987691895717389	0.814061902516365	0.5576016527833403	0.2023722498605394	0.8056456755752786	-101.76083146777236
3565000	4.644152894196037	4.790221977228039	0.7737023946567445	0.39849723159362005	0.24733330004901252	0.708706103281912	-106.672675624557
3570000	2.3295867726358885	3.4793412136906525	0.8734068050918703	0.5867461406907957	0.22700194746781713	0.7553293880902241	-63.158711616107375
3575000	2.594986252664415	3.569623429114271	0.8180809143207125	0.592677537566331	0.22300114237349683	0.806834884579851	-66.75870780302631
3580000	2.490220297069412	2.6287398464700167	0.8528133156883635	0.71531208050208	0.20522244158103617	0.7879584598917705	-46.63583160326084
3585000	2.2484473496473245	2.880747390703474	0.8852197607263305	0.5474375190224064	0.20397621960312046	0.8439584501387974	-70.42722689197487
3590000	4.167160724889546	4.454630352846749	0.7805147822949604	0.41455544364105623	0.3226312012561454	0.7786669898121115	-93.94961325652218
3595000	2.470378152134924	2.4835217107424103	0.8854769088836034	0.4968533396419473	0.22620303170760814	0.8011301620986591	-85.26139373139068
3600000	2.8964605967904578	2.962978757840361	0.8360686233803296	0.5996348354207112	0.21386508984379665	0.7425556155382463	-77.31329774954906
3605000	3.1433893490848748	3.4659123383943133	0.767369073365761	0.332641624216542	0.3216353983576229	0.7494406043473872	-111.20102429246691
3610000	2.725451237440364	2.952915865218336	0.8306452471756766	0.4934176077797289	0.2407561202193776	0.7941404724678323	-80.68011677290824
3615000	2.317304688332899	2.6435126412773595	0.8364764483390168	0.2925363120098708	0.4414493561959535	0.8119703409752307	-92.89805459832135
3620000	3.0920080757304347	3.2807436952118896	0.8163917234404605	0.4066759360773447	0.26226490236132965	0.7647607022967544	-94.46331977518287
3625000	2.549913322343365	2.718709669217882	0.828118995043815	0.6054158109241985	0.24126317033877076	0.9386805773388558	-75.30619545171268
3630000	2.382170094521003	2.5011484111991527	0.8030180776650621	0.6717604297070595	0.23079751457020267	0.7850347670192421	-61.06683597950997
3635000	2.6385991966226294	2.8178427465607854	0.8181523077073303	0.736786382309697	0.20394555598680741	0.9951054254683553	-49.62799798131221
3640000	3.092866564368421	3.524470506767006	0.7945444197294002	0.46458889890571303	0.2099718099556446	0.7027924304788139	-83.15814765816313
3645000	2.6151768337821535	3.7326405612970537	0.8190177408203178	0.5165141656580546	0.27679734920345384	0.7317558223250674	-77.26395682994712
3650000	3.8801018402369305	4.2678714520136305	0.8719674931459551	0.5382584728091304	0.2089039490707175	0.8132085799921823	-88.82314132111657
3655000	2.7854981443134705	3.567496443491899	0.794558317517962	0.4636178395498516	0.29987022701528065	0.8676030882083919	-102.66422897016042
3660000	3.408795421467784	3.569063551020155	0.7081903009860114	0.5137681069468862	0.20583458316986233	0.8096564222156266	-96.47318727275169
3665000	4.546148621866169	4.6619105201606255	0.8903853887133872	0.5294550902352209	0.21686577648693198	0.7311319624814904	-85.22368005032618
3670000	2.6496805979697067	2.831734739981845	0.7821167141553554	0.5813857120132416	0.2017514036541344	0.7969044162702625	-70.78108407551622
3675000	2.18134342701283	2.5391257133484926	0.8904911708803689	0.4980578353927254	0.2418608865937386	0.7192190839922414	-71.63777913321147
3680000	3.0999475111165617	3.973853677198292	0.8697187868432458	0.48074080054612023	0.3191136031475397	0.7968038593451635	-79.74703372057999
3685000	3.8507052047967973	7.666792538776934	0.8123614276633808	0.4212859263120442	0.26962883230403595	0.7238999377266011	-107.40307474172181
3690000	4.128057309536988	5.101127583718747	0.7574537216461139	0.40587000709601867	0.2639337166594817	0.8553527521155011	-117.27235528388078
3695000	4.402690730925166	4.62181421905995	0.8980022531472283	0.2300432303671358	0.378142727596158	0.7150008358439671	-109.95243073002018
3700000	3.5719780691922143	3.9908852480606196	0.8751279644473531	0.29015393843680326	0.248357929362456	0.7056108807861758	-100.06968770266599
3705000	3.0816803794589194	4.02328041416419	0.8778917436352018	0.49487399132238197	0.27052630257838395	0.7588040111687795	-86.07918540078904
3710000	3.4414712366549596	3.928362925284827	0.8763824478449007	0.5684350220752807	0.20723438657194682	0.8735297952597038	-86.72183691176903
3715000	3.329557009613801	3.4288890563166023	0.8394324313337611	0.34757987276994295	0.2043036996081941	0.7316099585861013	-102.36049431229807
3720000	4.5694583713073325	6.455258450028015	0.8475319339417983	0.42239018013378277	0.23009260784530153	0.7012305256228129	-105.11391473514325
3725000	5.148458277544286	6.344209541354505	0.7048988260900301	0.40637365890747795	0.23781736390587904	0.7025693882862223	-113.84028072629252
3730000	3.9379785575551485	4.7352406921885715	0.7368658476292154	0.3087265273331991	0.2514856781991732	0.825908212643892	-128.10527068234472
3735000	3.0318776345280383	5.09385825702212	0.7854224229857777	0.48223403374756324	0.2014899290264434	0.7995457189581634	-86.00505978187641
3740000	4.243682538534695	6.649250073190475	0.8571937980817517	0.3225760794361385	0.28405826806467477	0.7282645300992766	-127.87574742948613
3745000	3.687806022850081	4.196470360965967	0.8090488017129429	0.35122166887790246	0.26696456008115016	0.7653350918483882	-117.2934993549587
3750000	2.9118091622975175	3.3034517545553967	0.8745111948129197	0.41547185825355254	0.22147168475688128	0.7573359091247078	-94.86560772284204
3755000	3.1177474053669423	3.191225321658112	0.740163306490509	0.5279325113580231	0.21012326653997365	0.7167306418453824	-92.41748705412007
3760000	2.972141525005783	3.8634958127506005	0.8337364587539672	0.5429768206571033	0.2326816818086619	0.7738677494710078	-76.24478298075513
3765000	3.756551154653867	4.361273988061948	0.8675756412959564	0.5303610436876443	0.27525083231312025	0.8661118567375838	-95.84472514499726
3770000	4.268322373678289	5.078386468593787	0.7322148180486917	0.23035472230979984	0.3290007966825316	0.7464481626285977	-124.6601436515611
3775000	2.9758793070504588	4.705463155661552	0.8481657894688661	0.33873896121734304	0.3852801690076373	0.8621157493139495	-99.77041420001675
3780000	3.290388474578156	3.846037792391579	0.8514852951294702	0.4736670553990884	0.22625089287764985	0.7024298699728273	-87.00919799743977
3785000	2.6393646909093467	3.6085884350994295	0.7205425115259422	0.49745192237576696	0.22782282516669541	0.759128865617921	-78.34910335098436
3790000	2.357218787974532	3.0967747306490874	0.8579756722453696	0.4804332214457546	0.24382567653517148	0.7431835923943098	-79.58513847617007
3795000	2.8865369572527015	3.401413798406134	0.8493264242991823	0.5074013936471384	0.26896016976628995	0.7747919497059226	-79.66757458532638
3800000	3.011120004450238	4.09274079629463	0.8934027048541603	0.5685243020234801	0.21561547023777217	0.7227671626075464	-61.65175619376911
3805000	2.438739793052678	2.718822640967062	0.8348015462942311	0.5783264676835587	0.21461018936456353	0.7454507212160262	-78.4543257424358
3810000	4.046347315268113	4.539097416418721	0.8904169239851485	0.4728444406012406	0.2048704350259731	0.8349850537261674	-91.0549317001088
3815000	2.533262300242551	3.6275381764866217	0.8443334286809503	0.5049223034891442	0.2055798981623134	0.7571398256800481	-81.72970482032409
3820000	3.592139126692369	3.748291938680213	0.8177772234130277	0.4724000993187683	0.26865364709054623	0.7938657056690613	-92.93073214811753
3825000	2.5117551692270954	2.9014829857272635	0.8470684543058563	0.6499369699603963	0.20696720146404662	0.8387651189315123	-73.67782433415809
3830000	2.18134342701283	2.925431730959314	0.840374369969906	0.6489304096381294	0.2043172427513501	0.7882643412121432	-56.259681671580864
3835000	3.1284312577712785	3.172887337950297	0.8864275389256507	0.47630337751294627	0.20030791965481487	0.7739212459978727	-82.79859443404854
3840000	2.985506085980673	3.834498705513564	0.7093944629174229	0.44726109184792223	0.23502520319686163	0.7503304378077542	-92.13833336774826
3845000	2.5839796049774377	3.427823213479341	0.8702836717625919	0.55488493422857	0.2240964308265896	0.9406528688390132	-89.54218410867094
3850000	2.772663782501275	3.94829293285524	0.7281461206105535	0.682090761619157	0.24222650434491036	0.7036509995210578	-69.77337953874255
3855000	2.972570404684149	3.125871759591774	0.8487883064345816	0.45706550838556975	0.21432668054164136	0.7163672430211135	-87.40728297852556
3860000	2.1996014641291337	3.8142252037965716	0.8490052523414664	0.6618179193356849	0.21172615836066083	0.8269146947237268	-57.6463583406904
3865000	2.473965046103741	2.6995454681268765	0.7497440124136134	0.681323598106163	0.21262959594492534	0.7957350669317377	-63.295895326449205
3870000	2.698710197594208	2.8136896569598413	0.8254266489875914	0.5080221074413118	0.23597149353832894	0.7143052933166517	-81.70118314507715
3875000	2.7091041515260375	3.7137890923874584	0.8730749900089958	0.5176940777904042	0.2229239215283991	0.7299908310077892	-79.90648306467614
3880000	2.655934074001958	2.9667120653936725	0.845615108562582	0.547134135838105	0.20833988571991202	0.8457173459638938	-71.32164490024519
3885000	3.2296618625167257	3.2753640905003194	0.8234297822548258	0.54696755735457	0.2580957129338065	0.7776526931961117	-84.75286666505684
3890000	2.386539994730625	4.721214710712799	0.7773842318525434	0.4877145788284694	0.2815858559465509	0.7533380305537204	-86.86978744054394
3895000	2.5767539657854455	2.7720806751593963	0.8731878930434569	0.4932723378985873	0.2020072672536226	0.8687122067345496	-62.90852011858458
3900000	3.1450963645020904	3.4828795057206956	0.7707173988143501	0.47866315110814706	0.2544434969849293	0.7280107231253048	-98.08413215961829
3905000	2.746273727622826	3.5558440589566316	0.8995251724319694	0.63489552859774	0.2094809849086139	0.7519103260664738	-69.46737819524503
3910000	2.953927841041613	4.407169279029656	0.8412698051005368	0.4425687089361359	0.2619450529438531	0.7341682227883267	-84.06031767644745
3915000	2.520465357853125	2.9086905226835373	0.8339605403944744	0.4124046845838383	0.2489244175966107	0.7353984629988484	-89.81109207515496
3920000	2.69969756791911	2.7529224909349392	0.8669457450497858	0.43988888919036506	0.23569493744227377	0.7801552255358422	-89.64300751219264
3925000	3.029486649861031	3.5981875580564235	0.8993219088270392	0.5074219015111407	0.24698208558613832	0.8899377130737606	-77.01209326690508
3930000	2.187052476330538	2.228889607342149	0.8692235036912799	0.5662916467901109	0.21028550161213283	0.7484342309532637	-67.38638634816292
3935000	2.2897983417584697	2.4081475975026234	0.8980182864836965	0.5694731212126486	0.2239314723055573	0.8672432698504118	-64.96765460777385
3940000	2.3519896898419614	2.6788136215778944	0.7106578442893855	0.6859740792081179	0.2012393631575381	0.9496865650611079	-60.68957472457692
3945000	2.6796108596453028	3.442342696043825	0.7534340464101402	0.6377644717929419	0.2092822871450018	0.7752403313848274	-74.33047034658625
3950000	3.3238987104458424	3.358102423778788	0.856300736096229	0.531740081338351	0.22004603765245656	0.7308431072295583	-84.20556043900658
3955000	2.5893964591315686	2.7673556006297972	0.8635069084014723	0.44609582022598104	0.24350007707609825	0.7155354191672493	-80.32676939870618
3960000	2.513959255905015	3.0136357429775456	0.8546335389488573	0.5332097374160518	0.21048437164132228	0.7079871105025219	-69.30940199390855
3965000	2.879604917333446	2.965496730567525	0.7505516077894852	0.6349613336422272	0.2027240582155506	0.7730611185206817	-77.67234541264048
3970000	2.18134342701283	3.1520918895735934	0.8665880048080544	0.6069912453752706	0.23127897779810846	0.8723886125343039	-55.9546040868167
3975000	2.268781759366368	2.503513011026729	0.7551791277148815	0.7144926330343493	0.20455137572758925	0.798478915131973	-53.512978724776126
3980000	3.1765896108430853	3.912684471096547	0.8974059996280033	0.38812864335114433	0.2681129544029998	0.7189752219371465	-108.89522477041518
3985000	3.3874609366312276	3.851951705203533	0.8229337328580992	0.44342818644543475	0.20335200573189705	0.7595586319216261	-89.10432975232627
3990000	3.128717889055384	5.520656182873409	0.8125039714977454	0.3774749975371814	0.357594855239517	0.7854038798463783	-99.72473967600723
3995000	3.0518817473503597	3.7877057508869227	0.8125942647843585	0.4540435171772249	0.2560219963369495	0.8136451821284425	-92.41909894312371
4000000	3.979927465640643	4.343188861277922	0.8955548997224686	0.3881539583608848	0.2452285433209778	0.7156681970254256	-98.83640361987085
4005000	3.822738701105934	5.392135008588997	0.8321792047717589	0.43578669209901755	0.20415603599877927	0.7123159470054304	-104.58875254442108
4010000	3.0264679035955417	3.0328748045653735	0.8131251767353703	0.3987657101018281	0.2636384737560626	0.7912936199546203	-90.41701464980719
4015000	2.5418535243486424	2.572946099695637	0.7307759432051766	0.5544816752127558	0.22259848288957973	0.9328579788573573	-79.12329184405013
4020000	3.4501868916480807	4.02280575546904	0.815930486192047	0.49014798744226823	0.23249316281978522	0.8450506119489417	-86.03489277739354
4025000	2.5552555814146443	2.7327073171637317	0.8313487064218825	0.597399953010941	0.20675277351270813	0.8052168872038505	-71.9509552448385
4030000	2.276465737554613	2.392508931681819	0.8985630542784999	0.5439799869086203	0.20577396274853788	0.7165283501585675	-71.6783644989755
4035000	3.0110948935056445	3.1081325571820795	0.8868326710265008	0.5654193565338177	0.2236874905000001	0.8598318856629298	-60.74534159466554
4040000	2.4016775937095343	2.9481836304969486	0.8547164936177418	0.6126504823747987	0.25312173808600325	0.8078932194794514	-66.7049962215743
4045000	2.3367319905951227	2.9564439969444676	0.8553064032759503	0.5895780037327047	0.23642682325958728	0.8705984768033378	-64.3061869901513
4050000	5.239528977306509	6.347210779198386	0.8596100589012718	0.4029302548803038	0.2625882903416583	0.7985449657829735	-101.24376758119607
4055000	3.666789043954724	5.111496883896031	0.7887349503829896	0.3246857867743679	0.2699579259594589	0.7239095359306525	-109.82700626190021
4060000	3.6731523024009016	5.092235214739592	0.8822476024594486	0.4388753491470449	0.2195210472618246	0.7248415389540416	-92.75404160375257
4065000	3.0433462242377725	3.9279868136361897	0.7465131803767305	0.6154013330313612	0.20491326353771291	0.7677309360823911	-73.73904176444591
4070000	3.752127713346108	4.683604861854535	0.8211506066948215	0.4363921256057475	0.219820078154067	0.8221233587716001	-106.32710635531888
4075000	3.826947558982153	4.130721081971026	0.762131553283251	0.43376928181206587	0.2596532413072647	0.7217598642230469	-107.2559283739204
4080000	3.1287316832313574	3.246543271944477	0.8159233145783686	0.4677058292066843	0.3213167259339824	0.8732084822744731	-91.60850415599319
4085000	3.2242461758810865	3.8907180772792094	0.8276975881018493	0.44932988497966886	0.25487538198003007	0.7017263578259685	-100.46178122941399
4090000	3.1452487361170753	3.613591358013512	0.7605878142898924	0.5610332432250045	0.24724246526909796	0.8607283683513418	-60.41297492031048
4095000	4.073542924402926	5.25486322008186	0.8475539288313819	0.3491575186931323	0.31185813284414904	0.7070870289614147	-105.30418127675696
4100000	2.8809404212373924	3.044724285665564	0.881148971450709	0.29098368068229347	0.321658951911427	0.7060630850486155	-93.86669363696919
4105000	2.18134342701283	2.8808313115267996	0.8638616828008108	0.5817120127662876	0.22127470499357316	0.8196709102834674	-62.05461419031476
4110000	2.840007739394571	3.21953951190828	0.7810721039442257	0.6006264031619497	0.20972209534377054	0.8683726075955213	-78.67267847686557
4115000	2.3506484566516677	2.4045220990176355	0.8242314164167726	0.585387625831765	0.2594256491260872	0.7683273130914082	-89.6753142091369
4120000	2.555930538203952	3.065335837609305	0.8022727936589831	0.666995487637116	0.23002094518684266	0.8034857653041455	-64.44500926959836
4125000	3.047137847734094	4.338103922704425	0.8889695341085954	0.2557302304856165	0.3454133016930288	0.7420508212884833	-94.97241485508343
4130000	3.2186052326985948	3.4798501064768974	0.7408399678281158	0.39017979016326665	0.3086104172275534	0.7383569250435079	-104.70353547831934
4135000	3.2114729353999127	3.3950195577873092	0.7877798442821828	0.6122613140845667	0.20685149358060273	0.7679554177680407	-75.4900458036258
4140000	5.033385107813668	7.149448258405374	0.7886640107367708	0.258789741611793	0.21592116592181873	0.7055767500382556	-112.53301285161578
4145000	4.8518061901572205	5.448362228599861	0.7271485307722216	0.34648177962476523	0.2594814458528324	0.8124618109868386	-135.7419957168528
4150000	3.784741511363399	3.9230566172292383	0.7478826505948337	0.44833149607202966	0.24750173526928074	0.7470923849957591	-105.72619614616534
4155000	4.36531035564454	5.184969838293699	0.7591953583826038	0.4767797363958485	0.22714620615237627	0.8470156001391081	-106.85955867683614
4160000	3.3488344136763506	4.313902926582138	0.8033168983487335	0.3804396190481479	0.23537157900504793	0.7212361472395092	-98.55758247858941
4165000	4.645221212280583	4.996345862119469	0.7006010728171483	0.38462208320959496	0.2678695384765267	0.7432659115973043	-109.96150438714093
4170000	4.57487513403746	7.239483787080484	0.7121588308265836	0.36123873765203895	0.2354938703713717	0.7290623281486726	-120.26270807840473
4175000	4.13522206514531	4.4854105753145	0.8664528313312627	0.265648582647516	0.3279052378597799	0.7257314765870496	-104.33964703039342
4180000	2.454273909323119	3.919024801208019	0.7097260153080616	0.5794256070558266	0.20177993254542367	0.7077443753178867	-84.71241940747535
4185000	2.328573786455753	2.5038477187346793	0.8204260264576515	0.7315878446869273	0.2064219388587887	0.8836196927114919	-48.70499034446996
4190000	2.18134342701283	2.392652373397781	0.8600116724741736	0.7716599801087493	0.20910157808363883	0.9586313830573335	-31.676305669377705
4195000	2.18134342701283	2.3201277229792563	0.7918154353513387	0.6072721210895856	0.24418244119337704	0.9627890811377827	-47.41714377145826
4200000	3.2016386891234574	4.028012191011841	0.8379263185315913	0.382895493703891	0.24826912431272657	0.793655491005963	-89.93694555430633
4205000	2.382343860354817	2.6790959700913515	0.7720543424322482	0.487952122888875	0.3092161410007049	0.7047430068009024	-83.2655693374738
4210000	2.9203817391949496	2.967419033256209	0.8663660431995986	0.4880759723774191	0.27043227385523216	0.7389987322296823	-75.76802792302254
4215000	5.907609400111978	7.674569514196612	0.7595526422853291	0.3460346483855457	0.23681338641313002	0.7050313944205641	-126.92590093961556
4220000	4.083962450432621	7.136715780893048	0.7603583835022338	0.2463869186033341	0.277898512351516	0.7031279336520251	-115.83357118347291
4225000	3.332631017187642	3.449700884709798	0.8872584179214733	0.29874614593728216	0.3011242093639214	0.7500989766645884	-103.61277363465445
4230000	2.972820016591648	4.4466923808272805	0.8103708406668583	0.5882638133878494	0.20774865487079178	0.7404046906622187	-81.47790301223725
4235000	2.5220571475392792	2.9591175650326518	0.8176463707520911	0.5652673773011422	0.2000424211417488	0.7086959988624312	-89.3943783379604
4240000	3.7915597983813987	3.8752800737521818	0.7331300353053533	0.3660682426155341	0.3729157853753874	0.7801925642767608	-101.83694566454685
4245000	4.009883437022334	5.517028925584163	0.831751029568112	0.5165107417857074	0.2197621913386712	0.8540395389747929	-103.04319695510827
4250000	5.050227318293746	5.177503943491593	0.7685969438251922	0.27164334502240284	0.25522123169646993	0.7061854888382867	-122.25180223881966
4255000	3.6925909729275603	3.7575540923995048	0.8735930235651211	0.3997281627549898	0.23132497020609802	0.7314632793034813	-104.8007974143456
4260000	3.55623456452055	6.594928674352185	0.7537333712992244	0.4426061467608997	0.25266243366935953	0.703136577898507	-101.72905981855567
4265000	3.9677477056819788	4.49966161766797	0.8997024475244345	0.4917784509245978	0.20568146625169104	0.7512301631426904	-89.80833987560428
4270000	3.78115517411774	4.424542096403762	0.7324060636568578	0.47294739666184926	0.2138213389016826	0.86582308885458	-99.04939841583106
4275000	4.0765901847825035	4.544569797372508	0.8866829578973566	0.25222346379577765	0.3074882722277901	0.7307147419891333	-95.29425695130061
4280000	2.468273574787936	2.6067824306774674	0.8692810837020638	0.6227509727463361	0.2518844613368035	0.7863803518409133	-62.58709577112559
4285000	2.4905949227263147	3.8921181816516897	0.8081138928688381	0.6225027349618176	0.22691937298403525	0.771671669408686	-67.40659854342994
4290000	2.2010249908593584	3.262479553190963	0.8580954232565123	0.7496551983994173	0.21721693789458352	0.9915974015725765	-47.15734200201859
4295000	2.851415338443892	3.3374894661970886	0.8409246790599784	0.4156981264802122	0.21130738834354443	0.7222236685623981	-93.60848861004882
4300000	2.6946823831741966	3.164727419657845	0.8468582361420046	0.4896749509884874	0.21354728686654315	0.7256617320461802	-85.3139249598531
4305000	2.376233550618256	3.434588870682363	0.8509252053196301	0.5782452944332006	0.25733700630627665	0.859798054139612	-59.80143212429737
4310000	3.632462622677691	4.621050297500269	0.8958706769951548	0.5825648487994081	0.20319485142692767	0.7195773731989638	-66.53969348488016
4315000	3.552848427862632	4.359645740186226	0.8955771758475314	0.3577337762666014	0.2123643935190305	0.7303387448036539	-91.99661927610092
4320000	2.6451367283573215	4.118984269474401	0.797356061027256	0.5148362687444558	0.20605488846506148	0.8420168059779316	-83.56273241556622
4325000	2.704580749211436	3.5715460738186504	0.8060730783963128	0.580308905827287	0.20242582686915314	0.7743970666129664	-72.65611526144971
4330000	2.934559801747566	3.4122093839506613	0.7946049422278765	0.5441651587927719	0.2018803407943192	0.7538197403071368	-80.23797233543894
4335000	3.2324691040716234	3.575333724457742	0.7332464801597715	0.4174163405620335	0.20278541146315937	0.740242037973421	-108.10463040944535
4340000	2.9085647772487895	3.411313933945032	0.8375787029150327	0.45630729546651966	0.29565298933176615	0.9252474516610466	-86.7697248647975
4345000	3.155412891282698	3.741534336607855	0.8981593854207897	0.5063970369713218	0.22069062939149825	0.806491788740292	-83.58734370954639
4350000	2.8680322913537926	3.4021890055548254	0.8629191987220695	0.3609729584642433	0.25169698554687536	0.7395771337309949	-94.55430513988236
4355000	3.4942396187201723	4.25815895548787	0.7606394428843041	0.4746366796237511	0.2617684020138619	0.7257180014146162	-99.15524209915066
4360000	3.460277944169547	5.708749376822156	0.8825101507733162	0.4114641665869584	0.2171926156090953	0.8492422466920472	-106.34555072568853
4365000	4.030490290713111	6.612245824318103	0.8109100245947735	0.4716164813221478	0.2412713565074098	0.7427952970842021	-97.27979362475878
4370000	3.81522384935688	5.1354842629091	0.8709780211279516	0.4464005126148674	0.20876304961363154	0.7008284587401687	-109.96076489991344
4375000	3.552634068697543	4.327581458081325	0.7433919830191343	0.5366612392406276	0.21047818517234865	0.8487075707411985	-94.19745113417233
4380000	2.5836476063407616	2.681745248697288	0.8238959615238087	0.4536565007693416	0.20398383233381437	0.7201589891313025	-97.123616893133
4385000	2.693411938757001	3.5191751003520686	0.7680599971996761	0.519162424891125	0.20968037258496533	0.8564913867061463	-88.08886865889517
4390000	3.0263477751304158	3.9006500819582977	0.7132285762972822	0.5753665348012008	0.23070362226345512	0.767564791574188	-86.95986755774706
4395000	3.123139608764012	3.274152865049232	0.8557254297362461	0.5749946382920603	0.25442302349999396	0.7903448926839817	-76.26304887366402
4400000	2.6922151504582215	2.69328339232882	0.7695649877110148	0.4256852043939105	0.26258538251048	0.7177118570192853	-83.98069448246443
4405000	2.2655246683260857	2.2989173664198934	0.862849688961767	0.5727382757785306	0.2151369386622858	0.8727408914140046	-76.0794616832138
4410000	3.0939489796329207	3.129238116434618	0.8362641845270876	0.5536676740842539	0.23204983095438497	0.8566020187945698	-63.25053696269581
4415000	2.2926104894986383	3.3851415935700992	0.8436341275469358	0.5642468073703999	0.21936614298356952	0.8086226250650531	-61.75846549406777
4420000	2.4387453528706913	2.6960697860027203	0.7711725315510246	0.610144281191407	0.20084624570212772	0.7797103743090484	-68.69823896856064
4425000	4.254456178015681	4.399426044216682	0.8026527517649407	0.36489369821205797	0.28813725449166583	0.7214667990393178	-89.42130092180659
4430000	3.5019661398246056	3.852192572154796	0.8332167276016746	0.527332058967915	0.23056357971515992	0.7565875201451799	-88.19643901297357
4435000	4.212969292977447	4.467994600500187	0.8146426764868454	0.3439999985881358	0.3301388510408354	0.7426451664813323	-110.34806349176375
4440000	2.7783051460199584	4.345509742706947	0.899881755146696	0.5281572715581216	0.2237368280845301	0.8448425032493344	-73.66371082119167
4445000	2.367204508655322	2.433014913293925	0.8471101249295012	0.5727636683580305	0.21084489544165835	0.8333057045033924	-73.93794769805848
4450000	2.861720757826765	3.427303280779557	0.7912262773835035	0.5448194875399744	0.21794750677677363	0.7606659548360447	-80.29030121504076
4455000	3.9538957162131685	4.049890595073553	0.8519302823610049	0.5590092221418484	0.22119266272343693	0.7564832415870821	-80.31749673027613
4460000	2.460533073504401	2.5377167726392162	0.8620012614276397	0.5269608182973659	0.22025321923776844	0.8396043470707715	-87.02150998913658
4465000	2.8846629390496177	2.953390826832481	0.7375333418832329	0.5846340535112589	0.3368394465570456	0.7947940903082092	-79.38824802874805
4470000	2.2794675743187724	2.3961768362576126	0.8885125233864781	0.4314120077106579	0.21916820483693844	0.8076799079222385	-74.57490197816364
4475000	2.844749303533292	5.364527206020096	0.7070706893762246	0.6367657365845774	0.20441204104151478	0.8055071507667804	-75.81010509156846
4480000	4.012135443245881	5.000939264202249	0.8630846794365866	0.2788307236425301	0.2131527833729927	0.7271813593321665	-99.3170903283605
4485000	2.420585981162031	4.0234242448329445	0.8532559048317577	0.5440621250596552	0.20796374729478284	0.8058167149324158	-81.8140431630429
4490000	4.127423642301622	4.867078352118664	0.7962737451796515	0.4567093378523703	0.23892530852689986	0.7358226158528255	-97.8511346655554
4495000	3.8900539928521085	4.661439294587291	0.8244835343713209	0.5628060514159203	0.21240703714940923	0.8120386590436734	-96.71705684091262
4500000	4.106663356266954	4.592834109820227	0.7054767211075357	0.3793223796171233	0.29424870709401196	0.7174767951383705	-106.03540557683627
4505000	3.0292909859336565	3.7915278340761596	0.8885982057737762	0.44673305634495153	0.27330093772565023	0.7212494626749326	-86.11938464044624
4510000	2.971464374163845	3.2494515971826328	0.7475285037406205	0.38309243509762037	0.223275910168342	0.7156626731226249	-102.80443564098582
4515000	3.9287459141596535	4.293297577487873	0.8772563077220354	0.5824965469262353	0.20730747118627788	0.821196990792364	-90.13066457989532
4520000	4.164172510908174	5.695131588017185	0.7936415096105081	0.41908849656360603	0.2276410043910101	0.8061681172465506	-100.48876799516563
4525000	3.5258542931182615	3.5808215084925252	0.7266325005861224	0.4951346570503017	0.2015782165014851	0.7164073996756277	-94.04635741660488
4530000	5.61478374513899	7.398353368168885	0.8850892180981154	0.2761658165923681	0.3215975937253412	0.7483084100825935	-113.60911122641912
4535000	2.651588714101726	2.673306800019124	0.8920311704273406	0.48941724992313007	0.22110721529610167	0.7079708675207432	-80.08973939480666
4540000	3.1337066639265427	3.1465689022227457	0.8871852763952986	0.46872132810365363	0.2569985595993116	0.7626763742894552	-92.12834540012975
4545000	3.847011195468795	4.727839520633984	0.7083743511692331	0.2627100929938506	0.34559197723479884	0.7092102366051966	-118.11008385535084
4550000	3.0842699373801583	3.833888515260567	0.8772014230857338	0.5280830627376177	0.2611162044616029	0.7340990565569635	-70.48225728620872
4555000	3.0408946591276704	3.051453398350415	0.8001754373987006	0.5995440826440224	0.21228571036853278	0.7522364650877651	-75.05911444808712
4560000	2.9757100078710157	4.167877899188488	0.8498354014089374	0.3826069761020216	0.21074939970551115	0.7531224855963788	-93.73637980321683
4565000	2.8290797973052864	3.4202207395724504	0.8849660664301126	0.448775168717694	0.23082251634318607	0.7297391773584572	-88.71016993598121
4570000	2.826727511839171	3.4465190886799912	0.8918926977724997	0.5948051071929492	0.20889803990075229	0.9178885092802327	-80.55260296930152
4575000	2.5828250741841807	3.183579774117549	0.8229940285317554	0.6690800412411986	0.2009190086299372	0.9289873073367436	-61.99975943804946
4580000	2.820589265954599	3.0065299654339404	0.850065693043435	0.5530757614748966	0.2535990157289709	0.7267779876397886	-74.26594096832636
4585000	3.22075481229861	3.710285143029251	0.799097294024181	0.47170228203968445	0.27235043812525356	0.7149640750317141	-88.54940527936469
4590000	3.291701375119496	4.123458928294347	0.771836205967016	0.4147376017152654	0.25235928581689426	0.7137159241318145	-97.30132041886941
4595000	2.9875882220000465	3.0839663630704113	0.8226059134059331	0.5746733180918675	0.21817515683533192	0.7764493286777768	-85.76256239614412
4600000	2.9730971324770956	3.8432265629555027	0.8188227547598496	0.4061991335761117	0.27807928882044997	0.726078347789726	-107.27304552809966
4605000	3.2548030177025518	3.340623313401525	0.7360931634522482	0.307123227989329	0.2417410606325013	0.7367891671093465	-111.414858170661
4610000	4.153595110222914	4.700083935263566	0.8126852345369735	0.4321418115368208	0.20353231237054747	0.708943701484367	-97.63695339795461
4615000	3.042617187650924	4.85005534971059	0.7063499697197884	0.5058324963193775	0.20294884595098217	0.7088272246738543	-88.97145857733875
4620000	4.07018459134802	6.31904382032397	0.8695070005229967	0.36897863689004673	0.2946721727864707	0.7172626049045504	-109.09967957554676
4625000	2.626148493416449	2.9223734858164976	0.7902683259587612	0.41876155273462745	0.25796524044996766	0.7035284988590096	-98.44984388875844
4630000	3.6337306959855304	3.8625643921096797	0.7780986506073511	0.6337468566276441	0.20707115341838242	0.7162080080672064	-81.68697555932005
4635000	2.2969656761878525	4.354572478136783	0.8494880828355788	0.5535804855104888	0.20862381916477302	0.790106744120177	-67.34489476705178
4640000	3.9076366564548843	4.072056329752007	0.8419852077924352	0.3961480192235986	0.2357418142324906	0.7165463940666092	-100.93180737953475
4645000	2.8691313737283233	4.104100083575291	0.8246906473568327	0.5514427999030094	0.20664430255883764	0.8101808991593213	-79.24451437467513
4650000	2.8302621666581436	3.307082207200446	0.8815658076671407	0.5482987918481176	0.22952976280006307	0.72849781897761	-84.4991620300255
4655000	4.476615115705999	5.119025864153867	0.8762792185779008	0.469859186096996	0.28226090935738546	0.7650704191994816	-87.13476390321097
4660000	3.3264761252295476	4.623014676620234	0.8465376439594273	0.4772632384839762	0.2115861220227273	0.7308200965730277	-86.63261045337433
4665000	3.1253003696619452	4.909235236948768	0.8950232764919553	0.32061357680378094	0.23137031857609455	0.7117985445183472	-103.95465827954578
4670000	2.948031489457757	3.346309740486771	0.889732570947251	0.428960223679237	0.2886215401534248	0.7169349019623653	-94.55261729201757
4675000	3.808598662309371	5.840989217873068	0.8732749861380265	0.47822368565058376	0.22018094034522873	0.7314600874902801	-95.73972671898483
4680000	3.550414852427123	3.6990079625562577	0.8784874382532575	0.5278830567158437	0.2051884979926818	0.7345170820068773	-79.10552018552187
4685000	2.2750377832958826	2.4865129314760233	0.8615005904074597	0.6389992820193656	0.2023439099537099	0.7525452415616991	-61.853242112825946
4690000	3.665272969924753	3.9184120427109455	0.8905809908451133	0.3198739177158977	0.2506041973521187	0.7017233336316474	-101.75012473231251
4695000	3.3681034097072926	4.156609704102895	0.795086006297053	0.39339441092313854	0.3188996022488602	0.7121397638295739	-101.36673744439352
4700000	3.580483207559536	4.9064049327082735	0.8312452293558993	0.398983526876144	0.2011257971557287	0.719282475095079	-107.51249165395677
4705000	4.49902906429448	4.590410980185414	0.7324953226410774	0.44796824242297795	0.23332606421211421	0.824696654701102	-113.49510556153916
4710000	4.058817886893922	4.77335033487159	0.8911683120394707	0.41918125464609574	0.2599454147337283	0.7255800806833741	-86.41651077796718
4715000	3.75528783981178	4.013457712298182	0.8137032902999496	0.2674269498806656	0.22801949284898276	0.7319832931054495	-114.54374930061806
4720000	3.6507578612057427	4.001246372045056	0.8487483169996304	0.37112327507460513	0.2716111431932105	0.722463314336961	-104.25985462230983
4725000	2.585518917574241	3.1105776821430893	0.7594765118461515	0.6943834497693548	0.20958015081855358	0.9805579668433537	-63.07299021831427
4730000	2.4676419296348096	2.4747653457844287	0.8702712206033529	0.5782437574256539	0.20963546065078073	0.8701887424724287	-66.78460650043596
4735000	2.260055782096971	2.903974444262867	0.838863884195734	0.5671058312113172	0.21769854270661795	0.7727569040566734	-74.73435296726595
4740000	2.6140192129826945	2.7614272258050105	0.7938295248257446	0.512447090620092	0.25370140366924254	0.8910482931518557	-81.19113818961091
4745000	3.1256442593513203	5.013625861576387	0.850748653073647	0.39694288331938254	0.2748567129273427	0.705852532678344	-94.26582523201847
4750000	3.260580314047139	4.834257509481017	0.8212086951017806	0.35210605207726203	0.32602109646808053	0.7120312006643286	-88.35921050179002
4755000	2.6907775898063337	3.0909626139696345	0.7073233048906483	0.7016663237700846	0.20440546410529328	0.784896928054392	-64.10956459905836
4760000	2.552967666051022	2.634946761791702	0.8717529249488355	0.5696404242442863	0.23490719598519946	0.8343637836178359	-68.89581865432368
4765000	2.9009597883582163	3.6558814816267815	0.8456177991519587	0.49580138276206887	0.23782349803075045	0.7243253105491579	-76.51786021893241
4770000	4.507740793171895	4.689784728901847	0.7632644045336064	0.4856452279892568	0.21718599342789952	0.7501009615104067	-95.80407779227781
4775000	2.4123964453974174	2.960614952082861	0.8249693397850779	0.4805162211232015	0.23156032886032077	0.8607268178608358	-86.77234908344639
4780000	2.18134342701283	3.371099460527426	0.8793560731415502	0.6147647381153118	0.20102124857507175	0.7454802622063653	-62.80465734221021
4785000	2.985171633045216	4.148117268339266	0.7827212710878609	0.508490072352918	0.26308104855947007	0.8211163213699023	-88.1768972366161
4790000	4.4979524609266965	6.972916350479242	0.8214057693749036	0.3806719404679802	0.2109577710182845	0.7222237159036516	-105.31164760428538
4795000	3.9279608097551426	4.899488253335167	0.8317317545472902	0.3071603074701466	0.31058684815857085	0.8720743698122183	-115.77251144701629
4800000	4.075302761100968	5.603498822246187	0.7207320587155834	0.4645254660923177	0.20142751482414925	0.7239592769535006	-98.76800928373413
4805000	3.9382052841383266	4.069581215594383	0.742345381819495	0.4975018210055525	0.23730291051626182	0.7628068041775313	-103.7445475958198
4810000	3.7451434205835263	4.756016933253345	0.8705367877482366	0.47322380399468905	0.21888669329075022	0.8492409588444763	-88.68097637622719
4815000	2.55602713533318	2.866150687198939	0.8243725597339941	0.4204712677706909	0.22497499248571076	0.7698161082861014	-89.7447193979045
4820000	2.18134342701283	2.8589207808805623	0.8834333443166176	0.5458221343359262	0.3057488441379267	0.7774000980618779	-72.0240765289339
4825000	2.821569331074686	2.9864088748427293	0.7259231545304002	0.6404627216081052	0.21133870418825343	0.8503011181010608	-75.11859250505799
4830000	2.845320301434086	4.408873658288766	0.8716129733840856	0.2956344805441462	0.24934218673766617	0.7513411621540613	-106.8230853917693
4835000	3.0514187651312703	4.798900658183126	0.7486987100472674	0.21958285101299757	0.4187346881230102	0.7424535146965323	-105.58956302775607
4840000	2.7358797065394005	5.74741465791497	0.840469015489197	0.4449518534183956	0.2526030274033127	0.7508138964424411	-87.84031215515077
4845000	2.522436311757756	2.6495131269856103	0.8937967495261251	0.5375786565938937	0.2723929337835877	0.9181341328508565	-76.84023242767427
4850000	2.3443023939744756	2.4470177787024907	0.795955221249957	0.6375234950016012	0.21780709743945897	0.7213719466579342	-61.14377312846616
4855000	2.18134342701283	2.3474684356536706	0.7559079434622001	0.7902648631614541	0.2052907556109059	0.84898587712008	-37.58881044721224
4860000	2.8860523972762593	5.254147967756794	0.8493889121582234	0.4597710970798071	0.27767923643747344	0.8155415653898304	-87.26949399016826
4865000	2.913595038624077	5.162190671755452	0.8427643251281413	0.33757625841332944	0.31125784724199185	0.7355815578381307	-93.31582547023552
4870000	2.6090341963906094	3.094847548309505	0.8864096690517841	0.5443712326948139	0.2716763658436904	0.8445536996855701	-71.67190232933999
4875000	2.909140121748036	3.526908776229318	0.8064877552725326	0.6285121282531225	0.20547791807749607	0.865951388798322	-62.01298092705773
4880000	3.459824038755122	3.914574011266643	0.7365725893349113	0.5823057135754848	0.24398684537588494	0.8449350480695079	-81.21384751169612
4885000	3.379924798150663	3.406844285468833	0.8914604293452789	0.36866532633594895	0.24013621122031054	0.7504906775580382	-94.99385388814724
4890000	2.5944683724169866	4.226138555517473	0.7656952805910893	0.583771282569376	0.2090893173596632	0.7959336903413071	-85.05797877230239
4895000	3.152083386482899	3.6006591872451628	0.8548583359924072	0.49350911180822	0.2267001638345403	0.7066097011261608	-85.64952164718096
4900000	3.2770121903633016	3.936577005546927	0.8331941214701595	0.34720434110465187	0.34096463281215633	0.7332159379875133	-96.80206286014621
4905000	3.4510962932523195	4.237719824351183	0.7928478713256513	0.4759259201867915	0.2453866552460413	0.7834936638981194	-87.27402135278814
4910000	3.024325808458964	3.462754256007524	0.8328833081476041	0.5390136305138133	0.24544247735360267	0.7983084639695162	-71.62100009896508
4915000	2.5205641682862456	3.5667632395123006	0.8482848219344686	0.5027629541938335	0.21095748576449028	0.8030308807638491	-81.38994541800136
4920000	2.8492404693667095	3.091007569615844	0.8401395938381441	0.5320206261799107	0.20236344987156565	0.7207879835665283	-82.09071334525285
4925000	3.150792676021291	3.937931501082562	0.7218108717973957	0.486483991451914	0.23276009731444733	0.7553183681709826	-90.93309367604493
4930000	3.6318446389725634	5.2969066073843365	0.8590478405037884	0.5193628063769165	0.2151204119833603	0.7064272880021912	-92.86031178316651
4935000	4.553724090596075	4.776177565589509	0.7092408925377283	0.3250124086993529	0.293091560483221	0.7550941955252414	-111.65358949281585
4940000	4.059623613375609	4.124499126710862	0.756649926668323	0.4261114754130695	0.217107692137741	0.7209595144887645	-110.6396020441853
4945000	3.8574174666937853	3.8791855407595555	0.882461134024959	0.3189615448342063	0.27544269241722846	0.882869716239317	-105.0820216288702
4950000	3.0271898795653494	3.998669414895647	0.8646141502787911	0.43771714395863537	0.20199406410501608	0.9635331633663989	-85.30745202034214
4955000	2.663149682294368	4.288701856732717	0.8160689183479147	0.5384205595150088	0.23770293923521363	0.7209280034536522	-86.65223506635206
4960000	2.3057385982076353	3.51089695147686	0.8532797493949814	0.5250009274419484	0.21631185366736663	0.7292448600415115	-81.64853313737976
4965000	3.003517450085936	3.391865104240414	0.7872606510521465	0.508175356119607	0.27927750704844123	0.7153661185583429	-71.32367459155742
4970000	4.277458007535228	4.280036706377242	0.7452978362171465	0.4156198118083681	0.20781187696484382	0.7018481862983377	-95.76201508987288
4975000	3.4006985833756462	4.728371617954932	0.8047868882806072	0.3961430108075236	0.20669351590694268	0.7484691652575891	-99.45051660782246
4980000	3.961193656619634	7.848753968080898	0.7104671085148696	0.3626615118775982	0.31261727635261416	0.7931819194530028	-104.95533303211707
4985000	4.398592985988276	4.575433950876981	0.7570958189909482	0.32640245587875394	0.2443882558425154	0.7073282936126709	-106.00096529738818
4990000	3.548685560864511	3.7313813521750845	0.768036812589898	0.40130167205921546	0.2763284880785758	0.7692760214877047	-98.35401844081551
4995000	3.3029180096971547	3.3577663071792636	0.8443583732911099	0.4937148309652536	0.2528373846694483	0.7302138703594335	-90.36054263036806
5000000	2.775243865841187	2.831739743787155	0.816192400285535	0.5055317495944659	0.20239942006300143	0.8093902941658133	-81.66719532632354
5005000	3.6720419383253287	5.711297482820593	0.7527212832160493	0.4479536859720815	0.21965703178303136	0.7756696022720626	-110.6062431796854
5010000	3.1455478421762395	3.7333395332308714	0.7384036258285573	0.3603397002688664	0.3303773258272582	0.7741206067667161	-115.62024021942699
5015000	2.878554348599027	3.777900221991504	0.8132562895708758	0.46012002405756885	0.36258543112218616	0.7335837815923062	-96.18250148876513
5020000	4.756666093800076	4.963665788353357	0.8937214044285849	0.34542983981032616	0.22110856227069425	0.8521830663700012	-93.22177841566403
5025000	3.183342720730369	3.6530566631621846	0.7349046827145786	0.4708090382153631	0.20705454952452113	0.751845486775208	-93.3460271283044
5030000	2.18134342701283	2.724499631739645	0.8775981576543922	0.4961623502276624	0.21269686466588855	0.7242693028356575	-78.35048018762814
5035000	4.052115946270184	4.697797327692192	0.7951994900633297	0.5346680011837547	0.2305648791057637	0.7785774400411697	-75.47666434797182
5040000	3.4208262875588717	3.681837683960347	0.8956065210658608	0.541668911242747	0.2028397290105364	0.7500332107077047	-85.31360803785822
5045000	3.6712939531888624	7.360437807675635	0.7580876222024778	0.34159659220261485	0.2467380143569231	0.811768142367015	-110.31761401064017
5050000	5.693245988647626	6.034929802994563	0.7261340345489057	0.42888187665742483	0.2148404205909862	0.7315034346286762	-116.06891240480661
5055000	3.0299778618900945	4.928545761433763	0.8661690239437285	0.5645588250008775	0.22386274296750158	0.7538947280708426	-88.13230183121044
5060000	3.58770911916509	3.8376368547394986	0.8392715248486926	0.4365844338905139	0.21468769198016713	0.723919803231383	-92.97938910461994
5065000	3.097911331316668	3.812874778292859	0.8228652035619163	0.500399787546845	0.23169842039642585	0.7174085627716921	-93.80371129271427
5070000	2.3974593378945994	3.615362693402882	0.8430944915064985	0.6582910491261997	0.20551042640703251	0.7277499902944418	-63.97949693171159
5075000	7.0447962568086675	7.062979710606356	0.7621002426071017	0.451235938917037	0.24164806116609375	0.7548668450062257	-112.61894100010491
5080000	2.36283793116442	2.9102184612869717	0.867555779469829	0.6001102789418541	0.22704945895125464	0.873139988539471	-62.676134990453775
5085000	2.2827166203190035	2.2896742359650606	0.8427320454703544	0.7265872782234518	0.2386097577317239	0.8794972000958838	-40.56012063080272
5090000	3.6104463124159465	3.705241653334538	0.8011090726972128	0.5926857557149531	0.21739368024062883	0.7805639389283058	-73.2146269679973
5095000	2.821025529516842	2.8518559280530007	0.8982509265535517	0.4679695506591634	0.2721219351278828	0.7046784783848904	-75.37842232059808
5100000	3.6628968354932914	3.8565788310391382	0.8161528124544951	0.5846035491770245	0.2710605459907909	0.9469070834141825	-82.42031328195748
5105000	4.751175689125925	5.609111157633841	0.7947690811274296	0.28346392184273894	0.3450880137099439	0.7546006652926129	-117.45946011292486
5110000	2.630687659544595	2.8500891565706756	0.7805004289140367	0.5561760731786378	0.24751912067184723	0.7439882166292443	-83.79508699951171
5115000	3.615012322374886	3.9839893730727995	0.7247873077807943	0.4517437295352803	0.24911377368849769	0.7644007928925836	-109.19815456853945
5120000	3.187700757356049	4.924768069712573	0.7643657233949931	0.4024349006085262	0.28233933234005426	0.8308343496280353	-110.17665395339816
5125000	3.7124518279209036	3.804956963207156	0.7982841191244852	0.45183867099419905	0.24994226337374975	0.8047185359747542	-94.61064026203778
5130000	3.586322856560814	3.8847139527808374	0.7342856864361534	0.3977181972107034	0.28125209150214886	0.7063817756266421	-91.06318509153374
5135000	2.571890501660243	2.9369207610229666	0.8879382304883501	0.385288883840194	0.23373490519112652	0.716837884355725	-86.74502291361082
5140000	2.4545572139367215	2.808941738881451	0.8661752695248595	0.48196361716440916	0.20274626100482407	0.8145588342669446	-79.88953817589024
5145000	2.780281041653882	3.1496287779632186	0.8470484673244114	0.4532326033427043	0.2649517490291879	0.7745508626473019	-88.01626120291743
5150000	2.3472142861132173	2.6019303099100486	0.855049480765737	0.5015691546413147	0.20076015668770053	0.741304935390591	-99.72462282725255
5155000	2.412536114341463	3.1599104022881876	0.8186728959496812	0.4615520716028807	0.2784055291065335	0.7104920791549878	-90.97496850598867
5160000	3.3718349027107117	6.902148478516933	0.8117730430099248	0.30238781656652286	0.23720370566821813	0.7361719877454358	-105.91250275094933
5165000	2.393912131733855	2.423502362485151	0.8132535826330698	0.5918205067919442	0.2648875742802839	0.7079684508854531	-69.56343748585942
5170000	2.380615915542201	4.527811866915656	0.8677772089893866	0.5169448235401262	0.2084092998580942	0.717622850635685	-74.47272339079652
5175000	2.9651755283217702	3.044130470288416	0.724816884284168	0.5603605808478821	0.2033511305515169	0.7414943522510793	-83.48256284732801
5180000	3.532963811306004	4.181105514643944	0.7700228400616994	0.4283949452817761	0.20110263836370704	0.7443381617817277	-97.9097391958557
5185000	2.18134342701283	2.8163583831252965	0.7631786531259666	0.733108747104707	0.21838142118624804	0.8772536072023632	-58.568877498999775
5190000	3.0870523645601016	4.621848419242095	0.8960069548085711	0.45611540925338734	0.21618867519203322	0.7389695222489863	-78.88795919119369
5195000	4.549894894440356	4.72748231868832	0.8363991589354636	0.3681889425529343	0.2320587304815378	0.7235518373513871	-100.43887533128617
5200000	2.7985534264294576	2.8141844472689526	0.8797824183825702	0.5054895964040431	0.289493981791515	0.8770132241310712	-79.23685711679792
5205000	3.0575975924866703	3.9723035640341195	0.7790893850107256	0.35131611207063085	0.2539363509335917	0.7906252091163247	-99.81905947822509
5210000	3.141178941281751	4.0185027461079414	0.7474732332532282	0.5484668537489596	0.22043281119824937	0.7828687596187821	-95.3746214325765
5215000	4.262041708406105	4.882662377596612	0.8179965951446152	0.3075490346572769	0.3034667869916444	0.7239051689328118	-106.40671641404603
5220000	2.4229870041592254	2.479260983439651	0.839368533604792	0.513617724657735	0.22163679680366072	0.7302451470456872	-84.28418708537822
5225000	4.133822123138457	4.595867768521768	0.7819091066430467	0.5466125660498206	0.2328876983425524	0.7644845622902746	-86.89298372318987
5230000	2.470484074210599	2.606749937473203	0.78107201223394	0.6433561466884098	0.2453241926780885	0.7348901197936885	-72.65743242428874
5235000	3.8612005179346753	4.074765359277827	0.7348936958696751	0.554258562495913	0.20409395061355054	0.7163808223334103	-88.42971116115649
5240000	3.0671571111380613	3.1805318911052756	0.7449549127185182	0.43472962104939716	0.30086097582145266	0.7112626200895124	-86.81903782451573
5245000	3.425537332890819	3.762854259136206	0.7335995542310196	0.3295952421173378	0.3458415585142899	0.7442161341634141	-100.26845502460876
5250000	3.0390162120163384	3.5149426269210835	0.8870606757207619	0.40126418075890485	0.3185050876359699	0.7322756437569217	-88.24566900321867
5255000	2.406350418612426	2.5335903470123924	0.7926792573935594	0.6451595933690994	0.23375988787487031	0.812615105616598	-60.06779027617897
5260000	2.385452549240681	2.6710717830367146	0.8904195724910386	0.5386749499608001	0.20325562860737853	0.8114148713165259	-67.19282072457284
5265000	2.418189363662589	2.933372529991816	0.7779260973491069	0.5942039307481609	0.23549057482506325	0.7959609263371232	-66.89799207334696
5270000	2.7323586928556813	3.279875558418302	0.8196531314678469	0.6896663975546576	0.21874983047179994	0.8545275299078336	-48.332396659187395
5275000	2.18134342701283	2.503898712024317	0.885466117667679	0.4981213183088157	0.21642295916977095	0.7575149714657227	-75.62360727764766
5280000	4.005230331546601	4.256609356428809	0.8568209254943984	0.39800492059059095	0.2265601492244429	0.7830096041138122	-97.99440210887855
5285000	3.8901942126340496	6.235144025781987	0.8321695665666791	0.3836520222573354	0.21700631300326823	0.7450640727922996	-103.69209691111436
5290000	4.488784227333019	5.025820155592	0.8646376412836848	0.36829630219674897	0.2205844514081399	0.7397510779419256	-110.4049193467286
5295000	3.9638324665754827	4.1405446200608695	0.8746463291698411	0.3619218039577524	0.27984363671272827	0.7012411979121423	-98.10416862957658
5300000	3.9137621663560718	4.016929718280035	0.7285987609400436	0.4341783944989896	0.21324897927935738	0.7061618564308586	-97.69295878565632
5305000	4.25180784508562	6.126826913020426	0.8944387839642386	0.39026966264493046	0.23368135312902955	0.7140280763091741	-89.70642894313636
5310000	3.286902863781485	3.658544634928076	0.8647300864971236	0.2716199769002598	0.2498954796729339	0.7762497001916413	-102.88999023103997
5315000	3.4815450073121594	3.7517805463755636	0.8716135560887461	0.4301425287837029	0.20338868047336622	0.7624645634192265	-84.05707790521274
5320000	2.987220847255604	3.518963857820742	0.8234070924560765	0.5245887769919102	0.266422409822639	0.7565481423676591	-82.9927489454096
5325000	3.1043663333572806	3.1722703362318723	0.8127113343164629	0.5144978986195621	0.21456990830759012	0.7989738762689519	-98.87677872128822
5330000	3.068568486870077	3.1939248281733277	0.8267297664809352	0.399944300933459	0.25063363702598007	0.804373288639933	-107.43269517948079
5335000	2.4883024938284786	2.673541897672507	0.7765194584317655	0.46901854223593	0.3028161273379746	0.7247027780864868	-89.40147356655444
5340000	2.764842352454098	2.8849848334301926	0.7892261390253132	0.5989690474821106	0.2606653868919378	0.8323438975678945	-61.678776196904046
5345000	3.3339012171865603	3.3447480672917105	0.7815389959604266	0.5707117133137473	0.2048790995038788	0.7781997919296205	-78.04818606863225
5350000	3.4927905835349535	4.063350806337628	0.7505065310668178	0.3756893893436996	0.2154261043796665	0.7418121882187574	-99.13122089263905
5355000	2.7637430229411093	2.9565953385467454	0.8401848286313756	0.5438500362535749	0.21996301862154857	0.7583675980427821	-86.10122081174046
5360000	2.6034272847043596	3.1155017216384397	0.837007089009945	0.5022766202555864	0.2108746748764541	0.7027425604696673	-90.86937771042065
5365000	3.2582058493482546	3.926040810994829	0.737454343820363	0.5463481927103067	0.2001422981253725	0.785775796995023	-90.01924782365182
5370000	3.6920393766718056	4.311574425088078	0.7526447412928167	0.37099093117495424	0.20801403226939358	0.7186602639198327	-104.18885229511582
5375000	2.845162476866219	3.581942588998881	0.7192021923307319	0.44780602785364876	0.2218108224232184	0.7366487805736607	-95.12219457325733
5380000	2.320281920179865	2.5602532477222106	0.7977115336988027	0.44532835267291015	0.2557497603599247	0.710408923518385	-91.12987088121537
5385000	3.1419933496571675	3.273330457986256	0.7289595454071172	0.5648442710213953	0.23953081463810133	0.8175488927610725	-87.69344011091667
5390000	3.6699042141924636	3.7988429631200638	0.7986215793197552	0.3352592944068018	0.44381198590090676	0.8656571039715795	-101.80801066812745
5395000	3.9335971981288056	4.89490475468816	0.839177324927413	0.2388350000957022	0.37528955173382894	0.7360414599071364	-119.97116172498923
5400000	3.141896859128642	4.075152313075849	0.734544510408543	0.5740669993147925	0.22440814510488516	0.9059987921337203	-95.39512006931287
5405000	3.811902534950786	6.5652564967424665	0.8804066325468041	0.42616052294538465	0.20914720022188257	0.7244188066566306	-102.9698901231483
5410000	2.2175313421071214	2.3008020155616524	0.7744135063664614	0.7123242448434265	0.20994356277696571	0.882654614767512	-53.17055192215479
5415000	3.115402379188613	3.279773582502467	0.8968863599353464	0.37730805379678467	0.31590071850446505	0.7319273286986182	-86.16774742160811
5420000	3.7084453872859453	4.252692524452332	0.7851141004474116	0.45639879983338216	0.30311457380504647	0.7562889259282827	-94.22332422010214
5425000	3.807060358518269	4.745117443741503	0.7464338482971701	0.3245004417917243	0.32200269750883065	0.812446674269671	-122.38636419222905
5430000	5.4476844455343345	6.483817030753356	0.7938066674760893	0.3250902245577802	0.31097817883980233	0.7850579928934827	-114.34859082740326
5435000	3.3921701220351066	4.030718055303768	0.7172808024013412	0.5115747262757118	0.23206368471548824	0.768898366568247	-101.02787678163574
5440000	4.189818240700926	6.383732741573334	0.8998912762977083	0.34912877087670763	0.23663201925629332	0.7275645384211723	-110.19464859733694
5445000	3.6247878032114462	3.7341104034970334	0.8033364340895606	0.4671269063497637	0.2232814354574453	0.739528108238383	-95.56854582983391
5450000	2.8430435676863555	4.126389286146438	0.8826086011691437	0.4662691774486945	0.2394087862904533	0.7066734837762283	-91.31328259073615
5455000	2.6565513905137754	4.932425613159201	0.801750158462434	0.4942796172403117	0.2552338156436353	0.7548010772605128	-96.28865016365961
5460000	3.0221315742428287	3.1145180173658065	0.799148842378972	0.4897161258327679	0.2739405988081824	0.7018945378683819	-81.12701091752984
5465000	5.177540725996357	5.4780215204432565	0.7938526452533583	0.21484436515556538	0.39463802036897455	0.7525080095413443	-120.48002830656097
5470000	2.7831130226853733	3.8594146524416604	0.7899553980347572	0.39564664926901033	0.20644381422703773	0.7219570650394384	-95.41029992009177
5475000	3.774809681310119	3.9276541167721777	0.8567431767266935	0.31778729493258523	0.276659450666017	0.7373219736118893	-112.76428685110375
5480000	4.57209407845394	7.790468031728971	0.8667481874869137	0.3293772771625328	0.28569722831546635	0.7030001081450231	-107.13152365070866
5485000	3.3188956645756953	3.5879379294617966	0.8732649636407691	0.48107503112613753	0.21563962822152158	0.7352464346946013	-99.27292753307466
5490000	3.611600226990889	3.794019602319234	0.897840431228654	0.29686314103162326	0.3492318046760587	0.7084086264307858	-99.60036480793133
5495000	3.034677644786781	3.6021789695438047	0.8831237924186051	0.3499712402052702	0.22535904290017728	0.7315020830745649	-92.67349713655005
5500000	3.595954197601909	8.028199669744879	0.8430420870728988	0.28602023190444176	0.2741927145256686	0.700307764282273	-104.97561384540063
5505000	3.1839985803560498	4.1542543936163	0.715883249783835	0.4064565687783032	0.3128845554698283	0.7347035921021083	-96.72473767400226
5510000	5.307812352618251	5.327602525130702	0.8254704177588671	0.4978309514087046	0.2123064060156115	0.8493437019291967	-107.36308020888833
5515000	2.7322965672379187	3.361113283607227	0.8790250663049193	0.5763517121717254	0.20279608351463635	0.7498290514770787	-83.69935905428198
5520000	2.3197269226692754	2.8154004938535553	0.7530939821437982	0.5038355160742246	0.22994127818657517	0.7885025239780162	-75.97105661814018
5525000	2.5272967338721464	3.3937737166457427	0.8799884041248734	0.5245245561700337	0.20640028104418756	0.7732264764192583	-76.64505305584893
5530000	2.18134342701283	2.1945324214895203	0.7967824807562807	0.5859895932335286	0.2528458037137939	0.9652279195744246	-77.36278303166878
5535000	2.8471093026009853	9.366372156628154	0.713146094057451	0.445532080833025	0.21053389463862246	0.7194810131278234	-95.99918159262396
5540000	4.034328235060459	6.943576205133405	0.8094222109714984	0.30351674336766493	0.3755063134455377	0.8437847983546074	-113.18802289633888
5545000	3.361512677574651	4.260467342038853	0.8509185138137977	0.544728868755609	0.24781399082371539	0.7555325677566173	-87.36949564020031
5550000	3.4314967252312765	4.705261147360577	0.77534060277468	0.44785481275824923	0.22054163281853525	0.7121677150864589	-97.94848551318918
5555000	4.252236483026852	6.362276583599452	0.7153708163416996	0.376078364888003	0.34207029899435	0.7429246636891811	-121.6993014191888
5560000	2.9199676054166273	5.843085886147363	0.8227964912181567	0.342179166963221	0.2419843671580336	0.7025678546094073	-99.91352706613768
5565000	2.386654743932282	3.8594378986464566	0.778623674323049	0.6084289967553589	0.21082415819881847	0.818312169809913	-68.90421054523597
5570000	3.1553899278408974	3.209595007657124	0.8801965987563224	0.45163404108212096	0.28380700404958364	0.7257894284303587	-87.55001662526112
5575000	2.6445537225820894	3.4866527552119884	0.8714361633066177	0.5080483608136369	0.21212337622731803	0.7008530578529624	-83.42822084891375
5580000	2.3829035188074443	2.486556600733353	0.8409989878126418	0.5211535756897068	0.27242384912103723	0.8117147722726221	-83.52485996671768
5585000	2.4206494633112685	2.610754616811629	0.7717128488421446	0.6829595192168169	0.2076549514486468	0.8641427610274395	-56.357619344880135
5590000	2.3229620233118093	2.556120378738978	0.7252158034046218	0.6836209707906055	0.20664788395658457	0.799260340600492	-76.55690175437016
5595000	2.3561429247378505	2.523328746580132	0.8340531997578868	0.5004183705124188	0.24380808462559067	0.768536238402064	-85.36040909581817
5600000	3.1356846255293016	3.6614371397791032	0.8803121655141919	0.5293734731014518	0.21057987827807476	0.7683587126431782	-79.09221705791671
5605000	3.0307887428546842	3.1427920598699375	0.7338568699310796	0.34444605967132047	0.40854984404251765	0.7619953534244629	-92.31503997529092
5610000	3.4506107831082966	3.718365682697316	0.7120225133757184	0.47177536906151557	0.25863784362473596	0.7068371219483217	-93.57743515165066
5615000	3.1334284735119424	3.2294649970097415	0.7090431639391447	0.6237506787565084	0.233463541130417	0.791351720736054	-64.51961583900817
5620000	2.18134342701283	2.270100223856717	0.8836363371494531	0.6220023326132135	0.20132203436770013	0.7414803008888348	-60.67319562221237
5625000	2.9771859072023887	3.535562783096636	0.8224935008332953	0.4662844212185478	0.21037280583391504	0.7688947899681097	-93.83156191856307
5630000	3.6184696415488595	4.696133028850756	0.8518726790437646	0.22245309529938165	0.39532362989271663	0.7629826919867806	-109.85391119245307
5635000	4.557826091662836	10.367863293383895	0.827586661830102	0.2547315915117473	0.3763482663518332	0.7377467772990763	-114.45559030651654
5640000	3.702095691670429	3.793639340662333	0.8550982562803646	0.4171370251003862	0.28590330364668187	0.7698900799915033	-104.20955046981115
5645000	3.616117673380287	4.299524576746858	0.8560899707402397	0.36092325009805065	0.32285259704581665	0.7413264856371713	-98.22601724095927
5650000	3.027214045014084	3.8609199138202572	0.7617224245778328	0.533644289074358	0.21126829137054945	0.837201908965173	-90.7792510665135
5655000	4.394372787513702	4.47043272501582	0.7832631386222206	0.37931025722997064	0.2338982488498647	0.8001495639237571	-110.08757739402873
5660000	4.65903765696308	5.793157976830164	0.8969242169748208	0.5084172670166944	0.21424617231576934	0.9609558605271836	-79.25655130678456
5665000	2.942057387475065	3.005966082405074	0.8900484114217848	0.5212817475577088	0.24574560701017156	0.8817479286705951	-76.78699349940425
5670000	3.201855076290853	3.2849744948621042	0.8632418374578752	0.39652668939506924	0.2300598555039253	0.8088798159769656	-94.99226799498541
5675000	3.082058512392747	4.620432896567703	0.807497156862079	0.5460075489285425	0.20030791773933743	0.8942931216894681	-86.5133074517961
5680000	2.7554936284171974	3.6087175733453245	0.8509790104787474	0.48986707913902644	0.20212289354606694	0.9063506112866455	-87.00563795192437
5685000	2.9239058550277606	4.257648673534108	0.7652908472348382	0.49357602844586507	0.24254939016092408	0.7676443256014124	-98.75132637156025
5690000	4.022420995508644	4.359149065180799	0.7609279009898183	0.49785695066631136	0.20047720388417686	0.7021808436534976	-97.14923155905302
5695000	4.076690249590024	4.416130801559205	0.7139470699067695	0.413109055023689	0.26646386923686627	0.7106090057173367	-113.14802089760846
5700000	3.5447328489559236	4.8603638845903046	0.8634326439494787	0.34408197700568255	0.3172767732103548	0.7411465179650445	-94.7698318801713
5705000	4.447475694702984	6.047718879634092	0.7345948671423284	0.2405774196896582	0.4723050993678345	0.7304941114040178	-121.5681289710065
5710000	5.204778458387279	6.306439542866361	0.7539112351567393	0.3450992462813825	0.21585501702921683	0.7104129488030122	-110.8453783264764
5715000	4.087169241756592	6.5679628810478405	0.8508200500688404	0.23662276439704405	0.3989158242691869	0.7491862053490709	-111.46482539409922
5720000	3.637924091821697	3.947019579776151	0.7131746873197652	0.4224082960835835	0.261923868732167	0.7888039398136866	-106.23803441312708
5725000	4.756147078960375	6.171771588939487	0.8168036049714913	0.3909514883535246	0.20457078061591705	0.7935815979872375	-128.13783793006738
5730000	3.973377546577358	4.136664465985874	0.8848202305839953	0.3613879265741947	0.20794568873236677	0.822800872838576	-113.75735556998359
5735000	3.302819024331303	4.559824715959542	0.8676297674840279	0.47981021540495705	0.20107074643148906	0.7485319427068634	-90.76968790688909
5740000	3.9027198214083048	4.190981328181778	0.7868850472490658	0.4923699922605379	0.26006309577760317	0.7190623328984668	-85.78957652010396
5745000	3.15926424515979	3.359070151132295	0.7871236417906611	0.4194700262019647	0.29904750743930036	0.7097567076396907	-103.90062163695171
5750000	4.986239905968973	6.877068559830917	0.7399190203533473	0.36069055309774334	0.2192120970113817	0.7601656178435569	-125.6863164387504
5755000	3.226438865846349	3.2324290183846687	0.85722785656358	0.43845120203002363	0.28448890258448384	0.7701875846941838	-90.68120645824098
5760000	5.193930647854919	6.645988220960126	0.7610169554556281	0.23484418981571376	0.4038637955062584	0.7558320404659241	-118.74651947084485
5765000	2.74911868500247	3.9773993001045476	0.8361942788222813	0.502396575799955	0.23350830039399983	0.72245585843171	-96.31563927484794
5770000	5.1310843856493555	5.268116705818323	0.7988416524219748	0.3530291887412019	0.26242187245503523	0.8333915390121983	-103.378617621113
5775000	2.865624299078738	4.241797305546597	0.7141915137858398	0.42123591178097647	0.2142092628962928	0.7340712043411328	-115.49694554984501
5780000	4.219745337549525	4.593056015693975	0.7294397356893592	0.255521341470713	0.23542371612167193	0.7223740096606635	-109.39369605279393
5785000	2.5688937783256867	2.895638527452475	0.8451192052232248	0.5936629620323615	0.21131698741870403	0.7449226620976986	-76.472982371294
5790000	3.4266906988137884	3.9101579321184574	0.8290251960053053	0.4366907357475626	0.24262371674973918	0.8272952741849902	-80.97185398434758
5795000	3.744823986147882	4.386629469137056	0.8896960473005474	0.4559354953945161	0.24114153519735065	0.7338567501353748	-100.72638571204942
5800000	2.848126992111454	2.91499796583628	0.8894372479568619	0.5377410321965066	0.20712609638333626	0.8217165545916434	-78.10190214581303
5805000	3.0086914890014285	3.3107901394099577	0.8393985822213607	0.5661805180942469	0.25582903459955625	0.7322196546392993	-88.85550903760597
5810000	2.4686287184434534	3.0407250176353493	0.868380194657417	0.30817849764504984	0.20934579141607607	0.7307954431277595	-88.64607873064764
5815000	2.2070868777005312	2.3968571853276326	0.82558859849597	0.7731727353728426	0.21862886176068605	0.7220812720491316	-35.948392539852286
5820000	2.2785671558601446	3.3113424052551874	0.8710450314926484	0.5717356330071937	0.2184151813831617	0.7700868664081065	-61.379508473488336
5825000	2.4379899891971113	2.663138835069411	0.8953742645067878	0.5799250461435451	0.20131522868534862	0.7925759283051487	-75.07209953631155
5830000	2.4303118193801025	3.877031268046419	0.7671921131730817	0.6630086216369538	0.23362343762671803	0.911753243172031	-69.67716254585036
5835000	2.6781293289225956	3.0252742306921308	0.8383277706764902	0.553095957316029	0.23999893332396435	0.7624427888876552	-73.01897091262771
5840000	3.096978272848213	3.496397509412727	0.8831878321505436	0.3992779008703065	0.2426491318078619	0.7398931498244024	-98.07001097013395
5845000	3.8486749122398907	4.074038633441357	0.8929205056890799	0.3622975003599204	0.2379234470193256	0.708633971937463	-104.04309503485152
5850000	4.921030655465388	6.765213452224209	0.7529909090163001	0.3466021246600129	0.20276954530569732	0.7210798429111737	-109.48677589411406
5855000	2.7090971282394567	3.893853105057732	0.7536218496748156	0.4217113364869638	0.2867433466383206	0.7889839701313407	-89.91296888249045
5860000	2.8704244214202466	3.011740508492384	0.7712481896237894	0.45008583985309747	0.24842271910815372	0.747895110665906	-82.68223134852803
5865000	3.15668843070891	3.7276447984081185	0.896447290648598	0.59552471011683	0.2302092395048202	0.8261883667344998	-82.61042889024367
5870000	2.4500662806647857	2.459548052861133	0.7153917291067128	0.6864135988868013	0.2159813484782661	0.9879841699973797	-54.497265947132924
5875000	2.5330822906327723	2.697845623828177	0.8480785534892199	0.5230806396565725	0.21295004877253557	0.8448512277379809	-74.275469127061
5880000	3.1693732030541417	4.473908820086174	0.8998138663450497	0.37766391929030246	0.2039156632811922	0.7228742117748378	-97.20164668283806
5885000	2.696837347869854	2.832123134857018	0.702094168113346	0.6180706722611015	0.20171296528622396	0.7668427313268906	-69.20102201955018
5890000	3.318390874284236	3.3389780096461257	0.7663498024428156	0.32394015736457404	0.2365218946047839	0.7257304252983767	-107.64540232640809
5895000	3.2631154090282926	3.545649657745172	0.8563434568156905	0.31005126123919097	0.2752459284404539	0.7910251081859998	-94.20960684225577
5900000	3.5292585485125514	4.510066524239314	0.8020637224090222	0.38914366036329695	0.20635815148289643	0.7075686630164958	-103.72311069489336
5905000	4.088526222071848	6.3134925275842635	0.8869591010063665	0.33265033635088154	0.20319721102046231	0.7107276543570034	-98.64292867066155
5910000	4.303806577307928	4.438162706154904	0.8625710804880925	0.28193536408063324	0.23114248078828742	0.7122527261195777	-111.17115848927904
5915000	3.6569847662429735	3.9549882032981696	0.8006705255668966	0.4301245723043369	0.28009264532110134	0.8208177193767162	-87.85432115090026
5920000	3.064444681185658	3.6904335528677197	0.8629081354972304	0.4256718277132837	0.20403435969515393	0.7266378662878616	-94.89742208125276
5925000	3.1197220761422875	3.370224949707382	0.7111184010783415	0.6640018562714343	0.204733740373912	0.757220577483708	-80.55010080330362
5930000	3.0968211644929187	3.766135741094345	0.877889913403175	0.277578486568041	0.25554405160619525	0.818182947670323	-105.72473033417177
5935000	3.9801652050039187	4.760568347960556	0.8825994611157053	0.37792023321918994	0.20302451758896384	0.7257400982860277	-115.95169111809415
5940000	3.3047070964939333	4.943857468274108	0.8300988472936669	0.4370515904480463	0.28442229827925625	0.7057103184483108	-98.64724457343144
5945000	3.4840699836615183	4.703443643601229	0.865452199949954	0.3602332378244307	0.21843749357570116	0.7224393391708035	-105.64723880214302
5950000	3.6589487877304285	4.048429370157808	0.7656797591534197	0.4223336196418544	0.26721446342459304	0.8013273156499854	-100.15666650915082
5955000	2.891046464041092	3.4678455798740226	0.8703622961612152	0.47994625993463835	0.21603193064897616	0.7360622055015829	-82.95265793370356
5960000	4.214229213795147	5.383262671931095	0.75480245269124	0.22225374629546296	0.23719442897781448	0.7014259599811968	-121.06946091518805
5965000	3.5785790863000515	4.044518554961544	0.773398270307448	0.27707702854783933	0.2727363083897289	0.72782969882814	-110.99512998102011
5970000	4.12263684354166	4.419658972580356	0.8417950624466994	0.5680202706861933	0.23817576262684256	0.816250394220222	-82.33252191626289
5975000	2.578386273013542	3.0224695556199834	0.8504311021857139	0.570204825851507	0.21296365452148447	0.7808567750266086	-75.9902841479653
5980000	4.319314142380075	4.482418914042989	0.8490688876484368	0.46714057934710745	0.2019715717944435	0.7211118112176402	-103.94723565311506
5985000	2.18134342701283	2.6567588806235047	0.8034278355915985	0.6709440133202309	0.20098509435328032	0.739303737274561	-53.055901843183804
5990000	2.270659969964819	2.432087816985727	0.8949465726288338	0.6181215353002562	0.2135724347702251	0.8133123668006578	-60.74503955073934
5995000	2.5501654751348912	3.1644400995171944	0.8614819395433345	0.544232817487495	0.22266407333798063	0.8092496044631982	-68.86485177643411
6000000	3.1274783050278203	3.7940514781660286	0.7861378926604264	0.6319181784541199	0.20281150725234728	0.7811404144776022	-66.68000995068024
6005000	2.24032889012045	2.6458036701648324	0.7939392740344658	0.5696566594586451	0.2021103700921664	0.7498964832619314	-70.30944933337591
6010000	2.528985888351129	3.252448400811746	0.8486429354560088	0.6211503426956323	0.2102451813641769	0.8271808790004311	-76.41572076122384
6015000	2.8928234496062584	3.545679033060692	0.8395988812886785	0.46525801260119237	0.21472168392357965	0.7569281779936791	-86.5280241913934
6020000	2.70042706382987	2.8994899534788647	0.7895379087403668	0.6705643037210334	0.22011120195511408	0.7419699335885348	-67.43908988002718
6025000	3.2821733331987786	3.3521869132422797	0.7873305353750187	0.5888052288385355	0.20056315722471327	0.7777504535724927	-72.1461840521381
6030000	4.964902642069996	6.79366766969329	0.8348775763429013	0.3590555187742496	0.2762753501391373	0.7324956984693727	-116.1545963418929
6035000	3.9303268469264037	5.088079993841362	0.7101994719859563	0.39406440036597873	0.2693461082042918	0.7213403883464834	-117.20383992015269
6040000	3.2880859732670844	5.597044842149816	0.797124830030386	0.5075565551870429	0.21004801813187268	0.716592960402435	-101.0722059438541
6045000	2.9797829539371046	3.3418258585663025	0.8239168654820245	0.4410025036295998	0.24151768725570813	0.7930197942117994	-83.58613244384424
6050000	3.5385890487812848	6.418134172761079	0.8558923618496764	0.4938488970151959	0.2013597888777168	0.9099130041411709	-96.96641886778175
6055000	2.6749770778479354	3.1920872503296276	0.7206289822008609	0.638890253416095	0.22657623972212143	0.737897042509285	-76.17125536183596
6060000	2.545218130176421	2.665739397264303	0.819979440918908	0.35272968861421594	0.3469203764283336	0.7994057921901315	-93.27203185924725
6065000	4.688527350709917	5.343766393285902	0.7751673438434307	0.38367947331976165	0.2726858443632121	0.7095178532054552	-106.29150752015167
6070000	3.2834381192422497	4.319134024822931	0.708061035612651	0.5906699463553233	0.20132198685250688	0.7880823194785181	-73.16700629986593
6075000	2.888507702868314	10.395489769025628	0.8595469954850439	0.4914122944583864	0.21744938404529876	0.7642744883115479	-94.80642912599242
6080000	4.546703446687736	6.195834435438179	0.8646749311301627	0.36276907406677866	0.2121886945307727	0.7146217792848439	-102.6398280350804
6085000	3.354518710436833	3.9401268734324915	0.8618346280072287	0.3687561081581244	0.2590647310487958	0.7113835592747574	-97.34286053998656
6090000	4.241177418074701	5.017531892744615	0.8495040617693104	0.5042426102002762	0.2118324562590883	0.8306519136774236	-108.74313142189467
6095000	4.508258216662204	5.066756128987372	0.8952358113368255	0.31149225496285776	0.25042139627290033	0.7283944948176484	-107.88695813853397
6100000	3.7063493245288806	4.29632526489391	0.7353656143826648	0.41383470158870755	0.20199071384372408	0.7037547944250031	-101.2999491256551
6105000	3.442972253654578	5.48300546594402	0.8980945388818775	0.3143311024535787	0.3638384017454524	0.7316351928409108	-96.33611435678614
6110000	3.2500660024171286	4.993417947976282	0.7692005320277058	0.4071111617754363	0.20117206309913277	0.7312796128925917	-101.2835709408464
6115000	2.881303128682776	3.730069889066731	0.8368998305679091	0.61798804671946	0.2191885514768989	0.9213020583052528	-64.06579057199053
6120000	2.77594380085614	3.288909448641064	0.7910260567754609	0.5305393137698917	0.2669966625419557	0.7477253280119089	-92.51204174383889
6125000	2.9838238106531287	3.468553618654786	0.7410213675155186	0.43026853119432823	0.24093394923037292	0.735070329958931	-106.20598748328464
6130000	3.309735171282104	3.6767653416545523	0.8676632008336699	0.5375889802362527	0.20517631843372627	0.807867116990318	-84.37547828775604
6135000	2.860386516803254	4.384991031458001	0.7629785170324799	0.5465367292536378	0.2274328506882903	0.7030789756006649	-82.0727737008794
6140000	2.947719688686562	3.564674823196249	0.725510374374392	0.352067930227025	0.2931204635743919	0.7839618468145608	-100.66228001186897
6145000	2.3384922145103952	2.438370706157096	0.7826263706193988	0.6475834465968398	0.2425627935396777	0.7451017371813686	-65.37694415134342
6150000	2.708239546087403	3.1144371989722015	0.866129684016727	0.5287233643906545	0.2877198062994455	0.7323518307751116	-76.29255140814263
6155000	2.521200347287498	4.1206017876355086	0.7232321491504095	0.6669582645286964	0.21228366125752915	0.8923731147255859	-72.83691364169772
6160000	2.704319849833245	3.1895933385908277	0.8799063744042755	0.3382019445874118	0.26512322079765455	0.7381077784522413	-99.68885824188465
6165000	4.925643136011044	5.014507983280611	0.8527522607023897	0.35793606547250945	0.20160703028565027	0.7137165173305853	-96.1104063221506
6170000	2.4729800163683904	4.309122303786383	0.7968825354295636	0.5376469867282097	0.2608055136029111	0.9115547032368791	-74.98293326772747
6175000	3.6468298918394715	4.330300002875801	0.715159574257046	0.4121390173826923	0.2439127007889409	0.7141167595941084	-97.85507811811826
6180000	2.656573506459876	3.529451429961752	0.8710366661097001	0.28391846982738994	0.3161024293076652	0.8012457458797264	-93.19755178716579
6185000	3.022559005884766	6.724960503359516	0.7768233229238701	0.30133811733786325	0.29400398443066034	0.7125841161594189	-100.05303399483566
6190000	2.540776513236384	3.14028011357361	0.80631754965462	0.518889500898249	0.21541443777902192	0.7134608929551849	-78.82424704995017
6195000	2.5506659527859386	2.7466325584514553	0.7494261274951375	0.5959253543164733	0.28269917470669226	0.8189580942751373	-73.3043352143549
6200000	3.5804843206839996	3.747838271203335	0.84086505935593	0.4353109248657418	0.29562099617180587	0.7359605158619086	-93.85097981490097
6205000	3.029718625070222	3.974286533071356	0.7998378448856027	0.5151064344552907	0.21772211862465798	0.7431712705185004	-72.66180521763161
6210000	3.1798330592852766	4.620224989010784	0.8987056264124553	0.5838127324461858	0.2323719759616361	0.8214815316280251	-85.36694301515979
6215000	3.0980130588159884	3.8418645505553815	0.7799659379245472	0.3791828512227314	0.3199696108819681	0.7402093232784238	-93.91734816152953
6220000	3.0219940392183458	3.188033562647656	0.8452347827906619	0.5882582281019421	0.2226366143069406	0.8998697058069746	-85.0061107531954
6225000	2.7236304014881885	3.035751872407083	0.8479177420758008	0.5447791077657929	0.2149132330239179	0.7584792057948385	-77.45479129069162
6230000	3.6032237161730762	3.635948821262718	0.7998078766737964	0.5542777915412346	0.20390479251632346	0.7627275791665846	-91.25859179097546
6235000	2.956300436356336	4.56215109106316	0.708710197368349	0.543314933260767	0.2184420776370791	0.7662036076329247	-97.34292567033205
6240000	4.981102305064301	7.352576211064494	0.7790089045065421	0.39146084766303413	0.20157875334722153	0.7027907111540586	-105.42974611607954
6245000	4.219739891855823	4.247814318878543	0.7333187131659118	0.2016353088369272	0.33459015734151026	0.7261907869357553	-115.27145080006105
6250000	3.6014577613144834	3.700870783321724	0.7952195384005201	0.5692148015887393	0.21802084117084422	0.7545428795440221	-85.29153256740486
6255000	4.368002661086856	4.571460308470508	0.750112382949635	0.4059120142605148	0.22638411114974522	0.7502211183580213	-101.7351939717133
6260000	2.765658080440052	3.319346612871342	0.8917914681703659	0.4177187839687202	0.2075712180664453	0.7091436262445971	-84.48804597979714
6265000	2.860091788143601	2.964740348628141	0.8773711079772001	0.45550099614947265	0.2509499629559129	0.7265600634195761	-83.22515090117932
6270000	3.1354845470381267	3.51255295759424	0.8934924977197849	0.48990839096224437	0.22005890878722761	0.9558789165610915	-86.47316787090026
6275000	2.578061787716837	2.610123306939929	0.8155419685718377	0.6759169220918388	0.21081865041860945	0.8358196528046188	-51.93757527081118
6280000	2.1903978498175367	2.2272193758990193	0.8965905624004298	0.713559218440217	0.209295243166867	0.9686559630559832	-51.48158775486549
6285000	2.18134342701283	2.363488183091491	0.8037076633216402	0.6740078056910942	0.2067666433551008	0.9384432382058472	-50.11037304429228
6290000	2.18134342701283	2.288056674859413	0.8070875509870894	0.6674855537233622	0.24054700397063394	0.9671774128600882	-48.89839746047906
6295000	3.7625791273216276	3.776237574055169	0.7622842066962602	0.5857542800783244	0.23276262479886292	0.8358690450472451	-74.02023810892814
6300000	2.7388990844519348	3.3760751059110548	0.8993733353785807	0.5483842194036933	0.25285393268566125	0.7206275119148372	-80.34184342936408
6305000	2.18134342701283	2.262966052961843	0.8983685371550946	0.6544592095293645	0.20508853442307234	0.857440775224731	-51.64741847911707
6310000	3.23973447373369	4.434183723246819	0.7916710395615394	0.48337861816017547	0.2699791772740188	0.8580224659847637	-80.98796962660174
6315000	4.416368376743211	4.740802365621461	0.7283854552179302	0.46942807498800415	0.21072533015199266	0.757350798649135	-106.82279493091113
6320000	3.006362494213905	3.1840250359352047	0.8306613598600044	0.5067827489567763	0.21493953037175387	0.8300444424497379	-79.35073970230928
6325000	3.404549919416018	4.409210867018325	0.8229070635870641	0.3436550294965725	0.21464869980208912	0.7782759384304495	-97.73359947254207
6330000	3.5304940815843042	4.378018571104792	0.8623581503907908	0.3283328598868901	0.27811330433859854	0.7053114238117145	-105.18026228869871
6335000	2.875122613784226	4.568718707185587	0.8560422985242491	0.5154333081412938	0.22031434425747376	0.8101624634587078	-88.0198880048994
6340000	3.9990172709647718	4.87435123111541	0.7121055762265546	0.39746509714782685	0.29279800157388935	0.7202972253306549	-107.4287976120442
6345000	3.938879557134754	4.00435375536198	0.7353814562439506	0.6028961449370456	0.22121526678523654	0.7519736965650776	-73.74933936226685
6350000	3.523411566780096	3.951576730685566	0.8745825773404954	0.46197711582778844	0.23648995798105893	0.7804302187732476	-94.63910706552764
6355000	3.338469789166327	3.4545075886357868	0.8879487266188147	0.4403912301995886	0.21762343500869502	0.7293461792871899	-95.82407238498533
6360000	4.278094815876917	5.04973939581467	0.8615495445183605	0.46725874845904936	0.24908925783963978	0.8502837950033513	-110.4323486084422
6365000	3.011751321830827	3.0661400893580644	0.7673735938396579	0.40691896040313574	0.21923255037092743	0.7399899409833179	-94.25673984758689
6370000	3.0694193274991592	4.059891785597162	0.753975998158528	0.2795839179055062	0.22533772133295155	0.7103605223893515	-110.33584904643524
6375000	4.1012002923443465	4.383760623387368	0.840254968721739	0.3093981020473831	0.27296229590708976	0.80979843738437	-107.73405991173917
6380000	3.0736291685383996	3.662525206028583	0.7902456960549257	0.4226310663134315	0.3518227847633907	0.8098567016579911	-94.21777309293515
6385000	3.4677724310907565	3.988087459030992	0.8684059969354438	0.43931024492286447	0.21177868800887398	0.724753157907942	-95.98946779933942
6390000	2.3969340381595994	3.837418885706017	0.7997041221198332	0.7140311124097907	0.22584944313690297	0.7873692799327829	-61.51643168459484
6395000	2.4912969793127133	2.5108284579649895	0.8460598323010573	0.6926101446852835	0.20744979875852076	0.9629419370305735	-53.124024299132785
6400000	3.5395783772210057	3.704366233820696	0.8026618181890225	0.6566867622590609	0.20136466471509676	0.7702689659854111	-61.15456368954995
6405000	2.951370232337894	3.101098583159899	0.8500449499765036	0.5536800738552063	0.20249518847402811	0.787586643570608	-78.4196384954673
6410000	2.4809083953624196	3.4349711233479874	0.8826474537270405	0.34192887264265615	0.2262260126639426	0.7706003306652535	-95.35976222391508
6415000	3.086781676299986	4.910307820625777	0.8693897188601049	0.5485249027067152	0.20242342464419083	0.9277587416109379	-84.09046330529318
6420000	3.3973573867615676	4.509991317088214	0.7683425151399209	0.4793756516073424	0.25955339612709283	0.9259570148563888	-96.05484460031039
6425000	3.4813476301564896	4.698032747021801	0.7631588234311736	0.5015007581627453	0.20336946549899967	0.7095242267189656	-93.98202547555925
6430000	5.081793558811772	5.169747038559316	0.7592639709013205	0.3381789115040361	0.32661074135133955	0.740888319334344	-105.5748689809572
6435000	3.829260591391136	5.213367727501982	0.7416336997978994	0.509710221871565	0.2589734968557103	0.7465820723594275	-97.99992485234714
6440000	2.3183234010132465	2.43024638057408	0.7912421209963783	0.6495309499567692	0.24975827669849693	0.8274107460707276	-67.85014134095383
6445000	2.7147180895521585	3.0018500691062315	0.7020837406267523	0.7595993512003973	0.2037838804126654	0.8622707484964625	-57.52826975931944
6450000	2.9282517947683173	3.1660550671927696	0.8333902732626186	0.620186536332926	0.23455137506040993	0.8762989747350944	-57.602559912813604
6455000	2.18134342701283	2.3589622878448866	0.7209224462592735	0.732910610784928	0.2056693032033446	0.9179552730466878	-41.1635392614263
6460000	2.18134342701283	2.602324974655733	0.73256906040173	0.7687226181754795	0.20083306396531403	0.8824212313270207	-33.30539211703135
6465000	3.0897795013044425	4.065080855573038	0.7284943949412659	0.6383292615549797	0.25557182348437224	0.9522986760348544	-68.02343887588688
6470000	2.886571896929751	3.2832400623505564	0.82191973219533	0.5814080356222263	0.22303065126079583	0.8345433309605218	-73.39350388095826
6475000	3.2764251146649617	3.79814789499177	0.7306202567584548	0.5451698320131064	0.2288428195707587	0.826353699624233	-89.91911398766678
6480000	4.8056742893001285	5.040226203128014	0.7489883000830783	0.4658103134018944	0.21441972182245683	0.7223646739971497	-97.7082154195761
6485000	4.109529441295119	4.248214452382856	0.8074634817154963	0.25759001314326985	0.4052265822690561	0.7070110730117272	-118.18790887450172
6490000	3.1647169177756047	4.076914354863742	0.7697387038158965	0.41987889376371196	0.31247496822184784	0.7090062703365272	-95.16172917727167
6495000	3.5805440633018057	4.026646344184284	0.8293898076261846	0.5670339292473494	0.21338112100596612	0.7399229651205352	-80.66600775891754
6500000	2.9882837289729003	3.2663526712305195	0.7957093887986585	0.35701454108504826	0.20278175305759127	0.828636867452651	-100.62109686699867
6505000	4.57567485513044	4.663644626216777	0.8472913088326608	0.2983188735052965	0.3123901105662245	0.750943014199568	-110.23093263987161
6510000	4.77358875960275	4.958759281345223	0.8247410149624507	0.32242620801803357	0.24090392855904572	0.720002665823953	-113.11325660644016
6515000	3.9035177879765524	4.7912774097275594	0.7309560422514517	0.45320073378966164	0.2539119537300558	0.7849676650969653	-98.01485889529653
6520000	3.2961408489376347	5.500909780004896	0.7557140489102919	0.5069787202496858	0.2051648218597821	0.7087380517570147	-89.79974028592619
6525000	2.79885167813519	3.7395494182612063	0.8840139187091606	0.3203225330038215	0.24573151671628002	0.7107446184047868	-91.34833790874143
6530000	2.819761858924741	3.306310036614466	0.8216191966945524	0.4722749582063143	0.26799618312335516	0.8191709152999891	-84.44440944632638
6535000	4.797907350695316	5.455308526821359	0.7906618915785415	0.43928323590728885	0.2218627278849414	0.7046957647481116	-109.46168299927635
6540000	3.6093209201055156	3.9946969991142205	0.8374600981488718	0.49576145578598335	0.24054334528488244	0.9061009922054203	-86.27504864190561
6545000	3.88810523972424	4.590151438299797	0.8316791829827059	0.3831884285322178	0.2570857044317037	0.7431194670925437	-100.32347075715751
6550000	3.653558268580169	3.7484547243584125	0.7959619529610753	0.47990386602346546	0.22216470212978615	0.7322786404841747	-95.97977630616003
6555000	3.011140383730934	3.477785890575928	0.742533765058693	0.6134128782106593	0.23056205206899336	0.7604389297102367	-86.92813859309294
6560000	3.552288820400029	4.84464259581893	0.8410806141043063	0.47392070812627446	0.2084316498164465	0.9097299507618795	-102.37375945330217
6565000	2.9482556543317506	4.152484521995247	0.8103174068881983	0.5365355793121545	0.2344037593791672	0.7695946705120728	-81.8043390775918
6570000	2.7566912104257884	3.6755884811622885	0.8810835643408128	0.6856098295598477	0.2003210989621352	0.9677257335588166	-66.74360695129889
6575000	2.8352691243027213	3.626877205238084	0.7808252308033552	0.5491627146843471	0.23029809901820308	0.8331123924417826	-78.77228165218395
6580000	2.9084835404055576	4.012229239091988	0.888573069711397	0.45378241544423403	0.22690383286961874	0.8416214174179176	-98.32897426156231
6585000	3.0082034378206868	4.12900602143084	0.8762806644288565	0.3929005412071595	0.23882997649465992	0.7474438675614951	-98.32265870309078
6590000	3.2050863215777983	4.207454294683619	0.8396889816447745	0.49402723385998026	0.2680880762484163	0.7886325033632131	-94.45000785983916
6595000	3.84695640052532	4.298688053575759	0.7882142842155997	0.4791651869815085	0.23327706470101958	0.7866508518555155	-104.92620055335206
6600000	4.708755980640866	6.62622666571507	0.8545963660223075	0.5336531228937703	0.23199907373737577	0.7124733512707128	-100.16875606891165
6605000	3.5791826867037173	4.248745389877589	0.7256210994746559	0.4422544330835239	0.28849639030581786	0.820874784462014	-91.0646920256963
6610000	2.9380614240526994	4.0003297729282545	0.8876969502834782	0.5576036307498561	0.2247439442262259	0.7023524480918139	-75.9604937339025
6615000	4.711605019246925	4.7629000986953365	0.841549571930062	0.2336611670916697	0.34162423619421967	0.7698503344646409	-127.68394599022466
6620000	3.6315860725969014	4.276149443782715	0.8280993581661072	0.45656339187763	0.20217193873213526	0.810726988055885	-105.53292793353376
6625000	3.4920399604091537	3.857931339195975	0.7137532845056399	0.4225843926310546	0.20755083341636277	0.7944814690469693	-101.14742998345795
6630000	3.2743120959988463	4.605027658264628	0.7495884433875788	0.4450360185079839	0.2170427272205799	0.8069049120902183	-102.7014114794359
6635000	3.7815521319703524	4.574971828038016	0.7771753105418414	0.33630779631940727	0.28992552226734997	0.8407963523376943	-111.53306995141955
6640000	2.96332968757026	3.2640679505179415	0.7833346351585974	0.5544780215036474	0.22121463865048385	0.7197677576275857	-83.17572158230183
6645000	2.433609947275894	2.4651977217149454	0.8880336755879938	0.546345020858105	0.2079564373646298	0.8610272032678234	-73.07942665641048
6650000	2.6636209059710896	3.2833049721308933	0.8712008046299399	0.5784921063393788	0.20042973948181037	0.8633301045905287	-78.79960312660216
6655000	3.1746823533061357	3.7767594205193333	0.8068941890902027	0.5182961798134098	0.21315882492039712	0.7020630149143793	-93.45525238045562
6660000	2.533145418447763	3.1111049036266927	0.753434980599778	0.46579652159903834	0.2775346256673299	0.7156607447126997	-80.3036307292534
6665000	2.760426360781051	4.411476179120556	0.8525655412906579	0.4827547696360313	0.2684487155068484	0.7640297657665072	-85.16291233549359
6670000	3.354070228181907	3.460526799833962	0.8813338390414658	0.5078932757587902	0.21073951381827574	0.802723470017919	-97.84965591053
6675000	2.432227980502673	3.4580403289964687	0.8867303942808834	0.3551652550046919	0.24727666665684572	0.7621582468710235	-101.10000197139195
6680000	5.801106894986259	7.183690648460094	0.7441613900929019	0.377558894144969	0.2346930837299544	0.7190021401796647	-102.23070089313478
6685000	2.4717293481281875	5.010991593801819	0.8544759707346119	0.430580531727632	0.24928454789844925	0.7181848345633404	-87.20598924956323
6690000	2.549130875036449	4.397224991122505	0.8771608347096089	0.39013993593656615	0.20629331972116619	0.7094316236048824	-92.92767731296064
6695000	6.028762328587225	7.667315652272618	0.7545412315026769	0.26723924750771294	0.24526311202513518	0.7198576136900054	-121.31040454371279
6700000	2.53460499747346	2.7944642203247025	0.8397690059368921	0.5913645112666794	0.2176882676462746	0.7266940089211215	-65.05822507385776
6705000	2.4268769959519636	2.8318606004466127	0.7647803890355547	0.5383183767626157	0.2157708276013021	0.9042490444828624	-81.28917051759004
6710000	2.396432356053466	3.559135158659782	0.8714850754213227	0.4990728266948406	0.22172386977810893	0.8694942135003149	-86.42581269602525
6715000	2.8539812854915665	5.48983144970718	0.8417508797173879	0.5665738116692792	0.2074116316386439	0.7599052777204375	-68.70775867273298
6720000	2.807604819598384	4.085206419137773	0.7943590573077065	0.6214236862933037	0.20821284825423958	0.7552034263032404	-73.51423446690765
6725000	4.230057259020496	4.860480552003603	0.8946287571789814	0.4658781011767066	0.21052215847777714	0.7192036144481468	-100.66984180965568
6730000	3.5690047550338475	5.969062322551162	0.7557104592846698	0.47605680556710855	0.2390917819622599	0.7629167014121913	-107.36548223668566
6735000	2.7549256002583324	2.908641650588293	0.8841291656377381	0.4874580533447683	0.2305446970397304	0.7242144739321972	-86.01966509574848
6740000	3.9232243637065194	4.011819066619626	0.8607880336721473	0.39226674079785956	0.2944455824692487	0.7106624048876229	-98.77842235839876
6745000	2.8190597054885753	2.9645857682951298	0.7682917255562455	0.6246956177629737	0.20443562576984975	0.7164340375583373	-75.6220434200437
6750000	3.783484414788614	3.933073666409701	0.7894424479748821	0.442329999937634	0.2252089767260463	0.7807505852265665	-88.64942940775171
6755000	3.716078859980962	4.032538511526287	0.833156118812713	0.4919400191341453	0.21397322065774668	0.7944426838523503	-93.32676831979066
6760000	3.8940647132920323	4.059579709988614	0.8302452647740979	0.31458917166062866	0.28068870171550664	0.7552961136245748	-110.07052921067188
6765000	4.189138964152827	10.331380071165459	0.8234369446198517	0.23941199006509922	0.3397675187983649	0.7067553130551112	-126.12040043050786
6770000	2.847458361192314	3.3777427431006166	0.7946971412303842	0.5322621911680405	0.20300419566065378	0.850828571895645	-85.52902068209369
6775000	3.331576413320747	5.802716341111924	0.8750002741230687	0.5016673873005852	0.20139512060670875	0.7028635127726351	-97.06002400566442
6780000	4.167805165006803	4.554093960440359	0.829247360883987	0.2688008525083872	0.28533564935790157	0.846551388248251	-108.49502935166342
6785000	5.81761092084239	6.7622750578531035	0.7960988208481056	0.22336779403398455	0.3995635785057759	0.7094214691001957	-126.87963256014436
6790000	2.6438722503572394	2.8454859203721132	0.7235971918163772	0.4607294090891762	0.21905093002552037	0.7733566559531326	-90.60653980083893
6795000	3.4934493158201265	5.541987710459744	0.7988133659312491	0.48819421400370977	0.2471111000746518	0.7166271488394269	-85.07742370351724
6800000	2.607224412083237	2.887532801722791	0.7380955057022073	0.3974874530201532	0.309035104164297	0.7026853770551027	-92.27449935463187
6805000	2.660860602768987	2.7887991405403416	0.7512814880595876	0.5715460318414631	0.20514545180836202	0.7820525644854919	-86.41416486412362
6810000	4.718838529792905	5.159881885204552	0.8830738504324307	0.25420173525313333	0.31672957827295883	0.7584059141920121	-111.30538026890088
6815000	3.3911735211772047	3.547913568214185	0.8338854675003547	0.4266224111025714	0.27320902872534025	0.853122627122243	-90.5723544363286
6820000	3.9470214892249507	4.4990127981225445	0.7318897350406959	0.3397217222932709	0.22429614216470986	0.7018993068898657	-109.76622723003791
6825000	3.4786559931478274	5.285227575542146	0.7946910633012992	0.4545531554954838	0.22708140549186484	0.7910368217615228	-114.74170477967763
6830000	3.3700709488422342	3.5484359005322017	0.7370986739472066	0.3956252894095914	0.26440333242351727	0.7494239690646738	-101.83769590862772
6835000	3.0505296660341776	4.4137110397724495	0.8301732250305869	0.3997728364247417	0.22955243943496498	0.7543552218724348	-99.84635120937918
6840000	2.6311213127507718	3.364597143707584	0.7705821144190352	0.4914323757719667	0.22079250238551607	0.7612614695654051	-84.96702475326595
6845000	2.9885481839288084	3.1746214453937744	0.8156728963806847	0.5072190421116168	0.22306663140902555	0.8223805737150993	-75.98092810227334
6850000	2.5192697371409998	3.041962419775411	0.825867894697809	0.5028647633241055	0.264014184979233	0.7664498710944323	-74.44994725447509
6855000	2.571303117926664	3.186463350317046	0.7201844062969283	0.6195806514907602	0.24399863953581508	0.7160038356713467	-79.49359652463912
6860000	2.9541597927883374	3.6839475449855863	0.769396762521026	0.4846905976940873	0.2122126901804779	0.7172190068877325	-93.60026941341698
6865000	3.037077955327996	3.3115484083225875	0.8822491325752092	0.40322602403225427	0.21789136261930359	0.7672970589727676	-87.85582533268436
6870000	4.3164235471800305	5.067464116900864	0.8949701211836254	0.4382468508794876	0.25940052297430555	0.752456961503173	-100.51339530108075
6875000	2.4365237133636324	3.2597577720838378	0.7182286424764862	0.4766631117330438	0.2746373201846559	0.8012467581567572	-89.1536165308948
6880000	2.9211683992368878	3.1909535184783677	0.8010833129075126	0.4928098423692297	0.2234371884463233	0.7279806360168706	-93.11733874403828
6885000	2.234622925981377	2.815626664643895	0.8608186062793647	0.5455280718817013	0.24146523696417618	0.7689956370789054	-70.18727440267114
6890000	2.4608199312556205	2.6065427470367157	0.8626958140055226	0.5305581423629332	0.21921452026707233	0.7843347949861466	-84.27349532752484
6895000	2.3802663388772953	2.518099777805566	0.7013352065372744	0.588177046177581	0.20252024087167667	0.7896621154279132	-78.67932126089283
6900000	2.2677596590132674	3.9897017046919743	0.8425553106277994	0.4196834960790249	0.32026612517925057	0.7145590236957527	-81.12661532198516
6905000	2.855317206191027	2.8631793443087203	0.7627903008482024	0.5051405488586261	0.20982707831485506	0.7182035880032175	-86.71353951104797
6910000	3.5171872179860184	3.740333641797135	0.7307160765711064	0.5202241067171581	0.2165364246369213	0.7168580852553207	-96.76446693187239
6915000	3.537558066601122	4.227992238667756	0.7396537469958581	0.45421742300325546	0.24912207001678155	0.7035594168012089	-97.86727668954111
6920000	2.494566299044308	2.9159066499129462	0.8291190363552096	0.5288132726572881	0.2560210556359939	0.8377043760295433	-71.32549823948656
6925000	3.0565351258562625	3.411829912772116	0.7773933751775434	0.5522742735282751	0.22362219964187507	0.8100427490535557	-95.72609572501412
6930000	3.877570416268979	4.674107710912067	0.8563510729545504	0.42748346554585365	0.210119558885635	0.7033345080042105	-99.11987179820059
6935000	3.9709318416828023	3.9808304033636985	0.8733050731174075	0.34994976012886103	0.2147550207440868	0.7207556741319163	-100.4248134468059
6940000	3.1149384813914724	3.3671442480130556	0.7739030235705479	0.42022790945004396	0.3088806121726109	0.7629323935636753	-94.50577605375506
6945000	4.024705307957463	4.299730403314913	0.843003854953367	0.3510130752524037	0.2997951278224721	0.7810739755112129	-96.74755990304166
6950000	2.18134342701283	2.427895074281863	0.7739088425975663	0.43777668030402683	0.2643279212859798	0.8993047865836374	-90.9303930191156
6955000	2.454944315250155	3.0482213522754473	0.802414177264983	0.5163460081154269	0.22692429745920803	0.8563988104449375	-76.79136900749091
6960000	2.3217369720813146	2.41554548936174	0.8761197140780334	0.5798539514696706	0.23711437204073596	0.810656310384354	-68.60437645395734
6965000	3.1830979987703714	4.89521845762332	0.7050952594156364	0.5298203718248151	0.2279980603117106	0.9063608159087684	-93.39335089767371
6970000	2.863323630505475	4.082278436187818	0.784338774908963	0.46342024265050075	0.2326398905999236	0.7194195380622342	-86.64677774071131
6975000	3.180320774881089	3.4211476162977483	0.8595026270252402	0.5428705815749214	0.27038519532305866	0.7082963984517413	-77.47220541758719
6980000	5.460289248439978	6.193683931829466	0.72796862711439	0.38895231725912865	0.23198631208208953	0.7135572535942067	-110.51635407075264
6985000	2.5256771317250357	2.9251384572520647	0.8978878949529807	0.5418508873104549	0.24069663975070463	0.8060385738908887	-68.00408508873664
6990000	2.9187177154690405	3.16276331148444	0.8337461879688418	0.47933162390249184	0.22318484183381673	0.8067648790100022	-79.24721759919734
6995000	3.416309974838824	3.684632582159029	0.8505385806420281	0.3834590882687519	0.2057454978493046	0.7387425345482573	-104.25371675516848
7000000	2.31518707338622	2.480955631511657	0.865207164810436	0.4372153685865223	0.20830031113691772	0.7089416123481185	-85.96052275208595
7005000	4.574868643922731	6.621406423060333	0.777410797048019	0.5643067930414098	0.21415306009232382	0.7505419076369979	-78.68040790237382
7010000	2.18134342701283	2.3717253229556854	0.8590913004157035	0.6719818970822105	0.2019067497409929	0.9447664745215122	-57.51526014115243
7015000	2.751482184581142	2.7689818740758483	0.8079881210725753	0.6084239627544493	0.22974018650171638	0.7793408741893929	-56.299610853518224
7020000	2.42654862781038	2.9166113509962943	0.8949895145789081	0.610833664440177	0.21702266252072863	0.8928061001276629	-69.3694860636634
7025000	2.3888461298735897	2.5627977104588284	0.846787023875334	0.5237568565671615	0.2567177254628338	0.7835307429808359	-87.1071455700613
7030000	2.7837856938922463	4.795763804134303	0.8923769501511642	0.4405424414616209	0.2175492182150236	0.7286257931306953	-71.79835393602713
7035000	2.67191553956431	3.7544336839728842	0.7128336642036668	0.5163361486999664	0.2557041016975363	0.7879787407056753	-80.71856451022964
7040000	2.18134342701283	2.7932431896447962	0.8787517523152922	0.7964823180307642	0.20956909181848069	0.9971878022370652	-31.353258792976483
7045000	3.3995528931204664	3.5037411914728813	0.8094321203590822	0.35194466704215216	0.24240112304385278	0.7202127114581843	-98.19175452734089
7050000	3.535837221503368	4.185543913076832	0.8810372772786497	0.361540720529996	0.3042153371938803	0.7254066774125385	-103.52754041363747
7055000	2.1890223451406325	2.463623831447649	0.8644760227352916	0.5164504302939159	0.20809314502069873	0.7215820527666864	-78.03470702887782
7060000	2.3738478148470272	3.7675111519031343	0.8337829437922396	0.459058136609178	0.2535138552173915	0.7124060030475005	-83.59866037199822
7065000	3.3942179885252526	5.011318468456012	0.8876026682205	0.40497777852613204	0.22135527408441008	0.7469487916757744	-93.31728312445048
7070000	3.2240123128384957	3.5496649991500893	0.885324418058362	0.33164387723331107	0.3441253719664159	0.8024781431198208	-85.16914098742393
7075000	3.3307442946670167	4.654929544879343	0.7816183195784457	0.37086576671988714	0.2882017825878274	0.7623582110599558	-100.16584860529224
7080000	2.9286710427636375	3.397402449798183	0.853898687054755	0.5020371215881694	0.23010612634277827	0.7444080002530501	-75.04773759524667
7085000	2.2992349819261912	2.5303229560024323	0.8244263688676784	0.703664336545155	0.20423713790875114	0.9461061778723103	-52.17419977567385
7090000	2.5394051296234212	2.787196669006639	0.8550174964238839	0.4209355028967044	0.25231907258396485	0.7174550295274258	-77.89335606334973
7095000	3.5419713313515877	4.727643516872064	0.8151789332805925	0.541490241004723	0.3033317074271212	0.7484248444720021	-82.13968504835304
7100000	2.6016078979013946	3.5452611125161138	0.7479120699001223	0.6142329082606678	0.2021629419884716	0.8408553532461559	-57.999210867473714
7105000	2.2873628635081453	2.572485746274924	0.8477010783530146	0.5827564342321374	0.22680400204968945	0.8244423295582801	-58.12965512329376
7110000	2.5881038302675	2.6903240023118324	0.8043507215839182	0.6060911483269686	0.20095499602649441	0.7299757274696462	-69.22892574062615
7115000	3.5604946151555286	3.865234658043336	0.7417157093966573	0.43183590953147727	0.26064197607385187	0.7021452416113725	-102.3878857224162
7120000	3.8428110947233374	4.915295565599845	0.8192125999542829	0.4460394471255175	0.22297045196428408	0.8451535761218995	-91.86156306382418
7125000	2.8535415328310747	3.6069496641128844	0.7766482489785669	0.5134593221986119	0.21920014234260268	0.7663493954988738	-96.09167296770957
7130000	3.2563860419750745	3.4901139683641347	0.8000917176281874	0.4604425965738462	0.2468550112818364	0.7246913343320398	-97.43437540161486
7135000	3.7449647837848095	4.359431509890765	0.7154576283301926	0.5272932468998258	0.3566963093970435	0.706121788451907	-101.92866903985504
7140000	2.3829803188842464	2.6207851445237327	0.8981676857549864	0.4787700848707246	0.22357400046500384	0.7954554871913496	-77.8017870746975
7145000	2.4561701241835734	2.5096925842929494	0.8445453006205217	0.5004777144879389	0.3200709416559504	0.729823756895519	-70.84715712610918
7150000	2.362211266573469	3.487087690671798	0.8858535297998452	0.5238324703317996	0.2117726076474139	0.7814917051472007	-83.81638621922079
7155000	4.885346342013951	6.1000107461194	0.8892455132475	0.3898746211267027	0.24161771464573667	0.72879106696366	-117.41880123802437
7160000	3.5047266007552036	4.538706418894951	0.8296045887435947	0.3106881001490879	0.28910266428024706	0.7402184268427416	-115.77269181154463
7165000	3.421661980175332	3.4432630935836013	0.7443135600759069	0.4048144249126068	0.21773198981478442	0.7088216975374909	-102.74888226635869
7170000	2.691227989310068	2.9069039906845937	0.7867039008877045	0.3619057036784993	0.2162656541833171	0.7780563750509533	-99.95121287081415
7175000	2.5483869667272643	3.0445994217856325	0.8266598569027586	0.48624299303816126	0.2665439979970911	0.773743390553425	-80.42742216375896
7180000	5.195565865394597	5.604983114522764	0.848538382035228	0.3730266063470847	0.24862202064411662	0.816488631285843	-101.24286903014519
7185000	4.071300414742332	5.201709409803098	0.7846714340035248	0.5142068152611993	0.2241775511324133	0.9818807053562811	-95.33044002420397
7190000	2.841259412695701	3.6441334356655424	0.7642184179270215	0.5477676008913231	0.21939061956321884	0.7344891938552499	-77.69687378680783
7195000	3.3083618614636703	3.4539209641002366	0.8203726992553103	0.3684143484888761	0.2985101085730647	0.7476398887786736	-96.79422487584608
7200000	3.095456954887953	3.457392771401131	0.8207542907880926	0.5974207348578153	0.2537915980454185	0.8803472213775372	-80.84052095805723
7205000	2.712229275679257	2.7934546735538888	0.8709094634630148	0.41424905695093345	0.26162619123723363	0.7160547485036224	-82.88426032363986
7210000	2.6777403622428766	4.354846742859379	0.7604905028679974	0.6292781656016099	0.2001426133432028	0.7518465763740954	-84.25727449211055
7215000	2.6281125274616546	2.657411223452231	0.70586072210863	0.5523867568531686	0.20078307677523297	0.8515164736211297	-80.47720427764278
7220000	2.793594589895655	2.881998031164094	0.8825701782051764	0.45698056139581117	0.2036273592765308	0.7319497033615364	-94.7865083130356
7225000	3.1777698018837954	3.2618091372919142	0.833493506680174	0.630097778559071	0.21551496909274145	0.9527311391060799	-73.75571839520296
7230000	2.2557226986300254	2.8664196905774406	0.8548218220782715	0.6707600503392686	0.20126421527637944	0.8513536093829991	-46.585692433433366
7235000	2.2393851974318606	2.610530660407556	0.8717595852051306	0.641328645082725	0.20931125303293535	0.8559628562141333	-55.265960903975866
7240000	2.5181530746075564	2.928036568495615	0.8005496597241137	0.7028316208912664	0.20054126989181412	0.9307555256868169	-42.79838471832783
7245000	3.731039106050556	3.7867040620996413	0.839151538494266	0.39328527397382623	0.3512731100852047	0.9277901867643641	-98.52652806712419
7250000	2.6319429461404007	3.687220502797797	0.7222208987430563	0.49303630980246715	0.2514554681908941	0.7812705507740352	-94.325931783666
7255000	3.6159114328035598	3.742677926182601	0.8309025183946566	0.3955974302711532	0.23509449682124248	0.7198398288776917	-93.26145921733476
7260000	2.877027176913829	3.145567369125216	0.7647184303680352	0.45916723546711297	0.22637037858116754	0.8104894071311417	-81.94297226037074
7265000	2.64058295582352	2.7735238372057047	0.8843557893900948	0.33320228029774235	0.31288486657841935	0.7443663069018482	-87.14110855209401
7270000	3.5332235658836098	4.367863422157064	0.8177983162769983	0.5657141806757827	0.20727830461751662	0.7035705994988817	-90.94425647909813
7275000	3.5839325646669717	3.5965844288357607	0.8682451287883857	0.49542253722829627	0.23927563958079948	0.7023900727158191	-94.12069336492547
7280000	2.4480010553941893	3.1325620174728597	0.8906190534133682	0.5144041771408756	0.2011759306900993	0.7366006269932163	-82.95105001764867
7285000	2.49775096106973	2.7184363211234457	0.8633993311973249	0.4011048834489553	0.21690736281551437	0.7407348297226162	-89.67684010960335
7290000	2.8031788051534567	5.724513896043964	0.8134215739541817	0.4887472879084604	0.21033566782287072	0.704671515088591	-87.33702078244977
7295000	2.8846754822973333	2.917485900740396	0.8284067660315758	0.4183414290063901	0.2291734840165526	0.8051379958389225	-93.55282283556892
7300000	3.317399989307314	3.3379313260130603	0.801599500118002	0.4933802368974899	0.24419177428591335	0.8081911095203662	-79.96755337055569
7305000	2.2009888947254566	2.9311105754278723	0.8923006265684393	0.574342226056618	0.21579812535274231	0.8784323353291903	-76.52589465149435
7310000	3.0717224113390174	3.1087691888620403	0.810778980586653	0.5371684199721319	0.24162925713808384	0.7054233315996302	-81.5918261521864
7315000	3.4805496829706724	4.030268121333925	0.741012818266386	0.27727491727774434	0.2471075525732586	0.7570748807280312	-107.89400674098599
7320000	3.1054904053585077	3.5178534276960605	0.7287713611898747	0.4534474172334957	0.22986338435067627	0.7045510880554211	-102.05577644188708
7325000	4.089860022812707	5.181120050095773	0.7453097548045705	0.38109000512499325	0.27874834533975495	0.7645021408800775	-101.6352377947922
7330000	2.904046552400793	3.027094547042032	0.8399220422694161	0.5001337985524281	0.2033757661851391	0.7386762192886885	-77.63791211300241
7335000	3.2440626546117706	3.253832439317275	0.7627514540241918	0.5453328350022605	0.24934381877728432	0.7323760631630677	-89.0976308240443
7340000	2.6838461197733388	2.9321677255340197	0.8786863463699617	0.5714998106485497	0.22131992049155993	0.943659610702546	-72.47999172256462
7345000	2.2299072183611184	2.3247437069599437	0.8447768905085605	0.6015808960032982	0.2254350323152754	0.9112613551262315	-56.351937080577315
7350000	2.283090744813826	3.0847861228749167	0.8443945552790767	0.6590194873481745	0.24958642442003434	0.7702357841287921	-41.22914575425703
7355000	2.6838156426297166	3.0954169362746944	0.8969210349787812	0.5243194436446079	0.22699092307493576	0.7940125730224632	-65.74548591629153
7360000	2.5393848637114176	3.8537775641817653	0.887948142190418	0.5529822456880006	0.2718354618845129	0.9292362923840503	-72.82956147022443
7365000	2.6136196121138306	2.8389589592712188	0.8286643657498933	0.320040536437112	0.2656638565677234	0.7308780572001611	-101.40508506861329
7370000	3.131117351463163	3.176862764407811	0.8709977504241903	0.41388623790078727	0.20351588709207985	0.7353773726540764	-84.79939046877618
7375000	3.148361667432714	3.540649740282773	0.8918222881012989	0.5355689857052409	0.20950058005163724	0.739579154710587	-96.23213578042095
7380000	2.8350635271863793	2.962184413642512	0.8244423847244514	0.4154653762733107	0.21860818839050725	0.7513315495267531	-87.16519976931653
7385000	2.730377017359563	3.275706198565353	0.8463397862685291	0.5091657554474673	0.2722788207910726	0.8171641557340347	-82.21647262721689
7390000	2.8418568401254465	3.6224776884112813	0.8389656378959266	0.5683441076418355	0.2158032783626272	0.8172570086238827	-71.09745812295466
7395000	2.3723412952585523	2.392912565913071	0.8586073326433534	0.578584525296685	0.20419464113051702	0.8730837838919576	-68.3687622889021
7400000	3.951252242615565	7.86752401579631	0.8477586110765274	0.3457647852518504	0.24610369123985115	0.8164080140728985	-103.28386746071496
7405000	3.0307400362319545	3.108072854659862	0.7387964725851052	0.6001734518141476	0.23457348758214336	0.8073341539788426	-65.82317258681823
7410000	2.18134342701283	2.8675300259293297	0.8975140045611406	0.5611173829361791	0.21465007324746263	0.8434718776674623	-64.35065153167676
7415000	5.768756072411794	6.7484116673902825	0.711105824526305	0.4127511133609563	0.23570906123339277	0.7254178102794087	-115.32100314115536
7420000	3.7876841447973577	6.654078288105456	0.8154211242726768	0.3903622937737503	0.2167696372838641	0.7108090169614103	-106.61157159002681
7425000	2.4086667500733028	2.444528746400223	0.8615532770902319	0.5271829220079597	0.2073119271202377	0.700126905466532	-84.35914088445199
7430000	2.8097940831379478	2.8152154407680725	0.8828546632740808	0.5070580091348008	0.2485855732302316	0.7243187516425095	-66.23512362505522
7435000	2.7372741188986094	2.902827176621876	0.7371420583870764	0.6873801568739731	0.20567832858214444	0.8738223321418076	-48.357032407226455
7440000	2.604225835751777	2.7041533232140837	0.7915283272859083	0.42171686646438034	0.2751226403639533	0.8089324716143041	-84.88586659994499
7445000	3.1950555028153955	4.74812585635946	0.845195921272031	0.5041196792096446	0.22796901531187921	0.7627999620317995	-99.37860638228861
7450000	2.6299895827191633	3.4080447252967483	0.8881390069441203	0.484240097961416	0.21116538106326233	0.7009767470393574	-80.65174841111516
7455000	2.487073463421601	2.9689629523692647	0.8896782928915205	0.6660262546998168	0.20184325364658198	0.9496084947757406	-53.011082606379176
7460000	3.444468073702722	3.849303109716676	0.7035331395415763	0.3123266665553999	0.3458265512140802	0.7203753745526692	-111.15038850864681
7465000	3.2708419743418653	3.983121549850004	0.8774234550846908	0.5175154796892154	0.20376887988193104	0.8039584919468122	-85.73935193146184
7470000	3.0055099470937607	3.156927051696625	0.8209572198068135	0.5302590077146625	0.20820299306569837	0.7745494226291131	-82.77340861214628
7475000	3.255212254499873	3.868237760253824	0.7755312702525762	0.568230724955915	0.20419790563946763	0.7089356611426574	-81.3704529585012
7480000	2.529801802052585	2.9758487114397294	0.8572514863125948	0.6076452148177438	0.23567365070311283	0.7684343681305358	-74.20968887701025
7485000	3.040790610478251	3.3270557370821066	0.8079826281866479	0.46116894306341555	0.23631866404843263	0.746269644011761	-83.595293683233
7490000	3.7390685856891515	4.598687120183189	0.8490701775542975	0.20413519076121053	0.5231537302598057	0.7009744574699562	-103.17829140657429
7495000	3.5383818212267113	4.653708342393245	0.726780892907228	0.4331798764849898	0.2354405630218677	0.8618365061175223	-97.37558867486118
7500000	2.546354547532152	3.5688596830117985	0.7285378080907077	0.5501724863520694	0.22897352025108658	0.7554943357995108	-81.64931574091744
7505000	3.552755260158319	3.7664040636932827	0.8669798101670684	0.4298163379413858	0.20610359777943701	0.7160935836555037	-101.64590845750243
7510000	3.507326525011245	3.6311931817773933	0.716646310099731	0.6377840707942407	0.2050728272078607	0.7378358267981047	-91.75767761441074
7515000	3.953799014751141	4.29066707750471	0.7362738366747581	0.3554828419488194	0.2514761552374884	0.749873861132074	-106.64407945832065
7520000	4.24188680082115	4.25229406214534	0.7480831405096972	0.40756213051767304	0.25830003071406743	0.7933397527590357	-107.95139981777217
7525000	3.635662984788558	5.875158202588194	0.8655974542983208	0.32052160368293586	0.20558348034658414	0.7017363015655178	-119.26557760158943
7530000	3.3775596926271785	5.501864859702691	0.856472408323785	0.37323439470463476	0.20445625291118535	0.7112278997721144	-102.55148586432009
7535000	3.4442725424722647	3.5832227729639925	0.7836681509809943	0.42587605806593803	0.2647137443918167	0.7204830628511606	-92.05892656769439
7540000	2.873914222028263	3.0354818969721	0.8902960404221105	0.5390476300175981	0.22380614014747172	0.7592030150802668	-84.63209419323934
7545000	3.8048002963720178	4.92613588671969	0.7879024036119688	0.4251012374500788	0.20678294597790203	0.7625732727484994	-99.01328539697761
7550000	3.7541781554816582	4.620382800542456	0.8958700651861137	0.4158692658742865	0.2454297161005497	0.7394716033186567	-103.89700809341022
7555000	3.50027751697674	5.92107462154087	0.7861667040572841	0.6127505069650413	0.2313925788516841	0.8438745427581031	-71.07210258927344
7560000	2.457368336109419	3.0532994070269655	0.7547786695386333	0.37289937820495717	0.2304255194586523	0.7146832192395512	-95.66116513198466
7565000	4.3214157463077285	4.423888888299457	0.824153593217496	0.2619653989920411	0.24973001371568698	0.7438286055433057	-106.03446183427891
7570000	4.009584242865898	6.06793915506058	0.8112544898528009	0.3366932559138453	0.247757612447875	0.7805313787028475	-101.57451774907673
7575000	3.052508766402963	4.103370793580175	0.873952831018731	0.38215332857560574	0.2398332440486772	0.7565581251162607	-96.89746389225212
7580000	2.446631112373228	2.456649284211397	0.8959588220128958	0.4970108223322814	0.22669654563967018	0.7006013497059967	-82.49603170783502
7585000	2.959103077693249	3.095561401340029	0.8565369998302446	0.40952024531859665	0.23157249927954748	0.7212148499194408	-88.01469925078598
7590000	2.376922441274158	2.6355501733196847	0.8074655257175086	0.5064577782212324	0.26294684179731515	0.7651257640631884	-83.1606143377251
7595000	2.429160475992467	2.633720225051514	0.8242485007716107	0.5726415910525469	0.2189153895421854	0.7929619947400319	-78.18001022114322
7600000	2.803665725456804	9.597951291590237	0.7226911535512951	0.4352118637272861	0.2316086436473647	0.7230134356665404	-111.55147082846432
7605000	2.704251410716064	2.9712394871019097	0.8755395228787387	0.4863740082619487	0.2775538750410981	0.7703660918811646	-96.97958272854137
7610000	3.9287144181775364	4.068581808992993	0.8110945068793263	0.333670037237367	0.29129499138034676	0.7100574833393244	-95.52691449785647
7615000	4.029116319451238	4.594649670189162	0.835750938339809	0.3467267289918134	0.30316846406603487	0.8888190350335456	-111.40223437321629
7620000	2.6995036297867423	2.8388962462843885	0.8620721857500568	0.495601735575591	0.32696705656436786	0.7421347147331877	-82.23714613515872
7625000	2.6294923655988525	2.9260449919817355	0.8364737044972438	0.47945428607747553	0.21661060605863913	0.7106436979145576	-93.37770565513097
7630000	3.0848867471754566	3.563411268342979	0.8475543606981313	0.5507755539136829	0.2082249703713533	0.7462667843950865	-91.93757467887255
7635000	3.0622300089535432	3.3158090456412848	0.7558062860159951	0.5279352376834152	0.2154920242187482	0.7353742838048528	-93.80369838549811
7640000	3.5067714658136673	3.6962703815425955	0.789795477778625	0.41410662417329536	0.20193261349038005	0.7159815412376351	-99.1743180840553
7645000	3.230334154674815	3.541527906051024	0.8724640645194877	0.4901131121051572	0.20818747521841502	0.7497561782270284	-92.41731228368695
7650000	2.2734363208170865	3.0334451344494986	0.7342602823447245	0.4728240095698181	0.24459019515359245	0.7005778121579179	-83.65325435134562
7655000	2.8924149830711228	3.1144738069908224	0.862236300592973	0.3366124610900056	0.2793013694135624	0.790110418141136	-87.47918265207352
7660000	3.678091891698149	3.7631050668637718	0.8727155625687197	0.5436115671453182	0.21221866026836872	0.8733134845645322	-77.5759111118974
7665000	4.622695948939214	4.972582286870295	0.7018141961141267	0.4412760818564825	0.23370669552018558	0.7615259488116268	-105.17558409641106
7670000	2.754218346262146	3.340040019473105	0.7703179211819723	0.5037325169862142	0.24086740195973697	0.804977035538391	-86.18371296108012
7675000	3.8309433437155316	6.286784773900527	0.8459165588299332	0.408487099129737	0.2064506225431205	0.7866043394638553	-95.1446650309411
7680000	2.792445649150713	6.676958269750261	0.8925501340239055	0.290112767518158	0.2612244731567989	0.7310954181007416	-101.53811865007125
7685000	3.249969112702314	4.750955435959215	0.8143087894033205	0.43808587668440685	0.3759157403474506	0.8171133165638342	-105.75534573981014
7690000	4.133096548561174	5.379578252549299	0.7546976601557496	0.44499437261180336	0.22709839575529533	0.7130409232026474	-111.17570146224179
7695000	3.88052957342553	6.2563703669794535	0.8450281979739176	0.39703872820772157	0.22529145917570606	0.7144018208030594	-109.59477732020292
7700000	3.97515890628124	4.777365796798082	0.8591055804782206	0.3730238441631523	0.2934657723083399	0.7691597617331619	-104.27698843051033
7705000	3.8392581168970787	4.019613037954715	0.8119403016892062	0.4143320246606994	0.26047859224666225	0.7118969752746331	-99.41910128083038
7710000	4.742865467499419	7.169163758154541	0.7752986556561634	0.21029495890336816	0.26703538786035785	0.7621540916811691	-124.39552328422613
7715000	4.458169876592374	5.73807561391629	0.7701731479688823	0.34626797525229097	0.23017348045691258	0.7302601842492038	-114.71595672116385
7720000	4.515628119189942	5.178535854802969	0.8645949698685796	0.2152799894993273	0.290826781379971	0.7691206973418484	-116.83123251008928
7725000	3.2595993414730478	5.181225172335498	0.804791826141685	0.487172748975243	0.228687124641406	0.7629615786729069	-98.81666830282188
7730000	3.2240559379504603	4.042534550984947	0.8828241736576108	0.3591930216684281	0.2341534406774312	0.7262007969365876	-92.94201129700949
7735000	3.1222247522040063	3.177973884680077	0.8627878068542868	0.33597746413577223	0.32963384441861215	0.8371701160571748	-97.37755036106591
7740000	2.931221404278714	2.9451552104105088	0.7813425381231263	0.46200029138833454	0.27972192587874517	0.8408460657259529	-90.18363283723914
7745000	2.4551636858541745	2.913651071540715	0.8667515169893798	0.492603544088023	0.2141976942910725	0.7662625599330245	-81.8624566595501
7750000	3.0410010981595286	3.1744077453714743	0.706869222544098	0.5776756675911242	0.24899784447575957	0.9624303581083898	-67.83153110831137
7755000	2.6684639489751176	3.0391549078180287	0.8027411420469263	0.5560178052501883	0.2394452372661635	0.8633906249477014	-83.51193757830461
7760000	3.790477171450798	4.539612647707	0.8663924829952074	0.5257762758276787	0.22036950341211592	0.7058074859497167	-95.53513553577653
7765000	3.311516428575054	5.341085709147435	0.7195476842560733	0.47372124103451885	0.20046764857446103	0.7519269928195162	-97.70786308847252
7770000	3.808821986304835	3.8758302067578096	0.8884949063863022	0.235395105070803	0.40246926411835227	0.7079026791121166	-109.3674290245919
7775000	3.8310256062559143	3.8636815795943065	0.894287223569877	0.29775076264437395	0.3208650856013179	0.7262984705265705	-109.58061361573564
7780000	2.813651420451931	3.043741466954107	0.8993577078353214	0.5451804540682961	0.23958859062669666	0.712578187204868	-83.97177851720113
7785000	3.0453271855594792	3.4793127526738985	0.8769316890013892	0.3968327408918353	0.2208395443709049	0.7099763455388547	-98.93863192216335
7790000	3.783122963905241	4.866009725415411	0.7902785601329481	0.45938423507798837	0.2850120334473817	0.757236898713159	-105.19461202829845
7795000	2.959479569896821	2.9701864108250295	0.8213761497476829	0.35917195189278767	0.291827462855732	0.724463881691763	-88.66121929451623
7800000	2.450293856267265	2.4979239877316504	0.7100539852833059	0.5086572393906252	0.26009613743514026	0.7433098094423147	-91.82533138265327
7805000	4.204775849723797	4.567851978623536	0.7427602451361028	0.4860700393250126	0.22132643872502172	0.8200882096790949	-88.03323693840662
7810000	2.18134342701283	2.2535070870789125	0.8044196548517409	0.6648213786880419	0.20087498193761283	0.8565794634369619	-55.24847440758988
7815000	2.8666571413583486	2.945745509948201	0.8002776227454986	0.6166733915934038	0.2140573949305627	0.718072510048858	-81.73629210487584
7820000	2.6239495787360783	3.386185034216836	0.7212262382502798	0.5599536535591444	0.24436553093864186	0.7904945566526752	-81.92687798322154
7825000	2.18134342701283	2.8090510663624695	0.8346751161214118	0.6128826573269317	0.20776158117031704	0.8987710825322027	-56.89826887569878
7830000	2.890710335224125	3.716318822842826	0.8633695548493715	0.5481931301327808	0.24733317591046838	0.8005003880988646	-83.08928533617583
7835000	3.080042993118255	3.4957383581484183	0.8502002170035279	0.5620835797681615	0.21417250446184258	0.7791803370581941	-78.35080833200632
7840000	2.8458997248561366	2.9022073388687097	0.8275481317293343	0.4473951325244113	0.2700483237501734	0.8059586163772647	-103.40472831676428
7845000	3.94909963013095	4.773475581885941	0.7070024637538272	0.3202430209805031	0.26756753390072185	0.7172126970992158	-119.98715355986496
7850000	4.201243668130504	4.653091650517949	0.8491764219364046	0.36816052005206723	0.2659529883324648	0.713554535813398	-107.15652473298888
7855000	4.353155813992824	4.698115437834012	0.757065303488749	0.5695975828879033	0.22387241483279643	0.7131833081930165	-92.64297431926337
7860000	3.2002877209523204	4.0670931227795375	0.8600319703978798	0.3886769301447564	0.22145195107884705	0.7387018684772287	-101.70156486211116
7865000	3.435799973980043	4.1094197342275605	0.8037198345350325	0.5086151958608153	0.22202310055114458	0.7194675202551856	-82.74686491919226
7870000	3.3632365122412886	3.8859153655558436	0.7447299405583959	0.4561754800241695	0.22443320098115882	0.7777216301934783	-92.47123693105775
7875000	3.682091325608493	4.424174659651097	0.7207169415402267	0.49992063234851225	0.24198151860141054	0.730914688469525	-102.95472838979788
7880000	3.870277622169737	4.036896128936467	0.8753902223079987	0.20943825192094043	0.33272930685661145	0.7321767134904807	-124.63425834935893
7885000	4.01605066501548	5.9982669283745755	0.7680766613416082	0.4712658593050744	0.23537348419741316	0.7767539453400023	-95.42022455149504
7890000	3.9570434798894447	6.144372566674454	0.86057397819356	0.3577984138458789	0.22715942249132717	0.736301266652235	-97.83762922405197
7895000	3.9386363036392273	5.597248403755434	0.8786538030268248	0.34040388802639715	0.23057186085942705	0.7589081644175738	-109.74888937069386
7900000	3.1406257007489593	4.111375198595237	0.8346606844068652	0.466887672794983	0.2137137667497552	0.8121463394633467	-95.78306441861386
7905000	4.388060810745553	5.382260375564046	0.8368595966355774	0.23934936501650964	0.5010922442475605	0.7051612365197765	-102.98209981216166
7910000	3.644910734406139	5.989954722215703	0.7362541671879728	0.4162553313876903	0.24471092255113505	0.705530489483654	-107.89412357217412
7915000	3.356297472868565	4.863265734898711	0.7707782474423589	0.45573172502438847	0.2398781809349368	0.8383888207430344	-96.40969432275762
7920000	3.0229506164253115	4.043696083139271	0.7663336716660043	0.42243014554632835	0.24480116983616887	0.7411211147704458	-96.14391309946916
7925000	2.224667417073234	2.7069604259106184	0.8157975127731117	0.5218275100082647	0.29430533976833495	0.7538430543497179	-77.91372582156987
7930000	2.528032328063377	4.51549474549158	0.7903132992804125	0.576145953575954	0.20007122731880836	0.735108063713899	-88.03833361883756
7935000	2.8803448941845002	2.941546614382412	0.8896212881219385	0.47846936328757944	0.20322661604032968	0.7930254341942008	-83.71090860993272
7940000	2.365333750543817	6.560346629034618	0.7833603183400283	0.3828221577592895	0.28966595927656585	0.7023292751683997	-93.92998491566973
7945000	3.447638220136944	3.857834255989449	0.7235000501223554	0.49990142076944144	0.2339387194935551	0.9392701639043968	-83.39820175825139
7950000	2.2699404809423505	3.2358055606487	0.7641076480493089	0.5888223639268892	0.31077644251624054	0.7043642525739824	-69.93182967690083
7955000	3.1373119693050033	3.6144843151545443	0.8570451064232127	0.517308942227136	0.22777194622997204	0.7753760100816307	-93.91362867394147
7960000	3.4447093351684703	3.61568471593169	0.8791213865986619	0.3042310484482581	0.4609556475034927	0.7098012493052808	-97.31326615128265
7965000	2.5612431010859376	2.9300020013500783	0.864868045911856	0.4055061959996842	0.24100944050358827	0.7637313232480989	-87.87049903267646
7970000	2.8087759447886333	2.9118342908195753	0.8063183812221628	0.4699328561581657	0.2385578262468839	0.72079188719397	-84.66030877069429
7975000	2.881388166064893	4.539890942208732	0.8731688763938754	0.4956706664595419	0.2156132501748533	0.7715492395725262	-88.9585328723337
7980000	2.8549999610234624	3.7394275726248805	0.8007550765088131	0.5716901011039566	0.20824188555436746	0.7792369384493294	-66.0579026577912
7985000	3.0877926830415023	3.930922155514218	0.8841790742124382	0.3637284704899384	0.21928220055960312	0.7020012056907498	-100.16942323383867
7990000	3.3014044322220073	6.4882342839352765	0.8958321216487757	0.2654258980688479	0.40779416142947694	0.7014822209284912	-110.70995766085915
7995000	2.5660506257841145	3.1390473834531782	0.7608796715863573	0.5145027131577331	0.21336308998826017	0.7066371924062185	-81.06780463489912
8000000	4.259066532119874	4.834561317558416	0.8520829592200768	0.5175189148054601	0.25376129859257696	0.7629162330373332	-84.49716855850855
8005000	3.4561092008687906	3.816426944687449	0.7259308259222657	0.527201395626134	0.22097674988267657	0.7086271790423797	-93.08395951905942
8010000	2.3705938301291285	3.815004477935105	0.8762286545716189	0.5064639760360921	0.20782376050417087	0.7121921658361269	-85.29539207391153
8015000	3.062055526763601	3.7461609495206902	0.877990448051314	0.472506334581506	0.2328564063763032	0.7143143588074863	-84.84943112947266
8020000	3.5740945318582913	3.741196185736664	0.7188105656851422	0.5047707467003018	0.24422581416440053	0.7128729632230356	-90.23478905026607
8025000	2.7236223204593513	2.7262852359884535	0.8833180574263716	0.6004335429828261	0.20757840267057737	0.8639522485302885	-72.88124854878961
8030000	3.635120245795174	5.223399342121894	0.7634073422808066	0.6572968022116933	0.21752663926161667	0.7813502427992324	-81.09668177554849
8035000	3.976798264623584	4.298029268579571	0.8402159472769192	0.4682513350316127	0.22062548009156174	0.9123929507729055	-93.09793907842078
8040000	2.805928185367386	3.2203903553901614	0.8364185563562645	0.5917252459010752	0.21605263407809572	0.7843589581333059	-66.97302840988658
8045000	2.18134342701283	2.242304062859109	0.8789444205643737	0.5608500100366318	0.21404516855266448	0.7616737545559293	-77.11034539432364
8050000	2.3423198567411125	2.4445978241030413	0.7945268300413078	0.5406216071397556	0.2684632734395813	0.7088387494527987	-69.81711682605433
8055000	2.904461647495082	3.0471560355836877	0.7641142596809061	0.6409693214058291	0.2636931542325488	0.7481568171401878	-76.53714561047178
8060000	3.348000715971018	4.614000497423751	0.7180767161167909	0.35547794143353545	0.42935798760582833	0.7067434477660752	-90.53988029077627
8065000	4.024816089467364	4.160588733348613	0.8574002657532237	0.38062610814509584	0.2205599682394715	0.7007825339121436	-96.27580933821986
8070000	3.4024467515675174	3.9123161051478412	0.8487013540931717	0.5007842525371957	0.24231932180889487	0.7489706333730891	-82.02016851295724
8075000	2.380550106618803	2.5144851260217673	0.8634312232702899	0.46811935701089086	0.20012425041728807	0.7464323897893026	-80.72638663760478
8080000	3.3880249823676922	3.643169890744497	0.8221856089240059	0.5552778813504913	0.21100016805659708	0.8419160735878183	-70.23730684726584
8085000	2.752771878428312	3.935621991919103	0.8709033902370061	0.5318403060988293	0.21202936682574283	0.7147472398115682	-80.69074567275771
8090000	2.3057676340912647	2.8122330715509554	0.8799780691866725	0.4854943547163704	0.252989228191593	0.7479295086146663	-75.3616438939209
8095000	2.6903329516267216	3.504073030896007	0.8992825095223562	0.4251065741725161	0.2824410680753531	0.815080088319599	-74.49610361518509
8100000	2.873474053797701	3.8437365422889593	0.883163200851775	0.5063085101022233	0.2066593449971524	0.88624136997913	-85.03056970358779
8105000	2.486918733941512	2.4956501299379212	0.8350782437862074	0.5409521562132984	0.20364955124540055	0.7912952659274989	-73.88707027710322
8110000	3.525636304356677	4.368091129191495	0.8484569661232623	0.3689648931451171	0.36121659544194823	0.7006279458851874	-106.04316716236625
8115000	2.874057748487176	4.006173701799944	0.8699909264873611	0.37689614659122395	0.3099406587781787	0.7571568365313163	-98.81464516042311
8120000	2.261299036168493	2.5984496031955433	0.885645506850428	0.5298739925031729	0.2175902031320179	0.8272156506839131	-72.49091058410812
8125000	3.1778295762717104	3.5953884032145056	0.7127170223390764	0.5190296741332285	0.2251770502024447	0.7928194055305571	-92.61033349228407
8130000	4.012937940585208	4.185349303938141	0.8042619824841545	0.2399996825361285	0.35078090294699316	0.7242741191836664	-118.93780758783507
8135000	5.326394370537937	6.282947297137079	0.8652030935608812	0.4288707240648304	0.22119966357008872	0.7171362699783345	-141.71108928484546
8140000	3.410275227691268	4.055777970138269	0.8259773556662342	0.26206308131312234	0.3017505847555632	0.7295684495365534	-108.65955494523573
8145000	4.438359265988884	5.448397345159801	0.8584173189673158	0.4401413025552693	0.2709179635673056	0.7374541051330827	-97.14701539779821
8150000	2.4999027446146	3.680103041086181	0.861960534747213	0.29316565398891636	0.2823991300897382	0.7006649490774697	-92.45272661934919
8155000	3.2308140672772865	3.667905889068552	0.8475966079448402	0.5127390622043138	0.2198584680989378	0.7721539077829638	-89.96570284391038
8160000	4.575988184223088	4.78038911510596	0.7407549346693278	0.37115817289181946	0.3042054431075743	0.7405844100401053	-113.56544686460785
8165000	4.507822759571958	6.299849530033664	0.7609146059967508	0.29071958272524406	0.34524357734762656	0.755435550965092	-123.17019769126827
8170000	3.585630600045086	4.5645851586285895	0.8027974040687388	0.4513238752212829	0.21582823400637416	0.785823995470661	-104.4739369158157
8175000	4.019842188008045	4.820393244167387	0.8864538728471058	0.47222473893481315	0.20783338418627076	0.7175464444168903	-90.12429242433453
8180000	2.854374980200915	2.900291656450963	0.8623728520502146	0.4350622563684118	0.2555379357874865	0.743099964259725	-90.47109717812984
8185000	4.670751955512833	5.607110522807122	0.7867650802253938	0.38978631089842736	0.21926767515588455	0.7339769446732007	-110.61336149084767
8190000	5.280859939057003	6.125749693898376	0.7498723603649711	0.33954579081555425	0.2562830988540115	0.7667740975958744	-115.79393184548246
8195000	3.6695570201293175	4.493680328412684	0.7704953388917738	0.44227590822689516	0.21360708033056874	0.7106371604129004	-104.33075003219781
8200000	3.645554881932935	3.6769189548576446	0.8215485677430304	0.3726602341887031	0.2644998949530545	0.7328742778474131	-106.19311032862691
8205000	3.206383764240264	3.3158011525276483	0.7730552258836506	0.3400333207668699	0.3018040993617194	0.7081130271586139	-109.76530691805758
8210000	2.93451784622266	6.672273443574659	0.8876346570171443	0.36691934295276796	0.23687959979305487	0.8007984263025834	-96.01457362698895
8215000	3.075884240625024	3.155338806707308	0.7857765082463187	0.23429175183370882	0.25132050200453404	0.7062772204753149	-108.29906081179516
8220000	3.110368216370641	3.4374001079971275	0.8238169371323717	0.5507987753319129	0.20495908801873314	0.8106200572041229	-91.75655449130164
8225000	4.049757240763917	4.119822619773025	0.7103928688782063	0.33101151550673186	0.350944971643476	0.7274600939259412	-106.63808390859901
8230000	3.3599545631920806	4.54690609085619	0.8536114950385663	0.20858595337894253	0.5024046167620057	0.7322534430634121	-109.1719734495151
8235000	2.2792703324026373	3.1260309089463596	0.8093659822389335	0.5712578072406781	0.21900839927357868	0.7500376192341102	-84.05303362483912
8240000	3.0370467553455467	3.0989355705475052	0.891021218131876	0.32270573662737173	0.22448978749409668	0.726653328741401	-101.58621173055363
8245000	3.4659490105244513	3.9146235433216	0.8357396965847979	0.3862676422394947	0.2175903786559692	0.7532663394023862	-96.32572321091183
8250000	3.3979711618761597	7.064463059559111	0.7583548417058401	0.46522635965156484	0.21153847196092979	0.740373176905883	-93.64508356021949
8255000	2.9521105201693465	3.078353880055836	0.8655136746164482	0.4263093908241841	0.2133966063809202	0.7115029366844974	-80.74296589581053
8260000	2.4797061071073436	2.5492592224167625	0.8279824563540509	0.43387654746955934	0.23572356097855462	0.718621920462977	-88.82970533884605
8265000	2.978714349322061	3.225237740200551	0.7999059912272576	0.6272335807359559	0.2095537761190456	0.8104240731253425	-73.81695141026253
8270000	2.500586878251195	3.04295897797798	0.8893891009856945	0.4821647137453784	0.2651116680713069	0.7381277649876741	-78.90497792535803
8275000	2.4672609892580795	3.158212557932387	0.8572141185706974	0.6490074631664058	0.22865965573051988	0.9236905524439021	-48.48396092552234
8280000	2.5263801787630564	3.989505019615531	0.8821753489450623	0.5087894566651062	0.2447333833810508	0.7444319789913162	-69.87014161087285
8285000	3.4521582721996515	4.398217030656054	0.8372633954597214	0.4027591256108779	0.33878069260670984	0.7952625687563978	-92.55642790660983
8290000	3.2782537438268116	4.675694363016003	0.7382377623282347	0.3624554386343204	0.23401109954596155	0.7700577110007567	-107.65962228211396
8295000	3.8572568759468946	4.234395964715603	0.8961042222316503	0.4638335146706189	0.24975657126785514	0.7381991019757954	-74.58705610991089
8300000	2.327867274265752	2.4463423101600146	0.8465563497631692	0.5661974550114045	0.23088886599420252	0.7537783617277194	-76.20290379723562
8305000	4.003513173049001	5.453239662211345	0.7230102992572032	0.38621256598685777	0.3004246716056924	0.7428240957627337	-106.4355353197505
8310000	2.940139429266486	3.666606669043792	0.8124356160348596	0.3870840849224354	0.22957165529894785	0.7422159801045545	-91.21795252505123
8315000	3.326285471652893	3.4328083593837886	0.8203982495845015	0.5242294561995783	0.2421602824255203	0.7017680476178355	-102.90819696113346
8320000	2.7285810652977256	3.081935261663812	0.7355318856432305	0.5452935159458558	0.215305088148926	0.7372794275067371	-83.70457631330791
8325000	2.268247194267289	2.497963337656578	0.8180130440098046	0.6012767961620856	0.20069756964253793	0.7253115475790448	-83.12574376400596
8330000	2.677474050497387	3.0943595169822684	0.7312445555674856	0.6376952614212275	0.20857738352868363	0.706821312678695	-80.02581224708933
8335000	3.6071416741358573	3.642018917796353	0.88447143898271	0.5364785241337721	0.20963390305102395	0.7355711371026303	-71.88056425067359
8340000	2.6167022138038383	3.4248929234092405	0.7757147019561951	0.5709240585441963	0.21905870791898593	0.8247805670719245	-82.84687771598047
8345000	2.4346029861354936	3.455867856464368	0.7762175974055998	0.5777235426982019	0.2206709694946583	0.8451132934042581	-86.3362446021267
8350000	2.774547788172387	3.194347049952518	0.7279769991439102	0.5544025583391397	0.23057112856116835	0.7832707374331095	-91.20592619017202
8355000	3.6940821812642595	3.8620953253458254	0.7770817233410238	0.532276067758889	0.22023520174568528	0.788821163154329	-78.84646890418875
8360000	3.1735741119191547	4.046779184000988	0.7338891959585249	0.5507438713472204	0.20316290436644607	0.7550936247827623	-79.44142521890532
8365000	2.5347700912119673	3.8375486310342386	0.8743160749635214	0.546738612172855	0.23068391122722745	0.734371237221214	-82.54274210644834
8370000	2.6378635357745503	2.9152763243297963	0.8307066245662361	0.5385783104598503	0.21439699617465782	0.8309544240007798	-66.95642072484836
8375000	2.18134342701283	2.582637586951701	0.8715336122588732	0.6427732988495052	0.2022778338272659	0.7703429199997102	-55.713732771520576
8380000	2.2998169286700385	2.513251399797249	0.877396983305762	0.5162851489956367	0.2130299406208684	0.7047194654609674	-70.11744232341235
8385000	2.2344457639653292	2.9092981628695367	0.8113688519672492	0.6882859126907487	0.20970678554678565	0.9023826509124075	-42.47858579003533
8390000	2.18134342701283	2.61560280006272	0.8441348875210739	0.7569548596713271	0.20709733755869678	0.7746990576642253	-36.51064332510911
8395000	2.4818293083087566	3.639055837246621	0.82714221748457	0.5981419306993114	0.2222459340772538	0.9015200148563359	-66.01231139068119
8400000	2.464998870130032	2.5965210587951195	0.7622351878581409	0.7030447050740408	0.2032985918689024	0.8655218620887153	-48.35446393140285
8405000	2.3968907121546876	2.8384318507969115	0.8719589942884192	0.6605545005969002	0.2210803081088482	0.9719966148528414	-52.19181418039875
8410000	4.068671580715174	4.244113694037234	0.8449532260408082	0.39181274388911796	0.24550356279248747	0.7052647304441254	-96.69244824596046
8415000	3.136024297860016	3.427577605776321	0.8730106790749597	0.5676622801815521	0.23745219238817067	0.7349296827433243	-70.08761745230055
8420000	4.3303641274074955	4.634619475318475	0.7254658819435515	0.4233091401536856	0.30886862103593665	0.7209990202935739	-108.3998281578134
8425000	3.79455029280129	4.090945874191917	0.7173787078325606	0.4395003131383921	0.3402531174482314	0.9145026078985917	-112.05324536925613
8430000	3.120026555029491	3.4563531602480606	0.8346384570670405	0.6407339723382531	0.21151876719921098	0.8482368069024868	-64.10340732689849
8435000	2.6155354307453154	3.647869467012807	0.8208055047176588	0.45548729635869967	0.24121325322809065	0.8904181931526991	-97.62083011423019
8440000	3.0073543120959294	4.049576791120982	0.8607948632711155	0.34326350233539166	0.3732240406736165	0.7312637131284122	-88.07763824317192
8445000	3.0375548176177642	3.47386652458437	0.8578675037060594	0.4467394100372437	0.28632053521437056	0.7204801546730676	-105.47389679770936
8450000	2.8488130672314838	4.0744691269182365	0.8969739397877785	0.5995561828307319	0.20586311522132816	0.942787861252995	-83.6021627680619
8455000	3.470737402875824	3.725215578472389	0.8955630921489054	0.45406868322389576	0.27082205384461894	0.704179645876553	-88.06390391442139
8460000	3.2332068170048123	4.093894152908047	0.750298174215005	0.5157362320666731	0.24154119666980672	0.7967440800575326	-85.23968350416078
8465000	3.548613356319103	5.193958528755468	0.8209018467364705	0.20206100924992892	0.31858281225989693	0.7220259486938364	-111.71847542838094
8470000	3.6070051305915274	3.720380706393925	0.8730864039016981	0.4003536626013987	0.22289791911438223	0.7528371703920783	-95.29579754232688
8475000	2.8447080173408903	5.219376485338164	0.7698997672272164	0.3655750160125357	0.2938702701255462	0.7044371431266169	-93.4366383294651
8480000	2.481543069010454	2.984688472363487	0.8988461331925732	0.5210327131232098	0.20036733919521293	0.7588579092344773	-80.92622985297422
8485000	2.2281534878352116	2.319084199910267	0.7218674897974714	0.652461407664254	0.2170038522709836	0.7026327771761655	-60.46696487541788
8490000	2.249434933938716	2.851417914587891	0.8609448756617377	0.6530306363512736	0.2009806796257875	0.8891826550311289	-61.529581774425274
8495000	3.624408199724585	4.103559040917889	0.7231305908652972	0.3584026385170469	0.20707127184489682	0.7091183042985552	-111.76693164917228
8500000	3.209615120586179	3.630271244876754	0.7203740279433424	0.5455818217459572	0.22525227378719723	0.967436776590214	-94.2061135128036
8505000	2.8911824311249004	3.52013164540124	0.8754542359689974	0.5332726533663931	0.20444165602927752	0.7563372152727251	-78.64710824839011
8510000	3.932958712633958	3.9680398553452463	0.8030164174184374	0.27110295744164037	0.21986931935530937	0.7181700202342066	-107.21962534663189
8515000	2.893416393491468	4.506808639517825	0.8124659218393427	0.424852955318408	0.2841288289586888	0.7251316054152436	-100.4676168205589
8520000	3.2658900665017927	4.531897622135121	0.7258083481354917	0.39160450787896545	0.22636243130944494	0.7348639575647282	-115.12373956761809
8525000	4.152631164467964	4.391007400885314	0.7543737730447827	0.347925800507293	0.29771086358361465	0.7079270536543582	-102.34310477139235
8530000	2.8623432616690283	3.0258291222851588	0.7731228000890965	0.47085721144056064	0.21038217468353337	0.7035774296105796	-90.35478941827935
8535000	3.781569654912504	4.043949144788507	0.7597801289722966	0.3984072514143469	0.29244602694133853	0.816461256023749	-99.30645955182968
8540000	3.1742217407329583	6.047199117806368	0.7579574676146899	0.5421260562692043	0.2176177117369343	0.7359766751617949	-85.83651940079838
8545000	3.6643000128762915	4.471098609091128	0.7735489745198475	0.578757519877883	0.21780426404672207	0.7423243892768656	-87.89891593192363
8550000	3.6521185363401587	3.7317122977388473	0.8613913472780123	0.4287548206101363	0.26580478708284255	0.766313408002646	-99.88763325294204
8555000	3.304946469701594	3.3621253651920058	0.8590578959097972	0.4984795994373697	0.20557162700913698	0.81883398824932	-95.04054612122124
8560000	3.525280472029733	3.593239146122658	0.897529091923974	0.4703348862185704	0.21521413732500155	0.7174665180858234	-85.15932659619611
8565000	2.408069411438491	2.828264393893817	0.8136501388946803	0.5416472077563913	0.21511568207986423	0.7840631399773023	-84.35967399417439
8570000	3.262770369998337	4.224884188231882	0.8618460126191836	0.23267668853878087	0.45995260848355424	0.7145302102489459	-104.59584341233366
8575000	3.579225573535722	3.7421800629378037	0.8641686458360316	0.3586429976038158	0.2174555120375022	0.7201859206440733	-108.96301269099928
8580000	2.572869463412516	3.6625943318014134	0.771710305962396	0.6538373336995184	0.20570288551315477	0.9024372956835355	-64.8726376346419
8585000	2.9415818915395824	8.631011793527653	0.8990651861994671	0.4222777460709276	0.2099681452353061	0.8705374323029411	-101.58971828485068
8590000	3.092425647646379	3.378507258567326	0.8838832835369868	0.41063052312583537	0.2115800432670203	0.7013285264840532	-92.34697136389988
8595000	2.885156786578245	3.2822510347838167	0.8532734272189276	0.25177982474267757	0.26335155848824826	0.7014310418509495	-105.33342311263502
8600000	3.1871711177075417	3.4831875664136804	0.8320189674927964	0.35391516674503154	0.22697824915828232	0.7150636691268705	-95.9704446764035
8605000	3.202759815205333	5.025028441947745	0.8482975936460512	0.5635995073745187	0.21061217322006318	0.7662396121543814	-85.98921911360836
8610000	2.5004663642687603	3.2688283484377414	0.7999762479572182	0.44137208706311587	0.21230118276885904	0.7348659766202804	-91.5468824890691
8615000	3.033693050731322	3.7024484756574454	0.7936271362720646	0.4365539394119955	0.22615121161387775	0.7106553367780116	-86.53227176931787
8620000	3.205892244853044	4.312184756199248	0.7256775715117767	0.5913067590989111	0.20974454815846097	0.8463001950573729	-87.70932197675941
8625000	3.7428405971445615	4.012771632660291	0.7949323491652402	0.5297488629397926	0.23501689565698317	0.9011885032592828	-98.10558033257308
8630000	2.8437946657118505	2.9339923647327426	0.8762551845802605	0.45601013940645496	0.2954649044931683	0.7353942392397681	-87.18246640088208
8635000	3.30182586214185	4.068673465117676	0.8093365943033981	0.37464896402421216	0.2912122053398979	0.7536029998170892	-93.88461357634867
8640000	3.0710004269378857	4.654690110112588	0.8225866908337931	0.5883690254473276	0.22538987500223762	0.7288693557706217	-79.08762256130225
8645000	2.535684829762245	2.95833477884684	0.8290451429678409	0.5086322800584929	0.20836888626115463	0.7864057523500898	-90.04283091447738
8650000	3.125191545764375	3.484752556051642	0.8985179321349901	0.34661897122950636	0.2399036484311572	0.7939929862951103	-90.3189007291978
8655000	3.532932175017434	3.762964568131494	0.7000449034820646	0.6311259447469918	0.20266635147623738	0.7720272055339946	-75.4403425199319
8660000	2.6135492493852053	3.4073702321355857	0.8768255746964674	0.43763156556716926	0.2160487746980999	0.7205488648999845	-85.33288726775814
8665000	3.377747592406073	4.102073209150151	0.7510033449833224	0.4525781084002921	0.21673903314533433	0.862495231057924	-101.48387890364484
8670000	3.0319953587733943	3.815553487595604	0.8637188827074106	0.5253670252929284	0.21136695700922728	0.7499937130514881	-81.27426947836625
8675000	3.0605281047824775	4.211972725054198	0.738114862700586	0.4995014879182799	0.20524066831774593	0.7850265781963399	-89.7971736441151
8680000	3.4927845926366095	3.7041794981529343	0.7278687235646797	0.4389210711803677	0.21819268894808536	0.7015489578703068	-94.48282862685411
8685000	4.953077926263899	6.670297863983247	0.8188139130333015	0.5053095800716771	0.21915724593627753	0.8440613386929323	-101.51200575141178
8690000	4.603967571167077	4.623764962377068	0.7181729702583485	0.33177282331850344	0.2163809197025097	0.7174920342557938	-118.03455322954571
8695000	2.7533683536193654	2.917680168952061	0.8475073982418658	0.49620781250007506	0.37485076887331	0.870809930355458	-91.54548550000209
8700000	4.0546973804873225	5.565956056045707	0.8758872017136121	0.4090108234774136	0.22681998537138956	0.7241251139813601	-113.64060656716356
8705000	2.7446615819545905	3.061938200054474	0.8298160475722287	0.36567518655575604	0.26017438432433254	0.7868266499281037	-95.02101237890656
8710000	3.288040665364087	3.4975959493767945	0.8845222083720546	0.37602251498206357	0.20389983934199715	0.7523624933347796	-96.14388804207093
8715000	3.6144424269987225	3.6693999334581906	0.7125715919311194	0.29973050833348586	0.28216321513121084	0.7138008907214348	-112.1165225992763
8720000	2.605343827435886	3.4514361074452	0.7966726675646515	0.43658034378275495	0.2137599287160473	0.7259834312874482	-86.59646752535215
8725000	3.450623220016003	4.104778095294082	0.7239512438915195	0.3921475401872284	0.21744296382696224	0.724849136946596	-101.80251294875538
8730000	3.9646448942545613	4.436378174562073	0.8707207801314825	0.2195077547621428	0.3833934729070915	0.705978194152595	-119.18789760602206
8735000	4.215084374920019	5.317171375047566	0.815824517039703	0.4103462249121296	0.21090735968342228	0.7276204806651584	-104.6251747622635
8740000	4.017586635078748	7.734573182971707	0.8291261256185373	0.5562991793603629	0.22792031253770675	0.8703159273471589	-89.21163311237748
8745000	3.5465827616913788	3.613969706379946	0.857417289937	0.4663304510259265	0.2603852482381302	0.7681390779397081	-103.93518474433526
8750000	4.426658679954528	5.153065326313378	0.8593868496296218	0.3258735437446084	0.25253691720733884	0.7182152992424308	-117.2807483240851
8755000	2.785060340489069	3.1334830617509666	0.8433514772243996	0.4315860388171462	0.2849925764683645	0.7150593161207804	-95.68182551697774
8760000	3.264847436203528	3.3599753474337466	0.8970677156090683	0.5470297340965097	0.21455530919573243	0.7005650947069116	-83.76988757436791
8765000	2.18134342701283	2.5203025934928376	0.8334055332544711	0.5908542071543513	0.20599276944269257	0.8786023569486109	-81.93989554061989
8770000	3.38071671193486	3.759213241571783	0.7220951376608172	0.5867244588460561	0.2099655609500296	0.8347588701476261	-80.35163312951096
8775000	2.18134342701283	2.348223276627921	0.888433374865782	0.5709923211418556	0.22286415889045713	0.7356404596962814	-59.175247860794016
8780000	2.3822467541274515	2.835242342470435	0.7311410023016743	0.5943131050156333	0.23950375019571934	0.7247943695832665	-71.51413623291947
8785000	2.7139948822850024	2.8744417342333097	0.7962083324452129	0.5438283523265605	0.22378139206780745	0.8526373958409641	-83.76394521307134
8790000	5.153818669105896	5.518957035389167	0.7311662870939863	0.4096588382303012	0.20750584610537223	0.7078463369918425	-114.66101081501364
8795000	3.440421542489103	3.6677108243565995	0.8714340208920686	0.4312384363433078	0.24269999362122122	0.7972635209768747	-96.31598199442172
8800000	2.9441153335678574	4.061488411038847	0.8666987169684781	0.4438518760916533	0.20101912123049068	0.7251904471844339	-96.15346427358955
8805000	3.5604060569032088	4.465626278441765	0.8417126684818482	0.5270570803646999	0.2527691804825528	0.7969561441895173	-101.27125902112058
8810000	3.4931918998345592	5.485896102674526	0.7860011947326683	0.40450619338025934	0.25939384207286764	0.777008576498478	-96.56999371427028
8815000	5.348678809123133	5.901718215564145	0.8186453871612548	0.4335189518563642	0.2609628762698242	0.7541092882520598	-103.91608792729764
8820000	3.6468762875432827	4.032488735962927	0.8798775428925633	0.46135505437983376	0.20724981081716864	0.7058196481919632	-89.29500838987386
8825000	2.424144081348607	3.3424055542477555	0.8551625788978545	0.6542648455489058	0.20984352411924262	0.9103341822821702	-68.68090054289976
8830000	3.01440282493401	3.6333554666352024	0.8602416064005729	0.35235697493060925	0.24346444158158076	0.7088218990669178	-92.01674617084859
8835000	3.2550264570832788	4.428331176982079	0.8234894660084118	0.28987237859259496	0.25158500700698433	0.7123115780398472	-104.3476370211379
8840000	3.163099492774665	3.61495212007008	0.8259814463587828	0.4078710143958825	0.22279619587592936	0.725471993326012	-97.96656182165302
8845000	2.672973224419357	3.2862148511055955	0.8333433439743094	0.5179159769074937	0.23420126856478235	0.7105545049055548	-72.91845565421366
8850000	2.874294820716553	3.232565715203471	0.8076073743111318	0.40512525418219913	0.2528029113468647	0.7627111477652598	-93.02000165302482
8855000	2.8708790616162707	3.0919242827944062	0.772219853432543	0.2198920381049489	0.5078046376509594	0.7136258338567277	-100.84729569594131
8860000	4.367127775485556	6.174029942007571	0.7837979049331472	0.44871668821938815	0.20772578815902037	0.7303000911294216	-103.35640364204332
8865000	2.899102711619573	4.976101880667399	0.8785246050291495	0.601803184687839	0.23369501474921608	0.8138802501642696	-83.67048029754844
8870000	3.105735940168226	3.695217962585947	0.7409856039594437	0.48169891436692935	0.2645372337686691	0.8125399014902666	-91.16409476154729
8875000	2.9460353110311712	3.1546093183687165	0.8592647652802218	0.5398637748748975	0.22978190626148767	0.8093548410002516	-78.84148645477148
8880000	2.3924656233090067	3.6662938078571776	0.8260926145725244	0.44013888321020583	0.2123893945664956	0.7221480864151288	-87.72672358058867
8885000	4.632653131411466	5.056504971090367	0.8832413602576812	0.501340499282666	0.24328429582192343	0.8329064091276903	-84.25945432922194
8890000	3.861468932644272	4.274402799036295	0.8899324558081714	0.4189349536638074	0.2403280641275179	0.7599435928546148	-84.97496694772681
8895000	4.31472688670891	9.248275127043133	0.8420135073462388	0.3606080716522126	0.25368419738376524	0.7415007440313773	-109.98753448317561
8900000	2.209976247840843	2.30565913056282	0.8955468773594727	0.4815037447546488	0.21020619625412784	0.7514885332655747	-75.95433317871982
8905000	3.0465645184274988	3.889875361747	0.7091133526453962	0.5824019621198553	0.24454991306206392	0.7165063544695404	-93.20105877768322
8910000	3.929508070231296	4.655054233496361	0.867189125011677	0.2570087281583989	0.2944202427778574	0.724207860918929	-114.41234454291455
8915000	3.70740895557426	4.441116468306463	0.8846065222721923	0.29002331336071757	0.33880922719364426	0.7762533652615936	-113.31302960244835
8920000	4.311551655703998	6.310277263663855	0.883315813246349	0.4894594975115157	0.2173049155600853	0.8269721642090893	-95.7346474452344
8925000	2.9642964964740286	3.662561227134237	0.8309958796033499	0.4640397010807903	0.21473356587501224	0.7315183910061768	-102.30540870215896
8930000	2.6737053009821157	2.8690632728551404	0.8782714506647513	0.5311838872356742	0.2052684201745426	0.7827114126372731	-79.1253458495379
8935000	4.055419358213367	6.558715136965082	0.8116387956549644	0.5099686484975385	0.22232820192812922	0.7530671937839926	-99.06900236966408
8940000	2.4926358336864247	3.1300996617133063	0.8750622464806775	0.6740969486389168	0.2272880901886293	0.7517095571818332	-68.72364031850773
8945000	3.3776110802679336	3.4338257572523325	0.8948958577343705	0.5481426740754987	0.25533074509066056	0.8543891328229213	-63.09793157816828
8950000	2.7458320028945344	3.189998252246367	0.8583220447052029	0.558423636377492	0.20101185843721592	0.7870237533624979	-78.84977823758382
8955000	2.3903950567696945	2.568912456191362	0.8880322631379467	0.6188334408772028	0.22246078881954595	0.7650649469253532	-58.63261434157622
8960000	2.3677327354667237	2.693320214571265	0.7215628904727878	0.7064440409526885	0.22059390602554713	0.814994980593816	-66.28449169311716
8965000	2.8136273231485345	2.87201075845658	0.8158350823996879	0.48331154783692026	0.2961359827011857	0.8027706111677974	-77.24462958040263
8970000	2.330807756929176	2.955270148188143	0.7896525275251716	0.5587050139501849	0.215609221000667	0.7411510282972813	-80.67303195138686
8975000	2.3078673989260587	2.6340737378552745	0.8216629078915938	0.3912489369729363	0.24373441908977284	0.7436202290109909	-87.56463652997206
8980000	2.9056141607081236	3.906255209278534	0.7029082217691985	0.4987514364786518	0.23419158270876228	0.8533432751373644	-92.85908289892672
8985000	2.8497966317169454	3.298817519535752	0.8069280553903321	0.4580849328223094	0.2789607437986668	0.737837082723806	-92.35443918896837
8990000	3.060570212635858	3.5903720025372157	0.8660522706841679	0.3433495357959049	0.2230760900065685	0.7368436225844647	-105.14925033065794
8995000	4.885131997607224	6.093131058504827	0.8529375279136097	0.3499659598522847	0.21280836624166666	0.7155336597408819	-110.33791312952795
9000000	3.1632698611816052	3.2961782619896396	0.8589227680880378	0.4334168191519825	0.2695354631834421	0.7596429185337188	-94.94705651548597
9005000	2.847042047665017	3.0597546308621744	0.7911769902470808	0.28749893243778213	0.40865704849581735	0.7094708598775833	-103.61685131735138
9010000	3.0896529966549204	3.225604270760486	0.7724716678734503	0.517776523575807	0.2150135558611595	0.800739326630607	-94.99015183867078
9015000	3.1231666482225506	3.519579447196198	0.8827649416689829	0.2762264275347922	0.27933587013054195	0.7375006214103307	-108.64720602550062
9020000	2.995664588843547	3.9827077316678823	0.7279779891766609	0.3563920712679636	0.24556158945603157	0.713724824982208	-111.59980427994606
9025000	2.777578933159146	2.9999321249946442	0.8695627065735521	0.5011814253199773	0.2320504907032911	0.7699835441475801	-77.28557260919428
9030000	3.757109624553037	6.291675784065216	0.8252981212078649	0.43960850876268975	0.2074126653876022	0.7083214562360426	-99.69584305242466
9035000	2.3620225078741632	2.4777735492310806	0.8520599784616966	0.4272289607483063	0.30293615742844976	0.7041552408192429	-74.36368726956468
9040000	6.986681620079095	7.386996976437237	0.7743364667084228	0.32517742982783965	0.2859284706772744	0.7093092134340852	-111.40634015920605
9045000	2.7909827425547014	3.0213259155648635	0.8409288800351242	0.3955057181881318	0.2409027290054556	0.7097807169976039	-102.6803660707989
9050000	2.760627170156694	3.7417586635945073	0.8604318800635754	0.47232926918199847	0.2100445328782778	0.7771036846916513	-92.95033458031014
9055000	2.915507303765662	3.28525574276016	0.8666277956021867	0.44742983182911367	0.2190046999682283	0.709589965503057	-87.20412310929271
9060000	3.491548449204153	3.9389862165101044	0.7712898027489491	0.4695196465019225	0.22817267015286502	0.7462462597297609	-100.6086938230003
9065000	3.547724420480629	5.709912863359935	0.7925572349004895	0.46314244536565036	0.20960047906551257	0.7093581575624892	-96.72457037378595
9070000	4.230727936820584	4.337269721901381	0.8582673101196241	0.4682268499869472	0.257165308844563	0.7321454518826923	-97.90227387472791
9075000	2.7349960153685795	3.0182427750725638	0.7466963098202601	0.5122704980059799	0.21605824730009135	0.7051613112303458	-85.72797447399444
9080000	3.126518946569445	5.188630611475739	0.8703814411162185	0.45592210153305623	0.2194493188149315	0.71676200881912	-86.08442669856231
9085000	2.581733555226817	3.546416136241544	0.8743467790093329	0.5065830944740165	0.3401022739651158	0.8171279482160032	-90.10990543874598
9090000	3.4371520411846155	3.4841201988022026	0.7372759299435956	0.40240730481118475	0.3402432731453385	0.7016699754980336	-101.41432565449412
9095000	3.84509142389358	4.410570145134005	0.8528861758559847	0.458358842610795	0.21297412248723763	0.7221396644877357	-104.44516168106247
9100000	3.7128494178577123	4.126787762546443	0.7023421655172584	0.417159944181415	0.24723255500079147	0.7645721245371528	-108.19946158827887
9105000	3.535971800010266	3.902546916478535	0.8166547760267792	0.3997477063753746	0.2065589366385206	0.7848565820188669	-110.6979592651349
9110000	3.6567078768673325	4.885726544553561	0.8492810020327504	0.45583165309956597	0.20729805037867446	0.7365478714525011	-86.33589850357833
9115000	3.2628358707522134	4.412325507484418	0.8442598711748889	0.32544404234483376	0.2862547054641758	0.7496671048809997	-106.56534145904169
9120000	2.4804553111751377	4.6523433017409515	0.7507196804150675	0.41480910297840085	0.3310554078595058	0.7916670786127062	-88.32002528978325
9125000	3.6849563077765985	4.308161833740805	0.7957864466219715	0.49727789686451956	0.22131108662474597	0.7031805487237368	-106.26323119824517
9130000	3.336973292316466	3.5705151532755077	0.8588406484941014	0.3621694778546212	0.21962459770387502	0.7249990133464991	-99.53881066377818
9135000	7.248240677699674	9.401279587083186	0.804208501577486	0.36815449416885676	0.24890912640487028	0.7003148898307592	-113.14342317322402
9140000	4.067265043726294	4.315094909954426	0.8684945581075434	0.402959612273938	0.2102502762663998	0.8089354944647574	-96.66529439311131
9145000	4.756667415053023	5.5628099479788276	0.8251250529884508	0.5290754488059074	0.21266048030790866	0.7180502181368655	-90.92921918982154
9150000	2.784488242065565	2.9126223166704044	0.829634789339594	0.5877285399797654	0.20814412400713092	0.9560282722906366	-89.5031747682732
9155000	2.293448358875232	3.1018966431973363	0.883132773408502	0.4822349181375419	0.2457362866841164	0.8442975433053224	-84.96927253018472
9160000	2.3920351553972923	3.2004127054633638	0.8377734836839983	0.43162504986911887	0.22539317064654726	0.842365592244183	-91.4362384014143
9165000	2.220046208770049	2.9506204397022957	0.8803755687652937	0.6281006256964262	0.22167399674408803	0.7175564693014285	-64.69365533471571
9170000	2.2974159663619886	3.7267406953367037	0.8779020355197005	0.49867375145480974	0.267002453240731	0.8796361418135918	-72.00508809868532
9175000	2.2550959390748555	2.3823667291005197	0.7973437124054866	0.626902769463691	0.20607860619824786	0.9193333070043782	-83.58010791972927
9180000	3.28461288782267	3.444259866783537	0.8105735585691565	0.36936437554941853	0.3601589404844667	0.7587273542748101	-95.56942415268705
9185000	3.712200892238268	3.76628460564615	0.7129312848827625	0.5013318411666249	0.22810113302068308	0.8950255437174929	-86.66501952852096
9190000	4.046321543132193	4.191923244326921	0.7398962906326787	0.507508272887394	0.20091903949925397	0.8055779430513872	-101.52445919970009
9195000	4.030518346358653	4.045621618126965	0.7312531844796357	0.26202175813535	0.2161832018737491	0.7308175825369895	-110.68043169016687
9200000	3.555827782386347	3.7420127449351024	0.8839895127724385	0.4178835170490105	0.2075302892864413	0.7513306593909197	-93.3120061922607
9205000	2.6522977917024284	3.5135768486838534	0.8009774682308883	0.5462115642521091	0.2020463979114232	0.7591363539676879	-74.86798184245771
9210000	2.987648148173327	3.5713762298327607	0.879494864184528	0.31762025053057746	0.27906875539175596	0.7278158758193377	-104.2217887469811
9215000	3.5993974851644066	3.6779353813668614	0.701051012359482	0.5193611171164194	0.22459250853839272	0.7892554054884634	-88.90471521341189
9220000	2.9515290256425213	3.1292773039437836	0.7955356297502851	0.5458502290673273	0.23583754715184135	0.7637418037398577	-85.57318636895792
9225000	3.566368069613262	3.7062245526165345	0.8327034236331605	0.6587889772798795	0.2020672800152918	0.7497142387597057	-71.54101070274851
9230000	3.1617064929710956	3.655275997996911	0.8571517323368189	0.5311458347070549	0.2478575697371623	0.8635833791252517	-80.66637885178596
9235000	3.1401624563358133	3.2088647281166796	0.8005916824744719	0.49994856760484463	0.21167788905724647	0.8054582185076227	-94.1646733282277
9240000	4.8459037120312365	6.319744886637371	0.7488436481156285	0.27713497779631296	0.22058115917101942	0.7215401478846097	-114.7581334608119
9245000	4.576855963355874	4.730679171508758	0.8805647018208891	0.3816581942875542	0.2114040925079728	0.7031116439256103	-103.40479220015925
9250000	6.002769990940903	8.112744359091575	0.7419184645045102	0.2302884685191788	0.3239468783281784	0.7011301757996459	-137.53880691327998
9255000	3.6519339292624786	5.122206589168248	0.8140756158553069	0.4302940805919103	0.22453292246646311	0.784720879191501	-113.917166470708
9260000	4.009346455493893	4.156994732696941	0.881047344328174	0.35061431795473136	0.31029019672747865	0.7112153591079137	-94.66023946110744
9265000	2.6212412536812595	2.688139465356152	0.8490910463447248	0.4821182446963034	0.26800637133261007	0.8210465830626463	-92.85124971866193
9270000	4.689600156301464	5.460153605375581	0.7511154230385977	0.37429800306214944	0.2099944977098279	0.7840111844725918	-108.06074090043907
9275000	2.7809704551976075	4.016727404800344	0.8653867799665993	0.36981322616298395	0.2301196343443601	0.7010386502964067	-92.55651096007213
9280000	2.6649301792879774	4.437485131982689	0.8999680476455366	0.5244046072478703	0.2062079095347215	0.8035511811545959	-68.04288660174959
9285000	2.891176543696339	3.1575552048252744	0.8885702557626882	0.4947365430979918	0.21716728817885045	0.7019175962900424	-80.79132288886757
9290000	3.408499752371217	3.526803508793296	0.7419729478669814	0.4038003890004208	0.2134174488826041	0.7420014755530212	-104.27220623669959
9295000	3.9915011497086246	4.736444698812221	0.7090018040307462	0.5069646312905165	0.21864558966611694	0.7419342163308548	-94.27402582419452
9300000	2.701817046566498	3.0268953753221868	0.7197689411423515	0.660228832120631	0.22767017679969603	0.7819855545346861	-67.18605490597923
9305000	2.9866942749220518	3.4158011864731965	0.8988432582743423	0.33783229249844915	0.25679779970869776	0.7168709429146672	-89.55709084514478
9310000	3.7171759131785382	6.510166096005326	0.7979710001885258	0.3578861673190674	0.22558004967514658	0.7029604039972575	-122.60536369427484
9315000	2.5947819636809517	2.8524833236777325	0.8474004867440144	0.49536991878726344	0.33340161713629435	0.7933184157828401	-82.69457441638906
9320000	3.849926467072413	5.613509809693339	0.8810027737541983	0.4136536036739218	0.2937573218849991	0.7251170934780108	-90.86210151272908
9325000	3.2551102623394836	4.791194578182812	0.8718504212874746	0.36530414509788495	0.3700791419252271	0.7722908262540087	-92.60148349943759
9330000	2.6946325849181623	4.148687582770032	0.8816318721202466	0.4910440682604687	0.2937431551891964	0.9088888955378287	-66.25619787210914
9335000	2.188723124032333	2.428794299080254	0.8978136745403226	0.5951632237316581	0.26064871858744376	0.7691158776240729	-60.1433445727413
9340000	2.2913945777253533	2.4312577359466365	0.8547345286152054	0.501153909660943	0.24889380540386905	0.713132965775631	-71.89518479103171
9345000	2.211785996849876	2.2676131437547453	0.8767577190030947	0.5009499413849101	0.21270520572233306	0.7892943639113565	-85.65673267595449
9350000	2.631658661784207	3.288435123073884	0.8515967744924278	0.5207952191331091	0.22125636820560252	0.8124243239255062	-75.10363279986515
9355000	3.401865425434111	3.486083327183693	0.853543370931659	0.26760271895465765	0.31554304483918477	0.8260391618540922	-94.36787666059445
9360000	3.983913178687304	4.5874387303475705	0.8110339637003222	0.3815983184006062	0.21981209160382123	0.7280070600273284	-105.80087904166987
9365000	3.444956354139501	3.551320751594805	0.8164377699152244	0.46328261849846647	0.2525794348201495	0.7286948308017291	-78.47457026678745
9370000	2.2272782219703906	2.3421558700611307	0.8375215628712769	0.6943569961955885	0.21638002254145686	0.7627228490891538	-44.37195832484918
9375000	2.597412985807849	2.840541629920286	0.887036688058297	0.5074483530727238	0.2059242835495309	0.734653899574816	-77.2672445983826
9380000	2.537369413769185	3.3976296685831966	0.8443712743864528	0.6592492667574867	0.21802934797853235	0.9667745365770206	-56.729583548004484
9385000	2.282485009879575	2.292865370908992	0.8565203694723809	0.6069500771983924	0.2336032391989181	0.7885714828762386	-68.76379423202661
9390000	3.669751699657091	3.7205496303031937	0.7234409833697323	0.6332924608005133	0.23519782777881193	0.768575274784417	-70.50465932068226
9395000	2.670836470551471	3.455928181884882	0.7906083096236458	0.5686496751387634	0.2511179096846312	0.7179682690324231	-82.92092162059797
9400000	2.898602307860844	3.532917446824345	0.8712062881392648	0.5043798784988277	0.2622312066142674	0.7106713548763631	-85.84706833542887
9405000	4.657572956486859	5.358437089185376	0.8651697920603636	0.4397045114904559	0.2149231524209202	0.7084115767346548	-115.71670305348826
9410000	3.7151026808276852	4.0300069398608045	0.7537184037228687	0.20593375782588166	0.4536793368911255	0.7008538291944199	-123.50448303851937
9415000	3.5264610652373003	4.606277195441088	0.7049446642788718	0.31738760341164757	0.2045087872393582	0.7022949816174925	-117.43573491465011
9420000	3.575355425901566	4.953173037867857	0.8824738166960447	0.40016937052111295	0.3273679182976178	0.9140363002687444	-101.71835550167648
9425000	3.6659625427004925	3.6819646645469244	0.8527068989279035	0.4252059781912454	0.2383028595662417	0.7156508324751717	-104.27087589221802
9430000	4.880351251352532	6.203054622949913	0.7221537546509436	0.3375431047340164	0.22219894399465726	0.7421115322876367	-130.2073118047786
9435000	3.4252869651420075	3.581514494587481	0.8094493078138796	0.3344548324959077	0.37267360179181985	0.7713204019148573	-103.87464471870229
9440000	2.8820375303217225	3.083147451612475	0.8932497390685173	0.41070671397779945	0.26479998132299576	0.8169951272309264	-88.35774814465722
9445000	2.3005042403040146	2.8872328017881426	0.7469738727862802	0.6818750088266414	0.21759517471848983	0.7611618170020706	-49.39464778591387
9450000	2.6579689257329964	3.506596421769311	0.8791261598256956	0.5838832558657074	0.2152315146020579	0.7358120005482705	-67.97878550161681
9455000	3.0707455816017526	4.058799595252641	0.7847725881392582	0.5460310163376249	0.23052123553746093	0.804663028105973	-79.07016938530202
9460000	3.037144321787948	4.743141044906135	0.8590026019291707	0.6155170605514834	0.2109030932678858	0.7698347197780172	-78.59421522055328
9465000	3.0521755659104195	3.4941096534485143	0.8180914968258021	0.4050034280895064	0.21363072026941646	0.8344201971281413	-96.2016173962738
9470000	4.681772981208326	7.413798185059852	0.8362460527784195	0.20165777261896425	0.30336567381605467	0.7302854043723346	-130.66192128869974
9475000	4.071489405944129	4.185066245203694	0.8068266484070133	0.561758703893351	0.22158963156275743	0.7700487101845784	-109.05039300007547
9480000	3.564209535362759	4.3080614767120275	0.7089974623732179	0.5216717724130496	0.2097131078497067	0.711318035705017	-100.44882144636404
9485000	6.443450342367471	6.917582215928596	0.8081546475447221	0.20365092528243126	0.3795230168446416	0.7179926730762742	-120.49798815866805
9490000	3.744794620849043	3.806947344163759	0.8721412849595176	0.28986451739235686	0.33326223586236225	0.7653342359884627	-117.44118914467631
9495000	3.5040499670525063	3.6810058232930754	0.8393167927192078	0.45924665266522435	0.26338823926715577	0.8199307698209191	-90.04393295313619
9500000	3.8649508922617914	4.648252503049603	0.8730138996695994	0.3262108917069964	0.34709190477257323	0.7351338132199969	-93.45084669434382
9505000	3.6837786693379204	3.978711122107092	0.7026114311993619	0.309122317254326	0.3069783153004274	0.7085024011429634	-114.32361358755327
9510000	2.838858914181885	3.276703643306231	0.8847232141338646	0.4727027570187493	0.2826278564502185	0.721207806938979	-81.16063535772841
9515000	3.0015450271881488	3.598015375920773	0.8287092495922979	0.49573603913900416	0.22623458048383957	0.7693764871843655	-98.68455026147026
9520000	2.802348145287146	4.060019252482697	0.8574457867903842	0.5688332127529641	0.21469870362087773	0.7228486187577983	-86.3570893296002
9525000	2.725261511982357	7.33702177324432	0.8270026230536103	0.5202689689295652	0.2083759406802325	0.7518398038142701	-89.9255576707358
9530000	3.2663832372921897	3.4356706304461744	0.8011372181570663	0.44510630916581484	0.23574259163531655	0.8039661059986057	-97.99030736221198
9535000	2.670913601253463	4.198095188501406	0.7528703312425499	0.4881550000516672	0.2867099628504754	0.776658509667584	-89.74644113234018
9540000	3.5399314197832306	5.489370338042602	0.8916613030239445	0.46111690113747855	0.21760038767436765	0.7017543632556281	-107.08288921830578
9545000	2.9308463480108204	4.488373570147517	0.8234108369928924	0.5053738070468909	0.24068824882789575	0.7829609415366934	-80.69052979896921
9550000	3.308566934550862	5.056333760832527	0.7209726106540759	0.48746297545198075	0.21747377157747919	0.9153417117511545	-101.30968557276626
9555000	4.205829024002771	4.761191645216594	0.7162076241468389	0.5569512866473009	0.2240317561653084	0.7253864629203168	-106.67992527395947
9560000	3.3457107715013734	4.405627165958545	0.8033917673986748	0.24114799966792153	0.3603880996946143	0.7362210096779459	-105.28765760142088
9565000	2.3141210209038867	3.4310122173713977	0.7110814182654758	0.5476792291469195	0.3559995532638671	0.8250053385810173	-75.05952356609203
9570000	2.6073292575640097	2.9719725379084454	0.8522533910519443	0.3658697361354732	0.3003488112732351	0.8090199235931006	-95.4128426874208
9575000	3.119807611174516	3.197489484750365	0.7935302073073771	0.5450838388699303	0.20627558467239113	0.8497382283938733	-86.47105272084698
9580000	2.9448035786499336	3.364723900199849	0.8153772084523117	0.6288683508918789	0.20337117761862855	0.9973254979926073	-79.47796504805206
9585000	2.9663687259771407	3.825056158761744	0.8652403839652669	0.358827137630806	0.3133428879554889	0.7179874673598848	-86.10647951848236
9590000	2.4119475078420627	4.46652178468577	0.8879085336523735	0.5342017597140869	0.27292542753737803	0.734935656331851	-75.22905597837226
9595000	2.4424931812178796	2.479689530468516	0.8175919381735752	0.5008042731755825	0.22482721870705014	0.8336943193197862	-75.93486874835875
9600000	2.18134342701283	4.525462466625452	0.8597120857736907	0.6157779857028366	0.21520875915072124	0.8226556499120905	-70.15776939151644
9605000	2.771187554120019	3.1952216165462706	0.861427613500995	0.5007155435039907	0.2174258097301179	0.7080887527893956	-77.15774574752047
9610000	3.950071352434147	6.109015821061126	0.737259053528705	0.4057645325486178	0.20056111115868075	0.7542471258513104	-111.02604938264932
9615000	2.958278805104945	3.5061968973682673	0.8423443553288852	0.602473403755512	0.2302622708172838	0.7124999919642797	-93.31005122700981
9620000	3.0839017678773364	4.442806422991304	0.7850118634185523	0.32910235511127184	0.41883782262174096	0.7104403524620218	-103.9047692687347
9625000	2.218840296500312	4.443954480724931	0.809903057848514	0.6846048646579082	0.2649643445015839	0.8353594406967927	-49.92921849356482
9630000	3.1443484514267643	3.597766299117915	0.846981008573423	0.4573564707503984	0.22043509439900535	0.7926755447452659	-80.96333828069379
9635000	2.7213731009785187	3.653553207232749	0.720274792938463	0.557011244961123	0.21679768518749007	0.8040648292128905	-89.819169443904
9640000	3.3387090306312013	3.4329012100154057	0.8210087118815886	0.37968467471128636	0.213905888201456	0.7251537160545514	-101.54184659750172
9645000	2.737221918657577	2.869607846995723	0.8522190167140423	0.5053751366681754	0.23982312042553336	0.74388261741661	-83.15897593904774
9650000	2.752245402441912	3.114952004144561	0.7101282164967371	0.6732677609644062	0.23555939982956114	0.9336595245906225	-64.9918540973201
9655000	3.2281929145671913	3.551452737504729	0.7564335282312059	0.525780468647452	0.2906748470151968	0.8605882265776448	-72.86845487142827
9660000	2.8925777808149724	3.1704579880754302	0.8161924113532355	0.3801384738516947	0.21182759079159286	0.7881449564121338	-93.55622130887318
9665000	5.635424193862258	5.957175214708106	0.772888855761089	0.3164994774775786	0.3135572772889958	0.7157580729825511	-112.6106126799109
9670000	3.7369306219826317	5.646397859750223	0.7810927190070461	0.4058960846092722	0.2123067842206086	0.7983000991236738	-110.3918066147761
9675000	4.825007235584334	5.2433708358292455	0.7245076714640737	0.511337986936175	0.2051455303159574	0.849095883501909	-101.56313549371421
9680000	4.17937806512586	4.409471271764208	0.8299932301263507	0.31318175928357467	0.44090198659313035	0.7540694913800238	-95.14304245098066
9685000	4.789704038421728	6.854232364814145	0.770425950236762	0.3774524468273812	0.23232137924337373	0.7106746081197957	-105.66734970893032
9690000	4.650833066803622	5.1747549992519755	0.8917098042680806	0.443978900023277	0.21603694576158955	0.7539422799296323	-104.26023765638305
9695000	3.0100338547484453	4.152190460909909	0.8694885873470952	0.3982213156481177	0.2283074345502799	0.7170591682373034	-87.77640263267185
9700000	2.9309890288456266	3.9049072607402135	0.8739141089700297	0.467125956215705	0.20613405758080855	0.8022600885136224	-92.53183549336623
9705000	2.604019092064284	3.223421479555111	0.8722321571082037	0.46672947196627323	0.2959608824410578	0.8261061981192536	-76.36777334328877
9710000	2.523495417693112	2.582956742406087	0.8856036516157565	0.6358574411996867	0.2202309637514722	0.7064414398083481	-80.60438656304936
9715000	3.36355513596839	4.968966214047978	0.8691182106636315	0.5610129599779262	0.22068375172424182	0.7469279755853748	-89.87675887432499
9720000	2.919481315751481	4.4573782883599735	0.8257046183810971	0.5051973577269	0.21822114065709938	0.7175871096259958	-85.09823380328527
9725000	3.6715086244122697	5.318376363204195	0.766905792199286	0.6118584898822675	0.21957321502584048	0.8296719244014406	-86.63674436226964
9730000	2.331454591579843	2.782122918433522	0.76103548314061	0.43649426078553705	0.25726991320320786	0.8228171228832285	-96.06146665180216
9735000	2.383546221726851	2.710415205742646	0.7980309691783468	0.7185770910699352	0.20111381705806852	0.9775049504112754	-66.45643534238448
9740000	4.838453079315792	5.29114737879385	0.7243077748723925	0.3756704159263782	0.24669172621321037	0.7160604111746527	-118.5236001836501
9745000	5.1009570243959335	6.531619860759695	0.8867295374018951	0.21186024041712698	0.4467381304974341	0.7127010745593226	-102.14901272708434
9750000	3.5851382699774867	4.190635683765619	0.8370926971741008	0.3579475678457398	0.28587988565512984	0.7515958704958519	-97.32422208867152
9755000	3.0114855274677517	3.129094622897734	0.831881672948117	0.37552311179741676	0.33481900645696266	0.7319765065204145	-96.40491187669781
9760000	3.153512738959139	3.2365613540415885	0.8877968533306179	0.40433104860282915	0.20830478405737354	0.7203703490068527	-94.50919307760836
9765000	2.978323110892646	4.869675908447252	0.7231195468552665	0.3359916501208898	0.3200576380878541	0.7002510580610868	-99.90982300577039
9770000	3.1180759999116163	4.151075615147579	0.8626985275223414	0.6340908188796862	0.21714249867838376	0.8265662738556661	-54.66146943177773
9775000	2.3673186634814734	2.740058587060679	0.784241780774509	0.5959998800514841	0.20458815064730757	0.8689451725932229	-68.7442827463671
9780000	2.976143063395734	3.1926100492648004	0.8417335487002264	0.5873762354637615	0.22324063991783918	0.7304950416007293	-79.33129643829366
9785000	4.07501704256339	4.7316400371772085	0.8464413341416525	0.5065982024511397	0.31859508057246116	0.7481196593092252	-84.6384225324621
9790000	3.0009604894445387	3.7436692503135385	0.7769738382628493	0.5558618062051308	0.25841807325260086	0.7623253429952109	-90.87859476511713
9795000	2.507813254887273	3.686557166487113	0.7668467175034167	0.45407759834173145	0.2017836143578669	0.7153334336221665	-98.31817600140437
9800000	4.257241298797157	5.500186492708746	0.7264310314399401	0.4895308847152191	0.2038922162037945	0.7292482219878818	-94.49848734594482
9805000	3.105072617824828	3.261805047947735	0.8005135865157157	0.3968641286205621	0.20891156438483968	0.7671581683199993	-99.73215858869267
9810000	3.683683345986305	4.160216164911951	0.7562337006486892	0.5357700788287656	0.2236637146115967	0.7154341155344512	-105.01732290582254
9815000	3.1587491616023917	5.21459866870353	0.8078421531041885	0.42622409843082354	0.2348483712266438	0.71189190090747	-94.07180027257874
9820000	2.269849050155747	2.9168526482250776	0.8279036140260708	0.4696868517806603	0.2501921346755475	0.8389791048192785	-85.57919160359342
9825000	3.3205175045317263	3.443711696888021	0.8220839111807661	0.4844278707993555	0.22228869477266439	0.7652328647222754	-88.2772938339877
9830000	3.352174960900162	3.713915838504055	0.7432946002002504	0.363292492373848	0.398184097285803	0.7012950779973594	-100.03605894220672
9835000	2.273278412146522	2.6346921012722304	0.775152872314942	0.659854319308682	0.22640039089138253	0.8047350895938757	-71.08908457440873
9840000	2.3346584050749	2.6448794165901437	0.8964724190217696	0.53857346710803	0.2210422777748263	0.7293514387467549	-75.37666022636253
9845000	3.1856594744588924	3.2907317396634124	0.7987323692149553	0.39043858368355755	0.28989074259495135	0.7965641662756533	-88.15439661185724
9850000	3.0469760536811257	3.279905043569981	0.8033641737773827	0.5018116317208715	0.22990641446054763	0.8035674222694605	-90.67070161344583
9855000	3.0787827234317557	3.2417657670993925	0.8890082520757139	0.5901244089109858	0.21598381068758749	0.7224480601806577	-87.80408934594269
9860000	2.62717469697756	3.865057127661813	0.805716346370688	0.5345768618671936	0.21601487376180303	0.8088760277618011	-83.10630926195171
9865000	3.4369018265707227	4.49963035036756	0.8918381149728735	0.3633101334989047	0.2151414260115539	0.7310021601490668	-95.99897202178309
9870000	3.1166435495743143	3.78056430610307	0.8229412614728553	0.5599816293566148	0.21944876043803302	0.7083748080942145	-73.04197340138779
9875000	2.8325166636959107	3.3392893383014752	0.7971424213198205	0.43014842047400254	0.20754230314033828	0.7707325294339195	-94.47205054234212
9880000	4.585045412110137	7.522303617712478	0.8928929441519324	0.2063491659113478	0.35870152702273383	0.7151311052416655	-108.8451206790119
9885000	2.3623285334846127	2.7515989838894996	0.8596127008393001	0.6336826317896237	0.25934179952290165	0.8403735682183118	-73.25271665164487
9890000	2.9338489381442465	4.93529113108312	0.7733336556500474	0.29110828951586615	0.2950495095976881	0.7302194705435046	-102.79344931649274
9895000	2.8962221403035926	3.147570716484119	0.7620748190689556	0.6004083755384075	0.21588232035923907	0.7465028026737146	-72.37694942279438
9900000	3.1620250385609574	5.923242367083237	0.8599323560878446	0.4264902039623935	0.23740391847222825	0.7208741932660315	-91.12351569064748
9905000	4.0054800061602425	4.659930567727088	0.7167111016809883	0.36884030619479946	0.29359035187209126	0.8590124191003734	-105.78237584694213
9910000	3.109198093154518	6.3296995271794305	0.822078586672513	0.4278328508866696	0.20712902759312893	0.7156477282858352	-101.32817316328112
9915000	2.588920751395819	3.9473781655782028	0.7437254500798548	0.4200269020864933	0.31424618330954435	0.7132677331277631	-95.07163578306788
9920000	3.5065451563704486	4.708500498962847	0.8415068869273059	0.3868299198976994	0.24591800502640163	0.787460841783781	-94.67451534714993
9925000	3.379475490409928	3.9656174739366836	0.7379075488143628	0.5108482319931233	0.23662043569997893	0.7951506913609406	-102.00721401043506
9930000	3.252440869566532	3.382581517207097	0.8828020261731649	0.5260883230253685	0.22452761648323677	0.7816681395828239	-83.00086897222005
9935000	3.9413832332528025	5.144835102767346	0.8694153725227568	0.29262131154114834	0.2888468512750466	0.7442991793622938	-106.97976035204712
9940000	3.3450579964241345	3.6980683125527083	0.8160868723023844	0.4599273286457483	0.20493722189557048	0.7260002308613828	-108.7128563455718
9945000	2.766433640096477	2.8618345335667525	0.7774374225589664	0.41819169482254326	0.29755227586755717	0.774507636656769	-84.2195346700556
9950000	2.948182790479864	3.048091701057516	0.8038191002916636	0.481360366882329	0.25372725899758036	0.705287863005557	-85.196986323359
9955000	3.0179116610488412	3.8637649806220593	0.845925957938431	0.4770111860006831	0.20409140511612772	0.794185511447188	-87.93375772861557
9960000	2.6593150834928316	3.3424569787401457	0.8526633185386162	0.4967125065236152	0.22258291681646966	0.8876005250011787	-80.29359200666539
9965000	3.374949632861727	3.699425140355698	0.7569885749427117	0.5661906073631253	0.2040607199868991	0.8209054916736447	-72.4526059179218
9970000	2.255505274215578	2.4860799945977434	0.7867117643767333	0.5979515017228217	0.21468209724983675	0.8332169925234854	-71.76358446779375
9975000	2.5837601332799807	2.857570697851525	0.8714008866396831	0.5101576379333028	0.24977511748521938	0.7830506585194139	-75.31204596317795
9980000	4.610864649824489	5.4889536812895985	0.7781837235850674	0.3752164427903135	0.22218853818294948	0.7630615767389886	-115.11305201466024
9985000	4.868605212014012	4.915812179476078	0.7707684738109886	0.33525938982774856	0.2278230528730597	0.7347819610421988	-114.66479788871862
9990000	3.3365057564126324	4.286751841550073	0.8221530580086207	0.5149887431577083	0.20085534271747418	0.7586305274957964	-88.93998275766333
9995000	3.3502201625133847	3.4641100214455918	0.7968110419288938	0.4039494062141883	0.21255470115627262	0.7476664985443328	-110.6020810982059
10000000	3.39566036800424	5.259868890254727	0.7561572596403838	0.5003903248798804	0.2188175241133411	0.8484998985868252	-92.76612634405072
