#
#model:
#
#<?xml version="1.0" encoding="UTF-8" standalone="no"?><input id="posterior" spec="beast.base.inference.CompoundDistribution">
#    <distribution id="prior" spec="beast.base.inference.CompoundDistribution">
#        <distribution id="birthDeath" spec="ssr.speciation.SRangesBirthDeathSkylineModel">
#            <parameter id="RealParameter" lower="0.0" name="intervalTimes" spec="beast.base.inference.parameter.RealParameter" upper="0.0">0.0</parameter>
#            <parameter id="origin" lower="0.0" name="origin" spec="beast.base.inference.parameter.RealParameter">9.47086488862099</parameter>
#            <removalProbability id="Function$Constant" spec="beast.base.core.Function$Constant" value="0.0"/>
#            <parameter id="rho" lower="0.0" name="rho" spec="beast.base.inference.parameter.RealParameter">0.876119968574494</parameter>
#            <parameter id="samplingProportion" lower="0.0" name="samplingProportion" spec="beast.base.inference.parameter.RealParameter">0.410097308224067</parameter>
#            <parameter id="netDiversification" lower="0.0" name="netDiversification" spec="beast.base.inference.parameter.RealParameter">0.842513435520232</parameter>
#            <parameter id="turnOver" lower="0.0" name="turnOver" spec="beast.base.inference.parameter.RealParameter" upper="1.0">0.732531215436757</parameter>
#            <tree id="tree" nodetype="sr.evolution.tree.SRNode" spec="sr.evolution.tree.SRTree">
#                <stratigraphicRange id="r0" spec="sr.evolution.sranges.StratigraphicRange">
#                    <firstOccurrence id="t20_first" spec="beast.base.evolution.alignment.Taxon"/>
#                    <lastOccurrence idref="t20_first"/>
#                </stratigraphicRange>
#                <stratigraphicRange id="r1" spec="sr.evolution.sranges.StratigraphicRange">
#                    <firstOccurrence id="t8_first" spec="beast.base.evolution.alignment.Taxon"/>
#                    <lastOccurrence idref="t8_first"/>
#                </stratigraphicRange>
#                <stratigraphicRange id="r2" spec="sr.evolution.sranges.StratigraphicRange">
#                    <firstOccurrence id="t4_first" spec="beast.base.evolution.alignment.Taxon"/>
#                    <lastOccurrence idref="t4_first"/>
#                </stratigraphicRange>
#                <stratigraphicRange id="r3" spec="sr.evolution.sranges.StratigraphicRange">
#                    <firstOccurrence id="t30_first" spec="beast.base.evolution.alignment.Taxon"/>
#                    <lastOccurrence idref="t30_first"/>
#                </stratigraphicRange>
#                <stratigraphicRange id="r4" spec="sr.evolution.sranges.StratigraphicRange">
#                    <firstOccurrence id="t23_first" spec="beast.base.evolution.alignment.Taxon"/>
#                    <lastOccurrence idref="t23_first"/>
#                </stratigraphicRange>
#                <stratigraphicRange id="r5" spec="sr.evolution.sranges.StratigraphicRange">
#                    <firstOccurrence id="t28_first" spec="beast.base.evolution.alignment.Taxon"/>
#                    <lastOccurrence idref="t28_first"/>
#                </stratigraphicRange>
#                <stratigraphicRange id="r6" spec="sr.evolution.sranges.StratigraphicRange">
#                    <firstOccurrence id="t18_first" spec="beast.base.evolution.alignment.Taxon"/>
#                    <lastOccurrence idref="t18_first"/>
#                </stratigraphicRange>
#                <stratigraphicRange id="r7" spec="sr.evolution.sranges.StratigraphicRange">
#                    <firstOccurrence id="t17_first" spec="beast.base.evolution.alignment.Taxon"/>
#                    <lastOccurrence idref="t17_first"/>
#                </stratigraphicRange>
#                <stratigraphicRange id="r8" spec="sr.evolution.sranges.StratigraphicRange">
#                    <firstOccurrence id="t24_first" spec="beast.base.evolution.alignment.Taxon"/>
#                    <lastOccurrence idref="t24_first"/>
#                </stratigraphicRange>
#                <stratigraphicRange id="r9" spec="sr.evolution.sranges.StratigraphicRange">
#                    <firstOccurrence id="t19_first" spec="beast.base.evolution.alignment.Taxon"/>
#                    <lastOccurrence idref="t19_first"/>
#                </stratigraphicRange>
#                <stratigraphicRange id="r10" spec="sr.evolution.sranges.StratigraphicRange">
#                    <firstOccurrence id="t9_first" spec="beast.base.evolution.alignment.Taxon"/>
#                    <lastOccurrence idref="t9_first"/>
#                </stratigraphicRange>
#                <stratigraphicRange id="r11" spec="sr.evolution.sranges.StratigraphicRange">
#                    <firstOccurrence id="t13_first" spec="beast.base.evolution.alignment.Taxon"/>
#                    <lastOccurrence idref="t13_first"/>
#                </stratigraphicRange>
#                <stratigraphicRange id="r12" spec="sr.evolution.sranges.StratigraphicRange">
#                    <firstOccurrence id="t12_first" spec="beast.base.evolution.alignment.Taxon"/>
#                    <lastOccurrence idref="t12_first"/>
#                </stratigraphicRange>
#                <stratigraphicRange id="r13" spec="sr.evolution.sranges.StratigraphicRange">
#                    <firstOccurrence id="t22_first" spec="beast.base.evolution.alignment.Taxon"/>
#                    <lastOccurrence idref="t22_first"/>
#                </stratigraphicRange>
#                <stratigraphicRange id="r14" spec="sr.evolution.sranges.StratigraphicRange">
#                    <firstOccurrence id="t11_first" spec="beast.base.evolution.alignment.Taxon"/>
#                    <lastOccurrence idref="t11_first"/>
#                </stratigraphicRange>
#                <stratigraphicRange id="r15" spec="sr.evolution.sranges.StratigraphicRange">
#                    <firstOccurrence id="t31_first" spec="beast.base.evolution.alignment.Taxon"/>
#                    <lastOccurrence idref="t31_first"/>
#                </stratigraphicRange>
#                <stratigraphicRange id="r16" spec="sr.evolution.sranges.StratigraphicRange">
#                    <firstOccurrence id="t14_first" spec="beast.base.evolution.alignment.Taxon"/>
#                    <lastOccurrence idref="t14_first"/>
#                </stratigraphicRange>
#                <stratigraphicRange id="r17" spec="sr.evolution.sranges.StratigraphicRange">
#                    <firstOccurrence id="t3_first" spec="beast.base.evolution.alignment.Taxon"/>
#                    <lastOccurrence idref="t3_first"/>
#                </stratigraphicRange>
#                <stratigraphicRange id="r18" spec="sr.evolution.sranges.StratigraphicRange">
#                    <firstOccurrence id="t32_first" spec="beast.base.evolution.alignment.Taxon"/>
#                    <lastOccurrence idref="t32_first"/>
#                </stratigraphicRange>
#                <trait id="dateTrait.t:tree" spec="beast.base.evolution.tree.TraitSet" traitname="date-backward">
#                    t20_first=2.60184043152035, t8_first=1.70838371654769, t4_first=0, t30_first=0.346677367778316, t23_first=0.781430268575448, t28_first=0.254333275742814, t18_first=1.07327625396535, t17_first=0, t24_first=0, t19_first=0, t9_first=0, t13_first=1.68157026860145, t12_first=0, t22_first=0, t11_first=0, t31_first=0, t14_first=0, t3_first=0, t32_first=1.37737043633683
#                                    <taxa id="taxonSet" spec="beast.base.evolution.alignment.TaxonSet">
#                        <taxon idref="t20_first"/>
#                        <taxon idref="t8_first"/>
#                        <taxon idref="t4_first"/>
#                        <taxon idref="t30_first"/>
#                        <taxon idref="t23_first"/>
#                        <taxon idref="t28_first"/>
#                        <taxon idref="t18_first"/>
#                        <taxon idref="t17_first"/>
#                        <taxon idref="t24_first"/>
#                        <taxon idref="t19_first"/>
#                        <taxon idref="t9_first"/>
#                        <taxon idref="t13_first"/>
#                        <taxon idref="t12_first"/>
#                        <taxon idref="t22_first"/>
#                        <taxon idref="t11_first"/>
#                        <taxon idref="t31_first"/>
#                        <taxon idref="t14_first"/>
#                        <taxon idref="t3_first"/>
#                        <taxon idref="t32_first"/>
#                    </taxa>
#                </trait>
#                <taxonset idref="taxonSet"/>
#            </tree>
#        </distribution>
#        <prior id="originPrior" name="distribution" x="@origin">
#            <Uniform id="Uniform.origin" lower="1.0" name="distr" upper="1000.0"/>
#        </prior>
#        <prior id="netDiversificationPrior" name="distribution" x="@netDiversification">
#            <Uniform id="Uniform.div" lower="0.7" name="distr" upper="0.9"/>
#        </prior>
#        <prior id="turnoverPrior" name="distribution" x="@turnOver">
#            <Uniform id="Uniform.turnover" lower="0.2" name="distr" upper="0.8"/>
#        </prior>
#        <prior id="samplingProportionPrior" name="distribution" x="@samplingProportion">
#            <Uniform id="Uniform.samplingProportion" lower="0.2" name="distr" upper="0.8"/>
#        </prior>
#        <prior id="rhoPrior" name="distribution" x="@rho">
#            <Uniform id="Uniform.rho" lower="0.7" name="distr"/>
#        </prior>
#    </distribution>
#</input>
#
Sample	TreeHeight	origin	netDiversification	turnOver	samplingProportion	rho	posterior
0	5.48911179792672	9.47086488862099	0.8224826323178566	0.497802087987274	0.6317970999065503	0.876119968574494	-64.02916478543489
5000	2.60184043152035	7.194548659591191	0.7877591818624954	0.5903034986681642	0.22594811395025635	0.71853553579651	-41.10132481846776
10000	2.8760743810463283	5.620459352832455	0.7513811666883674	0.558593796603823	0.30997984960044267	0.7758353898384883	-43.8534515228678
15000	2.7012337393083277	3.698200547962445	0.8075513330230765	0.7363816367543984	0.21475480409119205	0.9982953990731174	-30.71671783337197
20000	2.954647763185251	3.14649430724346	0.7443201917986957	0.6652701063346721	0.33048985033654554	0.8313085319311693	-36.74383021694141
25000	2.979124860651372	3.169580839120614	0.8082483055970547	0.5605420830814192	0.28684698339422043	0.761937842926725	-35.34316890829886
30000	2.60184043152035	2.91863217789809	0.796681426620916	0.41006100592431255	0.48358924721040514	0.7032819695256579	-38.06805713447759
35000	2.9525650258420457	2.9922144363316754	0.7031008118535861	0.7391335338181289	0.20332882408526531	0.984487907721941	-40.772859102411395
40000	2.774808328138373	5.20147302453316	0.7844872736381904	0.7102988093046964	0.24135023651744014	0.8479906742354546	-45.00546197810207
45000	3.3145236051888403	3.5970733295491857	0.8450971337780451	0.31843238702195137	0.3544046360278789	0.7204547151549524	-51.433754059362315
50000	2.6437274152657944	5.353389913577005	0.8972037406496892	0.5742761458059684	0.2859464510430741	0.8444188194323764	-44.401904237661036
55000	2.60184043152035	3.4446255449440235	0.8891461235803596	0.6397023534018422	0.26253471667008926	0.9638010064170031	-28.04879206026709
60000	2.60184043152035	2.691769343875191	0.8364139033054482	0.5683940012329468	0.2795083862046335	0.7905004031250207	-34.84328178391794
65000	2.7941083608748007	3.45646263605786	0.8020122105169797	0.5160543643872954	0.3794296888359925	0.8513888006884933	-37.773980531426375
70000	2.60184043152035	3.419229673355573	0.7982916603059086	0.6738820384886902	0.224247766368027	0.8516457874663749	-26.552700729169924
75000	2.7009443942886904	4.1870817114162655	0.7890168965215707	0.5981832185781947	0.33297148999362025	0.718740316551488	-44.99779125475356
80000	3.33931616385563	3.697617191150122	0.8238862691544208	0.6019573678923762	0.23339965653713085	0.7116786690660298	-35.56282950795498
85000	2.6606236590672134	2.8419511869636165	0.8463482477428856	0.5940233988455462	0.21352664917027353	0.8086973301795685	-41.53110412411358
90000	2.6764262417129956	2.687990014548638	0.7514158910476196	0.7220545689065074	0.23113140566221854	0.7871710582423818	-30.940360797943057
95000	2.60184043152035	3.260746594582622	0.8764032031402886	0.6525888991889296	0.22760863607707543	0.8705282386754468	-38.21565151156466
100000	2.60184043152035	2.8433811534346183	0.8280486433226238	0.7280914810523267	0.24325312178304037	0.7619482289967007	-27.293208142146145
105000	2.60184043152035	2.870173102971407	0.8327452616764238	0.3538443311022967	0.457411717208639	0.7989620750125519	-47.51710133850945
110000	2.8100436305735728	3.327439781251152	0.7145547150085798	0.5103391162976345	0.22055360436183996	0.7958404671439451	-42.07184180659359
115000	2.7351845544437112	2.7363680697153345	0.7927878661449381	0.6604562805245998	0.20034294074192005	0.853435753580384	-26.570076028647797
120000	2.79671828515742	2.8696788074475243	0.7329001047281549	0.6248246932797663	0.28115881323586556	0.7253993776038917	-36.464908624792564
125000	2.941716511593891	3.801174682539046	0.7336083401749689	0.6024224661609332	0.3199405558227074	0.7631425661031893	-37.37957418178911
130000	2.60184043152035	2.739196269396029	0.8440422683053058	0.633651441735569	0.21131368881691912	0.7177014219486723	-33.74350702366648
135000	2.6051282131515845	2.75522131178676	0.8034421573684808	0.6099203850949451	0.20741640163536817	0.816278456388078	-36.78981650042875
140000	2.60184043152035	2.661810606127004	0.8949327502762724	0.49577235858727475	0.26928308937198553	0.7560245040045815	-35.082703508543766
145000	3.147685970798617	3.7067045790776922	0.7778954364171593	0.5307551347114872	0.25032561418574256	0.746378484427766	-46.93772295212886
150000	3.3036859456787635	4.205268631228783	0.7109368112638474	0.5071550384671866	0.21512546705039248	0.7707367562973438	-41.404283271989705
155000	3.3150800006972756	4.155078935882736	0.877235605562763	0.6279884213656883	0.20748469943124118	0.7931495641707177	-33.877325400931824
160000	2.8492464388288687	4.924939661976254	0.8705272143372352	0.5577496150859398	0.23427328789997479	0.8528894294481333	-40.189110835727575
165000	2.9563151220145154	3.0135853367058942	0.892975693940238	0.6487111052642935	0.22197387696252918	0.820688931000852	-35.025024532348546
170000	2.6459996260234537	3.009399828970366	0.8540707982156642	0.5729345906566884	0.4704589400111905	0.7940819748586885	-34.46371405390314
175000	2.60184043152035	2.9944764687289096	0.7319691276396744	0.7196515680719732	0.20487047835205222	0.9698626596229392	-30.461844682270954
180000	2.60184043152035	3.0112538996536125	0.74779942327528	0.7037740138809486	0.21714631997359782	0.8702596829119017	-27.945480972600294
185000	2.663840626245567	3.6494503590462695	0.7593475134912379	0.5987417601202218	0.32489616502801044	0.9572770929247456	-32.307664115458024
190000	2.914004240273495	3.0797939278247415	0.7018865365005765	0.6913243902084775	0.22406638342382149	0.7680624327627769	-36.42715272135613
195000	2.60184043152035	2.6812463103377886	0.8142303121187328	0.5595473208790062	0.20509832388074975	0.7496494414486745	-37.47081584039035
200000	3.086609169424981	3.2475528604007535	0.7284806480313228	0.7656593633909969	0.27081203476270294	0.879994212589139	-29.863180616992445
205000	2.6428073280572613	3.075723821225504	0.8191808947242704	0.6806086060420674	0.2013917806696611	0.7350899238323617	-30.56756611176662
210000	2.60184043152035	2.697545168750656	0.7922178224197929	0.5902786460590467	0.2680808264534469	0.7009871792055672	-34.789606844772955
215000	2.60184043152035	2.805319462929714	0.8455099873776591	0.6255144055988235	0.32033664855374655	0.790766540698743	-34.37964799278243
220000	2.9545993060023488	3.4055403975027017	0.7568264398963456	0.7395377811346422	0.25782487990262914	0.7837792094291703	-40.29292328674707
225000	2.60184043152035	3.6958026240316917	0.7773998254251621	0.7173859572283497	0.21221974492257709	0.796223301509856	-26.113774184580816
230000	2.60184043152035	2.6457108098661193	0.8268585456395614	0.7714310498041909	0.2122105112282031	0.8653331454704251	-21.35351984058283
235000	3.269003882585109	3.986790316679703	0.8274571410195993	0.24113245355569038	0.5208394572677524	0.7137335660248575	-48.08533350813553
240000	2.9620649480182464	3.8145186565038944	0.7254396455096704	0.5054405850781212	0.2812163806144028	0.7595256035435296	-43.65000214089043
245000	2.786541038307308	2.7891471923311038	0.7847347914759581	0.6670650539202294	0.2574713176491036	0.9464421261293054	-31.098675846037438
250000	2.807247175131069	2.8244861621591566	0.7943880677070763	0.5108743406187325	0.2951578881280308	0.7275495607297255	-38.46958033028894
255000	3.17727144219055	3.41326016028599	0.8421284697693909	0.4644134528132187	0.3069798986584478	0.7096345158770208	-45.47650618555084
260000	2.60184043152035	2.797250864840296	0.8211078585685654	0.5504414043365871	0.3958298710478737	0.8393421033766514	-34.38124585411582
265000	3.1306334618097593	3.192870125584493	0.8072662770488102	0.6722815085811791	0.212561363197525	0.7001902433910772	-29.139351160732257
270000	3.803931697365023	5.942736706376184	0.7456704709231252	0.40708823916865067	0.45343364959666826	0.7249792875669496	-48.13002902148631
275000	2.60184043152035	3.343501836492182	0.8679770952442836	0.6401028884653757	0.2734363791008212	0.8549854469161503	-26.175968024510574
280000	2.60184043152035	2.9579661483740107	0.8536977666712695	0.6183315087782085	0.40734785373039817	0.8359841647222876	-31.538634361661387
285000	2.657649328886519	2.6666516529968067	0.817765535220323	0.6831048878660763	0.20970425282467847	0.8339292587042855	-34.67618531374247
290000	2.7842325728653106	2.784980519104313	0.8875127148237155	0.5528958163354998	0.2367701580373324	0.9003349575315702	-38.234828625340285
295000	2.656169875366984	4.214511387508635	0.7709036287960155	0.5914702341640616	0.3109049861253441	0.8384705291928822	-34.70207329556463
300000	2.941868197704236	3.057345507593076	0.823100080929513	0.5745320824646589	0.3477557234837428	0.7865669237552397	-42.90759895246114
305000	2.6731745042556545	3.4913961154755206	0.8875039539715808	0.5465745054286686	0.2326817616118189	0.723648159765087	-41.164053603971446
310000	2.7322163476189547	3.313943865226388	0.8985310787434267	0.6141513883434904	0.2550141143727391	0.7722139772637234	-29.581653528948262
315000	3.1910867501794518	4.067629343849251	0.8472531248697026	0.477980052016603	0.21729555484624677	0.7154346181544151	-41.61489991588922
320000	2.6145839988797914	3.02259433479933	0.7645434776756934	0.6288878459693545	0.23255241119562056	0.7303701286543721	-29.540895736439136
325000	2.7646819336057953	2.9213895929562916	0.7626145586507528	0.49803660828325236	0.22499894880280988	0.8497426391540228	-44.323464392376
330000	2.944569877545443	6.424114036291265	0.7786541935271121	0.636861845496596	0.20438219562483295	0.8456541945922277	-49.27922636928407
335000	2.817075146128356	3.060906593797075	0.815180269346952	0.559580207242065	0.3263258229915808	0.9952127103406754	-42.56461148482975
340000	2.6877028967995518	2.836970941003362	0.8840430837449956	0.6208769330845979	0.34300505874545656	0.7944752322479766	-28.90200880573722
345000	2.60184043152035	2.6712012176395072	0.7008329911925956	0.779833533979776	0.2016073587641799	0.8407294347920229	-22.753697662151673
350000	3.562651561537298	5.596279212145662	0.8146313336424977	0.5899537797237471	0.2024117839687346	0.8274153644674369	-45.41817123486788
355000	2.60184043152035	3.796890123860531	0.7540678772287512	0.615912785666148	0.33950101445512715	0.8901420456817586	-32.335504151761164
360000	2.96808514672763	3.067662636044789	0.8530593076834828	0.7025339516285335	0.243345648481535	0.8970198630080675	-26.917179122283034
365000	3.177954369037227	3.4131180744552276	0.8779541129314284	0.46508689266640413	0.4046636108869955	0.9029234761403185	-37.524749011145296
370000	2.60184043152035	2.83605617712199	0.7133062652741023	0.765725195444628	0.21566673993908778	0.8240872019711316	-27.514840623434072
375000	3.641981689288925	4.076555149173756	0.7982744436181339	0.5204549010248279	0.26374977842441677	0.7290082831900451	-39.39561090325353
380000	2.60184043152035	2.7131233475574548	0.7932927386175043	0.6961140808612863	0.2481498655494394	0.8990233635660189	-21.17443507493006
385000	2.60184043152035	3.078836292743727	0.7321160129692408	0.7279995517046718	0.23623242243382012	0.8314469417730702	-25.432039912941722
390000	2.6589585642746347	2.8511432477130234	0.8881118950285749	0.7132860862231708	0.23820326567905467	0.8262311220280664	-28.743359139631547
395000	2.860911054780598	3.1196023838026488	0.7613522188683433	0.5624186184764244	0.2267557716224395	0.8963856131998631	-35.4460590042168
400000	4.0584250417929075	4.822301639850082	0.7486997754475951	0.5466288750391184	0.20537520435904222	0.7542515379288485	-43.81181901069854
405000	2.863627514289272	3.3044995575703187	0.7513247562704992	0.609207920288666	0.25033867332384424	0.8767907863737381	-34.56625585905557
410000	2.779533574828754	3.059764525185622	0.8908933527195491	0.7998644412240847	0.20014124505102837	0.7513443946308934	-17.792890499290188
415000	3.977401224982177	4.681638603529854	0.7859172904863616	0.6026935122673611	0.2000083898229103	0.7965037568234832	-42.10298418339897
420000	2.604885266666585	3.0453671988853968	0.7234621182178923	0.5508297473774642	0.33044499737279187	0.7819032234444073	-41.987745616686226
425000	2.60184043152035	2.640369938023158	0.8289993417413839	0.6836002808317863	0.23049969879038185	0.7454930959390786	-34.208720131957314
430000	2.660238420854233	2.8555468600435367	0.83897572381159	0.6781048105737267	0.20261529503237385	0.8558359247696807	-33.829984267901864
435000	2.60184043152035	3.3430497951441844	0.7955994019166357	0.6905224868207087	0.23562442424636135	0.7757005716928131	-25.976212592918383
440000	2.6920725873579965	2.743224093768003	0.8555429922606557	0.7197118561863552	0.23935916585365047	0.8932162262232323	-26.991137155348742
445000	3.3140984029308154	3.416492480665283	0.8984684086453685	0.6729658191736227	0.2209940705675561	0.847529880662305	-40.230649974315654
450000	2.9359635465451346	3.5596688743995215	0.8213831599908521	0.523609966371026	0.35838481444818066	0.711372742435597	-45.919185752024426
455000	2.60184043152035	2.6929578893960335	0.7330523567588177	0.7892197197226906	0.2371521100443171	0.9669160843893597	-21.342744548005534
460000	2.60184043152035	2.7528369621215254	0.7287650707309747	0.6113008029733592	0.20395573435572042	0.7565093262482235	-41.447021069395
465000	2.990891605339301	3.7372913300865025	0.8016600495024605	0.4451605840933579	0.30473518115269255	0.7131285804517941	-46.804423754059876
470000	2.738522570506015	4.376450665855789	0.7134424416620053	0.44299533751965575	0.38630187363287277	0.7098173183474601	-42.87483717611589
475000	2.9124440663264055	3.687287741900354	0.86521252896048	0.4331879322072635	0.35151679345566844	0.7343238129879726	-42.29089783608287
480000	2.8713519613182625	3.3377343137275735	0.806520486325648	0.5962775763382082	0.22748864734055652	0.8052928918593169	-38.461511719977054
485000	3.6844988604807645	4.458774098596966	0.7062840287853275	0.49430418817431454	0.2591678937572667	0.7273882603439951	-53.534093749819355
490000	2.60184043152035	2.9682624915260165	0.8814784167214127	0.685744563387955	0.21480938812818004	0.9114945911955625	-28.287693313888095
495000	2.74934833328762	3.375734036704346	0.7874065212918536	0.3576761557557794	0.4375272370102346	0.7109971413613861	-42.38575170417177
500000	2.9818458863458597	3.0796189318528895	0.8068927192641743	0.5945096244929657	0.2710351262547978	0.8893340116955677	-34.75916826417294
505000	2.60184043152035	3.2759785898358293	0.8015770541826823	0.663673769565583	0.236998788367793	0.9668170173270173	-29.83948280580214
510000	2.842640461277091	3.3963866975141825	0.7620622196374363	0.5969725003899558	0.24928324301680382	0.990969218743017	-33.46180329313404
515000	3.0217088782007435	3.343060224119691	0.735307260373916	0.5665876739647425	0.2836077264996301	0.7428150008303331	-38.54256923957562
520000	2.60184043152035	2.8313055308900097	0.8897376541824841	0.7378976963342619	0.21744058829207719	0.7681597787747859	-29.98584839079436
525000	2.840438191031201	3.091594676820017	0.7431309149766694	0.6215939006955478	0.2578815318897258	0.7322666632645672	-34.788078787839666
530000	4.059788450927864	7.919337948975765	0.7544472599316678	0.46540069539040574	0.2594905870392779	0.7655193620849087	-55.08058584641315
535000	2.7805368744378898	2.9185452996329717	0.8815228003678822	0.6832351450916584	0.21783901159515492	0.8808288867728432	-36.54610717966035
540000	2.7461769212661333	2.9946177578051407	0.8958324058738429	0.4196349924475365	0.26400112352664273	0.9891436368783482	-45.71833300879219
545000	2.6416302730364203	2.8720544919701783	0.8005112343354184	0.5689207701714742	0.32407696021051	0.8364149675853637	-42.090363789024025
550000	2.7726757216448217	3.1336961598916577	0.7391159654270887	0.5294934532693663	0.28340681468247414	0.7547230597398514	-37.647529634536404
555000	2.60184043152035	2.9052198860789415	0.7767847769976668	0.5624998718792167	0.291746149123585	0.7211391306420654	-35.63738594919066
560000	2.60184043152035	2.6690670746505027	0.8582608071454225	0.6234186844958001	0.2563304355461512	0.7635308834453013	-34.79416577241841
565000	2.905940209174244	4.856119847513614	0.8499016694302945	0.48077466206197894	0.2206487529841894	0.7652122332484713	-44.16070295209831
570000	3.0261145586691596	3.4210563804142127	0.7176545337379341	0.6288747450400429	0.21323322178500634	0.7685932092862423	-32.48213274754924
575000	2.659707121778247	2.7434403634458717	0.8081230331804818	0.6544335162784896	0.2024387248556583	0.9281248796564695	-39.57785915423067
580000	3.364947929704468	4.341619158740556	0.7329190859408905	0.6213008979109633	0.3399608729350513	0.7360010817251889	-40.64098498708989
585000	2.749216269979954	3.042157514507573	0.7576532346526176	0.7254128401781456	0.2157048888342254	0.8032981877583165	-24.734656427351943
590000	2.6405509520138644	2.651243085978388	0.8745060175421866	0.5527367401069849	0.3229618129967772	0.7687449843787942	-41.50091074468704
595000	2.700028085556801	2.731167326904262	0.7951185185723731	0.4380065003202807	0.41725326047067046	0.9533984514960652	-43.51119355448347
600000	2.722361414155904	2.8997749990711443	0.7271011944187905	0.7084618742685447	0.20319583983450068	0.7853221402268368	-32.38821159543096
605000	2.60184043152035	2.675110160680293	0.788510909089762	0.6622782650395616	0.21201606193610142	0.7014981101770137	-29.0344778487226
610000	2.60184043152035	3.3683305358821047	0.7823954728668201	0.5250036174945488	0.2341998754077836	0.8795791754882334	-36.42982611395719
615000	3.163460226239493	3.4965876498309743	0.7109622986332463	0.6617686464747047	0.2089870173004692	0.9099963129191904	-40.638941223100815
620000	2.60184043152035	2.8103880579630944	0.7952312320924274	0.530133902685997	0.2981872638707474	0.7997556233835652	-39.65489095758159
625000	2.60184043152035	2.7371503493346503	0.7371965338732682	0.7743483686846285	0.2234317415828163	0.8119065084758719	-25.541837699062363
630000	2.6855672775767063	2.9906390525283433	0.7963758549635714	0.6570232763096117	0.23296642439925425	0.965205651956686	-33.521420307346
635000	2.771792142056124	7.0150274771972745	0.7290035862474948	0.45961197939591564	0.21949252207682077	0.7057049053501926	-54.046883421997094
640000	3.0428144053720736	4.374578320898545	0.7279180093223573	0.6398145513793622	0.2015618433056895	0.7213674361781451	-45.868806752674054
645000	2.60184043152035	2.874704697848766	0.7541832176887555	0.6422471637250655	0.3748798718783145	0.879229986352292	-35.14467680250093
650000	2.60184043152035	2.7538282645070273	0.8487734465084511	0.6593191610715197	0.39434781278316183	0.9990054309413745	-28.867817316396593
655000	2.706242019254944	3.6089650901226933	0.8964665581577455	0.48436653172724137	0.2604987559128592	0.8039769871228715	-33.158940653138814
660000	2.60184043152035	2.7366806145287192	0.8899182480277138	0.7756347829259368	0.2636992089292695	0.9435870601558792	-22.854842569136995
665000	2.710382522650264	2.7486735800614035	0.7017567769727523	0.6730517124262859	0.28716077569167797	0.9557350051809947	-43.05688562511151
670000	2.648399881697105	3.096025686980998	0.7560567959785517	0.5975982770573306	0.2559720727322292	0.8127068770028086	-40.31736541833088
675000	2.6489354547347963	3.0843050965375136	0.7842184175707464	0.5017248154061954	0.42737340576670635	0.7103662029223156	-44.29561744047551
680000	2.8399256980763217	2.914017253621689	0.8302704092287226	0.6582243959200395	0.22137275056294284	0.7603761915954045	-40.50683293410822
685000	2.6690118344471254	3.838482714321773	0.7471427011465168	0.708800291987106	0.2417938563699305	0.9146829837100363	-32.553434855750204
690000	2.60184043152035	2.9143327292219507	0.8751150584247264	0.6410058038996329	0.21170484646099888	0.8188760883214161	-29.812622921119456
695000	2.60184043152035	3.0445850252315427	0.8333740925283986	0.7145672642484799	0.20109547495811234	0.9983479477016475	-29.34420545727131
700000	2.60184043152035	2.8445969046390243	0.835040936708262	0.5262811084274733	0.29865244434300786	0.8378724175896968	-36.460410093124274
705000	2.60184043152035	3.145016061568847	0.8018781819454852	0.567860379795882	0.28741945785365614	0.7157613034366783	-42.86517443977871
710000	2.768454959802148	3.017070731860943	0.7071967906707997	0.745709107389655	0.2082908990203993	0.8570074578119029	-25.173022399378517
715000	2.699565829608653	2.9417272745019614	0.7956907580577517	0.6879113597485916	0.2342071733369581	0.7885111373759849	-24.54814503880933
720000	2.60184043152035	3.1982102440605797	0.8408123072290333	0.6112817351199241	0.3538414852197865	0.7755007156111021	-32.00452559767818
725000	2.60184043152035	2.7942592618759194	0.8087539681636468	0.7501211381819918	0.32481968088069874	0.7923751704945968	-29.167430330205026
730000	3.8921096801599284	4.164440827440391	0.7153559164800778	0.28119824154773726	0.5276660853924456	0.8188937820003142	-59.7635992863857
735000	2.60184043152035	2.7028549950125673	0.8764684709172098	0.6504034236743017	0.33609513142790504	0.8248566024418542	-31.50276293891057
740000	3.238274109721083	3.4287336622077635	0.7091573194816205	0.617791069709757	0.2634740168800404	0.8994376737853766	-38.693109754809335
745000	2.60184043152035	3.8168321617584375	0.7483611105571014	0.5673770811940541	0.2661666097459686	0.7024883307200087	-40.07771484302954
750000	2.6352029192317334	3.036907925919746	0.7911831208958421	0.7323787793775516	0.2025896751507305	0.7137927556694752	-30.7253136598419
755000	2.60184043152035	3.4303165684134562	0.8892368110772169	0.6411580730884082	0.20980575405285126	0.8135641203824071	-30.341481345316755
760000	3.0102596639909542	4.413998188994239	0.7165823532408714	0.4204947701035867	0.24814160466275284	0.7444186792682762	-48.030785011534704
765000	2.8734889726685107	3.8622578800595995	0.7917062857634137	0.6637073236639899	0.2856927967392714	0.9026156742241513	-29.653892903028403
770000	3.963570322088386	4.271201940948267	0.7011131437417698	0.7228607874571372	0.2019313274752777	0.8703800853132908	-41.94615328105169
775000	2.9843024808210665	3.318884903302626	0.8876498491703045	0.5878379468929178	0.2307310553949057	0.7582046277936665	-42.13375429298777
780000	2.8067831875580542	3.589255930550437	0.8078712536926855	0.5691599960768292	0.2112301746925066	0.964272822964371	-36.97158314618341
785000	2.709648361653819	3.4123108751629396	0.8353529460803815	0.5706727438225362	0.35199591166171657	0.7883819284053575	-34.52114649252911
790000	2.60184043152035	2.910124671950503	0.8120546732820169	0.7240754722327948	0.23029318534617937	0.7114222912389123	-23.951478703354415
795000	2.60184043152035	4.216489262102093	0.8333777382935776	0.6540133622426741	0.23774352878381036	0.8356570691833068	-23.983012937159106
800000	2.636975584170333	3.1029609459894174	0.7324981261009909	0.6947233934578072	0.3155338223117138	0.778520002500239	-35.1283737070427
805000	2.60184043152035	3.436962437909878	0.8252713797400394	0.5339717025882109	0.3573081495117547	0.9639632293161622	-40.68205487309217
810000	2.6273776023229662	2.6809466106409596	0.7668655490234414	0.6121894514930253	0.35879716374320886	0.8132181607412071	-38.59177456813549
815000	2.60184043152035	2.938019711042485	0.8736995825736904	0.6967180533944183	0.27445339779362005	0.9541821551345054	-24.01849702487882
820000	2.619527420434657	3.0370993540901003	0.7831478320939999	0.724922305726932	0.25144957502964066	0.8994525584742797	-20.454969829670976
825000	2.60184043152035	3.2322662351447957	0.7395090850543103	0.7595573231247351	0.28300974893607245	0.8473462665079456	-33.34855846770227
830000	2.60184043152035	2.6966550232196504	0.8630618311804016	0.6431909743831611	0.20833126056100632	0.8075485009407167	-37.44978181895574
835000	2.9962507417118838	3.95661573086153	0.7471938067172444	0.524416962973119	0.3582662038400262	0.8274900620493605	-41.60859235475829
840000	3.4278910922762837	4.022755950732285	0.8697662786909233	0.5443211522952968	0.23295626295681385	0.877140269396082	-46.63324165502509
845000	3.074573136421059	3.480296520397022	0.7411043043021449	0.6321852759330854	0.2330893013289781	0.7833472686166038	-35.81201587557499
850000	2.68346124774775	3.7437345900783083	0.7072888327189308	0.6237431126353299	0.26772524982507745	0.8528141290958613	-42.038521531624454
855000	2.6922417351318595	3.2171811496752674	0.7508485127992099	0.5767485509051028	0.2031163967239233	0.8580063730928806	-39.20653783545653
860000	3.240408748826641	3.7583778892956587	0.8774118677296712	0.5932099742946272	0.2453113263261259	0.7202224091099089	-42.98654221625122
865000	3.599757378934446	3.622116289249618	0.7210409876307252	0.43644868834636497	0.20792656698016454	0.7159446242081927	-44.7715698647948
870000	2.8615852773837114	3.022915027056932	0.7006978887450387	0.6100109475687228	0.301852686418974	0.9949988048127504	-39.75179740855099
875000	2.60184043152035	2.7281863570158604	0.8145669513076681	0.6931926286349753	0.200422197266297	0.7107444236409207	-29.26425932357225
880000	2.9430738872815345	3.5017349401606737	0.7089507730987591	0.6106599987747825	0.22629646881753077	0.7933533407260764	-40.594108488183544
885000	3.1494130605336	3.4060920788446425	0.7619418809741689	0.5901799912588674	0.27721860681826094	0.888399563960148	-37.0138680548029
890000	2.60184043152035	2.9791815441094553	0.7146736791786554	0.6761505954370562	0.21537726802122614	0.8596777565624428	-38.9490876363575
895000	2.60184043152035	2.7615752897739805	0.7092357398919236	0.7683418032092236	0.20717841278147603	0.7500280725858136	-33.24297257527628
900000	4.3563383878960416	6.268928933564903	0.7187548381006081	0.5132363346638374	0.22821394913173154	0.7911403271117006	-59.22979255793151
905000	2.8906572400086032	3.3469985904156467	0.7123536597109451	0.5310249510815166	0.2705740975224758	0.7324135929254932	-45.94335903007561
910000	2.639231154647391	3.503583201707314	0.7081351806861158	0.7131778298761099	0.22983925868079422	0.7176395080966377	-32.36634911925463
915000	3.285781337851995	3.5371319155932683	0.8739478125283875	0.5818772088030105	0.24656731550778158	0.7056401577067647	-40.95595986548475
920000	2.60184043152035	3.853058515993328	0.8462296035447426	0.5663218773176499	0.20701023232482535	0.785389675298919	-32.8408810243186
925000	2.765022091366068	3.532837550105472	0.8494997225356945	0.6784657882373785	0.23230617510443594	0.7598788145844865	-24.427482928963748
930000	3.0684048477594454	3.11873694053451	0.7178896797038883	0.4908057614626754	0.33681887308997277	0.8190780392157728	-44.440160171989746
935000	2.60184043152035	2.9823137184602047	0.7036022286729116	0.6481722666460705	0.24230432436404303	0.7547429022290884	-36.021647812179154
940000	4.3482420699464654	5.363542163868966	0.8704962755775302	0.5633688744817801	0.2955472395294732	0.7074941482656341	-45.47951531446293
945000	2.9277368885439734	3.2574197441263912	0.8233247801233069	0.629827926978514	0.4355373649685636	0.720722743030013	-27.953822166722276
950000	2.8361580613541477	2.99630770762401	0.8969070127651243	0.5265352889398001	0.26773492807283716	0.704374281573654	-43.58041831265593
955000	2.758199877793567	3.97053287575561	0.7136163260174697	0.7347990939379624	0.22020489650090627	0.7496432247079996	-34.453604474478546
960000	2.60184043152035	3.4008133883101443	0.7739866923580316	0.6119375893189334	0.3450813947229619	0.7245518589855666	-36.956510076624376
965000	2.60184043152035	2.7278253780526143	0.8303739287092151	0.7462563164696964	0.26459402435210194	0.9896262455227667	-20.300902519831755
970000	2.60184043152035	2.9072249969659976	0.8512875376341593	0.6841308112421666	0.2203407513273014	0.7346621234549489	-34.088707343818385
975000	3.7893626171812627	5.7882461570162285	0.7522252885207771	0.29936913428115486	0.42432113483588907	0.8265310044626165	-52.05228975998602
980000	2.6417049761449447	2.9262255028624167	0.8351806223506985	0.6730031273987288	0.27443488185751064	0.7496102943890334	-39.20820079900063
985000	3.67282370134541	3.8358286680545306	0.7917646432881249	0.4965651941280245	0.21887683477531117	0.8287051267126886	-40.0002532208385
990000	2.6093041416323395	2.902180899795172	0.894393562183909	0.7845908705430618	0.23299153025165162	0.9591554665974021	-19.58545265886714
995000	3.6736435897087176	5.271090397767518	0.7162108954327181	0.4368365633714437	0.2297222200799448	0.8868265892033178	-51.59921617824101
1000000	2.60184043152035	4.518395797462278	0.8487531307647799	0.6445010171872263	0.3099374387462452	0.8836700584697437	-35.17442471340064
1005000	2.60184043152035	3.6400932427793977	0.8469201706132438	0.48820314342599214	0.43501438560361333	0.7053809651609275	-41.28797732175628
1010000	2.60184043152035	2.8423894033325023	0.7507869155191463	0.6023853407376338	0.20211234066761238	0.7219223514437125	-30.047873762413687
1015000	2.7048430271060204	3.736000560608521	0.7288669834522409	0.7251636887331129	0.20635691307082177	0.7743453470320641	-32.11752072731262
1020000	4.091122146804742	4.108198509570551	0.741167696340665	0.6207039538963864	0.2043882797132013	0.7650332331681089	-38.08152260566218
1025000	3.0565323717768216	3.4270389891213093	0.7896351148465273	0.4676009338800388	0.31839874563855797	0.7560097604262914	-49.33924559839477
1030000	2.7288161267247593	3.102968714392732	0.8269083771921114	0.7600020532722701	0.22929856788431655	0.7942648146826107	-22.98641782757909
1035000	2.60184043152035	2.948067668835164	0.752031846322054	0.7556285553977508	0.2128482393271614	0.8823557920171152	-33.731074494800005
1040000	2.60184043152035	2.803131616627115	0.881086505038611	0.40641103497615266	0.30032857893784953	0.8044712256969307	-40.345641156114624
1045000	3.614536618191259	4.8284515727443384	0.8645007422016245	0.4783488906760041	0.3394884566333518	0.7901333229775663	-49.7584757599681
1050000	3.371851323920247	3.4526347103331076	0.8966815412526782	0.43887155492764085	0.23013994338537686	0.702846711327535	-47.36880560654594
1055000	2.60184043152035	2.868454568440463	0.8642219529200935	0.7364676398134048	0.2495819388807766	0.8173040104947142	-32.23144901423322
1060000	2.60184043152035	2.6311354227055364	0.7743252832296391	0.6283493324833532	0.4134578215761634	0.7475507198530505	-33.96236653088735
1065000	2.60184043152035	2.7489148760777047	0.8047616940046602	0.7239263433068484	0.2521464565271582	0.9217469705949413	-24.94245995222668
1070000	2.60184043152035	2.860766999603516	0.7048369044482503	0.5948955861174451	0.3321543467640348	0.7136305366297744	-33.912749293955436
1075000	3.058221312592197	3.134788187741595	0.8561308554641534	0.6086327097928051	0.3517386422813994	0.704870533919669	-32.79061786449396
1080000	2.8577528455248222	3.6856272438822284	0.8745369884905748	0.492459565152069	0.22922217546755352	0.7070625748599689	-46.67860879358914
1085000	2.60184043152035	2.6956203348856667	0.8473007070141216	0.6746695363770104	0.28305240387672925	0.7037166407944685	-29.17410121991708
1090000	3.681626351554565	3.8952554909509174	0.7120833635727104	0.48599056282310654	0.24508532126108293	0.911803110011558	-50.77414127778899
1095000	3.113719589760626	4.458877061827391	0.8723085052123103	0.5592026985377205	0.20422345019626084	0.863136159072521	-41.29882579186111
1100000	2.6463310224989285	2.7803525247608083	0.7671886807069579	0.7169264414744209	0.22754022666249382	0.735519036320146	-30.67958837115525
1105000	2.6970693133626167	2.9850287862058935	0.7592991314755662	0.6056545960661887	0.2173271084406885	0.9386828933742071	-37.5190554287084
1110000	2.60184043152035	2.7476555759262116	0.7225032242211578	0.7740627899181963	0.24092567343597115	0.8445860390164626	-22.270722320986398
1115000	2.60184043152035	2.638862639161796	0.7791276566869325	0.6525890670819688	0.39018924043150505	0.7841562186150665	-28.312413932410916
1120000	3.4826439753884655	4.057589931003654	0.7971715714644361	0.5660251273774523	0.26517838208458644	0.8517223708236611	-37.89001411922762
1125000	2.719547649941997	2.7740395784692677	0.8534765513258182	0.41451844689422535	0.3756693107627233	0.739742821432429	-46.08449168100812
1130000	2.924935837675289	3.4422445098245738	0.7961544725715569	0.5909608754448039	0.30785011222540837	0.974405858626756	-36.2547667944435
1135000	2.60184043152035	3.341092031745546	0.8311064279913122	0.6404737306437831	0.27899262571520655	0.8628924899503516	-29.314970295711394
1140000	2.620743306447497	3.20992350361513	0.8851188974545418	0.535772230641887	0.20718123737914101	0.7267556655089897	-41.8921690117453
1145000	2.68827692858543	3.562064499708094	0.8909136402186618	0.7131281010009822	0.218181567477294	0.9034990377840413	-32.134044261908
1150000	2.60184043152035	2.806935745062257	0.7177865457103741	0.6501313570597199	0.2523673442848227	0.9123317416367509	-36.90101950848877
1155000	2.6923382513983265	3.7464822792995265	0.8156026733823364	0.4445149225841003	0.495307464729903	0.7166118134292948	-44.55043301615923
1160000	2.8425476440811033	3.893533826118473	0.8074777817233625	0.5992777869882459	0.2706235582166628	0.7363053537028403	-35.799951091948394
1165000	2.734112998798107	5.5858013557200135	0.856242620352953	0.5936717320535272	0.26617502990608183	0.8074459490226102	-38.0875431893609
1170000	3.7281990719934477	3.762459031565053	0.8078990562370543	0.41466116843982453	0.4749135480281239	0.7176261019726229	-46.57681931520544
1175000	3.3137631647638535	3.4427051470075134	0.7773595454074403	0.6488124107418204	0.21152204541426023	0.9087143708408544	-39.3509615659377
1180000	2.889945970266719	2.925009723493436	0.7775942563738313	0.5298326929005464	0.27976822203779556	0.7957098551321251	-41.649519856418095
1185000	3.7501902281396298	5.57424847495656	0.8470799616365514	0.456239158349489	0.21060218453596705	0.9160775883474216	-47.225439976404715
1190000	2.962129545920602	3.2011022283186494	0.7039677111437072	0.6855251181396553	0.2573714243099081	0.9536744822493688	-29.799448522640702
1195000	2.60184043152035	2.7440746505789386	0.8048343344596364	0.7018792094240472	0.2199078619102986	0.7096524962231584	-18.569656598939808
1200000	2.60184043152035	3.0274906914642146	0.7551148220137143	0.5593325313056156	0.31029777565007527	0.8479399091875468	-39.03857304831592
1205000	2.60184043152035	3.7065062772873354	0.7979427032704771	0.46491470520776645	0.39527293631168936	0.942488778827857	-41.522181192721895
1210000	3.510051583904935	3.8817497588485184	0.809038330365501	0.4874516403745242	0.24038163303536014	0.7736392550120852	-46.95329969889056
1215000	2.60184043152035	3.289724082772824	0.7304282505854961	0.6939107651094293	0.245674425844487	0.7906714405566997	-22.828137456273716
1220000	3.7690781289724935	4.018848676876113	0.7837650901580238	0.5487472738640591	0.3539562943828222	0.7316363134356789	-39.47714653243369
1225000	2.60184043152035	4.829636425863876	0.7860438316406512	0.5794411522079883	0.21375600774502826	0.7085956526358022	-41.803419041051924
1230000	2.728998484235827	3.2913118635666447	0.8123620719771113	0.5728672851545602	0.3287792339242372	0.755942571803037	-38.32588362934345
1235000	2.8988730212369584	3.2634080216951182	0.7038969326786184	0.7056761083860501	0.21293886631512082	0.7714590885715392	-30.80310537455668
1240000	3.8667744762291463	4.853368734911104	0.7142187543626012	0.41788367490139466	0.22413028768085572	0.7047787704743644	-52.47250613135035
1245000	2.6117374145746486	2.7114618367880676	0.7669588100587573	0.7217398414908229	0.3349990339546837	0.7381044330453654	-26.397050022772564
1250000	2.684325784479307	4.329825479155501	0.7268312536931891	0.642390209353195	0.26518643074932596	0.7303101454336385	-38.46369435907646
1255000	3.131241806071963	3.1961639956853203	0.8605638768581998	0.6319354802230381	0.2520253433938804	0.8989170908878533	-29.22036306150019
1260000	2.60184043152035	2.936944976462138	0.8581610232189181	0.5573149418209872	0.3654754213747017	0.9235264917768875	-36.794627490934865
1265000	2.6269349237362474	3.5953083382562827	0.7219243138474074	0.6897085843003383	0.2054591271705004	0.8917752042084521	-22.451820096990826
1270000	2.690790447052026	3.016237318967393	0.8417319967353608	0.7078950195274097	0.21033624239302073	0.9165468921659047	-33.249140749852394
1275000	2.60184043152035	2.88028805670296	0.89090283198389	0.5904425501240746	0.3160201187343754	0.745279844622925	-33.311427589246236
1280000	2.7251793553263637	3.1830862053977307	0.7994847546394189	0.7002143790889658	0.27742639839682515	0.779801042229629	-30.706490518110254
1285000	2.886463533744887	3.6360004229824012	0.8761304356814713	0.477994846182488	0.30259186513483893	0.8100353188707645	-41.74078472684245
1290000	2.843671302932682	3.067309779035018	0.7173860955265993	0.7394888602725658	0.25554681629512055	0.7157938222529223	-31.51702033810883
1295000	2.60184043152035	3.0788685534735305	0.8022232743000276	0.6180828597456945	0.24644154233237167	0.7844249386988137	-31.528090494611277
1300000	2.60184043152035	2.7040063604099247	0.844674136772595	0.6159282177411307	0.30308476059542777	0.7798621233012761	-29.96909121899018
1305000	2.8957687016243736	3.3325593153539783	0.8298793876573185	0.46491418198334483	0.20403688262801198	0.7394070717528946	-44.25421667213648
1310000	2.7605789272984445	2.984808413181006	0.8421704199896762	0.3815192136998151	0.5971592732143904	0.830969958178451	-44.71900154264903
1315000	2.840731170097575	2.867081886862897	0.8493288376768998	0.6850447636068194	0.22155403808748197	0.7513666097580556	-30.063228309113924
1320000	2.9566035383489115	3.0607381280754775	0.8498102151318839	0.5326397196566187	0.3649279868657146	0.8623261909576527	-33.66600122017882
1325000	2.9663568844676043	3.22947679547653	0.835529318648498	0.6977282537297739	0.2234736274679963	0.9645374844076161	-31.2890309998917
1330000	2.60184043152035	2.7668790369348124	0.7047969046145866	0.5969649590628413	0.20724684509590885	0.8057290919646852	-47.12128949447658
1335000	3.6063433411365726	4.402462592865276	0.7967624788391617	0.476997215485758	0.3247887990097047	0.7405480491386033	-43.53744801680147
1340000	2.60184043152035	3.9104179388244678	0.8684467777959726	0.6171718178397925	0.23843082458138046	0.7540492111603566	-34.58358128693319
1345000	2.9510765448674046	3.285135179828977	0.770706369026842	0.7100819001787586	0.20579721337232254	0.7912310486473507	-28.135054961286116
1350000	2.60184043152035	2.9542662005233007	0.7309720025029389	0.6445601106736769	0.3584934477947396	0.9534656179147935	-34.18898580395198
1355000	2.60184043152035	3.500377137051904	0.8964957243471547	0.6402746814705584	0.22355264464508487	0.9073818016684605	-38.42931742689562
1360000	3.7472118433743438	3.8663816092555336	0.8368563980938909	0.532895432456474	0.23968768577623795	0.7266282312863367	-40.898372590890745
1365000	2.60184043152035	2.8166672990859314	0.7362578153743661	0.7016614835839682	0.23608397468327263	0.7532614016590211	-29.62459596663211
1370000	3.649712846574217	3.791719479515359	0.7408781759815519	0.6827595413447283	0.22528874287736778	0.7159890056272259	-42.11590111789188
1375000	2.60184043152035	2.7692185355368752	0.8943979819290088	0.5526835530587322	0.25703517465817177	0.7522060293397804	-40.62207313620391
1380000	2.6584758890103517	3.510781628784215	0.7138199435026161	0.564882888396522	0.3235360909529577	0.7423847070428256	-33.81334811239849
1385000	2.60184043152035	4.1587286154197765	0.748340776156722	0.6780354160634701	0.20099312623032795	0.7056044503660026	-34.76372670481312
1390000	2.605845409278667	2.8373824170672695	0.7090862452848091	0.5839144585885288	0.35048745339386705	0.9885649565937479	-31.88716569903066
1395000	2.6549641622390077	3.0597064016049313	0.7909776118888933	0.5947674362847284	0.20385217490827562	0.9494673032351985	-38.00861253283993
1400000	3.0981762210668475	3.4155401189516406	0.8075705687911614	0.6071442552650482	0.2396960934678629	0.8354075417027662	-37.00025136082714
1405000	2.7186229323213627	2.765013795835667	0.8807659908596571	0.7016173075713826	0.2469363430389929	0.932234376181508	-28.433648962173212
1410000	2.9331868240153813	3.1417166034056514	0.7635252838376035	0.6600020261825634	0.20083145199411223	0.7018422804073589	-36.04145050579347
1415000	2.60184043152035	2.7642916688411945	0.8591514558284059	0.682041892662063	0.24070100013438117	0.7748877869449864	-32.669156396680314
1420000	2.60184043152035	2.6471345089787444	0.8906915281005005	0.5627676349938096	0.2678415529846303	0.7632712157760734	-36.609314690128
1425000	2.8146816626753672	3.547193299288249	0.7809955232768153	0.4256290891155418	0.44606488903605157	0.7775322561856343	-41.3021269470469
1430000	2.6246628094426274	3.2329912208283	0.7602359681554242	0.6970898856406368	0.25342753359346387	0.7016534441480993	-31.402307392442395
1435000	2.7466169826712163	6.783375915552242	0.7446994233915799	0.5217925464265322	0.21457194533608148	0.8806958406945326	-44.64920562253728
1440000	2.7865619534001658	3.8827064636535784	0.8239627711879818	0.6915498851044661	0.22349157866056277	0.953675148114393	-33.025563707803364
1445000	2.8710503782015127	2.9977946618431703	0.768232334543277	0.6493000482564255	0.2697970098336236	0.8322945273312897	-32.28549941077608
1450000	2.626139400881898	2.978551437139692	0.7713140720267184	0.5554237655468469	0.25992818176232024	0.9009694569637576	-43.55618592152678
1455000	2.60184043152035	3.318249107389143	0.8255015285483239	0.6598864077308949	0.2171219259521366	0.8548429149561718	-34.33176479451725
1460000	2.821375877394103	3.808567020133842	0.7784998835581406	0.658433808153811	0.25714481284724877	0.7914782308165478	-30.071658832003195
1465000	4.212972408174001	4.318321566573665	0.8398715514002631	0.6207276155971936	0.23963508151281726	0.952507155416197	-46.35662247107108
1470000	2.6236532630924545	3.015685303465786	0.8044267110084705	0.6643433042193838	0.2000958420104916	0.756346213258929	-34.60265304090735
1475000	3.2486901305123075	3.447876758011128	0.7655898137052239	0.682133583828389	0.3133202419570852	0.7399354695652992	-37.10045376530228
1480000	3.171506236733657	3.37996738656531	0.7245086529550171	0.6669493710500228	0.22533284489727326	0.7055149989136417	-35.625588220577626
1485000	4.961044083867548	5.053051143801146	0.7203245054708166	0.5254689837440019	0.32018493965840356	0.7455615398384827	-48.31233931752197
1490000	3.9087057926201974	4.684062672772211	0.8993734464663772	0.5937008895853272	0.25425557289103573	0.7477789196142822	-42.48822893845171
1495000	3.235341996428057	3.4018022657145863	0.8445742185230549	0.5693861781737698	0.22843209987991986	0.7047705466703095	-45.96879039007193
1500000	2.60184043152035	2.7826374847388804	0.8526318149470458	0.5525282898129584	0.20172238366256343	0.9235842415194688	-39.07475275722881
1505000	2.60184043152035	2.995001813114909	0.7130096943993238	0.6758762585844533	0.2106143349014785	0.9051157427414648	-31.37123804392663
1510000	3.2481155131066393	3.6311169062796336	0.8972328561445949	0.4047427212593529	0.4021712127293773	0.7302454561481313	-48.28058298906865
1515000	2.7070927756177703	4.334927895635797	0.7385039865508709	0.5470662825692231	0.26547770267969795	0.7235078255441068	-42.25176700236202
1520000	2.842263762191043	3.810865596772093	0.8416459065547517	0.588951817497462	0.3177585731804569	0.856199080749563	-37.297445952643365
1525000	3.8393320458392606	4.208639048878118	0.7845716663317917	0.47097401425745605	0.26849008145029557	0.7840551678731794	-53.07893963606823
1530000	2.6110804986783744	2.819026648072604	0.8959849888387154	0.7125403368700197	0.20643598998411306	0.8224972285269707	-23.002414621080955
1535000	2.644533513293156	4.45593175914786	0.7118388399535966	0.6836825599002876	0.35350941152887067	0.7376927374782147	-35.11332262756044
1540000	2.60184043152035	3.6153162897185447	0.8494324333240556	0.6767452313321961	0.2049990553825339	0.8291956991836095	-35.040024282077134
1545000	2.7582333533923675	3.0394428738369226	0.7939192598451396	0.4761391774729122	0.25376811082344064	0.8331569311851358	-38.292786849477125
1550000	2.967419523245173	4.611125442754245	0.775455155906041	0.5926213318159538	0.21408003071721465	0.7760801960549665	-35.88033131270249
1555000	3.284126752480063	3.81678234964283	0.804428177487694	0.5519307431474841	0.2524269252540936	0.9331414126674908	-39.10965164381233
1560000	2.60184043152035	3.2386380361477918	0.7382219331584036	0.7121389840022925	0.20670503323617534	0.8297720949535365	-27.62542671253658
1565000	3.0421348150983643	5.092341279851678	0.8391409401993919	0.709985847744832	0.2096571245470998	0.815411589445125	-39.89548715126834
1570000	3.1388280247691904	3.6749299026085716	0.8356589421413009	0.6206070774675477	0.31539788131073776	0.8153173254633549	-39.89634311697178
1575000	2.60184043152035	2.7420482710101624	0.7369353051043822	0.6169808256044268	0.5254466608891171	0.797065532895919	-34.23224760374699
1580000	2.865035195170045	3.3585428849784136	0.7232071773051263	0.6785446303065601	0.2444316340160627	0.730268325945265	-35.0080170065867
1585000	3.102721978336121	3.2725288098406207	0.7585228353969529	0.548537990876161	0.26777387911468553	0.7823680908515724	-41.68808900788137
1590000	2.9667347771131007	3.0798661583722247	0.7070482512731692	0.5802263332480947	0.20142498003891995	0.7585644230501783	-39.92181077844833
1595000	2.60184043152035	2.6578299883469496	0.7692794816678733	0.6488629450262564	0.2604988941448723	0.7359320320051256	-26.313307093025468
1600000	3.3699448321893533	3.7267587653248535	0.8590922774237402	0.6430786963018934	0.2280479807822284	0.7106045868916095	-46.66129472208133
1605000	3.0462493113008464	3.977312152336992	0.7467695652194954	0.6002670126544979	0.23415552854635246	0.8380435417819875	-39.069327190503074
1610000	2.60184043152035	3.2488338821664007	0.7160546202665293	0.6918535799501199	0.27098028543111413	0.9391537601683555	-34.426351749804034
1615000	3.0322108991700154	3.3250644934091587	0.7277323701491678	0.6456639108163933	0.3270191650018712	0.7151989410695356	-31.44795545108657
1620000	3.2742311341562504	3.2951668216521366	0.8553974683632851	0.4996690035361292	0.32324697428620314	0.7584740420643675	-44.98932634472204
1625000	2.8355616894776845	3.018756767744928	0.8897691144877434	0.4152696700037027	0.31399817823909293	0.7075954701766062	-44.28223663822279
1630000	2.709583979247839	2.7369944457296738	0.8228651705677856	0.6423884548391317	0.20518649536934352	0.8596068894975634	-43.54524826336868
1635000	2.627380247721528	3.4697701671385666	0.8860104228857181	0.4859580468692211	0.20634235445842253	0.9931085063852578	-45.56909126671397
1640000	2.767027306969686	2.9458576166948283	0.8329489080460905	0.7091102647609688	0.22736113095477137	0.9080760067565286	-39.80749261658511
1645000	2.7715338685233255	4.295601406530019	0.7298533571218969	0.5827249916377452	0.22290265834451262	0.835454076079141	-39.77017063662355
1650000	2.60184043152035	2.8533423287975777	0.7941772010782103	0.6833510250194406	0.4054936344987367	0.7307479527554486	-23.102352191481575
1655000	3.1950520754756324	3.417854964457612	0.7770871230233062	0.7566285089209783	0.2113409509241092	0.7074046143473138	-33.93664613696093
1660000	2.659497059541386	2.959203043943058	0.709992938147572	0.7829030533835899	0.200546676405188	0.7728612291196127	-42.79363627568044
1665000	3.2736333618033515	3.354155764895144	0.7388217128455105	0.4431072586027618	0.37737814383516305	0.7035372988118441	-52.29437854098678
1670000	2.60184043152035	2.972938614384054	0.8513547209571352	0.6566996957711889	0.250452936989708	0.7048935732362906	-33.0525423667284
1675000	2.60184043152035	2.619235334561202	0.8390103112715526	0.6376800368233503	0.3773389239293501	0.7499964429883631	-30.55211797678879
1680000	2.60184043152035	3.2306762804763456	0.7503957998974543	0.5547489186915026	0.4279535636671942	0.9276511852464661	-37.39071799374221
1685000	3.1489269630646026	4.02884147565545	0.8324210678179448	0.6889935405040375	0.2141210283979793	0.7906952013207924	-38.36505717834442
1690000	3.1653469519786666	3.6199058561164708	0.8103550216230526	0.6480033615485147	0.24505616265570543	0.7454785715015404	-46.14605248798525
1695000	2.60184043152035	4.052094888856374	0.7169289203106981	0.761223065956211	0.21242190117362508	0.9038830890698527	-28.50310678568977
1700000	2.67233593775121	2.8836246876015132	0.7044219380099537	0.6531110024585323	0.26360887209228995	0.7078658490474963	-31.714608712894645
1705000	2.60184043152035	2.9371371338400025	0.7390294468607185	0.4816330795003856	0.3242800253131931	0.7654179677069971	-40.369888930757256
1710000	2.60184043152035	2.621402315344878	0.7628258840489864	0.7605154586794343	0.2103468865896527	0.7934710550842501	-28.251552100005956
1715000	2.60184043152035	3.385206563379319	0.8061812526556579	0.7184766316925602	0.2033935776589677	0.9692978020528519	-27.896266730868966
1720000	2.9546099204626044	3.3897221422728014	0.7095454326666862	0.7054229687706204	0.2458776232072551	0.7959141367909869	-29.974220784150283
1725000	3.276862107319033	3.9094056169515423	0.8070945395610943	0.44838420016231473	0.23318515455147507	0.7870821150725499	-48.025055703760515
1730000	2.8016544399900125	3.63859915474159	0.8378004995513191	0.5992406404274129	0.284424192234284	0.9226508628570154	-39.35201656847884
1735000	2.6115964167803103	2.8230374830287306	0.8212263664449542	0.6817989460046847	0.35008075972869085	0.9344643072749589	-30.756130511031014
1740000	3.491583473724624	3.76182219032168	0.881495608789393	0.5993751393577758	0.22067883304342678	0.8707850873853348	-38.0886313328447
1745000	2.60184043152035	3.021486251647569	0.7682877563256052	0.6907625731834373	0.21197032004965125	0.742439530083616	-28.409428025603344
1750000	2.731310517281117	2.888112125125256	0.7026148374834433	0.6939840620902031	0.2364047829387696	0.8299306044814149	-31.67167084321202
1755000	2.806410301334258	3.0361014673534124	0.7186685471462739	0.5853722648623069	0.39619678984790724	0.9561484121487739	-33.55772470369754
1760000	2.60184043152035	2.724431277526342	0.8796606121058826	0.36210559818344035	0.4930666553347024	0.7087664296694978	-45.83639049141654
1765000	4.041427235218489	4.196164817378808	0.7682339485626142	0.4509736196654299	0.39304601267909195	0.7528923180463647	-47.307091486316786
1770000	3.089637612373319	3.4151328756732116	0.7884952227319101	0.7424376014782597	0.2288657671424602	0.8059870937432745	-26.60571984583218
1775000	2.60184043152035	3.3772603956113136	0.7710936417421363	0.6601808448694143	0.22003250179489406	0.9329986984499646	-36.697050555557
1780000	2.6923944313710373	2.825574887884805	0.8015113932247141	0.5924158717961594	0.2736917654085984	0.9741973371035514	-39.92163190617956
1785000	2.60184043152035	2.7446694096748945	0.7450761448157316	0.6383228080282731	0.21575724728702925	0.963342426527267	-31.03374857658661
1790000	2.60184043152035	2.7004133841708247	0.8797062417943768	0.5169274766292858	0.4225350378938747	0.7327436353051545	-36.473595213583884
1795000	3.333838986376127	4.10445002117716	0.8957714587223343	0.6181572635281118	0.20273265900465964	0.7291606718016761	-43.86501099077571
1800000	2.6141327539263615	3.081159269962566	0.8794691799050571	0.5798987472527412	0.23441604525624396	0.775593417009063	-38.10844144471408
1805000	2.6504196785836505	2.967968879759291	0.7479270865915788	0.6904289499064205	0.20421790131248493	0.8749682280958289	-32.513542301622614
1810000	2.60184043152035	3.5596541240703625	0.8679735135233048	0.43058622869813434	0.3610347292553474	0.7162596457662664	-46.47026292371647
1815000	2.8687577874714414	3.4000782058089967	0.8982293494808188	0.511626414032376	0.2840170549492206	0.7973799641957042	-37.99016327682328
1820000	2.9715281566210994	4.169298588729413	0.7595975208936899	0.4087001302085073	0.3893414108661589	0.7807747847913983	-50.497195261245764
1825000	2.7696546510082642	3.170157189261248	0.8310622749343186	0.6962173609819291	0.2462243855500867	0.7313836705050637	-39.88903987195569
1830000	2.60184043152035	2.7587953907161005	0.8103606012420183	0.6025503184508368	0.24142662397483866	0.7836184452318102	-35.148434852038285
1835000	3.126141522590553	4.298842921856186	0.7050393475702708	0.41476598461264025	0.4037233627482792	0.7132482737362352	-45.611024236694135
1840000	2.60184043152035	3.119270135956722	0.8010110469901364	0.5798238095329908	0.33932377937252145	0.9524348438608967	-38.47433506054466
1845000	2.629197250622843	3.032487127106618	0.7725630319036028	0.756695299066678	0.2680696059087685	0.7308378599761133	-20.11144860488479
1850000	2.60184043152035	2.6768502831194354	0.7715715290015941	0.575822844768576	0.4758770110361779	0.8367564713754109	-27.467157943837233
1855000	3.6577319028945308	3.822055011692208	0.8493727301800325	0.6409269595344768	0.20698201589164564	0.794781802788065	-36.309069180163014
1860000	2.6084342407785512	2.956176917962411	0.7664113157238014	0.7970735516469903	0.2709711601802576	0.8512360729876046	-30.041372370863215
1865000	2.7573978474118674	3.8087903286872975	0.7346099238043631	0.672330925800791	0.2361191668842207	0.9449325461223539	-36.646785055115245
1870000	3.2624381974920156	4.494515367252071	0.8586248158839296	0.5202580834507216	0.33906432360451005	0.7990246542773145	-40.03527763880975
1875000	2.828304729910433	3.46645852329885	0.78027877809075	0.5557725123212502	0.32026934780754723	0.933985765267813	-40.063516550857244
1880000	2.6717878868117255	2.9539396878372544	0.8454333050914729	0.6400571401198021	0.22005036434218403	0.8701353464669612	-35.557082018889304
1885000	2.9270020667671153	3.327247863310966	0.7486759284425987	0.776219618745185	0.21098072500609397	0.7945958093946835	-25.15798395006478
1890000	4.181178349925075	5.086811850812059	0.7899325513363773	0.4029963054057921	0.22889710408304761	0.7250042808084213	-59.248917388606415
1895000	2.60184043152035	2.7220249062312245	0.7386890682634654	0.4373476615640056	0.2446852670746007	0.7703924646951119	-43.623583860784564
1900000	2.60184043152035	3.292058582803568	0.8807878655540409	0.5048531903283012	0.34262218375978415	0.7179458645957116	-32.47517311435665
1905000	3.1842259704887015	3.569879012332613	0.7318607403526439	0.6545475136404582	0.29784705359316926	0.7082043166445333	-30.475891877143486
1910000	2.734111452663885	2.8668763953664107	0.715916289115884	0.5919172171487908	0.2651904843359543	0.8134435195279982	-40.893247798935604
1915000	2.60184043152035	2.8716320688114325	0.8151109035519261	0.600147360965435	0.2277119673366385	0.7331168941071159	-40.53904559300695
1920000	2.60184043152035	3.194914630710207	0.7757770641553022	0.4915615892105033	0.27977828586494635	0.8414620421327156	-41.416435725883765
1925000	2.625912141535988	2.8573408250359105	0.7512322607012323	0.6596690248506462	0.22711538044220714	0.9038534897652285	-34.82770697004081
1930000	2.60184043152035	3.274546252798816	0.777905318502825	0.6589870175948601	0.25000197540252883	0.8350618124117791	-29.6665648414718
1935000	2.902149151665803	3.0933044658816335	0.7748237680133108	0.6221268141771977	0.30577999579589465	0.788303521519986	-35.32891489124891
1940000	2.60184043152035	2.639419754534587	0.7634374325046661	0.7602192227312876	0.20528553779627015	0.8527510493507061	-22.24221673599595
1945000	2.949553257218229	3.064190550210693	0.7863331940903013	0.7756875276679956	0.2643371215411836	0.9804241642154824	-25.36955256755331
1950000	2.60184043152035	2.9397202895775414	0.7228836109557828	0.7874757229835282	0.2773527853717237	0.8920047431866222	-17.756096255025152
1955000	2.6102259282944695	3.472861685860084	0.7808229753981072	0.5788863263997894	0.302794048684406	0.9168819103206999	-33.65919388797231
1960000	3.9183607656968737	3.9232498263917774	0.8046097502760065	0.39207945013623297	0.39288089866218057	0.8120173091882151	-50.21218082758361
1965000	3.0941758493408034	3.563764772086076	0.7349545496574287	0.5019773756662765	0.2716321177761883	0.8071746922556353	-44.54643615990266
1970000	2.7053256992338848	2.731729231622924	0.7631432757106227	0.5840138463343068	0.2855140591512238	0.7721158204657591	-37.51823207473787
1975000	3.0440407394572913	3.276295825035728	0.7490676712018478	0.5830239352259593	0.23650053194228746	0.9878588289663399	-49.69512683080457
1980000	3.017498504115945	3.1725630526488624	0.8121097577735739	0.4964754574785838	0.3060364804304231	0.7350945133846076	-36.55924947905553
1985000	2.60184043152035	2.930323931349526	0.7090880452340955	0.7483456600678045	0.26414905873721994	0.7829523941680101	-24.142443162805698
1990000	3.2811881626054773	4.875755012804686	0.8383641456546412	0.5139666302434369	0.2825239545836062	0.7177472795714345	-53.33830191982355
1995000	2.60184043152035	2.971451190664014	0.7527705898636525	0.6474972378489207	0.3460031619688121	0.8177311812925894	-39.040852589402846
2000000	2.60184043152035	3.8697335764430467	0.8247263655034515	0.5718157004678444	0.3667412893962298	0.9278399388926237	-37.71102878656352
2005000	2.900816453501966	2.9157621308619692	0.7406071644379463	0.7269812252482718	0.2115446824911998	0.945964623061161	-38.872156089598874
2010000	2.60184043152035	3.024370523892836	0.7247108836563675	0.6789823605957622	0.21206404150597297	0.9273428168183612	-30.393558434080457
2015000	2.8186881304109392	2.8546367036756095	0.7510226835591868	0.7552659426249057	0.23819061090113913	0.7700348214044229	-32.73066585348437
2020000	2.8736421879106016	3.4919536127657924	0.8882088175472499	0.7455385997626377	0.20353997165677998	0.7132510029112535	-26.730072813517967
2025000	3.3721553341479096	4.078056920948977	0.833572809500609	0.4105034487629335	0.22569341022294825	0.7703911060694161	-46.19545553676614
2030000	2.630080556026215	2.995151760824291	0.8756047273660686	0.6881496995975156	0.2291564941117629	0.912753347893688	-28.817751011226715
2035000	2.840327485561512	3.583261444523324	0.8403206082896629	0.6583823926617068	0.2381480960246441	0.7917037836141538	-29.976879748149543
2040000	2.8156685917091258	3.0927515799788337	0.709806691877295	0.5918903371556757	0.22209881183491603	0.7636350588175795	-37.554373257339506
2045000	3.3569045322558972	4.169434104792902	0.8066660319595023	0.5298607370163193	0.2158474159830082	0.9220508473695506	-46.37784003009702
2050000	2.9151504808638675	4.0531086279600235	0.7980709440342316	0.6731075157130134	0.2162708330863854	0.783234173543324	-35.546700528469
2055000	2.9673046761346957	4.642104082938713	0.7147599057276187	0.36016285409369914	0.3744598190884668	0.7146767693510323	-49.536223762645776
2060000	2.7539806876667843	3.3859991809169743	0.8187539273493085	0.3288384480168402	0.42485562830214163	0.784014654754225	-46.20366266786167
2065000	4.023410075508261	5.409765903528643	0.7329320228082128	0.49493765234995063	0.2492354804330049	0.7799346545823952	-55.88754952829543
2070000	3.009090985143438	3.223236169417734	0.8102247917990932	0.5730973178202077	0.2950536305848615	0.8225687642954971	-36.123419929638125
2075000	2.60184043152035	2.96948480216419	0.7351427065798003	0.6433174949992375	0.28887854443477734	0.8751841517779153	-33.27706889508458
2080000	2.9705506553330765	3.1824683722663876	0.7694805392816741	0.7056124554758542	0.29744777341447926	0.8911921459466725	-30.34652542774079
2085000	2.766325133721043	4.252199637132142	0.8959356653141777	0.36882382845250405	0.3944495413557147	0.7087111396145983	-43.877185529450905
2090000	3.0286161453075446	3.0648514230481694	0.8373840696788599	0.6523389346918023	0.36768457051248293	0.7875101594695669	-32.65803107588014
2095000	3.0666524999043685	3.1592673750427864	0.8335672745243219	0.43320081443495373	0.3839707981913757	0.8460420656845541	-36.90767282589944
2100000	2.6160871537294987	3.919958018564338	0.7003123898199911	0.571403099448205	0.2708344666621345	0.791820665158172	-41.23976284881231
2105000	2.845265852297094	3.126149604736833	0.7081637860216803	0.7204573244885123	0.2611985415669872	0.9331117489767519	-26.048699564031857
2110000	3.1366821644930214	3.275618383616416	0.8206238450625537	0.566855349412506	0.24877186219140648	0.9356033734098661	-37.67306402950171
2115000	2.7726402679376805	3.2080738368685555	0.7749610019808736	0.7125884134325693	0.25741786465418154	0.855403617963726	-24.042789280557084
2120000	2.91253085732968	5.14391484159626	0.8692152168338563	0.353485388399826	0.33346335040420416	0.7110470025690027	-46.57941407447719
2125000	2.60184043152035	2.843340725361884	0.8766325467855947	0.6806515756080508	0.3096656772274697	0.8881479600266349	-28.61377817349946
2130000	2.60184043152035	3.1250373474290396	0.7806590677003177	0.6151756030549027	0.23460687691518875	0.7553647287698179	-30.445088234373447
2135000	2.60413762944142	2.6502809965025125	0.7689641000476913	0.6224229659512337	0.2248264833034543	0.7811422012208208	-33.83980707343248
2140000	2.6571430264442975	2.7440575006542756	0.8451934585503152	0.7013376776201898	0.21570515552551953	0.7917265406557633	-26.01311265642891
2145000	2.60184043152035	2.9924631884991033	0.7942844545814249	0.5632210466847173	0.358490665907271	0.8348502815921074	-33.885437693644555
2150000	2.60184043152035	2.8340332180771006	0.7397207127426255	0.6286351163665652	0.22783847243629388	0.7948017445752045	-41.900933160380006
2155000	2.60184043152035	3.2514774070293595	0.8957156157045096	0.4675640729841973	0.3527431668651373	0.7026169973571744	-38.46685282396758
2160000	3.087689158376276	3.1231986754806993	0.7435231879569283	0.6010852215101696	0.21565239060355962	0.7355818044503205	-41.17067968643782
2165000	2.8092263752622335	3.28877762197203	0.7123327648950256	0.7698484625534914	0.2144127325587796	0.9117681894318058	-27.357805941806152
2170000	2.60184043152035	4.669723529526093	0.7335809048259264	0.7155577181122563	0.22022029153929684	0.9939517549594982	-32.487728035458225
2175000	2.652493322799563	4.829541635820961	0.7283639069400533	0.6326460826782981	0.243993177401005	0.7979525411292553	-29.093637500436937
2180000	2.60184043152035	2.8937939237852564	0.7954484044642003	0.6859660394598133	0.25558389270005166	0.7540888640562698	-32.60052242308273
2185000	2.60184043152035	2.7616257460199063	0.89970876493072	0.7440437925330573	0.2688373455611769	0.7334710953893354	-31.204261946920177
2190000	2.60184043152035	3.1946243182048093	0.778640676571309	0.6538030431803515	0.26819252307619407	0.7409649256884023	-24.925928172569755
2195000	2.935051020098384	3.4570162680517558	0.8580571380061146	0.5887825655048974	0.22656424262874367	0.7027596070283025	-35.75429089834976
2200000	4.195475389198025	4.578108272886905	0.7820721145906486	0.5323735256333976	0.2359774927910665	0.7748162544599835	-43.54372774140979
2205000	2.6148689656945834	3.239983292348124	0.808962563709845	0.6320462564915744	0.2626085373547964	0.8180892661111656	-28.73771510315952
2210000	2.719871918717903	3.0036277271862333	0.7928617313486326	0.4210458469166571	0.37526719471819725	0.825004734730869	-37.035814246816834
2215000	3.6076324502381416	4.165179559226323	0.8186786986124085	0.3620107082426763	0.45288823007460505	0.8106887645101171	-60.71893605511914
2220000	3.468022951525311	4.290450954614774	0.794554008236076	0.3928165512588293	0.3483598420052235	0.7213784498225054	-50.11009696104925
2225000	3.2183697310999473	4.3989452253555354	0.8160847732771834	0.4907775416505039	0.2831294252310698	0.7418838736947893	-47.6494411418218
2230000	2.60184043152035	3.4599920571725695	0.8491563752578888	0.7474607959272366	0.2250809821594268	0.7664367942648593	-24.364437103471932
2235000	2.60184043152035	2.651246136189555	0.8418023889511937	0.7056674850513293	0.23408833484269612	0.9551048680170124	-32.488064481521775
2240000	2.60184043152035	2.936656283184501	0.7752659789876976	0.5430131447836005	0.21959980350673633	0.705353777649278	-39.991560437781516
2245000	2.641365990564067	3.087471795014264	0.7923516717113998	0.633048021101036	0.27544664149661324	0.701079581127754	-40.11730280871747
2250000	2.60184043152035	2.7161972884963204	0.7116039365700414	0.537818110241299	0.4047294646232494	0.8062513802779293	-38.705153357499675
2255000	2.852946217073759	2.9245047178742727	0.7858309325902811	0.5518641884009241	0.31888369144644596	0.7863418803641936	-40.15318364024488
2260000	2.99718191751088	3.1144912374338465	0.7134272039233976	0.6526718285837473	0.2614789024064951	0.9040999795896345	-34.50853398445471
2265000	2.60184043152035	2.618872012934003	0.8160778611854832	0.605029499624505	0.44095595544225197	0.7753576126873475	-32.882412935758936
2270000	2.8514084393248975	3.565930423971756	0.8701715675322806	0.6441376312593394	0.29924842231578147	0.9677620415852967	-45.787635514709066
2275000	2.6600648859852494	2.817279131961462	0.8095312037329613	0.5240571437423686	0.2685778746215324	0.8238044052371604	-37.56146748304027
2280000	3.0615740828198623	3.2489631876805287	0.8937744471564936	0.6536864242953351	0.20913544514558915	0.8491619317010696	-33.75940962412868
2285000	2.731919467545697	3.4278074620668204	0.813173692093982	0.47730583269724897	0.2108476062164952	0.8061026561509931	-40.60800094545447
2290000	3.013290949355781	3.076407319141972	0.8449163070401619	0.5888776979430942	0.22098297482189183	0.9507280644410658	-39.059645871943566
2295000	3.4093030027806988	4.857311696711482	0.8445462595501863	0.5296659228219252	0.23546007677591477	0.7789941247395477	-48.00840790628655
2300000	2.6901363102391422	2.7743325694147405	0.7465801068410151	0.745188171834729	0.24928381011316209	0.8411278810735939	-23.13082171228137
2305000	3.5649499581382638	4.071148880823019	0.766371483891758	0.4946261239092483	0.406374101237305	0.7777550030484632	-43.727176877944935
2310000	2.60184043152035	2.868233407887998	0.8600864784136564	0.5651023891922642	0.3243930918984143	0.8138746099526621	-38.30268665352941
2315000	2.8790110183882254	3.080210641592065	0.8271642171216416	0.4940992651670761	0.28863991782921905	0.9838368261026175	-41.55342781124915
2320000	2.6193346645214053	4.723721287193153	0.7922339323581122	0.6790626612529963	0.23601214642932816	0.827750341846918	-30.84099553074251
2325000	2.628142443201201	2.7487600414741777	0.8946237623098355	0.6073913320694914	0.23226348918536982	0.7528461503432039	-38.311327421324194
2330000	2.6168735260215605	2.8956630816326223	0.7596134593692859	0.5844351595505071	0.2429825879809604	0.7512740362387732	-36.16470630679794
2335000	2.60184043152035	3.513029154758292	0.7623536107922346	0.6095344605068086	0.3376097829150401	0.7153064499644273	-40.23387557740014
2340000	2.621025133595064	4.3753297574414205	0.7120627262917505	0.5919491857731334	0.22637696926495723	0.731528729581455	-42.79228694745426
2345000	2.60184043152035	3.2473119294950576	0.809197935921503	0.771777750275256	0.21794347603360836	0.9027518698031372	-24.89858955754157
2350000	2.77683247399509	3.9611415353724357	0.874090593089222	0.6519237395124683	0.2533630598536321	0.8361578304463506	-28.208280293437408
2355000	2.941800189656375	3.215483641512592	0.880376894408206	0.5398699305336855	0.22997290389165773	0.8195357327679437	-38.694522496840065
2360000	2.60184043152035	2.8768714039955574	0.8964818142990844	0.47318791026356904	0.44800238423590943	0.7268900006326281	-30.241860508097894
2365000	2.60184043152035	2.9699044444993423	0.7144267333713092	0.5935103114912174	0.3647531345880289	0.9785698203417424	-37.363716192288585
2370000	2.719007685265675	2.9060763534074625	0.7726843602554384	0.7232728746508543	0.20756944335831604	0.9910041832959754	-20.784101104721877
2375000	2.60184043152035	2.662205781746223	0.8268332036806375	0.5382139630678497	0.32151666649381583	0.7767049329537901	-37.24308928845534
2380000	2.60184043152035	3.1837621834152725	0.7944377898686118	0.6091675740346489	0.26933496281135033	0.8513620614758177	-32.219062925437356
2385000	2.60184043152035	3.343061668479817	0.8159862936836834	0.5775412749937713	0.2862471089572941	0.7715874296895655	-35.21229178110965
2390000	2.60184043152035	3.223444706632439	0.8534107013730382	0.7090696932489836	0.20904375503823885	0.8349236519856202	-23.601145938833014
2395000	2.60184043152035	3.726025832822026	0.8806493100339834	0.5689261334128826	0.2102546687326599	0.7897680626093877	-35.23286557135379
2400000	3.0176885854145077	3.353136154372981	0.7886453956465808	0.6239270286573892	0.27376618279187326	0.9782154796567364	-41.416041875313034
2405000	2.60184043152035	2.603054210070335	0.7337796440505564	0.42625191347141916	0.34617908925343016	0.7066531564307612	-43.75422578860566
2410000	2.8778442536447413	3.1579662431794713	0.8918150155470814	0.5501510988814542	0.20484512888018974	0.8914112408416607	-43.57487527580787
2415000	3.08821268261582	3.490059032280323	0.7099492892717442	0.5737866024798342	0.32424839801398614	0.7909311941573444	-40.301448094485146
2420000	2.876184209686481	3.8359236242599746	0.8901354258839927	0.6034915371783931	0.23488080333610936	0.8155720194699941	-28.142474461539358
2425000	2.864492736042823	3.3679500242027687	0.8245248565466474	0.6902812918539011	0.21226823080979365	0.9028584858397233	-25.786780371914837
2430000	2.9950643055484685	3.0620409916891616	0.7673879613896486	0.6312596466008724	0.2182927525136143	0.7478065513206847	-45.42075645623709
2435000	2.60184043152035	3.2566973690537573	0.8751846526001468	0.7104702694706664	0.23678017916084543	0.8685676081368434	-37.90703772499789
2440000	2.975584967864106	3.1831149676177537	0.7229842825685725	0.5664666777258636	0.3329970810380862	0.7146289814172427	-37.4870150663254
2445000	2.6984312774220265	3.182375693886688	0.7138083775130545	0.6254558256821006	0.22990223740299343	0.8084113230513136	-35.59704765414673
2450000	2.60184043152035	3.503363298349497	0.8854527586100451	0.4822130275683033	0.3596250202583631	0.8274286263912803	-38.78203537866369
2455000	2.8338007861276915	3.3071621970955287	0.7645294022654373	0.7612315666812108	0.2111283486247613	0.7995649484099032	-27.493615377735086
2460000	3.038200036853923	3.1340027530377492	0.7789070355629285	0.5919272542580066	0.32253269840099824	0.7330369749529057	-37.80350194595821
2465000	2.60184043152035	3.0129001361005767	0.8910726293797742	0.6910615085130115	0.22393748674776376	0.7825182872499775	-24.41005961665769
2470000	2.7714672681226484	3.533266336742067	0.8724080473774392	0.6002978143330403	0.2452652741258479	0.7713513121496004	-34.137192210527246
2475000	2.8067533566217	2.8409269246286226	0.7581974216090356	0.5673845319116481	0.27263061473460026	0.9123019655463318	-38.81810762597878
2480000	2.60184043152035	2.966324369018229	0.7610121590651477	0.7394175320614521	0.24243135010475728	0.7314375685337872	-29.839650911384254
2485000	2.60184043152035	3.5736385291430195	0.8297666014606354	0.6521921959147005	0.22591886470428424	0.8710265685375288	-40.035453527695154
2490000	3.368147659481192	3.7049326928174806	0.7279969600660275	0.6315746334405806	0.22776889753101112	0.8400245712552534	-46.59832825611328
2495000	2.6463217825357437	2.83782820590243	0.8932690057763094	0.7441461581015315	0.20387113264160148	0.9329594999400906	-25.076732561904404
2500000	2.66007422002384	2.664617673002934	0.8076608585148046	0.4696181595441254	0.4432037371068197	0.7898358951411728	-35.89743256583002
2505000	2.704808900266327	3.100784317630493	0.8414509540732498	0.7253219872232327	0.2015424919635149	0.9280721790072802	-23.70071981159007
2510000	2.820349735155655	3.169299238582429	0.8828717731352935	0.6997003587623074	0.2517256447283302	0.739764748122514	-24.789485490703182
2515000	2.6597215850613956	3.5751368356623954	0.749276374427846	0.6545778273002425	0.2716283259029974	0.8876382044636013	-38.637147160119824
2520000	2.8613442846070227	3.4201448786521076	0.7041894715837206	0.6205763942555175	0.20759288199355957	0.7270424187587944	-44.12209519982091
2525000	3.055101566243836	3.080192931820582	0.7413230846693495	0.502677336005077	0.3845422952407848	0.7249765130037331	-38.81471721499499
2530000	2.827571729444218	3.800237010891332	0.7336095032934318	0.6923698218316036	0.20999852297543825	0.9144640358792026	-41.74578250350036
2535000	2.60184043152035	2.7575801416832815	0.7464799389880419	0.6119737463435588	0.3474291590821075	0.8762473255887784	-33.76140986026166
2540000	2.69589733241876	2.7914041675631447	0.7181924215050512	0.7151648539011242	0.22343479577407052	0.7346485164545463	-27.6519265701224
2545000	2.9230739525761895	5.105372319749114	0.7411243940346095	0.6478345173176057	0.29045206697100256	0.7495594508509775	-42.30658089909335
2550000	2.60184043152035	2.7215188816502263	0.80428693408757	0.6328276826648082	0.28330179775432496	0.9061911843877277	-34.704962734947266
2555000	2.60184043152035	2.665599248042266	0.8231281102330207	0.7093246668364869	0.2584535598810769	0.9211513099575748	-30.252004701175373
2560000	2.694667331127725	4.5847050873341315	0.8088393935917266	0.7353133562498023	0.2042453425140832	0.9904755279711362	-34.666789086825446
2565000	3.0526027474204787	3.3251054112038605	0.8753344364075261	0.45834716950939264	0.31583400482060314	0.7496200508845545	-37.311981617808584
2570000	2.8984371195411436	3.01326729327089	0.8736515608094587	0.6511342958572286	0.20346805033324394	0.7609222846054524	-35.16543188581964
2575000	2.9299968682733843	3.4416902448124507	0.7959124495809466	0.5770628323947459	0.32139804128965255	0.8483196344173343	-40.313349607045915
2580000	2.9783133279637917	3.387972206686759	0.8768241885112463	0.6486396832294895	0.22182506357496778	0.9491790890206278	-36.0237108139841
2585000	2.6848512717816213	2.739773517110679	0.788144792094536	0.6806379693589275	0.25327756012721747	0.7932399222006157	-26.90750654188725
2590000	2.86654787099999	3.0914311185517325	0.8549230878937863	0.5630543058622562	0.36413140834133145	0.7711558427041214	-37.87408563870924
2595000	2.60184043152035	4.245695177248518	0.705878075872242	0.6068789248969348	0.22705534650920237	0.715508692216704	-43.9630996510062
2600000	2.9001572333221834	3.1167329271899566	0.8974115738812765	0.6388213078422168	0.20303963039207154	0.7120750206648302	-34.88760120282663
2605000	2.60184043152035	3.0737995809921284	0.7850629683945586	0.6027120541683642	0.2430816177959183	0.8394141853993997	-34.55035108477397
2610000	2.822148470431037	2.8881133372021246	0.8048379763213257	0.32764041501278623	0.29110481426705087	0.7207081347523998	-46.818625023805254
2615000	2.657722625181786	3.352413817238326	0.7926686899262285	0.6888795050627134	0.209687792939227	0.8955531764314952	-29.035301877606873
2620000	2.6782661094312425	2.953083485136723	0.7807261052385808	0.5366565651243651	0.28067659532528944	0.8305044475003884	-33.00595309508808
2625000	2.60184043152035	3.05904466388315	0.7139743097864077	0.6692566428615669	0.29799369594950775	0.7362866734496905	-34.59191260941482
2630000	3.052319009635064	3.647688464001944	0.7610328758071506	0.5812130965934506	0.2199527125028061	0.752126481519378	-39.62182628023454
2635000	2.717103300325143	2.775108974025172	0.7298655419222185	0.5955483851672232	0.2583503961561787	0.7173642178324069	-34.41758418697903
2640000	2.7454646340713493	2.9491432664281563	0.8549209932667116	0.6576778688010333	0.20443617535599962	0.8111990350307294	-36.34801776933201
2645000	2.858125491552695	4.2626206826441715	0.8751368153048682	0.6901619905336878	0.3455566217319438	0.9346462062254898	-34.834418757124816
2650000	3.08530661434916	3.298412666111277	0.7481098067861943	0.6203547834814349	0.2600022228009574	0.9748646294117591	-35.138043073172675
2655000	2.60184043152035	3.170770289423771	0.7100394162395917	0.5544349793175127	0.21012306717363247	0.7709339798934662	-35.93248537525483
2660000	2.60184043152035	3.1070833404584004	0.8022983658744286	0.6815185906639234	0.2059230062132638	0.7026737870736962	-38.92936898973932
2665000	3.122762057062244	3.2098926696944625	0.7716164471074711	0.5505480120476093	0.2861250008814974	0.7213028781727098	-40.23344862599692
2670000	2.60184043152035	3.8638823975796646	0.7776102682053664	0.6958703139443954	0.3044663716201516	0.9316734442645385	-36.786925536114026
2675000	3.1728205254500996	3.4314254376975697	0.8475154576566374	0.5328519535067595	0.25623046063420657	0.7222792433811949	-46.570035113917335
2680000	2.60184043152035	3.1604559364524345	0.7697825713239144	0.6550322105873781	0.20611986164627893	0.7132513654639048	-31.205086908898103
2685000	2.60184043152035	3.199974606078738	0.8464508075522182	0.5732409983136467	0.32635432610991993	0.8982568011653493	-37.21427545995699
2690000	2.60184043152035	2.6983476279349126	0.8232160846814943	0.7066019257195735	0.20730932221647885	0.9244552342484761	-33.228724863659785
2695000	2.60184043152035	2.7894098267126215	0.8633197439722551	0.5994542268676663	0.2736635338557193	0.9396594561518338	-34.89727583013959
2700000	2.60184043152035	2.9975268563580095	0.8920867786253973	0.616406149208676	0.21286997735282664	0.7326457874078522	-27.72658988191304
2705000	3.009643215811344	3.158593070701235	0.8050075697478829	0.43577744208319324	0.33791911038421374	0.7853343274552824	-40.3149310424407
2710000	3.1020675365156727	3.4428660844917354	0.8490401131565783	0.633247028157292	0.2993115970858789	0.7182966165073745	-37.84852601419323
2715000	2.60184043152035	2.6171539282168323	0.7977034344219897	0.6052786675720456	0.28146060353412017	0.7291748612810756	-33.360931320572234
2720000	3.0804417012113476	3.548903108182169	0.7181292576749148	0.47102729034093926	0.2011838955426486	0.7843015863178823	-54.61243577455976
2725000	2.7209292483913186	3.2037259548008934	0.7508805358814329	0.5344723335368637	0.4226554356207838	0.7312445284235076	-38.51869095411462
2730000	2.60184043152035	2.8565871732985078	0.8449824298987492	0.6925056762153246	0.22525832404865745	0.771619181056481	-32.70673259304936
2735000	2.60184043152035	2.7036953277262095	0.809638957457581	0.553185050961904	0.2433406698683428	0.7108259391759506	-34.62304985653872
2740000	2.6144214267526737	2.6768480236997862	0.7760893928211755	0.6521565708187431	0.2885578513079686	0.9928901323103455	-36.09758499790403
2745000	2.60184043152035	2.602908557134315	0.8036929884897329	0.6284949189534823	0.2737984005639769	0.8081852421401376	-35.39726693645415
2750000	2.60184043152035	2.6280208277267745	0.7088985114304857	0.7425159107238972	0.24155914625240427	0.8451897415187111	-31.206649438571766
2755000	2.9157699491077596	2.926294067211979	0.80793510409706	0.6594503471045405	0.24612459100415146	0.8003519939875222	-33.45839309021306
2760000	2.6128157303620982	3.0685515962912286	0.7273070557788391	0.4492435585037363	0.44139464712827725	0.708083867508535	-42.47724311607532
2765000	2.806184837027958	3.847272648654577	0.8723704443684435	0.6067002895998187	0.24616843265488098	0.826113782686082	-42.23131702743243
2770000	2.6376973202410863	2.902986597310173	0.8310716488579439	0.6525065994697752	0.22267737852139957	0.802751604043312	-28.617627003453112
2775000	2.9993695120763846	3.095704065121046	0.801474820183416	0.6410085127913121	0.200555603739125	0.8674127476262694	-29.193336519726916
2780000	3.133438257428385	4.004799712766204	0.7049020484728616	0.7154557157199611	0.2566578557573968	0.7883942273902251	-36.46699919024439
2785000	2.867946641294372	3.2828241020666904	0.8545626967692429	0.5856847519440832	0.2139146477217512	0.7256312839018103	-37.400414622524536
2790000	2.60184043152035	2.6920774331419	0.8494660655498798	0.5362330773683788	0.2506186241934443	0.7066236618534865	-39.05734038611186
2795000	3.62644904606572	3.795661574486841	0.7790219649677275	0.3975936558457198	0.4689897824321749	0.7054709494047866	-48.60070194109451
2800000	2.8765680165812	5.088582888819066	0.7513802531856091	0.6802839765279635	0.27089707789668144	0.9474471640254701	-33.687957723467704
2805000	2.60184043152035	2.6055489543112937	0.7997485866356259	0.6440001479686065	0.31300272065526613	0.8293641495622177	-27.702405991031462
2810000	2.60184043152035	3.3753246246959394	0.809918306907202	0.7017826516454102	0.30401043809186956	0.7462025829215283	-34.44243899483317
2815000	2.7002547640601766	2.900927169060429	0.7960415453455667	0.6381294802002232	0.2096685635904567	0.7717118667673565	-34.40605169514871
2820000	2.617487394443044	3.3850295512164124	0.7982723086610463	0.5888827548332998	0.2777285191672806	0.8242788270722247	-35.679901237759836
2825000	3.47219678993807	3.6179631165789594	0.714422606977286	0.533970826578324	0.30175686354547493	0.9821043436786749	-43.450858226238196
2830000	3.0245602295416245	3.181209823662766	0.8415640329119115	0.6268332657329001	0.24658742193451436	0.8705150289487051	-42.62861773925234
2835000	2.60184043152035	3.181589917676954	0.7246023279729988	0.6076454829921278	0.368783918882442	0.7913648517590024	-33.47389121030986
2840000	2.60184043152035	2.7748646601970757	0.823979442607901	0.6504103299301128	0.22964022899447936	0.9151061572823246	-33.37305030476041
2845000	2.691223607400425	3.2982329662411862	0.7196041647098379	0.7186600368771715	0.2590428570479347	0.7693773247541885	-34.7619916359433
2850000	2.7244221446543455	4.215129813803201	0.7212329292265227	0.6939191970187737	0.33669367261048977	0.8168668401012881	-34.218919278380106
2855000	2.60184043152035	3.316319104576248	0.8883572360876674	0.6008977581961542	0.2419918825436314	0.7297682770292516	-30.43964011368799
2860000	2.60184043152035	2.7292601848290565	0.8954545581878243	0.5743157953042201	0.20439630360710892	0.7000463828464848	-32.892455993263376
2865000	2.60184043152035	2.7296968551305083	0.8898472009734243	0.7153093881469614	0.2005295964502667	0.8615656903115205	-30.961238864892728
2870000	2.60184043152035	2.9000221269602915	0.8201649977237834	0.6620314871935519	0.2376692283475059	0.9332890587560335	-33.44183135125104
2875000	2.60184043152035	2.6785460135712507	0.8774163953769203	0.6103188115660487	0.3399624397678763	0.8110822073406575	-26.356798579743472
2880000	2.995179391377056	3.4405701013285452	0.8896909252612571	0.5068891892196932	0.28976554091650564	0.7300964920908307	-37.50308550517387
2885000	2.60184043152035	3.826703792314847	0.8138310657799664	0.6768892498108723	0.4220004600493233	0.9725953407302077	-30.723149012157815
2890000	3.8796680161677024	5.174672244993105	0.8125803144686349	0.5848641123555461	0.22176790597753718	0.882405013398953	-41.07144836880056
2895000	2.652062000055205	2.7119132932203334	0.7815486605875321	0.7416817953229174	0.3135948264078944	0.79358930132318	-24.76782318272618
2900000	2.6639101987995075	2.673298115914837	0.8303057337209828	0.5669562910114939	0.34358419937389933	0.8089131302491414	-32.42135562888922
2905000	2.60184043152035	3.1793232063755568	0.8738944378305731	0.5093724724024469	0.20921508510858813	0.8843084462704234	-36.5660722436527
2910000	2.7518153725178798	3.1714844773506674	0.8320751297132714	0.6093405919575166	0.36305270823166436	0.9212964776642363	-36.90027401643355
2915000	2.758481077066075	3.5552952693945064	0.8598677176737877	0.643702068738824	0.2165691566678806	0.740540731392384	-29.3619957747953
2920000	2.60184043152035	2.716954584338093	0.7714977050282179	0.7688005117097224	0.23581629564730464	0.8808541867772446	-24.111249382954252
2925000	2.60184043152035	2.6181670180908605	0.8222001890498083	0.6532639019188493	0.2093688105764421	0.7715772826953302	-26.015709515533732
2930000	2.60184043152035	2.6211811034420007	0.7547189363217303	0.7199683259892986	0.23611529760822345	0.8411214910865858	-27.31501757055754
2935000	2.6145348568277527	3.1502148517048627	0.8285896005883758	0.5822873713856643	0.32439276182989313	0.8383664370875671	-39.29292627388673
2940000	3.0575882240566785	3.386691003030338	0.7267867081692201	0.5090022494632243	0.24890573686587739	0.703265233003588	-43.01071942291866
2945000	4.480639303518296	4.517291555912556	0.8855289154186597	0.41951611987209175	0.24658876140009817	0.7225710320120945	-49.032677591271025
2950000	2.60184043152035	2.6570808608647787	0.8828963586222075	0.6232388068627523	0.2623840228337828	0.9955447306086685	-36.36391480996597
2955000	4.15598312529799	6.063508484556068	0.7731606827314941	0.47280557903825565	0.22189350477653375	0.7023824496767804	-51.796883498940375
2960000	2.713031384285923	2.9470434530217955	0.8168413170932232	0.7041173753148727	0.2361263149936122	0.8617852349941199	-26.263723079685256
2965000	2.9084010492205525	3.0132091368356204	0.7641176973116592	0.5705275684169888	0.21322623616231465	0.8607677883247453	-33.5674604312127
2970000	2.617002412522479	3.592757479646751	0.7875389197301117	0.6227238085255472	0.23597217605886855	0.8090231368736813	-38.54573841986798
2975000	2.6280366354284688	3.351107934014078	0.7617758947190524	0.7654604534850742	0.20780021549628738	0.922902973429643	-23.076459276053424
2980000	3.806610390865497	4.562207105293981	0.8417459268290319	0.4940354393518176	0.2524216441056207	0.8635234498654252	-48.52115342049978
2985000	2.6267182404408524	2.6720161932695934	0.7771044739039803	0.6696307140845388	0.26961379571832716	0.803776281054837	-36.42475798970835
2990000	2.682529989580293	3.477165120173823	0.8877344977858117	0.5895720816700728	0.24301283985415728	0.7598636098141901	-33.14761514727717
2995000	3.340229984179172	3.743138717926736	0.7565710783395612	0.4981060965470067	0.3763636460854023	0.8102598679742382	-51.55722196408109
3000000	2.60184043152035	2.79225456270887	0.7029605847685544	0.47711286622491267	0.46524930940067893	0.8140010767660648	-41.88464573964635
3005000	2.667804119538336	2.905357067152408	0.8549163742092015	0.563965007802388	0.2161093568873431	0.7590997780665957	-46.38329861337021
3010000	2.60184043152035	2.705433852680259	0.7529384978221239	0.6467197183634635	0.25707852136903847	0.7856054490509402	-28.86355268751071
3015000	2.6025582495897024	2.8952880738215656	0.7875923239050906	0.7301727381211914	0.22202030479991555	0.9504924574540862	-28.264541815018045
3020000	2.854746855916143	2.9907445890389877	0.8560611157280449	0.6393501269482611	0.24148256192436574	0.7885555775826097	-36.769168275857744
3025000	2.60184043152035	2.6701993409119824	0.729831928095292	0.5719211063101087	0.20259232878481412	0.7096727922946725	-33.57984689757984
3030000	2.8834364460560455	2.909163844013757	0.8323721345076817	0.5990569228901618	0.2910529377491465	0.7132128538129395	-40.67450904746451
3035000	3.02980174903742	3.1994400340850184	0.7691710682414573	0.707749403805814	0.26005669521040486	0.7512423788931687	-32.685204124667074
3040000	2.7932089622070833	2.8877575580672747	0.7251519291112791	0.5954673828990035	0.29946161617907036	0.7624880619698877	-33.80485765936846
3045000	2.60184043152035	2.6714328380969063	0.7597849439849982	0.6481348808497867	0.36377994392871926	0.7117421857344991	-31.79520034718483
3050000	2.60184043152035	3.530067120511351	0.8306954837219223	0.695869160150629	0.26865885956381796	0.9896704316285548	-29.09967817490467
3055000	2.6267371769869374	4.11358771828262	0.8930375904035511	0.47389592139840514	0.2947834783008444	0.8346354461991107	-39.32164159320131
3060000	3.0152358173500406	3.237693631260619	0.8855073882208584	0.3816198220750004	0.3433165970392853	0.7831393530332242	-42.88754803722604
3065000	2.60184043152035	2.694159038194322	0.7630300290125789	0.6874827964452185	0.21489690605701853	0.8025809013531969	-34.169281339875866
3070000	2.7832711524657268	3.216176940637951	0.8827394115284956	0.5225176405202294	0.2898989531167813	0.7989026964198869	-38.28196424505308
3075000	3.120519998765938	3.4788503805725077	0.8057188955352322	0.5036387297853604	0.29821029768046886	0.9140620686814369	-41.90992385877144
3080000	2.915081239257413	3.1995100618170067	0.7239574394751206	0.4993565200404683	0.2881585258988415	0.7513328508902599	-48.3621232051786
3085000	2.6133739973801977	2.619556278872554	0.8566876171089437	0.7296145056343878	0.22053058448888171	0.9712952441085604	-25.11124328443533
3090000	3.1821225973061784	3.7111222457526494	0.748824113713424	0.6154679231782306	0.2500577518194215	0.7050454369375321	-41.04569643496998
3095000	4.113844236990831	5.074639963977414	0.8327654417380023	0.4248563498462512	0.2522010354168933	0.7997262312651932	-56.09003884751916
3100000	2.867219710319181	3.161281968167931	0.755086481626066	0.7144429807578726	0.3021457962293493	0.8485254534004031	-23.87561635691213
3105000	2.6720649801142993	3.5681673790971273	0.8047622326715046	0.6469325432155844	0.21009409591007505	0.7148226278738864	-32.28902379254373
3110000	2.60184043152035	2.989103932829133	0.8717961160941281	0.6321207485810229	0.2195355211017708	0.7966187105771716	-32.362440824384855
3115000	2.747046586710375	3.4400527804484144	0.7239170960308791	0.6354332750371535	0.2908277779889249	0.8705432520953525	-38.3980914932552
3120000	2.8574663051101776	4.02552655492009	0.8602035999774184	0.667165876197473	0.2218523190521165	0.9316899739543438	-38.928085286905386
3125000	2.60184043152035	2.7889002860135714	0.8670225125387011	0.626509633485198	0.2695459967377226	0.8162734236294438	-27.880240776519955
3130000	2.60184043152035	2.78626447518878	0.7366023178634574	0.6189963835283778	0.20477201056635305	0.7644794829871058	-41.47950984131677
3135000	3.369155515892782	3.4740110864592	0.7124143383499593	0.5323602516669317	0.3128388642417941	0.7134878670667465	-46.53143535033136
3140000	2.759515468137972	2.9350698278934075	0.7146299002546249	0.5620423970375806	0.22348793223177338	0.7959095120273427	-40.61366040695811
3145000	2.60184043152035	2.7010906330506437	0.7469692524173767	0.6158947938424572	0.3684079960994546	0.9628683344885394	-29.920574219060306
3150000	3.2277454747006598	3.30885894372201	0.7457337960977862	0.7000778389397335	0.21059459937011368	0.7296354949287878	-38.898027697112894
3155000	2.620810436978363	3.7291150963396316	0.7734826969266616	0.5935941282609376	0.21686401654663925	0.7802406935410833	-39.65491463304271
3160000	3.0030203857182314	4.040685822623005	0.7467474685104382	0.5119600572768247	0.2179592477303332	0.7025153849651325	-50.526968658043955
3165000	3.8633041146252465	3.987955885559366	0.7695095848847043	0.5044751240834211	0.2805871595672894	0.7278717724507149	-43.636130359362504
3170000	2.667961927454995	2.704141574097326	0.7609328347433001	0.6494594120288162	0.2410466036679391	0.784806197537946	-36.941202393970755
3175000	2.7873966685520273	3.1155570106644146	0.8637616192468217	0.6501323465736388	0.23019860994397603	0.7947138816792164	-23.753422985338094
3180000	2.9980280919401405	3.099353368512924	0.8066894052879451	0.6173768912096922	0.29962736087013647	0.9435624060874895	-38.35650781312856
3185000	2.7457013151646423	2.757686512600147	0.8338850548812178	0.5242460501687649	0.29171326847231277	0.7431751229683745	-45.57520923186315
3190000	2.60184043152035	2.674665229691022	0.8946692140045843	0.6827022394323276	0.24114373193046681	0.8768830700051098	-22.745980972020792
3195000	2.9397661928171717	4.042430346571231	0.8820896853368487	0.6319492867274566	0.24861145639720167	0.9982104412102665	-34.48890660006095
3200000	3.0930113361398592	3.329281754634008	0.8065449571634814	0.6989013464602927	0.2192241642022526	0.7781892542870105	-29.16343591074082
3205000	3.1276171769814414	3.959526999354882	0.878432018392118	0.5704145163059351	0.2706024776238108	0.8129055060558812	-51.44154457423968
3210000	2.8615141668756316	2.874443692535293	0.8435963036985157	0.5788376244090883	0.21313021411397828	0.8984242990334351	-35.458697648239784
3215000	2.60184043152035	3.5233787058982435	0.856717850684659	0.5249829766484237	0.36175940390243166	0.767708542809515	-36.90084593391338
3220000	2.822560592353409	3.144198898336752	0.7190163284994341	0.5072340144058873	0.302645963229436	0.8289534213942301	-39.229704626260684
3225000	2.802209135493955	3.7020712263354474	0.7054321322683187	0.6901200629339929	0.2160863223230415	0.7812269505794456	-41.37490130188269
3230000	2.60184043152035	2.8148267587592244	0.8057878065209496	0.7768366407156958	0.2248201299783706	0.8717301175216331	-17.200494951177316
3235000	2.661204325443839	3.4171977051411253	0.7972178623914044	0.590324183985449	0.2082353710502045	0.7587528684178172	-35.9178948067701
3240000	2.611720736128916	2.7416598247405775	0.8022108399124784	0.5124561491534176	0.4240231170648959	0.8682309467138714	-41.101830806225244
3245000	2.6662340599764565	3.3489093660538796	0.7280707490571454	0.6511262648236105	0.21577334056329414	0.7200395211408058	-39.778787566811005
3250000	3.0518356746886797	3.1628332325554895	0.7406213405891927	0.5615398680214971	0.32230546804970406	0.7545248824348892	-42.217451584747494
3255000	3.375490138241203	3.5115406300396805	0.7156766261255652	0.5417114842897075	0.2810412854742829	0.7371770378141468	-50.293863591073254
3260000	2.60184043152035	3.3006488510802474	0.7703994943734161	0.6765413379099587	0.2729813730968863	0.8890025839107752	-38.87411697513942
3265000	2.9728043983762853	3.9415921786420034	0.7865725729072912	0.5920077486399563	0.2004343005284818	0.8401083897968091	-37.88654255212641
3270000	2.804277018056574	4.345061925258155	0.7047801940414291	0.5976723869608325	0.2616316229309721	0.9058284534687231	-38.38245587548126
3275000	2.7551052216716734	3.6105890807688272	0.856191650741287	0.5844343449767068	0.2977680703078548	0.9232826625696219	-40.14488756161045
3280000	2.603105685854462	2.890664768140493	0.7223213107444866	0.7692134572691017	0.2199018858066367	0.7254413161507712	-20.488998514006557
3285000	2.6051052217757253	2.684551777834908	0.8298252985238983	0.46196333207232754	0.3335059098240259	0.8690018321788165	-38.2301696989894
3290000	2.60184043152035	2.6855290302615358	0.8304720728022716	0.7245098270007622	0.22371333307392263	0.8001344807446462	-25.49945884136118
3295000	3.1112641088788235	5.300836264507818	0.7572794044541443	0.5855714578096678	0.21063938775204086	0.83420195470057	-47.12963169258224
3300000	2.60184043152035	2.795377357665481	0.8752887310757732	0.5777800050030154	0.2508633787195964	0.7582391138877392	-31.225874683272977
3305000	2.60184043152035	2.623260643935013	0.7441088154912309	0.4895342143405423	0.2164634714011095	0.8377663188052199	-40.16418300787896
3310000	2.836087876066583	3.4545942411711343	0.7049165350695641	0.6422260818001705	0.24858631416022745	0.7189698324279563	-45.38231484165683
3315000	2.60184043152035	2.7816598997187922	0.7443438752606232	0.6939022406462051	0.2389792922590766	0.8094857132191849	-27.405285752994153
3320000	3.194256865802865	3.251692360060591	0.7354161158076842	0.5309449579690847	0.40006355682067135	0.7005460115808633	-40.30563381477246
3325000	2.9288275930672656	3.053325838461973	0.7495717884209631	0.520255189408485	0.2584479823842844	0.8448162295308378	-45.071124349032125
3330000	3.16783399946776	4.067016302707645	0.8257559722586684	0.6225169962806777	0.2712692014300245	0.8748740696349173	-34.48817511857959
3335000	3.499486344927173	9.301634451128395	0.7054409998804723	0.48242084793386897	0.2871445438962261	0.7209930785978192	-50.91924056312514
3340000	2.60184043152035	3.8917690416074593	0.7151902482509975	0.6120927199473707	0.27012549621537735	0.7764073318175773	-33.750213445202945
3345000	2.60184043152035	3.6169397427990053	0.7804500557987422	0.6147545535512694	0.26997783381983054	0.9870803484258044	-36.100733154128086
3350000	2.60184043152035	3.434843301313408	0.7502840468648346	0.5426372639506513	0.32405762574795816	0.7153480650734848	-42.136004712586576
3355000	2.67065912177919	2.761281988939352	0.8726348271259857	0.6634685245396631	0.31599627232018834	0.7240630607544029	-33.52146708431591
3360000	2.6056252652372036	2.611565187460308	0.8672477842003463	0.7082784389064611	0.25975978848727826	0.8399659209409747	-29.639124857389728
3365000	2.694568570716783	2.848844097048481	0.8323285266913543	0.6451560580116826	0.251577482055374	0.7267054059366115	-22.834060547228408
3370000	3.526715975807497	3.7897058629025073	0.7435711107420637	0.45033734091418554	0.2618868286302841	0.7164930477985697	-43.11775382843626
3375000	3.191866763632563	3.2919817785523615	0.8391510838471827	0.4577002915964824	0.25304452983462344	0.8614381438394915	-51.3203231611024
3380000	2.9315832828240804	3.1027718846368137	0.8237684505246439	0.6251641565930265	0.3438757044580983	0.9233427784752444	-29.944017984098373
3385000	2.60184043152035	2.7256279802919026	0.7708154789279275	0.70492887704462	0.3284483409874949	0.9950771058089559	-27.057354491155195
3390000	2.752075090755489	3.074054312828956	0.7247187381602115	0.5661289558143827	0.39085710653037553	0.7158052397600332	-41.21556449288918
3395000	3.0914022197898228	3.378506651207686	0.8051786438347487	0.5054491651688139	0.3774840970195686	0.7035446110914114	-37.996170295255325
3400000	2.60184043152035	2.8948980047678314	0.862713077664796	0.546172534280156	0.33347308411037435	0.7293505698599522	-34.310180377113724
3405000	2.8934682453983958	3.729631456333576	0.7143930655087466	0.6552853416872708	0.2114638830108867	0.8539615008323451	-35.92394210017344
3410000	2.9048076621313053	4.727991843517509	0.7746720285351689	0.3909680553163836	0.23237175158568474	0.8705850747388084	-54.90094808228263
3415000	2.9110822523665916	3.645445355542858	0.8782780286779722	0.5780772777961855	0.25318181236379733	0.8040747297563401	-35.39603101707686
3420000	2.60184043152035	2.8397088163539497	0.756490425352099	0.6895388617728173	0.2238740680932382	0.7080692860077977	-26.55264594633207
3425000	2.60184043152035	2.8769093941742634	0.7749961835392775	0.7081831591103762	0.2096714294478779	0.7991092356977275	-19.886345932284787
3430000	2.6621706890749564	4.068345112309339	0.8943532091680872	0.5131242944180928	0.35543316726495827	0.8943854180092589	-35.89891822912412
3435000	2.60184043152035	2.904250461453618	0.8731731622975898	0.5463335537813133	0.22819075090842558	0.9010679032196137	-40.771230031748864
3440000	3.4316817106653237	3.921525933072297	0.8564533550307498	0.47923163523835716	0.25325929139013004	0.7476579921639892	-40.275735159386564
3445000	3.8383361416797674	3.8716059764589383	0.7074121618189665	0.49167973390516534	0.2226618805070956	0.7208334476692765	-45.064502090811686
3450000	2.60184043152035	3.0580997458879393	0.7486460761358619	0.7234081692319305	0.2884232166118079	0.7435547654750824	-29.77933287115235
3455000	2.60184043152035	2.7024605828473427	0.7394638852666275	0.5307540529922319	0.29303540512599924	0.9148024109412929	-33.276940761683214
3460000	3.2838059179825483	4.86483367847982	0.8737852130397488	0.31987727360318113	0.33362037345917056	0.7148501429953701	-47.06550845633406
3465000	3.42791235041751	3.445018294015638	0.719235952619563	0.5576831484189451	0.20685105833850934	0.7629391924762347	-47.09925717637136
3470000	3.3208259671635023	4.983722897099161	0.7911723917200316	0.21125781571852517	0.3944631824603511	0.7215768954528067	-52.82559664796877
3475000	2.60184043152035	3.013190243800953	0.760528896953602	0.6028703627576544	0.5119592763226138	0.832639663097386	-31.26144109559324
3480000	2.7883404151786	2.8158196182477866	0.8596996546329427	0.6256354875106622	0.2728849869115675	0.8102367772983813	-36.94821636831579
3485000	2.6356117592758315	2.849432597104119	0.8284883837428633	0.6991962473279532	0.2634226401382996	0.7251203837913958	-30.09196879581816
3490000	2.60184043152035	2.741785361746487	0.721138886146017	0.7002010115216296	0.23636408151703134	0.7463165486451289	-28.19096978519693
3495000	3.3023331038906827	4.181767097161634	0.7395778497711908	0.5897731320903192	0.217770406805875	0.7481905786960177	-43.87981789559116
3500000	2.60184043152035	2.7600086079437074	0.7762497303231317	0.6993818974796376	0.25986559119955754	0.7236336663099638	-28.202005572715255
3505000	2.60184043152035	2.8661180899712098	0.7427041059366136	0.6581407528044902	0.23883241238414799	0.8705509324018885	-35.054506909876174
3510000	2.8205671359810007	3.09215147234397	0.8791168635039447	0.6306338733168595	0.26258355527013566	0.7206207778204015	-31.972361919675336
3515000	2.625680660120581	2.905769396656338	0.7146039912668416	0.45264222093298884	0.4029379540075606	0.8383359225687792	-43.917671991556325
3520000	3.136889515111436	3.368752562788121	0.8002305249076722	0.34904376922814884	0.32939507183193556	0.7876906856649204	-46.563630764174235
3525000	2.60184043152035	2.7902991376429434	0.7656920854183645	0.6259094138025207	0.40341206263299684	0.816137242655168	-35.88282656321652
3530000	3.405815759421544	3.5859308898218636	0.7667928363091217	0.6160883142581405	0.26840365968067964	0.9743224729373936	-41.98907296094129
3535000	2.9087235598041468	2.9107922072658545	0.8534175681541422	0.3361288096573278	0.5328465504356802	0.9958826548953648	-48.20016163806849
3540000	2.6392141464569234	4.781307631146627	0.84762869129135	0.5803301848772522	0.22459021016980665	0.7257918168636682	-44.6678393379765
3545000	2.60184043152035	2.704026470553738	0.8508398970519612	0.7820572862074973	0.2232624143637641	0.9726507464033154	-28.699651882019854
3550000	2.9318923385990883	4.6234140494997025	0.8470354495585519	0.5810814368123417	0.25700921345673217	0.9120927340351268	-37.48080836648426
3555000	2.7170940018586247	3.3974599572934396	0.8214765824601595	0.5790375321972955	0.3371175975987367	0.8507067205809462	-41.356810724115405
3560000	2.60184043152035	2.7674025567200276	0.8483850110138426	0.7342262926381614	0.20698634522048595	0.9083159393254707	-33.19046930746816
3565000	3.1542693323150877	3.1671096920543116	0.8234366861941907	0.5120995427324765	0.3931507110584407	0.7352209597749088	-38.44807193105202
3570000	2.68828866771878	2.752055216396481	0.8514555027304057	0.6205016403045931	0.2517128477184601	0.8969676236063004	-32.79419044790646
3575000	3.2195443387472564	3.2873981985025753	0.8043602332688411	0.5149502987575891	0.22245737029053694	0.8463562601962568	-43.05512401944343
3580000	2.8860546462643795	3.8894114199242074	0.8978633385046452	0.6074131613326854	0.3098564704485971	0.7398265237864456	-34.31477972528382
3585000	2.923231876417657	3.2175050284230102	0.8266228457749386	0.5577130610634684	0.27306240011874305	0.8772367286727935	-50.04537784555293
3590000	2.700919821158768	3.426528785196614	0.8293623879939575	0.5735604960622994	0.23965900394395756	0.7288275353224025	-40.29930075446179
3595000	2.6333960414421447	2.650226825019485	0.7360292770207512	0.5174173548532965	0.4278846355977832	0.7068784355320594	-51.381676058580254
3600000	3.868147536443636	5.134432083446669	0.7653078725685974	0.38144333681987874	0.41044593336634194	0.8317829009624106	-50.68710864654714
3605000	2.7704923100005656	2.7750415171918643	0.8946951773769762	0.6034217160640695	0.33702412468553183	0.8064501796773602	-31.766225177479562
3610000	2.8215374740510133	3.0122006856664005	0.7687691371144992	0.6394195124430351	0.2566694800156574	0.9123441785288636	-40.05706119766572
3615000	2.942633032982428	3.1998130872113815	0.872336215698209	0.6882286549812591	0.3089475613341841	0.9049959710297616	-35.6393719634108
3620000	2.9388977996852494	3.145936906587718	0.7905117656087127	0.5159059619894082	0.3591390296267066	0.7932213801500931	-40.21731697780576
3625000	2.60184043152035	2.715878707555888	0.860473387059844	0.6683346340101154	0.2324081258519499	0.7626171581513665	-29.093848367179472
3630000	2.6423188875792603	2.73058476791374	0.8404693474239642	0.750880569923523	0.2493853592179967	0.7782005185294072	-25.753301565394146
3635000	2.60184043152035	2.881026599131305	0.7355329374703815	0.6446576879158824	0.2646393595688988	0.7010835439745957	-34.982710728381136
3640000	3.1438924500785936	3.1517323396463643	0.8950276675627815	0.6518081518207327	0.24752661364757209	0.9647101811307778	-34.417722677655384
3645000	2.94845601548115	5.150533843743904	0.7648257016780501	0.5604350273144506	0.22689809549412046	0.7087553162628284	-40.97283660207046
3650000	2.7241319358482845	2.848348714894593	0.879062807838346	0.5854720796221182	0.22545035663358273	0.8422825311670465	-40.40157692018458
3655000	3.9456467674098983	5.486836679619095	0.7816892249125427	0.6628911929970508	0.23202994349978162	0.7041618417206638	-43.30701193038297
3660000	2.7227872089629286	5.3591787777851705	0.7649069319019361	0.5095044312178685	0.3217880687883834	0.7519286300674727	-44.19613673592327
3665000	2.60184043152035	3.8192976605795255	0.7946714723062585	0.5903120162827662	0.25861006283203003	0.7715800468589145	-34.11047800645995
3670000	2.6157465112620035	3.4942751423456935	0.8199267873260411	0.5271118803582002	0.2562066751224107	0.7711025948102982	-38.78040938243016
3675000	4.051412610905244	5.488418153529377	0.7450103174382378	0.5165880027145271	0.2527342449907655	0.7167263310346239	-50.240843611241836
3680000	3.080414039901437	3.491353530590046	0.7280098929807174	0.3407038523657363	0.46631796898707767	0.7061033225412119	-41.43021192013801
3685000	2.805722924894234	3.1067275380368766	0.7451942160382287	0.6646195529529142	0.22229683506863074	0.9136173891160747	-36.29574303863564
3690000	2.7281691778962625	3.074649482530665	0.8126110038117669	0.6806324254219344	0.28757277682364524	0.9905100631414802	-26.109551840700625
3695000	2.60184043152035	2.685763641202298	0.8298497456193308	0.7293830180164709	0.25743171185764	0.9065165230035983	-22.3960361763564
3700000	2.7136354636978512	3.6317408215906033	0.7688572779235403	0.5822410356492944	0.24160402834813413	0.853034068541256	-42.315785109519
3705000	2.686583491584479	5.163974435106499	0.7611519640208886	0.4717917166096448	0.2291302525360666	0.7289160476257021	-48.00330360929522
3710000	2.8509977110939917	3.0737285501479157	0.7999041845492273	0.7044014571658795	0.21118880859919106	0.961810994671864	-34.339372424505015
3715000	2.60184043152035	3.9662539269479837	0.884292697886753	0.669173160175661	0.28482047553254425	0.8614137990350017	-35.66970312119775
3720000	2.60184043152035	3.2555590332273945	0.7494354012405327	0.6085140169090338	0.29700930460782865	0.9192125605927964	-42.46298078716543
3725000	2.7120881688140037	2.775857517980964	0.8276654655522008	0.5815117403781042	0.20010464271640982	0.7792747160559648	-39.615419923418365
3730000	2.6142305719162664	2.7948245642001255	0.8080549771594706	0.7336484940333687	0.2532799828535876	0.7470783528912714	-27.920518734843018
3735000	2.756204384805203	3.3787060315837323	0.8121141199753036	0.5544359831750646	0.3414908316092929	0.7528418991066094	-34.062687639018385
3740000	2.749319364462659	3.580158703138007	0.8058442463392983	0.621529532187554	0.20268540446906977	0.8341019771898035	-32.082389439173355
3745000	3.194367688305105	3.9930516241149343	0.8447169694458699	0.46572466849944644	0.4156856687397877	0.8618675179609595	-47.34904803829996
3750000	4.072310590418707	4.552438136990167	0.7692318952120645	0.6030699004175409	0.22548759736012364	0.8928669883187205	-53.84033006415583
3755000	3.0394596490201597	4.229234756879573	0.8137570631957506	0.5282187449982919	0.25186724147728534	0.9387343264680446	-39.50633466290919
3760000	2.8646757467295942	3.649124992289992	0.7400036864691019	0.7436623078163717	0.24605346178787843	0.8433206083515737	-39.245492219212075
3765000	2.884825418083132	3.1202898077857637	0.8219326237401021	0.5750939178651369	0.28496459823768966	0.8146832438610812	-35.42195642226757
3770000	2.646720035289117	2.731832654202944	0.7428792526041285	0.7342943641515436	0.20720215979336845	0.7607321304054426	-35.59374100612116
3775000	3.440814488351729	3.504946666285349	0.8773413497469886	0.6432814757738801	0.20001870369082245	0.8574404740836742	-35.723828185206365
3780000	2.8231988126389553	2.985377527227045	0.8729641454312721	0.6298312069413979	0.23638615944548913	0.9415529506479312	-36.92662093476656
3785000	3.2127420676730094	3.313756386135505	0.8404022483331478	0.6107513940569411	0.2950273325199203	0.7967315913476899	-35.977364688167114
3790000	2.6327799318586877	2.663241522290742	0.7036448360360116	0.6900028851951349	0.25506391450579974	0.8925021940415613	-37.75808318018093
3795000	2.60184043152035	2.7887314133423207	0.7057351143336489	0.5990086392363811	0.3329419796407396	0.9907423845656882	-36.75835369451006
3800000	2.60184043152035	2.7788355032529717	0.8908466711310201	0.6513141159667095	0.2717663094286215	0.8403533731619631	-31.190849474313858
3805000	3.103861253063958	4.021318531047697	0.789358265512468	0.7116153201763694	0.20033939968270362	0.970869996018596	-36.649154460061126
3810000	2.7064113631454547	2.7820793208365466	0.7701071276860807	0.7775935372398842	0.21666425195361655	0.8174954248835598	-27.100502483947093
3815000	2.930578916362302	3.8718178853314176	0.7697241757175648	0.6274545116435707	0.26485190515386203	0.803809821344126	-42.68535412183701
3820000	2.6392785923241084	2.7244691258636284	0.736584446551024	0.6417963173642702	0.25995522281969635	0.9152214332027125	-39.922991344393694
3825000	2.60184043152035	2.819127968869161	0.7778819725782752	0.7711137315486352	0.20908580341156516	0.9561399505950052	-36.52393802010225
3830000	2.9300887465855823	3.2890082760039077	0.883009932987707	0.6156239173874235	0.2038026189529747	0.7386033388653571	-31.014362221659674
3835000	2.60184043152035	3.5611230373446636	0.7118844876645007	0.7472867165398734	0.22577624066519358	0.8916925333188331	-28.407832672277568
3840000	3.3669563560335494	3.7146358192254243	0.7252986270115027	0.48546507512879183	0.3005008013441754	0.7241231798646667	-48.66606655327752
3845000	2.6622969346262177	2.865364446548303	0.8629991591069499	0.6863085017892335	0.2609885458720449	0.9956029099369085	-34.738366937856405
3850000	2.831635834406885	3.526148256553164	0.8531943167146588	0.6464001779082786	0.2223233348119529	0.9208626514700774	-45.09887812551555
3855000	2.6679368317702	2.7519543076706405	0.7969666084376126	0.7034221136968131	0.21240736046629557	0.8831147320357747	-34.26893241386446
3860000	2.60184043152035	2.9273870160493605	0.8395941184311272	0.4804525312439164	0.2563690839356464	0.7158038318191435	-41.257692945821034
3865000	3.1885987780013605	3.3227602818098565	0.7307745391857833	0.5815269031472136	0.20025102158905234	0.7751129976934636	-43.74334318794343
3870000	2.7129331134095493	2.7948665217774233	0.7100192038515951	0.7098651266412793	0.2937542942841431	0.9118111486655672	-22.564293821332534
3875000	2.612993387757225	2.750341066705726	0.8134308089123848	0.7021683385686476	0.2378636500767968	0.8096923612011496	-28.870926144748363
3880000	2.60184043152035	3.744307535956076	0.7410834896629481	0.6865299524690226	0.2652053619746382	0.7698758478193608	-28.65994602705695
3885000	2.6058111300083917	4.281459831009874	0.804838087012741	0.6434233736817419	0.271197600927715	0.8818761977537141	-33.42677768825953
3890000	2.60184043152035	2.6175728238936964	0.8273534519083491	0.5984621464603962	0.2579772252669082	0.8873537866675851	-35.508704101070975
3895000	2.60184043152035	3.2755867143328823	0.7902302970464952	0.6275717948509127	0.24790931914574532	0.7418695896104773	-31.72488737782895
3900000	2.60184043152035	2.8626184957818426	0.7469576008125516	0.6558794728175105	0.3074004513055394	0.8560275363598361	-27.696257849160858
3905000	2.702292026967957	2.7767447428543015	0.8577668198281231	0.6515105270039686	0.2229424077971717	0.832917258003018	-36.696310175787396
3910000	2.6712428841739455	3.1658616400744166	0.7498942789891895	0.6551028584179655	0.3259005439761154	0.9007107848741954	-28.469915698993685
3915000	2.823821761888786	2.8383913593407395	0.7024396429809707	0.6636214014039997	0.21736633648090592	0.7202453085685745	-31.61514665990628
3920000	2.89752979971767	4.028004836705275	0.7250417937441255	0.677230251506248	0.26724648814310414	0.8970647554608958	-32.63447549184298
3925000	2.60184043152035	2.6213580463386403	0.8698497639220628	0.5164511701797574	0.28915566585148833	0.8606281061542066	-30.94257532763072
3930000	2.732824481510415	3.2725161156173357	0.7813901326719541	0.6883293403969482	0.3221985221589214	0.8696539754442185	-30.945711087158983
3935000	2.60184043152035	2.6484620559494325	0.8934722175278389	0.5707653434641861	0.24316680416789854	0.8296175346768665	-34.304382116663085
3940000	2.786482439101048	2.920442865744385	0.7509168876681721	0.7295131008084909	0.23385168931612918	0.755375653186815	-30.035359050250037
3945000	2.60184043152035	3.1558881387051967	0.7835587517955297	0.7457407840865098	0.2167274978363684	0.8359806225505997	-31.14263098503819
3950000	2.7935143148702535	2.871910757683062	0.8851373872948413	0.44032853976304975	0.4156292895318281	0.8761878124335925	-35.947325110691715
3955000	2.60184043152035	2.871190055482431	0.7080112150006024	0.721888527582986	0.2872260286147686	0.8447428697336778	-32.44797067304019
3960000	2.60184043152035	3.057308191162029	0.8989642102995014	0.571794814618027	0.2015342165257313	0.7884172049597138	-39.43784617512011
3965000	2.60184043152035	3.8299880876237165	0.8364804118493917	0.5671044985126528	0.2643481485410153	0.8570150943681973	-31.054626285891686
3970000	3.0986569206690513	3.266663678338238	0.822504289392419	0.7485395785324805	0.2782652744087747	0.7421321477931961	-27.845391029875934
3975000	3.026076527627204	3.0908824526461918	0.7293106960051411	0.7309119624662456	0.20563130137866903	0.780406285264205	-36.242394068329254
3980000	2.9807591118412633	3.0011527994170386	0.7559085568574323	0.6573485210820011	0.2052265691811814	0.7062816339990153	-30.53094691450539
3985000	2.60184043152035	3.8422378172437237	0.8099181809535722	0.5323616243124487	0.22987841664309674	0.7502717667807642	-43.65375957301581
3990000	2.6599765473598564	2.6914844589178886	0.8026842274124849	0.6035602851741864	0.228519231654604	0.7212329450000817	-40.63449780699112
3995000	3.0163086554166836	4.519850364292605	0.8165830407761562	0.48336434566150444	0.2822131207050427	0.8867577560428209	-38.208231760322384
4000000	2.60184043152035	2.8026067917828503	0.7329215244729561	0.5716091500645462	0.23090227859267726	0.7947376476277558	-44.84960139799055
4005000	3.675266444231693	8.336560656630649	0.8275529698811136	0.4960095663775782	0.22282029852392157	0.8014522034359957	-57.638791740730106
4010000	2.906860674327763	3.645051791522997	0.7699468606865157	0.5823739121782411	0.2708796905415332	0.8251826331831014	-40.04367595395076
4015000	2.703822722347461	3.095460724865662	0.7832136073477294	0.736767482313342	0.3339948829742326	0.9461281006968361	-23.267494598462275
4020000	2.6835178405037694	3.1499919791308297	0.8643516293351906	0.5787515907436707	0.22254774779034528	0.9061531463769356	-42.60099843881728
4025000	2.653287147600155	2.9154902418829787	0.8704643041495012	0.6731313739709281	0.23209977331301132	0.7627640323979095	-29.251199345167795
4030000	3.0001986000569634	3.731976175216028	0.8667880491334752	0.5086148352367721	0.32592768936035355	0.8718626345819753	-41.54330238638636
4035000	2.60184043152035	2.776924477091112	0.7150969022720292	0.7290953473612003	0.20830036140840613	0.9103660416740542	-25.262323613727933
4040000	2.60184043152035	2.6113142420021456	0.7516488768439683	0.6719754198419584	0.2059456424158837	0.7525576946252406	-38.63733999636828
4045000	2.60184043152035	2.612248016431762	0.8134422891987264	0.6340688350291415	0.28766938132481124	0.8432778945966742	-43.365020971139
4050000	2.60184043152035	2.8239083732558172	0.7740826858574374	0.4849800236588143	0.24264046897590527	0.7090254041178405	-39.100882427829234
4055000	2.60184043152035	2.9707073509633806	0.8848182585922834	0.6861453634220444	0.3777679463286718	0.8428597241149296	-31.976248617048306
4060000	3.5417607554653077	4.517987693668633	0.7119446848494986	0.5456937147803742	0.2535164366291216	0.7417154986210162	-47.529987374133434
4065000	2.8711523239928716	3.520256748708047	0.7519070602948253	0.6461263938758981	0.22977751488549397	0.9579853061615118	-35.42330613113107
4070000	2.602801862978142	3.21645351249308	0.8707273202603424	0.4732473053958247	0.4397279463396885	0.824451802465532	-35.8538192415365
4075000	2.9104742795361545	3.2363663991690297	0.8388871299622411	0.6041027059646259	0.26798543991928775	0.9214314495328497	-34.831849969870724
4080000	2.60184043152035	2.6884758433537588	0.8907293194345	0.5555336801307652	0.22615127836815227	0.7943985014115666	-32.37481686041038
4085000	2.964020840902391	3.0368668502650977	0.8882297958195786	0.32166567621335124	0.44017461816537434	0.7034890330947694	-40.89579958494609
4090000	2.7218196554453082	2.7887039962207028	0.807637500882453	0.3742950862031752	0.3942969277182383	0.7007799725021815	-41.03669472030452
4095000	3.2399504205021765	3.3112445242590938	0.7835376712800771	0.6533078711919209	0.3314339120197547	0.9391283414496819	-38.95400108270195
4100000	2.997662919544546	3.9180277684936966	0.8518816064698852	0.5056784770579841	0.24296994414399717	0.7770500393601423	-42.861402606357416
4105000	2.60184043152035	2.9172913099279474	0.7078533373134795	0.6428391084095211	0.20907514411909714	0.9586147673398497	-33.29830746484091
4110000	3.2388049647549	3.4126402783051177	0.7576522207404187	0.6739169267085046	0.2647075609357519	0.7692561780047652	-36.17879915535779
4115000	3.475489889771767	4.004577819987095	0.796996942171195	0.5816759543982695	0.3046598997081054	0.9647619941103881	-43.79694018363275
4120000	3.1611647076425835	4.06576468132377	0.7573315666531844	0.5352761228453079	0.230292754659278	0.7086456005105441	-47.49848964241725
4125000	3.028869252153563	3.196569189030855	0.7290520622601749	0.603065266014634	0.2650262950106832	0.7152709162005054	-49.32580617999324
4130000	2.60184043152035	2.693250362473331	0.7218232651209977	0.7625253623639966	0.24753093522208175	0.8094773044294749	-28.161250329709386
4135000	2.6572665167703335	2.8533233649400316	0.819710880462054	0.6068572018369006	0.43337050173597264	0.9320217899659766	-31.690131801215266
4140000	3.4105212615519522	3.6259147895028527	0.8310511455710944	0.5467495841603183	0.3560434089835059	0.9878636147964401	-44.31631806234658
4145000	2.8399572439702947	2.959899657560549	0.7370240335742725	0.3917151014433453	0.4006363627063603	0.7420965153021032	-44.524169479775814
4150000	3.0723171373213445	3.323638307290206	0.7901239342086216	0.5803584240990515	0.39613035746095027	0.893123618089174	-23.407601508320777
4155000	3.13586628345021	3.450181963382707	0.7239010056345155	0.596871511843477	0.25542323238297465	0.7496970025608085	-37.366800379711655
4160000	2.60184043152035	3.222066555949147	0.8480822080090374	0.5377366882327668	0.3028811411589054	0.9216999490303233	-33.46347365357702
4165000	3.2234901320023677	3.2600859305668894	0.7115747358497941	0.7675942251943874	0.2463056596532296	0.7386319240255184	-38.23352330830023
4170000	2.60184043152035	3.3619711245686488	0.8345405809683953	0.6381166540244988	0.23012887477376306	0.8879558213002522	-31.801699452555482
4175000	2.60184043152035	3.4877769847296176	0.7565530702872847	0.6016511730701866	0.28468910915799434	0.7517799953151911	-42.304549317697116
4180000	2.9125101277900565	3.2027937942739677	0.700490374690662	0.7795670341510038	0.20113881356732394	0.7320317064646753	-28.3217792279796
4185000	2.6328840574792154	3.019259485051758	0.7414735019204534	0.7433376935697881	0.2365577814608416	0.7091319365700375	-25.084356006610676
4190000	2.60184043152035	2.700676328983468	0.8739389614771628	0.5772914593634944	0.2797784482861521	0.8421159159449977	-35.18665257366739
4195000	2.681751184294964	3.883777343181067	0.8804894722912572	0.5354665028120249	0.32948842990965044	0.883188071308219	-29.405681590325248
4200000	2.8892711705314995	3.411203193908206	0.8917789647988033	0.6127194734180561	0.3609919360694538	0.8897771559898758	-29.10842201559232
4205000	2.60184043152035	2.768019781530143	0.7221395058108673	0.7310895317233903	0.22499736019135097	0.7415987902195195	-24.438122278944004
4210000	2.679795730470776	2.718196478823033	0.763810970383921	0.7338526712185933	0.22464174895797231	0.8716222839794846	-24.73649427551389
4215000	3.1184658582983062	3.2552369339672924	0.8888727460874621	0.5136041084740967	0.2577858007872559	0.8456798247413264	-46.34903064286705
4220000	3.149635163331606	3.4898234622104645	0.7861940220009578	0.5255449113539733	0.3021392166338654	0.8218640847126127	-40.973299371267366
4225000	2.60184043152035	3.261441417741931	0.8217892335128446	0.6106377821667504	0.20782475338881215	0.7700472778683245	-32.12896056213237
4230000	2.60184043152035	2.772706390548665	0.7903383926399212	0.6169332550852417	0.2949622174709451	0.8915965515317573	-26.77869320987659
4235000	3.3604391200562342	3.6039428665849527	0.7586480447811493	0.6037993744461442	0.27755258828191365	0.8401299831446893	-40.38370781668191
4240000	3.099663717232601	3.255974743358896	0.7104768343383189	0.6701339579045228	0.3817224729606495	0.7314369971306907	-33.60787800275496
4245000	2.6274430150392982	2.9135941140623456	0.8068455940883853	0.41471037989993215	0.2792432407462835	0.7702086901736263	-43.40542439050047
4250000	2.60184043152035	2.619701473559806	0.8840983283496959	0.49646551405462636	0.46347142566157945	0.7071187466329326	-34.92562739511506
4255000	2.60184043152035	3.2216244600502124	0.7745479785355895	0.4867072560788267	0.30474865437013066	0.7268518202668905	-41.932837377984015
4260000	2.60184043152035	2.8314692132749046	0.8299953132032821	0.5490153315342237	0.32310189388713895	0.9149758965967285	-38.7575544284345
4265000	2.60184043152035	3.6659051188145857	0.8894818303809001	0.532462075206183	0.28998242553317244	0.7535795934604694	-43.41505949321347
4270000	2.798155847146202	3.1029601930660857	0.8184052385472006	0.5836578145850305	0.26554919292245055	0.9474663405784997	-29.929676384267495
4275000	2.60184043152035	2.8452848834310305	0.8489580503809271	0.5716584329502207	0.2674552474861297	0.9618138416516734	-33.73546330775862
4280000	2.905098992976539	3.3317121704287	0.8033718509217709	0.6921940188493069	0.20262713695713877	0.7458673145537806	-44.851277137940365
4285000	2.639512035059879	2.928709617084403	0.8109453851833751	0.6407390312070005	0.22810636363606862	0.7026186596908545	-30.354058584551385
4290000	3.018311662602567	3.3185805273663505	0.7795160151501962	0.7042244756280267	0.2587707480539939	0.7282285719757979	-36.82091624989631
4295000	3.1085565108391875	6.461612417221949	0.7343308330509964	0.5001716584765011	0.2137626872392033	0.7485912591267513	-46.015380524613164
4300000	2.60184043152035	2.7123519728487753	0.8872579614531017	0.7128836850484769	0.2278680620736438	0.828230651752143	-23.9763119925209
4305000	2.60184043152035	3.1119928758546234	0.7698936337819283	0.7615225096279771	0.2042449803281167	0.8282161128187339	-24.322643771280237
4310000	2.60184043152035	3.1917241112307075	0.7478796381022605	0.5976723473173213	0.30634888783847253	0.7018519782461671	-33.62237478254239
4315000	3.4926028219868055	4.7674844785369075	0.7322069601344908	0.505572886602485	0.2384692456379	0.7117067095990913	-56.115197901456256
4320000	2.60184043152035	3.4813120858355227	0.7680056209401538	0.4705611921040885	0.28167880141458174	0.8040826139828782	-40.99304378822657
4325000	2.6954835643257447	2.9233111491273567	0.7209359738594159	0.7262445205534193	0.26020285650326136	0.7233589357562192	-27.830592643900808
4330000	2.60184043152035	2.88596844874955	0.7837989605694848	0.7304059960599051	0.2765431921583382	0.743435454977729	-19.368454905471175
4335000	3.0698146139254203	3.207798735370355	0.8235887301615694	0.5508500668689461	0.23000475064580092	0.8380877252310642	-40.90202912302799
4340000	2.60184043152035	2.7380950083406437	0.7474679830821782	0.7249455304232046	0.2454785273985238	0.7081097922138149	-28.66077589422755
4345000	2.60184043152035	2.743023959518537	0.8003884181960824	0.650406826567702	0.24948133546748008	0.9344308934914117	-26.287171214481557
4350000	2.60184043152035	3.8373373916261984	0.8491283931430201	0.6472214124083953	0.27414911845292766	0.8846479210311046	-33.80251021403303
4355000	3.5950138555160236	3.5970133334614762	0.8174230029101546	0.3866998398465432	0.2206592284664482	0.7080581636759288	-52.923390535666
4360000	2.6221713043870736	3.2570568055097353	0.8257993724690018	0.6654359476601156	0.21233506683174366	0.765640486736595	-28.87399202038785
4365000	2.922415788155266	3.704046667899484	0.8420092378934362	0.6934166447137206	0.2184860738533219	0.9184652503775089	-25.394511821078797
4370000	2.6329257395922516	3.0320466130958015	0.7845026169529042	0.48103483665311086	0.2580130058510238	0.9001147570863429	-41.46132723047837
4375000	2.8092836780198343	3.204119468252941	0.8501773228906184	0.6269779507363294	0.3431608598388468	0.8526380338450176	-45.110617435569885
4380000	3.8537376259672276	4.541874371991513	0.7440973882484374	0.5245066787717192	0.26561326897475773	0.7046016785658865	-38.118678018578464
4385000	3.838059687567953	3.9817016517512456	0.7650007123141126	0.70839858754151	0.20601269356072466	0.7562978748127003	-35.81942610863748
4390000	2.807302069762116	4.01851226756313	0.7499310394930767	0.6322617212714647	0.26563238379916837	0.8961118135003296	-28.333554603984926
4395000	2.858376912746559	3.0134609600969657	0.8371261114684855	0.5140987433431209	0.32975346873498607	0.77128148897091	-42.07403066942735
4400000	2.841050810342181	3.6731611361777374	0.8023335236044453	0.4550295817201431	0.3895073608525648	0.8093809993619296	-50.37010059337333
4405000	2.60184043152035	3.7777554265825306	0.8478231549009018	0.6158239584596515	0.29448755563481793	0.8380139376300018	-28.785255222755996
4410000	2.623872803518438	3.599255723277864	0.8105171815618675	0.7258398175154979	0.24200309783739052	0.7132240030507627	-28.649003496638958
4415000	2.60184043152035	2.6478887208509008	0.7886884017720757	0.46571457018814455	0.4317207459388524	0.7373416536357206	-40.04723076734853
4420000	2.6361735851154813	3.6152430026268076	0.8194941468615194	0.6117327907942887	0.2138438804428443	0.8573943643409137	-40.95061009172813
4425000	2.7440051445815494	3.0000718546352205	0.8330102358102981	0.7027141979148144	0.21149334245947332	0.7442764562957523	-36.6016093322865
4430000	2.6946011798649643	3.0781501844965433	0.710180908268457	0.6406030517803846	0.36667732900993855	0.8189111867794338	-33.78968379970837
4435000	2.60184043152035	2.791944138660891	0.7370433419532089	0.7432226195959483	0.21872437968011385	0.9200178759414516	-32.43149845324215
4440000	2.9974830388856475	3.2377522773627487	0.7433493123518571	0.5966860115446858	0.26280563114855354	0.8452878538559281	-41.36758333751001
4445000	3.209537675798252	3.2742668158821235	0.8850563078480371	0.6075338771023949	0.21900271452513398	0.765478941118759	-41.37657644873803
4450000	3.7365809989409735	5.309128150129743	0.860504678698496	0.4152288690430583	0.2328616801934939	0.738238190819159	-50.549232830381534
4455000	3.425248935120563	4.138549526951234	0.7397483929380317	0.3697836298950638	0.42680887994491323	0.865692684224996	-47.43022677889055
4460000	2.7542689116088184	4.5016326963193585	0.8262435000197319	0.5782693887724384	0.2216214677059345	0.8867339778345148	-51.175378613908045
4465000	2.6552417141227473	2.8885657932119977	0.8334450682448813	0.5606706552006339	0.24147088994050284	0.7585785464486383	-32.94358508903095
4470000	2.6566501051591835	3.9547932903746905	0.7546066501465822	0.5484297868693925	0.20585193333588025	0.7205296147652848	-41.91359713712593
4475000	2.7554837572238804	3.053368305809397	0.8998686515717609	0.6587258573032623	0.25572892666072655	0.9428412498776854	-23.63928405195109
4480000	2.6945001194527687	2.7556737851943987	0.8284302227795987	0.739131732804602	0.20000550899274488	0.7414218513208697	-20.333632803742322
4485000	2.643657250800517	2.882190687040331	0.7472533260176415	0.740936418376914	0.21499117945281548	0.9066833020670833	-20.538559933761597
4490000	2.60184043152035	3.1567483357185777	0.7387006705653161	0.6247359957703195	0.28052047299566596	0.928013393448668	-40.34175068576419
4495000	2.709891990404967	2.769838505837459	0.8683572035432461	0.6314538381445343	0.254653247182472	0.9949055425543305	-25.096961691900386
4500000	2.6433672701829227	2.9303707824122434	0.8228045187366209	0.642557668293048	0.23102004790976677	0.7436748829867524	-34.64239522484617
4505000	2.797919388778976	3.0084813678181317	0.869548376880762	0.7921502189615195	0.2098371331177091	0.8611882698583979	-22.085263993383176
4510000	2.980644803318036	3.0806273504108095	0.7925539840176894	0.6857168370061835	0.2178829262165867	0.9321440771038092	-35.035745571254914
4515000	2.60184043152035	2.963899722156265	0.8734362605831154	0.5764002756271689	0.20999617733793874	0.7038579833035803	-35.67815931971769
4520000	3.3806928764928514	3.5463052360453804	0.7770082980775281	0.3452005639251386	0.34443353621455225	0.7599059268593716	-53.4295459011279
4525000	2.60184043152035	2.8305884371032204	0.7311642335056837	0.5095104035927245	0.2352660300232625	0.7274046520944505	-40.11766177975471
4530000	2.951014797452934	3.2137358993090195	0.855871574985262	0.7417931213053935	0.27786021218206647	0.8645375217137113	-27.678074020041517
4535000	2.60184043152035	2.6762694905037887	0.7256739504310348	0.711426419913564	0.20929253612155096	0.9085027675284214	-34.117957015763686
4540000	2.604784211912177	3.2842714495339274	0.7008416934088061	0.7921633101554	0.22008440981411762	0.710532654372629	-30.173125233124352
4545000	2.60184043152035	3.2074767765594	0.7839619757108366	0.5451000031928123	0.540576038463399	0.8847043380717037	-34.235484649914476
4550000	2.761722930590803	3.3857045588025905	0.7815481789559319	0.5622128720253247	0.22010558689650975	0.7149987103710271	-44.18930837894269
4555000	2.9477353834654756	3.850552413396935	0.7179076051771377	0.4842018882036893	0.2331452198412398	0.7206999387732381	-45.28176736062921
4560000	3.104230769534535	6.001528799957465	0.8044425319892157	0.6356025749083927	0.2286612788372827	0.9575172594512067	-38.55942233457369
4565000	4.0255839464762655	4.284390496868292	0.8332651438047564	0.4257913287668062	0.2418672163977478	0.8093026162850778	-45.05562856792354
4570000	2.60184043152035	3.421543076340462	0.8060888823194073	0.5785204052474902	0.31586308724609535	0.9594853350110939	-41.04152794821659
4575000	2.748265673930218	3.1508685045085723	0.8007400130018053	0.6519876085121283	0.2146284015690703	0.7038189437574689	-42.21054283218892
4580000	2.60184043152035	2.6543141498775773	0.7603608582989366	0.6699953528582296	0.22732217141565625	0.7291594988818914	-28.21839986101148
4585000	2.9023795118599978	3.1273388632479207	0.8169478234226569	0.7197851385192943	0.2263817254227948	0.7105569088334465	-27.687028618245197
4590000	2.650075993017916	2.7456830359603726	0.7568034750765407	0.664692785454548	0.3233402544372808	0.956336389369395	-30.02485136279563
4595000	3.766606981754237	5.08808034587642	0.852810473439412	0.6675675640048213	0.22097114576517982	0.9700357178975246	-38.94778428334887
4600000	2.60184043152035	2.673862337458921	0.7844317439092152	0.5812650954487407	0.3218107651815879	0.7413446024372251	-42.50867130005057
4605000	2.9236071334425744	3.093744485364769	0.812296860344376	0.5473745391749414	0.22684803474051135	0.7535180776648551	-33.6611461993833
4610000	2.60184043152035	2.695747615948544	0.7117213803659027	0.7990639835955174	0.2331343856903028	0.954203442488949	-23.32669356259808
4615000	2.60184043152035	2.608290143226989	0.8824914921704677	0.7689041847666603	0.22290310122371831	0.8844294880874889	-30.420483145027585
4620000	2.7544395363183094	3.0677521524377984	0.8054973609891241	0.533593269738534	0.3400019480476881	0.7520556169179385	-40.512245724507224
4625000	3.4308261006333503	4.908924876567446	0.790590010560425	0.5821874543502444	0.25167978196276175	0.7376538418698766	-42.49128066008612
4630000	2.60184043152035	3.04576495959074	0.8109258644634387	0.6574427463321427	0.22451920631273248	0.7828242465074907	-26.005843309835843
4635000	3.240327238027624	3.3814672388874283	0.8256815818298047	0.6324306090397893	0.2644482305411535	0.7683937240061878	-42.90398401481872
4640000	3.23619953935661	4.1513089879756055	0.7400379690999915	0.5185938475309476	0.3684038961702531	0.7513727180259681	-42.22773725888562
4645000	2.60184043152035	2.7693537864833884	0.8248800770644713	0.5427600299391553	0.3550462852627874	0.9053450037467432	-42.264659645450806
4650000	2.6515860288984814	2.660996006785589	0.7596257701929947	0.7429710985665755	0.266058155730971	0.9297348460433965	-25.063596167959552
4655000	2.60184043152035	5.4952333093976495	0.7033025633291676	0.6678877767593483	0.2814101266253459	0.7476643546292031	-39.467587624846416
4660000	2.823814067833226	3.0087766802615477	0.8841535293142205	0.6476654216902709	0.22875783785612377	0.7987452033273075	-31.694265072715467
4665000	3.0351900021878184	3.3232540616372073	0.7198539580787462	0.7236768227586778	0.2785175286761613	0.802745287694572	-45.283098539114334
4670000	3.406065877866578	4.526640225819968	0.8737752220018515	0.4555022330463636	0.32355392210924866	0.7563725069651077	-50.68991099250873
4675000	2.60184043152035	2.9425454815635828	0.7576610398891507	0.708817233018365	0.30566952394948604	0.8103166805489415	-27.506291409124508
4680000	3.069059175540374	3.6301254743594	0.7541006001485018	0.5622277182318124	0.35355657357522957	0.8047463065695775	-41.21647158805445
4685000	2.8776594637352564	3.320183099167515	0.7805994758530788	0.7330670999937826	0.20533944511360472	0.866707149293338	-22.744835593043053
4690000	2.6676583400977654	2.932386108681857	0.8736143665003081	0.5226685728694567	0.3442366759375711	0.8000794274855454	-38.972820578492055
4695000	3.0344019688510073	3.2228749518208795	0.7777763056679928	0.6100739911472766	0.21624979090567337	0.7817519934321387	-44.04720650724079
4700000	2.60184043152035	4.418643695178953	0.8334722120900045	0.6313777240293094	0.26050511491180567	0.7257466925060444	-49.32072161186486
4705000	3.284033999835349	4.841446982406752	0.7276730893637141	0.5647558931801934	0.28909054477033175	0.7239462199243256	-46.66004196564109
4710000	2.7192552606197165	2.8910339945060906	0.8689600768460357	0.5689898360488358	0.4307111868866757	0.7983240847262002	-37.46912034979382
4715000	2.6847349692647517	3.1228086453704855	0.8806243351997267	0.7749053262564063	0.23994271954976845	0.7869679212973911	-29.48445207134427
4720000	2.60184043152035	2.7798116391462013	0.7689520186429001	0.6580708513929775	0.33290451136918514	0.8811026043287555	-31.099535853956702
4725000	2.8273774956414686	2.9008719400522223	0.7406762825615965	0.5840302929194052	0.2604628999254666	0.7298248474437004	-34.64160116559424
4730000	2.60184043152035	2.781459022808439	0.8212971417474887	0.6476244483630471	0.3518158801531782	0.7187931563584407	-29.797261644228406
4735000	2.60184043152035	2.769877671976607	0.8581717817704327	0.6880279291285228	0.21407972261304484	0.7249798816341807	-34.62072356472245
4740000	2.6726605385511863	2.791983486974352	0.7364964566044211	0.6611649199090547	0.2855214769286823	0.7802825885922975	-33.02230213600561
4745000	2.7390599123179102	3.6874820155846204	0.8847707643815181	0.5359800762045491	0.24381396667340308	0.8323941355099931	-30.69900426167806
4750000	2.60184043152035	3.0391295724486618	0.8714165261396614	0.6135206159741048	0.2095082896980558	0.878296108526725	-32.91430295655684
4755000	2.60184043152035	3.2263444967251353	0.7992982064447068	0.7066336221117397	0.22515443193895698	0.8915730248344061	-32.07292237653512
4760000	3.4470374828312744	3.594056351814131	0.7358862590180176	0.6236607189529773	0.22640985473582195	0.7511336269672166	-35.09784653199697
4765000	2.60184043152035	3.5909298410831054	0.8020469460188471	0.6273633111606314	0.2131834428663658	0.8671212399609445	-38.74999507121515
4770000	2.7793176524560144	2.838814551383505	0.7948534532440424	0.6830221691534745	0.2505777546932558	0.706901756385521	-35.76911264969532
4775000	2.60184043152035	3.2061751092147337	0.8711667523483574	0.5497614771545669	0.2098586436070469	0.7401503128509626	-37.54932976340881
4780000	2.60184043152035	2.76071990699701	0.8436097818548041	0.6414477349142612	0.25386890815853197	0.8160731838159662	-30.17911116727926
4785000	2.6653125495573398	3.4248467723133924	0.7772585595739941	0.7377968363635752	0.23488748243301585	0.7292857087464318	-23.229590955367474
4790000	2.60184043152035	2.607359805888959	0.7139553054636455	0.7482268414844594	0.25108529391089557	0.7622591946767479	-29.880906317188654
4795000	2.60184043152035	3.391372623890533	0.8934109817231501	0.6001810876061283	0.2581002862611201	0.765068726776194	-35.801769676331986
4800000	2.60184043152035	2.635490850455856	0.7611933746924523	0.6977648712485081	0.2407142073297666	0.8224441454660264	-29.850993242202655
4805000	2.7132625801708836	3.093508390195951	0.7377400432407387	0.5675797466120186	0.3069174748494985	0.7282083880237661	-39.97456282958143
4810000	2.785498487122659	3.1573287585523575	0.801176103899761	0.6317934332418302	0.40274902788337236	0.9287065838706241	-42.292587927843584
4815000	2.60184043152035	3.645219935152092	0.7094098528850376	0.5612742306580951	0.22826075493347162	0.7225067504534469	-41.12715428972351
4820000	2.6508299909534467	3.477613155976232	0.7172705441278615	0.5147766562019594	0.23096714634862808	0.7244018383088255	-40.840966296565156
4825000	2.8143395740936126	3.0745750220539096	0.8625183649092113	0.5747399647062739	0.2854607346664613	0.8728871016762458	-38.90740201843576
4830000	3.101876519461319	3.353007288143962	0.7720123370908888	0.686070750669217	0.2983814171690487	0.740638738728866	-29.67672122733612
4835000	3.133739698853622	3.6815044064588154	0.7461408851410009	0.5680647844126743	0.23300345141275244	0.7869475249911253	-37.27692964982643
4840000	2.630423331285793	3.21181636213703	0.8926025292828687	0.6722607092338627	0.20327163782042773	0.7622014944949662	-37.932521103075885
4845000	2.60184043152035	3.0917591323861595	0.8821450821068516	0.5617151903778806	0.20191223403783282	0.7514639258278754	-31.470216688562132
4850000	2.60184043152035	3.991121723225421	0.7005960552566194	0.6615585307848867	0.20994071256248029	0.7188660210785112	-32.24148757867476
4855000	2.60184043152035	3.4587538422877673	0.7573414268240293	0.6521776743015342	0.22320975368842905	0.758802109934278	-36.38879226673143
4860000	3.1290700567568486	4.462190290829951	0.739114490516893	0.47502662837278337	0.36992090601229133	0.7305152969694123	-49.50186408528966
4865000	2.7014536706557593	3.2274387565100113	0.873647431154658	0.6120241765936737	0.28414362073367416	0.7077869001266945	-34.929883831942085
4870000	2.7494785829360286	3.139775206483099	0.872766700447436	0.5590973751087918	0.3597064787973423	0.8478119523565739	-39.65855412618238
4875000	2.6067079050268664	2.7273452398145217	0.7728859333752286	0.5812493111759591	0.21963235286951036	0.8061457756051572	-37.86290506324188
4880000	2.8917886988736816	3.023377016367381	0.7249856477935032	0.5890562551489147	0.3841775431422019	0.8623019881677231	-42.6081548292111
4885000	2.60184043152035	2.9039690380992753	0.8072316682602324	0.6767304259546776	0.37409066380927986	0.8021993690248436	-27.014064951405484
4890000	2.60184043152035	3.518476878533615	0.8004628467783069	0.32860324428363946	0.5043913392565521	0.7175357821549211	-47.64869782041613
4895000	2.7035688249891194	2.8858568515328953	0.7945489904031561	0.5852618504681042	0.20771779052865197	0.7328235424162184	-39.4920543424979
4900000	2.690028264611068	2.850008776966156	0.766684709848209	0.4516457296855453	0.4962984130119695	0.9463694248832896	-37.880492969188644
4905000	2.6280676393318223	3.986801552042734	0.8430357710503381	0.5325069108969713	0.21214454705906438	0.7747707160493632	-46.27572460313765
4910000	2.60184043152035	2.9474209812094214	0.8046404256842588	0.47996810153076197	0.22713238042721468	0.9537474096353921	-43.92738173788558
4915000	2.9244274214318464	3.044911866844865	0.7401698723494117	0.561754629548087	0.27122752535811645	0.7968332961962092	-49.48768363460348
4920000	4.0407891698860565	4.142090777036334	0.8276800525770774	0.4438765745765684	0.27106052258410174	0.7377819604918189	-50.88888886644041
4925000	2.6616920100433004	4.19937307515219	0.7803774983581037	0.4821347183027579	0.3178600904024343	0.7065817436979885	-42.528716780340034
4930000	2.698451356822241	2.792520854006668	0.7089967108338194	0.4849070091975986	0.409145139317275	0.8049689976773189	-36.530547761913944
4935000	3.1616594687367554	4.328220419922573	0.7050455619024797	0.45913766700721487	0.27257405569272847	0.7856071881566307	-46.8119123156834
4940000	3.744124679241947	4.092988277383666	0.769734078724125	0.5368821731797343	0.21131359932009755	0.9151246237564407	-44.24376348235633
4945000	2.6114945490303576	5.145544426699186	0.8417784878619198	0.4705031309991249	0.26799634343452977	0.7598481764185601	-48.23585206886037
4950000	2.7654096439624705	3.31450859144571	0.7217500747956234	0.6434636675530411	0.23956264283490294	0.897647683877165	-37.177579239767105
4955000	2.676194026243081	3.888829556953066	0.7522355501367721	0.5258713184581899	0.34702231761585417	0.7810380177978095	-41.69357370739972
4960000	2.60184043152035	3.2239790420325027	0.7313874621888894	0.6030270383619496	0.3067876958729699	0.9905263451745755	-36.5190871783278
4965000	2.663175392383318	2.9553845230590046	0.7202716713452878	0.7152993844635143	0.23369913128671183	0.7299527667148994	-32.91110060773849
4970000	2.838177428820547	3.2133825826988436	0.8280380887726126	0.6567916446359063	0.2314018173089225	0.7637092834743225	-25.407033268970785
4975000	2.9270921212213863	4.267947300517098	0.891076515872294	0.6962014276522783	0.21545219674958171	0.8875054321015554	-37.2256579160151
4980000	2.60184043152035	2.722262766654162	0.8275082876028573	0.7371600513281981	0.24634204803296517	0.8710443360832072	-19.421006426338483
4985000	2.60184043152035	3.3640839451859024	0.8667912888811811	0.6650208537899831	0.3010554492558437	0.9220035579812942	-28.44625682755461
4990000	2.6673640898883684	3.3773920014199126	0.7884143101988262	0.712813703396411	0.30014340439400466	0.7510453538028699	-28.18101642149622
4995000	2.8661068730576584	3.8961855834496193	0.7582976641366508	0.6301909710237423	0.22766995623972028	0.7835511168413124	-47.704331218904805
5000000	2.9465971311676853	3.194083976536845	0.8393383250808476	0.5011446429245137	0.2237430515351161	0.8868686977512488	-47.315022850088056
5005000	2.60184043152035	2.6931877600020644	0.7521599576623488	0.5840422259164078	0.25113686215333264	0.7041889830312564	-30.64912241923736
5010000	2.60184043152035	2.673466329113404	0.8267748547754248	0.6304823499216872	0.27724374809791547	0.8330177694803639	-33.78878887051932
5015000	2.9062710026905183	3.254926916811723	0.7425534848702818	0.574171331333712	0.31079902393807735	0.9964939087614314	-43.163098426154306
5020000	2.60184043152035	2.8345028488916038	0.835278108249262	0.5583538806917089	0.331267907925818	0.753327525471659	-35.413095064385885
5025000	3.0342337455622337	3.566862184318474	0.7470477404275614	0.6273890328459487	0.22053005979700585	0.7971307844099648	-37.615429373959216
5030000	2.60184043152035	2.6564673279766158	0.7148733859724237	0.5697161575318571	0.25809859647483985	0.7638420329412329	-34.3192446950273
5035000	2.60184043152035	3.3133950207915492	0.7624776119737261	0.7075450804051712	0.2813093076778958	0.7950299021509182	-27.828555538925063
5040000	3.7753291835061438	3.8215900434777046	0.7974738662131017	0.6816298244140179	0.2259642462225417	0.9616029035837741	-39.44767728119733
5045000	3.0652486106496424	3.0950288051058874	0.8663166755123114	0.6033360142928927	0.25028298661103376	0.7963733720756024	-39.54264141354968
5050000	2.60184043152035	3.3575138961243076	0.8609459606386608	0.44166897787424025	0.4076188317078904	0.7341302944536148	-41.38093750595709
5055000	2.60184043152035	2.7966196399568157	0.7186622298227232	0.5334252053031259	0.35697845340083084	0.8876873449336037	-36.91344073519068
5060000	2.60184043152035	3.9365631812101647	0.8625196441386396	0.7368913040909971	0.20560674074925567	0.8902729460222978	-26.14646717204096
5065000	2.6969361188664522	2.7005950313040583	0.8200328086786887	0.6137633752734958	0.21759965441370385	0.7984406516459828	-40.39362648350035
5070000	3.1749371005681866	7.753987702441962	0.7146909952904765	0.38960527686726715	0.22848413691349587	0.8331469444106548	-51.38474231505653
5075000	2.683159613777382	3.5194310327488574	0.854445408717197	0.5486611197936392	0.2613496999829321	0.9430450236005915	-37.10922983235552
5080000	4.79850982418969	5.0120679667414345	0.7605242160778809	0.5467364315544221	0.23347727508526617	0.740462883043135	-44.51903452241414
5085000	2.7517257132250323	3.4814439030639437	0.8904033308455819	0.6354749581839816	0.2089982253890908	0.7163855304681526	-35.021207244359005
5090000	2.7190527792784933	3.6044526901486376	0.7549066020470302	0.7326211195745737	0.3144329730182317	0.9042172280267148	-23.837282694369172
5095000	2.7459883358590025	2.9812976105245506	0.7791561819403604	0.6584051346938128	0.31057739325404177	0.7261177139945231	-33.87790833977075
5100000	2.60184043152035	3.4734532719670685	0.708926842312522	0.6022211989845239	0.38773217316652137	0.7905685222713877	-30.54367631255256
5105000	2.825804369230793	2.8564959751775025	0.7457421864480945	0.5273529350819504	0.24148376950501088	0.7212759129949912	-43.035523515589894
5110000	3.707328145422964	4.100912630758615	0.761368199754391	0.46109053591748544	0.297024087252626	0.7159473192672043	-49.499605510717544
5115000	2.60184043152035	2.676072107260684	0.8285432385189295	0.6588075396607963	0.20347771008733284	0.7513113254864926	-33.747223429434676
5120000	2.809373279317616	2.994694989281098	0.8779260511749416	0.5147482446710815	0.2638220222610272	0.7951572947787259	-40.46640731004332
5125000	2.858763147066388	3.2877842139544144	0.8496968513220317	0.4843973523824974	0.3310747193811738	0.8317690492918441	-48.799357958891065
5130000	2.60184043152035	2.625514999652988	0.7841432147149157	0.6982072477782422	0.2412029350821563	0.7582655932238002	-22.438689899926146
5135000	2.6183348281928516	2.933521569895921	0.7783104865981607	0.7384893904448058	0.20169770871126705	0.9559266723164035	-37.90189109842877
5140000	2.7202389104681366	4.063576871466004	0.8840458868856655	0.5974941722255716	0.23982926459375783	0.8312431152083994	-34.40391629192057
5145000	3.1452164817270565	3.869937304703343	0.7590053700496271	0.5850079010767755	0.2525553654053028	0.7191861684170218	-44.93728983460713
5150000	2.60184043152035	3.06517704384902	0.7154946006988858	0.7206452384448998	0.22614548557770126	0.7371664624040556	-27.75510910678719
5155000	2.60184043152035	2.7273059319668373	0.7133223606413274	0.7247427499022067	0.22149106158655368	0.7961285294012049	-32.04918411864428
5160000	2.60184043152035	2.682367339012527	0.7049824683375862	0.6828586111667283	0.21194251480986098	0.7970975093562425	-27.333688170272534
5165000	3.32481296578898	3.63431815877919	0.880150413650106	0.6294434113490526	0.22222760357546673	0.8489349269811819	-37.556719466805994
5170000	3.13168196596993	3.276119455625653	0.7782433190664867	0.6436456725732073	0.23086045717159664	0.8314287558600597	-34.739036507454784
5175000	2.60184043152035	3.450285275475617	0.8663013796711334	0.4480730764774508	0.5017767311920146	0.9294542511560671	-34.31782726625586
5180000	2.60184043152035	2.7582425464590923	0.8048516780576861	0.6762983126032613	0.2049826814142965	0.7406628321356861	-25.034568403693847
5185000	2.91948073778495	4.11164734834629	0.7778116150984815	0.5560045729379496	0.22306324259503496	0.7090387099360864	-38.552303779884625
5190000	2.60184043152035	2.6756324234556446	0.7551742010567619	0.6021037912445991	0.26904412243291004	0.8948924891347066	-30.513515157941736
5195000	2.60184043152035	2.7773965815513413	0.8482581164253198	0.5325934270144757	0.36561962102070994	0.7356900310198918	-29.283779418663027
5200000	2.60184043152035	2.8211391461541	0.7591333975272235	0.5836603787804813	0.24303513105696853	0.8213820155809131	-37.691993333541284
5205000	3.1158616577175877	3.892132778179231	0.8934754334762031	0.410738523617875	0.24880774139508338	0.7094352339648062	-40.113323596440765
5210000	3.085541421234711	4.136805467360908	0.8522833912368536	0.7270450714771483	0.2024620388886444	0.9363161963474412	-38.32114301549866
5215000	2.816033063369108	2.8348985463910243	0.8772586431942048	0.6264040564536116	0.2719981019017147	0.7832717898315584	-31.41315723877544
5220000	2.9207512198680736	3.430465429313963	0.7008078395734003	0.7037395767641818	0.23565713459466678	0.8486687967508894	-35.370463938133305
5225000	2.60184043152035	2.8114927507771976	0.7688519044733585	0.7726008866048892	0.20973766370537802	0.8547704776359235	-26.110611120140344
5230000	3.0806359596740482	3.338993173468698	0.7451986121432691	0.5666566417329114	0.23774373760083378	0.8891864269886811	-34.54299978364695
5235000	2.66494736993573	3.0077192577416136	0.8348979830019699	0.7369398343204728	0.23077442087870007	0.8484252671369581	-25.19901742682727
5240000	2.858984979869553	3.586621208146342	0.7819355612856888	0.5802688713751469	0.23512929490366394	0.995278467746145	-43.25654205822373
5245000	2.60184043152035	3.2905736635655396	0.83662206359979	0.5520681946335868	0.24256164520043935	0.7094171533392826	-33.49155888167121
5250000	2.760588299813123	2.785984098795719	0.826946933470471	0.5798131907368644	0.333255420362265	0.8944083398937586	-33.261147534609364
5255000	2.6412912991618436	2.839576625235837	0.8804183249525924	0.6721296641040752	0.2017089569594206	0.9847583371550505	-28.831577845936327
5260000	2.60184043152035	2.8829049464011725	0.8723878757406299	0.6420757177449103	0.20835023509404557	0.9363415789651869	-30.227960670033276
5265000	2.60184043152035	4.3775615244774375	0.7615145555325162	0.47786841082271686	0.26218640017575584	0.9153552928838754	-37.53793538689016
5270000	2.60184043152035	2.767099616923332	0.8910345834202432	0.6351715461616462	0.2691629470976655	0.755736508971567	-26.503751289169188
5275000	2.60184043152035	3.10073653317895	0.8690052263799796	0.6511213068468737	0.2778592434628335	0.8066228745953908	-21.82158258512786
5280000	2.718562983217907	2.8044121474966666	0.8215944926394376	0.7299953091529386	0.2653481288577239	0.822524289822019	-31.848370857529538
5285000	2.6560757396609596	2.6773211795833265	0.71983403455335	0.728278493924048	0.2478210531746842	0.8037696207078292	-35.85968339966356
5290000	3.3019876492916236	3.3574581399574135	0.8547296101279703	0.5148234692943615	0.37920388392101007	0.8158756494765794	-38.87642417832531
5295000	2.60184043152035	2.8321656999882467	0.7136195672580794	0.7721553971246099	0.25388859976550915	0.7449867002925985	-18.929301213472506
5300000	2.60184043152035	3.486026508873086	0.8126381772931486	0.5941309892166458	0.23305258388400954	0.9982260551535208	-31.690726606098174
5305000	2.6166754173677673	2.7623177226609408	0.739470317425225	0.4995513886802144	0.5192697391597823	0.8364354568869846	-36.66004154989594
5310000	2.7824459243510757	2.7900286053899683	0.7200024846959265	0.7589780666752134	0.22191612787488754	0.7176231637728555	-27.136710537701397
5315000	2.60184043152035	2.6863297699524242	0.7549716477960092	0.6071069391543567	0.22330389803783884	0.9524704908745336	-33.71143859129939
5320000	2.8227323856361757	3.2318729543681353	0.7639130052223979	0.5803248261386497	0.2255100717911931	0.7978552261936201	-46.14703346695106
5325000	2.715066243384573	2.9661536509584385	0.7007492211536749	0.6519784455217603	0.25553642383851166	0.9238945279914756	-35.86965202174813
5330000	2.60184043152035	2.786664055638866	0.794374215098285	0.46470701506918466	0.2757330673694779	0.8443182156981698	-43.45741595087052
5335000	3.18650199462588	3.399447116141493	0.8604608540465415	0.49291855465578105	0.2658150540464217	0.7856576148989529	-52.67435884790424
5340000	3.003212584208663	3.5848608218661706	0.7142045661193313	0.575588598385045	0.32779018698941215	0.8236055602703511	-39.894649707616125
5345000	2.60184043152035	2.6529774507460355	0.8439017491404974	0.7228456206746626	0.2020098570592759	0.9003087575268	-31.690285067656973
5350000	3.012576301703163	3.0844768395285684	0.7937839854188007	0.6802715846554929	0.2572847161604441	0.8159376913986224	-38.973070538077515
5355000	2.9931002976950922	3.615586144442638	0.877416194844576	0.47276302333304643	0.20018610746954202	0.7792804728226075	-45.772920885895765
5360000	3.4031171382162984	4.4254159330439125	0.7580748228593616	0.4328360939349709	0.2742391959892101	0.7248226336766921	-49.979100287941854
5365000	3.296118388332152	4.719242638044373	0.8626123357765808	0.3694263436698445	0.545401311357021	0.710093879077922	-52.36043380847463
5370000	2.9404275683764927	3.04834930384698	0.7977600662492345	0.5308474638144134	0.3987079707866456	0.7162675743873999	-36.057075375569454
5375000	3.3752558956647722	3.5828862729911646	0.7728750819036464	0.5016738873618077	0.2756158222223393	0.92928869534561	-47.98214981203131
5380000	2.60184043152035	3.3173962598814732	0.706769053125113	0.6382145605445293	0.21914273133482984	0.9370777929880981	-41.40351668697124
5385000	3.2024238842426653	4.910734132896826	0.8809145402926555	0.4086809766964479	0.2932579699988613	0.8509617480179383	-48.40010963311057
5390000	2.60184043152035	2.9328867563675676	0.8308742475065206	0.6066639083970147	0.22505112207649178	0.8706118087249884	-34.10855251351477
5395000	2.60184043152035	2.805872242983571	0.7073304619445153	0.7112128140865113	0.26164477715744566	0.7837732526933625	-29.24925420072729
5400000	2.60184043152035	2.672174998283212	0.7670016188679021	0.6157768936714113	0.2698508339030182	0.9319519236365262	-34.51036996876412
5405000	3.084767651454489	3.5510712958667896	0.8085626492753263	0.5696662340984574	0.2889159683319165	0.7048757465426346	-41.91752422850521
5410000	2.6181601174969247	3.206661251941017	0.8828081527513602	0.6461344167095382	0.22843755688183717	0.7968531094244897	-31.052680170446635
5415000	2.7131710939424116	3.830156026693354	0.7472484873134025	0.6461424924655386	0.201289861631765	0.9378314581732062	-40.16683363233105
5420000	2.6688303354485465	3.016581669105849	0.8649754381327375	0.5691787876886721	0.24702569708720795	0.7015119393703545	-39.253542635731115
5425000	2.60184043152035	3.063093628483119	0.7806001007625607	0.6135064922955413	0.25640165785979846	0.8560499413864016	-37.108782496902876
5430000	2.60184043152035	2.971425423635056	0.8349733890956049	0.6462974799169618	0.32371587689269227	0.8497205966515484	-34.622310177947504
5435000	2.9721473866797044	3.0484609893289853	0.893384143009531	0.5859896484593057	0.21843425081864712	0.7792571544761887	-47.04256323765298
5440000	3.8328884101631546	3.8423237133787187	0.8091765806602558	0.5975257882552402	0.2528092473517717	0.7977698431149696	-45.23303871075451
5445000	3.0582418816991073	4.428781826321707	0.7931235751123858	0.5520397556169089	0.28663673949308266	0.8510533492054163	-40.7826205787142
5450000	2.60184043152035	2.9246966914457357	0.8820357835978068	0.7301570855738749	0.21804550823519242	0.7064243287160867	-37.3808058313481
5455000	2.910156544139031	2.919772752172157	0.8434083522710106	0.6263456788943064	0.293640335333806	0.915120564242989	-36.027898855905484
5460000	2.889964568553182	3.2168158321472227	0.7559069439553052	0.35399747737240067	0.2777708109265506	0.7522210117972234	-46.222115575563
5465000	2.6807485432609055	3.209594401862797	0.7113547767027366	0.7074208037344232	0.2779309233433302	0.7992294374567128	-33.88854820344915
5470000	2.8393799094036796	2.9599928940748352	0.782449883069135	0.6228396904517953	0.2528856922617591	0.7920890589374745	-35.5367686617874
5475000	2.818890781412224	3.6818788693469466	0.8181536159646373	0.6564098431009937	0.20771104093215018	0.900569821970157	-33.549333879693386
5480000	2.9466574232433356	5.994686313458225	0.7385363515180835	0.28494217519512016	0.3997929008638848	0.7021923452053902	-54.163935466555756
5485000	2.60184043152035	2.8468178913042195	0.8351477083469945	0.5736915745588891	0.2720325371399484	0.8796935389324407	-38.43232493296645
5490000	2.7787939322929818	2.889647796179768	0.8646473214757718	0.5931941174628099	0.27392930374374574	0.8677396005602417	-27.338804932019567
5495000	2.872639600232376	3.325273365968274	0.8362513496565915	0.6028958545094972	0.2385845234092047	0.9214733082311282	-26.966231236104363
5500000	2.6683135887626954	2.7003225967168403	0.8052402280231685	0.7784456622160234	0.20948247775936157	0.9187759466511483	-22.550302644112808
5505000	2.789628965487288	3.5301727175686484	0.7623259588496212	0.6722572364965159	0.22726076994302138	0.7842694479668266	-33.62560516399255
5510000	2.889634495564381	5.664326545044058	0.7512561995007728	0.5352135423818435	0.2635271486593946	0.810067802861732	-47.261682178660145
5515000	2.687028427569777	2.892457645143677	0.8573126521328981	0.617689852539807	0.20330629055273206	0.8112620977109998	-38.37057909139595
5520000	3.5169225107376296	3.7185312368620687	0.7973688443172318	0.6087630631230496	0.2038955173241134	0.7336432781866625	-40.29976500750104
5525000	2.60184043152035	3.0452251000685946	0.7610142404525304	0.624917497747822	0.2547082482195495	0.8000552640788152	-30.412795075734604
5530000	2.60184043152035	2.7365638897539095	0.7735453342651536	0.7239508100138359	0.20775165644930768	0.7176285291577427	-23.538430788954877
5535000	2.60184043152035	2.8514751637126543	0.8801322963464993	0.6981300802505631	0.22114554829308203	0.8901778568591912	-19.953955241284827
5540000	2.8182857470576494	3.102478361798984	0.800119908086596	0.6542574860233542	0.21409155016909473	0.9693640346461871	-29.606152617234518
5545000	2.796719627741507	2.8250182035775038	0.7593371396486958	0.6098975359995564	0.20875293878005213	0.7494446608964391	-37.789664901054444
5550000	3.2958700529187137	3.3408149366289055	0.8269025637205355	0.5427197519722075	0.25776484733207705	0.809679343041627	-43.136307192190046
5555000	2.6882933157812086	3.5752121956375347	0.8242753019229715	0.5355270184426236	0.22067686570724826	0.7543603138826657	-39.0992587872943
5560000	2.60184043152035	2.7507638985842813	0.8599199363146877	0.6129622625683268	0.30097380012306957	0.844396714630014	-34.93398391080997
5565000	3.4517148160138595	3.559576041766989	0.7266316534952757	0.5431321091230616	0.2524474287646195	0.788768973756794	-48.015801944045236
5570000	2.935446155220295	3.329131216996846	0.7258268138002657	0.6017736718561365	0.25874275471157293	0.8051295632647469	-38.952075327882376
5575000	2.803525692236449	3.1437706391263998	0.7505650140837494	0.5511874529527306	0.3224217625499776	0.7805178348366125	-43.1712101441114
5580000	2.85253150368237	2.973504226547513	0.7940553544786633	0.48954176638161556	0.361491742853795	0.9318523262715633	-48.41980714671974
5585000	2.602891893729615	3.231106264176515	0.8873780356054767	0.6560291201764273	0.20371587643095404	0.7641856011146533	-27.58803039302833
5590000	2.60184043152035	2.880252065948582	0.7666842573454625	0.7362603347106712	0.24405266649720078	0.932252240310434	-22.427131267764697
5595000	2.60184043152035	3.3006858132118966	0.8579666283526003	0.6573445393193877	0.22280746947834928	0.892824019523612	-22.9672717593178
5600000	2.958944726564318	3.3633263844639467	0.7389307150648075	0.7263155128356539	0.20090528075689904	0.940921866610491	-26.326554031735856
5605000	2.7706505159351718	2.8747374973650843	0.7906920403912863	0.4288892073817654	0.4232178980474332	0.7766378455188001	-49.35845933449476
5610000	2.650309028509551	2.9614273157730207	0.8430713475805879	0.6707199869312204	0.21284601252903879	0.770819798206851	-32.748617528135895
5615000	3.6811684932905404	3.7231903828272643	0.7336963187367472	0.6455866057944264	0.2656628345490033	0.7559497986869512	-45.450047296074814
5620000	2.6464199843067022	3.528957192106479	0.8847169500785712	0.42599010659057696	0.4281159837917375	0.7430485145799091	-37.21347174792287
5625000	3.79582784379297	4.018381541044066	0.7556015453475159	0.4053570240992295	0.37227221636801705	0.9023101167408634	-49.684664720789726
5630000	2.6648293404359626	2.9833103619125847	0.8059639834087488	0.672592366214075	0.29211884631578233	0.7561524260539312	-28.23196758394548
5635000	2.8700660022696547	3.101284986561258	0.7950123161001305	0.6541506783382847	0.3456397130503285	0.7501342434594338	-30.505855142834054
5640000	2.60184043152035	2.7958848221941333	0.7378646136786449	0.6111603037359469	0.2223225752830331	0.7802055963454101	-33.80327912337585
5645000	2.7087246547963697	2.821647403850223	0.8665256866557616	0.640477014702514	0.23562296943347857	0.8484114955151645	-31.438185196525204
5650000	2.6466909926848396	3.1830515894706215	0.8126595446780323	0.2999379102876045	0.5062403330469438	0.7208251046974806	-40.456610123121024
5655000	3.4832738336061935	7.415159051208519	0.7329781248335935	0.4085068696521854	0.3584409223961222	0.8024832000807669	-51.55213386512746
5660000	3.2088728363866617	3.307563543764242	0.8313971390722011	0.6490627086624327	0.2249936262769035	0.8193964518249631	-37.190451605895646
5665000	2.60184043152035	2.74479510654576	0.8755050771828938	0.6834535857678906	0.20130041781873886	0.7486957943600873	-24.1725799042819
5670000	2.60184043152035	2.749649594575926	0.7086647783975597	0.7807272270894265	0.2681080588610357	0.854581440366455	-25.682374823199755
5675000	2.986200118125004	2.990952147752436	0.8770925389438818	0.5896599155658713	0.21679344837830744	0.8772150995695944	-34.01162176796857
5680000	2.60184043152035	3.777248578406359	0.7293451360577944	0.7606644976034018	0.21177636207438086	0.8070665683136501	-30.129219364979306
5685000	2.870041618007321	3.0749483642250968	0.786728954531006	0.5691890554155747	0.23565754080555945	0.7830443553406186	-37.79183717670541
5690000	2.7116045190667886	2.7826642326779534	0.811748911636363	0.6257853158397662	0.24519049078860375	0.817289005435883	-35.71615520817654
5695000	3.7024423686718544	4.25175323769877	0.8201949333375644	0.586709923662204	0.3450478081764127	0.8798393576567918	-39.30070430878633
5700000	2.60184043152035	3.906329056857581	0.7157458431427907	0.6867633994299063	0.22023524731414681	0.9378282345195693	-33.504624150552175
5705000	2.60184043152035	2.721214539644093	0.893128710852634	0.6548517076897116	0.2632586494920671	0.7566077070140595	-35.80294273043585
5710000	2.6878638309458913	4.420184370904429	0.771447787946207	0.44190104118100815	0.30574686792793887	0.777097240193448	-49.17719763096815
5715000	2.908684616496235	2.9275404946456187	0.8919266599396709	0.5249199200864848	0.4016865048242856	0.7024544042150817	-40.720258885835065
5720000	2.60184043152035	3.285804140250509	0.7964836399569654	0.562226168269317	0.44187253169085106	0.9320819895057312	-37.39110453442752
5725000	3.0402713296233888	6.339592539376287	0.8166936700896772	0.4026881834782344	0.41847085204728834	0.8108495715919546	-56.56947505324066
5730000	3.223237865468791	3.8912124796472014	0.7024398233476556	0.4408373075609861	0.3931058424857041	0.7208203624923177	-45.40950791238893
5735000	2.60184043152035	2.922174055625938	0.8640613637341138	0.5334070294091935	0.2783476951898841	0.7406436191944488	-33.57862878933156
5740000	2.9424511098593875	3.750350838222968	0.8951738175733902	0.6116756480420492	0.2938949340143834	0.8440086440016241	-38.241961920245096
5745000	2.81152660976708	3.2862512248327054	0.7855125003200913	0.635234928667964	0.2067883900485976	0.7906771236685771	-42.290702511216054
5750000	2.663134818059534	3.6983558319215413	0.8187895850169302	0.5837492565406691	0.2717568871986284	0.710883738234716	-45.61567971468061
5755000	2.663519178440881	2.861235064119922	0.7020919984650175	0.585170702247796	0.2956815227565777	0.9703883402457817	-40.72307426811708
5760000	2.916819267847557	3.078389574965819	0.8342251115021363	0.6610706808173706	0.3002046410558902	0.9851030719518101	-42.200680262386854
5765000	2.8301104829730925	3.574930490256168	0.8318451606388176	0.6601612392242026	0.2228324757822751	0.9471882307217042	-33.62722421776519
5770000	2.6741288936987315	3.0115637502428205	0.8794664028828868	0.4194428540568726	0.34125533310987327	0.941445190888493	-43.554553454006225
5775000	3.3526301092052684	4.101011570176245	0.8078427168231016	0.5618052379650975	0.29554792341590874	0.7578469648301034	-43.27340400921178
5780000	2.6886528577540454	5.728563634811696	0.8853904027154107	0.24594601325562002	0.5951739692512521	0.7512636857680213	-54.461185384472586
5785000	2.878430045624063	2.9723952765612203	0.8316055305806399	0.509097875348425	0.37810153887581843	0.7510881827567343	-39.19459214711654
5790000	2.60184043152035	2.9491797005426856	0.7752723403416971	0.53325487480771	0.22276811156731977	0.7310864536283723	-41.64641149234731
5795000	3.2418072768929425	3.667652169785281	0.8441362618100716	0.5236430021024082	0.23062042846906314	0.8834272983469905	-44.58274497858619
5800000	2.715265894355405	2.9785508383676738	0.8116955590235914	0.6777768541228907	0.28223599222382356	0.9389985802559121	-26.03010264093638
5805000	2.6981666888684206	2.826168009079	0.7769681412630312	0.6251038044126516	0.2557252596180469	0.7324711727292382	-32.2209178474035
5810000	2.60184043152035	2.775244916301223	0.8282116433457124	0.6945491725086576	0.20850980081604903	0.8669802663994811	-32.55883945090023
5815000	2.6508914033501574	2.7173024836535404	0.7301956409073869	0.7025838038473032	0.3071065210053252	0.7258417075070358	-26.14895178250567
5820000	3.7499211115648463	5.20449909370773	0.8507797669157252	0.5285476763475191	0.27945066732073837	0.7365478454024429	-58.06943887369119
5825000	2.784136264425706	2.831397972348653	0.8376820692847806	0.6583642708376068	0.20971135277121708	0.9788031416099909	-35.63509815316621
5830000	2.60184043152035	2.6990794039049337	0.8539740496332153	0.5801770664546227	0.41040520949296977	0.7860964529013454	-32.64845556646722
5835000	2.6139298491994976	3.253455687969074	0.8192385568557224	0.7218385223441839	0.256189669096628	0.9310989531488352	-30.13337252741252
5840000	2.777587862913584	3.2455221813027704	0.7581089836285346	0.5227994006666148	0.20749424651036483	0.7959631931955208	-42.0864108088919
5845000	2.810943928852544	2.914782260412403	0.8276469652457376	0.7356821104976345	0.24887934803641454	0.8643520017765521	-28.312090784111707
5850000	3.8104411078699005	5.321821839557097	0.760571163273541	0.2681237733201588	0.4047957298174154	0.8045798295398632	-62.2270198856613
5855000	2.795222543242098	2.857486342205219	0.764569211227322	0.6804004400463378	0.24820718303898678	0.8737447271362153	-27.484667687297485
5860000	2.60184043152035	3.387845729667592	0.7185299213486539	0.5751969284458723	0.2789969006351535	0.977297109384333	-40.76298253559642
5865000	2.7569678055593325	2.9544832772663665	0.8478443173457338	0.5078188523781487	0.3665448954975965	0.7389830500881688	-42.67776306537397
5870000	2.808347144759246	3.152586994112974	0.8372029938883594	0.6291535602735441	0.3157251259839787	0.858737631525561	-31.53508147150911
5875000	2.60184043152035	2.8511056367921235	0.7197028529718529	0.6610047478163652	0.2954229814438018	0.8575888204148661	-36.35967618883948
5880000	2.60184043152035	2.82542647569834	0.7204308095061321	0.5097114357412035	0.45403046350000453	0.8858866593602196	-40.27596953701333
5885000	4.043581468243607	4.616790751663135	0.7326124488806784	0.4738728386762646	0.27452660065093515	0.7261867869389312	-46.740851138448036
5890000	2.9551450785913267	3.8140510324828965	0.8067136605147743	0.6406566380721783	0.21072759648628414	0.7901793135112387	-28.305677563941675
5895000	2.632973745678805	2.83110729683226	0.7875910413723307	0.7359526984276498	0.20724754540164717	0.7310995483558856	-28.293172384115852
5900000	3.2709082357529384	5.5149384998257585	0.8327315828967343	0.6171549447396778	0.2017215313426816	0.7660989575802742	-41.15625352926799
5905000	2.7629317967854785	4.284937375403391	0.7471550365519816	0.48930906721644457	0.2673101901781789	0.7783410125422344	-47.506629830391574
5910000	3.0381498003024485	3.1618917474620987	0.8166836079351466	0.6467527439257047	0.2465720738990286	0.8988782746746529	-37.53232884039881
5915000	2.60184043152035	3.0199398119828076	0.8259183650732882	0.27044882664691144	0.537444262910091	0.9906779595446369	-47.49222714766228
5920000	2.60184043152035	2.726936743828532	0.8982952642707819	0.5206947235038425	0.40337537771923826	0.8979565053588302	-30.110706046186664
5925000	2.60184043152035	2.9498848044492068	0.7910842065792966	0.7109789432478855	0.20644403026359587	0.7162209353221674	-24.066707081385502
5930000	2.9034711849495056	3.0312554830512464	0.7689303489553629	0.5834785741596765	0.3211232336668774	0.7123033350615882	-33.26013149965781
5935000	2.8412441550836847	3.527721507683654	0.8019394657337009	0.5427999323998466	0.23006135828625107	0.8233089822180295	-37.73429908830644
5940000	2.60184043152035	3.1182033140089667	0.7274430000934211	0.7391460533771628	0.2262521583232435	0.9600114026706312	-28.58528559009547
5945000	2.7705977746386528	3.6130696588353106	0.7393537996762132	0.6397839798184218	0.24113101760027436	0.7884470982762171	-40.92119719293911
5950000	3.078346174846304	3.696152108980084	0.7445486417469332	0.5067575654418941	0.2573516786510369	0.8590663332543793	-43.318378304054335
5955000	2.60184043152035	2.7425846077324385	0.8049439715993882	0.7035181646286138	0.23648349887844863	0.8716368104968241	-28.947128170103834
5960000	3.192949764520738	3.729712027289256	0.769265345189991	0.5997968320690037	0.2645924999976442	0.757799743973394	-38.72607945907506
5965000	2.736611234198999	3.358343414936573	0.8415440237237926	0.6849078943409509	0.33505273661331203	0.9846549879257579	-39.120627752793204
5970000	2.770592341903472	4.0559966629074	0.8610794437859456	0.4453604326497985	0.381830667089822	0.9654512438452311	-42.66914346362257
5975000	2.705377644460192	2.7089894816523907	0.7621434359968653	0.6395288998884712	0.2458863074258122	0.7406742559902993	-30.796126180604517
5980000	2.60184043152035	2.7493000577336346	0.8663845404822318	0.7211808663053717	0.2588217413639246	0.7188634495611387	-22.702993281650883
5985000	2.60184043152035	2.7899407985172266	0.8270876311072533	0.6336393301862941	0.23485783314667102	0.7594981564189289	-26.866400923108166
5990000	3.3660624695064043	3.616006937374171	0.7261937326477045	0.6233015733329403	0.21916048928659737	0.9935606538335354	-41.218044222624485
5995000	2.60184043152035	3.253825678493734	0.8928863849902351	0.6349506430622214	0.3362607680448438	0.9039639933694592	-30.04881160924974
6000000	2.60184043152035	2.6426939853266607	0.805599136306031	0.688655382624591	0.27738531661545035	0.937953714651401	-25.468536583521033
6005000	2.802673116266613	3.0676190658012947	0.7357667037956009	0.6971424640973772	0.2216675761221535	0.7965716295839212	-40.55755286504094
6010000	2.60184043152035	2.7898052942524196	0.7990187898580244	0.7221214492506621	0.20150249328584724	0.7767432577967479	-33.028939090213726
6015000	3.475083836428505	4.645178748007458	0.8717005703415606	0.3134731289862785	0.33577484884583997	0.8076264764849517	-55.80342745733193
6020000	2.792584897889098	3.1032590632900465	0.8140518239155149	0.38919387328104693	0.36041112858366403	0.860568743297171	-46.960589924517855
6025000	3.032842696474158	3.096858016318246	0.8492487365200577	0.6179081434853128	0.3154083068508067	0.7035589593191264	-27.8006920949469
6030000	2.60184043152035	3.0710203587304545	0.7788731998147116	0.678850497979856	0.23024880100528164	0.9176058669028768	-32.431728496226704
6035000	2.60184043152035	2.8864661186608913	0.7418708963899687	0.5790935211336234	0.3790981095504849	0.7457051899441148	-29.778840953765688
6040000	2.60184043152035	3.804371499576215	0.7085404102786192	0.4084087651445979	0.4077954268293838	0.7001069288590549	-46.638882986859855
6045000	2.663325252324203	2.776879659746185	0.895332328144259	0.5961141085987711	0.2788870690017932	0.9410213890440453	-28.58490874178261
6050000	2.60184043152035	3.103713936578741	0.731243991666241	0.7272509754614006	0.20158950685962634	0.9773917052441361	-32.62492619479623
6055000	2.695498968086759	2.8782244719224135	0.8585570410925811	0.6287518168725356	0.23981605114241833	0.8173257356503228	-35.86501617394011
6060000	2.667345440634036	2.891565721087516	0.762916404133956	0.5505407911155326	0.2571350220983689	0.8017750587377188	-42.81418226370245
6065000	2.6362956689062567	2.7976870104905474	0.7613252031939849	0.49577304380645654	0.5048654784784601	0.7283352388904614	-47.1710291298019
6070000	2.6325181265806457	3.1495016721718883	0.8058666771455955	0.578255825899059	0.25780595555742014	0.7378630691411578	-35.09529348970419
6075000	2.6382700821998495	3.2878250028582285	0.7023477442419032	0.7263819126503372	0.22491735014192804	0.7841941359197435	-28.363866827180924
6080000	3.907313346077294	4.38571136850509	0.8007396964375117	0.5296906927669558	0.20232195142127354	0.7185061817160554	-48.251652191062796
6085000	2.60184043152035	2.642206875311289	0.8752660186657538	0.7071601409940771	0.20298310895405738	0.9944123954905046	-28.889855360258306
6090000	2.983609106924879	3.059676302829851	0.727241186243031	0.4787286606246679	0.3987785517329515	0.7846286035634674	-36.540847906381046
6095000	2.60184043152035	2.9135844504788855	0.8113707118542194	0.6128489904451461	0.291908399320814	0.907217009551706	-38.7726040471219
6100000	2.60184043152035	2.914921396149148	0.742108099199299	0.6394558619359092	0.33768279963997394	0.7762437087612023	-31.302351084092606
6105000	2.7771132444971323	2.902154568776402	0.7997297160157082	0.6708897815510758	0.24816049299184825	0.859118598742708	-32.95014655811849
6110000	2.9876186897280603	4.055140778610986	0.7516891112859166	0.5350136254689438	0.3074284696887627	0.9124606930482222	-43.56743817342691
6115000	2.60184043152035	2.7707151035852013	0.7569725466115023	0.7138718196128255	0.3449116770452397	0.8034622086182481	-32.37177706411563
6120000	2.60184043152035	2.9578404421352342	0.8788128528778468	0.6280009778418206	0.2677909663924436	0.9640499305906695	-27.281629699632525
6125000	2.639439566760799	2.705996743371122	0.8334390720648922	0.7032095884585923	0.25507103312241497	0.8806077578717412	-26.33864400001948
6130000	3.536285063764765	3.649384462046782	0.822934781972885	0.5118298803576299	0.25788748161870756	0.7672719071439871	-50.17642194087336
6135000	2.741916246784837	3.0484692455699465	0.8801956068200063	0.4563146697521387	0.32729650695559503	0.7889468001253698	-38.04989922799068
6140000	2.778335609933978	3.0023023928541006	0.7184492485911468	0.7354232636492486	0.20419254784127847	0.7712419855087232	-26.36047276309588
6145000	2.9602187533750604	3.172500644824347	0.7701969254658038	0.6134151163992676	0.23920118038378652	0.8312261188926457	-41.7825393748031
6150000	2.60184043152035	2.9419733913031862	0.7813059224404434	0.5484175545692405	0.28011863874150666	0.7328270484335512	-32.3779526831005
6155000	2.6689391545362793	2.7434827439860454	0.8199657083247149	0.5673192450777462	0.2122404486645158	0.7091095763632388	-39.548021208984366
6160000	2.7603426079655695	3.740004889004419	0.7191003245169703	0.6451356103288018	0.23367805290406307	0.9691703957855072	-32.405513854278205
6165000	2.800532952243122	3.5523019972039953	0.715207903690219	0.7204877523637285	0.23543056347889324	0.7448628970899962	-40.58405332657627
6170000	2.8011167038670397	3.001852559085431	0.8398909028929382	0.6555029683288283	0.25600161136926836	0.7960893513240641	-28.636685869891483
6175000	2.76216116825995	2.7736590888979533	0.7050859416158484	0.6330250525262587	0.282577907067365	0.7221689716709149	-32.303712070307206
6180000	2.9824364381887154	3.372466492745723	0.8294358705274312	0.37586470937763133	0.41755850812030265	0.8419434726220848	-41.7823425344712
6185000	2.60184043152035	4.786322425998101	0.7637721279839979	0.5581202000211527	0.24785143581797217	0.7786066643166587	-42.76119161796367
6190000	3.0526090804041703	3.3896040127179616	0.8674511457118931	0.6333349894207221	0.20979337084135014	0.9764232987754558	-39.931957808429665
6195000	2.6190017041673355	2.8783785905717445	0.8278845324908416	0.7372375788971742	0.24055452908175418	0.7701989901571761	-22.099518214998668
6200000	3.0823895992254093	3.615583228390537	0.8143488349172677	0.5671400948671117	0.251164549712401	0.7888046048656284	-40.56902045437293
6205000	2.871559079783499	4.226314776297442	0.8270614227454995	0.5242621167532149	0.21512273843550006	0.8819015703335331	-40.41520074266288
6210000	2.6923954223027606	2.8138873846631336	0.8418784943200411	0.7451780072989331	0.21117114702095294	0.910920409731925	-33.34834562856123
6215000	2.618745929710976	2.752779009482165	0.7752050574617485	0.5875518928362843	0.31446243530726614	0.8755859435129637	-42.12746950538607
6220000	2.836246446284137	3.963007536305259	0.8616230836277039	0.48397714101369643	0.2854009657622657	0.8176972399912041	-47.15046670392887
6225000	3.039713928160614	3.1613196514853326	0.8952455407801772	0.7683386680982596	0.21660502371730225	0.8263965521335978	-21.707754981578432
6230000	2.60184043152035	2.699687483798578	0.7576027565266505	0.7647497172737253	0.2043181266359391	0.816336929707712	-27.46039401242271
6235000	2.7177796346909924	4.265456238866195	0.8629659848730142	0.7414382646856454	0.2107313329735376	0.9119098930533261	-31.970985032774998
6240000	2.752840932994711	3.1190731121047937	0.8131609755535683	0.6400047308471905	0.2008896984659246	0.7720694379898425	-36.10644329485386
6245000	3.014370361119566	3.162384938219124	0.8865629029874135	0.6735953086367363	0.2448422133932671	0.8696466252025206	-38.6652777987697
6250000	2.60184043152035	2.6217329310506403	0.8608465132269293	0.7655169770133732	0.22919764465265205	0.9479686454686039	-21.369276642919186
6255000	3.790961777410685	3.8010556378184486	0.7705114461295254	0.4935983197822607	0.22804703821320504	0.7851254807160664	-46.627079709152824
6260000	3.0983307106291744	3.2278557736055355	0.8510311399144791	0.5058804559128284	0.38118463186052876	0.8532176940046267	-42.21756492636829
6265000	2.729713918918885	2.956376736678524	0.7978264957393835	0.6379820844436482	0.21362540858570578	0.8346827038059923	-30.57410827741767
6270000	3.194132940706215	3.2151200039562737	0.8101160631927898	0.5049613885091856	0.2998287961914324	0.804137762293462	-43.67383151329563
6275000	3.0090456708373026	4.703376663759939	0.863632854554293	0.6267606751664704	0.257071528905637	0.717471068560963	-36.40031211036001
6280000	2.834588319851323	3.058798331617339	0.7139718866283418	0.6361139000709642	0.22097470153974882	0.8064271783354656	-36.36301021335584
6285000	2.6872149629470607	2.894591587739443	0.8545157688471038	0.4741802135787906	0.36228448706343025	0.7150284626958616	-36.658956295005254
6290000	2.9873038573727806	3.2838482069266077	0.844003911430647	0.7210099153815837	0.2225303040124938	0.8278682610229682	-30.754403656369792
6295000	2.60184043152035	4.116041000638714	0.8187130240098044	0.5642455544859037	0.26524939583715346	0.800510362439339	-37.469350537982855
6300000	2.6301929900589203	3.013300420670485	0.7098600460861517	0.6898556455187592	0.21844823633011456	0.7210501077795217	-41.74382380833347
6305000	2.854219364165532	3.707996601301832	0.7490631074602118	0.5073039573839959	0.30395266316923314	0.8148383722021489	-39.33183950024001
6310000	2.6636545513276944	3.1768569170239456	0.7497583652599056	0.6349263279273065	0.24979589493663878	0.9704530378715598	-31.57743971152577
6315000	2.8299959562349013	4.499354349687005	0.8121138796290294	0.4950415918722228	0.3018707437568343	0.8806238385170639	-47.2249125332346
6320000	2.7151893380383907	2.737873052635361	0.7870337706163366	0.6178785962304542	0.34005129186637784	0.8706149041845471	-39.76409692828963
6325000	2.60184043152035	4.094586888499964	0.7302935757001916	0.4435211372072924	0.3312330277256096	0.8361941059860895	-45.17454848830089
6330000	2.60184043152035	2.8553683542993182	0.712525215458957	0.6820033493288571	0.31030311307115305	0.9692864131473968	-27.760440121867305
6335000	2.60184043152035	2.607813511305375	0.7300598944694077	0.6431964306369979	0.24476295457842465	0.7349330303640828	-33.657844996564876
6340000	2.60184043152035	2.739342447008713	0.7906168727828946	0.5543763036350977	0.29441520839560664	0.930757803678207	-33.53675983388589
6345000	2.60184043152035	3.663369949033413	0.8293207751759738	0.7330726898255413	0.22689282782421402	0.7686648733110224	-31.993992821191185
6350000	2.723885865881032	2.9741518009005308	0.7869817344195977	0.7569285542908515	0.2037949132197586	0.9807217793256086	-29.13078003921702
6355000	2.6473814727328393	2.8227912451388786	0.8098788258864743	0.6508779828184142	0.3157862991130367	0.7715949939203489	-36.70692211988571
6360000	2.60184043152035	3.000151336588042	0.8905356992139133	0.5399706100038556	0.266687665630541	0.8051175561327849	-32.13557856030463
6365000	3.0284885294170723	3.7656477392857557	0.7386184292587847	0.5842579870816317	0.31599791929811766	0.9747964346788598	-35.2080355436168
6370000	3.0694039205756773	3.8878593744219287	0.816743938266513	0.5248853907778085	0.4358175345448454	0.7455850076707503	-43.504424463790734
6375000	2.60184043152035	3.3870590897147834	0.725273913000335	0.6087688678750328	0.27764131910095274	0.7637956720695483	-39.70563876223294
6380000	2.950884326071147	3.3652209219558245	0.8471508304976252	0.6280491959556446	0.2882510730887209	0.8602631062153551	-30.692738179140026
6385000	2.60184043152035	3.7740972382266342	0.8672132796579209	0.5114502004170486	0.3073724637442872	0.8195519720833598	-42.43015775480702
6390000	2.9772299283730237	3.827037873809918	0.7726385512525908	0.40869868367868245	0.3753808899352472	0.8066412999409687	-50.154788482642445
6395000	2.8852603178132714	2.9817468653485757	0.754822116826327	0.6819925469691088	0.2113028979050134	0.8371343241692875	-34.84586904844919
6400000	2.8374379153909945	2.9930692408570705	0.899741325161592	0.6963008281136522	0.26243923672247244	0.915181906506476	-25.2308706659736
6405000	4.361038886149247	4.4730356209054305	0.7160226441568518	0.5678031928427771	0.29976068735751055	0.743168289292875	-50.69332051021469
6410000	2.9246296981859414	4.164517316642658	0.7241194478810732	0.33700794583451166	0.4224360224775123	0.7593726480025746	-44.7873403515385
6415000	3.079571318438814	4.096769958396834	0.7775524342294985	0.4258139125620938	0.34517732127312023	0.7729417140932151	-44.39851020130373
6420000	2.60184043152035	2.723184761926638	0.768206191092561	0.6268924888711142	0.30869815357043706	0.7614864459768154	-39.03846291564103
6425000	3.3204811490731614	3.959521023347462	0.7395671320306472	0.6289808495511883	0.21759177806296537	0.7671575879641515	-38.18485490991478
6430000	2.6438061011775558	3.0574774636705615	0.8882549488854516	0.615889466110367	0.22567685561402867	0.9935102055310365	-39.54020472686956
6435000	3.1444408706498526	3.5264110108162834	0.7073916281526301	0.7249467831045273	0.21017073783738632	0.7406899365564343	-40.24704510774799
6440000	3.0378578311308306	3.70846526965715	0.854878848139559	0.48806961760648787	0.2586832812215485	0.9157596338496244	-44.94746260939719
6445000	2.60184043152035	2.7179715007795653	0.7352101099739037	0.6951963491093727	0.2071350312026044	0.9370793259886956	-31.812088055736943
6450000	2.60184043152035	2.6295294351620484	0.7773969226959476	0.7613578175833826	0.2208357010859678	0.8612077495123157	-21.22115581107534
6455000	2.7076078601872426	3.275685209984626	0.8976316916126329	0.3695194061087867	0.2748927862851818	0.7090075353000932	-44.88230218440184
6460000	3.297124327141003	3.504067902845146	0.7556189372692661	0.42934350165266283	0.41707577078836133	0.7203903369326308	-44.8768655691267
6465000	2.6441632102044093	3.3626484786023183	0.7920824833856671	0.5963694169609811	0.23641871202701648	0.7047695850401073	-40.80270715969462
6470000	2.9379830225352	3.13650705079597	0.726219596064503	0.40269089364113775	0.3710426289881457	0.804601459589543	-44.47572288225501
6475000	2.60184043152035	2.6033081067703376	0.7186601230472073	0.7304926706089068	0.25568757859946734	0.9310815619793994	-33.82845909996783
6480000	2.923979919677419	2.9526236997065785	0.7239734447399994	0.3767954689044424	0.5051503971049467	0.7705293653604316	-47.49611160074995
6485000	2.60184043152035	2.6996719267663587	0.7553223993443529	0.5779893646280204	0.252140507852714	0.8304806749067762	-36.34900118736678
6490000	2.7775629218151265	3.718078330389094	0.7990632243759674	0.525602894953288	0.26607038271570266	0.7334358209778595	-47.528978840509524
6495000	2.682846899204278	3.0084099025907074	0.8287714086322575	0.7207981384073137	0.2025227042039025	0.7897434841948928	-33.81808020163015
6500000	2.60184043152035	2.6512095590012064	0.8986061903939467	0.7530301809143106	0.24441302168357693	0.8652796432966646	-26.152880350291348
6505000	2.60184043152035	3.361406614919334	0.7270433263963937	0.5750605734100956	0.2862685073618711	0.882352379305707	-36.20897495976945
6510000	2.60184043152035	3.0395149014318994	0.8850846897848927	0.5267937502752256	0.2861806263364422	0.9644263210603546	-35.35319067638342
6515000	2.60184043152035	3.042871121628682	0.7091364211360243	0.7209357358606345	0.2564975925502724	0.8100827356868043	-33.15162685134828
6520000	2.83645263565188	3.183410158605347	0.8935492519889352	0.26428221588582335	0.4336538410788543	0.7565817770725384	-46.63852009385866
6525000	2.9449998199904126	3.5569497996822723	0.7435986778363696	0.6751868958464499	0.20271486519103893	0.7976470250841291	-37.16784045694318
6530000	2.9372698854474093	4.25261658549404	0.7413546840288701	0.6943178200859914	0.2739877324212075	0.7721377516997642	-40.11028970392526
6535000	2.706191450667171	2.931371343849802	0.7596381526335302	0.6999267912976174	0.2239971546278992	0.7656994154165082	-33.97715855683049
6540000	2.6580329716393662	3.481321943683375	0.8120332130404253	0.6527943157441152	0.29365094754284576	0.85750915190638	-27.09372190403407
6545000	2.793221912361078	2.8012158526444697	0.7080704579649835	0.6774874260927465	0.2580142786261383	0.8587166082319951	-34.59176729056197
6550000	2.60184043152035	3.0870004644869407	0.766011801734851	0.7111924349145001	0.23793861734434626	0.8637159199662807	-40.39433042943112
6555000	3.331292316050043	3.4371732689372934	0.8826091249679547	0.48623832391733757	0.22720273155172138	0.7749690682475806	-47.912276905258594
6560000	2.9066492687450123	3.0243285373651703	0.7913827370646634	0.6026597837356013	0.21994428218923998	0.8642442804166127	-30.3964241641112
6565000	2.6649965712639867	3.032509948404191	0.8500973329444497	0.633720396621897	0.25296808929934456	0.8135506100766827	-33.782119321569304
6570000	2.60184043152035	2.832091546765362	0.8038010401549823	0.7715857458515817	0.2682580406133876	0.9486574211392945	-21.194688274393375
6575000	2.60184043152035	2.746191279750801	0.8708903772448445	0.6191519575043977	0.2529531136974126	0.8632630541149519	-31.44239354127705
6580000	2.693753125347022	3.3456612926750577	0.7191856167332643	0.738626717181404	0.23570943281519857	0.7336995147994284	-31.832177566951295
6585000	2.7081466408006407	3.7222795952279735	0.7469398356183066	0.5964737372042467	0.2895702482480712	0.7284359151871801	-42.37504127189015
6590000	3.077981857596346	3.5115063856003816	0.845185328533557	0.6154488112545735	0.26275176631079256	0.8352655562600444	-40.967563652948876
6595000	2.60184043152035	2.8600370893046514	0.8679702523583203	0.7053694698254154	0.23559180809224003	0.9745677024927696	-31.493194790946504
6600000	2.748999252977055	3.1890237555862226	0.8618816951956068	0.556120521987971	0.37881430117171894	0.7533929379421572	-37.437048883660665
6605000	2.60184043152035	2.7202920636010424	0.8904286901534232	0.4244355529603596	0.40339066752055386	0.9258033087760029	-35.53627942388233
6610000	2.6345333028268945	2.7167243713560243	0.8242482013792404	0.5541547047349388	0.3318115068123129	0.739930857414801	-32.70168951882446
6615000	2.7782797288790477	3.7490740287593733	0.7546325153715133	0.5574651347836467	0.35474883444529415	0.7629274293088657	-41.08401357752084
6620000	2.6120505843058104	3.255770737822058	0.7489450643087873	0.6213820357402516	0.20854530411079591	0.8893551728112838	-42.079244329901194
6625000	3.208014183050272	5.482172002290645	0.7861782863678319	0.47099440450826946	0.2755597474269488	0.7102411219037225	-53.67713986577406
6630000	3.2340434490736287	3.4452773059083324	0.7088978670372573	0.6724275021389527	0.2545659948006237	0.8380021547296399	-42.781489273989166
6635000	2.60184043152035	3.0881876096840477	0.7810053397722485	0.5832938488564013	0.2837800033835472	0.8142138609360423	-37.21769277920977
6640000	2.733102953196224	3.1157184448570767	0.8379486121935791	0.5917718545574411	0.3052123377549259	0.9480218445575148	-39.78610753040786
6645000	2.6682803200761223	3.0329474850579827	0.8210171128017227	0.6826989901508485	0.21748836902501423	0.7570731072347803	-29.47049379288013
6650000	2.756677908252163	2.8163691969534135	0.8163948848171299	0.683632823099757	0.24537497452745283	0.7064886885416772	-36.64016645075472
6655000	2.8266615537780457	3.755046479616711	0.7307508949268806	0.6104658539312362	0.26331360610064647	0.8352198361714033	-34.58302919431258
6660000	2.60184043152035	2.693675911593317	0.7284693168581545	0.7276769698136467	0.20994301599753665	0.7370996510239115	-29.335629050761124
6665000	3.68175026976704	3.7588031345181574	0.8137419490435511	0.49221708092921196	0.2369143748490931	0.8329106700615541	-48.173020651726134
6670000	3.320548398642055	3.870088317264818	0.7573112472748418	0.6178095255213468	0.2440370871294062	0.7576458410431948	-36.63950548336606
6675000	2.898011370625446	3.0798170827668465	0.720661695443779	0.7300917485122174	0.21112528663878893	0.7336719242178171	-39.98037169946992
6680000	2.60184043152035	3.305877800463769	0.7370312051029774	0.4148444393780802	0.45216805364215557	0.8337805338620982	-46.827820650201716
6685000	3.5890850709654907	3.78092310817903	0.8473995207910753	0.3770083224237859	0.2666034670808523	0.7064013287299805	-44.51958453981233
6690000	2.60184043152035	2.754100716400475	0.7490292172622491	0.7430012029271965	0.24885794872609077	0.8129256220669259	-29.041528982181422
6695000	2.60184043152035	3.2494343954179996	0.8135639520318919	0.7572339285040152	0.2683744638886269	0.7231956235135785	-29.90562383607432
6700000	2.745740503558541	2.830229207017175	0.7937495392229912	0.707656799640809	0.20728362737036587	0.7034408204552961	-35.148880875417156
6705000	2.60184043152035	3.0945374654408666	0.797925229218975	0.5116416329273528	0.24874941119865632	0.8039889243056331	-39.221924012798404
6710000	2.60184043152035	2.96672074862806	0.7806227898963035	0.7829567723397514	0.21783976279617645	0.9254010919669786	-21.22107494452156
6715000	2.910784445437187	3.47533102612128	0.7816886862692118	0.6091530960290685	0.23715589557725172	0.8353411710550586	-43.7482081359115
6720000	2.60184043152035	3.5027467988219074	0.8439632784704593	0.7032250442966917	0.25764093891264783	0.7211541347985534	-34.188950089523
6725000	2.6051801129964245	2.6844907162267684	0.714210299751509	0.6100859542321925	0.34926884195825864	0.8834376907609787	-33.159413010616056
6730000	3.120547308622251	3.3850541350243892	0.8735251630279117	0.5489984862215959	0.2104238218557446	0.9303540952694035	-43.3814062667273
6735000	2.60184043152035	4.392014343749985	0.8625676666185226	0.6723282330274624	0.23967253265892638	0.9250629657926347	-33.12343240808251
6740000	2.7963625371242196	3.0407422337516046	0.7069554445501586	0.6776063571405907	0.20973848687474994	0.7404322449283423	-39.52107017818813
6745000	3.248947220427318	3.326076692750794	0.7333359650322511	0.5339351354141876	0.2220896587290813	0.8093768224283626	-42.818579331977205
6750000	2.784025192132141	2.8158114256264333	0.7576878886117787	0.7376113862068255	0.23844366652003893	0.924881433088401	-23.824649876982228
6755000	2.60184043152035	3.041889760887161	0.8346819696934006	0.6190573315970024	0.32797078004738767	0.9739694339798247	-32.80242001147263
6760000	2.60184043152035	3.206832523154181	0.7848119472058807	0.6895950766049871	0.21259647195678585	0.7595462288830733	-33.996329626428505
6765000	3.0197709938564063	3.0795286900218035	0.8047094413705356	0.577250757500228	0.2045189276533943	0.8490020363546525	-40.17550899483224
6770000	2.6692748536461957	4.486297841940614	0.7775315549699962	0.5947237745289851	0.2275153044071587	0.7453857058031534	-42.05272709160537
6775000	2.7929125009351106	4.22051274167326	0.7169313047867745	0.5876646007927119	0.20856912330486024	0.7254252470128647	-48.15562431936835
6780000	2.8667201222951046	2.888017869925337	0.8578806280336351	0.5752423696030244	0.3700542792846871	0.9042943328783698	-37.05717004367328
6785000	2.60184043152035	3.096431422001386	0.7983002859918443	0.6434438267676922	0.2775105130520437	0.7103329092404999	-28.47389883498671
6790000	2.60184043152035	2.9562918124081423	0.7540597969525372	0.5998938002137307	0.2938128759394734	0.7400781427390196	-28.98486377784184
6795000	4.10543020044144	4.225434955049724	0.8372169190204599	0.439375895740977	0.33076453287612434	0.7529657322626839	-56.022329698728484
6800000	2.7298918323708508	3.06238152930059	0.8303163582111912	0.5357419979217971	0.23315817204680864	0.7716446084123746	-33.57615738764345
6805000	3.43843075406188	3.832149725896936	0.8282407720745854	0.5300660286169566	0.20633282053621363	0.8220511726789869	-44.78760607493872
6810000	2.761923921956249	6.8448142022691885	0.8526976663558038	0.5987738107448025	0.21539801739657102	0.8631407369239699	-53.679087618895075
6815000	2.60184043152035	3.7507794011379096	0.7412239185542802	0.5285797222094007	0.2741552579218606	0.7371549137827618	-40.24603590075179
6820000	2.60184043152035	3.3320817088394152	0.799263976820052	0.6990425192294116	0.29132175251323333	0.9531181496087089	-30.091074838008815
6825000	2.624572002203126	2.9714977162526637	0.8503909303263286	0.675566699136757	0.2827373728301085	0.7767870514589184	-29.35080195481139
6830000	3.0483845891568464	3.2695569205693453	0.8323456580558503	0.6062455728660069	0.2362083760254737	0.9345861251481732	-44.237661529739924
6835000	2.9108879523225344	2.937639368437994	0.8613960409921209	0.6060392645218728	0.30629269581193214	0.7533652748259588	-40.667824670252486
6840000	4.100343721643619	5.388362503673217	0.7929504498607199	0.39154070616057823	0.24665801481960523	0.7439849744902501	-49.40414693803056
6845000	2.60184043152035	2.652063186435993	0.8950762387089825	0.525885933311155	0.4208847549590473	0.9502606833949787	-41.4944473229315
6850000	2.60184043152035	3.768325865848943	0.8988340211373911	0.5381028290244777	0.24130286172429083	0.7511739638224016	-45.937566167473456
6855000	3.087465155166088	3.23321977622282	0.7824369734197585	0.4579078437459142	0.31135763435317365	0.7392347342321246	-51.429178612790494
6860000	3.0378803512819914	3.8000096290221355	0.8225802035559234	0.42366036463778395	0.3134344630654625	0.7027461920244235	-41.47767714113801
6865000	2.60184043152035	2.603935063922509	0.8440446191332271	0.6409573307107679	0.25777106375937375	0.7223866696341202	-33.84096252719798
6870000	3.6307581145840815	4.1592826709364195	0.859563705255968	0.6023324820040442	0.24305937615491593	0.9664485252552721	-35.164246842895885
6875000	2.6760773963767632	3.9838866610718755	0.898576210062977	0.4965746948270561	0.4057552890010877	0.8130939594316603	-42.879081800815584
6880000	2.60184043152035	2.817886372503592	0.8859651854922368	0.793052900455724	0.20418704742032923	0.8682322025211225	-14.816612862057479
6885000	2.8019569068478725	3.0301581421532187	0.7363257074552859	0.681856472237197	0.2514711806202483	0.882532492189343	-29.638543855145915
6890000	2.6995510818018755	3.045318872192201	0.7834586615406205	0.660841005412986	0.27751789269354443	0.9660864999942019	-33.47448238817765
6895000	2.9181491263961306	4.1119538797433455	0.7285429841727864	0.4610885800405372	0.332348874093666	0.7676636610641719	-47.265875456755595
6900000	2.8104587133242545	3.4013235776221875	0.7417000877515638	0.7104407373356804	0.23612251082691527	0.7608770962637955	-35.36865873527836
6905000	3.620494095655064	3.669720243166744	0.7926357929056134	0.509194017983884	0.28259653976697613	0.8440690334526685	-44.092446109640555
6910000	3.2112688382913026	3.609497114885208	0.7812643242593788	0.6569024462619977	0.25091590150867554	0.7324144148897473	-35.433172700903256
6915000	2.60184043152035	2.9759890534677265	0.7269165773298427	0.6678982001862581	0.31357423605066514	0.7450363030938955	-31.201881959658785
6920000	2.647596046888253	2.740059412114423	0.8183191581311237	0.6817553496702443	0.24202072856804735	0.7615850914254968	-26.355387716882873
6925000	4.434092201851837	6.03229101914988	0.8675950367680975	0.48034083616111695	0.274064795332382	0.9896822619004355	-46.34186139121937
6930000	3.23107876872016	3.2772383809903682	0.7586237679532271	0.6490017227020158	0.26908786672123725	0.8522945093874226	-36.68946835656213
6935000	2.7755199815407092	3.674990269465081	0.7675565497532985	0.6500184994957449	0.20373051333932884	0.8480727397137336	-35.34368257440061
6940000	2.60184043152035	2.725235982253792	0.8519789207467493	0.6281086582730269	0.23188851422853748	0.7472600882184331	-40.371826722369036
6945000	2.6557793800322136	2.9128578858306335	0.830019487259141	0.6786068414566171	0.2881387399061589	0.983346999831219	-28.585602516179467
6950000	2.60184043152035	4.29451207068934	0.7968579603000528	0.6772581944540614	0.22083861465767982	0.7030144651241192	-35.16600396260455
6955000	2.6834301343633267	2.8076262211014056	0.7819572991129065	0.7520962372072497	0.2196935302989778	0.8512925239774273	-30.842599714798496
6960000	2.60184043152035	3.1984223357735506	0.8069717308908878	0.4555871855418999	0.3732896057456781	0.7096363196504266	-40.4352039575479
6965000	3.4622263154381825	3.621777262332493	0.745173337187768	0.525210436643581	0.30925227259207333	0.9142679698674935	-41.27180936905028
6970000	2.60184043152035	3.8806723175989815	0.8242541058000921	0.6658037396075138	0.21190062924494338	0.9761520089167257	-29.803443831926074
6975000	2.9286734362669105	3.3835153740586255	0.8687247615570123	0.6283495135549614	0.22489401785966495	0.8889665799017586	-35.50851838074199
6980000	2.721156080109475	2.954523370416173	0.7961093777556133	0.6274671368440787	0.2341101499867255	0.7035765440721937	-38.24271818242071
6985000	2.7865885324422166	2.8292509943771136	0.7904087671968943	0.539298195665317	0.26316422332761513	0.8903718151426484	-37.90044684324055
6990000	2.60184043152035	2.710289721840942	0.7892316730704352	0.6935939308205635	0.20040932724546215	0.7601015273443229	-36.07135209054931
6995000	2.9854336935377837	3.2216055698579242	0.7001533871257032	0.5505012485438323	0.30392325149333527	0.8052472201275215	-45.332205608090064
7000000	2.9025103831204855	3.573116193197976	0.8350079086953264	0.596555478700842	0.34813811178282417	0.9902001079768518	-34.87010968249344
7005000	3.158159334701933	3.919014118736395	0.8466648228295126	0.6143165738539526	0.22792093399991428	0.801460262581851	-42.212236056948875
7010000	3.257079219419344	3.5872510150019727	0.8651135573955958	0.4744389311876223	0.26123028221523065	0.7038028167541609	-47.199019017233155
7015000	2.942502856283957	2.9948090956520805	0.8786289003870521	0.7206562971435675	0.23121688192522097	0.9300465538279146	-32.28598407765419
7020000	2.948742986521419	4.9088891185894825	0.7047337944705958	0.5134837706926774	0.39563599317697146	0.7054003846856933	-43.11505640989373
7025000	3.349638310113668	3.404455354410718	0.867644018908494	0.4485746928550876	0.33329864498845774	0.7653544060470037	-38.40082617633698
7030000	2.7855851517964076	3.001339570076575	0.7666507307329142	0.6238914964879879	0.3083837782297007	0.7372877098583905	-33.46500520579432
7035000	2.60184043152035	2.653961315353997	0.7035031803944153	0.5801129017572054	0.2650658189901489	0.7540154165974184	-36.69814741633628
7040000	2.9113664062636495	3.094462607132619	0.8560028048174104	0.4725163326071902	0.3800559637221867	0.8483132515132973	-38.02673772356351
7045000	2.7396915540809896	3.5393410915681716	0.8955783578805426	0.4920946214369198	0.28371210797184276	0.727034542572969	-40.488561459769436
7050000	2.60184043152035	2.78491923184818	0.738011663858312	0.749945258718108	0.27383781025021914	0.9623894693512915	-26.253460221468835
7055000	2.8051316719093866	2.97614758359508	0.8441572691684827	0.5563998362192536	0.3584810600863254	0.71472769321067	-36.74017720954126
7060000	3.128899482908661	3.3412332467337977	0.7115114203633773	0.6728110914588006	0.304915955407666	0.8004527810734273	-40.482112501188155
7065000	2.73797973588044	4.113990558994477	0.8579144066006081	0.4793455088682086	0.41236791072894197	0.7720750539063796	-41.19694518827908
7070000	2.60184043152035	2.905319590734777	0.7386111941027865	0.6464828892240576	0.2029108351771561	0.7574151212552942	-35.33384672247742
7075000	2.6378180560744076	2.8998370599524557	0.725307868269469	0.7269780222796728	0.28453329173013564	0.8371321503420002	-23.879137356242968
7080000	3.183586948845777	3.7482578439048826	0.7632818237476007	0.7505087345229006	0.2500817592635898	0.777175367685617	-31.365844287421908
7085000	2.926714149465736	3.383618657036906	0.7816389745329843	0.6258706886651605	0.24120354111392217	0.7922369822401463	-42.699042013653155
7090000	2.60184043152035	2.7545049319072046	0.896229401368133	0.6543471933401726	0.27551343592889943	0.8208700972241973	-29.222618628101774
7095000	3.1115170953892357	3.818491676528206	0.8280736525373541	0.7043119092384185	0.22340753562205967	0.8626070278128969	-33.62040319765377
7100000	2.741485953034107	2.8273626799155602	0.7355419921682216	0.76428768309913	0.20850178403089742	0.7750230252030423	-30.92385802160687
7105000	3.7878123722977906	4.5778626839301255	0.7969973363613593	0.4267588501492304	0.37547962227178466	0.7043190279164333	-45.49790423426138
7110000	2.6675161644841454	4.053953427373963	0.7616002185249928	0.6756937540705	0.22451145025679756	0.7428408254100346	-32.90980366390022
7115000	2.60184043152035	2.611440925775526	0.7878376416371174	0.7058496293192043	0.22579344100615317	0.9548285829840572	-32.329203201490486
7120000	2.714279652652161	3.578226340407159	0.837796876098553	0.4759764142416551	0.36211527536313154	0.7016126022729637	-40.191458869542025
7125000	2.60184043152035	2.9298362509124773	0.7331902819924151	0.5246268312079332	0.3877755429290735	0.775549213829766	-42.01672851258387
7130000	2.689654790054528	2.812538473811681	0.7853563492402601	0.6136599851318962	0.2789660814073366	0.7389296225617403	-40.03888137091349
7135000	2.8128963063126844	2.936549237827827	0.8277931032845414	0.4315614579184439	0.39090324944967847	0.8373021960680486	-37.811013875723965
7140000	2.60184043152035	2.79191160971141	0.8412218019952199	0.6313990723098977	0.2275129016289141	0.7527983992220859	-36.43543276890677
7145000	2.60184043152035	2.6805796823228563	0.8629057225049203	0.7689266701784012	0.2818862593692386	0.9790761520482092	-19.934618240669717
7150000	2.9603630088413277	2.975269896507129	0.7449239121268609	0.5699714228053968	0.2513665879272999	0.8402251954869503	-51.02368616775577
7155000	3.01087147335028	3.021633857178524	0.8095452479776555	0.5007193310732243	0.363650313853475	0.8852456585459018	-38.64595814111923
7160000	2.67058858895464	2.770662930596273	0.8713288075865884	0.5015257548413541	0.24874730160962616	0.8270829434445187	-39.22678598692945
7165000	3.3660188831733078	3.836917133233286	0.811266082921299	0.4354218959121934	0.3478374708406009	0.7215941570731244	-46.99871315694741
7170000	2.6513829860254514	3.5559387173734636	0.8961495643775166	0.6729658828035849	0.2335267132711893	0.7569122386846301	-34.070775070545125
7175000	2.6686522840461047	2.84877317146628	0.841755713832523	0.7263135544928855	0.20570451034677326	0.7358516685687441	-24.07686426088194
7180000	2.7503327230298695	2.9176820489889033	0.7786925230851095	0.7147186560642833	0.20906518508066438	0.7443797239069753	-31.671404172431743
7185000	3.1124130399972483	3.4472574287923354	0.8036956955435453	0.4522285681591004	0.2804886338195068	0.7086042021923542	-52.03024579649979
7190000	2.797246842204131	3.2803443089806765	0.8476119290393312	0.43045575771937733	0.4361628813256287	0.7566916455509837	-40.44210938469824
7195000	2.60184043152035	2.8838252676478375	0.7852013863443074	0.562919744808038	0.2585348060467831	0.9200358886140232	-48.05697017627816
7200000	2.724246430118317	2.8934337125269014	0.8533271685540118	0.6233330041216899	0.23432607476496342	0.9191721096384479	-28.664492582109464
7205000	2.7493928730174475	3.578686989265783	0.8794717851696825	0.4703493913717906	0.26686331664814483	0.8401269936661697	-42.622662866788154
7210000	3.7066292790448534	4.4222836786187365	0.8428308975870684	0.5880198799608068	0.20365957699864545	0.8708821804420003	-41.68388297641249
7215000	3.006595705346692	3.330796212764039	0.8725997499892802	0.5190075245867007	0.3189531601953198	0.7062086562077249	-38.985669239146915
7220000	2.6273178756108435	2.9524825457756743	0.8409615250145127	0.4955525465232299	0.2525300950110677	0.7901519333640826	-35.69160536886426
7225000	2.628066170735886	2.641002693280921	0.8247533918691408	0.49332934550283936	0.326459640175854	0.8679438317994147	-39.9425331783618
7230000	2.6022159302989993	2.6374813840694205	0.7270693803216925	0.6368144988082105	0.20652093355244247	0.7903715101573551	-30.07007379014692
7235000	2.60184043152035	2.6585037340238595	0.8853458946972842	0.6837588883914627	0.20737659856583063	0.9437075703549265	-26.985186127439288
7240000	2.6148773256030835	2.704836806606269	0.8991869482686377	0.7373559719845543	0.2272798783899178	0.7288531228954945	-24.955372034939362
7245000	3.462892674087893	3.559856327329564	0.8632706116562294	0.6624374483865486	0.21961495491332506	0.9938576747858945	-34.58305497869791
7250000	3.749832934380987	4.010436002059597	0.8808148184397915	0.5003754197107793	0.20369565178222107	0.8721592375727577	-42.72269044173606
7255000	2.996197942287845	4.382544870397973	0.7319258563007619	0.46387765341827325	0.2581823620835518	0.7494258319464231	-42.234779463376704
7260000	3.1189640012890587	3.433243239821891	0.7712397489666802	0.501882569112686	0.39192165839746096	0.9302543105512421	-43.820539250980566
7265000	2.818774261180999	4.348160275875292	0.8695624255495679	0.6321022711159376	0.20753416925283064	0.8844635281102269	-36.375189574694616
7270000	3.223605445568889	4.675569668912565	0.7625863651961007	0.6305623246959974	0.213796114639868	0.8731620965146102	-45.34358878324212
7275000	2.6146800780732877	3.1895731416037436	0.8757175730712532	0.5952469862011404	0.2616279149319162	0.715410709156618	-41.56248766977426
7280000	2.7725141138511837	3.155534997632062	0.8612126002583934	0.7020935924355663	0.21452793683708837	0.9149147829928359	-29.446785514273568
7285000	2.60184043152035	3.3383843742739607	0.7828302449480558	0.525282344615496	0.21320302772860955	0.7560847241463637	-36.93457946314961
7290000	2.60184043152035	2.8929789403830566	0.7853479987422617	0.7864975628791679	0.20727098403897362	0.9462053436814925	-28.885592431144207
7295000	2.811080718705494	3.733324832362352	0.8200540457381419	0.5205057647033932	0.32386284148527267	0.9614428961962501	-39.78779663054658
7300000	2.60184043152035	3.1996940419662345	0.7274130958498152	0.6708699824646743	0.27607205965422094	0.8292122983145429	-27.53292511261364
7305000	2.851581605608482	3.905846628917326	0.8144787213842833	0.5124322034617917	0.31515986661139334	0.7426664608464724	-40.095641608018646
7310000	3.493004865765008	3.740434785961811	0.8435028956299556	0.39508064491612527	0.43812178385126865	0.9614071409032605	-53.51534564700545
7315000	3.133544802522749	3.388423653873424	0.8006270464552919	0.5040858326416754	0.26956294809469245	0.7360794587554398	-47.77066557178387
7320000	3.745387066900547	4.550217660764828	0.7308891700659766	0.7067168849908021	0.20439498561144126	0.9720654641936243	-41.811198025388926
7325000	2.9145268188741813	4.13999263103981	0.7913035945164713	0.6946014855033161	0.22286863028026618	0.7448930815902863	-27.245854839996746
7330000	3.2119157750727365	3.295420090259536	0.8863386103588916	0.5359586806344726	0.3764052762107384	0.7413065462387795	-48.284754046581185
7335000	2.623204471832665	2.7845743707805957	0.7656682977985276	0.5727645640598255	0.281229666039885	0.7469810235161016	-43.67922288195577
7340000	2.60184043152035	3.7031862237774207	0.8060595194760595	0.6693673250622734	0.23876880700499095	0.7858708956762532	-28.938800328920752
7345000	2.902470876872443	3.020179525107422	0.8757379072071927	0.46965244603619644	0.39226081870371193	0.7211114536687584	-39.757360261619986
7350000	2.844464124080708	4.617613636547939	0.8328058657184618	0.31985776942871125	0.25685902327527577	0.700263996762091	-49.55100249334178
7355000	2.60184043152035	4.13792662012245	0.7416919384361745	0.5553159752943538	0.23323637175514236	0.7657211907089714	-35.19258564789211
7360000	2.746285445630041	3.494111113222874	0.7711589453352947	0.602142743057711	0.2713450719665886	0.7638367108599677	-38.14455774556065
7365000	2.60184043152035	4.458920898071404	0.8254740660528656	0.6124418199842656	0.26725896271272453	0.7546506453991949	-32.80713979748775
7370000	2.6232129380095524	3.0653887195004725	0.8550784232112324	0.4116487030183906	0.3744506373411284	0.7724501649860924	-40.53279884041122
7375000	2.9287033548071277	5.094078566877347	0.8203050711683072	0.5389212786645229	0.2536595298409595	0.7581123647759206	-46.83405411489748
7380000	2.60184043152035	2.64368903856616	0.757984212330263	0.45917830844042506	0.5082617180446611	0.8665899310387913	-36.161091185591914
7385000	2.8897838762876726	2.960555461647029	0.7890301745681214	0.7081524047839746	0.24395244144195632	0.863075700892709	-33.21757060382623
7390000	2.60184043152035	3.631076199993301	0.7286436831933456	0.5877311865145896	0.24124558865312246	0.8073276017548006	-39.9770343309618
7395000	3.3308881603415497	4.128099726294796	0.7612966101938196	0.6409712897981698	0.26586261215098284	0.7037482522679597	-36.967490923727645
7400000	2.60184043152035	3.343494008787124	0.8916373049255331	0.53409871878346	0.27130558113076486	0.749028504253958	-37.009802875063826
7405000	2.8839224485710404	3.478427527431738	0.8425624473154163	0.5172957247233133	0.3729964313779535	0.7648255877542397	-42.780933032508074
7410000	2.60184043152035	2.710474649029945	0.890091835960644	0.6671567264688008	0.2021332969138742	0.9577190817253995	-36.66237254948499
7415000	2.60184043152035	4.094255160907408	0.7177005700684805	0.5556040230208863	0.3355285161339071	0.7154466913120529	-40.30133417862212
7420000	3.1024856507207765	3.4906621019731934	0.738445775734562	0.5885761132194526	0.21737772196029698	0.8823235140724273	-40.59392845306732
7425000	2.60184043152035	2.887695312116291	0.809061435568565	0.7596754182386316	0.21422305062853716	0.9876334563635815	-20.61561725167103
7430000	2.692502220965753	2.745459592244128	0.8206342602068092	0.5969556153850046	0.27184488847350874	0.9086260583405984	-30.68735390501939
7435000	2.6641290572669054	2.7670800369841446	0.8052738662660072	0.4870335429424727	0.35057204377975804	0.7061177498768897	-39.11556785249762
7440000	3.1998585468849745	4.557336511550403	0.7633717879868578	0.7151276226714957	0.2560482816471441	0.9483260539736995	-28.164581312187426
7445000	2.60184043152035	2.628563607353136	0.8989018447120684	0.5890564036316532	0.34277803887327973	0.7462865674586547	-29.504894766956955
7450000	2.618423600867856	3.070564596301057	0.8119251594244251	0.6662548166208395	0.23686727531435897	0.8090770994594937	-34.13251694939892
7455000	2.60184043152035	3.693104906024905	0.8989388507551288	0.6158502702757631	0.24682486765841083	0.8849476458150011	-29.86512177415522
7460000	2.840054810935799	2.929648553722926	0.8860925008571475	0.595060312740961	0.31614485399261655	0.8988590732777464	-35.188857425416955
7465000	3.175257637177307	6.3226754841726756	0.8687196411744351	0.5399884386978383	0.21168431555953737	0.7211192300516651	-46.686277014838375
7470000	2.60184043152035	3.185311770079935	0.7041767883684451	0.6762389286407592	0.20684959175508205	0.8388676845601892	-37.55295194544824
7475000	2.60184043152035	3.466166101543175	0.778239495278623	0.5992805582105504	0.2209535416980368	0.7152135819844749	-38.30711657467431
7480000	2.60184043152035	2.9210130509703074	0.7336967042267915	0.6737284478120542	0.2561614359588865	0.957660716320759	-27.84075116705353
7485000	2.60184043152035	3.0627007365866112	0.8735154118898997	0.5918413531258803	0.24158965714556202	0.8925546073542762	-32.75847858422962
7490000	2.60184043152035	2.9009219448805887	0.7121490406982403	0.5997357046691643	0.3507246511509534	0.868617631182616	-42.90757161977472
7495000	2.60184043152035	2.8094680407059314	0.8450391888940886	0.5960019276849168	0.23834468566598419	0.7420431665467953	-34.21249031984285
7500000	2.8493289338996988	3.1615077233905464	0.8042937738561657	0.5126131969911476	0.2829366272955082	0.7772867882768879	-41.91746079342004
7505000	2.9939891057740775	3.220141622841204	0.8255980510818335	0.4441840949262493	0.3771678425519809	0.7930039159542422	-43.924941049309716
7510000	3.0056228982714943	3.2514632761666604	0.7514030600867159	0.6792122756838765	0.25278411773091386	0.7131515407531624	-38.80506462756422
7515000	2.6883342868745927	2.8171562459304984	0.7128518992906625	0.6734398829563785	0.20007963838429357	0.9212311666659398	-32.88603865738791
7520000	2.770482359368089	2.9636613245519103	0.7735112097829946	0.6859993290351708	0.20494468174419986	0.7971616214538431	-35.80558487407326
7525000	2.698236676439487	2.9538329125925475	0.8235278407700248	0.5816172426275736	0.2434298420220049	0.7919255133687451	-39.793275381796306
7530000	2.60184043152035	3.017886118650453	0.8330755527695048	0.7251270107358577	0.24512362850281208	0.7516125079346666	-28.322356093855998
7535000	2.8462292845920993	3.125211225664406	0.741280382155811	0.6742522383407089	0.3007740119854078	0.7784370396168628	-25.26064736595396
7540000	2.641305631037883	2.7755281107701517	0.8566757246500156	0.7540312268713482	0.20038871629162525	0.8894000197621087	-29.513801351593283
7545000	2.929292187227859	4.663566787127809	0.8050411948573856	0.5907435824853807	0.23165761001770174	0.8038526399706003	-45.163021039040515
7550000	3.1747330672278213	3.1835365636842003	0.8407924238343192	0.5991092068588297	0.2810409008706251	0.7176128346843117	-41.401997619448835
7555000	2.682257670983276	2.8109298608473194	0.8424592959627557	0.6203016941618978	0.25890386800904786	0.9261887423759257	-33.61213453976555
7560000	3.316581035592341	3.670846587577723	0.7339414559986844	0.6088414648443559	0.33108733855019	0.8990559196026527	-35.141369702305106
7565000	3.6439894647029765	3.9298280303894786	0.8912269443431198	0.4752421616351118	0.30363392544270745	0.8094623548908072	-47.859591976428895
7570000	2.7181717299522377	2.73520466219427	0.8421114061440207	0.5727227249824791	0.2751419739876909	0.7543947301719932	-35.57126970482474
7575000	3.1754175299710425	5.192853361963123	0.8737469289063873	0.5213051440555501	0.3086316457585869	0.7049670470836938	-40.408576265272615
7580000	4.304883712000897	4.335036678328446	0.7160414248472556	0.357623644759149	0.21857703422909167	0.8194284347329504	-61.78279861086954
7585000	2.8777531147956994	3.2567551726610238	0.793384267870395	0.4450307948253484	0.4522839953729111	0.7912521984887212	-45.412008511918934
7590000	3.32905217352366	3.6362218264297255	0.7285750255720124	0.7029113596878546	0.20015827508271306	0.8784660038139062	-38.431066543429885
7595000	3.051583075471799	3.2424902331842604	0.7096957158552994	0.735741298761918	0.20407651992143924	0.7972624720896588	-43.08275636986538
7600000	2.9730871657442135	3.808093125478867	0.7849040200648179	0.47749470974561864	0.3655695437938275	0.7360819007740393	-45.95025444241338
7605000	2.7364898968125626	3.5061268087149386	0.7439765232783925	0.6590754511160039	0.23728804768669887	0.7519726307123676	-39.70204041349723
7610000	2.60184043152035	3.3600793346684816	0.720979138655621	0.602402796419308	0.2377308793092204	0.8157386602323712	-39.991605429568246
7615000	3.561317965008543	3.8752656446418183	0.7512914449578002	0.2892470367261151	0.35349512089080565	0.7041454377375889	-50.89654934776698
7620000	2.60184043152035	2.8144644965724517	0.8784634176025033	0.5669947646176473	0.24373294149563846	0.7962288533380593	-38.59947790795418
7625000	2.60184043152035	2.8457539863236945	0.7237305548673874	0.5925902964789136	0.31288925653069544	0.9150322931206302	-39.40281475955425
7630000	2.60184043152035	2.623134249413819	0.857108496922752	0.7891325766098171	0.2088847111704746	0.9237738633916589	-21.082047973385084
7635000	3.8624091698421195	3.903803983721072	0.7442520487389915	0.6019859032331553	0.22474470768636662	0.9136949259801559	-49.03860827740148
7640000	2.9167121142355366	4.458577881852579	0.8097039501989207	0.6032986179712398	0.3178746829986617	0.7261144757096769	-46.28511219582864
7645000	2.633366472331943	3.092299202627931	0.7504042941998105	0.7889413015464336	0.23528485789441494	0.951293168091645	-27.931170542564175
7650000	3.0981030884320497	3.1205556006196775	0.8598460520798743	0.579164071685191	0.23364386591755076	0.8049053557805163	-47.44969900750345
7655000	2.6872309438936997	3.208343665851673	0.8046752039677647	0.7928067769831422	0.2605710072672567	0.7941530698202035	-29.89803505023567
7660000	3.0020693343202614	3.026483001444223	0.7559966855261331	0.702378099451871	0.2192108468225837	0.7738581304855235	-36.12392783684499
7665000	2.7730936528873578	3.0059421329737273	0.7866220417047932	0.5603683419719999	0.22239638066871964	0.811606542830653	-38.97143170032702
7670000	3.6067072740679924	3.723640633796725	0.7930590701207018	0.3810452429320829	0.38992432574355734	0.7277923706566357	-46.729701995064545
7675000	2.60184043152035	2.6319454996058216	0.8095774471205295	0.55015953361836	0.42221552592637274	0.715451657174243	-41.25279737357822
7680000	2.837623689824249	5.72161255710321	0.8597649486084789	0.6180156655986735	0.20656986634391608	0.7343485205899342	-46.251355274415246
7685000	2.6545000943230552	2.8196580473971102	0.7074133424417874	0.7112710990485819	0.21428954591825192	0.8143109956032213	-34.10304649547905
7690000	2.60184043152035	3.2619271647919024	0.7563331880364459	0.788298517729199	0.2216935281681776	0.9425898316507074	-32.90792405565486
7695000	2.60184043152035	3.0109238687328874	0.7956199981833777	0.6614789806916188	0.27546855650547575	0.7287706100779859	-34.7857671705703
7700000	2.60184043152035	3.064607433944957	0.8487366806600636	0.5329830755475123	0.3872653996304419	0.771690689358195	-34.78023837662078
7705000	3.367115538905788	3.4165916412891244	0.8532861013000679	0.4125349155218399	0.37410792872560056	0.7277634851109288	-41.50220929860925
7710000	2.7670252011818635	3.2573246278097416	0.8664874915866491	0.539834070337164	0.21450885628850722	0.8408867633185437	-37.76938403370425
7715000	3.0436175962523926	3.0619466756161366	0.8099952752504659	0.5778464372956899	0.2589046618146856	0.9973028716454849	-36.686148201574355
7720000	2.60184043152035	3.279120736136433	0.8983915823838775	0.6253524524757016	0.22822370543955173	0.9626048627823097	-28.227631676522645
7725000	3.5316453406340087	3.7663025937003423	0.8271949991069109	0.5412773412372736	0.32896386590091387	0.7563772832839606	-39.163879033808634
7730000	3.4491772802295118	4.0499911175621515	0.7621190158865546	0.5411888858543833	0.2898792724783505	0.7291854263212403	-35.89117590110018
7735000	2.60184043152035	2.6318202060915876	0.7169242047419326	0.6784125666713038	0.2207062079613542	0.8047542711615104	-26.636003751220805
7740000	2.6071210605725823	3.48987039007058	0.8129531450473952	0.5622736395688913	0.281505585475692	0.7871896752853966	-33.98202096643232
7745000	2.60184043152035	2.65514197815384	0.8071517696225312	0.6951870787308448	0.2886794096934224	0.9431539315244567	-27.211999026203706
7750000	2.813327128378731	3.0009199045851602	0.8306850661935977	0.548316321323204	0.4101444339607509	0.867431956686794	-33.251162403753135
7755000	2.754522642843124	2.8644683531316506	0.8344018446660539	0.6903585743248022	0.27239365174348107	0.7169513960603087	-29.49167083646466
7760000	2.760756951038829	3.0661133370582063	0.899191846747163	0.5392235078664006	0.23409715643811305	0.7424195783146778	-41.34899667444868
7765000	2.944103002069943	3.380276734316349	0.8067123313878689	0.7129876839609391	0.2650425412579581	0.7277084417215538	-29.103346997462477
7770000	2.827105793991313	3.2802815163949743	0.7063144839723905	0.6880797992275405	0.2560660169827652	0.8203848780613322	-27.91639515190428
7775000	2.60184043152035	3.9636196095662393	0.7674795981805563	0.37258169564017646	0.44206551193632115	0.8294221628479685	-45.42556288348882
7780000	2.60184043152035	2.789874806210432	0.8700682427365012	0.6839302529358567	0.27867964503867704	0.9893432199097758	-30.214376665321097
7785000	2.60184043152035	2.9614020755575052	0.7141599905241548	0.7635211517324623	0.2372747713489463	0.9924176439740198	-22.848666975925028
7790000	3.0592082190098235	4.30467680003411	0.7603890169176677	0.5091268797738995	0.2819014506796994	0.7402467573217436	-49.32534648733227
7795000	2.8753933361061925	2.9212784898366015	0.8789840221311477	0.6902709138481969	0.2802137672426655	0.9338834466371996	-30.82920096091454
7800000	2.820527268292369	3.164001974356458	0.8846341358537146	0.544966819181894	0.20761637611052644	0.8595309468713023	-32.229372549018116
7805000	2.7230201877878204	3.6424913635120624	0.841189654525576	0.595485594850559	0.27510328044264	0.8387735058920905	-39.976504440746425
7810000	2.608231898373432	2.9055146473208424	0.8773027305622624	0.7027877985031243	0.26931554997360413	0.7007554376833666	-34.058856812860725
7815000	2.613591472391904	3.5216945795243535	0.8050654448986936	0.5966915697006672	0.268123393593439	0.7931277972247697	-33.10862237713915
7820000	3.1050674008301304	5.0940265431834115	0.7986845560228771	0.31474691421201656	0.49467265153282086	0.7472808175125712	-50.48019689083549
7825000	2.6625318505208035	2.9039648918799226	0.8206178133670117	0.5744991856595347	0.27309471375807404	0.7728653951765879	-32.666127927156325
7830000	2.6229930429785893	2.6586394361548833	0.804401433999077	0.7007568593624022	0.21239436322108016	0.8381101502580299	-23.919187697563725
7835000	2.60184043152035	2.620174908278079	0.7949010967076248	0.7469477059698443	0.2625080977273023	0.8892668260500713	-20.878860062676335
7840000	2.60184043152035	4.582189569516876	0.7024403798503163	0.45114194783347256	0.3652087813468167	0.8528297299173679	-45.918313523639235
7845000	2.6118380171445454	3.0968026061322673	0.8668038259585216	0.5997526603055424	0.23961292258098174	0.8496180301174893	-37.08140117777062
7850000	2.6801905542062348	2.979336268647357	0.7948254689078464	0.6092080745644165	0.21206997850747977	0.8081355045542412	-34.718860059543886
7855000	2.7412264128691466	2.7570816810257592	0.8367356564003168	0.5520592304445976	0.21983967268638804	0.8371375799665505	-40.1929050394898
7860000	2.60184043152035	3.311087480329264	0.8270064120826615	0.7457276175033641	0.2449745412491196	0.7927661909756785	-27.44197636903708
7865000	2.626452724274128	2.6610961566205034	0.8965412320840256	0.5750498145397319	0.22179122781646413	0.949420345024239	-32.26705703022646
7870000	2.708858267194121	3.0325250805030413	0.7603013610438709	0.7863064972753816	0.22439877001745043	0.8930960670875664	-28.255501134758337
7875000	2.60184043152035	2.8881339725770627	0.8212098588214766	0.5619732264865602	0.2937094684867807	0.7884524808084147	-34.76236750334984
7880000	2.6450755607842846	2.733412207400186	0.8306178365860665	0.665365477625781	0.2180662572374341	0.8666763420931448	-27.844960578584907
7885000	2.60184043152035	3.0753695224609343	0.8097602124217569	0.6894896967779091	0.237406876142248	0.9777313073093141	-24.62545611188204
7890000	2.60184043152035	3.6940337630416287	0.8813667911109301	0.6932069276180347	0.3113339085865924	0.8379495899963668	-23.037777878161936
7895000	2.6965814487630797	4.675386199090245	0.7398060950229457	0.6428566510557383	0.2238709470992544	0.8295678582708214	-35.40942801651068
7900000	2.60184043152035	3.4686071490032293	0.792810732398466	0.6210373360324466	0.2818528690762658	0.7386887403833997	-36.4070151163524
7905000	2.60184043152035	2.707430473515976	0.735542518767921	0.7239944856431224	0.3262304034264865	0.8155122699190581	-22.03807498712685
7910000	3.0616846894357743	3.776163561265526	0.892978410566175	0.6370750851392277	0.2373328802866987	0.742543967762857	-43.522632818604265
7915000	3.169451222488652	4.059764909678638	0.8951185605227954	0.4687989221223538	0.20338052911799923	0.7373168108913901	-52.920341666360166
7920000	3.047541916783783	4.829239403141466	0.723027783548135	0.4989097219390753	0.26520706159819635	0.8509511613613355	-47.665617476061755
7925000	2.6538496086356083	4.577042434601738	0.88338504326342	0.6080621713904513	0.21100232290098375	0.8416378663185645	-40.92978781799482
7930000	2.6591773639270873	3.321103420971352	0.700722442604356	0.6680245768405693	0.2934139448674818	0.7203387790520387	-37.294044268379764
7935000	3.160316315521132	3.1747762489623206	0.8861360255704891	0.6524066765349957	0.2526757618977035	0.7127437695119467	-37.06810681177838
7940000	2.69076065575691	3.3498263933868557	0.735997894284332	0.6062964090767166	0.2213882546582485	0.7646532518076454	-31.362640847906107
7945000	3.5084474889413704	3.9996817429229137	0.7819316789304547	0.6247460040875298	0.22623250564079106	0.8580793990262129	-41.72237379585431
7950000	2.896903507187817	3.7284212946660515	0.8801959720719849	0.7952536952266773	0.22084322131357007	0.7326617575087008	-26.698572738541106
7955000	2.923040304104849	3.7612972694024793	0.7852346612335582	0.6697839567993326	0.326245310176943	0.869070819608256	-39.78690937138295
7960000	2.699818080413411	2.7274241835255406	0.7102477000549846	0.7382043094154269	0.2026349261837982	0.8576748294647989	-24.118963491799356
7965000	3.725454770576044	4.342294540487934	0.8656416638991583	0.40616371863084577	0.46682938324815687	0.7621856284712529	-52.06327038631799
7970000	2.7890683213822767	3.0173635526060947	0.7450812256007796	0.6905967571076504	0.22180943593276622	0.8082294138264822	-31.920523658095597
7975000	3.4942261868019506	5.267174404252451	0.7633536714161377	0.49294785475606345	0.26877353464412096	0.7768643002777881	-45.83559695000619
7980000	4.753342332743685	4.939890569875244	0.7401553842101571	0.5359843409373566	0.31259346147959544	0.71491340353017	-48.12475022130602
7985000	2.673651501692144	2.7831320330860985	0.8282021484570551	0.7185557108084026	0.21573498904998745	0.76588057960163	-26.76639879889049
7990000	2.60184043152035	3.30452721520981	0.784283933625812	0.667581181810108	0.21196487565668756	0.8842474017607497	-34.97454311166842
7995000	2.60184043152035	3.0324118336391845	0.8222436466869808	0.5730604671646564	0.29407901417085425	0.7866694226685651	-37.45568926835328
8000000	2.60184043152035	3.2992441900428	0.8190172576450995	0.7501699698744676	0.305366499230096	0.9648147290461726	-24.26815614857831
8005000	2.60184043152035	2.703711059001866	0.7774056946515159	0.7353944351780739	0.3035800677688745	0.7086663552340838	-22.230638883289508
8010000	2.6968267998231186	5.47948772442889	0.7364004672999226	0.5752845140334846	0.20792054473099658	0.7722130863237284	-42.60653134385151
8015000	2.7615309612961507	2.8884903131667254	0.7393313603557753	0.5685110734779242	0.32928969243404266	0.8362614527224779	-40.15089674256138
8020000	4.1448100654224	4.748258634692135	0.8574068890328426	0.4468909415747265	0.2575157315369743	0.7591499515049748	-46.38674370562282
8025000	2.670768098490103	3.272081608607323	0.7444101416179819	0.6097896962234706	0.2759819059977748	0.7565495240596001	-31.708162544815238
8030000	3.0077581149293104	3.023108582175794	0.8679322843981522	0.6039638720038291	0.23373066018434704	0.8693901422947506	-43.31933434164568
8035000	2.60184043152035	2.787627077990602	0.8674439319741275	0.6756644696855557	0.20439443011682362	0.7889864678024289	-27.77063582163184
8040000	2.60184043152035	2.6551859145917382	0.7916015636252802	0.6047420266175897	0.2441407885219138	0.8091179468236048	-31.787895996028332
8045000	3.214677102003666	4.015119757983335	0.8096363915751961	0.5183669317104463	0.2740465246913753	0.7381391353986768	-53.97223215352022
8050000	3.1444890840900688	3.2991790056876913	0.8868067220330625	0.6889107599750183	0.2435029617072893	0.7108362977397663	-26.96248976968181
8055000	2.60184043152035	3.140933223471539	0.8370146775397465	0.5754457768011093	0.25511757691837683	0.8002131119328831	-34.054110437046084
8060000	3.2824544841144827	3.5842867106928993	0.7040723808650886	0.6531202216240279	0.23062803651106356	0.9314607276203368	-34.16472387934506
8065000	2.7966720996476244	3.1490050719061258	0.7643975807723479	0.22568059909880617	0.5324828235952197	0.7336704590038198	-45.994356424277306
8070000	3.419275765234329	3.4799632731486194	0.8911570375079917	0.43087555236403985	0.3512006833443956	0.7845466240642526	-41.51035705019386
8075000	3.4221838998292355	4.4112095945763174	0.8075893433152835	0.45946823530126263	0.24494988748315635	0.7727431065868232	-53.205809740785135
8080000	2.60184043152035	3.2523063342081726	0.7905670814951962	0.7701629477141009	0.2234711552240158	0.7514858878950038	-24.059991823943275
8085000	2.60184043152035	2.645851066943926	0.8652569926037712	0.6521575918470188	0.205022276563541	0.7385497905143037	-29.34039902148626
8090000	2.60184043152035	2.7006284148565913	0.7080166201267877	0.6391837028604695	0.42930850012519134	0.9987292017239491	-30.808012705327386
8095000	3.5088304275357896	4.158323825591852	0.7945338793127706	0.5713604505479405	0.21680294309116493	0.8703168575793961	-51.97458737217916
8100000	2.916918261303565	3.073579331584067	0.8354935433787297	0.3945817893588862	0.44397052805877885	0.7127408764086209	-41.54298423930319
8105000	2.60184043152035	2.7768777528549276	0.7520981014845786	0.6041935551391726	0.4604295497761214	0.8833256707642408	-38.79302588048883
8110000	2.60184043152035	3.198030978826768	0.7912801359119848	0.5338809703132167	0.3324899737796945	0.7246261581486259	-38.88412691728732
8115000	2.60184043152035	3.280565422091187	0.7036506704665383	0.6782662643109612	0.27571369945738333	0.9982507718973731	-34.493035890576714
8120000	3.702018244554093	4.454896611418075	0.75354616873261	0.5694722223920914	0.27751914768658187	0.8404314516095632	-52.897512509136085
8125000	2.6151149474198396	3.331099702200707	0.8896975233721819	0.6516453091930156	0.21086099020878407	0.9590109418199289	-33.87345714621369
8130000	2.629729874292199	2.7166242293134206	0.7788774342959872	0.6352139062747645	0.3020737162517696	0.7387695857226269	-34.24846691729038
8135000	2.918501833109138	4.158669651672005	0.7771102944707083	0.6708602847521561	0.36372671945967733	0.9614535767493573	-30.972141990940735
8140000	2.82812115682678	3.43742717892301	0.7617418731806075	0.6901880272014751	0.22118633151830078	0.8679316438897848	-36.30541737692837
8145000	2.804848324624477	2.917344943501865	0.795361875176729	0.6718384730730986	0.2171467654456932	0.7935740188580116	-32.44214850680328
8150000	3.1179072109051478	3.184276590455138	0.7066777823154774	0.6131361276218108	0.3355553766812808	0.9281998046668168	-37.941443710639504
8155000	2.60184043152035	3.0465238874511096	0.8215044820676763	0.6383809685157652	0.26077047037270396	0.7692117145213927	-35.922710894237476
8160000	3.245580022847814	4.710937651303853	0.789002496480825	0.49814853291463396	0.2908952106533829	0.7477868332359522	-46.25950705948877
8165000	2.6471424848660488	3.7288365496228715	0.7926891806086496	0.5120209063888586	0.27955563858716415	0.7036870719692764	-42.02842714531848
8170000	2.7065862758853996	2.7632671997091256	0.8513524085851458	0.7561454514069325	0.33368396560303815	0.7762362119062841	-26.274760680602174
8175000	2.60184043152035	2.815278471273174	0.8727734557396032	0.6164019931730174	0.20161079206575724	0.9329510123274645	-36.01899949633406
8180000	2.7094988883529476	2.822727048817983	0.738407092413282	0.6944278232070088	0.22081655532478844	0.7912214439220451	-32.25784725281159
8185000	2.730888976627078	2.740439528261341	0.8620652846585624	0.7470022453763875	0.21271548367367088	0.9741575477224573	-21.569696110933254
8190000	2.6964026554605875	3.2233371574264176	0.8862967489918476	0.6156490298181972	0.20200156774889988	0.8912765178716799	-32.06027784921446
8195000	2.694347674963024	3.335201157105687	0.7075678782599549	0.6637078429774236	0.2654548991268053	0.9397831960806434	-38.04186474587597
8200000	2.929836268803803	3.963109559641949	0.7205123943271102	0.5186140830338478	0.3658440720803138	0.7526132404078666	-40.11988481793392
8205000	4.609189001009411	4.808448302740944	0.7942851609913775	0.40999931424867886	0.3194481300463145	0.797152796963719	-54.11870916562856
8210000	2.6697115452975133	2.774106117540684	0.7760178060127477	0.6398783133415781	0.20945053662578086	0.7353664348633415	-40.38240376868632
8215000	2.60184043152035	3.531655396211482	0.8469539458562171	0.5581327660441691	0.32035964241690507	0.8852605549614776	-30.811064871545923
8220000	2.60184043152035	2.631985825992999	0.8654047344796099	0.7375726275099209	0.23384085913774216	0.7085813622711629	-32.351035494213114
8225000	2.60184043152035	3.205617359450206	0.7218118289180833	0.7801493308333743	0.24840788182138004	0.9893008024158422	-30.395578785712235
8230000	3.044206725567394	3.125229208042583	0.8972513604109299	0.2573237755138269	0.48662321862198316	0.7122709540377254	-47.865610774171046
8235000	3.0072300406595867	4.723830499114835	0.7501134130689321	0.6226561882200821	0.24099128928211488	0.7060427281182581	-45.73671902541255
8240000	2.9692584252990546	3.3196906526832386	0.7182455416445411	0.43499561735373715	0.2959057364877957	0.9252466729795495	-48.751672006253976
8245000	3.3617600653429602	4.540349071035548	0.8142225283264524	0.44443882801360585	0.4235764154459156	0.7489950730821255	-53.8859285814075
8250000	2.60184043152035	2.7666336960344458	0.7415469693415152	0.7174595002388309	0.26768958730017095	0.9983149749834351	-23.0517120639158
8255000	2.731614010546221	2.7634232121440117	0.8024514544617984	0.5422059307209639	0.38714177811455536	0.9902575020418074	-38.81845666328427
8260000	2.811867062561141	3.0879830814197167	0.7443773525801182	0.7048339263221592	0.20536167108433317	0.8165753683979066	-30.758461259601606
8265000	2.60184043152035	2.6393619238206814	0.8138522385526351	0.6367702623601605	0.2507396017607493	0.8829898335657175	-27.952540719870218
8270000	2.60184043152035	2.6156176955400543	0.887933349894106	0.7030264287921187	0.22995850811065638	0.8384721331105633	-28.140269942377618
8275000	2.674134256175707	2.908762580171891	0.8992122943273957	0.7456115634725555	0.20485829044436873	0.8830626049159308	-28.356624583109618
8280000	4.255030205011365	5.484034982419608	0.7845082664139391	0.634455840576038	0.23425080342968108	0.9165577508340143	-41.14268317666866
8285000	3.0302659513206525	3.6003433852490976	0.7893084553756964	0.45480700852182343	0.4565954171801187	0.8398456657966046	-41.45839489892962
8290000	3.137129188007597	3.9352641596998903	0.8325686763481801	0.669093106502446	0.22391289762283453	0.7828817729716515	-33.657994954259195
8295000	2.697627103404157	3.454873858915516	0.8327307791227613	0.638950306428131	0.24790658047249034	0.797728063119735	-42.25763335200207
8300000	2.8719778260042523	2.945455838141827	0.8524102916590006	0.5640413844890984	0.24803756031792548	0.772260231269236	-38.62040508326318
8305000	2.8340535791583847	2.9962215187391417	0.7516051139551901	0.5996064910842155	0.23575000372967045	0.8925715994470019	-42.52646631776371
8310000	2.8169986072843685	3.335706460900427	0.7483879137553275	0.5003658539529259	0.32507647878842305	0.7311968734709838	-47.32761977046994
8315000	2.9077962322133533	3.0771254747316177	0.8389454108126596	0.5132188534431344	0.2833043678664904	0.9317377676044702	-47.539655566179526
8320000	2.60184043152035	4.4696339002659915	0.8973216943569982	0.6175692006172822	0.2174383309686664	0.7318710412756257	-40.84688186962863
8325000	2.7681461827797005	3.1897154423151255	0.7097997449290623	0.587328382955762	0.23110738746710047	0.9499238630846216	-43.8556979237906
8330000	3.45770236167937	3.4733699575413377	0.7609414960872806	0.6631084545374727	0.2057816642658442	0.7045601151577017	-46.39200745549113
8335000	2.60184043152035	2.942333192740863	0.7046367801983973	0.7551010050569392	0.20936002755851682	0.9962973061583459	-25.14161293855991
8340000	2.897098601037594	4.116426355719101	0.8319187674241172	0.6957785287482978	0.23547562904131744	0.7559447699752553	-26.897654324766314
8345000	2.630585768444861	2.905283125721154	0.8162243636677617	0.6407391357054698	0.21469313255093392	0.9609276602537069	-46.38729264541941
8350000	2.9529761065209374	3.224941107020656	0.7598673877377609	0.6799507285942457	0.26592282641734344	0.9811912693923145	-39.06873346197528
8355000	3.413964204320539	3.5860742981824236	0.7250898908690668	0.6873572962435315	0.2128374230053082	0.9475923497063206	-36.5898363232695
8360000	2.60184043152035	2.6469514344362794	0.7026054721338746	0.7258062556058016	0.28056583872086877	0.9040625573010909	-31.196015281185197
8365000	2.60184043152035	2.612717216385219	0.7793532882939089	0.7523300888183282	0.2971529071577791	0.9452881236614304	-19.455971449274266
8370000	2.60184043152035	2.7857782921702157	0.7194190146701823	0.714772961751083	0.27626835304930447	0.7707766283252121	-33.97734657874293
8375000	2.6984802548345095	2.8085075279465626	0.7027538080953575	0.5562851069517952	0.3620075420007322	0.9076683920544176	-39.08585997180413
8380000	2.60184043152035	2.9088145078871226	0.8936098110750368	0.7896802095446018	0.2107646645810823	0.9034634222357901	-20.675257681060607
8385000	2.60184043152035	2.9458108426856096	0.8006180905814982	0.6923881676586588	0.2550305293021979	0.7940506199674513	-26.704017711983145
8390000	3.2843621200345567	3.8073589484353145	0.7565191747785305	0.6786972079287273	0.2259480858106525	0.8458745747118548	-31.19921656949692
8395000	2.60184043152035	3.8870603641301544	0.7072157457981273	0.582185606195338	0.25520281998152267	0.8774756249105151	-42.17424750085881
8400000	2.60184043152035	3.333736934898562	0.8792292325799439	0.35242550076335283	0.41769695869974716	0.7483292803810146	-38.20717632620173
8405000	3.33399158927568	4.051589508163723	0.7857987171153324	0.5048477969626227	0.31377969191811	0.7371698581817727	-44.037156919006776
8410000	3.135369310232715	3.672186860408872	0.7530650166777773	0.4629980060239099	0.2894321767612532	0.7222624452883153	-47.549005490828534
8415000	2.621468301991943	3.031020032246282	0.8742421635793257	0.5473693887896056	0.3273786511316998	0.9251088469869373	-32.053736245227775
8420000	2.60184043152035	3.3612258239220068	0.7131444029372931	0.7138996542329472	0.21193395799696851	0.8268235239958724	-23.992292477636674
8425000	2.60184043152035	3.826246016210056	0.8456562719314953	0.6640462902579891	0.2103259816741281	0.737061035996846	-26.96451175047661
8430000	2.788126159412268	3.102927409503258	0.8196301694187546	0.40364498539976007	0.2794084933713381	0.7721151124494765	-42.71165204822633
8435000	2.60184043152035	2.9975269920956324	0.7263266080437735	0.7228424911655956	0.2082988985187641	0.7243195297588364	-32.60022161824042
8440000	2.792453268316233	2.9126293764550812	0.7713428486530668	0.5861363368175494	0.23570902956540385	0.7506476633705368	-36.80862859830761
8445000	2.60184043152035	2.893469269798435	0.721874387998561	0.692279164144675	0.27657810070366984	0.7001760913172487	-35.192135195959
8450000	3.417439464222735	3.519612255205464	0.7742317789592629	0.6220258453506914	0.26370022145022415	0.8732777153995802	-38.024265215777895
8455000	2.723890828661155	2.8752283870065813	0.8489655225122688	0.7289042397091925	0.27756242925191593	0.801831981639904	-26.23506793972784
8460000	3.014669245376279	3.238806333920031	0.7616090787842975	0.7027157757678326	0.29930313533117686	0.9333178961578846	-30.06479634663806
8465000	2.991658606966069	3.4778331618623626	0.890233491611301	0.5967524872886599	0.2141455721819588	0.8462120957983241	-36.09699606702547
8470000	2.82613044745215	3.4814182545472616	0.8396060524361513	0.609662160717687	0.22396554660886825	0.8569879665289026	-30.38975439546932
8475000	3.140512347899471	4.719679990577447	0.7757370342701965	0.23047184797834944	0.5281347792059464	0.729133058297968	-56.643577770269
8480000	3.19522979237761	3.7003159179193	0.763766228709141	0.2597968697754933	0.5576339243434667	0.7741929190099449	-54.01674647045062
8485000	2.8249600185850423	4.133074480451991	0.7739640358036083	0.5243040807681023	0.2540041474278294	0.7605580000665464	-42.85511248932861
8490000	2.60184043152035	3.377605549855776	0.8136122070136228	0.6293492936082286	0.23110169807139444	0.7214294577409184	-41.33022359542703
8495000	2.9357285989676	3.201391978589595	0.7713445418274778	0.5200400369664894	0.33779722546976615	0.7374576475275184	-37.51384598984185
8500000	2.60184043152035	2.831786893307664	0.8998336939252412	0.4351139233635084	0.46909906584469163	0.8741023706363987	-40.6403427192698
8505000	2.986948713450554	3.611484821308765	0.7736136174504993	0.5608059147874045	0.2612602536514947	0.8324739468987753	-41.926900706231514
8510000	2.9484045256735727	3.43384167796887	0.8523431522128264	0.660588130592741	0.21821211769503146	0.9602299537687866	-38.53686515602762
8515000	2.9254878436688734	2.9705811154647237	0.7167773425650756	0.6499773212011883	0.2670504579861199	0.8930805373616935	-41.94742896781566
8520000	2.60184043152035	2.6519489678089183	0.7769647978816265	0.601094218477197	0.25672796147794474	0.8952685230660931	-35.21852241648362
8525000	2.8692471192780324	3.2180135702733166	0.8664343439603289	0.6362228194540703	0.2625742788663647	0.7588250122663631	-31.729822140357577
8530000	2.60184043152035	2.7764129924048397	0.8193076081865499	0.62121430204967	0.29962618213852926	0.8543579932234032	-31.597631910507083
8535000	2.667975904547724	4.765823956017331	0.7619561176439756	0.37912979269497277	0.44704119539789006	0.8061370356802006	-48.54987909098671
8540000	2.60184043152035	2.690488560873888	0.7912137006483476	0.689304135287562	0.23902213954348164	0.7475780428906554	-30.630656730916453
8545000	2.6314929320994973	3.337079413114665	0.7287303120816614	0.6807022017634456	0.22899046216269817	0.8473117580894353	-34.89015111536557
8550000	2.60184043152035	2.6410076528995456	0.757456363671209	0.7090147869673135	0.2131177754985438	0.9128469493207841	-20.744009441295695
8555000	2.8982689796606653	3.7052094183676276	0.7575803630212082	0.5137193902141522	0.23925016607578178	0.8174420427509443	-47.64458759820337
8560000	2.726380326961488	4.503431578370553	0.8232257434536652	0.6468611217207388	0.22095751407432715	0.8088223853341598	-32.8958911260943
8565000	2.60184043152035	2.898789165940584	0.8652479808406951	0.5899551083312118	0.2638794802009447	0.7740272534536121	-36.14516398617992
8570000	2.6650269300036653	3.430862034115719	0.8507262474138655	0.5957638824170575	0.27172069167755036	0.7358430638663264	-42.00187561337718
8575000	3.694506097138134	4.3507870028528	0.7371380209388984	0.5252756916719884	0.41065832758360615	0.7748410924315002	-48.93991095494708
8580000	3.239290589604044	4.0082403647517415	0.7733895812411401	0.6564539112083854	0.2341658714568159	0.8137352410949675	-38.28364527828449
8585000	2.9149878556437696	3.4498575011848778	0.8840747465047666	0.6653683572531953	0.24270061900259862	0.9010517984673574	-35.77398079716228
8590000	2.6409567286252327	3.522578438427819	0.852490698348973	0.5223406241874206	0.29907524662709567	0.8383783983599928	-34.640449086993016
8595000	2.60184043152035	2.9352518857467444	0.83247202303083	0.6166137304800932	0.33895798503961283	0.8077945048885685	-28.55436188033411
8600000	3.013801718012612	7.20136974680037	0.8315196965231147	0.39380475795422465	0.226231919856137	0.7998375969972398	-57.010468505691065
8605000	2.888271898903777	3.497463894500201	0.8267898236436702	0.6660973281055125	0.2513155344727715	0.9099658282758211	-33.403163529887735
8610000	3.3277973444179456	4.169558681148683	0.8863205506338505	0.275431369524529	0.40574666979434576	0.7293254004418095	-47.46193470863822
8615000	2.60184043152035	2.6795358523534905	0.8950657558040492	0.643197733685707	0.23826386565910773	0.7031533878832957	-27.33583361090665
8620000	2.795680903227357	2.923674865315715	0.7589423308936882	0.7202110010171663	0.21044270149175812	0.9100095730396552	-33.01049987006663
8625000	2.60184043152035	2.6892138950393227	0.8620693645519607	0.6648146067633184	0.20190026005329434	0.9329318348797653	-41.3116788389679
8630000	2.60184043152035	2.65887998971468	0.8488623288967129	0.5802406052073197	0.34490748384273767	0.7916049531762842	-32.56648086260571
8635000	2.60184043152035	3.4483488729960996	0.8621283280832481	0.6132015305675921	0.26164465968843487	0.9641326105794794	-38.97821942551124
8640000	2.6813140564095534	3.229970035462271	0.7441601760350989	0.5134617706179505	0.3611697080445144	0.9114364514118012	-36.29023671222414
8645000	2.892388700464775	3.6892134727285075	0.705596715102382	0.5014778861355188	0.325028964689561	0.7313301069606096	-42.41860582726732
8650000	2.8875712639469318	3.1543754754334956	0.8101489540792215	0.6659143736447716	0.2670958763031043	0.7701174736566291	-29.531884503773153
8655000	2.6845969191807435	3.080509381506973	0.7041568754511405	0.7215346238518828	0.2152056012020313	0.7594547799043051	-25.969619780762677
8660000	2.60184043152035	2.7881060302797676	0.7771646395782839	0.49163101078475463	0.39151626304722204	0.7802879919510253	-37.12080024368422
8665000	2.884203018430493	3.313720112306674	0.7183343009303605	0.6219982689578749	0.21744995113510776	0.9396774150143211	-37.31218522089936
8670000	2.60184043152035	2.639898639175263	0.7326138243855087	0.5911600449736478	0.292212853517813	0.8751377191167704	-39.35963976119432
8675000	2.7769424837381105	3.420726937684663	0.8053743484652925	0.5848350129661642	0.3061862047094712	0.8716193017623085	-52.27302853367089
8680000	2.60184043152035	2.6103311770329976	0.7009960340762565	0.6461537452705157	0.33777188934811475	0.7409801011012811	-33.09639709324642
8685000	2.6476308677688642	3.0024880127700544	0.7381720742956451	0.4941193570775959	0.3169063170607314	0.7374360472096847	-40.41664903677179
8690000	2.893111766409852	4.0170473102113755	0.8770108122640405	0.47651317550016503	0.2336559617584455	0.7346040824350211	-47.22472990278393
8695000	2.709575299400791	2.7491263019775323	0.8233164995465067	0.6330661116125538	0.26432397305208216	0.9488074580768512	-34.16934434980181
8700000	2.60184043152035	2.854499948827937	0.8276503525652475	0.6534882599048543	0.21600311988471738	0.7707649276472717	-30.140116643878976
8705000	3.9372680348932665	3.9714279639520145	0.8460515290740166	0.38700309365117475	0.3806903742943349	0.9200090580747163	-49.54999884504596
8710000	2.60184043152035	3.370115202592376	0.7450284675362691	0.735565941649462	0.22023587930725513	0.7579980249269394	-32.57236735450899
8715000	2.7459979306253564	3.7254631599815875	0.8670180625210497	0.6854739701817729	0.21004555141234754	0.9738097185356784	-31.367409538326434
8720000	2.758198983310026	3.056797284106157	0.8379552997230529	0.3740803053824891	0.36572738968544766	0.7708264388033255	-44.08585852624776
8725000	3.45417990125906	3.597103485228033	0.8399034475296737	0.5880605099009295	0.2091939258633387	0.8431204743675698	-41.217562300286765
8730000	2.9816600708734042	4.3807636346964935	0.7495745840390019	0.47953276713423365	0.4888105316896238	0.7540006530653902	-48.91493733752225
8735000	2.60184043152035	2.60755765264422	0.7679633299489874	0.6239996447308401	0.20032323493869333	0.8246028484513505	-35.666243113672735
8740000	2.60184043152035	3.0638386350394766	0.726331938899397	0.7710233268822452	0.27962944109131627	0.9621983788637128	-22.89849677615644
8745000	2.8814898712057557	4.229458777867793	0.7777482874314557	0.5681421574004248	0.39414093464330585	0.7304382542343727	-37.69752131049062
8750000	2.830135891135611	4.903795555442116	0.8070404818973536	0.6391742506931869	0.2263417165528407	0.9823398301473732	-39.465076351361446
8755000	2.6146438752237025	2.68323734625474	0.8036765434311499	0.6197609544419622	0.2220962118947523	0.7143031155649158	-36.440119614656496
8760000	2.9280293872490017	5.288309483022452	0.8131677563191614	0.5106701332895665	0.20826146100513382	0.7662554442945505	-45.42663310134663
8765000	2.806786719559898	4.0955773590063105	0.7374025406171456	0.510328712539908	0.35408265266881767	0.7398332391362473	-41.7615997002245
8770000	2.9117846204223765	3.1112005271099816	0.7479920742588235	0.5203376868962423	0.26279669465997685	0.7294641358445627	-48.031015140824564
8775000	2.60184043152035	3.1507323109970264	0.8959668331270616	0.6609788086438095	0.22104786664136883	0.796205425355656	-42.521991080068574
8780000	2.60184043152035	3.567649318833029	0.7086179765902202	0.778278161211022	0.20391013853247414	0.9370366348148236	-22.72933168230731
8785000	2.6080871017500136	4.1375869380038015	0.7836142389321015	0.23902067644008004	0.48789892515014344	0.7234987449174469	-49.53509545316253
8790000	2.7844156404361304	4.255181038188701	0.8872834098396561	0.5720728765464048	0.25056400985432903	0.8777775342155084	-41.7358318639526
8795000	2.639541062500788	2.671796424084155	0.7126678443698499	0.697934115948316	0.205265962999528	0.8527948990069945	-30.061929691057117
8800000	2.814533897301599	2.822431019199307	0.7420024762166532	0.601886619936201	0.24943778455845758	0.9186476763126973	-36.18394976903516
8805000	2.728173543055574	2.7400307529363865	0.7483228518818357	0.6951285663693119	0.3058263945998738	0.940437727206117	-28.43244275868906
8810000	2.6432457736535695	2.843638033895898	0.8118237608461022	0.6820605449766592	0.22755963926124176	0.8675548639007595	-37.22441965749372
8815000	3.108333145561245	3.3293616679027456	0.7707178200611987	0.6072789198396634	0.340462720628151	0.848676473495417	-37.607385529791266
8820000	2.6405020709338363	2.8011521395664123	0.7726156192254093	0.7218404620886518	0.22618340838970044	0.7105588019912608	-21.01969008390447
8825000	2.6141318749364295	4.401408158472453	0.8958447357471062	0.6589605257632667	0.23207615658144498	0.9858795555482531	-33.351398216485954
8830000	2.60184043152035	2.9351783904267235	0.7330792100407384	0.4368210477596652	0.5839853348646104	0.81973997752865	-43.85322118473094
8835000	2.7897154815213163	2.8129445530082986	0.7016409031537124	0.6394829351843176	0.21154013779991737	0.8237592440853503	-41.29397654365498
8840000	2.6118428599462895	2.95378071810916	0.8851926945250935	0.6381551570047156	0.2550555405893864	0.8686739494227395	-28.84575444566897
8845000	3.043677323375465	3.796128112171662	0.7619579993719486	0.568740276550394	0.24079582203809824	0.9986973369698623	-47.408042618684526
8850000	2.8758635684372496	3.3701650868816824	0.7112987764387526	0.5558648114340154	0.2751949100684797	0.7307659146073503	-41.726744574916324
8855000	2.60184043152035	2.6763102816459345	0.8374240475985119	0.6760685898378948	0.21348545638557653	0.9543982711982296	-30.96932663020325
8860000	2.8414003733411612	4.130640876461701	0.8687403030161964	0.5539607845453389	0.22751446135412742	0.7277403964816749	-44.08366709361367
8865000	2.823970506281767	3.2923190240354088	0.8534707320052352	0.722731407101081	0.2005891205448039	0.706382578944152	-29.886961384123715
8870000	2.6902542810242784	2.7754486513273986	0.8374890188794081	0.6447183550067044	0.20717950618605455	0.9724382369544559	-31.407751463008452
8875000	3.30489239817111	3.677936131018796	0.7678137632072624	0.3042434339892541	0.4228412141522454	0.7391149343838821	-52.768898517945395
8880000	2.60184043152035	2.7143720625253445	0.7765751498465453	0.7239351470054689	0.27225241997114136	0.9032820617274845	-25.361426522203494
8885000	4.290198036073111	4.77758407222251	0.7676747320782964	0.5481667355632451	0.25603415382016087	0.8955549259675738	-41.09556721508327
8890000	3.5423480197855746	3.7868543677511175	0.7436930826681694	0.700118460541991	0.20424942850270367	0.8638849169925068	-35.09156583572773
8895000	2.60184043152035	3.354518307012831	0.7609332534266473	0.664824742084949	0.209519720038608	0.7227071899848442	-32.63923716275251
8900000	2.8391661716717476	3.3166127982642295	0.8825344231463054	0.4121485001461296	0.3235338121969374	0.7292739874142239	-44.8527407256474
8905000	3.2054277651285243	3.4251323632109996	0.7042558461757287	0.474299414038413	0.49199231081489536	0.7768819842265984	-51.81453991592338
8910000	2.60184043152035	3.013383379510421	0.7260911799331183	0.5411671217601454	0.3212882804179674	0.7176132120067495	-46.9898203898339
8915000	3.4204210904673933	3.5566808253978954	0.8898166898394843	0.3845442298267135	0.4288838018519348	0.7762642454376456	-44.826700046216914
8920000	2.60184043152035	2.6154906910968005	0.8953193466056251	0.5464160266193595	0.26337005457090207	0.8329195209419935	-33.671035739962896
8925000	2.899846014106277	3.39663386111664	0.8359671296216774	0.5855555699233451	0.20471623040523182	0.741904321969439	-36.461733833966406
8930000	3.051062687747039	3.0825905066767625	0.8557079134291391	0.5760607297261615	0.23758793946538356	0.9619602580256231	-38.11273987817633
8935000	2.60184043152035	3.9073520001908255	0.8939217158347924	0.47790721151875454	0.30122815024733723	0.7733697952994493	-40.54091792986499
8940000	2.60184043152035	4.520322290489005	0.8757119731822289	0.5446784969428952	0.28099345797781566	0.8016907561271532	-44.76678723942305
8945000	2.8719867796799003	3.551423819071379	0.8502635999748779	0.46902933196173613	0.25902180966944177	0.7035492857248047	-38.6534072433623
8950000	2.812787161340487	3.373091276051867	0.8501359662271375	0.5528915249344659	0.2651812099999643	0.743483574907955	-34.20677764839946
8955000	3.0107141121790466	4.068632535860392	0.892217225360055	0.5315890717321088	0.2669918655076026	0.793584855898168	-37.8971940534191
8960000	2.60184043152035	3.5767524899966796	0.780897303714321	0.7331608319476219	0.2102891364052781	0.9374035474043734	-23.680676514746054
8965000	2.7276094809787295	3.2079552018853392	0.8911901331703902	0.703144753225622	0.25272680254374574	0.8073617379625191	-25.309025107250545
8970000	2.60184043152035	2.6177752197730038	0.7476130408661243	0.7384770056971196	0.2945266744560942	0.855659972200528	-25.454163171383662
8975000	2.687674570107985	2.7136050422985116	0.7619946172332931	0.6588109459452239	0.24588503615013904	0.8882210150155352	-30.604554420335635
8980000	3.2047892367058	3.4297116205704654	0.7068906034064125	0.23641963460867502	0.7001059880980489	0.7036896250632352	-48.38777882963445
8985000	3.212586450141747	3.236805575335407	0.8902054000737907	0.5620228839402609	0.2929402277153866	0.8670665304625005	-36.01874406169761
8990000	2.6127408911875687	2.653045787976555	0.8509821385308819	0.5476222247043094	0.40964623521989596	0.9160012668093955	-37.67028876529737
8995000	2.6262624916585713	2.674872326947692	0.8005944536260301	0.7067340162119451	0.24942516971164663	0.7366307977576323	-25.08686615256524
9000000	2.6356951240093895	3.4699366147667234	0.7992718508751886	0.5516519802739156	0.24860208016388471	0.8290233585195016	-44.971280779164694
9005000	2.962838525579107	4.015161574901743	0.7815949928597429	0.5725734471464113	0.23954264008987655	0.7377068429732851	-38.009216592238154
9010000	2.8314134411974634	3.5685293295800165	0.7416708339710043	0.6993327029800133	0.20352379819067046	0.7306508750715409	-36.71225176058037
9015000	2.692604358366003	2.8261194268063146	0.7239837043001744	0.6151791414196367	0.3318584202462988	0.9628394656289305	-42.89713646791516
9020000	3.2205578874307927	4.122546145214605	0.7663915875516264	0.588025107078888	0.2264235841123745	0.8447718722854639	-40.47986047358148
9025000	4.256597973596522	4.821888159140105	0.8026382246967267	0.47576415294939906	0.3735924172178313	0.7285160225699081	-52.45120561975108
9030000	2.888521521306511	3.4691483475085625	0.7628420563312099	0.640288766318911	0.2645154966792111	0.7418742507766365	-43.50013496112597
9035000	3.1708723991432515	3.7537727834095582	0.7789659590215507	0.6509393267235265	0.24598441888658956	0.7829479351431604	-41.23519550064736
9040000	2.60184043152035	2.962907806693938	0.7680948702991955	0.6667163816231881	0.2629359042384054	0.9060779317626634	-31.55250237608024
9045000	3.169212626387216	3.447944428534414	0.7149614514264263	0.7223473501497532	0.2219258314900344	0.8297681904990094	-36.42197683804494
9050000	3.488077112035024	4.17525548275795	0.709277831261183	0.4741813531352073	0.23529233633262883	0.7136449595824104	-48.42850893019409
9055000	2.60184043152035	2.9832992963922154	0.7329341116087386	0.5629981124844918	0.25329539742541535	0.7123391498583469	-43.87430911651695
9060000	2.875626147190407	4.032749893925406	0.7567953088092713	0.5423973019701576	0.2943164368776128	0.8123473606832919	-41.349561765162655
9065000	3.9048520723034055	5.251030357663832	0.7471399490407338	0.6019001350808301	0.2357947660315919	0.7196070149552656	-46.51159108831889
9070000	4.272477614208267	4.598341248821451	0.7819787474456825	0.4920662170032287	0.2165622576285526	0.711005421509398	-50.82045003448522
9075000	2.60184043152035	2.9599878731634535	0.86544452544399	0.6600327803814491	0.22520008783009465	0.9380290076750386	-32.106231721879794
9080000	2.743352283731592	3.18926056069253	0.7755394647775943	0.5184794316023338	0.24021864224546796	0.7374265511938203	-37.7400416299208
9085000	3.329661771844406	3.4018681061531213	0.787814389205763	0.4703710031553104	0.4026291291218233	0.75994529945388	-51.2504150547445
9090000	2.864314557198564	2.9354381515042935	0.713154934408448	0.49252496342351326	0.22944709670306626	0.7819353253570768	-42.68641708716394
9095000	2.60184043152035	3.4878852102118696	0.8371625195562021	0.6489132540598203	0.2533527704628542	0.8930664695768408	-34.51514153516986
9100000	2.60184043152035	2.9348690596926437	0.7793584849343128	0.5953812115908099	0.2567500638791349	0.9703034434301766	-44.00637354236606
9105000	2.60184043152035	3.278354443565847	0.7745282159655716	0.7915579728999316	0.2543261478353151	0.8325371553631878	-29.507589764257414
9110000	2.60184043152035	6.8980687743913744	0.8507109453800743	0.4985431690153513	0.2751260480008921	0.7232570455437308	-49.400354986872664
9115000	2.7771053311234644	4.541094939521079	0.7458952508436845	0.735483777140057	0.24507332621194455	0.796181780427277	-29.408538184135264
9120000	2.704205069304877	2.86803209652105	0.7097441534559388	0.7211839860339307	0.3010650461930395	0.9227119109224057	-29.318340145637084
9125000	2.700971582892161	3.3700048398588827	0.8107746734396405	0.4294694837888932	0.3877627665558781	0.7085343175486329	-38.62547016813745
9130000	3.0131848235681895	4.122196610254463	0.7194835236240801	0.5362051690798509	0.27555290150511	0.7678181078362369	-42.92050679297572
9135000	2.60184043152035	3.716049468687822	0.8695858826681511	0.5601060747845681	0.2111384213137945	0.7590393721220269	-42.26291321347288
9140000	3.145046602085946	3.871077865086296	0.7172289285025423	0.6600197231349232	0.20979713619888374	0.8455394495762742	-39.79227052023178
9145000	2.60184043152035	2.783372022765736	0.8786755636318161	0.5650669212835544	0.29358928907733606	0.7874497522005725	-35.47858806877323
9150000	2.60184043152035	2.861358460051463	0.8018279932661144	0.5636464954943625	0.2689042411973544	0.7259583028788362	-38.3813665983255
9155000	2.7644325298272547	3.368561370760604	0.8707823387534525	0.6355485379164241	0.31631893759573526	0.7273722619934684	-48.42116616006437
9160000	2.7509754198569416	3.191449278414638	0.7850793140719202	0.781206770552832	0.20188298014439413	0.8376487467721427	-21.69725305105107
9165000	2.60184043152035	2.9058730683297362	0.7029904991951715	0.5852446924985372	0.2826850089677155	0.9628634146891387	-43.3699584510178
9170000	2.60184043152035	2.6795320541475403	0.712866634096311	0.6246687646328427	0.2919809394766036	0.8517912292341537	-31.856456323854182
9175000	2.9567389432801994	4.075647929022971	0.8484354367197774	0.6731938465965303	0.25114043847272804	0.7919844062973798	-26.66414689133099
9180000	3.56288889034909	4.189389347594115	0.8065998249915329	0.5129806716124904	0.24658743656778415	0.9897298673245828	-46.21819019028204
9185000	2.70141758459581	2.9178485417455073	0.7646141101829407	0.45452526996411036	0.3191978772371238	0.877508804773049	-43.661997808500686
9190000	3.2924408609140228	3.5363225192443144	0.8998608571756087	0.6837229712956918	0.291138305534581	0.8157123635964569	-26.271662454122065
9195000	2.8281151619284812	3.079820610542556	0.8607938818838405	0.5482272790425888	0.22062441059987128	0.7499593811740677	-35.60547159849313
9200000	2.60184043152035	3.836363811816522	0.8075028966098405	0.6166164142780274	0.32609105820031	0.9547247614317653	-42.170372565615445
9205000	3.032507827838194	3.0401103416063298	0.8062669981149042	0.6072294315051346	0.3129138632341992	0.9240548151663817	-35.31927581335309
9210000	2.7561963042410875	3.4554944422504854	0.8394956532278701	0.6534137547637779	0.202901456208439	0.7062468571979432	-33.35756237442896
9215000	2.754688615645943	3.618488243980033	0.8051783175475872	0.6271284398936564	0.21189182718654695	0.7005886094499051	-46.74951798114933
9220000	2.654975256438427	2.920447485787834	0.8510620473965974	0.5222894676325573	0.3221766511326069	0.7960985729065438	-37.92984880790068
9225000	2.756249215932706	3.1438383498145313	0.733978362210421	0.6110023796796665	0.23204401635177316	0.8478887008247694	-36.10559934179684
9230000	2.7945933727679275	3.4192719910063287	0.8799925413646007	0.4400215217379778	0.3447024644994849	0.7881358232902063	-41.126761239146916
9235000	3.453674854605924	3.509473901290657	0.8345403182305556	0.3013158770395509	0.3889374836757269	0.7029374318937178	-50.53374392136516
9240000	2.630169865378045	2.6350677409173966	0.794782508448932	0.632202211411211	0.20159651263435394	0.821949185980987	-43.08797811012784
9245000	2.60184043152035	2.648205916608464	0.8259313271696316	0.655249513338701	0.2757943042242437	0.8828652982202723	-37.48795375058752
9250000	2.681304290425648	3.471213760822925	0.7485399427120968	0.7178409848717117	0.20174380725471175	0.8708031599439795	-35.695039286250775
9255000	2.975335014273896	3.1074974287132378	0.8473175932159083	0.6924787391954529	0.21404915621514073	0.8790289763027845	-30.614308056093055
9260000	2.757879259553531	3.5782834687498695	0.8555805458061689	0.5834113557034711	0.22500689274718397	0.8258701297796264	-38.93820254970119
9265000	2.60184043152035	3.209694000467328	0.8231767317459027	0.5317758649646197	0.367380260740364	0.9858494008609271	-35.405282788036324
9270000	2.60184043152035	3.7637317597937434	0.8154130050276515	0.6239292978813303	0.2137625895297919	0.7580135738868045	-31.41683056535622
9275000	2.699550998816648	2.761850304935739	0.8026562412059923	0.7906025092034428	0.22242385724569985	0.8450288325050654	-26.586187965623974
9280000	5.785262128615824	7.394844591121298	0.8001835660222888	0.3916208159835761	0.3230829594908782	0.7544670484269086	-54.58965639043218
9285000	3.855407264268875	4.663293004152818	0.7036443743438395	0.3696111091141453	0.26909321491654803	0.7159141325189974	-51.76633655303243
9290000	3.106225071296093	4.375613047752186	0.7788103979845903	0.48490837428353545	0.25788916207982193	0.8759214814930456	-41.17055873221854
9295000	2.60184043152035	3.7738667106907156	0.8185168783850106	0.5466567579591499	0.26699527166685627	0.7184708393181453	-32.224739370593355
9300000	2.60184043152035	2.9775537565138452	0.7305900063935553	0.686243711413285	0.20906558476633738	0.7496735406376658	-33.03655890633098
9305000	2.60184043152035	2.629536175051026	0.7224125429289407	0.6704529876775476	0.3275018528345392	0.8438722464429518	-30.822783659522656
9310000	2.60184043152035	2.982061351573258	0.7497352324671507	0.5544905673910883	0.22217450454505577	0.9180674442068966	-41.07095037076705
9315000	2.60184043152035	2.636681951584881	0.841126809293296	0.5693392921422801	0.2404451922238189	0.8411144055275873	-38.86296797442975
9320000	3.2550481325950376	4.40678545986796	0.7206314522210399	0.3088885269234145	0.41716722588062327	0.769156034296529	-50.15757352212029
9325000	2.8996481674433316	3.5963383165863414	0.8829756626966977	0.5953939469967318	0.24008293399410727	0.7461629836532111	-40.14504993849334
9330000	2.60184043152035	2.9291290697135426	0.8800250743882742	0.5983015717779823	0.22294485582530793	0.8373201484893918	-33.53693121897373
9335000	3.007124086849613	3.360087234311223	0.7329115666765524	0.47096397676177454	0.41209432556261766	0.8308528849409857	-42.45432283852654
9340000	3.0445353560047335	3.5587011338336794	0.7514028121087981	0.4892510414065187	0.3319288329489418	0.8069716604011671	-46.87792924894553
9345000	3.2026681725090875	3.318817120948002	0.7133174163284708	0.6123033546553066	0.2803537938183989	0.7365157264773153	-44.92684825051626
9350000	2.60184043152035	2.6095233109167246	0.7531514700627642	0.5625462439290465	0.3692727482332294	0.955554075997588	-31.838386192260835
9355000	2.70894247966698	2.740545532371679	0.882239974036203	0.657332010886539	0.25231811494654527	0.7813874993657303	-30.448483687136918
9360000	2.6212060500318013	2.8911398588526853	0.7053395346600554	0.607596516926995	0.222913360449533	0.7040858428758505	-37.034380614269004
9365000	2.801241297826587	3.0358126054559444	0.7421089482608827	0.6234350920780118	0.20134635838710074	0.8284458826822317	-42.83184905834187
9370000	2.6742919655477007	4.95436493104112	0.7889557317233188	0.3494486942508016	0.3760317501310297	0.7400512303779687	-49.97428692709743
9375000	2.9720998240502947	3.2622024620011874	0.7951012818444068	0.6554313203004327	0.23383136027785453	0.836614422851187	-33.494065162244574
9380000	3.3314167018246974	3.5567667032292647	0.7883084667387367	0.6749969675740156	0.21008607787072964	0.8821230540080419	-28.499386468056368
9385000	2.6663059156244717	2.923025188460968	0.7544306812391369	0.6287898467303772	0.21309627773804804	0.9134735717182433	-33.422391670582385
9390000	2.60184043152035	3.0698853114015656	0.7734352774398537	0.6329435137239641	0.2167006639912689	0.8249899689761302	-36.86902898083321
9395000	2.9508108160248803	3.8668622064869784	0.8993606598738092	0.5919111851714761	0.2380242882895162	0.8116028607949747	-39.442885723226375
9400000	2.9308119345860324	3.119982917277689	0.8008245047904415	0.581545556799442	0.28185828015973957	0.7411126536794116	-43.233352487139044
9405000	2.60184043152035	3.840301079512501	0.7701382364650475	0.5978269492517647	0.46271234191289007	0.8023343192787863	-33.25634209004759
9410000	2.914685140559482	3.914430586038676	0.882158183087849	0.5269782930047053	0.23431018543922763	0.8951793871562527	-40.10187228838975
9415000	2.60184043152035	2.7297145187919334	0.7887285802526395	0.5120750830525994	0.2335507605708967	0.7596344560064061	-40.0356739300741
9420000	2.8354592703753	4.346095396933845	0.703121360286622	0.44087260645380283	0.34632546281401094	0.7640570020570965	-51.832967862132634
9425000	2.9900945018971	3.547464756028725	0.8449009473147172	0.6647925040534179	0.22576801504389363	0.9393170013983438	-39.246625580655724
9430000	2.60184043152035	3.0226816276463144	0.7759076365806002	0.7523152807232392	0.21287809073593073	0.7194427081072372	-30.62296227969865
9435000	4.825486977938362	4.8761781469161045	0.8634143482230896	0.329898613047737	0.31451668352189666	0.7188787647698709	-51.992891662411274
9440000	3.443862545131024	3.511063341818785	0.7502032544963543	0.3988416171797458	0.3285201690055102	0.7171533517634534	-51.44253502182574
9445000	2.60184043152035	3.2984572707142408	0.7763516182457898	0.641899910140058	0.2456849121017175	0.9892739838955655	-40.34615517526783
9450000	2.60184043152035	2.673424536182457	0.8283248369049593	0.6175574810655492	0.3004704675532254	0.7902524527729763	-32.609927065134926
9455000	2.60184043152035	4.1671237804594075	0.7290599509846196	0.7479684359824346	0.2550424328668986	0.7293391914125193	-38.41485591170253
9460000	2.60184043152035	3.8589833755908534	0.8914093204944876	0.7401886645073773	0.22331832585503908	0.9312387011917715	-27.151888513320603
9465000	2.9056879493298147	2.973082556972043	0.8734380407850634	0.7049282234985221	0.22660848134638426	0.8927924884055699	-32.4865589071875
9470000	2.60184043152035	3.323998522234745	0.7010617741406822	0.711329467504925	0.24983550251744066	0.9406275057543343	-26.486883655928203
9475000	2.6409739679310653	2.7474096562171786	0.7126271845911869	0.6443863577358238	0.28089107195131663	0.9648937283469836	-33.46381756975623
9480000	2.8715602961533144	3.5645891515317825	0.8514380996843324	0.6453594563457046	0.27628922192940025	0.9458788078399736	-33.66709694321261
9485000	2.60184043152035	2.7080074906053118	0.822248090347588	0.5388206519935694	0.4054266464493543	0.7974256679799517	-30.024518716701813
9490000	2.60184043152035	2.740262439036327	0.7869912145177199	0.6399876250244493	0.32291646540607855	0.7210120204023147	-33.906746440955274
9495000	3.047787331066897	3.205729589644719	0.702665496458367	0.6248320719891618	0.33298130978480506	0.7347102188035586	-46.85745784787601
9500000	3.5654054967985083	3.754495188079824	0.8069032570844399	0.4942983843944121	0.30422468135867753	0.8109071734649258	-44.36639319141498
9505000	2.60184043152035	4.95394634338346	0.8520292518942946	0.4864303048253124	0.42971215598536616	0.700005292034862	-41.12237295728667
9510000	2.60184043152035	3.6110214973377412	0.7236151979291537	0.6807959527577807	0.20965346126003495	0.80186013048022	-35.299604886421676
9515000	3.6244943777727126	3.6603373826442134	0.7427403587964341	0.5982616982930583	0.20032939458193583	0.8387348050619572	-47.45124889076434
9520000	2.60184043152035	3.9375046409299443	0.8517681665664677	0.3341892295332038	0.48590812288120205	0.7258260468868264	-43.9144387517124
9525000	2.60184043152035	2.6675425192520867	0.8300104185798028	0.6631288601993754	0.2571390568577168	0.8050558683729103	-33.8056370615764
9530000	2.60184043152035	2.6146627200831265	0.761554331256305	0.5210372163646015	0.40488604153282126	0.7889753186042577	-38.772537231498525
9535000	2.925302144043318	4.302492601224311	0.8265430899493932	0.37132755941308127	0.4540737738013962	0.7057449269210008	-45.94321512726602
9540000	2.60184043152035	2.766866687871731	0.792777149574163	0.7299774766327172	0.2944632402054955	0.9298286741467632	-19.964828498628428
9545000	2.60184043152035	3.0057635454397973	0.8589469379182447	0.6824807575842039	0.23413293029894552	0.7578440553875764	-26.61909197917906
9550000	2.7178103110943317	2.842593123037998	0.7089360394339987	0.6912502560542891	0.20850141711267633	0.8683037498239146	-35.17261022144292
9555000	2.6896472606253456	2.808441195103723	0.835441990813469	0.5901419670613437	0.21060949544943974	0.7259069966263075	-43.641449622111175
9560000	3.5031089766538863	5.9837522439174755	0.8049381465766746	0.4420137798821703	0.31635871575545393	0.7739559933565363	-44.327316270977605
9565000	2.6868847676409087	3.0201210187558067	0.7294018058567051	0.6091008632264278	0.27011651890900956	0.7631784874608888	-37.6880831081119
9570000	2.852581507455854	3.162432309913435	0.7673091206051765	0.6751715496112045	0.23098600869971286	0.8145835792590498	-47.470594066614844
9575000	2.60184043152035	3.0205853282291373	0.7594978464847798	0.6227483379183042	0.27668479992764844	0.8792548664351069	-35.23455468183019
9580000	2.623994228787619	2.6327617181213103	0.8635853990502034	0.6166782333394183	0.28016382299890813	0.7262527316072975	-35.48749417154077
9585000	3.546760134554515	4.069659206367493	0.8979650663471256	0.6309552997833611	0.2133883644619328	0.781294824509934	-34.5079593379045
9590000	3.4059508830789653	3.480376409434451	0.7746941102895769	0.4884749187326105	0.30263231433838694	0.7458002648736125	-45.97282277718198
9595000	3.840080941266871	4.291810418991842	0.8484708370396299	0.4487995518046434	0.2233905170166785	0.8233161233601408	-50.40956900875681
9600000	2.60184043152035	2.935388553838928	0.7825667079668648	0.6195554108845359	0.4442235382803334	0.9289778037590968	-35.82280699395885
9605000	3.92892161645305	5.64354657035264	0.7776374189642268	0.4864648294084447	0.2594425694436183	0.7150796784193708	-42.89543906940101
9610000	3.070148031844443	3.3185100017807896	0.766093751707949	0.6145714351019856	0.2352001499275126	0.7456495674669144	-39.68890827622816
9615000	3.1519374108959166	5.32092690766006	0.8232593736852394	0.6211055705104689	0.2241404021321842	0.9277121568205889	-46.22932463596054
9620000	2.60184043152035	2.700360382682368	0.7848137861381451	0.580164421746389	0.29569725495418886	0.7303377640234245	-40.110630391341466
9625000	3.1666732620290445	3.967405730831367	0.7372777126030292	0.6992346288075865	0.2990935076986303	0.8800014817676924	-25.715481097927665
9630000	2.623645965879113	3.084266249427687	0.801382528961258	0.5549832899832681	0.3934155427080734	0.7751043672122931	-33.41184349605691
9635000	2.6780300821016154	3.400267974902606	0.8476423346371442	0.5537489599077589	0.23161553380572844	0.7515303593831366	-38.113285989316864
9640000	2.9649733267185487	4.485119793842933	0.7083903646140193	0.5467764623287854	0.37800311496770783	0.7679897381130367	-40.72472613874836
9645000	2.7337687229166168	4.099522855147911	0.7878368195344418	0.5090118266662389	0.2216735257974887	0.8673684171003476	-47.60024006948999
9650000	2.7784951678548966	3.285068428956546	0.7473793572394404	0.5720205145203984	0.2596945807276679	0.7623221208706364	-34.26093226008728
9655000	2.6318314945173187	3.0614439390305397	0.7981315759455869	0.6184365536596638	0.38255587991710815	0.764053703931492	-30.573742045742176
9660000	2.60184043152035	3.4837679751080777	0.863339605372203	0.5875924825820678	0.22239022244711998	0.7450056534689553	-39.15931387079268
9665000	2.60184043152035	3.1900280720705796	0.7830305458996359	0.6854961839896971	0.26292488023271193	0.9119425850587635	-34.14910578050172
9670000	2.8657942590411345	2.9597219564034805	0.8966930851864352	0.5628731341290758	0.2265757888126344	0.8628472413908503	-30.08441209020569
9675000	2.8260844465676134	3.239454627114412	0.8162604577879268	0.5580466027081543	0.23041483147532713	0.7153239757541161	-46.35856478604965
9680000	2.8059895775158394	2.874338705091784	0.7405590096007751	0.6695569531160163	0.2719029201015445	0.8007686558739422	-33.45404517238275
9685000	2.60184043152035	2.7411234873781143	0.7482861062154224	0.59500639622423	0.32289837530546245	0.7117037026847328	-34.48340877303028
9690000	2.7666618142783297	3.0491844242289137	0.8108141380959536	0.6620858393342738	0.21458760213714062	0.862921230843448	-28.782019158194675
9695000	2.7542860607347333	3.0808875506402917	0.8522869027192509	0.6805988227755342	0.24583528627614634	0.778128521022182	-35.38541672545963
9700000	2.6748275114453826	3.112225343387459	0.7710492576986221	0.6427442147510053	0.23813980809677174	0.921438920216828	-38.294901617640235
9705000	2.60184043152035	2.9899813035195164	0.8295692447145503	0.738976989609606	0.20568148808176828	0.911502351346304	-18.822335565061636
9710000	2.8689953659444063	2.9345685144750484	0.8153660255300902	0.7907778810519847	0.23263357374598242	0.8157470846960109	-16.35074560724545
9715000	3.130332674202251	3.5647911988484267	0.8410579504829413	0.7003428349063289	0.21751691988026464	0.9920784471867161	-35.44224091889998
9720000	2.6465689460829123	3.2240877892325766	0.8609891868209213	0.6790651411530757	0.21997428504679337	0.8065123549343826	-24.453906515384706
9725000	3.3581465659417846	3.582488695832868	0.8639403744543388	0.718596053060086	0.2482629825501652	0.9465540392454198	-40.31587452031228
9730000	2.60184043152035	2.8585878573537333	0.80136782372033	0.7029240095769693	0.2611504576642831	0.7679567641995698	-26.130665042094886
9735000	3.4045615949507475	3.8622932626918107	0.7352802451859043	0.5906140873529913	0.22640485467352123	0.9279665405510668	-48.73747798793774
9740000	2.60184043152035	2.652972410694992	0.8013114773226147	0.7206246034471522	0.2070103589625948	0.7722646405631134	-24.00299281871944
9745000	2.60184043152035	3.5622115097482396	0.7356830808033592	0.44767049601009745	0.29634799989856414	0.8228032771491968	-41.78154088694363
9750000	2.60184043152035	3.7425956619513814	0.7452981932032975	0.587461726989938	0.2996554097551421	0.8252206991815008	-41.070690212776725
9755000	2.715103523081259	3.7087318966171434	0.879835052916384	0.4642214724615694	0.3256197607241299	0.8464905050636661	-42.22151069340314
9760000	2.60184043152035	3.672459228107801	0.7095217288032541	0.460122936494475	0.39499419485910486	0.8919435539201953	-42.44732920999465
9765000	3.834755853651738	3.887235842562379	0.777782975637106	0.7116686859120679	0.23436024672242764	0.7587737340158243	-45.00608194998579
9770000	2.6793572480398993	3.108507195235118	0.7097217559020186	0.6338883662245525	0.20993528227336933	0.7830204364974633	-34.30332662966403
9775000	2.60184043152035	3.5948882351936766	0.7477680259748113	0.686710965742161	0.20925277005985643	0.8705055732753293	-33.49465047055391
9780000	2.60184043152035	3.651489364132408	0.7503049783128416	0.5609221418192253	0.37336134425798756	0.7732753395822048	-41.37828856011949
9785000	2.783003881633523	2.8828678706948088	0.8440101224284174	0.6437938208448766	0.27051115777818535	0.9138902654571192	-36.67906222939718
9790000	2.60184043152035	3.269642622585969	0.7897240325505884	0.5993833609888055	0.3089638091949225	0.8014480373096561	-36.317746590777126
9795000	2.7689093772643787	4.799511382602358	0.7314884883533391	0.5757246948060047	0.32754635624628786	0.8933918386814835	-37.95566314719867
9800000	3.0096409144251104	3.7311851364075275	0.7395003327378987	0.5308607421567877	0.35046905243461773	0.7360821550205265	-44.62660939736015
9805000	2.60184043152035	2.8481522236650023	0.8575624644332169	0.5941401848717908	0.3007135753410759	0.720417896762435	-24.817187659685718
9810000	2.60184043152035	3.0158622174073786	0.8528559072530939	0.6830131046248443	0.20767548631864305	0.7401728922826746	-34.771598645044136
9815000	2.977562608526578	3.5435111813930056	0.7402050178782749	0.5833201470383451	0.29695802719735936	0.7287111080102996	-44.753727650691744
9820000	2.738248907540152	2.93555355815826	0.8474706180067251	0.7172282400448342	0.21702279304074365	0.8798409339537848	-32.08199317540021
9825000	2.60184043152035	2.662467943694164	0.7001639891354329	0.6448370615706247	0.3935037488005428	0.7600626125665101	-30.71011934063127
9830000	2.60184043152035	2.746389396683095	0.7886555019234895	0.6207790724820145	0.24863732582203832	0.7694204323387891	-41.6952757971335
9835000	3.0659694835946216	3.981588535639836	0.8204521456699985	0.5682262897630087	0.2544871668533923	0.8164811797373008	-43.71282984405455
9840000	2.8407531668180197	2.877945654534187	0.7550544558058382	0.6788124207387664	0.2615874658161835	0.9041605820588559	-35.454392135570465
9845000	2.774971240280184	3.2418774668414887	0.739562183356581	0.6718051761236606	0.22290999257381305	0.8899410123362242	-36.328170099406584
9850000	3.0565036918100392	3.649017879839828	0.7195465368849989	0.656787604981829	0.20195521880558687	0.7257223050148506	-44.753233440276176
9855000	2.60184043152035	3.9098077913352456	0.7947680936701376	0.7090786397685076	0.21829781955291547	0.8668673574037589	-32.762787941404326
9860000	2.8116870513104955	3.1463267743964964	0.8492639625185656	0.62293490409236	0.21432152280549863	0.9731577193324727	-35.90955198595989
9865000	3.0767743988996767	3.8391005581483855	0.7266716342214982	0.6204454931781385	0.341567496059109	0.7800591713149551	-36.77855367589567
9870000	3.249078140505644	3.533581582886665	0.7789871869415642	0.4931134545332842	0.40447302826730747	0.7905191813388001	-46.65904827299086
9875000	2.8063090355053006	2.835484474675071	0.7660770951002309	0.5382315959596861	0.2522213864398463	0.7015008675513748	-43.27549258414056
9880000	2.60184043152035	2.640917473807848	0.821890225094926	0.5461369482481848	0.2323934157086712	0.776259192011849	-39.308192636698266
9885000	2.733140808436955	3.0900792680715203	0.8614289405731124	0.5252123631335562	0.33385193085517584	0.9284242220697173	-35.5101656645151
9890000	2.7411602597879052	3.1375647179268964	0.7970597913455246	0.6005847100874766	0.21635184512634942	0.7076113195410675	-46.95748112400129
9895000	2.9166809307800174	3.028391665470399	0.7092297418174931	0.6973793198626523	0.23241105541036078	0.9208800376388666	-38.73308449886708
9900000	2.7332821983964366	2.795125823357308	0.7259752520034701	0.7919788244945929	0.22847992254037122	0.7828076438867733	-36.42000050844237
9905000	3.0689261539414594	3.495637109775853	0.8866986466947003	0.5991300599624753	0.2180723215891794	0.8648041990203851	-43.595236558616044
9910000	2.60184043152035	2.7634728539137274	0.7127585694183209	0.5831275669404666	0.24088862359576654	0.7148723429567811	-36.40853719202202
9915000	2.9609063543328666	3.486892209051028	0.7873936865566927	0.6504352890335238	0.22507663356410168	0.8355302263467685	-32.23740604091599
9920000	3.5434441904322567	3.735329962013229	0.7290952165251963	0.5976057564416044	0.2850939380978415	0.766631046289972	-43.015763320053786
9925000	2.60184043152035	2.637287497232134	0.8567886949392329	0.5665022834103696	0.3324593289889611	0.7992459314877851	-34.39676346775199
9930000	2.7144890639632493	2.7857697335281832	0.8438095499438147	0.6388179714904748	0.2207067641472572	0.9337748655994658	-38.970636471169975
9935000	3.1007364121033962	4.328922118052023	0.7317567228161156	0.477872039428033	0.2769314069494394	0.9868142301689272	-42.99156612833312
9940000	2.665500943288143	3.7731440422070412	0.7570042341371471	0.5234349157114818	0.33466089334664423	0.788723113828765	-41.08652798395963
9945000	2.714941756927008	3.0478377961695675	0.817047811272186	0.5228212441747241	0.3188762052439817	0.9320787731395488	-35.80932051741481
9950000	2.60184043152035	3.3871595376976744	0.7122338444158968	0.5984331161322957	0.27667072545675525	0.8095709374758404	-37.209780163227286
9955000	3.04795982408075	3.094222799737413	0.817474100462997	0.6803081852797136	0.20666093794115892	0.8620030880324236	-38.49367170493707
9960000	2.7539471041626564	3.124361075012728	0.7142050193770111	0.5474044020428988	0.3210962234025768	0.7794407596166825	-34.6149514045153
9965000	2.96327519577565	3.2317787910608122	0.8706418477362976	0.5879417016800367	0.31064792654201645	0.8293107720722703	-37.95493931700849
9970000	3.0599082245472218	3.5038549657238245	0.8209538632493798	0.5733274604478055	0.2357530850413564	0.7821506779341224	-35.03004601046176
9975000	3.0139373101241684	4.007207737567672	0.7833742890863156	0.5549642698107141	0.20160142085342325	0.7189415351469275	-40.302901304347245
9980000	2.6097873745676523	2.7029407249770614	0.7212833762030144	0.7442284894815614	0.23991992518376365	0.7790479434945545	-24.742854238111676
9985000	2.60184043152035	2.819484940733793	0.7063115752772368	0.6538339272789604	0.3466439836813688	0.7335168693897576	-36.629835748267546
9990000	2.60184043152035	2.928862711293263	0.8562582820419811	0.7436514482840539	0.2862557968024279	0.8675538786397431	-27.669877309163496
9995000	3.6511959010486392	4.5588117694666455	0.7513323557716639	0.5878658849802385	0.21371603965172412	0.9312155227252852	-52.60651216279356
10000000	2.6595045584537704	2.9376644132137573	0.8284749756512171	0.5631678478075658	0.2516492772549041	0.9045847077360949	-48.46704938603146
